Channel_0,Channel_1,Channel_2,Channel_3,Channel_4,Channel_5,Channel_6,Channel_7,Channel_8,Channel_9,Channel_10,Channel_11,Channel_12,Channel_13,Channel_14,Label
-0.03896392520940887,-0.03194352549249853,-0.05320784512159929,-0.04918051945642133,0.007201576164874009,0.43504524827904245,0.5832017169289848,0.25203330926637313,0.10845818538872498,0.9353066390872564,0.0,0.0,0.0,0.0,0.0,0.0
-0.06689516746517235,0.09725659788046458,0.03171299137955999,0.013107699508105712,0.056584566266534624,0.4404777532329352,0.4757861128830603,0.27084465344092046,0.14679507120527663,0.932222564052266,0.16284423576913132,-0.21981185410270696,-0.05368757800581017,0.07549477466705228,-0.030937124056868017,0.0
0.00028410041180032693,0.08667886370429854,0.06406953482737426,0.04791664286687941,0.003515154897538975,0.30657587226108385,0.5393053051998571,0.23751109355790737,-0.013847361542684136,1.0249906992272124,-0.004097126735415041,-0.1381522140932801,0.06794078967444137,-0.012309692503722242,0.04763879068224375,0.0
-0.038087365919956075,-0.11109549234573651,0.08502799336110797,0.03181626431241442,0.012362069939286284,0.4727567961308544,0.4365974192387779,0.22787839901899903,0.05500476770977954,0.8957082013620965,-0.0670655776851235,0.0037487805559189707,0.032029183446205825,0.05139224313650355,-0.02150292697790966,0.0
0.00568985549177721,-0.02214067207852946,0.01794724689574957,-0.0460009718876575,0.013454983676891014,0.41545062841669295,0.39447884948923617,0.3100919217426594,0.11978320196412132,0.9361106971006876,-0.12215191984262294,0.1390681252248294,0.039023703524825454,0.09450133949909305,-0.04348972467347998,0.0
-0.02424918961232316,0.03960011658928381,0.05130468025826566,0.017042155960204846,-0.04200965967063874,0.4134061338999017,0.46370574360843175,0.38036888485310044,0.02903426193238785,1.0106109134871868,-0.04376799692503932,0.1260553485694336,0.056455577499314194,0.19504544461033443,-0.08475996548613496,0.0
-0.002508331398659162,0.012074616168748107,0.025517741474471868,0.11819642450576853,0.02083955147857784,0.45945968238374674,0.5179557130895108,0.2577961589524444,0.05926493869638236,0.879758257702203,-0.09207222607170795,0.02308413788987665,0.04994113619520622,0.23291342751480396,-0.15051600844795188,0.0
-0.1574339787507964,-0.011147757772304942,0.029618975314589267,-0.01589569921901347,-0.01075229007387028,0.5080727324548651,0.39770691194641455,0.34762980629502127,-0.08235284958785383,0.9141109754581913,0.03691212752728165,0.08504127694138262,0.08110719887626307,0.015987567404568692,0.034902875152002716,0.0
-0.02799162642124728,0.04163320163405135,-0.042477898572972156,-0.019938180602938112,-0.03679099924736173,0.4507011040133294,0.3599407598386981,0.3159780423349773,-0.019514037012252624,0.9412450280363693,0.1729413505059824,-0.06293718106161957,0.2761356228451928,0.12619886154512294,0.05305177028206057,0.0
0.02389173146652759,-0.018440958338196343,-0.03380558770451563,0.04055755570033949,-0.029924664800769357,0.45831013051608693,0.401177751276016,0.3469119778935768,-0.004152442585979955,1.0219307630041508,0.1796052944845647,0.056160177081635676,0.2515963335443592,0.0786054240482644,0.19502912733235744,0.0
-0.06071059891536095,-0.0416157983578207,-0.0064863689595310685,0.022116478050377125,-0.04985204244852411,0.4703884169542661,0.3586012432201864,0.36358521616789513,0.05681978032703414,0.9407561607822913,0.20947405784112946,0.11458343993289558,0.2264162389946923,0.06810886355143564,0.24331383645972054,0.0
0.04902966328505713,-0.018987037109249445,0.05821939355429842,-0.12090877912581871,-0.0363012497784682,0.5073332482574847,0.3030562735964834,0.42698318720292217,-0.10786572743651567,1.0272640786091665,0.2305623218659275,0.009610277091801983,0.30897359260250834,0.13696293177277563,0.2367994444948746,0.0
-0.03336969174964886,0.00635491415739156,-0.037366131618285156,-0.080293690193064,0.011927820738184165,0.5846272453652092,0.3847378085793294,0.43118125839697424,-0.016405585240085833,0.9966645901998142,0.12767479804168147,-0.10538850380832142,0.1221712822408484,0.09415565846580236,0.16447585606233125,0.0
-0.06806309078498908,0.04827360690467596,0.02244563330999193,-0.02911848915952082,-0.006044948288470587,0.4773887363389908,0.3678682410207018,0.3992758541076358,-0.06632091752281202,0.961327882953103,0.09200078981089765,-0.2346431813522984,0.1772929560180504,0.10364894542163308,0.08882697605457286,0.0
0.027561397733073964,-0.1039920957073615,0.012611865035909088,-0.03831296509858663,0.026492775718494527,0.5039194916668123,0.30189201734730825,0.424288375052418,-0.042087113660427576,1.0734636104752193,0.01660203549951382,-0.24564085391391433,0.1539181024851703,0.08890232452038829,0.20933838907433056,0.0
0.09035694097250255,-0.04784601753567348,0.061283351657700304,-0.07205275825287881,0.12158813139526488,0.49226754739378287,0.27007965267855394,0.47839748879322463,-0.09288216271097866,0.9024073371162408,-0.17221592386686704,-0.12529743164782547,0.296731128657889,-0.09672005368255779,0.00028224651533120815,0.0
-0.010740966132709289,-0.05870557617769506,0.05811852594056366,-0.09837545923221425,0.03449648551671363,0.561801672732374,0.2573042062699561,0.44521697580136393,-0.020398754173945405,0.9766853493752261,-0.059962851256153006,0.09086664673714115,0.2697163890814293,-0.04092739392073238,-0.054622395918252624,0.0
-0.05980407952299387,0.06231867076228497,-0.047516314470948076,0.05748278956412289,0.035159333239195956,0.5609870842326267,0.21930457405222903,0.45408635332486247,-0.0832322605044216,0.9531207850558133,-0.03581703182159827,-0.06156154521455744,0.09418736385063209,-0.039929001823986655,-0.01148648385251378,0.0
-0.1279300530458406,-0.03766590694669693,0.025892015443757743,-0.05112430417705484,-0.04843909362606078,0.535389138201537,0.2728622211768363,0.5018145680041067,-0.03552629452293123,1.033969858192195,-0.08407830403907413,-0.030589216120757462,0.10985974548170412,-0.019312686890982363,-0.024503236548398418,0.0
-0.06283349741823405,-0.02616515564185177,0.05485779842209321,-0.09653039601020624,0.010049168064514603,0.6203737991520668,0.2040163454804869,0.5285079154187203,-0.020277103411391148,1.026584626331791,-0.13080726151116853,0.07690526700335443,0.07359501123794465,0.020801568060455296,0.058676303088879854,0.0
0.03588482585404223,0.012131977301453144,-0.01612976189003425,-0.020728296479503572,0.035079097878910406,0.5492400981044212,0.25868158421220766,0.4969750609507618,-0.12639894726759587,1.0568058376345364,-0.16280699531090068,0.2188412695816484,-0.07657676801288113,0.15014436617012472,0.06544655203718985,0.0
-0.004915645352504117,-0.03411170379680365,0.021762551257376972,-0.02968170992900329,-0.04803813989286648,0.6358122383858105,0.15741627720353055,0.5914859098493948,-0.03151165769444171,0.9504681466111081,-0.04937413774678978,0.054048236451385706,-0.2705627866870817,0.036205307801219395,-0.03178271826267675,0.0
-0.018094103055410152,-0.04527110456875662,-0.010899386225184517,-0.08425180897209524,-0.007842510438112118,0.536436452431027,0.03330852186869371,0.5506352544087427,-0.1518525269702251,1.0702995497496035,-0.05275140903973896,-0.006685896436977444,-0.3023755948474502,-0.0717204552853066,-0.045526398416130744,0.0
-0.011151304895929026,-0.0077075999535690266,-0.028793332030810546,0.022432188353672233,-0.01955166904308324,0.595630951703696,0.08060691960648203,0.5438972985144549,-0.05932179993049968,1.0908423541674768,0.024818035437758665,-0.18247943198534777,-0.2457363524945619,0.07499361035938587,-0.18288724277094137,0.0
-0.14191072170737998,-0.02862669342880402,0.020516837536883468,0.07692490348874555,0.06447668225983509,0.6479064592892966,0.06383932029394548,0.6144324963921418,-0.06006402266347931,0.9484323866545931,-0.026669501883997918,-0.3101542855602267,-0.11876851271145092,0.03473039832379979,-0.083104034067887,0.0
0.026235189171289534,0.014976215233381534,0.013806375816506941,0.04843169061480779,-0.019713645911059882,0.5525607281726097,0.13174708116530806,0.6482008605210852,-0.21654658570119809,0.8877329365616988,0.08130072677465214,-0.17283131281704936,-0.193656358466412,-0.00934457408784077,-0.1055622164306029,0.0
0.06173799655845734,0.01872213704478681,-0.05813827121203443,-0.0107655029243022,0.000977097083989133,0.5970137489645411,0.10146586811322345,0.6036026023471431,-0.145745918821011,0.9712938895635364,0.12313886681958636,0.0195430942812298,-0.1325044313944216,0.03554539226456481,-0.10265959401627914,0.0
-0.04755714276372377,-0.006623293288689958,-0.03508593436811877,-0.0802998505259431,-0.04182403531058691,0.5322996990206995,0.09183564525034893,0.4874718272402186,-0.18754715933453225,1.0793362977920113,0.10441873558805945,-0.03219775552468033,-0.2183827365343863,0.13126231139195882,-0.08521652026531926,0.0
-0.09710505531838884,-0.014882853783755135,0.02115114341897918,-0.05254912684938469,0.003434989723992415,0.5801184292616991,0.043001213506139155,0.5788158146493746,-0.17124414895877846,0.966767156632762,-0.12810519218000657,0.11506079301377672,-0.12025638898948217,0.08744266097986331,-0.12626466970867212,0.0
0.045619696138161824,-0.06287002876433054,0.0751794255767499,0.022616801040886394,-0.031060292198467822,0.6328872163499308,0.04228923132762906,0.6360486846249802,-0.2645582924299359,0.9688712002492659,-0.14552908982398244,0.14199882536913622,-0.07910925808055726,0.2214898148957362,-0.2384396065647805,0.0
-0.04377231774826098,-0.01909028671540304,-0.0080298349823298,-0.037487262943896045,0.04667387954578985,0.660529349246096,0.012717067654984995,0.6908620199395655,-0.042998535783966535,0.9411865149310584,-0.10356598010799799,0.23688075938642777,-0.20611072811069564,0.19039066390031595,-0.05054572422189001,0.0
-0.04258791127853984,0.028298993603097705,-0.04169367643840007,0.03165557334304178,0.04704028560706952,0.6992242995410034,-0.059958747556452585,0.5931799101787515,-0.1774158388503812,1.056865136156356,-0.10114275782425916,-0.0331031941683157,-0.1803532645283246,0.08352281381731474,-0.012876808799829016,0.0
0.026410447594071632,0.041821561212577546,-0.15668418894241123,-0.0841431172861224,0.05702584210058333,0.6144478318449867,-0.06768489224651783,0.6281257390430763,-0.2725173055286224,1.0309942179600506,-0.05002887906117075,-0.10248805444816522,-0.06455436332474462,-0.14223321983030368,0.012365214054515045,0.0
0.017086964134997745,-0.008518374825893524,-0.07300484570008042,-0.06547051738747378,0.0325385056345857,0.533949185296881,-0.10319989411021596,0.6483633164667344,-0.1669227393610664,1.012078049205967,-0.04278814149779054,-0.18166834153019756,0.05552849841485742,-0.050465041370804806,0.05561708943639343,0.0
-0.04799997979712514,0.053985264109316144,0.05858715126728475,-0.019040383848342467,0.020619623997175145,0.6431944793721434,-0.05329788224991497,0.6239834694901908,-0.2568009856651432,0.9677524230540798,0.12777678409370824,-0.23357211670308464,0.04508859314913629,-0.20419729274790585,-0.08267530549444335,0.0
-0.04684924593059526,0.020370899478964886,-0.010354393878122831,-0.022637273308135506,0.008714718351621197,0.688033900656854,-0.052806521433612946,0.6608833178285352,-0.26473206376185865,0.9573056657700492,0.06517686452645048,-0.21182221133691959,-0.05954902143653516,-0.0914024453932589,-0.06683756786337308,0.0
-0.09610246614299287,0.02513320548158129,0.012144881972608657,-0.01382430279575984,-0.061373416284722974,0.5785553830711946,-0.10619841833238157,0.6646331472550879,-0.27058517073982685,0.9739454497681382,-0.05519713818090021,-0.05074230226751436,0.008279768294541745,-0.14607714979772576,0.11169187588869939,0.0
0.035370491965727266,-0.02413408240621781,-0.01389932935540664,-0.04127733838782402,-0.04866936352009503,0.5814124632392483,-0.11175877154787572,0.6510911693169482,-0.20970367602217477,0.8823110180824042,-0.07233332619498797,-0.11289366986241257,0.016843591377281406,-0.03812862365679243,0.14764263034594077,0.0
-0.08371337216153193,-0.0235199578022889,-0.051831905267800765,-0.0049938891609616854,0.17705342156358306,0.7077106244650166,-0.11323048764400548,0.6723903854657641,-0.3356912530834757,0.9693248081600483,0.04136702289834357,-0.2211970091567465,-0.08465128477587865,-0.08901996242861214,0.16151704555391436,0.0
-0.029304886539417777,0.04685357716778872,-0.06595752779801765,0.04614237875188579,0.05135826408825847,0.737101146027317,-0.24472109693307237,0.7733319729146935,-0.29291872160331606,0.9960567686675859,-0.02027856446062547,-0.1088300008054777,-0.08227123024272358,-0.018889528773615577,0.12493391305668519,0.0
-0.007731331688299844,0.0771954630150579,-0.05576764302724971,-0.011588699127948267,0.051110927123735134,0.5979259157879806,-0.07965330952289496,0.7376300015873124,-0.27806020587528874,0.9117521627737035,-0.07463622358054012,-0.16369951542966196,-0.0973686058526888,-0.1707917396661215,0.032265398024158655,0.0
0.012950412698945176,0.09923650591822748,0.002148344171058275,0.02418988581375571,-0.01685680521835413,0.6850577451345727,-0.18148228403420646,0.7704088512431725,-0.2870668011402692,0.9286391439274404,-0.07576434913545868,-0.36920148821609566,-0.10021709811759869,-0.15014031625983862,-0.02383344373860661,0.0
-0.035417576850282906,0.04866316488128267,-0.06482999197676885,0.040258870965564304,0.03830726865496993,0.7550500481856682,-0.26400754523568654,0.7692864928749692,-0.2156403027095536,1.0111889844501134,-0.1335189464938098,-0.28972224756111137,-0.01724557272158256,-0.03547822927735585,-0.0735937429235772,0.0
-0.006015412348994484,-0.0007266017860254508,-0.05977440008917548,0.0407441457229195,-0.019638929744152767,0.6726619661077953,-0.29329101387287043,0.8084589207411604,-0.34604465602385304,0.9919494342276263,-0.045952786557537,-0.08164116154488911,-0.186775532825542,-0.022376471469741012,-0.1385429712301412,0.0
0.036867220649351995,0.08125324087045972,0.09309132397519221,0.022040240337542892,0.0997292224564128,0.7128481626780333,-0.25900580358086955,0.7987025444083738,-0.34359784073294575,0.9479721464134981,0.010898078934638455,-0.05497844673653957,-0.24312229188390078,0.068054197761721,-0.17978053423873236,0.0
0.007792033059407502,-0.06209406248287089,0.038909221809130826,0.00784098484862385,-0.027510062130864665,0.6826643712070944,-0.19931639918003816,0.8289954272907023,-0.2830063755079026,0.894201332119845,-0.11215413361234777,0.18265671333679756,-0.06757159246459288,-0.0379848144790975,-0.13665884510019802,0.0
0.09291105895149349,0.08616417831233622,-0.035192601910637576,-0.051686412214475966,-0.032208230863917144,0.6414945859021718,-0.2780336938276114,0.8189797547576686,-0.31730289935129047,0.9780348809590773,-0.03976016546514809,0.10650283609490058,-0.22466768128559889,-0.040737449158988866,0.05876636989296101,0.0
-0.06824427897748958,-0.10138061559151892,-0.05772160055030329,-0.03714146229295896,0.05302907780144843,0.7112972566142781,-0.3266916469329459,0.7856606620972879,-0.3640756018637511,0.9020013871459718,-0.2281968727790463,0.06758291728954373,-0.2346109407678163,0.0375207685793227,0.0315097130540797,0.0
0.019842375123156362,3.650491288306572e-05,-0.025181127228324975,-0.09339503995585707,0.07855039386226641,0.7758454718004439,-0.24402212498044829,0.8822540897344975,-0.35700227446374844,1.018063500200152,-0.16602625043309466,-0.04802059223820355,-0.1354332821663884,-0.12355145423821973,0.02112572611626728,0.0
-0.006820911900444289,0.03288507295002681,-0.07844359850217812,-0.019252869243242675,0.030768684917878902,0.7709085565109469,-0.3642926083417532,0.8887913395425051,-0.325127894723141,0.973513615037937,-0.08586192734309511,-0.009779583736728773,0.029739951430799105,-0.07841925652389885,-0.05126257680602405,0.0
-0.03055483414298995,0.07828816775081752,-0.011971497518724427,-0.0756039712729229,0.023141237350439985,0.7783748726260626,-0.35308573058288606,0.7758726528664722,-0.3614614292572046,1.0786944486208678,-0.07847064212223,-0.06493125624976015,0.09905384763449769,0.04648298395810569,0.17075946082429314,0.0
0.1372096837876607,0.07797853363601243,-0.06327094509664805,0.022377100214595748,0.0389908674813322,0.7870836634664626,-0.31501777971940836,0.7454873946419426,-0.47612941963378075,1.017314580439194,-0.030578511085943682,-0.007442487023165009,0.04706520397046822,0.022294602791111284,-0.047011125583606386,0.0
-0.040310481412375504,-0.0352111243584014,-0.048926675513457765,0.010701298712521963,-0.01784335108932702,0.7443568536859207,-0.41314478870637916,0.8624988366044029,-0.3614439738579484,0.9605585897458345,-0.07666490858350081,0.08786804497639983,-0.00016891675236524462,0.036374010830647126,0.050208349821774884,0.0
-0.07784054566032508,-0.08812117098871486,-0.08887733211204736,-0.05612622964708134,0.01350668762055685,0.7524582486316511,-0.4567696312101478,0.8258343217276922,-0.46156020935382525,1.0304063015828524,-0.09648774579893496,0.09112509259826297,-0.07186900217938716,-0.023761779244778094,0.0740858193872191,0.0
-0.0484450583382981,-0.024766078638958144,-0.01294919711928929,0.025330234506142232,-0.05556137418680613,0.7838844155309791,-0.4819021293107605,0.800274264774139,-0.42327335185164744,0.9195445603376751,-0.04466535604663559,0.008105506771799262,-0.13572017860940064,-0.12352384677264008,-0.028546306039456362,0.0
0.025690127205076844,0.024310271618283637,0.0631963108878631,0.09789862790789411,-0.036871018426092125,0.7703164854170933,-0.4529606633087513,0.7621769001020211,-0.3392069398798499,0.9584886156984124,-0.005307009736992219,0.001752132824830509,-0.07162582582577794,-0.027197226741096543,-0.15890572508517975,0.0
-0.035732098977274404,0.04457612125831248,-0.006281266418519356,-0.03873783197547749,0.05082360440443002,0.7176155421603413,-0.44228430292621584,0.8630725646954078,-0.3913852830717128,0.9250760125750541,-0.17934239579020772,-0.12302143606513678,0.01247493334434844,-0.04341561922414127,-0.09632107514545349,0.0
-0.03151775491179318,0.026753056323031012,-0.005184244729655637,0.05213247527256505,-0.04811351025298416,0.7085548403232738,-0.5277125258082006,0.8916287859926549,-0.475179910077236,0.9906957570893586,-0.05380808441589978,-0.060926722049505416,-0.08962556654374096,-0.19919626686695152,0.013490276889068925,0.0
-0.09227368978526729,0.026145857755918052,0.0471411982365508,-0.06738899165634962,0.0404335314161024,0.8192144057350375,-0.5488873623875122,0.8461865892482623,-0.37973702371647255,0.9703860291878427,0.11913200192224174,0.03541857133666575,-0.13262808930439773,-0.2150369430875474,-0.11292046478830035,0.0
0.0053129010730722966,0.028780645473037478,0.0030198919243788844,-0.09225701742624197,0.0057527478240089296,0.8129631246230283,-0.47191752664355135,0.8641591308312723,-0.5051793081094159,0.9763850879081771,0.089149292540222,0.21695245896982268,-0.15932969148484472,-0.14111975783681763,-0.005588578932744545,0.0
0.03799812413110329,0.014997386703069436,-0.12195802611303153,-0.008082567345481425,-0.04847877735454705,0.640450429177179,-0.5577306088190441,0.9194323504050669,-0.5264977942424569,0.885953469725695,0.08475174595177322,0.29611418735321793,0.12441478049824235,-0.012952810598344883,-0.1013563727327001,0.0
-0.03846860695706783,0.00780080398810334,-0.011390026420480955,0.03392010450082371,-0.005541269534732843,0.7833095316759638,-0.538301290997619,0.9616388996980378,-0.47576376489078365,0.8985485000576684,0.12256343820985634,0.31939846619048906,0.055087814790762496,-0.010876117673229112,-0.08054716134523787,0.0
-0.04823463548705544,0.07805562661632594,0.023787550677512582,-0.03802112738659745,0.05402268813957485,0.8897568251540264,-0.48409414057191613,0.9031028814487747,-0.49274561823065494,0.9009143198021977,-0.02720471927713182,0.23060699265172177,-0.0622903153901532,-0.06447152846423333,-0.0362169152284633,0.0
0.04907753787737153,-0.020153583264022244,0.08896487469222214,0.020135078407708375,-0.08118496073327544,0.6916807889695231,-0.5381744611056717,0.8973682364284543,-0.4625820093595177,0.972775664422866,-0.06977969896791324,0.07471349819603874,-0.0954739174000175,-0.07337842944643497,0.14057428383195342,0.0
-0.006162889950940341,0.0034492048638303458,-0.09450039221526478,-0.11318433963544874,0.06634598241816356,0.7652997376341304,-0.5526608978254313,0.8781604173425674,-0.5022329121185969,0.8880133203324925,-0.2775464708546911,0.10422392383031988,-0.048603308813285895,-0.11014783062153727,0.15641407359089166,0.0
0.01770679997715909,-0.03245066331138618,0.0950474335807569,0.02514452284178522,-0.03492495997764912,0.6702341249111184,-0.6742506573871037,0.9598241578590536,-0.5011187654353826,0.9736665864988177,-0.1415121705200091,0.11301974182784132,-0.10478702065259182,-0.07377258889892087,0.1264137610419251,0.0
-0.10661742869130392,-0.001631031534376227,-0.041588344819193365,0.017039355854187622,0.07383103392368395,0.8226431363118071,-0.6436955176389898,0.9266764141079376,-0.46103883868990314,0.8908810086409709,-0.030869356626543512,0.17853815649346066,0.0583809301061573,-0.18772155281678393,0.1654346905205551,0.0
0.05883360962048738,0.07560411075022669,0.0034750864296449746,-0.0994004150886365,-0.0562612970264177,0.8019245837891968,-0.5627909374246344,0.9338450918473018,-0.47348193532411703,0.9430239427840014,-0.17981945777090266,0.1994882948566761,0.21533802850705094,-0.28760141342136714,-0.040512687080673584,0.0
-0.018274236809872686,0.017487986287971352,-0.00653774803637053,-0.01569458286495595,0.031160053880404028,0.8693898478214563,-0.5872318136385477,0.938863485812642,-0.5345417937056626,0.9297630696323855,-0.12546445202177203,0.0032145296536528756,0.08924214287813212,-0.23648624462153672,0.019161397347007714,0.0
-0.05801394454695521,-0.0008702548600870857,-0.07097811571231813,0.05621683303500759,-0.09027210894318995,0.7779204191226284,-0.5834606404165962,0.8595620617172899,-0.5819406921879061,0.9249073631422027,-0.17029378189216993,0.005546302376227549,0.2217455633336268,-0.1622525467983424,-0.2457011341104041,0.0
-0.040670403610693434,0.02082127792454034,-0.108576256483425,0.008067368056483714,0.045906574268635404,0.8092206125010233,-0.6522571565032048,0.9128713104803122,-0.5874667295261748,0.8944437742906294,0.03812449082603975,-0.022076210321970827,0.26675325209633255,0.01156695377069139,-0.12983702697540872,0.0
0.006611928422985809,0.049806470350167456,-0.1161236346169239,-0.07709521156974183,0.096955192618778,0.8213633369302924,-0.7137706932342205,0.9059434785315377,-0.5536429999191702,0.9331837628395143,-0.03442242281625523,0.0008769230180936498,0.11126071413277608,0.22100832963977174,-0.11702267979777944,0.0
0.0359610714852922,-0.027461057619628346,-0.060575347669422644,-0.011602014717312755,-0.0004844974407803085,0.8355823741097177,-0.7534957005050313,1.0018114699400662,-0.5727741129837167,0.8752720862089708,0.03760630626940954,-0.13331589610209146,0.03120971266063327,0.15950908167732022,0.07738400028790648,0.0
-0.01817966253366738,0.012175855453657465,-0.024898001230042738,-0.025370203263191362,-0.025268920478042196,0.8204402613145425,-0.6517693769342071,0.9531146079424193,-0.5389878814993133,0.8796471963884944,-0.06156630401784689,-0.023901017502619262,0.19375577105690614,0.15306110085045635,0.032940532177157776,0.0
-0.02494752954475407,-0.0008366497482675712,0.039738766573562616,0.12484958487542418,-0.08183590711763876,0.8467926996791255,-0.7246927179703095,0.9116730643393531,-0.48918007156996984,0.9330202763082527,-0.04194077242748116,0.04593981557921994,0.05696654030657318,0.10334663836446334,-0.06785714642968824,0.0
-0.008364269257556565,-0.0011400155217132085,-0.030886944497959402,0.0002230750077110849,0.06756338842275537,0.7758497631842793,-0.7154411071643407,0.8931724923421082,-0.5910502186270383,0.9350695777017681,-0.14078010141189498,-0.031148310125713417,0.0055160221793839614,-0.04310564039048119,-0.0925713344016802,0.0
-0.007549298200092289,-0.008028848589397586,0.021824451016251963,-0.046547201429149726,0.11090383153752813,0.9066043000187954,-0.7419606845853703,0.8355108653026276,-0.6091606230980033,0.8317522921856619,-0.10795119130818658,-0.06706308202921404,-0.16236306454785449,-0.1196882822895404,0.06918994497232477,0.0
-0.013926182991056392,0.0907962706439999,0.023567983642600144,-0.056251563107889785,0.017130387230841544,0.9391803219087598,-0.7502929859142626,0.9595294961214498,-0.5607572161264057,0.8872310390142436,0.05221843902244605,0.07193270931130571,-0.1507497111214554,-0.25859826931220126,0.032973173334539606,0.0
0.0013716191375085195,-0.00846138332780004,-0.007402941417528133,-0.05967523097891563,0.003261241428167569,1.021137935601082,-0.7733008416285344,0.941804344779291,-0.6404509560876924,0.8403251284430456,-0.007910671776153656,0.09211263105103414,-0.16601653425720564,-0.18875492204174332,-0.022816633577168573,0.0
-0.005452393438102152,-0.02502787939421581,0.07106070914616805,0.09073512486429791,0.06969446170289871,0.9288543834002624,-0.7428175350678824,0.9274718433025798,-0.6084829209869225,0.841765886054427,-0.009368151747940291,0.390799940038222,-0.05073474907246398,-0.23354811385114826,-0.08971736076983852,0.0
-0.05986360509326666,0.005296044214932637,-0.01896214767842949,0.07255171159681771,0.04754055518444531,0.7667005280463001,-0.8120052087056925,0.8727337621753765,-0.5885808632151862,0.8427657469541004,0.06493678097372547,0.2744749042960324,-0.17975286264238066,-0.2873318454373283,-0.023101566790096693,0.0
-0.002781885620125782,-0.01816962210259539,0.03406465708610633,0.015066777699469174,-0.011823924306108586,0.8699533363299135,-0.7992669622696476,0.9681034858620604,-0.6026102319350577,0.8140694661598951,0.09736955329440133,0.31638144761562415,-0.02521523579469513,-0.3057790129362338,0.07683899909368182,0.0
-0.0462908183876905,0.018225394325777633,0.057806376528522226,-0.01576137081805994,0.0567472003381561,0.883867378527767,-0.79113741960761,0.8621573487423496,-0.5690744976617379,0.8290266550511566,0.20184787762586226,0.12040833164734138,-0.01688384899927162,-0.3005885910564181,0.09092565770966708,0.0
0.03090186593415864,0.015717814444592564,0.00550316598027132,0.009743040332343678,0.11010572235109808,0.8987011909621968,-0.8418418117605231,1.0385231240681898,-0.5955592320515685,0.7673261537862158,0.22170252189049688,0.15364983472003652,0.020063944690648816,-0.25941870982651116,0.20790644228673677,0.0
-0.13022875337028003,0.019235316076695888,-0.01937274942562986,0.10982135671113895,-0.06392433405533175,0.9189468426209074,-0.8688581043339871,0.9676150356640841,-0.6940537008589347,0.7937875025969038,0.19558895134041934,0.11669034397590422,-0.0063145679054918274,-0.09988236243880541,0.13533117763538208,0.0
0.020807857498441454,0.0013572162555287749,-0.01780590073874142,-0.10124222193281893,0.10447873848791592,0.8862788708652547,-0.7943148702087515,1.010998788987183,-0.6761917532513408,0.7622218974670696,0.005411420670919362,0.02188171684044187,0.06418897613606504,-0.2326675994728807,0.04993744719646764,0.0
-0.004054561818553008,0.038414271721353956,0.1069000757300968,-0.03885858632230477,0.04114117649864703,0.9489003248781341,-0.9600904773259497,1.031126714413356,-0.6426141426406659,0.7210627448797999,-0.10016264233676665,0.12403335476356321,-0.03403143935255925,-0.15117102404624522,0.21289763582853857,0.0
0.004202509209616491,-0.04211486143510326,0.026845421783054175,-0.07220990304801791,0.04251321656758436,0.8845988402775605,-0.7728867615229341,0.9375747840695985,-0.785202424078152,0.9052912688392586,-0.07283867189237744,0.10307919430944737,-0.04227176224543951,-0.046968507368772325,0.18301323212210072,0.0
-0.011485393154963004,-0.007250806284164128,-0.0800395522854767,-0.001798730582080573,0.06164383375510667,0.8374466142516948,-0.8368130868776347,0.9695439487973291,-0.6339295165593143,0.7654138028586643,-0.08632590957930905,-0.03743545913506202,-0.09175019393329892,0.034122184351449314,0.22655874813004312,0.0
0.0006327709485499933,-0.03699561780198741,-0.027381098849763197,0.0595278998564401,-0.03961564706827839,0.954778469504624,-0.9973188777827822,0.9109714697075348,-0.5629533594257016,0.7215590988518117,-0.15190693443805464,-0.09900279755794825,-0.09975043316176549,0.055183250652454344,0.08262513762744172,0.0
-0.0316604879039129,0.06232709470941738,-0.08765023726026808,-0.05039950887835408,0.024045861628084836,0.9238085074422059,-0.8442707860225893,1.0408894238429878,-0.7456217164275935,0.7371387197878447,-0.10559772573757409,-0.036530103433499925,-0.07956626421046764,0.0717962015405002,-0.1363185024979685,0.0
0.0134449909189496,0.056375382620452906,0.007403695145252142,0.03196124393817726,-0.05316275109784495,0.9227791904158079,-0.9347352130857989,0.9450530603793907,-0.7538617496245024,0.8911870661611152,-0.05425325113145908,-0.10289406072015259,-0.39315800779862453,0.039449002548694774,-0.018037669909892765,0.0
-0.06426144593815458,-0.04289641316189266,-0.006591514907148313,0.06127349818081743,0.03820199162907786,0.9692785426177214,-0.8529223495557767,1.005174211655865,-0.724871247796429,0.7057134864169803,-0.11625008735327466,0.016165581913761204,-0.12839183638353238,0.09051056308407877,-0.0047550901790385115,0.0
0.009286850899685693,-0.05326152750384171,0.001688347356843662,-0.06946518007750196,-0.03014578595974124,0.9860726919359731,-0.8772767404292813,1.035326457854971,-0.7868869653088854,0.7590571720243204,-0.0652937217756628,-0.07429463770765873,-0.18718260501383188,0.24395447082952693,-0.13565536608960685,0.0
-0.10820806224221528,0.10190744809635235,0.10440432561005916,-0.020100888202332794,0.0071651564269158904,0.8949872906255335,-0.8863237603148552,0.996850413806358,-0.7126882381411762,0.7067096264958486,0.051348084106233025,-0.006506743535383316,-0.12534036525792341,0.2897643597971272,-0.18422201749790024,0.0
-0.0233486451198797,-0.07744851757097557,-0.09603579310694949,-0.017529035994761355,0.03730092858409911,0.9089553113717629,-0.8227734510025808,1.0251790969598584,-0.7852404242626385,0.7991353914916032,0.0535444980355782,-0.0679615414812812,-0.24375182062106793,-0.050595951498363045,-0.17385265777458547,0.0
-0.028564848697397588,0.019998140093718135,0.12075785484446026,-0.035886036913216894,0.061115903641613886,0.9162432653924676,-0.9530767676053299,1.0312376314521543,-0.7824725733573488,0.6774452313404337,0.1841409083177266,0.011026723990218618,-0.25725411689372985,-0.10383964778051838,-0.040219088098115446,0.0
9.76086132582106e-05,0.05273931064606252,0.004742672611926919,-0.029767022375547268,-0.03845147150467466,0.9319704839149247,-0.9717244596477692,0.9961691994745325,-0.7191380774273688,0.692690505168066,0.11247848554520408,-0.020088120086724805,-0.06051140779669646,-0.019892671257654995,0.10527581511494946,0.0
-0.09465870960153701,-0.04132576596278578,-0.02596731792379904,-0.07125549616600627,-0.032079985943604,0.9428247569437657,-0.9397633518871397,1.0516240587651002,-0.7636763067088402,0.6379544835969368,0.0500280744743833,-0.09776622052983609,0.02224189659983425,-0.12140098078081049,0.0514454302338131,0.0
0.06444757794517403,0.09716846941413007,0.0007781337267237232,-0.09108187175705909,-0.005076097635748587,0.9431377708648926,-0.8807754434737919,1.065272007355886,-0.6941066440269065,0.6514731753771136,0.07995549245540097,-0.04618162147275752,-0.07646753280495638,-0.18313187945933354,0.16099989857136443,0.0
-0.04000666651044465,-0.002442862201472204,-0.04783747640182538,0.0778276674996477,0.08142339203154925,0.9861893326714949,-1.042520263650237,1.0226141449206099,-0.7034097073495703,0.7207339423894884,0.02236436172954629,-0.032632219065261654,-0.0033071827347732827,-0.18181038395194984,0.0059046072681436385,0.0
-0.10257159618320033,0.017983631313847184,-0.07151143724132146,0.030253430659583087,0.0363309085554004,0.9627919899034637,-0.9864415306067755,1.0475291575430485,-0.7260037384701097,0.6426660734360656,-0.056540694725886284,0.0937265965586512,-0.05984963388224775,-0.04949214307411354,0.012775100143431427,0.0
0.00595834124698973,-0.012366691927645265,-0.008960927039667591,-0.051809148513223026,0.07568993385199971,0.9993451555303989,-0.945789307948814,1.0648244749307767,-0.8009901763415262,0.6509684659991556,-0.05899948706873647,0.047599991338895406,-0.05569144235148793,0.08827202379994205,0.12983504627489909,0.0
-0.022158271035535602,0.01452068325959217,-0.06714252770381723,-0.11713763065805735,0.07104954742185085,1.0343318986350098,-0.9414029223859383,1.0278169580306267,-0.8441431996833659,0.7092275329129273,-0.00850689397692466,0.1389115627843844,-0.06315253862070994,-0.14755954648332864,0.10790445647017988,0.0
0.04024707030018712,0.03595191735015128,-0.07942740337459023,-0.05723694585045805,0.010985305330987846,0.9284229414269514,-0.9571968167263828,1.0606576683852613,-0.8314790402273817,0.5690947602785965,-0.02920093776265975,0.15171251796760432,-0.18815259029627715,-0.14767322315096174,0.03029162425740195,0.0
0.03374020342112714,1.6994891294346698e-05,0.030193285461252276,-0.06817256382370891,-0.045284800267640146,0.8595462163415352,-1.0695146324513214,0.9344887343623223,-0.7761737393756672,0.6909448785718721,-0.21628273404596088,0.004139587447535384,-0.043622550050666564,-0.20982574991407785,0.10019417713933856,0.0
0.01673185853209478,-0.011950230504880744,0.0002111086809459574,0.04715426468297909,0.04858611573646493,0.9506146895585141,-0.9153298269975628,0.9400750732972495,-0.8012035118873506,0.6494466729648415,0.007113702006904282,-0.10392763054481798,-0.03934283990941509,-0.16736044391831706,0.16935049639752953,0.0
-0.041490694566660144,0.030562069976921014,-0.051147274857952355,-0.08524983120743249,0.032141881474231734,0.8801884361528172,-0.9593490831388016,0.9385138400143158,-0.7772263616071041,0.5139350795473345,-0.020724922765327416,0.11364143180916945,0.06893619453978062,-0.10341111257641503,0.18747460250787024,0.0
-0.043620275261944286,0.02294374659329286,-0.031370259456960425,-0.07977800455853827,-0.046674021189946915,0.9885597512140402,-0.9989245313683613,0.9972130313765121,-0.8202815447364548,0.6046434231360805,-0.016699239102838746,0.05416857023195816,0.08282456681654693,0.043988660388845593,0.28823075786933483,0.0
-0.015744676356378096,-0.042259567664204696,-0.056716259990653425,-0.12538508572307,0.06123705499419889,0.994483919229558,-1.0982268053988111,0.9213784777011981,-0.7747332953957924,0.6509631006419225,-0.08857462192119914,0.02761996438336152,0.10628813604723455,0.0009671470549767781,0.13991688646488304,0.0
-0.05811103015892723,0.04846733106406731,-0.00041028587409119854,-0.08061196064839662,-0.06346191912099844,0.8669900577410985,-0.9934380308356664,0.9767932696557954,-0.8670671514548326,0.6158054791242138,0.06599232053946855,-0.04281832808153678,0.13591909979235944,0.04795966022794048,0.16174628267680477,0.0
0.03609707783840711,0.024083225509798575,0.0019925303116822383,-0.027960649431936553,-0.052620955302977133,1.0110253691154694,-1.0234735484564907,1.0644283789104236,-0.8453198804126547,0.5301814422000991,-0.0639107518648949,-0.04268006603100098,0.2072484319326526,0.08271500496736614,0.19571073151268717,0.0
-0.05193058919844163,0.04683499689092653,-0.05818499558876947,-0.03222977693619988,0.09422537888635009,0.9744277872203843,-0.9899055906228069,0.9429729924446836,-0.890697081475258,0.5906907067681824,-0.0329197012806658,-0.21761709710517121,0.2882226002871334,0.0661874878596605,0.020436379096023263,0.0
0.03585668601022416,0.0158787715403048,-0.019008828256968483,-0.07833345314092646,0.056139467678189794,0.988693879924712,-0.9435510983496416,1.034171435970929,-0.8121796304029011,0.5948442505854648,-0.08857621043103658,-0.16245535195107288,0.4409268818141048,-0.0066705463189701344,0.06923337155950313,0.0
-0.03218682624130219,-0.06265640844210672,0.054562677149555344,-0.044844195248297976,0.07320915007333714,0.9611892623667199,-0.9872595037451617,0.9097590184328388,-0.7921883841985136,0.570199232600475,0.11433895834109162,-0.24784101319679397,0.22248541129704963,-0.03692855828470123,0.12210623149060772,0.0
-0.021916549735564846,-0.01121473917759255,0.034768836666748376,0.006468734491673806,0.01214871454497925,1.011539320687022,-0.9672703520217585,0.9682899380520497,-0.80843579171482,0.5083533484976996,0.06397545156437366,-0.1696387178662125,0.1413952091374494,0.027953409217491284,0.10612489420349532,0.0
0.027752977586203667,-0.06393379382076156,0.05591959613794364,-0.012710526202467883,-0.015084895183555345,1.1075885483456536,-0.8500881692768153,0.8767167818085131,-0.8045511620695961,0.5524422266840615,0.18665020587815404,-0.3075997098836451,0.01976909020011708,0.08964084312410867,0.036576005715720346,0.0
0.015227181778042782,0.021947293103725687,0.006544970716442795,-0.06066341958530958,-0.00337060450709379,1.0271773315002972,-0.9873038887499829,0.9832304296063116,-0.7089033163710761,0.526973517219598,0.10938328590079519,-0.1647064862851774,0.02202613989348711,0.038792302539798776,-0.15413490802067353,0.0
-0.07654789332511233,0.005314376178800866,-0.10221184060210724,0.08791397382200283,0.08190828976750816,1.011130147959344,-1.0182855829952164,0.9586831522095789,-0.8127137898502701,0.4051109077129498,0.15203615802185283,-0.14568702844967363,0.16521554130483754,0.16525997494867606,-0.36696780499238135,0.0
-0.028630829355989554,0.11087783787045974,-0.055630435784295294,-0.020698244457489006,-0.035220171894724615,1.0405725894731852,-0.9924525696899247,0.8475312477645173,-0.96086957405541,0.49430318216163016,0.0354488701549634,-0.08005811752140055,0.18664022076360526,0.1413006332960924,-0.18510587308717266,0.0
-0.07349296111585815,-0.006500095054301547,-0.06142144760903952,-0.057393317297622926,0.0919137955491541,1.0347161523660446,-0.9494109757476079,0.99963700935371,-0.8795370639645432,0.5889480611329893,0.12646631505493383,-0.08871020374864455,0.2379306238570828,0.32719330674631597,-0.20272334818229215,0.0
0.00476650799816852,0.026194063808647652,-0.06838010808611977,0.042743978333772414,-0.05403204205896786,0.9552860827467511,-1.0123475387239784,0.9545398273267425,-0.8193380608153895,0.45597039623766544,-0.003466641725885941,-0.0363911585340593,0.23364068561969664,0.33962158254691516,0.0006632618084094766,0.0
-0.05740058885633692,0.06240570522514045,-0.0606306277720588,-0.05872732858572027,-0.004204623957536027,1.0570763298142745,-1.0808983061047008,1.0244764126976729,-0.9234276169508081,0.4677505121596168,-0.03126313179238411,-0.23146586091894658,0.15011890379668588,0.09282866380632848,0.1688611587115009,0.0
-0.04749994942272361,-0.003613995697477626,0.04051107976035003,-0.024106180147477313,0.06005285748107898,1.0288885562191579,-1.0299374809033457,1.0137099960933464,-0.8941987105116881,0.5030470802572373,-0.11635154113358258,-0.3476092777632759,0.06799171207787492,-0.014908381460326282,0.18952690453691823,0.0
0.039040816759591646,0.024190963165132744,0.06785599235724785,0.02997363724282026,0.1084902660144133,0.9799814184287704,-0.9702867517698447,0.9762531969346758,-0.9281558826193265,0.4099256870125268,-0.033825307607249576,-0.2629665622837018,0.027412761261772816,0.04386549202311866,0.2561640853244498,0.0
0.006912911553596159,0.09253941709227974,-0.06559354141709836,0.08573553632226935,0.06781920475765671,0.9482452553205841,-0.989001973392902,1.0278337243571314,-0.9875455713237759,0.477333935780339,0.001132740390441353,-0.2068609771391502,0.013035856269800684,-0.008879617611184314,0.27357730356651233,0.0
-0.0730277599547595,0.0637514884126436,-0.04039498325571568,-0.0429278410900763,0.04283132681128579,1.0115674531065046,-0.9518249516761262,0.9254431686950965,-0.8138002348976259,0.3480656418757134,0.028300109715967355,-0.05340228451408233,0.07895906859069957,-0.17531242833475122,0.27646977423867614,0.0
-0.05547881735900866,0.10096958081132174,-0.028981149252312564,0.008562635959172345,-0.03003589579951741,0.9438920745724523,-1.0038637262795178,0.8304797307990789,-0.9299591376331076,0.45388198390639806,0.0780690022010294,-0.161690663370256,0.21336134440283727,0.09272646660264316,0.05502764600020277,0.0
-0.052555021256549275,0.06722876796875409,-0.06776861939258173,0.001276564532260438,-0.026963584569736757,0.9124965678033452,-1.005445588186028,0.8949476170397971,-0.9523725449330417,0.3571498873670726,0.2897671423041377,-0.026882337071339482,0.19407157143235154,0.00983146353225374,-0.06851914389995187,0.0
-0.04713106765683461,-0.02424421890906026,0.09587329500938829,-0.047365725099783554,0.06747466858963141,0.9315578036297487,-1.037950220558412,0.8959049463006379,-0.8929087884515533,0.37513993210348,0.07169912860598741,-0.03952801069158664,0.16848772675833057,0.027042945238995246,0.019300168109390836,0.0
-0.013188691803972903,-0.07462812107022149,-0.017585827214398497,-0.008238834945244983,0.05976513759372972,0.9367218458064136,-0.8916538035804465,0.8904072353804815,-0.8059575696870644,0.40397808622128334,0.018985155887763068,0.05294989084937825,0.06671553860369464,0.14682475439817125,-0.027680615163324866,0.0
0.029959776425419027,0.0215827368326414,-0.04216536207373074,-0.0249246235997196,0.032898173230387344,0.8906838904129637,-0.9597271831520693,0.924025466817354,-0.9527647216825421,0.4016004739394215,-0.11405011014127676,0.003911656810190102,-0.017948793901209466,0.057539739752177695,-0.03211266165789096,0.0
-0.03365269754210531,0.02864135525065197,-0.05014631982024885,0.05649135286502114,0.011282915683707904,0.9751238048461864,-1.0234623800560942,0.889815373957503,-0.9877462047144882,0.33299397937322744,-0.191748401997546,0.11221313459428187,-0.005068378348951475,-0.004410294563406539,-0.0056665480032774135,0.0
-0.05254926211636145,-0.07435047627271887,-0.14407826810444246,-0.06272123596648876,0.01804052414131868,0.918555216521992,-0.9804684254241938,0.8797858678691055,-0.9123692519906821,0.4374226162181783,-0.22781920981838152,-0.11239071249809189,0.09980601432428772,-0.08345514776601944,-0.05099935976632958,0.0
-0.024453201279431333,-0.033163031795354986,-0.08161271154982055,0.00979325468866768,-0.09405238124486011,1.0232906002074522,-0.9796667948253245,0.8847593778831148,-0.9428604965610832,0.3222003205336162,-0.014426231191261463,-0.018301447878187674,0.14894590669989796,-0.07535137573452914,-0.041939324839980044,0.0
-0.1010573618808664,0.04481611989213424,-0.03772577997324253,-0.00956499384542098,0.09035329560083522,0.9464074926602235,-0.946658434889525,0.9768366579936534,-0.9653399911369931,0.36594143416107766,-0.15446365775785717,0.005504197026707545,0.049365014031014176,0.06427105459026689,-0.010307048567739265,0.0
-0.08488670900528283,0.031593214750304396,-0.020113419933880303,-0.06090690861541303,0.05145382954531127,0.9548023558784129,-0.9104420189757291,0.8871713427152268,-0.9370080906040746,0.34371349628817266,-0.18913021316344455,-0.0925166161118926,0.05641588894079265,-0.0745729605071504,0.0027669094855442044,0.0
0.03987744070879792,0.009148839491412007,0.06753572788761394,-0.037122569456009065,0.055502495069648695,0.9384636854972893,-0.9827573119800549,0.896671391400036,-0.9847431017730879,0.33982158163247056,-0.13454387620648625,-0.1455663694361662,-0.02867929740008531,0.0580260926994345,0.046043078986796264,0.0
-0.02514749584313719,-0.08932709841408498,-0.03381111588395582,-0.1424961047503641,-0.004230597702066657,0.8994907341016967,-0.9678752318464836,0.8300089573616665,-0.9482225845652166,0.3439213574966249,-0.0885102385254074,-0.19895292335495401,-0.08610226201351069,-0.04890717259547804,0.14914763017892577,0.0
-0.09315422027902304,0.046218356987070386,-0.06439094420566552,-0.0800256669428887,0.062599319736568,1.0732074113400276,-0.9079010691573839,0.8337881721284672,-0.9678024022905807,0.34455487604458124,-0.08431845479717799,-0.10082436906313264,0.0397457000646179,-0.03834568849304343,0.24893316166782242,0.0
0.001703919026677235,0.10884824403018548,-0.08844139309546263,-0.08634210139975437,0.1457998314381538,0.9931301115455458,-0.8258885583236334,0.9961462217308739,-0.9177493038781296,0.2153807819221497,0.17675862137544615,-0.07911352737365246,0.025865419914473418,-0.025308046213318492,0.2910119937682894,0.0
-0.08811600977032236,-0.03889892593938336,-0.01991826246525783,0.015765294812892232,0.05458208314082315,0.9935943205353638,-1.0000645873991343,0.8258309852664112,-0.9396969428206067,0.34329557666970906,0.2520469461463672,0.06287771470175949,0.1308161138059662,-0.004071539940125966,0.18125861051093248,0.0
0.005837284592964856,-0.014083085820659258,-0.012947943524527744,-0.01714240808067567,0.043910758964056634,0.980846206399214,-0.91382434537161,0.841052957332199,-0.9978276252112593,0.3681085543270759,0.17626181661507848,-0.10890328590395874,0.12968524181277485,0.03137027525314327,0.048421790196949976,0.0
0.06586421390092706,0.0016736424254859238,-0.15044035635822486,-0.02198841868622423,0.08605205473747553,1.0641705007338536,-0.9480583117616103,0.8779739889528911,-0.8697775116762168,0.23833795673254976,-0.039751423340064776,0.0028360068855408788,0.11320400018446518,0.05382763965828186,0.10295983781932558,0.0
-0.07709677146025455,0.1149826250118,0.012539433211994619,-0.014376465248475842,0.13718496190929014,0.9677879227234149,-0.911193229709469,0.8659544616790433,-0.9740901276190612,0.14386758053518345,-0.0699822066871491,-0.026329467992297316,-0.0023157219830396425,0.16579813030974713,0.044542449106322934,0.0
-0.04398144094223143,-0.01758171339017682,-0.08989426371281756,-0.066184127688363,0.023373683773229122,0.9689803469338497,-0.9733970327834396,0.8315919755169121,-0.9453034072773181,0.22902076557339504,-0.07606679862315996,-0.04912507649728786,-0.07394100074091488,0.09728528632912585,0.062250063931566214,0.0
-0.03688518387972232,-0.058230999587676885,-0.06798520034499163,-0.015446753225548567,-0.013396467804902064,1.0725348014817848,-0.906708711937087,0.7846532002091366,-0.9175248388443232,0.19122786450963059,-0.04616000198108643,0.027126562500555326,0.08134737311144685,0.2480037118160918,0.1721076669193471,0.0
-0.027340319231641326,0.10607341907993234,-0.006838931529549494,-0.07359183343133649,0.033101681646063814,0.9965337016143129,-0.7933585683919115,0.834137072900949,-1.0209599129945488,0.17630508687259208,-0.07593382291628697,-0.20690215040055915,-0.045214927883600244,0.10087133361581138,0.18948927413617944,0.0
0.0005560603462641256,-0.013615609588231027,-0.012974083424753553,0.009535959236654457,0.023434306435230194,1.016876056456278,-0.8488377826318662,0.8074657957324991,-0.960529315947192,0.20978052990182783,-0.012254331027880955,-0.21664182049993452,-0.025075861993709845,0.3095692553099339,0.2268028297110522,0.0
0.000336997084345432,0.014236528311869761,-0.03745679048378788,-0.09096049034581732,-0.05033500003968279,0.9915249831299842,-0.8183641171324291,0.7871322711598496,-0.9518245120197923,0.16118234069625462,-0.046660897503507874,-0.44752446244074395,0.09043470122497974,0.2994240990373349,0.031191191610610097,0.0
-0.013244876338626818,0.05420829347286489,0.018351667439586147,-0.010386517823704082,-0.03620720999545533,1.070832932675433,-0.9142984099967016,0.7418484139862195,-1.0898137692661851,0.1210967085722782,0.1090164740924215,-0.38786512683648877,-0.059595978527650334,-0.02246640730899696,-0.0993692615331651,0.0
-0.04116254980318722,-0.09104789324769219,0.03495777331864325,-0.06921601992232754,-0.012354083688323872,0.9552212934932494,-0.7707381377622833,0.7069997811865203,-0.9919266284947782,0.08597806574421737,-0.06928933491042544,-0.23061332262846473,-0.0841751615184007,-0.10868310937879085,-0.07148711750812359,0.0
0.031284689391301745,0.016416815807610285,-0.03127964710965944,-0.037536249508777986,0.0967530940580596,0.982914379327331,-0.832359355004704,0.7731372568069749,-0.9637355283189255,0.19306897828173708,0.07044724458253784,-0.2954023288993508,0.0016667077064491595,-0.16259648837315333,0.10384663192921936,0.0
-0.10703769130858984,0.03727451610078996,0.01460676648460249,-0.008504113674591588,0.10331810770452753,0.9582369314761074,-0.8270318998249164,0.7358720948102379,-0.9449955653649418,0.09321154549106248,0.007973682090063619,-0.13422926097051963,0.1921554300760369,-0.15973269148477265,-0.04468060058721114,0.0
0.010718178659093424,-0.03203927560600305,-0.029813163421222675,-0.04838663430817154,0.04730234641826158,1.0302624390836206,-0.8653339921303214,0.6920832010626863,-1.053700512098664,0.17558089283918557,-0.1124337117566349,-0.2453416402412038,0.1501249757577159,-0.126823947596882,-0.01658545556031904,0.0
-0.1683197017833987,0.1028933841023677,-0.017643022725978084,-0.07894322178336831,0.02013544684364889,1.0800129154966798,-0.7580788670750528,0.7189004667889771,-0.977834203039833,0.09360434988304964,0.07603688257483494,-0.25488849585221335,-0.10589835030362184,-0.11124038059195793,-0.05777516529494455,0.0
-0.05048815900851167,0.04348068917699351,-0.014603319290640866,-0.0941020128262271,0.051271897658979236,0.9222151744533478,-0.7588019483491804,0.7860693145282591,-0.9584396545743018,0.0494279383007735,0.07670271337377174,-0.06955576652431131,0.15259633079129148,-0.045033464239599086,-0.1710442580411321,0.0
0.029680519616448672,-0.038166298248124536,-0.01814984458818042,0.0024549799171961206,0.034520159115819835,1.0780073687701832,-0.728731137724602,0.6824584397483169,-0.9640406051953452,0.039534382708591734,0.21947303457554646,-0.04252083137442655,0.08863112665610506,-0.056838862719128413,-0.1208996009853502,0.0
-0.0037732631009401822,-0.0514598859228024,-0.015774518495616677,-0.04693688932484714,0.1294787629019304,0.9280701872778292,-0.7041307632363162,0.6810564638402737,-0.9528456713152149,-0.025466684725325414,0.31281366612453365,0.05314821159274516,-0.04835499376300796,-0.09263384631823321,0.08244266368926984,0.0
-0.06974167243082638,0.05939914512903692,-0.059797412456418286,-0.020021197606154777,-0.0117167400096502,0.9371166106178727,-0.615642546819557,0.7405550647081249,-1.0304316440798118,0.038038183314007434,0.16258589596990675,0.15016712499167498,-0.23115603530955475,0.029532259076643197,0.11480040042218849,0.0
0.032009730098475235,-0.11084151216598964,0.053351558682757434,-0.08595431743475328,0.09183407033236607,1.0212788353619895,-0.7069460360929553,0.6961265428328881,-0.9393609196176731,0.017580846967543612,0.19490511182851036,0.007641739132445147,-0.1126582415604932,0.06574427763958515,0.041539660866495846,0.0
-0.0334447959898599,0.009679679518768223,-0.07160891116190309,-0.06858891027210498,0.020609624054044796,0.9247171836903595,-0.5702400046702344,0.5586829347894458,-0.958388156184216,-0.014906538736041065,0.0400498981269308,0.0740964213873576,-0.16482225276893914,-0.009123708395789389,-0.025695015844260597,0.0
-0.024963933314584904,0.0707222332790353,-0.03259567793876104,-0.0012693585825944778,0.10064698673610169,0.986334790549224,-0.6464724315614595,0.6613858098967722,-0.9190976468146734,0.07001734200759736,-0.0022415450617566147,0.2019331128363738,-0.14613779358711637,0.26294397225000726,0.07340981722964052,0.0
0.040162952480928424,0.007303786608959924,-0.05952693038582773,-0.05282388552253321,0.08697601856937465,1.0038522493310997,-0.6608986996460612,0.7133843189327485,-1.070782706929936,0.009650118025305948,-0.1436761216796174,0.21477838515318826,-0.11066671414835841,0.10802165978161422,0.02721195616031488,0.0
0.0033344532221553543,0.045104264269986497,0.042077199189463045,-0.034972087690960704,0.0030239866248168504,0.9350631542899348,-0.6397995002114468,0.6087305801333873,-1.020937427637978,0.0043490450654943,-0.11491629682189201,0.27619191994006853,0.008186917741979716,0.19438138863048088,0.008381992116661923,0.0
0.020176529628545926,0.04903725683343032,-0.045597094586615386,-0.013308850154416633,0.006819974515527259,0.9107290451061372,-0.5967594061782098,0.6200538240555512,-0.923505655067039,0.010780734453060565,-0.21107026350640587,-0.004493478498332398,0.006823961423513829,0.20502518694539895,0.05549075922446431,0.0
-0.0007391565335164475,0.00279908455329593,-0.07460038621388687,-0.009420644622067265,0.058413955440821105,0.9670436072133246,-0.5833626064818951,0.7109186413782086,-1.017646468782317,-0.06138750448142591,-0.21096626883759767,0.052462770838405136,0.12991411514413223,0.06889900692354056,0.21321093526532076,0.0
-0.05358339408731165,0.01868779075443661,-0.007561574271793523,-0.10041966886668267,0.00822123706166817,0.9922387365829181,-0.49087585610668544,0.5979370034073814,-1.0267657349112158,-0.061106106329739,-0.210932342785831,0.11910595854729014,-0.05154689167754903,-0.0700305055272361,0.1558695755737264,0.0
-0.046626081626128496,0.11013657560904147,-0.033177357251177986,0.017678823799711196,-0.01460986375103205,0.8958185904231664,-0.5621828786604549,0.5657946778895173,-1.0451363030837868,0.009044921298762318,-0.17019987496360353,0.07287098809577994,0.0336286937557624,0.03889586943435162,0.2577534981100253,0.0
-0.01693196020088609,0.022358869892861077,-0.05254399069593595,0.061681306170080975,0.11283598319167343,0.9335344004237441,-0.6127756363912217,0.6831794444289083,-1.0588610059094878,-0.08728751953479517,-0.06833860247373627,0.014424001287254407,0.05528955661647794,0.09299529407260126,0.1643891986700428,0.0
0.033341862183344395,0.005193767697282026,-0.07488692512439725,0.05727309000534897,-0.02543959686176725,0.930431668563194,-0.44317541742021616,0.6027933332490663,-0.9474891122392564,-0.07967525681868803,-0.04020132165167891,-0.0026632216823655533,0.07940607380258424,0.056936483894400564,0.0792532617035731,0.0
-0.016257644736086173,0.17695875180169443,0.037419804648607245,-0.05620690485510848,-0.018312448800739012,0.9362476251191488,-0.5441464194104418,0.5449743091278,-1.045906545987866,-0.1404927144854331,-0.11965157374305455,-0.02828506050544005,-0.019240924146645695,0.03600608420656987,0.06885416664138791,0.0
-0.026483110136477805,0.030417667145548895,0.06343227145660052,-0.022597706938932663,-0.023568985189849567,0.8636483335807176,-0.4875433647035058,0.6211525627844188,-0.9456792439436045,-0.03503037668095618,-0.03045616135680424,0.07319718372763892,-0.0996954485329813,-0.16196383837535164,0.07648811525447365,0.0
0.022202621162229427,-0.04833944774334218,-0.03432801410824857,-0.064618045374123,0.02355508366842475,0.9416092792133568,-0.4855274782570627,0.5069784203434751,-1.0894227564220338,-0.15558805850150606,-0.036435084423869384,0.23075400578620908,0.07335573066857573,-0.18219188008534948,0.05970653666966888,0.0
-0.04962574290709271,0.12094713944131552,-0.02661940065061447,-0.08051244014476167,-0.07431730657113891,0.9035407908406304,-0.5573489837890725,0.5772335481826476,-1.0299432505926884,-0.16649430398642298,-0.10106912178774147,0.3495811808024847,-0.05520957991407439,-0.0748573846053185,0.20877962502296943,0.0
-0.057826817546878004,0.0329397514267261,-0.11028196321658505,0.014654696253225984,0.11178224712625187,0.9983258612251265,-0.5612727268834349,0.5107300273310661,-1.0333686473484205,-0.136461435948023,-0.01471021918502538,-0.006963334940603305,0.010471636095540776,-0.14425972722582517,0.09740334528854305,0.0
-0.04672025295371851,0.030809517114630883,-0.02069090688224815,-0.13738317317097892,-0.0500311783161365,1.059198573073901,-0.525983445254334,0.6227729869218237,-1.0494406550623452,-0.15597854749984008,-0.006991804572787846,0.007098848947372855,-0.08341800935533326,-0.3974855465107984,-0.07797767010829924,0.0
-0.07307075482559898,0.07842331389040588,-0.032046963704997905,0.000721408292111099,0.1095841443862352,0.9028466523614564,-0.3165836944676651,0.4885165447643879,-0.9972811190843244,-0.11464489914607345,0.19101257845248068,0.04430465115456827,-0.10799585657789952,-0.2539161851151979,0.015022218521586299,0.0
-0.01370693131186418,0.04299889170192015,0.010271851032340691,0.006493435225882187,0.17536435785260124,0.9113317099763463,-0.3850206273220361,0.4988026034629942,-1.0290272064197499,-0.1774461659315953,0.2995320422662253,0.07606710369323348,0.012871647785066331,-0.22493857608591888,-0.15487031577448215,0.0
0.08309398777267549,0.012031030986285086,0.07574870828358647,0.012377060691353234,0.04911931225946624,0.8849769538586094,-0.3634750595932422,0.5373904859706745,-0.9360780194717813,-0.21896625006579,0.15140427733538522,0.07135052478019863,0.029893946711522894,-0.005040316119035687,-0.3469681654188615,0.0
-0.017921215364861236,0.06970405948318403,-0.023916692264189778,-0.055124763808278604,0.06450934891644229,0.9440983675716754,-0.38345344329581055,0.5355288575022551,-1.0300747881603158,-0.15176947920267875,0.0999299274222182,0.20990595636088427,-0.13317968386878243,0.08508324481098689,-0.169988844171205,0.0
-0.006090673984365785,0.010540237312002342,0.02670102456828815,0.02963925240164541,0.05596350479377798,0.8605320956032814,-0.4540589229651485,0.4664481685838305,-0.9874691122867466,-0.21141821672097108,0.24550354548573966,0.1521998008518265,-0.14343391413072304,0.02393761270036327,-0.23362882203790786,0.0
0.026822142029420945,0.06739120597655461,0.0037659733612517877,-0.08352357405774369,0.03972695179079246,0.8708059309100779,-0.40618676519333907,0.3927120552337399,-1.0439660973291354,-0.2917776923441979,0.14835596127894107,0.13121941254041627,-0.10904710764891583,0.12556271489820509,-0.14766955891328645,0.0
0.04474893002156782,-0.009200012254925609,-0.022355022712337545,0.00613535782581108,0.04501481553742476,0.9352626494070853,-0.39866051542746833,0.41557999524489136,-0.9838355610912222,-0.2597950315289449,0.04561634134936013,-0.0746221101623332,-0.08200683648082811,-0.11563855343802774,0.0654380798324381,0.0
-0.04450176425352254,0.09589868777113075,-0.07632974497120293,-0.07931949258302823,0.11781412185477547,1.004872423426812,-0.42964916668494646,0.509483416967954,-1.0165237337626072,-0.22146269427235427,0.0039799851854245595,-0.018312826476622884,-0.0062933288379552615,-0.012827176906190937,0.01770802497996645,0.0
-0.0549039632931382,0.08865181861888455,-0.06006182543810458,0.027110899685909032,0.07807107565025423,0.90828830855315,-0.29528039813724005,0.41172663173544605,-0.9553479346982041,-0.3400193869719138,0.15009171205135735,-0.03451022472833719,-0.04705982522862355,0.0683266231903858,0.03373575258778519,0.0
-0.02138000231675097,0.004411166395806888,-0.02579129456159348,0.015257619476872292,0.07445403782539778,0.893479210948731,-0.3340989157826049,0.4566100482558726,-1.0265385374908027,-0.2757052940809212,0.02338378972992544,-0.15120983703474888,-0.018764909651022545,-0.15576139824955046,-0.08394346497888462,0.0
-0.06791487478923663,0.07719852067347607,-0.036039569361518434,-0.04254829958154734,0.08071612802895249,0.9234422230506446,-0.35829396862252494,0.4561888104859133,-0.9893744263627766,-0.2975356475069786,0.06344447400566082,-0.09746175322637445,-0.03325591268430223,-0.2702103388579772,0.004933431160021741,0.0
-0.04348556270274276,0.046532875223089576,0.01570940930574916,0.03776344261410545,0.013211689826109804,0.9330112655837733,-0.3204755545693544,0.4131895769646928,-1.0572719323448736,-0.22577301278665496,0.01859016013208077,-0.1288269911617579,-0.03093031037369173,0.013627984799829435,-0.0020915157201231286,0.0
-0.01983264023605494,0.1175010288789948,0.0074186648810195335,-0.04108384603637046,0.03147226882879944,0.9768925559866319,-0.2908547070361577,0.39902008497454877,-1.0770935841844382,-0.31539155742681724,-0.013524487785340267,-0.09149385993912017,0.014042203560819467,-0.20334638843564617,0.004499646753843723,0.0
-0.00264996572975848,0.09873920602995134,-0.021692284433443173,-0.08561764071396652,0.10470465043936455,1.0248467701382573,-0.2151063167483337,0.33800321691761936,-0.9281212093863451,-0.2758010931429217,-0.25674667547040714,0.2269881766960395,-0.19970163711568906,-0.21775855695655771,-0.011949863097629961,0.0
-0.058892319042676805,0.088759215998641,-0.02189887100701269,-0.07351666243726071,-0.021518467962677243,0.9259006290089191,-0.18564433525353985,0.3839953905789819,-0.9637369983667721,-0.4230981687381701,-0.18235491684081642,0.18500763359566952,-0.17990154579771087,-0.2266767569109734,0.02547696446253033,0.0
0.0342705922027005,0.05763268226573745,-0.11160801124269665,-0.10436973569173541,0.06612054519523451,0.9823626787480995,-0.2322537712850234,0.3031729190854045,-0.944485922263506,-0.3830061233433247,-0.1606973528926428,0.08310729266204898,-0.28242816079129823,-0.16232695012939707,0.03748863995529463,0.0
0.007592883803433544,0.023034960721437094,-0.06737956124718274,-0.1126818766406217,-0.004089759516340941,0.8412907445820997,-0.24648662250697326,0.24552770512235544,-0.9313622256881835,-0.4643278585204818,-0.06219266963109578,0.20066588902102234,-0.027123801997813696,0.011791253785842642,-0.10473173891180503,0.0
-0.038672478627288676,0.06578806586933837,-0.10389367529789562,-0.040000082961914235,0.17296207653864437,0.9345804240114796,-0.07162872095034181,0.37070043620342674,-1.0088839572672752,-0.38734494835570216,-0.07896816352101377,0.05393045403336491,-0.16285677298802614,-0.0374587242327362,-0.19575615502901747,0.0
-0.05138329888143667,-0.011812592117974058,-0.05529860611118312,0.08704173206451993,-0.001353747496516483,0.9271531527228963,-0.18850086812123362,0.33628423274875885,-1.0817281248459814,-0.4334714748327597,-0.012268089174162389,-0.006537816468256789,0.03712777779783334,-0.16304413728283879,-0.21451068732324313,0.0
-0.10098131834767764,0.0551237843869202,-0.0200764103344026,-0.009166076168235716,0.11044016597003778,0.8536361861340055,-0.19079924126855236,0.2918227242081401,-0.9996324384719458,-0.4161910435366616,0.07580258772319551,0.1385600747792081,-0.12814605134755827,0.1181248420885124,-0.18119346967999844,0.0
-0.02298185891831058,0.05853100823435392,-0.07604211263822648,-0.059533429261593364,-0.0109859704857104,0.9574622574018373,-0.06922482587921266,0.3528897204867084,-0.8560896120747574,-0.4772679506628112,0.11449086514982723,0.3501106471032989,-0.10524295429611127,0.07156620982038062,-0.09044029203989001,0.0
-0.0787388527151975,0.13552510518745242,-0.09835882676732843,-0.0018017929898263216,0.060625940205752245,0.8793468911177816,-0.09877206549295665,0.24597353789638127,-1.010460808207994,-0.5065140244145724,0.10296946111166044,0.14605448356495887,0.023283127742183204,-0.03872047726772627,0.0043576548691238864,0.0
-0.04605742253063701,0.10909433056281284,0.010908543609633888,0.040576200691736564,0.143160962086396,0.8267396140580646,-0.07358783578651829,0.19692038513425264,-0.9809922522498699,-0.3942488754004923,0.06168170147687257,-0.052567939759311066,-0.017116644374837404,-0.01620248313729372,-0.004336108270969965,0.0
-0.1074500379275997,0.11827938818382282,0.009216487161536717,0.012676318468476638,0.1080957498872987,0.9218003659504864,-0.018352353741691772,0.2514674765446257,-1.0010554580764328,-0.4340115884492899,0.05867518649998228,-0.22595806241502064,-0.10952386964405594,-0.05070054825365827,0.05276258951370111,0.0
-0.0070774713156060345,-0.0026222322233825854,0.02780763390530379,-0.04549723629920356,-0.04759219874853263,0.8707795820698484,-0.13363255517876318,0.15154120624474204,-0.9367774870863863,-0.4225147696230698,-0.015890793308126885,-0.25293194149263093,-0.10993573804401996,-0.1186702862354321,0.05988640055620305,0.0
-0.049610599436940114,0.08593219862150306,-0.07558513836904622,-0.09251113193026576,0.022078028424287438,0.8314625864457662,-0.012420441600544486,0.23410110477755544,-0.9065096487632346,-0.3826326179434415,0.0692925169324134,-0.26454489933587655,-0.11307607725449617,0.022092387978570827,0.07594624546203194,0.0
-0.07044346783733366,0.14470990471767808,-0.05853934022629513,-0.03252125791459116,0.06722889012960905,0.8943715213653314,-0.09697756305584922,0.22101039647838977,-1.019225161160647,-0.3947609898889583,-0.03710034799280203,-0.29786056918905995,0.05010152303048003,0.15575738133258432,0.09801779718394918,0.0
-0.0451162112609869,0.08709765370921793,0.0665156009795543,-0.04920374842052229,0.10137500369459948,0.8323690162567468,-0.011439955658560891,0.18692442449910424,-0.9754538779156057,-0.467402376667239,0.0584315252196098,-0.18373339725600757,0.04883721395223689,0.21043601357410957,-0.04416936975913022,0.0
-0.02957181127069896,-0.00436420979546414,-0.00022629827188870577,-0.06207874045514929,-0.03643898344065315,0.9643843018377385,0.06274515983843564,0.1173492742072651,-1.0196242314415809,-0.48779410517366767,0.051219454540101475,-0.08391579050372608,-0.051072141833753665,-0.023121005496866742,0.16728613164625972,0.0
-0.007671197072310645,0.037870934171056414,-0.02852871761757209,0.052133463363924784,0.05305083276989327,0.881073095127539,0.06574294306805784,0.21489298512382501,-1.0445448175577718,-0.4655363723021724,-0.04612188425861474,-0.028686853252758326,0.0678406874759947,-0.12133708200462082,0.10463087432324693,0.0
-0.06062458162383949,-0.0841568257120068,-0.05688055862544002,-0.021104645167583633,0.06330060097599406,0.8155675647954518,0.042311472008816145,0.14521545463589539,-0.8830313340961975,-0.48547371218004876,-0.10882048305398044,0.1196780383230977,-0.0813660096353322,-0.0816484907031594,-0.00865790240525556,0.0
-0.06777763433148301,0.08444480220343499,-0.050971475580770684,0.0016724805866553463,0.09235371185094408,0.8553003462736938,0.09324316840872722,0.21981507535155295,-0.8810541792425824,-0.46713132806523094,-0.08001427108728243,0.12941084249492069,-0.03886184089634381,-0.026186075647575604,-0.023585662295221514,0.0
-0.10986127946952631,0.12639746024236528,-0.08275705704058714,0.0477131242101811,0.1580699482913342,0.8620996596735018,0.03405415185299486,0.15551871923423116,-0.8715643750818566,-0.5234279832357337,-0.012219161306903405,-0.10025985082899841,0.03682064445970501,-0.05231069546575787,-0.046474635234465295,0.0
-0.029742012809178542,0.01554888533090392,-0.029991613226234105,-0.03253320394210207,0.06207252439964561,0.829831445247142,0.1120606210347558,0.07414516987483918,-0.8802591234758381,-0.4676817057858874,0.14106856920248056,0.10352464186912835,0.006154268762938116,-0.017892481139977885,0.04483612596012999,0.0
-0.0170550530552867,0.006219029740127488,0.010057464842242712,-0.03805136086563847,0.12018425972163263,0.8969505116079379,0.11678060960138913,0.21059274425343735,-0.8814038912730506,-0.4392964752619868,0.21132222115507238,0.19603123330620653,-0.14197521732247,-0.019603503439044108,-0.1367138743537785,0.0
-0.0804141817867672,-0.015864372518442874,-0.021190183244410278,-0.0644228560235136,0.03782823763980889,0.8248748334728491,0.17496277201808227,0.13094414370544125,-0.9080420616689198,-0.5940132393901048,0.12866204036324536,0.22494843593769953,0.08103160770284677,-0.053759319488152976,0.017040728356338672,0.0
0.0020805684902395483,-0.01278173742773707,-0.04972576295340274,-0.06064269081733981,0.12584610798171342,0.8680306148804391,0.1567306620356058,-0.013001608784325422,-0.9468037826880334,-0.48399174757739294,0.00013012863842108702,0.09456848281803965,0.09765075124817249,0.06478931569035545,-0.06159750455605875,0.0
-0.06516341761006061,0.06976719973089576,-0.031084553690242128,-0.01268687576878448,0.1140515752990981,0.8764613096512806,0.1890524873995496,0.07027868116384492,-0.9321760002961877,-0.5604259888206037,-0.15830357603561662,0.14306969501320382,0.17833862801067463,-0.2187709550784335,-0.0093895093100297,0.0
-0.04157232643580158,0.11006269997219217,-0.10000316020899588,0.06168618958773564,0.12883319078301497,0.7689362587885955,0.1572359855188133,0.026280679854808656,-0.8865177905968952,-0.5022018134474039,-0.08973262299576884,0.16154353567274024,0.03426228412212533,-0.10992396846001448,-0.007150321875582053,0.0
-0.026677904534631567,0.08395666218266443,-0.030590022407776103,-0.03232943816270992,0.04497524036515152,0.8305289355930865,0.23944334434004985,0.02526302384431979,-0.9795663786530858,-0.5517293900835752,0.0037170891923054006,0.10220569930443711,-0.11168125844863869,-0.13334725904042938,-0.16576072361859356,0.0
0.026773827087925195,0.05386543376011317,-0.018305296656864936,-0.041778245542873016,0.10337493683597142,0.8889909341417179,0.15864482063640173,0.012613110853802442,-0.8536629596135944,-0.5584021177464542,-0.1576435134073487,0.03750959882900902,-0.043123783099476745,-0.04825160506650654,-0.013244106327982175,0.0
0.001004177465395148,0.108583391313019,-0.012979805384711204,-0.09296329334298364,0.08073013884007084,0.7320673472907073,0.22174724530937692,0.022664137106610596,-0.9010029994111366,-0.6106658719475024,-0.20461845870565754,0.06634323690874368,-0.14907988979923736,-0.14261421388113493,0.0546157738960522,0.0
0.012649631334614157,0.05013866995733001,-0.0886043124390645,-0.007589687782250436,0.15381090403304495,0.9111129452061675,0.2797865277573564,0.015485721268642939,-0.898138112239862,-0.6215355963247711,-0.17112259859727744,0.031319538766294175,-0.023682744897991742,-0.13380120984902902,-0.012744702424285277,0.0
0.024007003624581122,0.1322955167759824,0.035887793345901746,-0.0250084514306839,0.05990213601034221,0.7509595182437858,0.28223681467606637,0.010519143443730287,-0.8719286160012991,-0.6482345375432953,-0.1267213232537433,-0.1302630019186821,-0.15311214843596258,-0.1438557398775033,0.04188581727702147,0.0
0.06117714950478513,0.1496008531935039,-0.01391537862178329,-0.06316000645774807,0.08957164976084554,0.8039571120153174,0.37323093870728224,-0.08025776043607169,-0.867673028123015,-0.701913940545636,0.03653532950096275,-0.2014007496968903,0.07502547111584051,0.0048763184711050345,-0.03453974472933655,0.0
-0.02344492202000816,0.08877976822599618,-0.016419998846698668,0.044116591610994266,-0.0037178022707301805,0.7588818358671724,0.32353239535527717,-0.010615610262018186,-0.8901459797126711,-0.6951517120857679,0.05476726083111915,-0.2002065110869517,0.07000339915619619,0.1064467948404398,-0.02027465039969155,0.0
-0.023616084850495152,0.06619734705416788,-0.06974594491610113,-0.07664861739421568,0.06447470165407665,0.7801236219496815,0.39255143719192714,0.06544720029766704,-0.8794419050005946,-0.5335473948735041,0.027174594596028466,-0.1713887883736202,-0.05147537611255631,-0.05224329737603636,0.10610238846700769,0.0
0.03966560207224502,0.003794491471793511,-0.009382361895053606,-0.06613391851362153,0.12411688414060458,0.7920624551884247,0.419977476997257,-0.0682695916666178,-0.9833148210734285,-0.7341649657687436,0.1258506532229079,-0.07856065738370283,0.06634936283507585,-0.14466674254999728,0.057191910989288886,0.0
0.029886667789215657,0.06218945693066881,0.02835584637468506,-0.07497951324688759,0.015201923903155432,0.8684322729936481,0.38861040253914164,-0.043367692999583846,-0.8050494575932665,-0.684286240907466,-0.009642791076686474,-0.08063456754192885,-0.07751308590705862,-0.1773848898849564,0.0232015618794516,0.0
0.02969367664389714,0.01805455773219356,0.005481513264677381,-0.034384720726704406,0.016693559495067567,0.8189810689108711,0.387578658661078,-0.06428112993058223,-0.8072547013677029,-0.6909422096078318,-0.13775084938273618,-0.02153746607261532,-0.0604241999361631,-0.027231206284410905,0.031325480454697865,0.0
-0.04402084077808045,0.09844428714391204,-0.03428606685602101,-0.02237594795960352,0.09054480378266222,0.7243662796391751,0.4297577885753081,-0.09809005738327942,-0.8004062558102762,-0.6662747418789476,-0.28883146881289723,-0.07741621395333692,-0.12273559092727668,0.0457812463564931,-0.06744091731263777,0.0
0.0020961206011356447,0.12679219129979807,-0.08644059224070884,0.030160603467771774,0.20952221058255183,0.7230786077488283,0.47947161292267426,-0.05416104972910373,-0.930982686943789,-0.7412369217433082,-0.13045215404198948,-0.06173140965881492,-0.16905164225898156,-0.00277171325048247,-0.09297597367424604,0.0
-0.010649040615042057,-0.018577382839668213,0.0357016665662155,0.027999550343082873,0.07463655735656634,0.6666279685805916,0.4349050424019618,-0.10189360348461617,-0.8708383559612735,-0.7319371039362904,-0.20025800590004297,-0.07466179976352941,-0.14150517199138585,-0.27136839382185474,-0.053208750992771905,0.0
0.0033823073023655226,0.04848201258122599,-0.05865936795309404,-0.0829615014339394,0.06125016863918905,0.7305449393877708,0.4463932966412051,-0.19037607609250104,-0.8867722245149054,-0.6967666829760703,-0.11328105432912072,-0.12022145938255802,-0.1263446142797965,-0.15837081463675018,-0.11222042531203416,0.0
-0.028746511893397032,0.02782454762069938,-0.0028601251979712937,-0.029098561720317367,0.18684800190299866,0.6995538836906754,0.45903927814621737,-0.13728109901905264,-0.8399856699663136,-0.7344814904216996,-0.2167219090019245,-0.3484422236311525,-0.02168151505500364,-0.009312605985157402,-0.053158661031471044,0.0
-0.03307127264917756,0.04046324580281799,-0.09425281117440193,0.01340034233641968,0.10626969446833677,0.7267800100167673,0.4610004982982196,-0.12287786210502676,-0.812182832866982,-0.7126983330640579,-0.010297292571760097,-0.04179616115279203,-0.08102760653613349,-0.16828189440125668,-0.02801313566069937,0.0
-0.03645054930365681,-0.00119851806247602,-0.03099087214444658,0.04126426341569475,0.18365991937745896,0.6602159294869672,0.49359630104710334,-0.15443806621114747,-0.8861340752641427,-0.7248939739864446,0.09885828611080148,-0.08167703478183484,-0.00040880990496129643,0.018629808303650908,-0.13832398698723186,0.0
-0.08041930443802142,0.0041233495994168895,-0.09295198768552833,-0.0984195949429575,0.11942716522452726,0.7100779473433068,0.5055060014800841,-0.10110981959785027,-0.8550660115842048,-0.693657278989602,0.06751439368660925,-0.12165408295434249,-0.11537378392844416,-0.05172881650665836,-0.15052838167544313,0.0
-0.047999191336643224,0.08963091185744922,0.18090584554861552,-0.05374028686552777,0.10152739500335962,0.6689709069874712,0.657937668241826,-0.20525279724254747,-0.734190556895947,-0.7304509388841207,0.11559676001590646,-0.21664080572556,-0.1683120871306316,-0.15027688360267602,-0.0708164805149328,0.0
0.021147241943135747,0.11348615002937407,0.03995053506688505,-0.005385666511414443,0.11854760912388665,0.609746941859029,0.5233621680315512,-0.12718043206142854,-0.8349873357218194,-0.7350767444524847,0.20992736541847012,-0.1015406707434349,-0.057542491717232934,-0.15540248575877352,-0.1718886648845796,0.0
0.07519967466881408,0.07684143625190527,-0.10032921077610524,0.07403002310210102,0.1201619630005041,0.6140357991804194,0.5627394894581079,-0.24156666052385511,-0.8477795154419333,-0.7711042253790704,0.25374168035915534,0.01029677914983225,-0.03811582186729432,-0.2809123532248704,-0.08485097030320315,0.0
-0.05101182761353939,0.04571133061727324,0.016977382950983957,-0.006076088314143191,0.12162393660940327,0.7033961815731878,0.6193529542593971,-0.13404576132001303,-0.8614084478451416,-0.8032060838238565,0.2618054775491365,0.07488808203901251,-0.11809441015418504,-0.07736473784398891,-0.06403593355310785,0.0
-0.15818713372237755,0.0507184688036081,-0.009082967960865138,-0.04277408695505496,0.058800713031187696,0.5769994004959538,0.6287907803309108,-0.2506240459959966,-0.7786385492529787,-0.8430271082335804,0.21061630694259034,0.1283677308043387,-0.20901419908060803,-0.06294450147292507,-0.1478818708856113,0.0
-0.010562136780003074,0.08098757250061697,-0.12675076435881066,-0.10640258441389444,0.12285523870757917,0.7235713619385935,0.6323767966770728,-0.29791020425595865,-0.7367023044531769,-0.8499506842210788,-0.02676061747081443,0.034123692723168564,-0.2490193374795936,0.041662392439125756,0.07330286154552725,0.0
-0.05294400257994954,0.08935742905695672,-0.13553346601506233,-0.06107235708926545,-0.047609849800947984,0.6875889882404396,0.6192553916278489,-0.2598486447728591,-0.7304766835960995,-0.8551060601911704,0.05799522408957971,-0.06088431559746482,0.08625907406661934,-0.05323851378372911,-0.01276196309365698,0.0
-0.03306750854398982,0.08571208831688942,-0.06673265160011604,-0.0697794515909823,0.062057254181263774,0.6448076102020647,0.6039678066927481,-0.37012019530736096,-0.8446990799869317,-0.8013491478977814,-0.14851151316111139,0.16836400950844732,0.08814860803878348,0.0460045250003498,-0.03999976010146427,0.0
-0.0755131045787842,0.07785773188473413,-0.06169254625229546,0.02606781082763457,0.10979904133262938,0.6598743937446745,0.6346486225874646,-0.2807659463277253,-0.7663046877163919,-0.8397199073205771,-0.1635341860744765,-0.012950088590876069,-0.03538973989463171,-0.05631074885695013,0.030337468637900697,0.0
-0.03350941663385992,0.17633938034752525,-0.1129766586838104,-0.10101383832385276,0.17519805653904624,0.5419931311854813,0.6763453119484502,-0.3155440954516684,-0.7289936512312442,-0.8318337342893726,-0.0021881909134438965,-0.10080011225947044,-0.08564693592120166,-0.10573399200866918,-0.1573596020111573,0.0
-0.08216549827472705,0.1098355729416998,0.031059607254419558,-0.04241963257999454,0.14218890106700688,0.7329174030253378,0.763902045403607,-0.2526259139459499,-0.7912103801409948,-0.8709769716860984,-0.11576568493984155,-0.07611381932279083,0.08940416555602707,-0.19171440193622935,-0.09128887397740433,0.0
-0.05451321104996574,0.02335627954537746,-0.019134462289608734,-0.06240189494901313,0.08647205339659575,0.5576483962965607,0.7128726932251617,-0.5092459001897168,-0.7836708284083256,-0.7769647650596285,-0.0366135644473063,-0.07816236386970854,0.2542097797873201,-0.1928789825944101,-0.10915537462627735,0.0
-0.1665098621139715,0.01100956995122325,0.016819982528394898,-0.059446828594147946,0.09534994470912898,0.6508460693000478,0.6996232318026944,-0.3472178468465244,-0.6948628090526161,-0.8760669448856979,-0.0033433064553095963,-0.17043001891121273,0.04102215654663266,-0.1337006735665003,0.002365843023848249,0.0
-0.0006582531181970261,0.16519264991658797,-0.07517189107885583,0.006094699742964324,0.08911499913299585,0.617225576785698,0.7309041488093988,-0.4440843675470598,-0.8080471683306385,-0.9212921948536593,0.1374379842448533,-0.20632755933295432,0.06902792164070005,-0.19333950356998758,0.08082504175390572,0.0
0.010449528238636551,0.05573395392637888,-0.009934489306795205,-0.01950902605536698,0.1504388647597937,0.586577704215087,0.8264153068691812,-0.3642363507610339,-0.7461154793459744,-0.8549040724655842,0.15884458826523606,-0.16148413821059202,0.2579648833877997,-0.13820802184191003,0.14169212518200114,0.0
-0.06543786346491112,0.11870244121644277,-0.02222521777633786,-0.08508310873021578,0.07424918137443699,0.5690048632758222,0.759067922887468,-0.4193952672800649,-0.7501643671989542,-0.8619215100685965,0.1696598290727745,-0.09809255379221461,0.03663796516449455,-0.0858384137923252,0.10644428945227676,0.0
-0.011978243985346661,0.14965420163838483,-0.035613991469637736,-0.011119524455606739,0.09773883074627615,0.5630996697746183,0.7088512775490229,-0.4214710273825572,-0.6441598146650249,-0.9177126518926081,0.1339125498670941,0.035619189909645785,0.026021378975565747,-0.0361001095696004,0.009160168755463313,0.0
-0.0050766311452600296,0.0711548226356518,-0.00624935201479836,-0.04968839752221197,0.05691403837856665,0.5993896834376455,0.722073753672519,-0.4618710114304905,-0.8412175089819812,-0.8243861177554291,0.17466903379260795,0.06893351644342968,0.08902118245833138,0.07336923238192046,-0.1340918886843178,0.0
0.06545522934743869,0.11306100486259768,-0.08385319234564788,0.045881722852205084,0.08156312455156617,0.6440061824849844,0.7748946594394643,-0.41940305234843744,-0.7301704389458556,-0.8850850505718353,0.045127773414595715,0.03434024291570764,0.10577890583341704,-0.011935704404991268,-0.22211046733827422,0.0
-0.04661849731784556,0.018629032022199052,-0.019904447538481886,0.028144259320827397,0.06646633036875191,0.5559479267709874,0.7493042305662219,-0.4179427196256582,-0.6746273292895334,-0.935385681822862,0.18621731010157364,0.06961231979798033,0.06326088007467474,-0.02139037317341263,-0.07632152682560513,0.0
0.06627906488923895,0.07054442116172521,0.01004489972766294,0.05161939814716441,0.10109231509556806,0.5812595530970143,0.8301957615987273,-0.3789813150233036,-0.6927841385725556,-0.9004188093863638,0.2537264174565308,-0.10103214539361502,0.2211229479129947,0.09776914059091855,-0.14868542273189184,0.0
0.03525743006210085,0.07421403374485422,-0.052083301226583,-0.0011859545856080442,0.038525312614670404,0.5080083257489688,0.7696221344559575,-0.40497232635301383,-0.7300107772476649,-0.9027409065044009,0.09783737547001771,0.018399385023834494,0.1531153010308879,0.05373601614773908,-0.16571603941736351,0.0
0.07828701870545542,0.049715883683502986,-0.12415047960766387,-0.0005017307996859066,0.10052875573953649,0.6424875980271291,0.8302015632673205,-0.48790329442266034,-0.7153648232096207,-0.8622621048923851,0.2041818115154939,0.09604965346182827,0.17167094937425617,0.066401712302029,-0.033946483038494624,0.0
-0.003227173928196693,0.080142719259364,-0.02007086378140069,0.07072254095663309,0.03884075418015863,0.5627321442358227,0.8292769259920798,-0.39434233008351754,-0.6096599571006136,-0.9296055788217958,0.08471392732996685,-0.06331505937497375,-0.11300685125806703,-0.005334475628059124,-0.07358305955798786,0.0
0.05219120682719137,0.10869073705332491,-0.01944924117398153,-0.07223823274408081,0.15020760615952036,0.5597057209525111,0.8526929030597837,-0.4757234331036474,-0.7671317361112295,-0.8691276247926555,0.1469132911601202,-0.12180454086987302,0.0954552922013261,-0.20260101305307804,-0.02104198895588082,0.0
-0.01962838320038316,0.13912310924608315,-0.051476871865973994,-0.006662146637837693,0.08279240497741953,0.5115978630834743,0.7959066433731767,-0.5590921075967972,-0.6697966176660042,-0.8486243805422715,0.054845148408070685,-0.22580885717682314,0.23308224015262718,-0.22665692925134884,-0.04441442840375498,0.0
0.023252593479356175,0.06218229012847692,-0.015852957188635344,-0.09040735558833922,0.21766996728488108,0.5555610361065222,0.8701063663481141,-0.5409199336737776,-0.6321849982936093,-0.9108480049788216,-0.0012380057205107695,-0.10999830912939235,0.15577885503494773,-0.28793417965252843,-0.03216412574474558,0.0
0.02244359294967914,0.16557623698360252,-0.051620692829499645,-0.1354589319496725,0.13073791705349538,0.48995238228434657,0.9100403020841281,-0.5844497597845825,-0.5827445040937654,-0.9563362985448116,0.18773798041091802,0.003027959377883721,-0.1300386634149367,-0.32224562041016214,-0.010540534556969808,0.0
0.008911565786011058,0.0969921731738008,-0.01780011796019392,-0.04308766627459859,0.21093332413190857,0.473883743818867,0.8930195787986727,-0.5411727829143412,-0.6739334747233612,-1.0517198512504182,0.12898080826500333,-0.02002868630135165,-0.1214422155733903,-0.3350770650536051,-0.025480185768857806,0.0
-0.07186206132294012,0.022933325222534523,0.025522548961002048,-0.07711984597570927,0.10883187369367825,0.5481292785249033,0.9465079015146318,-0.5297479701935097,-0.6760312140245633,-0.8657219448373314,-0.0032280952817344416,0.22436778523810852,0.008446541418907869,-0.19448478025398586,0.07865517700058577,0.0
-0.03640186107758763,0.034601924077751756,-0.00419040625536838,-0.11557142231713399,-0.011986552664197375,0.4192834859609038,0.8984088831044985,-0.5750958685190739,-0.6413148452252496,-1.0268959213488569,-0.048669126054348526,0.11729585694154518,0.039356374603882104,-0.14356636211974935,0.015342113344750025,0.0
-0.05059402865063729,0.07356808779458117,-0.04166506810753147,-0.06772544467398438,0.1335213170909209,0.5166204109708453,0.935678158898694,-0.46471207120030833,-0.6130374260973849,-0.9786659699821593,0.085292270505434,0.16206812635510837,0.06352350535344777,-0.1573671031792641,0.030933856744353262,0.0
0.006973795897106776,0.136491853342306,-0.02322124289285794,-0.13044184784893875,0.05247626821476456,0.4468768835947336,0.9106283855309947,-0.5962408750061534,-0.650473589471809,-0.9475226049822891,0.002342610241850472,0.22576228494773404,0.08285245562886148,-0.129240999149649,0.10049106805512781,0.0
-0.011231023487685947,0.10660103689765985,0.008801689424728809,-0.0052171746933753205,0.09956504986996678,0.45127606726337993,0.8322651290043829,-0.544386321148874,-0.6262082743791283,-0.9140312424729462,0.030512711732213947,0.1406208823553766,0.03005228033563866,-0.2993057416729351,0.132416469368961,0.0
-0.05460497875255804,0.09392633571046978,-0.07685435399073956,-0.06843787123116268,0.0784598263045661,0.519413402453098,0.8554088097001744,-0.6093804234387017,-0.48575541105200076,-0.990863292916809,0.14002551052158158,0.1278145245240767,-0.017261299015208953,-0.0743850662167308,0.193846893506434,0.0
0.018266083337236255,0.06658810099600522,0.01888529770488423,0.018130745247661728,0.04302690382735824,0.5458305541320031,0.8874368908744884,-0.7055393509636204,-0.6364901764687956,-1.0458274653347845,0.12704893040589615,0.16613686388883603,-0.10455672829739004,-0.12847686060742702,-0.05199714114740642,0.0
-0.040724278444638294,0.11045575016932473,-0.04320377749503093,-0.04056800103152517,0.0812652941181232,0.4798428072074781,0.8530422769061119,-0.5271792440055431,-0.584316757498428,-0.8620191894064511,-0.08469315873947583,0.2571836653593907,-0.25701379191077084,0.06570336392347587,-0.06408669479926606,0.0
0.0013666684987629109,0.14501981178312925,0.07927925920278331,0.012279149536325529,0.12178666942410436,0.4537450429069103,0.9728725373833226,-0.5816364252556978,-0.5262170215048197,-0.9054712893068723,0.053958690005830014,0.24160334006506035,-0.06051564256901501,-0.07033288926476207,-0.11075195137024774,0.0
-0.07889134246515467,0.13078143718512705,-0.017469154485770716,-0.09449499871258224,0.13538400362653882,0.40112877397018853,1.0659903825513788,-0.5957507825618635,-0.6872097876314422,-0.938506277835998,-0.0002034254909947103,0.25628727923440786,0.1121743441964261,0.01254085698345598,-0.17853657013637758,0.0
0.027686019334045728,0.05933295935563248,-0.06495764785910975,-0.07675039133767464,0.10676790401612304,0.4043237782945382,1.015107183985703,-0.6769992322442604,-0.5780229143012634,-0.9719999575925543,0.007869858112176152,0.22300563140697532,0.037828106643313354,-0.043080445967690985,-0.11628002048892289,0.0
-0.04888629999899465,0.13970650456137376,-0.008656044960188895,-0.00611928916612358,0.17613624229900737,0.42117381053200914,0.8507849741869861,-0.5933251060357492,-0.5413021188377918,-1.0284879758268077,0.07267357405856259,0.269430168436441,-0.09856068715928804,-0.0953382886692542,0.06058608189045757,0.0
-0.008200724081061324,0.07101776086700406,-0.02340392306471189,-0.0634661447647175,0.10536684705962548,0.46367246417251473,0.9704135762134719,-0.6991040674057517,-0.5817120546809432,-1.086874422380048,-0.08399186319916704,0.21186487893278586,0.03150802212674428,-0.0067404753609175555,-0.017186843129600476,0.0
-0.04508360941543745,0.1640953103552094,0.08118548660910815,0.02014832766859477,0.17783997050204964,0.49594734045418626,0.9219679940035803,-0.690932334779586,-0.5854489189698844,-1.0749829977140755,-0.1255221185511026,0.11338210137551105,0.08774743511716608,0.09216355576722553,-0.19917946188050575,0.0
-0.050245685706131804,0.10537435450837336,-0.031764721710747804,0.013637553568718971,0.07826240920846941,0.42188505544160293,0.9245763842362579,-0.6583730724619313,-0.5212298688449136,-0.9445157863694637,0.0017246819544645825,0.2175403665896835,-0.012779815542086063,0.07941205313532679,-0.045139272198535224,0.0
-0.026405753285596405,0.14895311329220262,0.02171119261061523,0.030068436471980944,0.14484164022082485,0.4352690773273087,0.933328304717149,-0.62908561277893,-0.5202022065502527,-0.9407582351834743,0.29304513350251393,0.15012253081725305,0.07567662587364422,0.13982874793922515,-0.15336645198269633,0.0
0.005629048787891607,0.13123961219755823,-0.06455861583793768,-0.029633307631661,0.0675797109345193,0.3928465311321125,0.9727805486859935,-0.640834247206237,-0.5324721725481826,-0.9429545112923992,0.14567297394495693,-0.01902715211217658,0.0702680308719999,0.043963902466895015,-0.1250008173072866,0.0
-0.06001696664886921,0.07399445720833495,-0.06428484661238193,-0.027393155873059516,0.1855566052978433,0.44098952154911697,1.003393112850874,-0.7205643877099903,-0.5757126831134252,-0.9320257591165189,0.26260106524795124,0.07713657106019108,0.020550165285188195,0.16827664310561824,0.013260605576016188,0.0
-0.04247873265970613,0.010656832509852374,-0.06925591443527593,0.0017086047460888112,0.18448885320850983,0.5155909313665252,1.0199674932436071,-0.6973609839666177,-0.505763255461077,-0.9942496531501969,0.3492155676955375,0.015038078298622574,0.03449937426875111,-0.18013644745201496,0.019288272151198688,0.0
-0.02504221601552851,0.08891044510812124,0.030969080851770713,0.05685389865285596,0.1399911380863668,0.34398593414464496,0.9780372365070853,-0.7325316077563722,-0.5343108430763396,-0.9801557742503816,0.0660797937369193,-0.06749344734611676,-0.12779932903767582,-0.18029417040896423,-0.024963743588328792,0.0
0.008712109592855705,0.18913457483007756,-0.13694830979803896,-0.06905741596101424,0.17636670165801227,0.4422762983528751,1.0528369180972863,-0.7751086417769132,-0.3563393048933444,-1.0800631124455395,0.07908678526368486,0.06285781792966622,0.022608988402948754,-0.16226965689627026,-0.13006039337429687,0.0
-0.019100464470355853,0.0746661115425983,-0.040190017270350153,0.05699789126110242,0.12386943868557994,0.4150717597934055,0.9920612631647855,-0.7300009794620321,-0.4549297189559014,-1.0522260250029711,-0.06343044023131264,0.07468640227770981,-0.00637185553863775,-0.21237398719560946,-0.07906009607732184,0.0
0.009848940938619852,0.14270368032405703,-0.07280433161617547,-0.02438947481511157,0.13772116098426196,0.32779315036806655,0.9540617979367155,-0.6984688664148352,-0.45784144728098114,-1.0577662417680613,-0.05504934693078439,-0.004124892376088596,-0.1074932740816247,-0.14427496822009503,-0.13394643521517935,0.0
-0.0026916754252705594,0.14834489017307506,-0.10413343674148101,-0.0039950309107986415,0.15032548628171552,0.3714933758102985,1.0427559965305395,-0.8147422546279267,-0.36960099537510493,-1.0017764003493153,-0.04575490237316173,-0.1419753444885861,-0.09175721149415775,0.038925558065115606,-0.14118150933331813,0.0
-0.028918372418277594,0.10223139316540991,-0.09705162976046822,-0.07069408270593208,0.13403820750606377,0.3088509275479205,0.9879533703125749,-0.713388025377802,-0.47075910679026906,-1.0182366571879373,-0.027265036331676974,-0.07287163512909144,-0.08229927934326686,-0.3019541991865644,0.022663812228953334,0.0
-0.040373305564576155,0.09672352607595233,0.05208536379534051,-0.03670649001745149,0.1085743853054568,0.3290664075715307,1.0487872305549992,-0.7304412412031768,-0.42961839522004225,-1.035546521887562,0.05016598415157589,-0.008669936010716826,0.04949303829773163,-0.06411871672116165,0.025941344643022446,0.0
-0.09099766281206557,0.049936048261444516,-0.0829437637743605,0.0028366299814256007,0.11362504114224695,0.2879457349910606,0.9741637548528312,-0.815741591348967,-0.39544093869939323,-0.9271972030262824,-0.06493116141921132,0.01722786509436525,0.028029097874011175,0.10072525484231515,-0.11842849921076436,0.0
-0.010853240763409091,0.1351022187039008,0.0015031150354308104,-0.029804703142130407,0.14744642317646983,0.3308703527733022,0.9642196798368862,-0.7728010930250208,-0.38939652027522054,-1.0525436441909997,-0.10013305073424283,0.009239248492732714,-0.19495655184474442,0.13378288212257033,0.07115279500779356,0.0
-0.007450234037352776,0.16697703416572382,-0.03094464957092003,-0.014860164192682823,0.0969857006475566,0.20749869938970572,1.007187078747997,-0.831510973061514,-0.3678688450269726,-1.0339361885948288,-0.07122839906864312,-0.04066043073161329,-0.2937928883601687,0.07425560201278517,-0.005935579396717343,0.0
-0.053153116234009305,0.2607369178122069,-0.08190399541404443,-0.05448740891463821,0.0482805042645096,0.2716699672110848,0.9908439485105675,-0.81763423356739,-0.4245735809454253,-0.9963978466388623,0.02781849666421341,0.007591364580456603,-0.06749793477999588,0.30931318159983096,0.032291951473636955,0.0
-0.04903781684114164,0.07899240129312636,0.07864479374649333,-0.039256138715324754,0.0797453299365917,0.2812655936522573,0.8952261356184604,-0.7786175487257517,-0.40400208687380956,-0.9627377583190704,0.10285694360947253,-0.03404026623446991,0.2080100681909564,0.1905927566816043,0.0537958942112184,0.0
-0.07758240930791298,0.11582077411975296,-0.02443685051298823,-0.030537931306267332,0.07880345496857412,0.27087634814502537,1.008734478004926,-0.7364680300367772,-0.31126445463125746,-1.0533785150661135,-0.11226281385159115,0.07626763603890564,-0.008467004344857976,0.011892385686020066,0.10019595598214176,0.0
0.030737690986973036,0.1757898295335002,-0.030871473046970493,-0.06706336095505787,0.1565752653748294,0.2971745959786378,1.009940435747892,-0.9302505311493264,-0.48399666227602756,-1.0373662628192375,-0.18914989826956602,0.02330716561762894,-0.062290227588818005,-0.007958269652725978,0.020184755812693106,0.0
-0.05476454462043207,0.0376187223019972,0.042619608493896,-0.16707495824659135,0.15460505008115225,0.2641681721974988,1.0504682558131482,-0.8530677634595718,-0.3291925564032928,-1.0242687929220475,-0.1965100633997709,0.09348890261583448,-0.1525282960656311,-0.08687228327718517,0.0448569081686635,0.0
-0.04245238227312908,0.06627057395765182,0.02993980594549757,0.044376912818411864,0.10374251376572845,0.25019818814388856,1.075888458642157,-0.8691649566769927,-0.34853759916150845,-1.0010013376338387,-0.1710060092161479,0.15348285681310853,-0.17695644334569088,0.10366685366292115,-0.007431766416894019,0.0
-0.06230292366298463,0.05228776888581897,-0.015252916494385281,-0.10218050504392145,0.15000060889259817,0.30893050045648135,1.0160198251860306,-0.8412077227491127,-0.35249943384229326,-0.9525309147502853,-0.0709233585841182,0.12595615768343732,-0.09794079694175699,0.10380601943949394,-0.16882310263622088,0.0
-0.05385672707312405,0.21731986598913788,-0.016519039369392165,-0.03399913947303361,0.13717455845965348,0.28571496741056723,0.9939179116175203,-0.8597266382823803,-0.36952607737873977,-0.9714571658170055,0.012268935343190054,-0.08633986546204561,0.03792389832161326,0.016484007773129833,-0.18769954525441856,0.0
0.045692243875166474,0.08795332158411973,0.012807366307564176,0.005090670539904842,0.1387938159141589,0.20736506583402173,0.9878886831164392,-0.8157089843086344,-0.2619708389434076,-0.9434333289362934,-0.04665116984142218,-0.06422048278469937,-0.037643254145981214,0.16542223766095038,-0.0597789934239424,0.0
-0.04752031810021544,0.009253239248043402,0.0546303515221102,-0.017240080532034255,0.13022189317388186,0.20723755780318315,1.0383867286245865,-0.9224270141960365,-0.18823934168584516,-0.9975191823140337,-0.06508140220372455,-0.08751683454131111,-0.1801022275383155,0.13555807348396864,0.03545691402712952,0.0
-0.016039095542229688,0.0898146336863283,0.014050942707877441,0.11479241363188925,0.14593080494135766,0.2538108626721819,0.9143529140273666,-0.8598117564358898,-0.33105817660588466,-0.9352755848876162,-0.04540463943770678,-0.018776366992137868,0.0007246189586640195,0.24620359106730932,-0.030983685370837,0.0
-0.019828065697405514,0.13928771451671657,0.017970890877048472,-0.061839505964804635,0.11443205377947327,0.1361070308782033,1.0225737098784862,-0.9349443544951428,-0.30905681756935466,-0.9191319501535347,0.05053892285443608,-0.10518745511884112,0.06506066656871876,0.27750564423030666,0.015839667457101046,0.0
0.020493400429387028,0.153787085106301,0.01847055723600905,-0.05590164760444414,0.1721047582984554,0.17157982727262888,0.9734705735343331,-0.8732691630296204,-0.30789714085101727,-0.9681342504538425,0.00814272649102566,-0.14735694192235851,-0.04228048504534916,0.11003743064440058,-0.09618978500507742,0.0
-0.021801385675030205,0.13315447244553283,-0.13125032539676204,-0.07673388608208852,0.16172971122278215,0.20629730363456494,0.9928592702399051,-0.853250537173149,-0.3643267423546829,-0.9710003502698277,0.13916512537244186,-0.23095794714419343,-0.0886871644008417,0.020435473859648355,-0.1728813534764932,0.0
-0.0585911328332555,0.10141430353498891,0.04739194989109139,-0.09614574567024536,0.08410882603688363,0.1900699482374216,0.9912712779314135,-0.9406433154297367,-0.35291486148926177,-0.9334116733348427,0.21045699261550288,-0.26166888636991337,0.0025913487234015334,-0.13738620150489494,-0.26192334975648973,0.0
-0.012143937870873542,0.04669136800292516,-0.01773583251447561,-0.09078495676432888,0.031873995987712664,0.25830178240969104,0.9595605859665199,-0.9572867479939091,-0.21506911191219785,-1.040723301848029,0.16831254503479587,-0.030240326411533625,-0.02034108961074648,-0.1393761994965145,-0.24989268248315258,0.0
-0.026517957630668543,0.12925007384856146,-0.08728327366191224,0.0003861235237708066,0.15524291032944598,0.06801139600940652,1.0419952002228698,-0.9910077486258588,-0.23910183282508013,-0.9352162161275334,0.06111587764894208,0.14372259864345358,0.08147190768307741,0.03497077989034987,-0.09578126319872568,0.0
0.03237350248870241,0.09436640116804086,0.013120629979272373,-0.01685113723909107,0.03376182711069349,0.19310777078936767,0.8947576580791717,-0.9169720076536871,-0.2673624037095506,-1.1089042755394425,-0.028362663483052213,0.05564275495433289,0.24766402452120373,-0.19612863550854848,-0.21508604995278774,0.0
-0.1020005314559553,0.1836042277754385,-0.12363402901600151,-0.11106710709823289,0.16428813887070962,0.1647333996180164,0.9387187383195728,-0.9179586133951537,-0.19754755624697973,-0.9877903347187191,0.042118492670585414,0.05062947925815913,0.12831207586726437,-0.14570623431687474,-0.24014629401592882,0.0
0.028595627757430707,0.019467213399697453,0.05532680001581438,-0.1087687355438796,0.1347463882914229,0.07544178978313171,0.9621264713943859,-0.9648024308507246,-0.2628383377270606,-0.9224902335592392,0.09665917154009601,0.0463840513894306,0.053329643993709784,-0.23265672069400795,-0.20482297257020116,0.0
0.09718568143096226,0.08399143518396437,-0.04434128654625146,-0.09531864632529874,0.22972645136755904,0.19298501758933634,0.9500886662924517,-0.8527240474559927,-0.26394259871122894,-1.0018318810014815,-0.019848242091112668,-0.0033127515862150965,0.11189560557963699,0.012984946952488363,-0.07675507332209895,0.0
0.02560882218977567,0.053305864041039416,-0.025473303581192278,-0.021974328728527042,0.21012653891890795,0.11195310935718762,0.9185152535183406,-0.920913759333724,-0.24336880971675096,-0.9637010775493796,-0.05770155299011479,0.018022967786826355,-0.03919397992189895,-0.018765757240840522,-0.17586620940230427,0.0
-0.07675195976140539,0.09838599865668163,-0.055368037888819326,0.0065816007036072,0.09552296420671574,0.09473336600533624,0.829365807078598,-0.8355405623779056,-0.19138682118520756,-1.0103776207754536,-0.15932918883556332,-0.1496820987188755,-0.08459807627766155,-0.05467245952660247,-0.128829471931384,0.0
0.0356070443123081,0.17652352253766002,0.012530543828139645,-0.057428482373866274,0.08625398267296466,0.12894737860585612,0.8665040481752952,-0.9558259425340487,-0.15513822037662334,-1.0002167096745844,0.028294650407379884,0.10088055349453763,0.1024220672905174,-0.10160236486207819,0.020143425377410817,0.0
-0.0516369220039525,0.11586811064525084,-0.017659720898939114,-0.06791438011930157,0.08351934005760964,0.2662654487451914,0.8808184058670359,-0.9373999000129952,-0.15428899517403935,-0.9155418991423964,0.0595044199300675,0.046481064171081235,0.1550703955211149,-0.013175250137207939,-0.11449207732807515,0.0
0.014732140379264722,0.14075271053104194,-0.008262127330412788,0.028085398434554452,0.11160307142721806,0.09347173268480913,0.8981510310184395,-0.9243225008284466,-0.27989725229244844,-0.9672740541503086,0.06681820582676332,0.11012785844003872,-0.00047670883184509905,0.08113355510682924,-0.15727775914259057,0.0
0.011396588668897294,0.22950423556352145,0.0019471224494842301,-0.09625786610475424,0.18315584351737493,0.09478118906560429,0.8208069761607754,-0.9268654419278403,-0.18295410602770468,-0.9339823692108192,0.04939797298114216,0.04523751874995839,-0.03492893922993048,0.09866081651260267,-0.1146246882355475,0.0
0.023591409159044487,0.061504570648546794,0.02107968315970172,-0.03322781581462758,0.13855925882798814,0.084921133889116,0.9395871977304949,-0.9738747055919542,-0.06937844898321018,-0.9901944186849613,-0.08012673762149791,-0.033691197553848584,-0.1119901169464534,0.07843951283521429,-0.11848998620669501,0.0
0.015509667470384524,0.1812860702861691,-0.0689863754879515,-0.02216228269218989,0.10688857700889913,0.010167098265191701,0.8919299105516991,-0.9096428804557067,-0.12969500213480012,-1.0176404104220962,0.15553731810085314,0.006012965674207355,-0.19383114893856418,-0.07366030964837045,-0.10041439659522196,0.0
0.004752666566924519,0.09572284910685436,-0.00518720323310292,-0.04562110809275789,0.21779135422788504,0.018731955085005463,0.8724725367146969,-0.991996685653858,-0.18928214551718753,-0.9764957050716699,0.10418949128067934,0.10963622171593145,-0.1892726175706,0.04859178472902982,-0.3913576697094772,0.0
-0.06580592491699624,0.10514169508741122,-0.0781496395119453,-0.009286740893411562,0.20628223405711918,0.01841785869923053,0.840032241558837,-0.9191651006624246,0.021659974433545073,-0.9517794297998073,-0.0394450912081933,-0.017235799592458675,-0.12243758510718875,0.02807028496006033,-0.18287123505952838,0.0
0.0791169995032037,0.14028736481449047,-0.01458751270315315,-0.01086563526345595,0.1888625860181862,0.0826914872188327,0.7853511992336275,-0.9321486422135339,-0.04603453482510342,-0.9264298853733851,-0.2522205873084066,0.007668411137157154,-0.08498088987825166,0.07884647951664374,-0.054827834727349464,0.0
0.03229452388778793,0.1965405032086595,-0.07203348162043179,-0.02577342257993227,0.15668828994731787,0.030718196999422444,0.7855370917340239,-1.0271339635600143,-0.1765364459949155,-0.9763109835819445,-0.0539400245834728,-0.11789935234832143,0.10247303793737575,0.056087343343743296,-0.11224994049855722,0.0
-0.00993507064841758,0.08905728336464855,-0.06575891458707056,-0.052510408176804635,0.10999708805018354,0.08773497754642795,0.8251913961882511,-0.9854840234775968,-0.19862878764979847,-0.8585425569431627,0.00841044892950131,-0.08218137932388286,0.20242175782164684,-0.15500971446409964,-0.13461334494435628,0.0
-0.05944872219808034,0.017271122935300337,-0.07770895188042923,-0.12449836370536232,0.13593223115949313,0.03417478642837337,0.8606222850012486,-0.9971517702780188,-0.10089667610462946,-1.0177915788690333,0.013249443501757285,-0.08427657424439326,-0.011748347177780394,-0.02885149216644245,-0.03288492405657066,0.0
-0.06306637033378698,0.08127160965393751,0.004273840616461508,0.014456768037077891,0.1510363142366904,0.005521451558651861,0.7247331935173554,-1.0004957638592602,-0.1252774038326635,-0.8489057606898915,0.16917239835363115,-0.09465247100370869,-0.06951330645250373,-0.01707925999124866,0.09173949556504471,0.0
-0.004233414070766311,0.12358271244383545,-0.09278457010531341,-0.06155201974211267,0.10389762829658311,0.08489265547244104,0.7795574217592867,-0.986845686420176,-0.05651118662810123,-0.9336598538346924,0.1539359841271907,-0.019773051129904948,-0.19001161781506182,0.0011494757713190126,0.04414044418106941,0.0
0.01072596947877914,0.13659378321536614,0.048085132804324665,-0.014571848326257717,0.1774295819899158,-0.02649972592935491,0.7198232665893343,-0.9722331979533001,-0.06443795648369846,-0.928187786465344,0.17649917461865033,-0.022785653629986052,-0.3288645219426036,-0.010691575316876478,0.04124737235707403,0.0
0.007340208138777971,0.05412358728627875,-0.08006324907879422,-0.10827770349571289,0.1348767647424387,0.006772049210971086,0.7965622040679924,-1.0113781196968676,0.014260107282891163,-0.9371824805595736,0.057180661561890535,-0.05170611380199361,-0.30005043583806756,0.019117700025179353,-0.05120867761839328,0.0
-0.05008027571203619,0.13655603269721137,-0.019148439387775766,-0.08872128221281195,0.12130659941394747,0.023482633405929345,0.6825210004961046,-1.0485691804245472,-0.03045418249599895,-0.9446932251923681,0.07896848883629336,-0.13308503007668837,-0.2139498032341266,-0.19245783784829262,0.004604061479802399,0.0
0.04026976463825643,0.10670805991967766,-0.025664700440493987,-0.08244206571217122,0.13569774935006965,-0.046530980857859505,0.7252904046639534,-0.9919494635689946,0.012542678983077895,-0.8275359378361582,0.056039380728295965,-0.1159844042023693,-0.10589598902294003,-0.2678662459841534,-0.1561968087147162,0.0
0.006614385609890099,0.013211425861760454,0.005690839424604688,-0.04382607152664001,0.2167129319851555,0.01737388751788684,0.7230697035492343,-0.9358821869997489,0.02244638289428745,-0.9103569943683111,-0.1588390765847151,-0.011252779621997652,-0.07009087349382642,-0.3374767154540451,-0.12369426388668968,0.0
0.021615360046246965,0.1932982736431502,-0.07846645648159123,-0.028559350366496445,0.14454104723803265,-0.09375557267073309,0.7794567836637599,-1.0878828007984755,-0.07784105775770059,-1.0016691012420462,-0.05217987748074603,0.03816259058877521,-0.15638364800872728,-0.218363364292982,-0.19823124241020226,0.0
-0.006169603258051125,0.1701186862688555,-0.0714453173187741,-0.08939992663813229,0.21520272701772405,0.03249036573385257,0.6064549252135184,-0.9718774187117329,0.006049245235183281,-0.8917912293583681,-0.19389601261360273,0.019077435952311175,-0.1301845427631979,-0.17623169409973197,-0.13705779921109468,0.0
-0.013751694183500526,0.14413306046112132,-0.03568261216086151,0.09831565029156297,0.1887408665199949,-0.06652025816103024,0.6984765248956434,-0.9729125560115085,0.011154544286080387,-0.8579211950150007,0.02406969435326871,-0.293111182279584,-0.1520571494104637,-0.06322202265839397,-0.04613574619597999,0.0
-0.05868708010024051,0.20837060957115194,-0.05013625494584843,-0.0621155422430973,0.19741546242042274,-0.09600030413955973,0.6344146245153541,-1.0229990645810405,0.08563936975105614,-0.8683614871441978,0.051873243424353274,-0.21274541377882863,-0.14145580828815194,-0.13348639970104018,-0.04379803577501236,0.0
-0.03387549287164504,0.11322984495415261,0.020229778521267484,-0.03862343075557016,0.12687741955210657,-0.04702036202870821,0.5660519162720737,-0.9339532216336921,-0.05796845797222841,-0.8926588290326549,0.058572763244490705,-0.1785872547303025,-0.07730738424500762,-0.19916358006603518,0.0032823490768292447,0.0
-0.05135944123324694,0.17465070758882034,0.02119233758128878,-0.11440584592684946,0.10908158447306476,-0.11386062232415456,0.6927131808327948,-1.016057125180019,0.024190276827518592,-0.8446056630453033,0.10966503189255539,-0.11101982231026167,-0.22701124597020533,-0.08643572531890223,-0.0069856407773910174,0.0
0.04659970715985084,0.15605077006322932,0.05538308838841553,-0.0490721201744587,0.07779672382890383,-0.03921332242360581,0.5925017717091535,-0.9447632627864655,0.14833498269833775,-0.8993922542579644,-0.02946716086068539,0.021771152632942728,-0.14658966790754055,-0.012510032461701598,0.002428174678335283,0.0
-0.07314438703910088,0.08613790057854392,-0.00796920465844166,-0.1248708332103515,0.15488428057240855,-0.048419872847190036,0.5800730497310437,-1.0669969213316046,0.08225890587803762,-0.7468987154608775,-0.14949350513289938,0.012388164961639374,-0.05575972180890549,-0.02493613254911351,0.0981951033934863,0.0
0.06751386356156622,0.1298522424452705,-0.006947916146460821,-0.09815473044171415,0.21257581721393343,-0.09739015929012997,0.5571562000969347,-0.9994262775758096,0.06304617714498811,-0.8005804759156047,-0.08130296952958378,-0.15986498664103177,-0.05889648955002712,-0.09481479701947307,0.08059070258083503,0.0
-0.029455495325855324,0.18282598773872702,-0.01007402948112657,-0.09119093269270753,0.13480414938911642,-0.046055531263661034,0.5457611734829366,-0.9813696926215528,0.08790395190044566,-0.7968314453815467,-0.09779604829783636,-0.1803510588212342,-0.1342571604554388,0.06291526379298938,0.0932108367579163,0.0
0.028645835480454754,0.12718899655335875,0.03551309894926204,-0.07370958455279353,0.20149458274112397,-0.12730407639357655,0.5230317093098786,-1.0749412808974177,0.04092455071957509,-0.7659997198378301,0.011471014660228887,-0.056608134883936845,-0.20343889104985519,0.03823496166250542,0.049531390355877766,0.0
-0.09308583519999945,0.05937782373843725,-0.07217415983269962,-0.016560597355201403,0.11769733084572462,-0.1573186338861578,0.45706582207981145,-0.9087415199863376,0.07837720183747836,-0.8107902518590491,0.09812188638437055,-0.28502821836991793,-0.1672204542534718,-0.019835831853601698,0.04910306049573606,0.0
-0.001559992969169646,0.14621301752720406,-0.011594582862242731,0.021714575530049372,0.2130889658282753,-0.1385870213288516,0.5958318738526556,-0.9624384801865218,0.07760341366790896,-0.8724765723213486,0.18264763926188066,-0.06874505518429826,-0.23817862337907003,0.04926105169348959,-0.025530119033363205,0.0
-0.029003028449153305,0.18215668132852303,-0.025493646356301268,-0.04029437222183709,0.1290807527709867,-0.06677815276435603,0.5197870666693327,-0.9653200960535563,0.11240677788820598,-0.8069348153841233,0.17865287053406917,-0.05646732222792183,-0.2240892191076509,-0.05544434194785665,0.06341995373087497,0.0
0.11880572035260296,0.09303195459074304,3.4919345850807637e-06,-0.04255849008805478,0.164212952585666,-0.2103757875624396,0.34589568822358263,-0.9447072182871786,0.18580555910706564,-0.7964360094452733,0.04686634426632219,0.009636669864502859,-0.1696761394461346,-0.05484649780639284,-0.07156701719020014,0.0
0.0013760500182409506,0.1357184330709173,-0.02314704283767146,-0.044010403615252644,0.2325267809152745,-0.14068178858937916,0.4525025649919833,-0.9491912228928027,0.18299199830277282,-0.8014230980465318,0.14007155246575098,0.01368887118726772,-0.20531083077700746,-0.1943387026449588,0.08207857245765783,0.0
-0.025285351096645158,0.16046653956909063,0.04014176695747432,-0.15101417604660627,0.16388832857794464,-0.1760576169331607,0.46084019013927263,-0.9305395235857639,0.18312084165392556,-0.7593180634618635,0.08033936320440235,-0.08820608036565057,-0.1724482039830803,-0.09438934982881594,0.10937001514521746,0.0
-0.0650989547499822,0.1487763101042339,0.0004956000147353506,-0.020832310898181477,0.12708774545574889,-0.11904314544140254,0.4486670653570648,-0.944370435394611,0.11866680556526085,-0.7649409084787382,0.0371094150895329,0.003942850215298832,-0.11503123149675444,-0.17978183728892294,0.07191711484339718,0.0
0.0024558388094550673,0.18498538453431987,0.05747316883737212,-0.02610125974449535,0.2244266694334858,-0.13748188182810966,0.4932872880971567,-1.0747791215832818,0.22034956966238606,-0.7568868146996314,-0.04705818644120566,-0.013818933597731405,0.07085952414089026,-0.24595053079199583,-0.08042569484771597,0.0
-0.007107807975183106,0.19444751645455902,0.014788782264240435,-0.10457583567625464,0.11094280031238335,-0.176030122702787,0.35798544906471885,-0.9969832443110842,0.24290643012621418,-0.7203613549095567,-0.13974679511594204,-0.3017227721161111,0.020646560758794976,-0.1954762007921708,-0.1327879588954466,0.0
-0.029856373894898758,0.16013590955208484,-0.006408942458064684,0.004331808738518808,0.17772240737381162,-0.21380571325906425,0.34845909592737345,-0.9817541158363063,0.18202042001441773,-0.8028344562858563,-0.08314954481381065,-0.0919737383330649,0.1495615147233935,-0.2918239909845634,-0.055278177910462044,0.0
0.03813922324579066,0.2022972238063489,-0.13304152251177723,0.016696743990028837,0.21711731724275915,-0.21256095771848135,0.41202442301684894,-0.978112882471396,0.1515010264487634,-0.7393616142170747,-0.14941993680993743,-0.22474905895518177,0.04121111130597541,-0.04318904956572364,-0.01049861107935781,0.0
-0.06042121413736312,0.17248938588575605,-0.07020349741847404,-0.057664072413394024,0.2156986984662631,-0.22009436857585452,0.4122083885359537,-0.9630915896069981,0.3176431504343577,-0.812679193056984,-0.24956232279169055,-0.27699129036533554,-0.0732082952675622,0.014192122018840791,-0.13633753838240675,0.0
0.018774876749128585,0.18447595128860741,0.01272140209686038,0.037673509515050954,0.19588239930693846,-0.23549930542104727,0.38690193940763296,-0.997859719890767,0.1710580901962391,-0.7129862866599893,-0.048522204928173954,-0.13402900200535953,-0.139808295432236,0.03322799449898855,-0.19134134623598842,0.0
0.06051525435393445,0.2267092627058947,-0.10192830292848595,-0.03533722990124773,0.17150676571421353,-0.1509899323516548,0.40947906045892873,-0.9117211657338591,0.19610879193328826,-0.6208981253310011,0.031665952068426345,0.06886187551178348,-0.07620425361130045,-0.060005955074593754,-0.21624683430242586,0.0
-0.005238268277766401,0.21107672178578582,-0.0193106685845257,-0.025181895563542667,0.1847427509610498,-0.25898740153753824,0.358895764560032,-0.971786543052122,0.2861328315123831,-0.7836202071808196,-0.03333034718532572,0.028905761751465572,-0.13558652386043962,0.02842701398831283,-0.11635838815113984,0.0
0.028643027009240474,0.19681191332870668,0.008082117840921797,-0.026450387509625764,0.205562233592798,-0.35091820886344727,0.33676772350872747,-0.9371835804021509,0.3169914110739802,-0.7496724378459717,0.055655915051083846,0.08493150780532967,-0.160371247002349,0.017873263025445646,-0.10108384462635672,0.0
0.04450145111531659,0.1003330930859036,0.030185353000124815,-0.06048277182927035,0.14208690657212195,-0.26218128011344843,0.3091367827971791,-1.0010030866566604,0.3149575239020249,-0.6375564364617781,0.1443732130412384,0.07361350531499661,-0.11466440719446547,0.07609381692311049,-0.1409555630866936,0.0
-0.013862356505723135,0.22245726629404422,-0.029568312666171263,-0.03939752017186828,0.17599850450855054,-0.2932726541460418,0.27410473622309184,-0.9776690842877006,0.27817570430371996,-0.6831641659902128,0.30240975914207713,0.03158360985029321,-0.21241684593148846,-0.038351944023789254,-0.17943912498687725,0.0
0.004536707839585569,0.1820496995394862,-0.05441540318926679,-0.09825240407228059,0.2009429890792725,-0.2762877157645926,0.255625458307929,-0.9972884580470406,0.21290587597529895,-0.675244397552415,0.3893982525902422,-0.01642808882980651,0.015238257945312167,0.06978915901266805,-0.35337724927267344,0.0
0.0588770959319206,0.1789256007981844,-0.0353409567907938,-0.10405472847458277,0.15643037837579862,-0.3037253580065364,0.2180652874950435,-1.0678977245385306,0.21890667206463763,-0.668291395629205,0.2914600951947978,-0.07041654740586838,0.06974007450759706,0.0788710622766774,-0.191351236139565,0.0
-0.09513973664506986,0.15684934345892854,0.0018534627435548602,-0.05763783387394887,0.22924988725388953,-0.31049653109605097,0.2581304494046017,-0.8680212488778432,0.3619116993735103,-0.65500408209495,0.2053245249832189,0.1281948793444793,-0.007051615409995729,0.04553673199444219,-0.19207785041141304,0.0
0.11019584870098871,0.0844080686436057,0.05695738825034686,-0.007359632380781845,0.15416196841108182,-0.2184804339813854,0.1813999902436747,-0.8860497769612421,0.33610455484544555,-0.6332871991326321,0.16785286635957478,0.19112653911289407,-0.05029792974396372,-0.027941185261900894,-0.08473623133323353,0.0
-0.025506616989469245,0.1966435113910581,-0.038446962332754776,-0.005596894914049549,0.23501276328285273,-0.3055193646966556,0.29183642690213407,-0.9001105751424435,0.36039448107187766,-0.6069218627490033,0.04623165990604436,0.026569906076809938,-0.15703401913374854,-0.09528317378436311,-0.09134428149802676,0.0
-0.06261540650610484,0.17187923691028006,-0.03098580687464511,-0.04964877240131731,0.18890599538758404,-0.2836923612341171,0.2015639446525562,-0.8596783033927474,0.27578311748336326,-0.6087262075782949,0.015405609764280296,0.05701967519639337,-0.18420847160592607,0.08065594910224973,0.05847143616868748,0.0
0.011325105770730662,0.10610416574668866,-0.025773080218986624,-0.012880536844616732,0.12122157179577926,-0.26135115103859036,0.1113990368312594,-0.878516959990269,0.3504266350171994,-0.6403958464188708,-0.005661516156884584,-0.12307391152829972,-0.19181784371589172,0.002588531540030005,0.23122256890726353,0.0
0.013738423711327224,0.11946872661866932,-0.03678221702184384,-0.08081684967940536,0.18268561918802456,-0.4239052782356906,0.054401604578003526,-0.9571762131825974,0.3128360675159827,-0.6337666673637915,0.033071461186708805,-0.06275358936596397,-0.2848046070697646,0.12374795484627114,0.0918269283111887,0.0
-0.00758125207936775,0.2617376639495081,-0.034125988769808845,-0.12522649153588497,0.09917411759199621,-0.4259701333510797,-0.034901863949759346,-0.8824788198089789,0.2983653125825177,-0.5745018019654413,0.04285749275806024,-0.2516121774598211,-0.12299698871591407,0.07535875090439088,0.2124290269388827,0.0
0.0472005061546764,0.16454222276379402,-0.011792361843332903,-0.07462970146676368,0.12568775513266425,-0.35614970372967497,0.1330606056180304,-0.9190517239618803,0.36811270712040245,-0.6232586537594493,0.1327436527655624,-0.2648713520422642,-0.03513221109533157,-0.3638306358764436,0.15981434047201679,0.0
0.04939436800161851,0.15598452418729264,-0.0799021337158757,0.020342983090423372,0.1796715402836027,-0.38315158090382617,-0.007636907821712655,-1.0089197072342764,0.3816287664167842,-0.5599123368345347,0.021856655375447148,-0.08452248743224164,-0.15318714547994908,-0.27206208111385427,0.2622111887838122,0.0
0.0006055261155720375,0.1342948100874941,0.023015794982416425,-0.013479729994631616,0.3153221351764583,-0.38849400245852345,-0.04770546580925922,-0.9331575043351475,0.5023170947343878,-0.462098897150671,-0.12075346350344175,-0.007105338374042758,-0.032214708338748774,-0.11274779809572139,0.03419322348402187,0.0
-0.03037197375910669,0.14821385354527344,0.00046860411200455587,0.019220655257375582,0.22533051407442423,-0.38592313607073797,0.0440018006847127,-0.8577571163070903,0.3893028679516024,-0.4958264153733563,-0.044795173735661886,-0.08506292078470128,0.0967262526527847,0.05235419297126338,0.0103975412157787,0.0
-0.009324623062326726,0.12859761214956703,-0.047163208907858925,-0.07248939721949914,0.16866655798394714,-0.3826182840228493,-0.026538118888480178,-0.8365469367232815,0.4122212088183724,-0.5573715108895797,-0.041876626970030806,0.031401244090343436,0.056301992818467775,0.039410751159075254,0.02250383950681069,0.0
0.05107605708174658,0.16056336487561929,-0.018602515135379954,-0.04792546442362554,0.16398949562339613,-0.3815388501231175,0.0022900851169664355,-0.9630173565321772,0.3753935253316074,-0.5199288804923683,-0.09565780051348281,0.006156078072284259,0.011174700465343232,-0.06075212666919122,-0.09144716351519852,0.0
0.005354032359236804,0.19761685098320012,-0.010482779372695861,0.022265797689902563,0.17188702579578216,-0.4768665135038691,-0.03707364139472952,-0.8638895946993415,0.2946804733175029,-0.5524155616831162,-0.02148082920525459,-0.1227249140749255,-0.10937442345276575,0.027244922361817157,-0.27032213240276737,0.0
0.03206479131860398,0.15802478633751071,-0.09166403087135488,0.035201064481534206,0.1629403628220644,-0.3884013817692028,-0.14305841838984318,-0.9001897267618273,0.4459771228347303,-0.4794223010414686,-0.08550836400743086,-0.14860602102047848,-0.17080640323781257,-0.05378679260932601,-0.273424310398976,0.0
-0.11317084877475514,0.2588049355361534,-0.039218900892198594,-0.036217813624783185,0.25703753574873056,-0.46125965078622844,-0.059554383887475845,-0.8054074545794432,0.5106083183658333,-0.5562146036336032,-0.2970187027052374,-0.04457884108258854,-0.13673977970992968,-0.09132137796991593,-0.1456547432064798,0.0
-0.049402210526709,0.16390381883215113,0.0435597545335281,0.004213868009325543,0.20434719129117024,-0.4188091021343464,-0.04405573979769518,-0.9868665435363603,0.45399951133711686,-0.47439936190752163,-0.2995143737978077,0.14259005439570124,-0.11556361118152286,-0.08016911728922947,-0.17813076080510515,0.0
-0.01887551878847375,0.2249976195736454,-0.1338049535190044,-0.025099691888264587,0.18865926150487153,-0.44613508437331323,-0.11437953795767725,-0.8361766327662905,0.3608686644604711,-0.47227589991243485,-0.22791599100235146,0.029315696103257557,-0.06265762457522742,-0.018145326720810727,-0.2494868651054749,0.0
0.09310718999110013,0.058349078559708556,0.0611663064378921,-0.04959044784153481,0.24048794716297933,-0.3492031463289782,-0.06750791790838964,-0.952380079443525,0.4848702649613042,-0.525311639347029,0.014605762854980331,-0.0742656468769894,-0.13569855032508854,-0.013449641448249575,-0.33221375692165456,0.0
-0.10520185053641043,0.0960760803800419,-0.06904108749766899,0.02042566702178806,0.2864706942470808,-0.5110304789789555,-0.16810310961109368,-0.8236480811932052,0.31942578781481434,-0.417930895569103,0.011408814964674501,-0.04061095778461086,-0.027161094556689636,-0.13536608173930678,-0.2047389741689746,0.0
-0.023696280101123852,0.13648495116946477,-0.09541905648229258,0.022695307656470605,0.0739463053055927,-0.3985311400673776,-0.09433235734630786,-0.8809854573102816,0.4621747604252703,-0.41507478055220126,0.09496766643673125,-0.10909355798091683,0.05082503328172524,-0.1144714770033149,-0.15667872313434492,0.0
0.07452260806342424,0.11550595918139267,-0.035885990515813135,-0.06790650854939877,0.31367513415158915,-0.44032985859031515,-0.11545886932626775,-0.847428993626448,0.4997445206394343,-0.49694256841442114,-0.06415916584170653,-0.02209338262177049,-0.06294287113858589,-0.034901469239219614,-0.13375570359821143,0.0
-0.0062369771297815044,0.17029799752521446,-0.0394243970902657,-0.017453598607842593,0.1943880182031208,-0.43451568401167817,-0.07957389754819728,-0.8280529451940344,0.5137626560402284,-0.41353645816987394,-0.020085519718010286,-0.0008530986220827968,-0.05799584191296933,0.007359750210980186,-0.17264169768348447,0.0
0.03026726176123504,0.16686043892661512,-0.06865096050843293,-0.061779235083044136,0.2193031399011917,-0.489639764592111,-0.16001405562223578,-0.7969971339078319,0.48942020907192363,-0.40583623584845135,0.024849329767277197,-0.1839946516041814,0.010354166392408298,0.08796812887497599,-0.25723785840998253,0.0
-0.04073069141637378,0.18671727921630915,-0.01071788836548864,-0.026040334557205884,0.13711233760463545,-0.5164216318142881,-0.29369509780635056,-0.788674607482098,0.500090741150516,-0.4714456653852281,-0.08863075883680357,-0.40943580538685376,0.2619402477397389,-0.11140564904114542,-0.23959735545844402,0.0
-0.009848290952867194,0.19704171290663003,-0.0711144957420832,-0.07939135013155685,0.1602809368679719,-0.5193915157423591,-0.3555061664450888,-0.7914097351992859,0.5704775306999137,-0.339093422331909,-0.21036086476809107,-0.33833144283118116,0.2647617616231296,-0.12040296046849706,-0.18953924582356654,0.0
0.04675898754876192,0.17083125097947238,-0.01092750149114427,-0.04048039781917518,0.3332953037774731,-0.5150005773580674,-0.3160011393385566,-0.8957101943277791,0.5133788236491549,-0.32491351472077656,-0.06116126997178155,-0.12267059535950256,0.11123769025883011,-0.20654188946605734,-0.2427446636724671,0.0
0.06037322586443223,0.24494681569860194,-0.007062597429985759,0.050834710724237966,0.07885452844304494,-0.5502025972988762,-0.31243497736100284,-0.8017598723754297,0.5602727712149346,-0.3157937960207514,-0.12208086420831063,0.0021890928424224965,0.20708995011999293,-0.2269220568826557,-0.025339570742147405,0.0
-0.04100197831475827,0.18307488471340788,-0.0005897993397444429,-0.16911454384202562,0.1732436098473154,-0.5378570506789179,-0.2674887703459561,-0.7781365243901722,0.6195156985862593,-0.3774451815601915,-0.059258646295081846,-0.10411624553260783,0.07199322838247932,-0.1089601089726894,-0.05573109725634146,0.0
0.004091162722738049,0.18676405995282036,-0.0034297458250660273,-0.035463091499372795,0.20801886405250652,-0.5142060444782686,-0.33649045099362185,-0.765852031671279,0.6242598171392073,-0.3688416949996707,-0.1309294500836695,-0.008101799566573427,-0.08752510946978823,0.05766610856352221,-0.07849824211112738,0.0
0.03940219310729767,0.269522989046184,-0.013607453025848561,-0.04383500720563077,0.2319545220332462,-0.5067800081227364,-0.29007803364660933,-0.7485426896503458,0.5709789706672577,-0.3419329693569913,-0.07066950592234919,-0.002355943413314873,0.012890873895123521,0.0711887572903489,0.02942961973316137,0.0
0.039201071127558496,0.2338290185662142,-0.00846379516123182,-0.007792122322390772,0.16641674182391838,-0.5202486224199507,-0.3631874830276575,-0.7447780424037621,0.5960028508236889,-0.23645496005729677,-0.0849599385022214,-0.08795881800290664,0.24187848994059438,0.09901889743047715,0.11362717148908573,0.0
0.03756085506884361,0.16378730561554541,-0.020023859853170532,-0.09597664579061041,0.27189249593457676,-0.4992752484498014,-0.28493658500018715,-0.748117698706585,0.6367131194607276,-0.3284304849763897,-0.01917913601575584,0.09236490160995298,-0.009744856729650142,0.012328275367061312,0.3333512974992421,0.0
0.010164396302471393,0.22838430729660736,0.022392736652509432,-0.08098573860436081,0.08096440066117495,-0.5317163467568589,-0.45754331876997356,-0.7486443266680971,0.594829969825828,-0.2863660470277796,-0.16059806000463658,0.2998216089472473,-0.07046514267085797,-0.06050559273134121,0.23331056375471831,0.0
0.015508098027662301,0.2267742048605753,-0.14242798142688043,-0.11499419368353672,0.1664063413958434,-0.5352886247166672,-0.2952968062255694,-0.7535686827575868,0.5745318198616863,-0.3075395442730319,0.0012665905200578559,0.18224178791342827,0.01174906971545546,0.05192939791157114,0.1711543850486834,0.0
-0.014519764480355322,0.2475603243301725,0.018983199339024447,-0.05434062152670348,0.2024826086453576,-0.5555706594328623,-0.43153840249519565,-0.679829794095645,0.5528331075897283,-0.29887276196985346,0.11804957175486272,0.15689682522745574,-0.16400714316718823,-0.07984397867475185,0.23953832830407565,0.0
-0.013477190471987088,0.20452548516617364,0.11779244970346019,-0.08570340671511201,0.19196029389830072,-0.5934940952932886,-0.4666003454955839,-0.6955179220850929,0.6048945395148462,-0.29429002683878985,0.09362235594930976,0.10246587305821825,-0.16375195612156987,-0.03726912771619163,0.15754863408141123,0.0
-0.06328846796268808,0.20096142102602596,-0.05355462310265649,-0.08297982174133389,0.1972225761374661,-0.6369862087733923,-0.3976301963526123,-0.6328106063021006,0.6874957370592415,-0.2963455835986376,0.30419725070160036,0.2091270243578441,0.013141854934592329,-0.06873566079058124,0.34091917964904944,0.0
-0.05684940222733051,0.22057983047586932,0.044758741577990646,-0.04280250308574257,0.24478544491941318,-0.535872652000255,-0.5221091578021254,-0.7015516060154259,0.6619011944823499,-0.24374759461941484,0.16580047773901915,0.27693834658226435,0.11943842260957596,-0.024715358660918223,0.3014182653123475,0.0
0.010818002232146342,0.18282718959904956,-0.04662658234882068,0.053487828704726126,0.19878315458970489,-0.6279901019247819,-0.49207657969277907,-0.7521652455152538,0.6404716828770942,-0.3188753279052194,0.1836137303960439,0.29563232673311235,0.20412768616401555,-0.12210349194115176,0.34384186435549025,0.0
-0.0718676603240933,0.21254653459531472,0.02584352789537045,-0.007386250870460447,0.1696417390533842,-0.677703639810679,-0.46445887985270085,-0.7466239448114474,0.613471582021507,-0.20533618403237927,0.079785465317401,0.17308719200150055,0.3671499041703875,-0.08180932069703316,0.18550049729779106,0.0
-0.022294611979292174,0.2012701096161859,0.0016075601308194083,-0.17743478944966995,0.12348123886346582,-0.5906093424255271,-0.516848539248294,-0.602494991448808,0.6675660251258492,-0.14423075646730693,0.027851135429080503,0.028870183497627905,0.27781340051082004,-0.07742196758520359,0.18189680684384962,0.0
0.04626953978325224,0.16575224496013602,-0.053811303791913706,0.011342996750522277,0.2501205433256471,-0.7135893650330329,-0.5590001056845268,-0.5485241248143151,0.6166075009371681,-0.14358584212368125,0.1329835920251138,0.0064927875908211505,0.0285208441873738,-0.03793353612353998,0.164980297038872,0.0
-0.018701222567735626,0.13871632323386587,-0.07636898066684422,-0.006505471158190494,0.28388474640151606,-0.6000018833170795,-0.5885171187677195,-0.6662265700865337,0.6445912322612702,-0.23701453934344927,0.08053785102489411,0.2041752087858454,0.011808560901601805,-0.11173566545750344,0.13121744738443483,0.0
0.0071506455955234905,0.29097272929133283,-0.07038105043163467,-0.007096727016526583,0.1043973044600966,-0.6667100538069026,-0.5638969086055059,-0.5594938975393472,0.7674162608054186,-0.18123754634026298,0.14396602055290172,0.06481843692246832,-0.059515333081852216,0.05030285027691704,0.1460449477667859,0.0
0.044294676673582806,0.14689214319415111,-0.03184556560444823,-0.05579273153989733,0.16087664703798446,-0.6476002604468338,-0.629346503584061,-0.6387777687495074,0.7087522425745835,-0.1679360794037174,0.027429580189418476,0.030531308568163273,0.058438685505583336,0.02509241516149327,0.04481961564734514,0.0
-0.0062613616322130805,0.15457669472549324,-0.04957817790596729,-0.08900316851421655,0.2004739002540211,-0.6788821085056911,-0.5640640300334522,-0.6042360907627731,0.7345288278551676,-0.15631483150595898,0.03839872160199104,0.011571720918565873,0.19675557861155282,0.03445972118384612,0.09302548904373889,0.0
0.039093066867314605,0.13992511631561144,-0.013336572432948253,0.03966331139602361,0.15662842113008807,-0.6798442752503955,-0.6800645616671008,-0.6275568358880437,0.7887191930592736,-0.1092355404638165,0.1463157206438284,0.024295321145758227,0.04830557864122072,-0.03364844060095376,0.04117812137528898,0.0
0.13002896082624446,0.20575249537426082,-0.06053859338691685,-0.1087856652682527,0.2712045268019019,-0.600925754438497,-0.6183017875041271,-0.5904568026340771,0.6606826067453512,-0.18264125411747145,0.038633985560801276,-0.04544899066239387,0.14149270323884883,0.03262951575290548,-0.11216817659021476,0.0
0.025152988333841917,0.27987437201280496,0.029240994609348946,-0.080210777238058,0.21914865330851419,-0.6919226978073573,-0.6078041900344477,-0.6121649671808925,0.6030426354883438,-0.16408380192531719,0.058194555679618225,-0.13302703792477116,0.16997425616796186,-0.035752962894179535,-0.13080473512483354,0.0
0.10175936022787026,0.22128109457529288,-0.06509639969743022,-0.015114488436251652,0.25628861726945923,-0.5372614223480316,-0.561901134833216,-0.5314486161541071,0.7583047618213454,-0.12654408407148782,-0.057514026574525604,-0.12896633076152608,0.19090367043710646,0.10841137017135338,-0.18030402582478403,0.0
0.048674401224324926,0.1872176729125043,-0.02590540622013738,0.02880928064504025,0.23810219021420367,-0.6033838896778073,-0.701318844939901,-0.5006710806750353,0.7222234606795785,-0.0822935482773513,-0.03956203143736678,0.059352513982024735,0.15309936535530286,-0.08228949746677619,-0.20680451593376192,0.0
-0.009723188476667668,0.16922892232883485,-0.06625453628317132,-0.08667383915618611,0.1867310709981224,-0.6867219594233316,-0.7259660399519776,-0.6057468712275935,0.7054642112499332,-0.009331603540730121,-0.006073045140495042,-0.04254378289842583,0.07632002822971558,-0.09577219561045397,-0.0922330046867092,0.0
0.03506394461772233,0.27295864402630937,-0.05638715870477825,-0.06708044946653113,0.17825891696571622,-0.725093290693581,-0.6536130657470118,-0.5806181413344897,0.719904495529501,-0.05147895556151447,-0.07937273572146276,0.001237719612170108,-0.042047100474053606,0.10604556747282193,-0.14874794413598846,0.0
-0.023589519785799887,0.2507424608086717,0.0195022445449905,-0.11351476040598782,0.16294517920329787,-0.6632742746680437,-0.7464896173245048,-0.5328390805500473,0.7073664308591484,-0.07915912222157093,-0.15090815485748665,0.07908107886428636,-0.003843152117207444,-0.007048179876293428,-0.22686784090943934,0.0
0.05103934869973126,0.1830454230168726,0.08790723656213079,-0.030423837730141304,0.122267383197977,-0.6359682896100164,-0.781375814756113,-0.46670678896572815,0.6647273612509199,-0.041929461758320866,-0.08189064803616442,0.15458428556705583,0.09467219668137274,0.0247339682046043,-0.1071888487195369,0.0
0.0469685938273824,0.20398871846930447,-0.021692823140878652,-0.1141335645683804,0.18730362837892756,-0.6623815560823939,-0.7264461174747983,-0.4799687243476754,0.7669769295434046,-0.0662927902421436,0.09948278675013893,0.10130936540146811,-0.004756232262179985,0.22880232375409182,0.16603589500571186,0.0
0.08813771574531734,0.2705552035600451,0.014698054338538193,0.04692244283012788,0.18363616964467572,-0.6846455991412381,-0.7912974512786143,-0.5171273032562856,0.7576870237818957,-0.008177901755909265,0.09615517038045598,0.05949712178995301,0.15568441757506984,0.3188485040780407,0.004440293063973089,0.0
0.013078023171712583,0.20447395520896172,0.008814073096625755,-0.06428061726391733,0.16602953655866634,-0.6965943160136813,-0.7881682552063471,-0.5073708446273985,0.7140486820039859,-0.052636709304877356,0.024151912208525042,0.011867084414175284,0.09086248391903978,0.14151457268204798,0.0699773412044641,0.0
0.059676499971127256,0.2756972277461166,0.0712470700920768,-0.006313545440289357,0.23558762215092469,-0.6554860417407493,-0.7672152713251068,-0.5519077620731472,0.834735228694253,-0.05356868080746369,0.04014456614059071,-0.08429050708958602,-0.07066329563949428,0.2003258247564817,0.1947266514979769,0.0
-0.02888414982949377,0.14558659228123538,-0.06433791000419958,-0.09850714693079236,0.20341787133158595,-0.7578897936544778,-0.7414094001468051,-0.46209749929080496,0.7466004004000552,0.06891942737001817,0.1102608471699611,0.020014477270555102,0.005178035126184512,0.28296065831843287,0.0944882231760831,0.0
0.11265481006335619,0.21899148320687417,-0.019055593012036118,0.003771041279920881,0.13556689360309382,-0.7234661028218298,-0.6942953808904986,-0.4547020079242467,0.7955054562733557,0.11016675504382184,-0.06945309844138757,-0.04966008218429531,0.06429226847884525,0.17874331288850007,0.045808606056434026,0.0
0.00035587975702189995,0.1934880559392934,0.018692220528743593,0.023585065722796623,0.285518071433284,-0.7337282477162205,-0.7631942528638234,-0.40751271917678383,0.817910186032191,0.12391708593931916,0.0649277170838787,-0.030153000580456828,0.010761729546943287,0.327898508942288,0.11294653586956298,0.0
0.06328924517887718,0.25150930879393396,0.02141378701323702,0.05942173302823188,0.2086592265545518,-0.7787810963205618,-0.8057258731187483,-0.48762216397816927,0.8259130575030184,0.034543746325545764,0.11121290708347104,-0.07652878039070772,-0.013466718906425791,0.12909320062189383,0.2279805605309232,0.0
-0.035064516048572976,0.25507559918920475,-0.0840422985110346,-0.10260648584377452,0.2193085971782892,-0.735884557482508,-0.8201434312909486,-0.3771935114786314,0.7245666660093539,0.04823581332376796,0.11287857410194718,-0.06286501383006718,-0.0016670926626591084,0.06123216859888385,0.31997763184863653,0.0
-0.036638495219120465,0.170290350910261,0.05781259654569024,-0.045415726883201536,0.2969764743800322,-0.7190869217566775,-0.8328388905785079,-0.42641156551356646,0.7716148295635566,0.13567071432782446,-0.05886685296807252,0.09010005346073152,-0.01883926958419887,-0.07058829947240958,0.32560534653137,0.0
0.0528737857946365,0.18960991082914458,-0.005305482614466924,-0.07779114479057488,0.15507328189922062,-0.8116925472266602,-0.7361687472480664,-0.41157615932320496,0.8104919679168872,0.02906548549703375,-0.13001257901625551,0.09926175487915712,-0.14481567756358887,-0.1422585531357029,0.44045512046788615,0.0
0.009553721996865366,0.21807638797263526,-0.1184427746417861,0.028024459081781222,0.2716002137282071,-0.7615773381878705,-0.8003462969114321,-0.3799612732931467,0.8463294850402411,0.03647128979481101,-0.21319615547746956,0.10705596597266893,-0.14054443639488257,-0.024036150920434665,0.3601024752684251,0.0
-0.06276599377868647,0.27371206377521257,0.03940860725880696,-0.03301988694713266,0.1804266800628769,-0.7598961898527199,-0.8432974999795498,-0.35832784427983094,0.7761289682156908,0.09829154359228132,-0.17957644542641957,0.1383559058639974,-0.14955215043411949,-0.06044977671389895,0.2314937579038981,0.0
-0.04974388384013209,0.18220723808503408,-0.02500173834987701,0.015550486739748189,0.27115468631254236,-0.845709134359335,-0.8326345030887121,-0.4221377814350304,0.8083491178281863,0.09961198607553333,-0.0036000175259704448,-0.019036065848718225,0.013077403492133016,-0.051511962361772634,0.15511935603506058,0.0
0.03285401563246083,0.245866957710235,-0.07092181620372082,0.007877211135921242,0.3382773576395901,-0.7350931204535373,-0.8887137356266392,-0.31213004696040336,0.8070604253586453,0.20924709198521393,0.05006919983586481,0.13151904629942066,0.025289448888944206,-0.0017190287882503374,0.2652066713328286,0.0
-0.07947535768493481,0.20310059516291723,-0.08638089864008194,-0.07516871263412284,0.16580883834207583,-0.7142098015752064,-0.9623904014752369,-0.27168241994066444,0.7992319738071976,0.159336185849574,0.20712109902892867,0.07918771634424902,0.15226806701719955,0.03876450678671008,0.2042004573534253,0.0
0.03498637667415516,0.238133954274493,-0.06542823386334894,-0.013078570247169411,0.25812005031084373,-0.749768112838738,-0.9303346241652951,-0.31626044560125915,0.8177753864974104,0.18533065528996923,0.22440308201547648,0.10736615144422634,0.10929420810408838,0.14465207336669028,0.1966292289109799,0.0
0.08531653242712117,0.21285572754564244,-0.05703592456706333,-0.06349526027705457,0.2216048394575324,-0.8602505890399492,-0.9099987756058467,-0.24997253053432855,0.9326260950514904,0.122117027072702,0.23688325108122738,0.01198498358606969,0.2636281530741258,-0.01664559027057126,-0.00012030635949597523,0.0
0.00717278990338828,0.24421520506709773,-0.012000225701241974,-0.09112572368982494,0.2457369619533448,-0.7701865066039917,-0.8888121113707712,-0.2960496254376792,0.9545218624803355,0.22128325166558013,0.06812156429497845,0.02580764770341476,0.1278869708405707,-0.21500509216561897,0.030691670828944976,0.0
0.04797482964209489,0.19633169521199897,-0.03864564123405494,0.008646561944225223,0.1865537902545013,-0.7637746273135744,-0.9520401689947351,-0.30060344894548036,0.8677349644791269,0.22979100811959993,-0.03583852797650997,-0.061932187541371836,0.223854353365145,-0.40402291292956405,-0.11489578166018473,0.0
0.055501968815204125,0.31860235045990754,-0.04254465498976616,-0.021271553405747864,0.19938577178013456,-0.8310145675537278,-0.9647559080901672,-0.3251508134034283,0.8751276075940834,0.08059003346789001,-0.1689560051595481,0.0728855402397327,0.2258298143545604,-0.40693284833627735,-0.07830040132738128,0.0
0.04141629559161941,0.2650696808191109,-0.03217956782033227,-0.004945284646137485,0.24796132049247616,-0.8200575357417192,-0.9302085605513147,-0.13754302559200543,0.9058361712253888,0.26623766909635727,-0.12669354720811982,0.07315910037265064,0.2641245025833294,-0.274065490641045,-0.17780347387408998,0.0
0.04196284445230768,0.21665364283123695,0.00636853131008034,-0.004588058885994364,0.3352874008875577,-0.7553781023083309,-0.933843743962814,-0.3477525420756037,0.8632098420240772,0.3073266254176888,-0.18088621603576238,0.25198380244061813,0.02774347800763932,-0.3387876815876132,-0.032062954820738065,0.0
0.03170590128437545,0.22792361884409157,0.06667019656621187,0.056158237604542235,0.27025495069200783,-0.8636100588593314,-0.8732895005379256,-0.20760304946258043,0.930870960419607,0.26164001353981514,-0.20100301069320006,0.23565882458832688,0.12547339595550877,-0.13913947444679947,-0.0625129350595629,0.0
-0.004405573338639293,0.256007860675442,0.05413966896312762,-0.05887311260398777,0.25611300750926785,-0.7843265317906877,-0.8937680868613315,-0.1614311292079565,0.8795579754584067,0.28654055911424137,-0.25864104267942434,0.08412498860289026,0.003048355977432332,-0.03625083827838899,-0.1924256409568531,0.0
0.012699979232692605,0.23977202396663666,-0.0778573088471138,-0.03434041173794187,0.25931612541060245,-0.8237102400031846,-0.8972405053959653,-0.18835052188884596,0.9158300782513444,0.30675135586305396,-0.12614852957899952,0.02210082894571736,-0.040582481429667444,0.11578844857895522,0.021214816563907973,0.0
0.03124255941863085,0.29336676434430753,0.09528250598144476,-0.031583992190301384,0.240441966678317,-0.9121713848661309,-0.8442490060984043,-0.13115026704423394,0.9148264935363042,0.22676529925547848,-0.1564961076611411,0.06006860999092536,-0.046000641105348745,0.2659193072075326,-0.06863603675962232,0.0
0.05080058590501979,0.2317701907811589,-0.12661250038261698,-0.07590167294865657,0.2936587468847973,-0.7526554711910942,-0.8970387458432424,-0.2261712852554311,0.9533622999268536,0.21868798239345905,-0.1599205656515666,0.14437444278519215,-0.062469911702460024,0.25539446532111415,0.13621744873570968,0.0
0.11612483650256843,0.26292671391448474,0.040362097783472946,-0.04274824975485996,0.1512675781209642,-0.8372788665364261,-1.0151610094722419,-0.16549519080983568,0.9081879269949725,0.29722012478851645,0.04357519992715099,0.03734488903089418,0.10402379603507769,0.2592721161907417,0.20479989468373205,0.0
0.017810706564844854,0.19976866367115353,-0.022184045838064534,-0.010642960351679331,0.24835363949630482,-0.7754923253474854,-0.9422682176337841,-0.1143391358052904,0.923089780284577,0.3758461626931015,0.16012308778990017,0.18953560219732488,-0.10306878369971015,0.2396201729666228,0.06205228078415789,0.0
0.0475574313063576,0.23699819359388458,0.013598663221133057,-0.03895807322273281,0.2477810906155652,-0.8715302562837005,-1.0288833264305053,-0.15427149778158725,0.8870551532505924,0.26133419163635263,0.16709331833661334,0.0758827467871073,0.11956243006626795,0.11356126995262078,-0.08292580891235202,0.0
-0.015920941899835048,0.2536855589801304,0.03665364663032237,-0.0013183639401610492,0.2093672261578765,-0.8904651177407591,-0.9513627859474858,-0.19695264175287097,0.8982916956049347,0.2722647050690423,0.1912156073422288,-0.05654078855471878,0.08238992690549049,0.11473719064945845,0.12299718748615943,0.0
-0.034168607218754046,0.20936405532815636,-0.0010521963547871806,0.06478412521397467,0.27502899803555153,-0.8705340897125416,-1.05750041285056,-0.03008100614967163,1.0127335936456872,0.3747146983495481,0.005669608165284543,0.02525025100661203,0.0028524073401796704,0.16455131051600694,0.21730640500100584,0.0
-0.00752422381947522,0.3018671128231607,-0.06598573547529349,0.007481249803163351,0.2051417007353699,-0.8892409935642838,-1.044585608057521,-0.0837763924298615,0.9336220053190968,0.25421247844832096,-0.14574823242657187,-0.14005683446630773,0.1368950452047617,0.027542578374201626,0.15150064571329633,0.0
0.055481507080606944,0.21269943732671256,-0.06166465442125209,-0.06621995505883314,0.2710077757950459,-0.9520073598033725,-0.972293245453534,-0.08414678009990635,0.9688887215321428,0.38439175380055285,-0.09729418236338136,-0.019794844790949756,0.2544858994338663,0.06299443893606303,0.149056164251395,0.0
0.09195995073044781,0.22313428690383058,-0.056237555486977696,-0.017926050987378567,0.2505785315410777,-0.791603096172881,-0.9920619655384239,-0.06245508369321548,0.9447163758925052,0.3839805841838112,-0.0810657897784334,0.08481616278517372,0.0808472111811676,0.041204854705281485,0.16816066105888255,0.0
-0.030506632669363598,0.266825878512672,0.02826288811289271,-0.05223121197403932,0.15800927383371438,-0.6945134611945886,-0.9171348603410054,0.015604417711301596,0.9372787145618741,0.39527899152453605,-0.045396310593750905,0.14509432638789566,0.08877703742018378,-0.034401924778739226,0.35779574292118466,0.0
0.049312948838982344,0.2507329315922486,-0.054431610759046074,0.03382372362137388,0.28314454777910203,-0.8932570607338275,-0.9866257708102877,0.0010760799527949616,0.8781299583595197,0.3867415118815252,-0.03852807854860883,0.15473636399704138,0.03161931662225599,-0.09631718497595314,0.20450492259993397,0.0
0.09185588194166058,0.1814629667437766,-0.034444921731460604,-0.05746012268691901,0.3308332632095422,-0.8589065925983485,-1.0327804888816823,-0.007441131447050615,0.9807471976537007,0.3542422796433764,0.03789075823844609,0.12162236856173635,-0.06513183128696265,-0.13784243326010212,0.10126324845425791,0.0
0.14678842464501368,0.26615645358509016,0.023903089446968555,-0.015104080637817319,0.22500504352857345,-0.9177205118422767,-0.9864739005389879,-0.026281753100139544,0.9425663286001371,0.39211302082125515,0.10747630616558305,0.14426193385339126,-0.054911810982060924,-0.041807319711751306,0.040262478424442784,0.0
0.04269507538090578,0.26394073666933016,0.035347077714449206,-0.04167184771120038,0.23309399121911992,-0.8840017015534606,-0.9583405187592988,-0.07204198978504728,0.9617634660413568,0.5084237265256831,-0.0055451067367480456,0.12723166619962034,-0.12258244014406236,-0.020297159061917692,-0.003841482994407789,0.0
-0.023616017884731784,0.20067651035703893,0.007649385879479647,-0.08095317399190739,0.299070887266854,-0.9893357511413972,-1.0127201252474745,0.018388215776026874,0.8858936835690667,0.4395769429984383,-0.005224937024451088,0.07377671121352107,-0.058712247836868625,0.053943011781467015,-0.13189308757527404,0.0
0.14794347890094645,0.23957953738384968,-0.015389248738382676,-0.0637520876978916,0.23263989538923838,-0.9115743493101484,-0.8617669505609341,-0.04079128909290573,0.9340185865221367,0.470848863703475,0.04318541872455501,0.06605313490079688,-0.0685672049015798,0.09979105345979344,-0.1939122831313329,0.0
0.04061100066904327,0.315903798187523,-0.036939450624152735,-0.0646454258389452,0.37302613042452004,-0.9319885911059207,-1.0988810314064341,0.06622400600106557,1.0190186476509246,0.4907165705582145,-0.12568595617179443,-0.05250381819164613,-0.09523685565122998,0.19312480209188737,-0.16026838730945567,0.0
0.03271723476105509,0.25074453424479354,-0.0729503843995614,0.02081451330794208,0.2988893843641909,-0.9306832079457146,-1.0712212473251694,0.1832482638783639,0.8960471740180247,0.5197154306357727,-0.10481360487553427,-0.2929703376297208,0.08737202569667647,0.20871797806815645,-0.2800355085430749,0.0
0.01431013353122514,0.20488207574137832,-0.02296711107541182,0.061361377928458485,0.34046048404048007,-0.8217165955180324,-1.0777005631713572,0.12057435294029627,1.0053260750236603,0.38531987427083053,-0.09234796497612931,-0.22799119560346393,0.11397316934948842,0.025995154382321736,-0.41853052157998755,0.0
-0.03736153710527616,0.30280996903675655,-0.07990541126416595,-0.05676709564603366,0.2671355329300342,-0.846131386994157,-0.9675721802848678,0.11303127355097223,0.912458835117758,0.41503791335332296,-0.0919887506297617,-0.18743183277252143,0.10022290834959827,0.04691246570091607,-0.6129698526335166,0.0
0.01392968091082366,0.30553829381152114,0.010024422735682437,0.03411830487323399,0.22257357974066055,-0.7915831530898019,-1.0915776061436673,0.05305058794495551,0.9610491130916083,0.5253627357703665,-0.07125705362929152,-0.08770400364265742,0.0034406491911732062,-0.002170065531007903,-0.35702262645374644,0.0
0.07751204970045751,0.23636516210034564,0.07147832632824357,-0.08424276138834824,0.14797262915748782,-0.8973535159037878,-0.9545081352104484,0.19833504747124175,0.9733544793915678,0.5452084915697768,0.16960652608883459,-0.1268581943767551,0.005949935420711912,0.0168978184199729,-0.33569736981448933,0.0
-0.045320322230811894,0.3058186946769938,-0.11423970217759818,-0.000890226553250828,0.25822564771506307,-0.9278678497451962,-1.085591108866129,0.03537727355580132,0.98056403768192,0.510284032292438,0.07028129067370045,-0.06918678136547522,0.14281123623748962,0.015820944645018514,-0.43226922059472656,0.0
0.10210710768973322,0.31807043733654194,0.06487657201600579,0.021695015977816375,0.2444632899068933,-0.9223927403951195,-0.9079393471493037,0.11281450648051333,0.9737088201292149,0.47692220013868314,-0.07037544224204867,0.016173163678993185,0.08276390092917384,0.06681618346071246,-0.34955791503382827,0.0
-0.039649091732160205,0.2943734154629146,-0.012581956448082701,-0.06889519310930164,0.18258858098749076,-0.962883030436167,-0.9989821928158977,0.12330813949925831,0.9278904985359268,0.5240169583055967,0.0941662877402131,-0.04441537786613461,-0.054822304759900325,0.00363418017551672,-0.11639680468870733,0.0
0.09439399030905482,0.19099781841936922,-0.01650455507720162,-0.05387384011298585,0.235062015650314,-0.8536292879029486,-0.8477500672652354,0.14592846110894883,0.9210733793900172,0.5751159616858308,0.08301105875749706,0.009313785224704121,0.06573125487387341,-0.09425124690996946,-0.24181128261252322,0.0
0.030411029370172246,0.2574775315354211,-0.004716670093422044,-0.18902570877976,0.37825159378528506,-0.9304235436400641,-1.0255346162175059,0.14258624103963533,0.897428392165591,0.6531326838477041,0.12589749408469614,-0.025736235734405255,0.05291285397152158,-0.1790676328701952,-0.1764899251882889,0.0
0.07524347387616895,0.2272395574358899,0.019671300344190144,0.020660835683342933,0.2827450488542577,-0.9772875828356451,-1.0338591618619863,0.09846864298953074,1.0444421525705527,0.5810166803776318,0.07183189653395493,0.016331702322620628,0.24131581673504182,-0.1037044557080342,-0.31292513192061255,0.0
0.014197732491745888,0.17302569351555344,-0.005724079008582214,-0.04800873722947062,0.2845229513436527,-0.9247090954972761,-0.9121039601814215,0.28497879026178347,0.9869977671568546,0.6182037508742863,0.11834849318597582,0.013858158434536631,0.04542873024111241,-0.06444702754837837,-0.19577241763494926,0.0
0.07592829174088897,0.2498126933506331,0.08717982362026838,-0.09173817026782681,0.30947826265033407,-0.9403960993761986,-0.973189140368837,0.3084261957448409,1.0717993588799017,0.7047839454649071,0.06266551486673677,-0.10837489446227712,0.035128997209446844,-0.05294116085858963,-0.08967356365887955,0.0
0.07261131192428699,0.3090689204905592,-0.000968572116968193,0.0775618527119016,0.3155344367839016,-0.9762333763889935,-0.9298500791274595,0.2115372256473407,1.0253997910525698,0.6088785480661844,0.1436535467800672,0.04220843239132692,-0.027811203681301862,-0.08655826393546033,-0.0031547883603343096,0.0
0.06103185199812,0.30323812545636925,-0.06613890015298395,0.06087684915950076,0.28938032759744886,-0.9180423294912534,-0.9609833210883165,0.25260881619016384,0.9279215314054766,0.5630456376640048,0.18544520025525274,-0.17307538617623597,0.013128278435430824,-0.18246516544731028,-0.40862215047403133,0.0
0.0641411583629062,0.2853241212319839,0.07369517712921428,-0.04841549651798142,0.34733965762116736,-0.9498891659795847,-0.9873698417312406,0.2591250142559017,0.9377863333294995,0.6809283673918946,0.1966877266058644,-0.11329144782088776,0.0015064053409249096,-0.03156074900394715,-0.24259020553165883,0.0
-0.020417317701129145,0.23808639707339024,-0.015651315401290833,-0.012746243524501297,0.19357096600837514,-0.9684488600259319,-1.01642157416093,0.2707937900569465,1.000549515585961,0.6041466986888953,0.2743970640905522,-0.1228828103423726,0.10838183322274549,-0.1506151464249652,-0.21655026220376986,0.0
0.10107752697600192,0.26739295816899017,-0.026748857626702656,0.12232057229222357,0.3397180177453545,-0.9708237901585586,-1.0378368999957137,0.1899539709916228,1.0134952924596752,0.6046999206915619,0.17358127845195034,0.05792199813208336,0.19988695457858754,0.009227815596608471,-0.11408590226928943,0.0
-0.014447188221956092,0.36043963916041855,-0.046297528585004036,-0.053643073827777124,0.24554861371333753,-0.9553227668595702,-0.9541218697010632,0.310847157331673,0.8846357351858739,0.6858724144706626,0.2449107780208844,0.01377092879937098,0.13171652807573295,-0.06991007828581797,-0.12884481389544294,0.0
-0.029407820752990144,0.264592794482989,0.08288204124936645,0.048884980300666056,0.2677752223907745,-0.9388591291590792,-1.031669684298458,0.2212037264412616,1.0201456179601227,0.6994371663245613,0.19966926152625356,-0.02035065495410228,0.006107805399961558,-0.04309300037736682,-0.03591876458219519,0.0
0.038393903026340485,0.2573844645441203,-0.03859299797382858,-0.010846635943346429,0.2989565714894478,-0.9449906763941243,-0.8808561174255223,0.37416660716555333,1.0182949630965679,0.6830744001449961,0.16630955884880172,0.011655272500071893,-0.08077191286595775,0.09823477360448098,0.1172289594172422,0.0
-0.02219131947456883,0.29387407277127414,-0.026128075230357237,-0.07438014173957938,0.22834563331158667,-1.0049789723570728,-0.8854881779443593,0.3461753528110551,0.9266775963534805,0.7227985353139549,0.1210468974732614,0.010069011320045633,-0.039380454582046,-0.028264303497320432,-0.08745150572824754,0.0
0.010042011372618988,0.3778731787160015,0.026112736386368178,0.04991636207844427,0.2704831377131785,-0.9362558606805081,-0.8893298036426108,0.21173979669667126,1.0003832672417408,0.7318791487908967,0.22845349674995474,-0.030373936578247426,-0.13750012083396293,0.044400199767778196,-0.018578718106012186,0.0
0.06747095458991631,0.31245104157383297,0.04128483303240257,0.002150478311515519,0.33330877207819476,-1.0291258772668,-0.918316853699684,0.27844851643146756,0.8755271890844881,0.6173903294631888,0.21978901645362403,-0.06134948193545294,-0.14163168400516993,0.08012071169348062,0.17119547550336545,0.0
-0.0032101668162519553,0.18700263739974704,-0.009584521408916552,-0.09052863430726997,0.2625916507925167,-0.9761761784891987,-0.8746420630583527,0.3840030103221078,0.9760816949865336,0.6562127025927732,0.17869911600412053,0.019258051020256538,0.08806662333088604,0.19511694734959456,0.3278795305340405,0.0
0.12383340555437752,0.35058915896923765,0.0021658815893121526,-0.0977083447030811,0.3232925312120197,-1.0233490073106526,-0.8018700616087225,0.3641404986113192,1.0386769180602655,0.7573545171068595,0.08825416534774919,0.0654477847166781,-0.028155765455027904,0.1084047851240105,0.126744938688191,0.0
0.02945429805760087,0.21320175095800598,0.01229239633259542,-0.045279357607312665,0.3081048933337999,-0.9520335446925441,-0.8659707570313709,0.35918078938120246,0.947627201993803,0.7451929348923404,0.1504333955417492,0.06554366399414235,0.03982810370104734,0.16621539277495762,0.21411310987314247,0.0
0.13947469245558722,0.2744465618649445,-0.04381087814391123,-0.06876590015474718,0.37152391450314187,-0.9973626225181796,-0.8919709025855362,0.4109712318526268,0.9839040277715038,0.7008166484373674,0.021510240929259933,-0.051553159453962,-0.11175542869943154,0.20063900296529627,-0.011870796206443629,0.0
-0.009104300082676903,0.282788703595693,-0.03909034501992438,-0.044076867497247166,0.36636728544343455,-0.921629067141106,-0.7999544745078573,0.5280531619124194,1.0154429542035825,0.8582648537204103,-0.09280702233992476,-0.07547900311008443,-0.061227655254323846,0.17486081689421348,0.009281203569457904,0.0
-0.003070456987653465,0.30674162079569184,-0.10937325877635601,0.09579932891594536,0.28424609243859783,-1.0066360864274473,-0.8684463979003317,0.5066448700630778,1.014009199760396,0.6892355626413107,-0.08615309244377148,-0.0321992882414842,-0.047452748825144,0.013770322577520394,0.047053075764087036,0.0
0.09532098263276775,0.2870816294441745,0.026555780764394264,-0.0101975554035637,0.22697896142703505,-1.0552125951164038,-0.7693899369128137,0.4169798088788776,1.0372372697869015,0.771424922241678,0.04349066470939679,0.14278500223166526,-0.08214863511422271,0.07048224871096896,0.03697939900647797,0.0
0.07281437617136788,0.34485959400562477,-0.06728945228089374,0.08413367503071771,0.20895084452329277,-1.036576057893292,-0.9001188431858042,0.32190258000180916,0.9407794362107667,0.8282627327838975,0.012873240216940345,-0.03998895183720441,0.009595185851153078,0.008137666655540512,-0.19539949484413774,0.0
0.12883234281850892,0.2873149096744328,-0.07457078770413851,-0.04625870264417103,0.20711643814017675,-1.0188162097443478,-0.8325385071358532,0.4470412219696011,0.9443794663979047,0.7469983946297936,0.03915510642372105,0.13506777808305462,0.07888881282108483,-0.07375267387921264,-0.17523210114519477,0.0
0.037571170178501416,0.30131535800308207,-0.09434686841907423,0.02922550361452588,0.3325788404308145,-0.8530032157280406,-0.7998029656744097,0.3809209425711786,0.9864382205569019,0.7608431649928327,0.03767536139656579,0.030729549958116414,0.08995119573241768,-0.14017478147497897,-0.16441051836159687,0.0
0.07555222926302907,0.3192545872011252,0.04932217597552568,-0.05571859518380261,0.23493585054252802,-1.1211254927602141,-0.7638198240686557,0.4512369996975443,1.0337126498790188,0.8966168422178353,0.026983657361365456,0.1124908787404765,0.05573792303947459,0.07778338164448115,-0.0914884015839164,0.0
-0.01770146343828964,0.3356439963172614,0.02596567536494459,-0.09165564430321861,0.3867389732237966,-1.003651382802333,-0.886434176346387,0.5338846683387597,0.9443423131679447,0.8778631650173043,0.06795554882696685,0.1909655288436498,0.18008387330867826,0.09966308490028841,-0.07232125529049793,0.0
0.04494622863156705,0.2736745794104847,-0.032913129604534005,-0.06262062894826942,0.3104078902415097,-1.0485323108951068,-0.8318208617596803,0.46008548011309525,1.03705882269305,0.8785979568858469,0.015612602114570058,0.2005748352923523,0.0612396162738845,-0.02177665816812844,-0.020171264960435087,0.0
0.06286808967111861,0.22803030739036173,0.035900230129241435,0.013345396235697186,0.2610511899497734,-1.0661849972563446,-0.7487614633227139,0.5032860000428949,0.9744453680300614,0.8935825521254915,-0.11025030692107951,0.10484426774385469,-0.06582872344372787,0.11506023840766968,0.12120141352188499,0.0
0.12731118656421225,0.33087855147093825,-0.057024165945014256,-0.04511805473881744,0.287470597208561,-0.8809526770220668,-0.7893375681541083,0.4560941611590495,1.0070286983762584,0.8765168587130505,-0.14223442181134444,0.06933595151744436,-0.07090786444927524,-0.1472215559953225,-0.034173319489853735,0.0
0.0996721477534038,0.27620768872488577,0.047204616721363085,-0.0769971564304428,0.20580530231526087,-0.8814256043382361,-0.6105435790974933,0.46271995883694056,1.0176009607757226,0.7674361738154942,-0.07981479219341925,-0.04524685501719767,-0.1172607462114563,-0.09329659232006292,0.00880713883496401,0.0
0.1548074837529217,0.17950350476132332,-0.02310684357000922,-0.06653577430817251,0.28408696212635237,-0.8953115529684799,-0.7560225024572556,0.5264442098657841,1.0049799242365198,0.8822726622540251,-0.18838922246353376,0.04143375765591294,-0.06885181197043189,0.11439701473811986,-0.0009565834365470195,0.0
0.05841535481412133,0.28596978592150324,0.0661562285309637,-0.0570615342188582,0.37409361268789426,-1.0076970354333474,-0.7608070896133315,0.5315422102800084,0.958054242006336,0.8740907871071407,-0.17148672645802754,-0.04820347765303995,-0.2277203618854071,0.09202518725426839,0.05145713412020117,0.0
0.058728379014273344,0.2707667887618269,-0.07599759943871431,-0.059897590588783814,0.37175893106642866,-0.9773982137324181,-0.6990684248707538,0.5491419453564199,1.011876515867952,0.8785558202742347,-0.13045990510222566,-0.058136492943550486,-0.04106741197127009,0.28467488064199103,-0.11094753743470581,0.0
-0.015178989784309746,0.3089696921696291,0.037889613306492056,-0.02072413027659726,0.2823117583957001,-1.0696196704911156,-0.7774458285741437,0.5565248145414331,1.0301160208879916,0.9029640976951341,-0.008967529865857415,-0.0658274980282171,0.11746164460277654,0.1691159862206302,0.0514578753349265,0.0
0.020351971940893818,0.27814879302762685,-0.03852282130544333,0.05888142836830644,0.2994050112898964,-1.072157187618597,-0.601839463880298,0.5589235858132978,1.0163971787608452,0.8523501571173722,0.12213374591078019,-0.16932113980234842,0.18069577011750182,0.1948166348610489,-0.028418909267129026,0.0
0.04441009286629097,0.34205811824904764,0.016005195741365608,0.031957193418430244,0.31681544895865277,-0.9533156263417129,-0.618786413230317,0.5823066622982256,1.0014758540590403,0.822072606019367,0.12986757001795665,0.011868178245019498,0.025139431055340195,0.15311631957404648,-0.19949796075358417,0.0
0.07455885742705573,0.3058347112233496,-0.0008398872904270618,-0.004542225478295581,0.23906015562700056,-1.0376167760055282,-0.6411066295081433,0.6251770979162591,0.9970487024955728,0.9144428830880305,0.1451648461125286,-0.00468077850549781,-0.12821545161336131,0.06030932394058635,-0.08689089014357854,0.0
0.07563953747143964,0.27950176314180464,-0.060449581847141366,-0.0044825847129465225,0.2860551407551804,-0.9709433476788341,-0.6613367810366777,0.5079324695054384,1.009109531524463,0.788750966668535,0.10747480012198682,-0.11968406117280646,-0.0810892995635142,-0.00916676574176297,-0.09988662602912982,0.0
0.06917423832353556,0.29764417836073653,0.03876908353830995,-0.05886993306333269,0.3093647624577503,-1.0156044149086785,-0.6091495718962757,0.5915734339778842,1.0202964603405056,0.94100865441362,0.15698611786000563,-0.12389913874041478,-0.19034816734563995,-0.23408128995608612,-0.12325611941882327,0.0
0.04943776892859218,0.331462614340198,-0.031443095920073195,-0.06489876413132323,0.2585142331795315,-0.9673455201640179,-0.5381777597220839,0.6021018594145487,0.9694035887946387,0.9662403284045431,0.1956092823475373,-0.09523651222732696,-0.1347358961029146,-0.09483524625580513,-0.014860415863296839,0.0
0.03675129338785803,0.28584259814015134,-0.004185856690356341,-0.0582452227589574,0.19274023862654083,-1.0498304801454088,-0.6392851947617424,0.5670044728024621,0.9659461489122969,0.8337787930187408,0.2608790771418421,0.015971947249282636,-0.0802142498737138,-0.08663930023103106,-0.15632605765492957,0.0
0.05952888667392729,0.36136784546235584,0.0366533407445674,-0.010158271351847891,0.23213810036689933,-0.9329375614242704,-0.5616288147952861,0.6989561323212483,0.9420816594035681,0.9246057424464931,0.07614442559323881,0.13901397010595135,-0.10410181496247856,0.12362082559575237,-0.10229126018997048,0.0
0.01882500340156723,0.27262773221269143,-0.04105663951921621,-0.08579245620476986,0.29762574788292573,-1.025874502294585,-0.5775011581158673,0.6402147167496148,1.0507273701707662,0.9672878812561648,0.10286456084543498,0.12465437850916374,-0.18686557942929644,0.05621554285050895,-0.1504287152607735,0.0
0.044379181362516854,0.3132327559815405,0.00654641679658103,-0.002036671542632564,0.35167898684711885,-0.9829594762880639,-0.5345721289251132,0.6388304644539814,0.918936810770122,0.8695037098876455,-0.0028706749865716336,0.10720248627116526,-0.18959338970371184,-0.061066307220140316,-0.07435731854102476,0.0
0.05299411902811208,0.37265613229385186,0.11679324115199927,-0.13520353364950374,0.3620314871618626,-0.904228080851714,-0.5811068333196727,0.6736589241413332,1.0126535296072188,0.9129137644492665,-0.2012732603634127,0.03677092057981769,-0.03531106336724597,0.01212387449633387,-0.11390533330954386,0.0
0.053703337055481096,0.4146311608313317,0.05792875097836593,-0.06454754511235239,0.36832660903260334,-1.0314860051628052,-0.5734781356183608,0.7788551677444135,0.9382901385625889,0.8894116858906056,-0.06563218711072308,-0.0675059983590927,-0.15799867925549635,0.09840196903850588,0.03329439779085616,0.0
0.026403091400233974,0.3321972116681004,0.1475891751931182,0.054325425379801534,0.3825763270014443,-0.9255122197833727,-0.4178342409876235,0.7875788255619002,1.029205676591446,0.9942467256424613,-0.1122068214952508,-0.008116126467374092,-0.09254678611149608,0.032414675151287556,0.028267587896609603,0.0
0.016669781401448473,0.39238212087583557,0.007656020535923333,-0.006312827001855998,0.2965766268498293,-1.0029943624712034,-0.4882433856924833,0.6417946558788118,0.9819507725221703,0.9857701429015086,-0.1983529840741665,-0.08822077316586105,-0.1835885218995999,-0.031192322943314737,-0.0499374187945641,0.0
0.09627958426489734,0.2869690757238132,0.07504102027678407,-0.02929654949758887,0.25460682428108417,-1.0154491461043897,-0.4674969217569336,0.7794044803372919,0.9702571774810504,1.0004764954827596,0.04523151322955073,-0.06493446889448269,-0.17890384888687255,-0.006512620722908584,0.007080316055203102,0.0
-0.010767246127538793,0.3271396811397326,0.027059424850096454,-0.037796710269362266,0.32894072584053546,-0.9467683080832189,-0.4660624637257276,0.7073141951063777,0.963027536445772,0.8341666476502522,-0.12151764989075337,0.12106668668886128,0.024817552165873114,0.007176917553395757,-0.10502337512159968,0.0
0.21683320451167304,0.27822138142843383,0.08116879646613634,-0.06887828041827387,0.34321910402888134,-0.968499482042122,-0.4938964895642567,0.7088403908123624,1.018134673977026,0.9010823858468517,-0.1936122719014141,-0.04824517365640245,0.007114603075620889,0.07324939972490206,0.1090609178331464,0.0
0.0508321497739436,0.28211027369991065,0.02203026169254172,-0.10878668890788953,0.23459579228226768,-1.0125719814819862,-0.4519825208283716,0.7515306525733864,1.052741530640712,0.9728874684003814,-0.16914347563663656,-0.06120648171591185,-0.037042742612698486,0.058977746392294875,0.20737106756813356,0.0
0.03798943345847274,0.3381831534009004,0.0022597798585558566,0.057323440168730144,0.3348156569932318,-0.9455194992515429,-0.2646274567770418,0.7010772690579141,0.9410750217785113,1.0696922410352823,-0.30941477408374146,-0.0494977280563099,0.04886652403465515,0.021719153420072995,0.10154503031417289,0.0
0.08725726070411988,0.30793493251910936,0.023681989348430438,0.038958369411951715,0.29801659410989184,-0.9260158302987499,-0.4244369923737854,0.7435885575385194,1.0018278751791982,1.0092642418415112,-0.18639881027547026,-0.12829161105476222,0.061892928661259276,0.011599447190076974,-0.03027638008307415,0.0
-0.005071709397526436,0.324431777951203,-0.08957390438390003,-0.01286099489556382,0.28613862036741033,-0.9277159413834158,-0.3860640274831085,0.700290624234811,0.8897268549851054,1.0349066892327732,-0.12656018646332692,-0.19847442832067622,0.12067891454538017,-0.015194543604743043,0.07166986660362265,0.0
0.09956342553257577,0.2647731198871403,-0.010615705259405426,0.03801191720555165,0.3570078495643648,-0.9565021245483201,-0.36319190344175284,0.7307454111401296,1.0446843405580277,0.9268486588233776,-0.01277473617283155,-0.14616346885649484,0.29479915933620643,-0.06061744742969255,0.005761946024618506,0.0
0.015847901298225275,0.2807096944642212,-0.00480370270231706,0.06902008688483545,0.34940004952334885,-0.9530036298621187,-0.2720920174507985,0.7527426951912405,0.9421299216191062,0.8989320642198774,0.1512034584803314,-0.060960784144039194,0.33244023089244024,0.06722618256028273,-0.010401782031519424,0.0
0.08936291286438672,0.36053023077475976,-0.0828209202981917,-0.13889750249139188,0.32319046248816075,-1.0233250255230515,-0.26400524695422567,0.7405777157272526,0.9782440813067435,0.9447637152633914,-0.016165031107073333,0.017743071465162692,0.3376193942548839,-0.10185082819643472,-0.03486747076212057,0.0
0.0575553668872657,0.4286666384169581,0.03788409986402445,0.04744921224725973,0.27357102170162195,-0.9939548396164598,-0.2132661093451279,0.73747305107673,0.9120112928119753,0.9119003782236047,0.1119366358464955,-0.09507724978961132,0.2592398817291154,-0.09257487307855174,0.06372482637902577,0.0
0.0326524016432138,0.3451303106504735,-0.017219009485549896,-0.026783821129944856,0.2851828484251029,-0.9779777562074576,-0.2805759559862639,0.877355258616473,0.9198422809821821,0.9559122905924352,-0.0412732995440587,-0.112237682420171,0.1550517876076683,-0.06063049896204897,0.07125893567005079,0.0
0.009772348915787182,0.30141457278219425,-0.002678598129626995,0.003317290388378604,0.3593860605535265,-1.0929699256623882,-0.27424798181486204,0.8659551208878732,0.9308695916649368,0.9656024150195035,-0.1076076939142722,0.06309400938224961,0.018210812684528427,0.015293447032391709,0.011766855135978256,0.0
0.03834366591941997,0.2753404512285723,-0.018373916761019193,-0.06671915065492098,0.2471786108166416,-0.9679443927437177,-0.2750647608385821,0.8171796612364667,0.9021284296781493,0.93753077609798,-0.009122809383632885,0.1254100205643208,0.06351224213648067,-0.013472267614884657,-0.034675898595345214,0.0
0.007078839565879555,0.3266505031135654,0.038627030205615205,-0.05304544215262342,0.35282024637191456,-1.011790116715637,-0.3109245810821026,0.8075625978906183,0.9325854691299272,0.9556813035501971,-0.12789777478160247,0.137586120053731,0.03764887010392563,-0.14221029702746393,0.027019260574197644,0.0
0.08020358714912225,0.34431004393052267,0.011310430229453758,-0.09619935398737683,0.32908920237484673,-0.9322010686790662,-0.18432813347355295,0.873852573374823,0.9815710111128765,0.9515815349688854,-0.1522077443897705,0.04776555746102272,-0.13388523418089335,-0.07063731636189055,0.19292225941998262,0.0
0.06895933329418259,0.3363988810444559,-0.05310118234770468,-0.08688901255850383,0.37895731439839647,-1.0204859075945314,-0.2190286082021206,0.9555723447464726,0.844356549476829,0.9301293055672922,-0.09841219062875789,0.03779062724817296,-0.26233514127983926,0.03426617260927754,0.015321233616801155,0.0
0.023439585977892405,0.2925479559329278,0.05495071935534546,-0.032688593175400966,0.3108551766170323,-0.9614472730914889,-0.20354446581190194,0.8458386275513232,0.8584206015188793,0.9502211284201593,0.1340797953011203,0.06578969106104329,-0.3240062680291773,0.1927898127652171,0.12156366468039045,0.0
0.016796110879812226,0.2643915425058287,0.019468778743128773,-0.011940192147133486,0.3600937269105859,-1.0615250038083703,-0.12612317087345043,0.8774603731768966,0.8757965445065502,0.9044149503340674,-0.19798329949807186,0.24098434984485875,-0.23692928102442795,0.1971067785183929,0.1765934131068087,0.0
0.0011613553505370605,0.2996250988993962,0.007794889961824436,0.006578100091549029,0.3230681942274731,-1.0247742483243187,-0.11508680458110514,0.9006625425542945,0.8807856550469675,0.9725124614523617,-0.17371768541703533,0.2539377802306086,-0.07017390289974809,0.23049465777433362,0.13996197492740559,0.0
-0.01481860764401556,0.363159582719542,0.018422159688526982,0.0024357476940744527,0.3964311434684216,-0.9400046725725975,-0.11764760517730606,0.8375894464445103,0.9816904534195676,1.04855164640033,-0.012568665696698733,0.1903772233668785,0.06930059982437148,0.281746691038944,0.06497261480252597,0.0
0.10317805918658435,0.29944823159319434,0.04104619958663256,-0.08447001230761468,0.42851650402278935,-0.9698864834592577,-0.1234253297822982,0.913630659717352,0.8629852453778651,0.9663072407645725,-0.05304821792996702,0.24672083065010997,-0.020488233093797922,0.19852424867404656,0.04855491840868033,0.0
0.01777080872581266,0.3319473967720839,-0.01150372155577201,-0.07913616769150039,0.39573883940402155,-0.9593383083064864,-0.11153553246661341,0.8278108136329572,0.9067161889687667,1.0384205815134084,-0.014445833945679467,0.13939945883236968,-0.18067623273013442,0.1590222615855377,0.05509040371246005,0.0
0.055227571277797434,0.31273284922998346,-0.052967808102293595,0.0022790089049232742,0.38342026795622575,-0.9063246257426418,-0.004070030686007475,0.8475259103162125,0.9794058109709705,1.0083698002274168,-0.04144897490243446,0.08493533401816497,-0.10890026623904897,0.21415928225282266,-0.03386502568382341,0.0
0.1371077493677591,0.34961186041046555,0.0515644154351179,-0.08943739481151577,0.3681959059819157,-1.025562853285574,-0.034322463187345296,0.9526477854937625,0.9339587310262669,1.0312423309570138,-0.06269848527053214,0.11796141344368515,-0.12776971424876304,0.2540657249233965,-0.09416660599051198,0.0
0.05055019230160061,0.3106029645068948,0.03218837986693557,-0.10630869211124952,0.2947225518590566,-0.978009374977876,-0.023150242459939456,0.929180626755981,0.9656331680209753,0.9891590141274609,-0.07745637462204613,-0.06779620330099878,-0.10837753464687346,0.2500935357790889,-0.11648892961151734,0.0
-0.002237593520361736,0.3577570957627032,-0.060976618228186355,0.06075080203975988,0.34062368850300634,-1.0169202723480297,-0.024376662100368648,0.975464940910253,0.8874654860584827,0.9581030341460992,-0.03859475569333033,0.01573753010354783,-0.056115739860636615,0.12670834274465614,0.006211893291630771,0.0
0.15878774943416293,0.3117464054076196,0.06744370244072913,-0.08577418821757245,0.3486600858130846,-0.9551194009780586,-0.053206889521909356,0.8459193644800419,0.8765144781427948,0.9609920667048004,-0.06888387357274446,-0.13055006898731059,-0.019684126378304807,0.0018112984446652658,0.039516753579857726,0.0
0.02471023771791426,0.38253450573874126,0.022048443535318863,0.008853178312086075,0.3459101536687143,-0.9837888771652615,0.023550181841915645,0.9880116768072773,0.9381756651123581,1.0507306052808825,0.10310126221237179,-0.1352981459273384,0.05475391544343431,0.0745478328785363,0.07449538815769732,0.0
0.042848254284721145,0.40108346426676383,-0.01702721417350384,-0.029835347592049706,0.27398898809585776,-0.975698258192304,0.049317292772478934,0.9261800623585477,0.8569043831920247,0.9775570261732696,0.012450250564832739,-0.34239430514336433,0.12255182376609605,-0.0025159377042395445,0.01804192176922724,0.0
0.08186493863204852,0.3093102468734453,-0.04514851856589302,-0.06834284409750921,0.3605280364339297,-0.9833170099632339,0.13590761938646473,0.9497018784632874,0.8598665208511604,1.010935597896442,0.006252261643625147,-0.21286200078203787,0.09123649625692974,-0.08086025184972617,-0.07260853386945385,0.0
0.008203484561921118,0.3454612640904665,0.04148961027445811,-0.07685584311256376,0.4554150323521331,-1.0097787618053538,0.0954638098500107,0.9718984005490535,0.8113850105316781,1.020951968443971,-0.09978555638532088,-0.1321056060180509,0.08335619729154486,-0.38168946074902127,0.09426686815325222,0.0
0.07319333256211923,0.40110506464517665,-0.03486056109678724,0.03946856312112327,0.41609160899895925,-0.9263858808175589,0.08245847080235025,0.891013287088846,0.7714091385570242,0.9670996846025725,0.08501993040603342,-0.23648699184003127,-0.007537816704929416,-0.12701093886100295,0.04867999421170072,0.0
0.09320438361664556,0.26444929925121297,-0.045663385504571996,-0.010475231228587314,0.35747084413439195,-0.9280375957524765,0.20182214476641613,0.9386975140484178,0.8887253908485659,0.9916486289949861,0.2003309187767862,-0.23507464964545555,-0.10052118303818014,-0.09663126528800431,0.005670971113744296,0.0
0.13020426040323188,0.24890807883038207,0.08453120055095652,-0.03087700667809315,0.28085838667889806,-0.9465185133958391,0.20927871347181426,0.9128190378350862,0.7973164550252512,1.0248828938415575,-0.028341709380475977,-0.12436914548726766,-0.22141630894925723,-0.23505118257971522,-0.1621119161086322,0.0
0.12644487782372368,0.32555712718126645,0.025367246191429244,0.012904469743535305,0.35090575514121813,-0.9433914251053666,0.1121444564458087,1.0373232430479522,0.8461408630090568,1.0448269608248308,0.08146997018345126,-0.12503982076416853,-0.12948131098315843,-0.05588223813329182,-0.1245942070426171,0.0
0.13253363230603485,0.31728508794846355,0.0835114262340332,0.02581215569546537,0.3601669183773342,-0.9528188629928136,0.15382038320566896,0.8741257796743416,0.8751791806207714,1.0603973372067879,-0.020726133898507998,-0.03343509479214926,-0.12207342613187239,-0.05286770448891957,-0.15168010266757825,0.0
0.03654399880112061,0.3368639429533691,-0.05802181946134659,-0.07373185113413769,0.3218285084745723,-0.9452598814418599,0.15314756923742268,0.9361133745870949,0.8430663333327862,1.0917523979919164,-0.1588519732996258,-0.08713912096747185,-0.08614579069203128,-0.16567794183378964,-0.18340065152545543,0.0
0.13151719026373204,0.2828157837135077,-0.07518540939946267,-0.038315554496339166,0.4342923259000388,-0.9927672879582735,0.10452227986708337,0.9844437012182656,0.7482862878296204,0.9791838726953259,-0.06115429095231379,-0.16880400028048922,-0.056804218542140995,-0.10816981762099621,-0.08869510676107856,0.0
0.024570491082990496,0.4366737542588291,0.019005747468944116,-0.0015976291663537725,0.3831562366412643,-0.9419280273147049,0.19162891025362833,1.0561328164268364,0.7463290797657635,0.9657044148354486,-0.05956250279028749,-0.14643886205467907,-0.05812833674571897,0.003914692973521469,-0.2170431033815302,0.0
0.08922245437988581,0.41914542067991056,0.0026677034849596822,-0.033975801611588544,0.34751147791492815,-0.895059033397214,0.2600518683503187,0.9961080578600358,0.7518007781940006,1.0710196089105608,-0.057303723695759354,-0.0398736256589706,-0.013538139933733092,-0.05309543073135499,-0.0605567511026021,0.0
0.0212049403060309,0.45450948414352316,-0.020373042495074822,-0.10776913785908032,0.435524808552527,-0.950013511503571,0.30213639341797743,0.9035236779813288,0.796263080368341,1.0458773284841822,0.040590434812141474,0.01319413914248306,-0.137009077777794,-0.030954703417035646,0.12881680613826613,0.0
0.17366367876176558,0.33897572884739613,0.09542372546529582,-0.059280287130545485,0.37235880039764774,-0.9181260872142261,0.2772544421866452,1.078348409774047,0.8257877677785195,1.0619605707042363,-0.09418539374132232,-0.28031849045885116,-0.10244086845168832,-0.08721046420586899,0.0932814126611581,0.0
0.04228879832186594,0.37917997365219114,0.02485477754606195,-0.061042623619286106,0.3685607486903472,-0.937805521830075,0.27066112620643995,1.0319961364597308,0.7727335801287714,0.9423149157105912,-0.08477444402397424,-0.35265186750170424,0.13550686380755056,-0.09250007370750768,0.10747309803945518,0.0
0.10783399902511015,0.4130237501231073,-0.029262521573064748,-0.023115204685692135,0.3667165214672103,-0.9406893436131927,0.2966810494688121,1.0324826430745735,0.8440701772346157,1.040216406112279,-0.010706227897578108,-0.17211409962820534,0.12536796941535194,0.0042501308927454726,0.16489267747076028,0.0
0.18825857548055278,0.3603708918303634,-0.02926351626364721,-0.06896559679533784,0.4284786473047294,-0.9627641874868242,0.20953794258741404,0.912520826291877,0.7714043526407827,0.9669456100316847,0.06605565946133182,-0.20558819224170044,0.18829798311471602,-0.05281079700820738,-0.05976052646728443,0.0
0.17166356803118465,0.4167514166378803,0.0554875701267433,-0.029615653109723833,0.3687783548504106,-0.8332428012533922,0.34893072577233897,0.9983717780408512,0.7779532930698912,1.0140372838624476,0.06282564090641293,-0.19918923784305875,0.13390610387309262,-0.036137109174723125,-0.1758474912410501,0.0
0.06971847488693277,0.45366681572701995,0.018450023260742344,0.07200108976776397,0.3635127950652784,-0.8859334715837074,0.34008039911055576,0.9058523282568915,0.8375213112980813,0.9731330888507869,0.022713387846208778,-0.18317916853150512,-0.05662543723270022,-0.01273157418406669,-0.14257694366123724,0.0
0.07957225427362012,0.35087484734418056,0.014291010316154217,0.010360662568501211,0.30295511345254217,-0.895979635555621,0.2410192757318187,0.98371419910429,0.6946157130394919,1.0232191707329759,0.08629324138273003,-0.17144729092392685,0.036078842039397624,-0.04137163440419871,-0.2427479596326405,0.0
0.1066596564399535,0.3195330225436716,0.07816054646169078,0.02560033671725189,0.3324382815543502,-0.8237286949098421,0.3205479689196757,1.0048639537965633,0.803897495633505,0.9473788195770672,0.054693255241664455,-0.1574313345702837,0.05790939353154619,-0.03836737551407276,-0.22586989371470884,0.0
0.020115588383997726,0.2952388253638629,0.03345070787641675,0.051079142269426836,0.4205490218532092,-0.9477798627624248,0.3421708333419043,0.9476406734755738,0.7567043499640959,0.9232246846996643,0.04205946673972713,-0.18287762846389455,-0.13717721000309946,0.039967493904790576,-0.07583125145604272,0.0
0.09129794126616189,0.3735667461380046,0.03355245293717875,0.01143728768712085,0.29821816902444115,-0.9585203624151993,0.5021603587345267,1.0222174441076373,0.6886748280621962,0.9388151497587938,0.10861564828719379,-0.08557756960418095,-0.056325317523695406,-0.045853637335490846,0.015481902847292707,0.0
0.05505440886978096,0.339964843589239,-0.02349456774766752,-0.008664870839042917,0.2689630405323157,-0.9144624751340271,0.4372813188440929,1.0314027710379972,0.7004332294691517,0.8727796539793915,0.09193591166081799,-0.07613438252949488,0.05793000299619866,0.029172636894428467,-0.06418022852487319,0.0
0.1273095828621634,0.3830119037602169,-0.0897329997046639,0.050696749186103604,0.3413067655592721,-0.9328846104319508,0.39818892583308924,1.0938921357312699,0.7565063779044156,0.9420931348625994,0.09466778217642621,0.07838708890062589,0.12138106432997711,0.08990536895643797,0.11787775050177218,0.0
0.07963093452738104,0.36150399030516644,-0.018608895047756903,-0.038388231793032634,0.4155685304378272,-0.8493435386133011,0.4112068473269712,1.022199150192105,0.7690985908372222,0.9766327936724248,0.17108223322060334,0.026031060248347067,0.16672050511461448,-0.030059430914505615,0.043890779408464746,0.0
0.08877084634510253,0.41995804385315666,-0.027472961625318565,-0.028840329509826134,0.2882771275002992,-0.9061466235211709,0.4488420807844262,1.0295426526800857,0.6698375429112977,0.9616423684625859,0.1366222252042683,-0.09222326825192896,0.22132149952151509,0.11065203462195922,-0.017155532942131187,0.0
0.037404818550092,0.40518900928852325,-0.0009131898395374222,0.05199808551570499,0.4269109880399835,-0.8703347417074292,0.5126478908378228,0.950824790560481,0.6776763211769514,0.9942671978786444,0.2240953639986738,-0.027821475950911688,0.3617114754832957,0.34430839753882947,-0.083582825331674,0.0
0.09507443856281657,0.3787953659119909,0.05274308010917089,0.09712755659324615,0.3755806236355897,-0.9006952554637483,0.575557406861405,1.0344416850893805,0.6438216392645293,0.8921526237528414,0.27477437578692354,-0.1379918145379028,0.29368206611081243,0.12866020474045187,-0.05641718539468795,0.0
0.043471832017438934,0.3486817202754061,0.059539919155461696,0.005664400685402846,0.32056193283912915,-0.924242805438204,0.5062330221789486,0.9945673290151793,0.5868732767859509,1.0415959828584649,0.1071085465169227,-0.269189605407594,0.08546121772264006,-0.011456747314273236,-0.07820455044783975,0.0
0.025432222463572032,0.3522210035217925,-0.04288943775094022,0.02268981692933885,0.292828850446638,-0.8735370422152258,0.5098311602489216,0.9336134842414142,0.6682571107173157,0.870297743163221,0.1991018409739788,-0.12717993782177983,0.017945257475741834,-0.0691826722061154,0.1034843429676373,0.0
0.08530767880716453,0.43501306882342183,-0.01458195920822123,0.0059215254256351005,0.4787777164134975,-0.9002558327672309,0.6405239976615951,1.0014588335357284,0.6458919084729267,1.014746803527416,0.1561196695895593,-0.1370609869586006,-0.014295174121783097,0.01910270920737761,0.03940188827723063,0.0
0.09649207041053678,0.3430006300949274,0.019056670782323974,-0.04082753765876885,0.4453057494591664,-0.8604415377754773,0.592833314600934,0.9916158848256904,0.7329134343915624,0.9474089879668997,0.31403832586829195,0.009636088803250412,-0.026237437108072525,-0.033555171317929545,0.048249445865684984,0.0
-0.0032136299306340377,0.34798234252029075,0.0026921819903029127,-0.0878019570640014,0.4622034565136016,-0.8238332937943047,0.585423292210514,0.9914756928585312,0.6540640749885426,0.9269311796994193,0.10982054029202418,0.024817808534732345,-0.10301044595907691,0.06262247471236478,-0.03984236820660135,0.0
0.12437650302244282,0.3996944934885518,-0.05013733956114902,0.05903807809280075,0.36706010938934985,-0.8166571363297318,0.5755506667131066,1.0197451197317389,0.7008377090104275,0.9864771107865202,-0.08019163457665532,-0.17921150775063807,-0.2565189429253291,0.03699267275531526,-0.01312731114159628,0.0
0.09472497132164037,0.40809725567263266,0.028174330064814023,-0.006669844806745283,0.4585277877325068,-0.7514678881636148,0.5758557855956569,0.9067682726853746,0.6182120873294146,1.0048721329491377,-0.02375869501179427,-0.13738469400181175,-0.2014665636422683,0.12133694495496405,0.04734879644508514,0.0
0.05563694700187049,0.383754144875943,-0.004554858743389761,0.03857767529084101,0.3792586387031082,-0.8074461455286116,0.5925686668835218,1.0015616258800297,0.678644375264466,0.8264267226874259,0.027415229212011602,-0.0394434857358659,0.02168918610228812,-0.026008528894035543,0.17764554268256458,0.0
0.07614589496059587,0.4267233040282751,0.009789362657217136,-0.10074779944620231,0.4299455977682563,-0.7358082171413831,0.6476838941513783,0.9111083093144243,0.6429928507896557,0.9387471572968747,-0.2890079586493526,-0.06819564008278725,0.1035602159695563,0.14387737914172402,0.06944983854452838,0.0
0.06716552015766997,0.4446303693564628,0.051344602006953094,-0.04201598672023837,0.3974176578639041,-0.8984697367261126,0.6757759253411352,0.960484599224517,0.5569481706904753,0.8662465774047525,0.0007498509729328418,0.13843934962104773,0.055641206304477706,0.15419526734931305,-0.08918103128897066,0.0
0.08510740760896394,0.38648035706902356,0.016808240466234543,-0.05656573257408252,0.4289703714576996,-0.7813313238652965,0.6064331639671872,0.9291854683546045,0.5862845516859285,0.9339423162885897,0.039607168861265876,0.12383989534723935,0.18552919651721733,-0.012711497582117329,-0.00541303747781547,0.0
0.11269021471181861,0.37221781147182564,-3.451883907931545e-05,-0.03407046398623998,0.3751949925259776,-0.7858928457225859,0.7237670897630774,0.9900997138070284,0.5616209614692311,0.9130438422694512,-0.04369930952932692,0.10959467992255285,-0.04886354340125945,0.07694718501517964,-0.2547997728867585,0.0
0.04605406525842434,0.32782489318906693,0.04975671519469541,0.06315220450169969,0.31270554713748633,-0.8257643859737612,0.6934592691217396,1.1376875422897577,0.6075747739454204,0.9190955581287001,-0.1562077755921576,0.12578817068264883,0.0650163912554598,0.2269530710623955,-0.07753118769349113,0.0
0.002295265176182129,0.4005055649074309,0.12313728410099857,-0.08722636087220567,0.37474405619836,-0.7845244018331896,0.7223295244460504,0.913851162362994,0.5022172496470331,0.857146472655061,0.04465568661661733,0.22557773412726104,-0.031157405762176495,0.11672205458819372,-0.0008679506216934529,0.0
0.12210836252821748,0.3985796759199001,0.07433461175216291,0.041453931602744735,0.3733397069558342,-0.7630073858890115,0.7708370272233973,0.942354881704753,0.5418490434851826,0.8124936973558822,0.06319100647380468,0.29275796278598254,0.08412899886820513,0.13093087825492164,-0.006375442194447626,0.0
0.03766467425309318,0.44533248000960846,0.07522994119892712,0.009852756416196606,0.33017769204573433,-0.7105971703640519,0.7605445993143227,0.8645710549983959,0.5903431197457182,0.8713050783186281,-0.019569225994217662,0.36234126100104025,0.013668039109281181,0.006337443878004334,-0.16065164248093172,0.0
0.1074854837432081,0.457633662320906,-0.027010276395391775,0.03355359022825968,0.3815570000426155,-0.8242309635337974,0.8229985560784665,0.9881540856597317,0.6423556161523742,0.8714431717961981,-0.056755538289338284,0.1748361743767226,0.013966628490047393,0.05784877969177207,0.059481778865669674,0.0
0.08445790703404546,0.38865783171605756,0.03068161441066135,-0.03645971114723562,0.40992709797118776,-0.7714213108698947,0.7556962063143471,0.971416674888906,0.5819472565060976,0.8795861582388507,0.003633753459934344,0.11584153012097721,0.08833645323782416,0.03417565689647064,-0.08599499976204908,0.0
0.0286509992542775,0.3551620448544491,-0.05023017982718077,0.04768680190076349,0.3714886610758559,-0.792912159629585,0.8343273589358171,1.0211283371980646,0.5031058941082859,0.8650597178564347,0.1181928598300555,0.11687036538723325,0.06327055268075252,0.11784518546359088,-0.09140127517989143,0.0
0.1234810605957567,0.4617464373526969,-0.010201448958911202,0.0359279229671848,0.3554216308055404,-0.8171696192395703,0.7971232739615721,0.9250606954788276,0.5982800024307827,0.8081019785847722,-0.09939887612160021,0.071074623532092,0.10036086438924002,0.1340745602368627,-0.1265817314421832,0.0
0.11258542594369,0.34527320589333266,0.01729400437479265,-0.030229297926968123,0.3459378858543842,-0.8286685347089681,0.7725576337925188,0.9755386731196048,0.6175192066557951,0.7216264076846554,-0.03904837048654884,0.07616835285822944,0.14718946097606922,0.12292793362888088,-0.1269532726300861,0.0
0.1101936844060609,0.42049582281507325,-0.03150081334866943,-0.08746995345146422,0.39991082885713924,-0.7869348861061436,0.78052141860382,1.0175282084061308,0.5255199727512633,0.8226180336321068,0.015926496530734042,0.01696501066186132,0.18134602149212067,0.07125578305692473,-0.021604699337319094,0.0
0.060921571486208755,0.40646429148636787,-0.021767301118808646,0.006072776242839632,0.3923469959361777,-0.7991899520370783,0.8374829854433742,0.9927399864977428,0.5014306993188117,0.8139660402586933,0.045319777993306484,-0.09510766134623172,0.21128639291389686,-0.04110557861040321,-0.11879740064545984,0.0
0.06201855439732203,0.48755665903385453,-0.005855937248990181,-0.04186619781276959,0.36867436911137647,-0.7840177729481493,0.7764785775269423,0.8322951609233613,0.5982735618698676,0.7925048896752663,-0.03249902947381794,-0.12499092791532364,0.14099557460314024,-0.041236204837764384,-0.05237052805150653,0.0
0.04738789405455398,0.394406359775902,-0.013122014174224279,0.02672929290411786,0.3428234037017496,-0.7358626116568007,0.7953025022458116,0.986031015931562,0.4762462757432472,0.796753442365594,-0.05503429065349448,-0.0816330599179434,-0.05354446795413076,-0.1739359396294059,-0.07922389809314195,0.0
0.04952397104527358,0.45125363232460275,0.11420530001742799,0.011566276523052432,0.48194029030640806,-0.8576883094494784,0.8490065283742896,0.9319441261140775,0.5030875277196667,0.7789712993698831,0.07729548902376385,0.012241874336625068,0.010195127506138685,-0.09306711734456334,-0.17275494193791927,0.0
0.13165747988000112,0.443148947060983,-0.003771675914184071,0.009938197278143419,0.42629544648687795,-0.7487581875380924,0.8208552057399576,1.0458262212150358,0.46901312234584475,0.84042887284197,0.13065354816965496,0.020836264470697925,0.10876858528395508,-0.11548665779614992,-0.1383154547280725,0.0
0.10180410314332432,0.5351146339410544,0.04987807681796135,0.009498770256633319,0.40919115265657136,-0.748312843105192,0.9816253873448466,1.0345500966752688,0.43653230467109705,0.7437519412348057,0.007468058917297987,-0.02054269604984326,-0.03560561085328254,-0.2554775539090107,-0.3477448913512328,0.0
0.03650834222182095,0.40556157687996663,0.059915777412474044,-0.12069680891384534,0.42360934347301027,-0.7355897873214489,0.934631914926562,0.9458311040084202,0.46489004491213504,0.876731516394706,-0.21267206306731848,0.0386519469852423,0.0957646855142948,-0.23512243807504124,-0.3436913553527923,0.0
0.11567544707344682,0.4444846250714446,0.06294275859415965,-0.062378925747310604,0.4617552413938697,-0.7638326003324345,0.9007440386724288,0.907700067334225,0.3388248601917987,0.7596532611513745,-0.30656054863613835,0.07359434067576139,0.04842960362302802,-0.23149223766400082,-0.17568314680495062,0.0
0.15393769565765944,0.44616364087667887,0.10907258009241175,0.08533386024313966,0.36283235082392146,-0.6850922094499359,0.8485303740070257,0.9367389100363174,0.3859916235750085,0.7619965360030143,-0.1066933362667152,-0.06789059765614777,0.020395087071902428,-0.20821443076550616,-0.08421377043866465,0.0
0.17488935063424327,0.4203540533763246,-0.021062395565259094,0.044450546396357815,0.39960528187318445,-0.7192190642676767,0.9180234889888716,0.8412476576496953,0.4229910325076301,0.7322945873539298,-0.10262994700570419,0.03759186900348548,-0.04866351121404532,-0.14670114192361944,0.004850795742681387,0.0
0.04944236265529821,0.42436892713383983,0.03722634875845654,-0.02742633281802948,0.3577861769474818,-0.7350543918175095,0.9168542164436925,0.8928080132486296,0.3814020377227299,0.7086327007921539,-0.1421583800095087,0.06730820546070979,-0.08574496893923872,-0.05875101626781879,0.10269918711051225,0.0
0.1561854930565303,0.4447952875745388,-0.025283974731796617,-0.00949471424968268,0.3579705781242436,-0.7234026928938317,0.8679778837943102,0.9997400840640863,0.3655681844321903,0.8074211798083315,-0.05943440461087838,0.09531804422732458,-0.13301704073671744,0.11960243427150204,0.047607267876967785,0.0
0.12800679510494772,0.35906181662944736,0.06447901664250971,0.053304365263645154,0.3906959849877576,-0.7787550057490275,0.9071721277325943,0.9074826593158444,0.4260786879148804,0.6845584139171177,0.0016549492724314482,0.01696511803728558,-0.05406571542220888,0.128945540632865,0.08606112818257253,0.0
0.05603559541882992,0.43400034436483215,0.03143835139520966,0.05600957959670297,0.41218321204183056,-0.7327437396499801,0.8939437578801376,0.9296429287099818,0.4696722678712491,0.7050555341811772,-0.04135410655192311,0.10201738108969508,0.042101259953496215,-0.010166734135568234,0.10804979207555962,0.0
0.038106347960865844,0.36302886672602086,0.06675201634179885,0.005474013214365652,0.3747450835399937,-0.6419961532397386,0.9283617710352907,0.9178080363189258,0.35398088551845014,0.7585425246330935,0.024521585674719643,-0.01283678189009431,0.10527582563655336,0.07378300354218292,-0.1741905844766655,0.0
0.1804846835025417,0.4749595056371283,0.06466657216336526,0.05504855521383652,0.46756117774954187,-0.7193602405325087,0.9364310911337176,0.9139153896588794,0.3355933773662107,0.7067050887330258,-0.11206843741666858,-0.02710907818479616,0.02559649368255726,-0.00029370797587818104,-0.023805527250265135,0.0
0.09371758352762179,0.35808062263050466,0.0169298068984067,0.014103515092812071,0.4577083249263774,-0.717789744046073,0.9311638995013422,0.9172541714282428,0.372865733028851,0.7403443956794827,-0.008650627951165599,0.0509137580077154,-0.07640931114346182,-0.08563458088231703,0.009314494080347503,0.0
0.07197702539810591,0.35973259958250925,0.048225404282211226,0.0551800925000861,0.3484931850909416,-0.6035714070616112,0.8724420583196579,0.8577632870925046,0.3386636578922836,0.6872993861284471,0.15740349906931853,0.12471051501304586,-0.07245695775331316,-0.06990113347929083,0.13085447994032282,0.0
0.06756869990739439,0.4171999562205792,0.060335974362827255,-0.12890721201014937,0.45561045434013236,-0.677852937055951,1.0003855066734486,0.924489825417757,0.4252777177358434,0.800770707081651,0.10917563126452268,0.04663239945827145,0.016323864574993296,-0.09052386769885573,0.09723337378081015,0.0
0.11131209416336692,0.5220158364198917,-0.013470241509207281,0.06535843399876781,0.4385385528568288,-0.6308645081521251,1.0076549353265472,0.9091477361613299,0.23588834885550342,0.6759129997144155,0.1937000323613834,0.3055656932121317,0.02832669714720666,0.015729643882825932,0.10581982520827035,0.0
0.138668057107325,0.46329181978814526,0.08511493188013415,-0.022625784429786494,0.4042940967765008,-0.6244466838365267,1.0362481381746977,0.8813715197311063,0.3889314777168398,0.6122740303499778,0.1740485728596291,0.14062054008566127,-0.07571953444794646,-0.04072575459678035,0.11927416966266176,0.0
0.15709536512479738,0.5068089313027868,0.029536828687216878,0.005975481161646406,0.4324377808799476,-0.6396470384226703,0.9595649284751888,0.8102215360642973,0.32956356613963883,0.7329244893034311,0.21451959060399928,0.23591631799338453,-0.12710348837535812,-0.021467529847378253,0.028034317387661205,0.0
0.11681268710090731,0.49676520160324517,0.06505614008139263,-0.09158362590488575,0.3418937276080634,-0.6700740045017626,0.9981060844630805,0.9191111635527832,0.2230682741482441,0.7175359076879421,0.1261641746673723,0.36499861857365506,-0.07130592329763218,-0.22744444519913654,-0.061901263375658516,0.0
0.07169377352194906,0.4455146552223538,0.12590345410333195,0.012054858706731187,0.473520111976214,-0.683350191400522,1.0495939622115844,0.817725972193378,0.3382239815409745,0.7020075744328365,0.12410977083373648,0.0989038721619305,0.13286828391553535,-0.026797143707100957,-0.08188299175303106,0.0
0.11518788265997192,0.44112289489138073,-0.022993536055329195,-0.04470138749407585,0.39577869438269364,-0.5918391776004184,0.9270134933293219,0.8767782838275935,0.27763150182768187,0.6661754160328287,0.14911866038281757,-0.10209199025653104,0.004638739210522158,-0.010240000489516524,-0.1784785076313095,0.0
0.11032598165276886,0.5037908175608952,-0.044684680885415815,0.00027035501421212313,0.47403011190231203,-0.6742029246800219,0.9632480468519202,0.8446436352178056,0.3355813267876782,0.6526742949758568,0.05356193670041261,-0.15963357192634947,0.012176509095806327,0.0291573732963783,-0.09320689714617797,0.0
0.20106692225206677,0.5369664488478478,0.09428873554503177,-0.07994594826672338,0.42159243253885115,-0.6701120054214147,0.9676353118933462,0.8470057457351912,0.24786338453793383,0.6345680728759614,0.011030446663780134,-0.2281818708015945,0.052230869028411,-0.00414493735056368,0.07995947594566243,0.0
0.07273660408899416,0.4017735837997096,0.035581144698353113,-0.026933162106981448,0.3949082309856115,-0.6378808322527983,0.9782922675045267,0.7868673934673037,0.2616321564225644,0.6914335013165639,-0.19968579708932185,-0.17465823023458904,0.18658364527267868,0.0602958515263273,0.22830960524430843,0.0
0.16101829684884902,0.4472640219698722,-0.09586718048471382,-0.016279149821278854,0.4688655321557384,-0.6191922317157881,1.0305011154762542,0.7169232224637964,0.24770565961797242,0.5273522492742706,-0.1175970145326091,-0.023242239448686766,0.20540969814123455,0.026549816744398252,0.10828158159152404,0.0
0.23576512545575037,0.4142079598139372,0.0710895016356585,0.02765502446023806,0.4007431805830807,-0.5678846030532092,1.015709618212542,0.711889305546719,0.2716369181322443,0.6637588708678089,-0.17063266781870529,0.0210010127995017,0.12435086757604809,-0.0858675169225441,-0.0017770324762904077,0.0
0.12831560210153142,0.39608735607418183,0.042415695684557476,-0.009332211269348644,0.44422526111775557,-0.644642470983368,1.0778820614824443,0.7933992781834686,0.23135485721840912,0.5500149655827553,-0.2670205466817491,0.013471235985904098,-0.08810783624215339,0.04435469607950144,0.061908082291550495,0.0
0.08656978258319636,0.4768263561984487,0.017894729824595917,-0.10750307314791384,0.46569645926796677,-0.5712457438152239,0.972000007996961,0.7350790829087662,0.22443152279520226,0.5308787145178736,0.006083344308585453,-0.1273783838836603,-0.18312536285514094,-0.036317645644415975,0.060647442593048065,0.0
0.04306009443532767,0.3138444002255567,-0.016952865375743614,-0.0024421097358601077,0.4874155069254898,-0.5538558888212134,0.9646997051302876,0.7954526381781815,0.2878733132323459,0.6003326667551955,0.005933473684749712,0.0013755563006622867,-0.1813404905798463,0.06843014093221378,-0.007401655609547968,0.0
0.127770463703229,0.44059969021694256,-0.02716413449646684,0.051159036724394064,0.43670728093909494,-0.57156732865713,0.9767641806341758,0.8462536136135358,0.1597711476826562,0.632127906199117,-0.012396091543128467,-0.014487450976427181,-0.09208104657360262,0.07253100021598739,0.040161188333124334,0.0
0.12429152801260827,0.3968559681116893,0.03918574578884446,-0.10665519538734121,0.40447010711162423,-0.6322622572194914,0.9842389231267484,0.7261544654740425,0.19115874945721803,0.5561228774783714,-0.03478750308185961,-0.11175228309989892,-0.00016531313145325133,0.055924640748619914,0.04936915759300939,0.0
0.12605608535996302,0.4148588589163141,0.0025895157201234822,0.011536468975990175,0.3992467921259175,-0.4946752784876691,0.9649080293999039,0.6985415656861786,0.1516700768966733,0.5920763731327765,-0.030253215131555843,0.020029776351999443,0.025457412998400424,-0.12421814560044675,-0.023971224084404524,0.0
0.10408120424662692,0.432232678542717,0.047539417523567294,-0.058220459425520094,0.3979016772977543,-0.47495282859072535,0.8943418495537264,0.6901427411015939,0.12632081260484976,0.5036204091273861,0.056358075438022945,0.05440044426702824,-0.1916165742231426,0.09887982183745592,-0.04426257220518595,0.0
0.18920674925985373,0.42036937870989766,0.07117121679599138,-0.05643085535014361,0.4988489636813762,-0.49843884981083064,0.9424327335532767,0.764236066849314,0.17278956300163406,0.5792251031175442,-0.11087880668596933,-0.02383937057152373,-0.21577738188478585,0.16630118462124432,-0.18712720428307966,0.0
0.17807277274968955,0.4017498646990839,0.08699557130623724,0.038291271795230654,0.44634134770905376,-0.49868034039998194,0.9501630499484821,0.762896349272455,0.13693687490686188,0.56597331166949,-0.13473207122715608,0.11407487977330212,-0.15362359307192952,-0.04228189946282927,-0.2166832832576199,0.0
0.1441680743677341,0.4495895965146379,0.01617707938669703,0.012634529355524587,0.49646328777942417,-0.5442776492428852,1.050331086154681,0.7419203666949833,0.15346780993064696,0.5434026223685238,-0.23458875620465758,0.23164626207904568,-0.0812906713247169,-0.04986117451070309,-0.40700336653496083,0.0
0.18084620026960516,0.47278979754599365,-0.05021826423725842,-0.05582438534245295,0.557247113341788,-0.5491522224343159,0.9280070433842768,0.7533033567808708,0.08292787174322422,0.5124633145702668,-0.16349951486957004,0.26006701539013577,-0.06832650431937774,-0.08586634334355364,-0.317459210381483,0.0
0.14526552107069304,0.45274225807192786,0.03512773808826009,0.043657405762525636,0.4495930533115536,-0.5695585012243017,0.9488158792144039,0.7017757424153706,0.05402647092016061,0.4694041646672214,-0.08858113769412669,0.054831646685338686,-0.30818782177518006,-0.06518807226277114,-0.3925721584772011,0.0
0.1053308954891042,0.4988458233946287,0.023194496572508737,-0.023374602099364507,0.37035612809706386,-0.4607118136769879,1.0074225395807617,0.7033392579526234,0.12058059373460511,0.4754622742626341,0.01350103251410028,0.09059512193869157,-0.2680241759393101,-0.007131774694631457,-0.1491788674029547,0.0
0.18428934749209303,0.4165022501328048,-0.05078398329576961,-0.027621232906935744,0.49747134141167293,-0.46638252623693477,1.0508365184984485,0.7254572072785919,0.10517682868921212,0.4475865263848783,-0.09065370348923363,0.0957623269319115,0.005872859310835671,0.07285007441325335,-0.11667157090999417,0.0
0.13630399007859395,0.5605686264228339,0.007005435995724854,-0.07034825341635129,0.43598968697137647,-0.4633331897561991,0.9602240145718528,0.6989949840391032,0.17844620745642517,0.3839070932864727,-0.10870796157733494,0.11637237850692682,-0.0007766901972382136,0.059604253159470225,-0.20600859723521897,0.0
0.1927398686576473,0.47030422148764944,0.08791636012266604,-0.021693720417767893,0.425534101086172,-0.44418859144549133,1.0065292343635197,0.7030324603945863,0.05850373117202056,0.39866183699646546,-0.04809073550324387,-0.034543965220151365,-0.031218991346201017,0.02975846051609053,-0.030608423332226478,0.0
0.15129925102985436,0.4817062095618659,-0.00214388502550944,0.05013319545255207,0.38820155338006673,-0.4637953920208492,0.972839559229212,0.7291823150106561,0.09770001773911932,0.49738781130623827,-0.00647457898217163,-0.0023948218840088853,-0.02192274716237731,0.04235492899577747,0.01996571150050564,0.0
0.10493944363166816,0.49163378425289034,0.06978129422301049,0.04513096986921614,0.4192242540183946,-0.46004948503531157,0.9122867112791827,0.5937226267008265,0.15315765065138062,0.38978717984345274,0.004635300789402748,0.0630596541250546,0.13801962060764514,0.09277504042798834,0.09336997501573899,0.0
0.10867559123316337,0.44152353515306547,0.03406158271569294,-0.039299282848445034,0.43730285025518156,-0.46933517043682393,0.9152521836962789,0.6945832868469315,0.08888459146000216,0.48027015653035937,0.10619542199334724,0.07368003661966868,0.10507884920340324,0.03156725839412523,0.11563722215275779,0.0
0.07904960089547099,0.5131143006419502,0.05796323185765052,-0.02532022902687154,0.44402219277474747,-0.5415216032878097,0.9506230862552381,0.6593217478397806,0.05174460644989025,0.342937213228487,0.3369875236299431,0.11467125096358452,0.17222890177619266,-0.08997305224982331,0.07752354004265442,0.0
0.19273757681827336,0.4440976221206736,0.048895929248186226,0.07398122879730418,0.4428488042551685,-0.4900720997782573,0.897036437338428,0.6664885795767261,0.014357764424600655,0.32223706970150556,0.32225356588630627,0.20001595380955162,0.1798409925315907,0.027546469801872434,-0.008978499739862464,0.0
0.12287987404019324,0.40877500662167743,0.004804718348975872,-0.06454223442449762,0.47428134287575857,-0.4675459835843699,0.9798132844254035,0.6313218880547318,-0.02563821429619919,0.3699191660217698,0.10927099512561626,0.08811590193230523,0.24326688290132048,0.08826313642825946,-0.02394375779562685,0.0
0.12154837788193174,0.4626400838481825,0.05302850833305674,0.03647715590626259,0.4262934805090241,-0.39353211466214855,0.9208304018669962,0.611589405515283,0.017085505999476835,0.3475323992720365,-0.03192370759426187,0.047615243876275234,0.1561689058539201,-0.10328668553095842,0.12473865428290987,0.0
0.13961034916052323,0.3994420677965289,0.05569274081842304,-0.03417497297978716,0.5162772730705589,-0.5100794070449965,0.9855519516778876,0.5711632299005681,0.07697597455445705,0.25027882622183667,0.06990393653666944,0.04590812414780075,0.10256615776212916,-0.13600574400107743,-0.07750390985667499,0.0
0.12413997680389394,0.5137227557372669,-0.039960617294038006,0.0407915295423842,0.46199538068740803,-0.4083319473993683,0.9453417928433574,0.5564225012642515,0.020562543080336643,0.3300360781971306,0.11192891924414027,0.16622262034297838,0.19160323690841707,-0.21772862101014015,-0.23662205811442397,0.0
0.13134844853328206,0.5110008756483717,0.14000309062397132,-0.019175927638177073,0.5099862630866714,-0.3575881779826837,1.0195179822597837,0.56616119658999,0.0032043701062832945,0.26456099312496534,-0.019330174015976143,0.2799287498843336,0.047810271864597104,-0.17831709234326718,-0.07916473631717535,0.0
0.12007497604320708,0.5488481879002045,0.07568843981884403,-0.011409731055291548,0.5517323339915585,-0.3895373781424355,0.9375810043970844,0.5127894365794217,-0.008915190021087468,0.3136073819743503,-0.036177739558548506,0.17790003636045945,-0.07410639215863156,0.04534443897216377,-0.0923399305093163,0.0
0.13977317421593033,0.4952353126618694,-0.03180298186113828,0.003415782834159822,0.36303606062511246,-0.39086176572652864,0.910201408677695,0.48824710016617134,0.003740370380086868,0.3196019626817686,0.15458011519965553,0.22234826149570058,-0.034412710781982846,-0.09853490299044873,-0.05526769886232944,0.0
0.12424676769357526,0.5076459814582805,0.06173985882486374,-0.006074865684833173,0.4184261948476441,-0.3677046031493491,0.8261603236918194,0.48805624381555635,0.004620236892212727,0.2320958512636911,0.03872583641993651,0.1234999274274128,0.014829770602267842,-0.045837560925012504,0.06284652837075602,0.0
0.23695343479682193,0.4626698878854765,0.016215172414788953,0.0397343143623031,0.4362228306719578,-0.40878919989886847,0.8575477702321322,0.5576950059068295,-0.08328249083840819,0.3353748496238859,0.04599717144800737,-0.06211532297774415,-0.010259063354623687,-0.13895049768882473,-0.09633960083835845,0.0
0.15280574708301067,0.5281856887654925,0.02793333435970796,-0.09861519557218089,0.4413070269174281,-0.37992548152228356,0.840642891365829,0.45082922190868924,-0.0586381096655634,0.26569958331705207,0.1232757218734511,-0.07662222126868921,-0.15443591333019485,-0.14293530467272997,-0.09061862320169858,0.0
0.15869161090208347,0.4984507256758077,0.022447287212119277,-0.07165093634591124,0.49887873117237114,-0.3307905636268934,0.9058729626164855,0.5593333930326465,-0.02106367516805862,0.24282028775057882,0.008113359813182147,-0.024382032172627847,-0.12573901503589452,0.1390193399376734,-0.10661696276205929,0.0
0.158645309663397,0.5339318403002801,0.09637712480747342,0.005700787340466145,0.5279343480645365,-0.3026955696011049,0.8596739793959521,0.4788328827101505,-0.11306485466043123,0.20879495968782336,-0.02709565976967636,-0.06623047584939688,-0.004378240630958749,0.07984482561701779,-0.04664579224467642,0.0
0.10510786158595799,0.4642804868908176,0.08492414183441069,-0.013257764787291654,0.5156427849641554,-0.39323628944394073,0.8437749055952063,0.4935191200182648,-0.08940643702850072,0.14940102584563802,0.054094414359936616,0.01251787659882967,-0.11141179249359319,0.029734008044612615,-0.13417020233220078,0.0
0.21629423523114505,0.5191570887307533,0.033170434087355094,0.0969265860752518,0.44994510112585356,-0.3814204230018081,0.8705220115145984,0.47477369412670867,-0.09223116511314801,0.1930407954102366,0.04798647158875314,-0.03935207634410128,-0.2628537777612034,0.016543225553894123,-0.015509986361092326,0.0
0.06065838252308005,0.618758754845901,-0.009566697386765258,0.050155991001026294,0.5291920049164794,-0.3516444641694126,0.8317064749296744,0.40709426425799144,-0.07097167673888599,0.25628435660077564,0.01935548272950924,0.00749403355913807,-0.12356277948384264,0.007943546379443566,-0.028901179540545,0.0
0.17284080746563626,0.5325294257384925,0.08064427823418585,-0.017582395751715663,0.43603903346083617,-0.2983483027591262,0.8206118568693224,0.425720378871123,-0.08894923507070057,0.13366776200206876,0.14019797130675846,-0.07317602172437701,-0.19034990250458544,-0.09590337995634994,-0.12913388205950743,0.0
0.10786768816695141,0.6151347615437619,0.06305525009824751,-0.07461331636038551,0.47877468393831196,-0.3467948051841539,0.9174535366080565,0.42956459280118975,-0.14142236405348194,0.19897212318440682,0.1538796085141843,0.12131725701766274,-0.32986914833102654,-0.061551480094604,-0.09751131696454138,0.0
0.15021120379559785,0.5818957034744823,-0.032478353523056655,0.015057865473331688,0.38790224390555983,-0.24469238642052396,0.7220429829898957,0.3959579824250618,-0.0957375450688285,0.18287490339206544,0.03430124091711403,0.003937758941363681,-0.3549743256525677,-0.14797209197740335,-0.007918564795195676,0.0
0.1594590194903108,0.6063150037552849,0.05452332769857078,-0.03494618652803784,0.4671598564620034,-0.32573627965893703,0.837119084923094,0.404310893019278,-0.09205280898658261,0.07521453765732239,-0.1525066286821084,0.0563833264189258,-0.15022022824160552,0.29509077469902634,-0.09027779732765535,0.0
0.18757766170432444,0.47566510344720697,0.103342376309564,0.06215038417520563,0.4958330239427257,-0.32945480961181645,0.832113454094219,0.39124900591443323,-0.003462602904566292,0.1288266459845597,0.0051607140078479274,-0.09637244023072844,-0.2072307057633964,0.037214622717018614,-0.04736624427248617,0.0
0.1413577305919313,0.5213706669669287,0.01914326728810697,0.007545120555176939,0.4414362712620927,-0.17551743701547884,0.7596906057697308,0.44198415165953053,-0.12800030238590532,0.14558112509688853,0.06471125819626351,-0.05105943037908703,-0.2212968185473247,-0.05384880116471647,-0.09703970704900872,0.0
0.14010479240548324,0.5149769872010915,0.018071892445537963,-0.03354252117037516,0.45152711851059696,-0.2218858149027289,0.7768378317782816,0.4426352424952861,-0.14488871407561643,0.11411437817092278,0.05719338022325037,-0.1913790723809568,-0.10624627951160918,0.006606946481081941,-0.06351063284425273,0.0
0.10992731851066531,0.4728314705773754,0.040776885950468446,-0.012763075681280496,0.37580087823979125,-0.3282310715627061,0.7111732120895475,0.42559055584787187,-0.21256217571752378,0.14151509276814295,0.12222018725944973,-0.2459683768973867,-0.04763787868380754,0.006364096281552925,-0.16910901141658008,0.0
0.1777366068288501,0.5183374939967091,0.10709312961432274,0.09270188271361428,0.5278480298593141,-0.31217645479522127,0.7821467093631511,0.34765688422417923,-0.21667186874337835,0.03980519860632494,-0.05768073400807615,0.04075543417799077,0.051746836621828225,-0.16323921363682714,0.05659811719570294,0.0
0.16824523880042525,0.5103952059473871,-0.08769508277569013,-0.006267063793827868,0.48397251574639544,-0.2156997546784472,0.6701190079916322,0.29663580030765957,-0.290450583441926,-0.019097960857869536,-0.1734551650232728,-0.15858439713750805,0.15801106593550224,-0.11003339248604313,0.013359378556707394,0.0
0.2209857570093181,0.5435047016846619,-0.023643808757675994,0.06488487906380638,0.4369645693526304,-0.30815271472790706,0.7008284410318866,0.36983000688534634,-0.1526098348883226,-0.0064869724572734905,-0.185189008672997,-0.1161168597120105,0.18217825612127286,-0.10308257769330856,-0.09585293304875461,0.0
0.2043941252504981,0.5538362442078115,-0.09592985215775537,-0.0838112547751004,0.53763982762315,-0.27675665677721023,0.6988741138085842,0.2784270808362629,-0.2303538085206197,0.07099002728599801,-0.07634889257860744,-0.08155523160683725,0.1421823076227483,0.08079187163001914,0.03664849673564961,0.0
0.15654048204918103,0.5587935942434981,0.03991766643925369,0.023362963998144762,0.4329644270612106,-0.22902905871988583,0.763181412586404,0.30735698669240274,-0.2615716808237175,0.030200495868793843,-0.11992335587434158,-0.02560564533028766,-0.0117434189546414,0.1957465345749504,0.11604626746521944,0.0
0.1208276499387281,0.5227979851435383,0.004334557508564624,0.041205122663930616,0.4633514669489871,-0.16355999821827566,0.6377284199992805,0.22497372139284483,-0.1948190825235563,0.09322863440984469,0.11393208576104355,0.12810866851351488,0.15322986092791802,-0.10233137593459195,0.07406704563196276,0.0
0.18062271339292824,0.55066176104521,-0.02792483185595121,-0.02082193716215735,0.5149175238805219,-0.3005737491229843,0.6854147173619769,0.25876678231318206,-0.20944351078936632,-0.07012754706407767,0.04312799332753813,-0.047146524540686255,-0.1297830003291277,-0.15976788923576316,-0.09764919613138327,0.0
0.21555241509407524,0.5110855762198988,0.007298775318882227,-0.0005300023223839129,0.5007179456622711,-0.20948241267280993,0.6371896655261843,0.28880640031492655,-0.21413989648932072,0.061925454103025544,-0.0005378504123084576,-0.0534473336605384,-0.19478094933627513,-0.27559092804699525,0.04020032388165472,0.0
0.18201247528333353,0.5053287850987894,0.06356733261067232,-0.0020205278257403453,0.5453707674116965,-0.20831168638594183,0.6371683382908975,0.1252542617598438,-0.18740413774289652,-0.11790291365289245,-0.10731947281828436,-0.07730935594212779,-0.004802410509424454,-0.23818430473556393,0.20213094568013448,0.0
0.15246042916715835,0.5498116144150418,0.14435151698996235,0.03120866918208462,0.5503455332032425,-0.2145187850579311,0.594516798664445,0.2679462959826373,-0.40071447102785274,0.043156803206484844,-0.1789365071438178,-0.12609405810567897,-0.02392331732627185,-0.17706170138995583,0.03746965875353468,0.0
0.15591417544957362,0.5199990370240641,0.03240609251917232,-0.022617586825797002,0.4484569254765778,-0.2185644602742058,0.6912421161905268,0.23376859552975518,-0.28138891519447934,-0.024171801749646477,-0.16645197377606508,-0.19435535582499058,-0.011549178801102091,-0.21912916909456354,0.029710883761708592,0.0
0.1161048737115022,0.5492099280977201,0.04996460067209409,-0.01505370198510558,0.501744025766009,-0.09817929349973717,0.692837271051552,0.13139212566349934,-0.26169865019317395,-0.009141505031047919,-0.11909650706425497,-0.19250978287174703,-0.13136687990618034,-0.24354025842038857,0.014924627198477435,0.0
0.20750827368906524,0.5145452388932357,-0.0901395938328578,-0.0036850437569026853,0.403712464281288,-0.1559359459701394,0.6652345685382889,0.23671599880180438,-0.27785019078037354,-0.15843977757693012,-0.1502298791582416,-0.13825769127060972,-0.2532371810323353,-0.22760650364060966,0.17960283158414678,0.0
0.16246345689431488,0.521932786233014,0.019285871133108177,0.049418106374145204,0.5626320836691878,-0.09742679814316904,0.6299387156855754,0.24072358376772263,-0.2639986931853853,-0.10043623455814454,-0.05849142590275522,-0.2839854212542331,-0.24557449401786313,-0.19814933030492585,0.1534774478094541,0.0
0.21539433074611714,0.5119691209321693,0.04419530994361382,-0.027876747521842507,0.5269588727626234,-0.07418569839315577,0.5424104080021174,0.17546418191158564,-0.3949984943441873,-0.02979509284734034,-0.06556399963417134,-0.19876654539041888,-0.25039350547996014,-0.058513140886875425,0.11898222298736993,0.0
0.23785887268257522,0.42550476892174655,0.14643132969262218,-0.048705587889210006,0.4894119059952515,-0.18532781308578133,0.5754826007369354,0.14255361918119427,-0.33542352385571345,-0.050611091606913815,-0.24415008683474648,-0.0889295634148328,-0.2306192477220902,-0.17792035839135617,0.06781333882694526,0.0
0.19208447091490213,0.49822223609130917,0.0021459811147133134,0.007083689260737087,0.3721237933087761,-0.04658488177565577,0.5096939961570408,0.216977404401727,-0.35339772609808734,-0.08115690100647564,-0.12212041959031697,0.003926038949277323,-0.05954150180499079,-0.09093585419970719,-0.023040864684342084,0.0
0.1706547638992884,0.5384344127858144,0.015773170692417786,-0.0013858982541548603,0.5989696572952306,-0.11219363323322146,0.46420156350793124,0.14588992906302123,-0.3857243467386066,-0.12430069368672589,-0.09988686313092499,0.07997848975690854,-0.03934196605864021,-0.14761436981052303,0.015366641352784281,0.0
0.28167512776461723,0.5420239012650385,0.0756306813510466,-0.09039252015750351,0.5326897758607895,-0.18920317284142063,0.4196626722879231,0.09419010229699384,-0.30891524245406254,-0.1516584252544791,0.12304855166357455,-0.1306163408079,-0.042735899217592715,-0.003790313493314365,0.05856693775348744,0.0
0.192775253379514,0.5664519940028141,0.07636036405442566,-0.016168019391520565,0.49371481985643173,-0.09694454308591843,0.47542272678113245,0.032972056667057034,-0.3548711604123364,-0.13106303725809582,0.06765185019449771,-0.061089560709829224,-0.044016594162051725,0.021464776607808593,-0.00969138956302245,0.0
0.254174928007581,0.6111259037133054,-0.021384711497124093,-0.06058078199701346,0.4408440569689345,-0.01235149230521429,0.49512616452815816,0.1329884707380107,-0.2940607146224065,-0.11435018806318807,0.003028085542306283,0.04017691573960297,-0.15557750910986926,0.06553768357622425,-0.13830055733529578,0.0
0.22906363647486397,0.5031838626041556,0.1394640254729318,0.05406941696821097,0.5392140702317497,-0.028107392432272574,0.3444126469586041,0.11158710205504302,-0.3426489601881573,-0.22763012495986756,-0.027796111766633103,0.021960073704857936,-0.16672128382541235,0.09394074323113458,-0.15428138072067182,0.0
0.103762650494867,0.5549678344183255,0.08857520396482033,0.06668531642390449,0.47272925536124205,-0.09174017534509077,0.38206825634751745,0.07422763131736779,-0.4096777506410048,-0.12379096459970787,0.022398434808583,0.04149517683337613,0.02408383374141701,-0.056850190348214806,-0.12951270049482733,0.0
0.09836714877978499,0.5466293943358486,0.028235997922249574,-0.07294570223039128,0.47700539895391963,0.015721517172929467,0.42347767325974023,0.08425063900317743,-0.4269587351965779,-0.13075195666981965,-0.13798452948315026,-0.0033176811345222365,0.12296971158298135,-0.2824681519992894,-0.19424823064080474,0.0
0.30199482758753304,0.5672785005855431,0.07912809422619889,-0.048370185797060025,0.5368477586783181,-0.04045195263922606,0.4431834787977436,0.033558526930936236,-0.3927389596002019,-0.12195281201747055,-0.048378653131464805,-0.08220330658685505,0.15614293434255844,0.059120384030915935,0.05502451688005214,0.0
0.22649951903579016,0.5373472224789585,0.028036885104491267,0.015156723557092782,0.5175233063244017,-0.05376557004973866,0.37598097676801434,0.010086551766951262,-0.45370325319209204,-0.246764463938661,0.12657532688032164,-0.03000493173888305,0.126002190579932,-0.08869792322513706,-0.07756282104607498,0.0
0.13038174857708465,0.46637239261643054,0.04313406674079061,0.0243345939174669,0.5661178574475386,-0.01972669321330417,0.4263518996172754,0.028507798991521095,-0.4671381845834248,-0.30654638349158014,0.2810993811274183,-0.11424360068819259,0.12441895836254205,-0.028470540735419693,-0.03193701413812004,0.0
0.15048076018207934,0.5977676649020771,0.060610555339228114,0.06747121319893465,0.4509927833848387,-0.17512278300265127,0.3235973894003606,-0.05441248616128261,-0.3870288768371841,-0.19980945993640423,0.027862521434383086,-0.14822301062020635,0.039236190284753836,-0.15265811263262788,-0.09602007812139116,0.0
0.14356816348573542,0.5287283111551114,0.008815253680453133,0.11208861872429482,0.4790571649421636,0.039954422080661016,0.3443284664025984,-0.013615083825505058,-0.5005466321916774,-0.23038316607683867,-0.017242935012317988,0.03543194781020009,0.019882265773229695,-0.06664426198762947,-0.08483953280215359,0.0
0.06670578806633687,0.5853332786692195,0.008086056635750127,0.0051377993952701935,0.5531957458687174,-0.09284293088702184,0.3555608756862078,0.0619571585587879,-0.403416311277006,-0.23268379256865268,0.10704263448813689,0.09979213076949495,0.09914284414482351,0.05269916302039274,-0.009406182598813234,0.0
0.23901347895314273,0.6098067186964833,0.033598793668385404,-0.014280681869860007,0.5477087552657571,-0.030661422093381636,0.3467495539610972,-0.05492428804265179,-0.5602155887066391,-0.25239066973068436,0.181852329802539,0.18230720045856552,-0.09123728663559946,-0.027009274779412958,-0.02680323530354746,0.0
0.21799936543579612,0.6005066252313628,-0.0009180558825880453,0.026080244461301152,0.5211807489654943,0.055411693099595094,0.26987221451636734,-0.1140359891479166,-0.3920637822661149,-0.27842039115969974,0.15062155140244832,0.1756397138400667,0.011119472477421628,0.07878127520313402,0.00531773673717854,0.0
0.22427357378355328,0.5093097028865555,-0.015093762475110947,9.603441174831778e-05,0.45450749409777014,0.036444469837908514,0.242584050409238,-0.06556064480145757,-0.481373420532308,-0.312997980949922,-0.08492169218080312,0.09406502968474804,0.21991407660890838,0.14146770275677722,-0.0030669328248659157,0.0
0.2459671270720437,0.5956888866396224,0.02117200938178904,-0.013662407513711165,0.5328143492045181,0.062445371186869096,0.27992251802846796,-0.08223175120624163,-0.4650601709666965,-0.285492763731819,-0.06598113661965556,0.17574281166594138,0.2234625814011299,0.05503972283279723,-0.057020569639877214,0.0
0.0950052883921155,0.5808279607771172,0.066577895805704,0.06791135580940408,0.5233758806072284,0.03072337560548094,0.26328016322284037,-0.06974962067675879,-0.38636730189615265,-0.3289913868745085,-0.06709347100667971,0.03863795842263468,0.09734375859575348,0.02530740029162095,-0.08941786022820769,0.0
0.19440417668691565,0.623862444740531,0.1097529306125282,0.018377349666117797,0.5480192271330668,0.014695922358214517,0.2238022036903892,-0.1860057415925403,-0.44539798020056076,-0.3664362330593768,-0.13371072104248355,-0.08681024379971222,0.03737806598715705,-0.037710585191519944,-0.08978414426167344,0.0
0.23832394921255765,0.5726123306281886,0.065775810341089,0.010670999670679944,0.5705575136460055,0.10364817230285389,0.3254990201625568,-0.04228419760245471,-0.5150968010878937,-0.31781330850405226,-0.056564540799131674,0.20283150498456995,0.0882908162056999,0.1659502308973468,-0.0973062656933588,0.0
0.17365203188589717,0.5858137876514153,0.027256508867261095,0.08638287244823799,0.5988849906030246,-0.045188159818,0.1639725063877555,-0.21241453212077716,-0.5350705930144161,-0.36266738403344284,0.11322851931330565,0.11004618182603138,0.245880238837311,0.15289629878805744,-0.16939504702365288,0.0
0.13383432864130634,0.5984785308524868,0.041748920519306336,0.08164428794238299,0.5590050671424819,0.05361230043956984,0.25420331245086236,-0.10831365686958448,-0.5502217586577227,-0.2742017709489347,0.17706440137354174,0.011980489766479377,0.21209438638746372,0.022056302040557765,-0.1977935372805763,0.0
0.1512498918716309,0.5583416498855951,0.04995967849992355,-0.03618776650171209,0.5666181543238645,0.10488832174267601,0.0324994453556301,-0.08957013703074258,-0.6252572505837511,-0.39651250099433566,0.07889701852661896,-0.0672364322601193,0.17485819577302222,-0.12567998239136738,-0.199303270516625,0.0
0.11910682591475158,0.5706796143348245,0.09698668238651863,-0.03402813146795786,0.4642376782522435,0.039317035685135324,0.06167788220272956,-0.07821956200697844,-0.4895295629852665,-0.28902927323927513,-0.007319655224908413,-0.015584641977596216,0.22438558827705396,0.020077652509044377,-0.03646924168633875,0.0
0.1436268761940221,0.5144072480496888,0.0028012023866053545,-0.013556525508903974,0.578162617917311,0.10371159617181072,0.1961736747665752,-0.18154441162912252,-0.5481357753945296,-0.3360421041566965,0.09033476442080135,0.08955988646159496,0.060359718736144444,-0.012940638409280997,-0.08258855915015476,0.0
0.22783433553510785,0.6065137238540783,0.10917885632277016,0.013486081868462096,0.4259071506575494,0.07656547714790952,0.097549515532583,-0.17972765665745852,-0.6317649439293322,-0.43341794744055007,-0.1407606320452288,0.05931480110412879,0.12325224286156922,0.023680717639712322,-0.1756725502153501,0.0
0.2089851919768503,0.5448683557694488,0.03497493616809004,0.13888407084076856,0.5702483969492084,0.026348910514799782,0.07011774106951389,-0.20892596252229487,-0.5431819363102742,-0.41933745370009246,-0.12352354881405586,-0.21960002969751805,-0.01163452099370732,0.08944075209099543,-0.18591964721335685,0.0
0.210915749171039,0.5586440152142822,0.04424139522820817,0.07263961802526278,0.5414366919216553,0.08690202457248405,0.017144002216393554,-0.21353898476272246,-0.5771252244531836,-0.3437040560462396,-0.14083663410747993,-0.32179141316667603,-0.03638374145779038,0.04717050022499831,-0.1695740045252595,0.0
0.21674747710909031,0.6363695780552945,0.03147056997157488,0.018791312454168235,0.5152882181778454,0.08477762568883385,0.018880846446503716,-0.2519965503483764,-0.5969407891003283,-0.37688014198219427,-0.06674829141245957,-0.16626049620766717,0.06676916236160045,-0.06595229293111848,-0.07836276307691392,0.0
0.15251686095010952,0.6639337331040023,0.08830650831343613,0.007258556666753641,0.6173619640064106,0.14149262134276885,-0.00032161732694081617,-0.3163665760312478,-0.5714127000339773,-0.46892137076088825,-0.0770018089741779,-0.05448765090115231,-0.1064212487644206,-0.08052025847126365,-0.07760845572066256,0.0
0.15840457620196655,0.5611816406667446,0.12742841144722805,-0.06113651615718932,0.5316547757087109,0.14222332058939618,0.04074874758325944,-0.26066591878721307,-0.6942684876528934,-0.47454415280512197,-0.06333961723204053,-0.18488046687569992,-0.12370670962116213,-0.007677097982315223,-0.06672124861890098,0.0
0.22903859917417552,0.6732672425405006,0.048245747480569465,0.0454289429287847,0.5187111557007157,0.04035224135141231,-0.018774475014762003,-0.2530449734857223,-0.5660770561847928,-0.5267063492200869,-0.16186118948479036,-0.29056096793522035,-0.07805333621232764,0.13049737332372588,0.0805391054841611,0.0
0.2372312901478532,0.5841122514555575,0.026981770848106167,0.026958834153307434,0.47348252005587943,0.041988194927243316,-0.044312698570282825,-0.26707529171940736,-0.6151691355665784,-0.435145104813089,-0.1670552273883251,-0.08965966902250092,0.0451048982566106,0.15382982219727714,0.03343461402664496,0.0
0.1637054515256298,0.7106490785038566,-0.05608345125026637,-0.027816942112420598,0.6559681405581808,0.12057487842260096,-0.05094076134022526,-0.28814139861474514,-0.6966945722117279,-0.5423659837640868,-0.22185157219549473,-0.16762036554181517,-0.029899301697941822,0.09492325261795351,-0.02861411562303191,0.0
0.2487140260964208,0.6573772536853386,0.02731669096956254,0.053612850201866,0.5515922608481362,0.1620937090646076,-0.11892449527531435,-0.26037236883254006,-0.5797766672558773,-0.45294966621512506,-0.1491958337896891,-0.11672665971788748,0.1803516476416604,0.011760767667275608,-0.09674557440160148,0.0
0.1869447609688028,0.5958199708051567,0.010049933714370858,0.051847593672725525,0.5734498548027858,0.1567638914037103,-0.17592242250609902,-0.3289861813200497,-0.6217580416805808,-0.4563876862096897,-0.11431326807136195,-0.020143558583837158,0.19110192804381676,0.039994226844351895,-0.14805877214258123,0.0
0.1259265946863043,0.6510602176278542,0.16211041924634467,0.02253281939039686,0.6477457703317002,0.21234012299131985,-0.06959511862073214,-0.28025802589329823,-0.6443935534571189,-0.4725907758261447,0.0016541207692730153,0.1259275953936294,-0.033213190891470096,0.02707996655260415,-0.03678871691951696,0.0
0.23355642345583735,0.5504801860425069,0.053628674425423455,0.09875509258244555,0.5116903467892275,0.11865860417980786,-0.1765590952139687,-0.29454721543774426,-0.7158242439013601,-0.4942293078558828,-0.03182667244228909,0.0700160764613548,-0.06822820675459076,0.056708814490151846,-0.01742921664714025,0.0
0.1966629550446196,0.5712788776235004,0.1005367561013624,0.14085723552905516,0.5994817030719464,0.18122197294455408,-0.11200008516688717,-0.35599449886521534,-0.5840057367789419,-0.5308161905570701,-0.020318491783976465,-0.003159058558871511,-0.004645696152367852,0.040729205023835854,-0.1751159481815447,0.0
0.22846370263740096,0.49832126903568386,0.010014251607196711,-0.04732792821440952,0.5189170517577271,0.24686651767071913,-0.1896512968476743,-0.36267677638698864,-0.642593600093589,-0.552954915875672,-0.15512232013808144,-0.054118380552615766,-0.1530942391901452,0.2357812768608175,-0.35644613656233787,0.0
0.25655740895376716,0.6465606009382039,0.0803271489754924,-0.03689975544506459,0.5356705803191949,0.14855360196913284,-0.17965676950927778,-0.4553961986185173,-0.6322771825199129,-0.5065534825657505,-0.10584265615242944,-0.05765973919771253,0.0001854609075093161,-0.016982867411371533,-0.3106625853097653,0.0
0.2774853921414291,0.5820609237548808,0.08528966244795969,0.0011666541975448516,0.5658690047432937,0.21134528376026446,-0.18218314274843642,-0.3521693222576938,-0.5711490363965495,-0.552335291805489,-0.2148285210815208,-0.1315461752267864,-0.009707275280007135,-0.015428431974506832,-0.13419700435147394,0.0
0.26139244400421136,0.5413050998542653,0.14817476089143322,0.02296901611291769,0.4894110657401126,0.17167289285909249,-0.21979000240840524,-0.36063915284028525,-0.7426086520630716,-0.5684708865596156,-0.15257111898440945,-0.3311335470190568,0.021207679862565963,0.10008724479988518,-0.04041233328817029,0.0
0.19938224674384292,0.6357335672571799,0.08931735309679657,0.10033729387111757,0.5233720166423261,0.18030813353914266,-0.26450552748632733,-0.37289432317492893,-0.6716953259284825,-0.5587516550437991,-0.17393047305595483,-0.29305663441506835,0.072112628724017,-0.04728597833489845,-0.08643230179137844,0.0
0.14414066626103744,0.6297320479993924,0.10933828323843084,0.029076545194586238,0.5931413554883949,0.3147800613590283,-0.2522584952390297,-0.4514206217275537,-0.7006620535412867,-0.6126607611473176,-0.05783055695426236,-0.013557891873096695,-0.15908898335481247,-0.09067038388188589,0.018444247565488313,0.0
0.2223056135362931,0.5739301370779913,0.09487195993274057,0.07872214063103986,0.5906971408651575,0.19736108987549872,-0.27598082508878924,-0.45371786324303937,-0.7062164216420623,-0.5759285861944732,-0.12312166637435486,-0.009164163665876517,-0.18049917905395058,-0.032629602238860064,0.09978937222161,0.0
0.18127844489550982,0.5875720014839593,0.041371212174664704,0.0067779675238653185,0.5692911983650809,0.3336208708987165,-0.3177153544816157,-0.4078494885620178,-0.7217243208072905,-0.622581593699557,-0.09717593646028491,0.012059583013549102,-0.19129969837632294,-0.16024706376489634,0.17338657734837243,0.0
0.2370795881502633,0.588285086686428,-0.014889286312450775,0.022353384187635945,0.5860353010200146,0.34121751612123086,-0.31930089956779445,-0.42165273291891936,-0.8566607330458453,-0.6174693511983212,-0.1923994348966115,-0.19047095776692233,-0.18607338534585036,-0.200527227084364,0.0049469046600613825,0.0
0.27553763608025533,0.5996540167294186,0.09647074071323308,0.04280136644325008,0.5631662107110004,0.2689716365031355,-0.2392400957298546,-0.3891976693553589,-0.6432116056217585,-0.5842854042646308,-0.15856115641532842,-0.12317563838934878,-0.2045710380661866,-0.28038133150503947,0.023045125228172987,0.0
0.1960715746330005,0.6680713101169145,0.0647387055331347,-0.0664508226289331,0.5978417075046927,0.2878117295941344,-0.4718577310252309,-0.37484240594458335,-0.6519320118951096,-0.6246319531748122,-0.11071148333795139,-0.10812616195681435,-0.2057464133695765,-0.1806862247636694,-0.1103345839291065,0.0
0.25719973673315394,0.6158987726951818,0.05851966062086536,0.019758790016453594,0.559434591053044,0.26780021222366085,-0.3043994804600099,-0.4409121268997279,-0.7657837852727005,-0.6374572063787941,-0.024665514305423422,0.015569964450460896,-0.21324855384977587,-0.1959086658184336,-0.0009733199806534198,0.0
0.21128662062677125,0.5736548168198079,0.07576476357779208,0.0959460292396318,0.6012829151426626,0.17662640980893674,-0.4070593888285322,-0.5467938352550136,-0.6957877740195278,-0.6088617464868723,0.14429676791157417,-0.033926550535639845,-0.019450038506912085,-0.13941243101233003,0.004243933982320888,0.0
0.22238667896509534,0.5703669086679997,0.09332846209018876,-0.010295274816645869,0.5207938739690328,0.29415969354469984,-0.30195371864190956,-0.474426088795469,-0.7411435596954731,-0.6254545100742683,0.029599426269029325,-0.01924323840214924,-0.17423646432236076,-0.1347241940798807,0.02878807175196541,0.0
0.1345027589509039,0.5923876810652854,-0.035382537836477324,0.0322663954013907,0.515911444993674,0.264796932436199,-0.526607530945436,-0.5613983251465299,-0.7589587690628679,-0.7666420185311174,0.0017910720213591379,-0.006851539319670299,-0.08627965845118718,-0.021307909259780766,-0.14329723097640099,0.0
0.15721010818207082,0.6104663319139,0.05311007468794605,0.13571481078463654,0.6007645594282607,0.3155727789381547,-0.4662302219827268,-0.558812190096443,-0.7242623228635864,-0.6603466640076785,0.13499979051197927,-0.0019497301195148921,-0.008708054741220439,-0.004499491926652485,-0.2892148807853926,0.0
0.21663158534869523,0.5854929274632305,0.08237159335078298,-0.007128894351547829,0.6170619349535511,0.3874873373585094,-0.4116940746804661,-0.535207007977785,-0.7581928384228301,-0.618217390695267,-0.07589895566477929,0.027019500606909646,-0.010840181288796066,0.10609204372195154,-0.02001426901848477,0.0
0.18752121870187546,0.6480246573956093,0.10756121417953157,0.1093374190244552,0.5240407574222697,0.4304212643442012,-0.42901513502898253,-0.589624321145785,-0.8209307313134775,-0.6933959587295616,-0.2984265262638975,0.11613344418594197,0.2596449379028101,0.010789421636941549,0.1370188816456649,0.0
0.18832986370114313,0.7063497308746097,0.057414945822952375,-0.029981616167985323,0.5377357566314133,0.3417711410071327,-0.4674020936449664,-0.6180223615387154,-0.8160711626355492,-0.6799489250666655,-0.3355458580921419,-0.030295624256520645,0.04517304214484591,-0.025343480507572846,0.07963716940685973,0.0
0.24954860105593907,0.6878072338864472,0.0358911472157798,0.05457144076993053,0.6219358014405317,0.388645690255606,-0.49711449104529093,-0.5300165972561277,-0.6972387817585316,-0.7345272889139641,-0.2473443040386285,-0.03982205259426489,0.029514481779128833,-0.04819177804468407,0.12335146594163471,0.0
0.16883167218421394,0.6642974429024496,0.07453450352461562,0.04738004232411254,0.4797230676738209,0.3287837185545928,-0.45915034853277004,-0.5906615219538931,-0.8348266722728692,-0.6724816337253119,-0.12227774963820355,0.13107634362439718,0.004259112511304973,-0.09114862599053744,0.21358282847552446,0.0
0.2871981256604438,0.6507765898942436,0.05424092816752192,0.002936600523827798,0.6073361603262131,0.32863975754580377,-0.5290483829106921,-0.5526115565762262,-0.7854762587684959,-0.7335434127004068,-0.18394660259044826,0.14784659752747986,-0.04271290891834277,0.0010860647357944855,0.0558304906170049,0.0
0.16618108051677252,0.7405424553743132,0.12196948748248154,-0.018914072170577695,0.5765045595117894,0.39120937300580394,-0.5233793609193976,-0.6630573838891658,-0.8162028020034776,-0.7685021734941951,-0.059963322125151874,0.10396151770245636,0.09675435093538198,-0.02125711188298841,-0.03757918300452815,0.0
0.24714628510062694,0.6119866124320412,0.08247567117585147,-0.012884059447087155,0.598111912397388,0.42529682871476354,-0.5422471058327696,-0.5875144381703691,-0.7850511755667801,-0.7706628199416119,0.02170348935285485,0.13230802820164117,0.04212748272939349,-0.04343685880558508,-0.07805713729412403,0.0
0.1270680886465202,0.7781566189409904,0.05347553456772049,0.07971775525362437,0.6136496802084558,0.2956472386142534,-0.5653618354768298,-0.6447859903417348,-0.8168855726962421,-0.7694976174063253,-0.007846712265783509,-0.16446046767961942,-0.017269744482184744,-0.22302215929046493,0.07117035199148972,0.0
0.30135150951934697,0.6236135149508402,0.06214997795606134,0.036553595764085796,0.5243481315170432,0.37923094572207794,-0.5032610887127181,-0.5643157955967477,-0.7871872988042542,-0.7393054862370109,-0.1296001139434488,-0.11465959724972924,0.027171154659886905,-0.2671025535138367,-0.023136532703379162,0.0
0.24240361919673303,0.6741324757422473,0.09816804636821977,0.007402765490841297,0.6531375629757648,0.35232446337622725,-0.5041563751754375,-0.6311910800637236,-0.8111033339591444,-0.7770579498805873,-0.0002799809918240248,0.007320583757096585,-0.07164075918821924,-0.2566477837186632,0.01031225343601307,0.0
0.20936304682138202,0.6596927905927183,0.0515898541636096,0.004322030189831599,0.5370143381475196,0.3866964244251976,-0.6182536084898614,-0.719939528266476,-0.8331036820797075,-0.7712133637720353,0.010722828891690475,0.08450024584522206,-0.10666663572972883,-0.1298922583534226,-0.11689232746739539,0.0
0.3007758696531931,0.72372312732033,0.021570218148052107,0.02421440791741545,0.6322790666976281,0.41710212625696114,-0.6738971109746513,-0.7088206695490318,-0.8845252329484797,-0.8043348240105812,0.06335584114720672,0.18616833797644836,0.046090523873924594,-0.15888520534055078,0.03704081560967788,0.0
0.19320046672497862,0.6869972717012809,0.15828246182528227,0.05209032232501693,0.6001134878865414,0.44672246436464536,-0.6263688857942379,-0.7027164539623749,-0.7987652746526763,-0.7396297819842039,0.007804034144060473,0.04541261176606973,-0.14225747680540118,-0.03158476174270165,0.11018326046824088,0.0
0.24622076133243692,0.575846301006484,0.09613895684309376,-0.048565990978815476,0.673604027617717,0.4094781907542884,-0.7370314427973164,-0.6733517568772849,-0.8033224288995107,-0.7247805099824313,0.11617842658576942,-0.05028378215820979,0.03432479215873706,-0.03262436059207091,0.04058747062887365,0.0
0.1727958398725349,0.5475262085590675,0.07283010893796832,0.010290118942817554,0.6394355768655385,0.467006343194642,-0.7620327504493584,-0.7017470341488817,-0.8188383480822992,-0.8073830834307697,0.12028536356708609,-0.10984212693752683,0.00466423282250783,-0.02576259555243203,-0.13524651801016746,0.0
0.21530222697137286,0.7468235944967849,0.09055559955719235,-0.0028729713905624454,0.6512705962779821,0.5137590282713383,-0.6029110778627004,-0.7195573102460531,-0.922174759192973,-0.8599827870629804,-0.07892760290910547,-0.26065537061347466,0.05275904120869163,-0.03512904142374548,0.020749317519624763,0.0
0.30045776167071675,0.595843663266083,0.0690763151865747,0.005571368230795341,0.5179297355268642,0.4332501552351806,-0.7450778769242208,-0.765398743434499,-0.8363189291652182,-0.8042557238283571,-0.05051299798857442,-0.12401334381658763,0.01695718674149306,-0.13774949998773586,0.030656392143418004,0.0
0.2821613040642397,0.6598790977562264,0.16011728433367328,0.04935233743766191,0.6040463007214032,0.5586731313399104,-0.7542468472394944,-0.6877715149078689,-0.7964806730765484,-0.8069801970329764,0.04828564517936382,0.11318459368412885,-0.08175757987714237,-0.13321689865030592,0.24536129728667097,0.0
0.24628933612800888,0.6486607315036542,0.09324847336485348,0.06509719812077872,0.53296274040117,0.4656886595221307,-0.6391764624668801,-0.6572809498332822,-0.9314361474763955,-0.7559822421916157,0.07762665357424096,0.07904453577846976,0.019440346521368182,-0.19585517157684135,0.17878308151782518,0.0
0.2393147002392361,0.688151557535402,0.02283019570850714,0.027978081693663004,0.6580111574934427,0.4135687060586995,-0.7123954012593694,-0.7663535025338987,-0.83409376837107,-0.8282847777748453,-0.15882367596888558,0.0561883868656243,-0.053936139681748915,-0.06890812295457245,0.1607271655650978,0.0
0.2881597800345962,0.6808172614454461,0.07229980734240551,0.0948086509131345,0.6033280964588054,0.4442571324171976,-0.7527457380742194,-0.6753710530016757,-0.8741489260881561,-0.83098849351181,-0.16311516499752432,0.05228885451023568,0.0752793937619734,-0.09333297146041802,0.042156003702671335,0.0
0.24443437608390292,0.6399622766097314,0.09647200380490856,0.028690977944085552,0.5622271702957281,0.427061362711049,-0.6857997453370251,-0.7238881883006537,-0.8663132258577094,-0.9076467881278965,-0.07451704268677982,-0.0017140966541478592,0.008236523270260317,0.06829933946161632,0.17721564276227497,0.0
0.21494899651037502,0.6720523486062654,0.15019504576771697,0.000729670055416326,0.5931417101057033,0.41754674086688887,-0.7506191891680174,-0.8218130441163097,-0.805059321122627,-0.9152826268384332,-0.13271466623292116,-0.023168928301395716,0.01115148058579927,0.08191845775264514,0.27009467046697755,0.0
0.21380516800465077,0.7592921815924665,0.0968077717479779,0.07357765653917314,0.6275644678853369,0.5135644040220778,-0.810739992410328,-0.7865690938305964,-0.9219833488645389,-0.8298846062005438,-0.0981023782093676,0.02347921865666116,-0.0727461654095343,0.032432445840085825,0.22499204529981598,0.0
0.20490945496695,0.6591776615694096,0.04449843850993286,0.007074050372546312,0.6653550826855876,0.4577027553294516,-0.7076102396816156,-0.8349848996797423,-0.8697613457727457,-0.9088027752495151,0.032934080625958304,0.19217676019875424,-0.04272321758721349,0.13725302404210415,0.28587034529529887,0.0
0.3127143247980472,0.7505741495998586,-0.0012131288514154875,0.10491092799179016,0.5331008035271922,0.42918805806457067,-0.8206365811656214,-0.7631541733439209,-0.8220707319617779,-0.9155398145396944,0.14281750175690355,0.024862854808494386,0.03181629745073403,0.22378312849543747,0.27323555160092083,0.0
0.21641696566478918,0.7460729401326666,0.07756391345180823,0.04120525237733797,0.6340400315183478,0.6255002060426911,-0.8137919599230857,-0.7708750142606717,-0.8504418611797309,-0.8067139334498712,0.19383187678449665,-0.07502121683904427,-0.13185992355494305,0.11231132631202367,0.09575261415470417,0.0
0.1765266064561385,0.658368641375185,0.10586967431460777,0.016750613433366545,0.6550028196926653,0.46861430190943126,-0.7916016718661111,-0.8023373079218115,-0.9262122804192247,-0.9190068014955102,0.3961406756634511,0.010167779251951975,0.01871785925214116,0.22510630092413186,0.07412440322469593,0.0
0.26331821032955094,0.7351455602323391,0.1307504128502645,0.011741456158939949,0.6629197365497247,0.6178358682762028,-0.8827737398272957,-0.8569350438215365,-0.9769295502632553,-0.898082412335884,0.2787126291485635,0.09262197042953582,0.13413098597925896,0.12503828017850718,-0.010370468411621349,0.0
0.2844771150662797,0.6696077600236042,0.10384884662604632,0.1169946743814611,0.5300970731653576,0.5337800324387468,-0.8024974661033518,-0.8562349275932953,-0.8931981476037327,-0.8461284670011177,0.12223351339753369,0.006698349181989291,0.21813453846056985,-0.06792051245743387,-0.00529732151082914,0.0
0.22728183488290496,0.625694057559175,0.10876551149782036,0.0882541331806171,0.6295239996891031,0.559680829630007,-0.8424302202652089,-0.8479566377508256,-0.8529507934888126,-0.8793202784137343,0.08041426860911935,-0.0073476515379809065,0.17018146711033208,-0.08363846913222146,0.022779119566810124,0.0
0.2818351098696266,0.7199495076320677,-0.015714089022580743,0.042306227313622304,0.5621702008424626,0.528182940204998,-0.8533839532337228,-0.8414547234432522,-0.9163901619884366,-0.831523790127605,0.025263945239870553,-0.009384934475727705,0.14877352050864295,-0.12306714769848945,0.006151009939414802,0.0
0.15869545726989112,0.6866697438987112,0.06690408327299228,0.0720582154843294,0.6294863806988436,0.5887581972483376,-0.8012306858158736,-0.8995223044810113,-0.9012831434757226,-0.9271088395080112,-0.005199767586434374,0.031050912106198855,0.08592275497050454,-0.24070942774560633,-0.06993481563785711,0.0
0.21161637718337253,0.6042101246485901,0.12057024496757354,0.05446922298064675,0.6632762581178321,0.510801950897418,-0.8443830183718827,-0.7838864291171632,-0.9633423058567656,-0.8928185487740985,-0.141314592851384,0.07366014871576831,0.09679133065311576,-0.24501367944673957,-0.133576662603072,0.0
0.20887448168153688,0.7098900787925527,0.004409373999770122,0.0626499607725271,0.6281211596933974,0.636806548885056,-0.8568551447754865,-0.8671976512865318,-0.8913025440054285,-0.9198389333784038,-0.12037725913256014,0.07616889585364925,0.04976133237841942,-0.2518002345981896,-0.1640592845175115,0.0
0.3491272279865083,0.752314455819858,0.10037565918319757,0.039985824142607554,0.5504008301910109,0.6024120644845978,-1.0149803329475855,-0.9266654366789989,-1.0167965302696267,-0.9670658977844709,0.0192183243521349,0.11932848260939341,-0.04898346502463505,-0.27193522475370363,-0.14630021074623237,0.0
0.25514161719274164,0.6803083098134526,0.03563948645834832,0.04594422920238746,0.6974018629246623,0.5322620859575568,-0.8458877189760167,-0.8347053177692088,-0.8530360724870736,-0.8631094434430051,0.019977373930574062,0.029514149420618765,-0.27839393084435476,-0.24671128899586292,0.02612850275786681,0.0
0.2553215488064121,0.7009223784713589,0.14912098547952995,0.01723031627095252,0.6075520684009044,0.5633860390087312,-1.0010961005463979,-0.803548018438652,-0.9375318087832839,-0.9224218149518304,0.09693526251774205,-0.05599355926100329,-0.2420954452030477,-0.38591693637893576,0.19400626599401496,0.0
0.2875773545136773,0.7219097448472146,0.09205821909110141,0.049741063465040106,0.643864134064812,0.6263011701738566,-0.9400364679263241,-0.872977762203138,-0.935860660140259,-1.0340975807064288,0.012129434080781057,0.04606253248946917,-0.14855917683700828,-0.10005465485676254,-0.012280338292585513,0.0
0.20701013047319491,0.6552593530361377,0.08099204287952912,-0.027741354364099996,0.6628734730506253,0.5852889130348213,-1.0472195182084436,-0.9360058946740258,-0.9649671262075429,-0.9357683066492007,0.2007002469211056,0.12480641488509325,-0.209562370472363,0.11166060540926637,0.016153880482943292,0.0
0.32452383902266496,0.6576149788173036,0.06536118592612636,-0.043455075142765226,0.6073530848777411,0.6416376512513082,-0.8676418209287502,-0.8822057594117617,-0.9388513816813138,-0.9731462377675416,0.13473787876641805,0.0580306182515654,-0.2788229793344541,-0.08102991341444289,0.030210440294007365,0.0
0.2844291369513476,0.6646240193306602,0.11135305093339033,-0.03609661937182494,0.6211380183728828,0.6340829282619271,-0.9692296385136944,-0.8916533101425871,-0.9426258364783485,-0.9526880292403455,0.06242335698593897,-0.06559831551397699,-0.31747488695432047,-0.05513505391950387,0.06756805187957751,0.0
0.34782121450024933,0.7185563024340051,0.06834147869707985,0.06678141175607163,0.6841654696912357,0.6538523216873344,-0.9186511843101752,-0.9732181929397391,-1.0615877531956197,-0.8915839429499135,-0.15191842167453015,0.15613676785934372,-0.18098423468212388,-0.1628229429734969,0.16323598854097068,0.0
0.31726226043233074,0.647427974170729,0.14252451402311855,-0.04388915519769332,0.6467094503297842,0.6767783435219534,-0.964443039047134,-0.9111322690169802,-0.9537428757646418,-0.8921724498790373,-0.16187246216458429,0.14351635077799837,0.04028088064410949,-0.05597552478909234,-0.017036382909729406,0.0
0.22568727756415632,0.7129946321348556,0.10713817185445225,-0.05108037659879987,0.6790035067668925,0.6220331454236226,-0.9503554049986435,-1.033397783406158,-0.9781471372682341,-0.8519182435341046,-0.11548893214998965,0.08943255480423147,0.06869895274220197,-0.1725798414479051,0.08861453719923507,0.0
0.2709405785214832,0.706478413431938,0.11149764147784111,0.057846129120340345,0.5480955599780104,0.6582088926181134,-0.9649527809727709,-0.9731092999958842,-0.9919668680346252,-1.0138254629330647,-0.095649029243095,0.01037740110439709,0.20562367856046448,-0.07681630241276456,0.21191200245559427,0.0
0.2518271153728525,0.670666966227329,0.04032286350031224,0.10731433336319522,0.6536960416129902,0.6133942864219488,-0.9978017915043661,-0.9069625941729211,-1.0421485859772845,-1.0310050841448826,-0.1473347978922303,-0.15481584692048653,0.14499837866158677,-0.09065671185547222,0.08311475005760631,0.0
0.24367595503586595,0.7769451266862093,0.02213731781283773,0.05238939418899118,0.6370687519877547,0.5635561385655272,-0.9340509877329665,-0.8632107626658129,-0.9936184820458516,-1.0460868140807196,-0.0012552444989713807,-0.277631480749945,-0.009221188521338478,0.009739429223617715,-0.06335321432369075,0.0
0.2799431230874204,0.669587176508366,0.12188038550832794,0.055276318320547795,0.5912204914148766,0.7869311940958572,-1.0385938986150594,-1.052277097497561,-1.0397701417049674,-0.936192388681333,-0.0938113453032771,-0.2636483042687404,-0.05628459992775344,0.048201885223273115,-0.048531287503375514,0.0
0.23090594683236632,0.6738299627483546,0.037372330348153224,0.12077231238050161,0.6867872098698131,0.6806529798279467,-1.0232126450042316,-0.9637860105702578,-0.9035118918967789,-1.019231080199142,-0.13712187897871778,-0.1384534081198036,0.21555583100446235,0.2980940489432728,0.09254674202640653,0.0
0.13880829871319356,0.6863275899625918,0.10150885730268043,0.05683798499202272,0.7013131945678501,0.6399355674579106,-0.9932569173893163,-1.0014619977476789,-0.9795712906520664,-1.0563793965365225,-0.015083334939274842,-0.1558026638365327,0.2835565061621388,0.0735394235989813,-0.22456342796682233,0.0
0.2567222660300466,0.7351765776215933,0.12219349393162843,0.004757821585593319,0.6696117816061705,0.6917615974328271,-0.9661045910992425,-1.010362235859339,-1.0323490617668785,-1.0872355766017723,0.015823860833802533,0.0653547921385523,0.3016078772530403,0.025101979399357998,-0.04683320762687267,0.0
0.35530180059895194,0.7185510029315128,0.053652655183953436,0.13420834311213306,0.6464193023087266,0.6413481374184975,-0.9737383993693721,-0.9742105582082048,-0.9752841227495391,-0.9213810269307837,-0.040615230782377304,-0.04479871251613176,0.4036047886995273,0.10512762484094909,0.04681436889625213,0.0
0.32180023012482295,0.6674221366192117,-0.013311068210036997,0.08148126716864203,0.649302614400853,0.756535097494742,-1.0724153722502012,-1.0441997939293473,-1.0011039419298111,-0.9617600241856582,-0.1432589055550735,-0.0774171160451782,0.16772047965623907,0.24687861353929985,0.04629626723387402,0.0
0.24159058119324195,0.7556050093444698,0.121443144542427,0.06407788879384674,0.6748748289170374,0.7218798396206543,-1.1638108360731436,-1.0082866048042924,-0.923785729997811,-1.0249849845292538,-0.12805055183185024,-0.10009620423012049,0.10734348767913947,0.17482292371537209,-0.06080275612143293,0.0
0.34910653992397966,0.7073134140609855,0.07116591900949071,-0.002507304889863171,0.6824663779995763,0.7544143992434437,-0.9041132830187077,-0.9995787122897,-1.1040484279807787,-1.0966804268384773,-0.14013857595506593,0.1341539799744246,0.10083880894004367,0.05766308708677902,-0.11904779099419799,0.0
0.21481383697577058,0.6855935395655216,0.2183982311704726,-0.01182982397396437,0.6963782202075515,0.6787834212643566,-1.0881685679794155,-0.9266266511526827,-1.0229615683190987,-1.005867154130518,0.09910717769477581,-0.02422629375488268,0.1725304772603779,-0.09711326808906359,-0.26176395343240266,0.0
0.17384441291852004,0.7444725490096414,0.04688309816030434,0.11284426369158088,0.6248661177168173,0.6628700140085645,-1.1604761005872382,-1.010410568305488,-0.9833658449984021,-1.0078264452627543,0.20073812047599293,-0.0729946335041603,0.01481924138392074,0.03529936193259927,-0.3001318507157073,0.0
0.28763150389886755,0.7355350793158453,0.051154217083488496,0.05955641484224814,0.7062796410651271,0.7570111277061172,-0.9527129081968625,-1.014155963014649,-0.8963293035828794,-0.9862093080948345,0.26831751600207115,-0.06706898123141433,-0.05662587895674692,-0.0011035293730835352,-0.05628474670533923,0.0
0.24016683881668724,0.6636609844953864,0.04847486172312501,0.04290998498551955,0.589954844402211,0.7674515630065336,-0.9896460530848336,-0.873760132781937,-1.0402060930899408,-1.0783078339626238,0.08558230167011088,0.030193594306779287,-0.28098086696884833,0.06980793072507305,-0.028113074604497447,0.0
0.29007013656010333,0.7487758510558912,0.11359600121833204,0.04343311523533782,0.5226953347225949,0.7918736481227155,-0.974487885394104,-0.938599482172096,-1.0174128351921519,-1.0113766096328733,0.11673949867714223,0.07467307284455116,-0.21736460111367584,-0.031839061599211425,0.11278017194538048,0.0
0.16723215056449536,0.703469212893744,0.07392851221428601,0.05557551228655649,0.6955690684279,0.7210740659983533,-0.9711730140015802,-1.0839695417185917,-0.9785326081436279,-0.8721316486522195,0.1399573269749643,0.02965749374830646,-0.08107780396558409,-0.011878842786943155,0.07658342974339792,0.0
0.3118507975439529,0.6414779372304737,0.03942298047217356,0.013478863165630933,0.599508229087599,0.7401376786575327,-0.928024807186604,-0.993897723676978,-1.0068828811712194,-0.9899277600320247,0.08812913110560082,0.029496303819065407,-0.04514656955901838,0.1907237985102361,0.04792237737172695,0.0
0.38070322432391185,0.737155873863832,0.11684764519436386,0.023735952725690568,0.6560069077558989,0.8074009665588953,-1.1157135212108236,-1.1186599312497658,-1.0433315922989745,-1.0643381748021583,-0.011201579964244993,0.0676783822376257,-0.13329282964141131,0.1616138360827944,-0.003108476720952276,0.0
0.22034898119656154,0.7117363076445762,0.12995011357793235,0.06157359180244717,0.6598318873815492,0.7123395627961896,-0.8978594855570934,-1.0288866098909262,-0.9537304344255616,-0.9802028819231476,-0.11782854045248539,-0.18599446673527253,-0.023893389703354362,0.0183815631585363,0.03672044851330717,0.0
0.20913613367043937,0.7825382920643756,0.13009034226873673,0.15297929252005676,0.6259204273205679,0.7399665760507563,-1.024966241042231,-0.9990519063540398,-0.9840802256735538,-1.0429224911644883,-0.11010508184598272,-0.14494926276657963,-0.03101105415510033,-0.13044246993091865,0.25634871325564945,0.0
0.2665922301983924,0.6694773723768801,0.1486713036310067,0.10784867827663969,0.6192161853080251,0.7927567706181203,-0.9576307575674994,-1.0065926083025838,-1.047653132307295,-0.9496587575799151,-0.12184424437551775,-0.0877614272232827,-0.1173568939817661,-0.11533049693360126,0.17627023296144226,0.0
0.24999033488339464,0.7739745469294069,0.09870098029537268,0.11567578857111517,0.6526392218201779,0.7403752418746044,-0.9746144117131749,-0.9962159833528823,-1.0464145367929332,-1.0370142209240842,0.016872055118705306,-0.05521270273019945,-0.044095714894337466,-0.14435538843849294,0.055089395000237754,0.0
0.3461745158036601,0.7562224240911722,0.10022231774969548,0.1183608800966991,0.694974665080371,0.7790034848918814,-0.994914915299174,-0.9630395213681069,-1.0734156289407653,-1.012713162803473,0.04334342638748956,0.057686071345986085,-0.07638993868096874,-0.1344114126903126,0.022915685878976078,0.0
0.42052972384646237,0.859132429651886,0.0503328932089476,0.11943659720005156,0.6972929383065444,0.7813417388890499,-0.9815989734288917,-0.9926498120201867,-0.9611797888470547,-1.1236183789430452,0.02273451003226348,0.004730067408391506,-0.2139057364442778,-0.08704897447238029,-0.022940210684567537,0.0
0.25223013631335406,0.7199419145575584,0.04843301209916008,0.09745779558753555,0.7223592609167472,0.8575240005538882,-0.9307645104253519,-0.9801330006058004,-1.0037000376265013,-0.9534260089428525,-0.05588094092415352,-0.023576307515586398,-0.310955501044605,-0.07671779254417913,-0.10812049628547779,0.0
0.2322914119194445,0.7987599541952144,0.10903893859241265,0.033914727498696326,0.6572152248026133,0.8228987752021942,-0.9183357420388731,-0.9150916873272726,-0.9560983151183478,-0.9940323140271782,-0.0656965326508484,0.06279501191066017,-0.1683951938922947,-0.2372166580175855,-0.0871743039776532,0.0
0.19730135442557542,0.7035527368373282,0.07741305482432904,0.048102802968554806,0.6906141581872256,0.8001653289886472,-0.9298765998575937,-1.0171008852153314,-0.9373898737724824,-0.9767753690491003,-0.06186479145822961,-0.08686095789370593,-0.14033455230757755,-0.03982443068658863,-0.05383693449770962,0.0
0.32198319014740023,0.712447913413728,0.16941485808989076,0.04290607713123801,0.7298459947665354,0.767857280286531,-1.0536435979615713,-1.0656319829607785,-0.9493440285516714,-0.9541238694060286,-0.27400772998283074,-0.03784191506248366,0.0708735238404355,0.1589609335418623,0.1530542371630938,0.0
0.23179953952670232,0.6961885105820008,0.038349446745679694,0.03847697545033134,0.6814456126109457,0.8891212092138355,-1.0125396666117323,-0.9832767477161686,-1.0017931580017216,-0.973446538403012,-0.16521264250573764,-0.012112869045646629,-0.3102321227258049,0.08916565958857667,0.09994114343399504,0.0
0.2916759457290016,0.7087966932640583,0.14712211795497115,0.036421482784403374,0.7177192054329024,0.8721671097009946,-0.9564264710094293,-1.0141079686190326,-0.9755181980321845,-1.002276628569283,-0.14322117027666972,-0.09087891733411363,-0.15075729558733805,-0.023731665169666315,0.2254160206618734,0.0
0.23213160029225147,0.7840706910342583,0.10757422965607534,0.08183603229637292,0.7139122720014032,0.7938850819059506,-0.996257614532175,-0.910006309357904,-1.064928875290235,-1.069152303914566,-0.04883649032229978,-0.0832432544921079,-0.1305683237119195,-0.17956571272298003,0.2718249142783422,0.0
0.18116845793200798,0.8384037784998095,0.1663015755065647,0.026150206630646267,0.6749141543791434,0.8315283305262506,-0.9175548643280537,-1.0384170061421247,-0.9478613000862288,-1.0414516782505654,-0.16665807982971034,-0.1007370220886533,-0.2387728357242322,-0.16179742221981053,0.2102288307387032,0.0
0.31890735239887824,0.7394041685008949,0.13731267037704636,0.07418230670660314,0.694171872966702,0.8360470587555106,-0.9774156632315202,-0.89609907438169,-0.9903135685930367,-0.9428880743484993,0.01761977722946978,-0.045301497048500367,-0.1997564461163765,0.0005398793763723014,0.15091697470904347,0.0
0.2669459981665357,0.7887280819891943,0.14049899733825438,0.1311167012615796,0.7022720608486491,0.8658011012829303,-0.8878147785438828,-1.0405083746118426,-0.9686455791158216,-1.0000840365464279,-0.0007583617700334128,-0.1368825380913196,-0.11361716572467827,-0.017332667444163334,0.14455859656104605,0.0
0.21809429038335726,0.771099928079822,0.08850468762786914,0.13473890699311986,0.6010084009222322,0.8511083107074067,-0.9576324930952426,-0.9533488634136363,-0.9166275721860031,-0.8451073280230583,-0.1109485925078973,-0.0845387348961203,-0.18865847750301726,-0.12278188017276832,0.039568008362457024,0.0
0.2395921752468652,0.7093979288364691,0.0528602921423253,0.07251305205045491,0.6176311308002176,0.8018556439046002,-0.9271706865757049,-0.9858193758355818,-1.0362789315363403,-0.9429758981638813,-0.1055490567025404,0.023857618272654195,-0.15710408914742577,-0.1473452742720154,0.14961050784478155,0.0
0.2537085164096918,0.7761856656369375,0.0832207180308124,0.07142303137896844,0.7456994428410813,0.8213753533776215,-0.8876776046124689,-1.002644556512677,-1.0105129428160056,-0.9748610391467064,-0.10413051190014005,0.02229362984810209,-0.05242955614680858,0.13989419419346916,0.08104743431604622,0.0
0.3312233813292121,0.8009079889956993,0.14603219732064737,0.02295230845615541,0.6415852131787134,0.8727606048327545,-0.8835428829205233,-1.016016629498067,-0.9407908681166235,-1.0228332090689125,0.08181866864964293,0.07363388889104962,0.07053745273309314,0.15973109523952372,-0.01157137681516842,0.0
0.18865128736055475,0.7632240669410861,0.18439269430640348,0.09061577659719279,0.7449107388570305,0.8175869836563241,-0.9316891282701778,-0.9396372797169934,-0.9831393088222065,-0.9132524697477509,0.189805713155742,0.14543709138075672,0.24057925816185458,0.20881387628903994,-0.12105111681212265,0.0
0.3226609721197872,0.8075633601968443,0.17438567724250578,0.01774057736233116,0.6851920095480841,0.9091804779549355,-0.8306917056323667,-1.0080959929413458,-1.0199725585925663,-0.8516336614043976,0.030680348971147436,0.05679612557151203,0.23577073903156415,0.05781684230559714,-0.13435394614430887,0.0
0.24513483546638742,0.8143928996858127,0.1287258041732796,0.0929241651868236,0.7452892564693872,0.896712201949356,-0.9146572267283442,-1.0073425811456551,-1.0743245318444008,-0.9217611114184299,-0.040109390139076155,0.0472057509170085,0.120935463796654,0.2178342726674989,-0.2327655489845239,0.0
0.2629162798303549,0.6967994285342212,0.13222376520276152,0.05208545663470983,0.7404589630711516,0.8535422457764252,-0.9494668864391378,-0.9365021504421258,-1.0062827851920912,-1.0386255437447296,0.09116222475050167,0.11180528039725508,0.028329426069463343,0.2262917494393853,-0.06994269456193503,0.0
0.25558958372218776,0.7570049612185049,0.13842036997334797,0.06935654499307245,0.7417860872083202,0.9147812185399024,-0.8464025413257108,-0.9521830023274651,-0.9188261356689678,-0.9211120569737965,0.007258514274887752,-0.07348774488357228,0.14203686544983354,0.016673640368322876,-0.0461061054538711,0.0
0.23875947617015292,0.7136356069081473,0.08647371371868774,0.17440562230708792,0.7662506480682759,0.9422179718491042,-0.8672324471080732,-1.0195138833837176,-0.9366891348893795,-0.9755032439742566,-0.1486205970306476,-0.0898660240508053,-0.01762278715322159,-0.0034094825665009626,-0.00922332798687003,0.0
0.15637798278780496,0.6684066239873337,0.17207563193395264,-0.022817239631387792,0.7735205044564312,0.8899818513976776,-0.8632214798980908,-0.971627149172305,-0.9200810452432681,-0.9044915507266567,-0.2380349166380772,-0.1404701005851685,-0.034973184123947475,0.02385683513007376,-0.06065596947575287,0.0
0.2936488891625031,0.8677815555905419,0.11881607603789306,0.03482039718886031,0.7029281896943942,0.8948488805395654,-0.8177595125138425,-0.9326836222857496,-0.9590819332440086,-0.9574141663212657,-0.21046205096677212,-0.21361671701704038,0.18434098241790717,-0.163326346547721,-0.17899543151584646,0.0
0.28862904494725805,0.8153564320723794,0.06820957752747092,0.014059349674228727,0.6891042563495073,0.8665778338781192,-0.7893102889647405,-0.9855288381126266,-1.010193259207352,-1.0237429947302534,-0.22791703861376156,-0.1555828926373345,0.12420440304268963,0.13723434715620902,-0.12132776680613006,0.0
0.30218752167538115,0.7926060017553813,0.06434653767912035,0.007651224111054997,0.6924368184875451,0.9228724552159817,-0.8072995892165443,-0.9745515972241816,-0.9070021000227932,-0.9971864525016346,-0.08054213736780294,0.010477863616660962,0.15642566390153811,0.00971250559905762,-0.2369099766851151,0.0
0.3348382160336531,0.714928407680381,0.22436691777179185,-0.033587902772681144,0.7817105254652957,0.8830451941636701,-0.8668887686066743,-1.0733695246372652,-1.0944402286794905,-1.0314582092077633,-0.16253517280196228,0.06129976279288797,0.03828523046014977,-0.09786808639128827,-0.15617525963666581,0.0
0.2930300330757477,0.8111040767162813,0.10791498100332497,0.1308733230056353,0.7805370031142125,0.9968727742393464,-0.8445919197122876,-1.0787995956041843,-1.0372661247914083,-0.9584823191263764,-0.10933107343001998,-0.05375697373072662,0.12561227489789376,-0.22224769258232485,-0.1749163057724359,0.0
0.2821086261146938,0.8169814343115547,0.15143311426208972,0.025205408810324965,0.7150342675369854,0.9018160810478263,-0.7685353453530306,-0.9019844252681278,-1.1076574753142634,-0.9851956642092632,-0.04856122824470199,-0.21207754561681275,0.13789604539037395,-0.08757864083770561,-0.018403230390625483,0.0
0.29630850150065474,0.7580456372243282,0.08533003281403756,0.06524998030667825,0.7829995216987508,0.9384581958360209,-0.7603228694029904,-0.9406246348805096,-0.9052164371226618,-0.9861197438652708,-0.15794692070829908,-0.06617853196687909,0.04781695197456982,-0.12814261489011478,-0.24464324186893197,0.0
0.301014817790945,0.7559909732047038,0.13045267697361002,-0.031304336561436025,0.7507552712945775,0.8966168630030406,-0.8008679736335358,-0.9674645750277096,-0.9943362601868332,-0.9364823907817459,-0.12627226796900815,-0.07802896207728446,-0.058056590910472494,-0.05180094946888829,-0.20860969735573168,0.0
0.3099045754093429,0.8215045029167157,0.1758730604871026,0.038670584851566964,0.6579259348088611,0.933335649437697,-0.7683177282494262,-0.985746430807445,-0.9389619740097013,-0.9140484477099586,0.07072890121548218,-0.32129029153660343,0.056175821346904874,-0.05947956199001014,-0.3594715709894333,0.0
0.35390965641843386,0.809828494328444,0.2296614376806912,0.07011850769099967,0.8143954916558289,0.9442207808664903,-0.7882802212651601,-0.9667149964226739,-0.8988013592931103,-0.8317949399826534,-0.10114370565715705,-0.1759456110051194,0.13227455731430704,0.14705247031951169,-0.4984294274335954,0.0
0.24345666110343298,0.7446694713661106,0.11869418204083754,0.10670843496693427,0.7264034425679726,0.9816867720258352,-0.8504656590766537,-0.8848488822588422,-0.945910287640851,-0.9627876610162089,0.026962112496275087,-0.05578780259796749,0.005515263040125826,-0.1047373837524913,-0.3693314159143059,0.0
0.35805692723586563,0.8322069788058377,0.012605082420774835,0.08641779792857622,0.7338106505350626,0.9387704071919097,-0.7401617751900417,-1.028705073530841,-0.8961714655415954,-0.9225870741951837,-0.10355645407265879,-0.07018136350791643,-0.11627573615664762,0.0916572507886106,-0.4301258934213698,0.0
0.19403728432149892,0.7823611950122749,0.012385258439941246,0.12491210041815382,0.7480402190502435,0.8720189393790663,-0.7165001926850384,-0.7877101651353573,-0.950154154773224,-0.8345574784015365,-0.01054093888949647,0.1061457812371474,-0.029915020879239362,-0.07575401142721083,-0.2801982915544964,0.0
0.33212433215829107,0.8168446344476421,0.10588304187413562,0.07984603344728183,0.7066349518598295,0.9708405689275001,-0.7709711485802537,-0.8754338275371093,-0.8192935464447102,-0.8590483160458581,0.17459072136234377,-0.031036986942643743,0.017027626438387494,-0.12276541926080412,-0.3513491664002872,0.0
0.32976344211085057,0.805801052429731,0.09696617975493596,0.05921896527840935,0.6886829940339544,0.9030015476395633,-0.7277268658376442,-0.9311267813877586,-0.9425298952900699,-0.8225448807591386,0.08278430400728115,-0.047504210926771165,-0.00841404905517554,-0.16759889841399972,-0.19244788910740748,0.0
0.2593099731464499,0.7222507328259674,0.09482716356656808,0.09576742885591125,0.8047549368157894,0.9631002524585244,-0.7471103139549838,-0.9273573529565101,-0.9695429475497721,-0.8270026250129655,0.10024831158011346,-0.007608082484269408,-0.011841656274554222,-0.07739749839231243,-0.13023191613152207,0.0
0.2836190861099325,0.8580110957895883,0.043365461797303315,0.17002024277247377,0.6746400910118642,0.9363635110004571,-0.7352430121615124,-0.9203994770346992,-0.957522499258003,-0.8602386225183118,0.011622053711427882,0.09562852486148753,-0.03276620252239387,-0.16255199763236955,-0.2082529750881878,0.0
0.3322289723039066,0.7869391912844486,0.09578992710522245,0.1257039962520805,0.6804098889402144,0.9387580925188981,-0.656797255428984,-0.9118159604541645,-0.9847002953509391,-0.872011624737958,0.031192074227780957,-0.02498646046595876,-0.014450201760864777,0.07002617453368751,0.002953996611532478,0.0
0.3259176638114847,0.8544188233663083,0.12371959637042078,-0.014426387475251073,0.6882037354165924,0.8969067635341736,-0.6045577639861135,-1.009374630934132,-0.920771370181179,-0.9165838919332552,0.13325801632260859,-0.15925291233893363,0.07212794178509166,0.10789124388962772,-0.06906080888620968,0.0
0.3557176870553289,0.8892191798185306,0.10350483316896425,-0.002553606778391157,0.7115428464509559,0.9350400908976582,-0.6086269242079911,-0.9204076547544873,-0.9449535374320781,-0.7625242530661114,0.08934398571972473,-0.05803143705325552,0.18600786293635727,0.1540976499607958,-0.22369581871937838,0.0
0.3297628939306653,0.9082075108471328,0.21789038760198431,0.014603606764979946,0.8055770713759243,0.9217248664554898,-0.5825480802152473,-0.9445664597537571,-0.8545830741059077,-0.8464220881755574,-0.024139803378361573,-0.04621448371234933,0.014119072964902335,0.036643486721165595,-0.19726039712315366,0.0
0.3036839316081268,0.8553862901867019,0.08718932342802999,0.08100726948866684,0.7294039390225698,0.98812993366894,-0.5799643011495081,-0.8881629704750929,-0.9434896483232774,-0.8722374100344977,-0.00964563970801348,0.1361227472005561,0.06507497246247003,0.021072203648343283,-0.03401812555787799,0.0
0.3230383191685217,0.8632957675272189,0.1530349097803738,0.05469718033883042,0.71898664161188,0.9634074560610877,-0.5830638300341361,-0.8340531624001014,-0.9170764636279534,-0.7922074503118544,-0.22702441275853347,0.2129319393405051,0.1237828732314296,-0.07757412684908117,0.023853955467004046,0.0
0.3153519531659705,0.8907529870845697,0.09375701659767186,0.05814671270642545,0.7534162826709626,0.9159582735203298,-0.5146841802287074,-0.8210887886619216,-0.9085087967652767,-0.7338176235930188,-0.20669453579765373,0.22476821607867337,-0.06731827158275687,-0.06244826932681956,0.00323836460950621,0.0
0.3025724659616117,0.8226132418453472,0.04818149175424348,0.010549673690179562,0.8240039752692818,0.866343201864322,-0.6092292769443884,-0.8523933714023958,-0.9520171751101285,-0.866896245071259,-0.12992772656713134,0.06455065170139525,-0.1854619203631424,0.015317545193769891,-0.018241819712002776,0.0
0.2922072288389459,0.8949899784953048,0.09757255904451584,0.036624472044283,0.6850648708171113,1.0545009793276394,-0.5572612362853283,-0.8969578450502715,-0.9490454180583826,-0.9293685734036361,-0.1603157260798786,0.1127236970826086,-0.024582593926929436,0.11894839503234186,0.012041737889182702,0.0
0.29319760712710236,0.8273274178647435,0.11220470919429887,0.11910538286269606,0.8103965728860376,0.9785374257372197,-0.5031253396349576,-0.8110552526830386,-0.974212370639177,-0.8624176567214288,-0.23601597712512995,0.10998266922617819,-0.06517987119338983,-0.10220815078821341,0.08858184028464636,0.0
0.3091818800983617,0.834651940058128,0.2637000651784545,0.11647965716569336,0.6810779248465597,0.930936420474933,-0.6016262951650051,-0.8947160039416426,-0.8509407178830576,-0.8426512989589344,-0.10739220282797257,0.03964118382829411,-0.1252417276544478,-0.045812970711228154,0.135279246745648,0.0
0.30737916465596277,0.8663495304675854,0.18999991605875077,0.14051317443114833,0.7900082054029864,0.9546345986214179,-0.5940303269627258,-0.8743176373830003,-0.9214637882032545,-0.7868301883432036,-0.06522595693421684,0.09000324718175458,0.11232163994961265,0.06827396400330328,0.14472986718104974,0.0
0.31453964409420726,0.8285235472378755,0.044288091363858445,0.054418327739766445,0.70574796519091,0.9543953004694155,-0.44938936540003777,-0.9378497870387136,-0.8707495665328143,-0.7764948297410404,0.10315361566752487,0.07680630365588786,0.13854584574548395,-0.16070076527318777,0.035416741332501694,0.0
0.3267114397598524,0.8040900750379549,0.14310508487992032,0.1451557398911445,0.7533194250666732,1.007260054795914,-0.5097944301528581,-0.8866914687484948,-0.8011687602689361,-0.8983979758977638,-0.05819172267949052,0.11401307085044085,0.28143119754286716,-0.05123518547721305,0.07154119189296124,0.0
0.3350082605040383,0.8317072696228938,0.14840664187990021,0.01796167765549324,0.7782867963789332,0.863136400289986,-0.4073143276140951,-0.7673860654271594,-0.941113049190337,-0.8207207340665537,0.04511693625314698,0.06687298584890587,0.22889059426887043,-0.02272915547251202,-0.01630791722123706,0.0
0.27433421021803767,0.8228096573641208,0.18686241145426472,0.003943450208551386,0.7402661820393561,1.0147286703849243,-0.3890988084088983,-0.8141125311981945,-0.8313126526524263,-0.8186373484017522,-0.029908540965606016,0.14490489988708663,0.15074255706799347,0.04081216140659541,-0.06472159270264333,0.0
0.35398836408687867,0.8389057117120455,0.1315156042112255,0.0807709174457712,0.7991991095385329,0.9432645957569622,-0.3323755614300355,-0.9155382329654016,-0.9400395774015162,-0.7803450476366272,-0.03591286868398658,0.0479784613668606,0.020209184125616148,0.00044813886075423595,-0.2179757055095398,0.0
0.41739120981819855,0.8247066563522538,0.18034709619071096,0.11413184728138734,0.7806169101421161,0.953211219169327,-0.43613182338498635,-0.7755646403797056,-0.8772377696200526,-0.8206290961604848,-0.14289681549115255,-0.046343085503233274,-0.016219993650628633,-0.1317602775209347,-0.16682150825763037,0.0
0.38652938361255373,0.9604775667044401,0.09436020198302124,0.009185656319517316,0.6954291477135837,0.9019117901434157,-0.3245506545543068,-0.6715520833692928,-0.8549549335304247,-0.848431756525214,-0.05224592684902805,-0.07357496831806183,-0.11976767196235756,-0.06131252748727402,-0.14536175488558106,0.0
0.2353015255891587,0.824462685107898,0.16768670780479636,0.1327060835661544,0.77781523477048,0.9782157515545549,-0.3270039610551748,-0.8333250383776056,-0.8175526577917298,-0.7897199383033945,-0.03325929153060722,0.03625128363775708,-0.08893905537557568,-0.0971655437549162,-0.26386960886809535,0.0
0.273302790677062,0.8585624335075644,0.15597395058591673,-0.00311943874875803,0.8072143358529053,1.0244399129300954,-0.285986279765172,-0.7966078101996213,-0.8957730568993278,-0.736764250616078,-0.03597651990290285,0.11573590272623893,-0.13459202288934574,-0.02945319941267279,-0.26170518001356946,0.0
0.3561140672857464,0.9056062362989776,0.13561364351377647,0.10038499002912596,0.8018091053167665,0.9785713168506048,-0.2828520726427795,-0.7943313535580855,-0.8346924865553258,-0.7009320599409032,0.12857392398605377,-0.08905416684824748,0.041533889525565734,-0.09823911243972376,-0.23939685739452826,0.0
0.28674403254223135,0.8661535376627212,0.15752093564676894,0.11549627338787788,0.8689118105762492,1.0147308167003437,-0.32681995051930995,-0.7872619791413307,-0.8525502631540577,-0.7223852689351405,0.10674144600225158,-0.11386585050771875,0.040221467720495445,-0.12289754944305446,-0.03862279656004827,0.0
0.3693374510498191,0.8499409205542728,0.17513792073794676,0.04978325095571189,0.75356406919648,0.9859450211160565,-0.3186362849667548,-0.7870961642863513,-0.8168681183624756,-0.692930291647719,0.08093682009350277,-0.03372707729360581,0.11550459849198097,-0.15833749315646267,0.04697073713513471,0.0
0.3572173365934644,0.883626563978374,0.1542178571317375,0.0627753983841709,0.8290731177549977,0.9880183953538525,-0.19427143251720236,-0.7799582342162439,-0.7994526693485865,-0.7038856356798583,0.22013566352230088,0.0713862852999955,-0.07156363996304888,0.029751336451276755,-0.07138084960679691,0.0
0.2033159467764041,0.8003058137731733,0.06376007142529282,0.055197024878731425,0.783141224284889,1.0593871014480056,-0.258377258887022,-0.7210947476150793,-0.8213692829890473,-0.6867585010711785,0.14430891097848011,-0.006906244928085496,-0.057745804581085323,-0.10582610327667402,-0.08210088730258108,0.0
0.23324914844726274,0.8982440610062253,0.10642090794968108,0.07166856380838532,0.7319259349684071,0.9547551612737352,-0.2464208300510848,-0.6679140721025452,-0.7575228362033194,-0.7714980983762235,0.24999044856693198,-0.1058710846952527,0.039373111893160014,-0.16968656626210524,-0.15352360128245,0.0
0.27507634709303797,0.8396369001738778,0.10013284570390277,-0.02064327096299204,0.8129208348859618,0.9409135943995737,-0.21461366262680262,-0.7517721542858773,-0.8019850123899339,-0.6863299427949174,0.30789972034149093,-0.01829249583915478,0.013381302130493905,-0.14477200004738452,-0.0664664612016129,0.0
0.26912861901983837,0.7742795080556578,0.11993328870212536,0.06742292970433882,0.8265276497572941,1.0073464523271645,-0.2472462592877521,-0.7496708377559385,-0.779825122723394,-0.6174056425287859,0.28326654119439254,-0.035524235436382126,-0.2817520614394964,-0.19267317779258783,-0.13205778619160705,0.0
0.3609158497271816,0.8577502192809003,0.14358950626079797,0.11774705672432853,0.8033090827462206,0.9564713242277747,-0.21296066331741428,-0.6472054854493694,-0.8168862907447585,-0.6984624306574088,0.1682220438624017,-0.055416192800996925,-0.1555442036417994,-0.22724806409067552,0.0016013104858299126,0.0
0.38963956822543355,0.8403053313789797,0.128090876009941,0.0016789617553449598,0.7723262743900092,0.9513760014962628,-0.10880257027962859,-0.7401821290289698,-0.9333342479148317,-0.6646367740843317,0.20226435591988107,-0.160907692255657,-0.2476585449863128,-0.26220442183641146,-0.06924045307453713,0.0
0.3260204580047063,0.8143758161025478,0.22907020022623564,0.06686109383507838,0.763923413718549,1.024892678674812,-0.1528637311819771,-0.6476940067167823,-0.7762547833908966,-0.5362140956444421,0.10597182850725403,-0.02161937013868505,-0.06255319458273352,-0.11886400897015899,-0.14036459194031237,0.0
0.35606985118882295,0.8628303427904478,-0.040416357118124885,0.12417719820194734,0.8199262172933652,0.9616488674922762,-0.09100560773037572,-0.6407437541841688,-0.8880394484001486,-0.5268346797652848,0.034509672880222705,0.06838488185588643,-0.0002694722501094607,-0.021952603420701676,-0.26677808064700387,0.0
0.3087625878791127,0.7192807848686522,0.19252800424219216,0.18040184075105004,0.689379458453251,1.028247166374537,-0.05357667081188132,-0.682530179987657,-0.8076665852609549,-0.6740727321124903,-0.12677425785026147,-0.17545019137843154,-0.13886675824102945,0.07323010304747181,-0.27500322871805677,0.0
0.3214863827883483,0.881520040657631,0.24118406000746423,0.08527922370414379,0.7904203091673205,1.014032493200597,-0.12928867190844873,-0.5626995208868488,-0.7398315281088919,-0.6189078149552487,-0.013500299002478969,-0.005372451587389679,-0.04465204587292976,0.09596268666728772,-0.2808780395716968,0.0
0.37715070154196667,0.8963097316959449,0.19828573727733512,0.1389341546829689,0.7067223865617562,1.007697439934118,-0.20454572871126936,-0.6307501209420863,-0.7763728631624126,-0.6066542868597102,0.1798539780591851,0.004187087405751977,-0.08675389337364961,-0.002708095536153289,-0.16421737135684406,0.0
0.4303590710643001,0.8760333914933696,0.15778110191284467,0.17642624772571003,0.8027548112252153,0.9752334244297026,-0.020986537657010494,-0.5960671217705413,-0.6502311069828502,-0.5934960983677986,-0.08516272210159641,-0.08994360732022301,-0.03530765505140813,0.016810616432723254,-0.12538423679003788,0.0
0.3871456971312153,0.9117718363200437,0.13614557607835379,0.051248014265318304,0.7619127303645076,0.9221782666611601,-0.07117748787215591,-0.594110260519392,-0.7262141371819247,-0.5751964705296372,0.013704980202223889,-0.10156912082750888,-0.17704810140931376,0.15416839434597798,-0.07100607377727626,0.0
0.2532620622483033,0.8345738152070625,0.1491034676609249,0.037728076720851655,0.7341832313593077,1.0133157147146028,0.05287015486211939,-0.6116882896564285,-0.7470061692120874,-0.5799628452145834,-0.19979689036706644,0.06850712786448929,-0.05836563812473305,0.04139773103466164,-0.051324367243901554,0.0
0.32894019954256964,0.9005117886079901,0.18570917660565597,0.041736040088273973,0.7839840087936405,1.0428204954180746,0.04130769539672282,-0.6162349926017168,-0.7274525861852855,-0.5805872485680112,-0.06187241363681628,-0.09482845857793917,0.016695375407121224,0.20950585380224396,0.1977434678498968,0.0
0.35794321254413874,0.9121160307520044,0.11322890359313,0.10412869767218473,0.806332568252373,0.9936338712857197,0.05853690200526621,-0.5973162106073082,-0.7992410126839415,-0.516597148124933,-0.16219638037877362,-0.12592204254960201,-0.006643384738918208,0.024493119525372087,0.3840450022975262,0.0
0.35323962107349877,0.9254038720811127,0.10087610829777363,0.1327528813018323,0.8083342236445994,0.9957772901539729,-0.02698402288067976,-0.6050064131379673,-0.7272243970192593,-0.5990378435701371,-0.20686160867356274,-0.0072790345088820235,0.05266714453604328,0.19006195418657693,0.2882019915043881,0.0
0.316577963847728,0.9767046388209545,0.1369108543830648,0.09355988422562042,0.89100280141498,0.9260472913864018,0.09802961381621797,-0.6164912204149663,-0.7139394694404937,-0.5299678218833109,0.03370201517855931,-0.11377445847418434,-0.01698229042593092,0.13167316890095995,0.3163833793606216,0.0
0.3863194627517444,0.9620423984001492,0.18051160226168272,0.11233781553625664,0.8192060410354423,0.994810666591204,0.10173618473085089,-0.5351163761559309,-0.7009626997573588,-0.5579132922298871,0.05058617257211896,-0.05299101138423719,-0.04040939529727157,0.19300533370057796,0.17622538336728938,0.0
0.39113683389452214,0.9313343288610717,0.1417365602942964,0.06092989905647395,0.7840460878750707,0.9705223035813445,0.1096520325547408,-0.6693560386879094,-0.6829261517089834,-0.4802178821234826,0.0668391388125687,-0.17080514074316674,0.16494203083460401,0.15361289786701443,0.13032073032896574,0.0
0.3252269638266617,0.8805824166218422,0.1772910491067295,0.12990183775873715,0.8104864264247825,0.9963794074363727,0.0953455889949333,-0.5160583981177025,-0.6674840280512199,-0.44801559861423995,0.09181704658356346,-0.20548198489474043,0.1330277367322371,0.04241239169982906,0.08750160509671548,0.0
0.3324094137050649,0.9518224696154719,0.11260105823214889,0.026429080009930023,0.8472982177524252,0.922319141381145,0.11405374448166333,-0.45844515579159456,-0.676719996791166,-0.5225770238855437,0.0350796927917948,-0.24197445271607462,0.07334357832110935,0.03663952318990028,0.048670986791788586,0.0
0.4546165453107502,0.9177183205930154,0.15922344528714855,0.03138308255919105,0.7626064497961794,1.0061449069842403,0.16671814582274924,-0.5782378516817386,-0.6208061594043861,-0.41133427029467784,-0.038831692394251736,-0.31049184934836105,0.18097351615481194,-0.0582997911870248,0.06824832739265135,0.0
0.4399774767574779,0.8415120779708687,0.12689800432444956,0.10024205350406647,0.7897927413721791,0.9469912283398814,0.1300078647212317,-0.5638992241671474,-0.6326905289999579,-0.4276560664064423,0.0909944706186982,-0.22672887673751976,0.06667715497965825,-0.030011694487830372,-0.030746819445474978,0.0
0.3605731254970098,0.8847911396304103,0.1036063764786258,0.10678240503182605,0.7635397816301183,0.9515614322068113,0.11230762705889949,-0.5095497381407431,-0.687500612766794,-0.5155688151807221,0.08610429514771231,-0.29521254454949647,0.19054023775815937,-0.0162781193700505,0.03299624182617266,0.0
0.3436233357222134,0.9569511017171484,0.1530615919588051,0.08478046240401906,0.8985018541032245,0.9996319957162066,0.2115525205596373,-0.48189196345647844,-0.6279784080945716,-0.5020119888624103,-0.018202123286141327,-0.22358848445256563,0.08985709881936361,0.05670840284832465,0.15333283489289595,0.0
0.3880547312613184,0.9112856035689676,0.045229237276564,0.1249936164996276,0.8019392497208092,1.0077910254704954,0.21502230119777382,-0.5208761588934472,-0.7514847701501962,-0.33612005426078917,-0.08352276724830437,-0.12331930994541732,0.08119614278483694,-0.019135359798057187,0.07986744923563441,0.0
0.44820439870741885,0.9932902286188172,0.13735020159055666,0.0693731496515888,0.843897462251,0.9967093371119391,0.31276963485238457,-0.44928145485076815,-0.5824753810123404,-0.4021562244895426,-0.029641587301370634,-0.19083879897491632,-0.05087122646819025,-0.024836451519128173,-0.13315004932827681,0.0
0.39910097125151056,0.8788384996709958,0.11255552790751278,0.1122176513421566,0.7292456092472627,1.009147151433332,0.2367899309326874,-0.4753852574935048,-0.711058193990846,-0.3992865796399572,0.13037771500981427,-0.1628603705795741,-0.047893140270859946,-0.2885242099096222,-0.16056081372928094,0.0
0.31180042026446786,0.9074330940984353,0.16038080142591488,0.07792227590314321,0.8848371903930348,0.959092085043592,0.21589434691836873,-0.4434451499272165,-0.6467996179994744,-0.3217516106480822,0.09192265332630672,0.010227053145186488,-0.11169850228054973,-0.2130324974271181,-0.10982135852229609,0.0
0.3348324586248497,0.8958505099397138,0.15561968979296864,0.17540949698981317,0.8694567606106689,1.0498290014732157,0.2641365220383757,-0.36398109139527746,-0.5165493286477876,-0.3499664252472765,0.030210976737367903,0.16026870896028095,-0.11572744464593152,-0.16862463653205878,-0.06506723625124528,0.0
0.423218463571737,0.9795251729861852,0.19837703038673213,0.14161116755894307,0.7133158448998898,0.9869714297501357,0.2473761445256571,-0.4393629064722939,-0.6858840258344362,-0.34186893835821686,0.040690162300936354,0.12750256882793262,0.0017483281128386763,0.030662492132469132,-0.024974572415908874,0.0
0.45798386770684907,1.0921815053531208,0.16802542138768878,0.09888420345105972,0.8789583984639269,0.991996024353614,0.31949594744910714,-0.3186100262747603,-0.5935780507780821,-0.34230631698063735,0.1008432027766726,0.07803812241999486,-0.11773575637379781,0.11426813275080108,-0.01836139850713163,0.0
0.4213597127709946,0.9031452146419274,0.10765196252974228,0.1360928429394199,0.7733152099564417,0.9926549874821248,0.3568038805448101,-0.4696189398181988,-0.5573650195295348,-0.3166691491547959,0.08150641531684864,0.11693480832410572,-0.0462568216906236,-0.050686556848246064,0.006322602221773561,0.0
0.40925783122042847,0.9774699127663667,0.1400643252572037,0.009247470778472502,0.7552128346171416,1.0111999767640076,0.42156571556170414,-0.34223004149083547,-0.629894362971962,-0.35566180098691175,-0.02495712011123675,0.1659182528289772,-0.16117257261855616,-0.10680116505877599,0.13740521583108672,0.0
0.38655248796333325,0.9779136268287145,0.24072455022996125,0.0475547597735235,0.7295255248982535,0.9548175787068024,0.3724719716089874,-0.2818267141809661,-0.6011365480774211,-0.3178381505067902,0.06923948128699135,-0.07374502207509581,-0.06160412521360312,-0.10144164575187384,0.03443086214512496,0.0
0.47299649203620725,0.8954348600354811,0.05267561699116713,0.17577297301110795,0.8502134403155743,0.9833521356137076,0.37351957072037467,-0.3722057741357067,-0.5335251668993407,-0.3712649436064331,0.012414048196292791,-0.0095752805000437,0.036445132657576866,-0.1608848341846723,-0.06666230236976117,0.0
0.33072411938677115,0.8888454553612292,0.1477136467849493,0.17745325311820404,0.8475632564972561,1.0275445001450643,0.4077627838129192,-0.24144940135423734,-0.44281804709940004,-0.31252527795812957,0.07807850591858115,-0.2011971084229672,0.10076109448879197,0.04787342523723408,-0.12035836431661891,0.0
0.5226561242789554,0.9901847608064896,0.1780058073232626,0.10391148857130549,0.8486562733100043,0.9931539149286341,0.3974104457636016,-0.37496288373435366,-0.4667074232811838,-0.31059320370092547,0.050398443208822315,-0.06722246138965846,-0.08969971181131371,0.018506613817729747,-0.03970247857135458,0.0
0.3793627135552768,0.8752978339802365,0.10000226233567219,0.15304540400063946,0.8258665985627844,1.0136640425557288,0.4213267112377868,-0.25873736013494997,-0.6156415498841543,-0.2894723814463724,-0.02920199138189495,-0.0851328631809236,-0.029076235460565425,-0.2993733903191079,-0.12460671327539825,0.0
0.3468609550202309,0.9469918823296521,0.07714251784212968,0.12915168384041573,0.8243409979019446,0.9652912530877104,0.384813316132503,-0.2615603051820726,-0.525473384967884,-0.14614516391427249,-0.012672479326085059,-0.1240748667632186,0.0576312950234112,-0.1362101533411663,-0.19876637049077273,0.0
0.4334483089803302,0.9361040651748698,0.20286079767603243,0.10474987311915118,0.7526809595023161,0.9802301585829394,0.5021616825518529,-0.21450254291539186,-0.5530856599374869,-0.3088204976509533,0.0925403308630465,-0.06436171557945951,-0.113480332097241,-0.1474828642033147,0.011502443760117387,0.0
0.42406868595455405,0.8880169802108306,0.21418733996696263,0.08532858959813168,0.9251774376606778,0.9663555653140895,0.464707511876215,-0.33564912682047854,-0.6029630373185964,-0.2848973690683088,-0.03725944464811412,-0.2524647084552867,0.06792891519175721,-0.11531869520818702,-0.17685557507678798,0.0
0.34723517256880093,0.9649884434643718,0.08089131359965432,0.14207420321848846,0.7739191022892103,1.0382915455977608,0.5989269346171788,-0.2227316597263945,-0.4509792149017913,-0.18525338242585673,-0.08718389098562414,-0.17913766887168872,0.06094504566051488,-0.13926035931017577,-0.10167981269001991,0.0
0.3698981646257819,0.9061730515427525,0.19917054167660492,0.16553194262280238,0.8650525171746355,0.9834255482638258,0.5191281070493877,-0.2541509418031568,-0.5330445757839026,-0.24896074744808072,-0.2344432434328491,0.10103723648132591,-0.06219043988761078,-0.010339541148131084,-0.1430716782126261,0.0
0.4580409958563818,0.9531653036637763,0.17732997399292105,0.1328453640294576,0.8512228635404266,1.0527960793090378,0.5055050336561746,-0.24813656164366785,-0.5470223744141028,-0.16920117711342042,-0.2119490454594688,-0.10485327701324211,0.07527783996349532,-0.04547461966492889,-0.1544401820782418,0.0
0.39622611847000005,0.9099505015908673,0.19237822452994233,0.1745822053632548,0.8903698292900812,0.919636995460621,0.6133544275110077,-0.163644403231182,-0.5331646653954112,-0.18975147044370183,-0.11890960627411726,0.03184319668944878,-0.08693380025029585,0.23646103991364037,-0.21933450462677212,0.0
0.3304070073942992,0.8942007816350297,0.18761905782808724,0.09689080411438407,0.8092120585995165,0.9051871274461196,0.6475986293426985,-0.2581775060881596,-0.5198307682859022,-0.12530230105514523,-0.25355716474418094,-0.016970529975224902,0.03260835398751191,0.08255489609958502,-0.22402067673664683,0.0
0.34926708417724545,0.9689399631762696,0.20619141983980294,0.043283126668044264,0.8790511400661547,0.9557359126925026,0.5228792315409608,-0.22293552681378792,-0.49788875376181496,-0.2855382725667393,-0.14925995857698945,0.08818379158915199,-0.03528102584377962,0.21781516820145674,-0.08947226340491239,0.0
0.398097415555142,0.953345650529102,0.17494272381335663,0.12594468861156372,0.8310510845241623,0.9487343157203134,0.6246710527305869,-0.21035330167887029,-0.4000734420532055,-0.20198984991781177,-0.010947100680732152,0.11026126602496437,0.08669921292675449,0.16034520774904643,-0.12077448181959155,0.0
0.5479784084058649,0.9785844192200022,0.16547569354879774,0.1892852478856394,0.8419674817548695,0.9224727056269583,0.6009765142801546,-0.15129822768662934,-0.47537948842081157,-0.22704490194758076,-0.16356872916873127,0.10038547576289715,0.27419684671639966,0.10991664576218135,-0.12454643546222893,0.0
0.3094196791526254,0.9530084649039593,0.14363187925483648,0.1256026238773759,0.8663673668982036,1.0633669889334088,0.6283160136646689,-0.19618730496365175,-0.378921058141494,-0.241451313750244,-0.06866807649312623,0.1287586876954174,0.07032913183452996,-0.09305909904540118,0.0709107537842704,0.0
0.37935816579608106,1.0085978706865089,0.15263583473298659,0.20034260359254386,0.8338669438631184,0.9516927102114701,0.6893953644516683,-0.15314749397788247,-0.4318038262683876,-0.2191150898508064,0.054036846549407165,0.2192737859223562,0.19568493886696617,-0.1631047900696983,0.16759938291919962,0.0
0.36506134903119286,0.9052532056212134,0.21884334949221626,0.13471971740430683,0.8322469390496877,1.0012925077274464,0.635247925887061,-0.12228841678598731,-0.4250134929294437,-0.17448487773396032,0.13469004886167688,0.0634483707604406,0.20979269454513547,0.0071439420625092065,0.024083506238159233,0.0
0.47485024242511076,0.9734504375871837,0.1644666083157678,0.05253483184985587,0.8443349190186703,0.9770738711100936,0.6940948280160841,-0.12270074852209603,-0.39003030175635056,-0.05907344094093477,0.1034215879778036,0.1410436048309902,0.1601098083889524,0.22224558673241882,0.012579733675476372,0.0
0.4408299192488583,0.9262483503047612,0.11475259148465075,0.13624961177846584,0.8774230762602176,0.8366232359201173,0.7262214536959817,-0.14094246881707284,-0.4124441757742358,-0.12685291030149565,-0.04796977295406875,-0.04946607776200314,0.09900046428068536,-0.006190646613861178,-0.02377007178061246,0.0
0.3562709860316967,1.0496249017840784,0.16336182026170568,0.17913692801778813,0.8694914712295241,0.9377761118435396,0.7230220414207706,-0.11143796940887439,-0.39278011565157667,-0.04528532734480514,-0.15807224201327338,0.01690571315486543,0.11769640960856152,0.2120377083373819,-0.1657099461665308,0.0
0.44225297385981305,1.047616294728721,0.1844036454413036,0.11435777634795437,0.9430923098182848,0.9532400633293256,0.6895766711761637,-0.1819466911235345,-0.36018054458061943,-0.04342100090231359,-0.28004429061933633,-0.12193977110086472,0.2957701065226638,0.16553901619722786,-0.12060824342628736,0.0
0.34294635980667737,0.9740047303300794,0.10247042492402778,0.13484417946279836,0.7172212490127495,1.0032768998851442,0.744920205016203,-0.005901370129297229,-0.3932231366553213,-0.004329520948460008,-0.1198235821626912,0.006420636692197806,0.041410652052775915,0.05643774200112654,0.022103691206130052,0.0
0.4503741577291578,0.9347328778892208,0.16878317538022028,0.0856049535272381,0.9366486877335785,0.8546218622540706,0.6791995583294678,-0.07748060556860338,-0.4042115022390458,-0.05726339752593581,-0.21570749515210316,0.003972034916207167,-0.01425787611236616,0.06598427261273543,-0.09377080524718659,0.0
0.3986587722807477,0.9235673714665185,0.2242604403247229,0.0993733325002463,0.8625257561668015,0.9122776052387719,0.7021362265681685,-0.09136340610568293,-0.30571910230461613,-0.03175820596534327,-0.024800919748203337,-0.18001008831912796,0.04601789070217546,0.10084878802542321,-0.1347810638188504,0.0
0.4817237426625959,0.9954435939820098,0.1232259731109001,0.11452394934759484,0.9326225703185238,0.9976624767456186,0.7515617478968027,-0.025277662386518608,-0.30852520374289694,-0.029412648537452436,0.08561685391028448,-0.03710622592327312,0.21537841902676247,0.019967358725740292,-0.12664437503077774,0.0
0.4148970573430841,0.9955372486235345,0.27612220317991787,0.020390763218312735,0.8666948690271137,0.911017795974179,0.783420567101727,0.06944744658687987,-0.36075956390222597,-0.10028370993391844,0.04429401380788561,0.072943931659758,0.15800807681860204,0.07244337532319337,-0.08122535385726806,0.0
0.27906689754208885,1.0676720425415953,0.1699940546459508,0.20931127075908737,0.9075502395328036,0.8989748870394877,0.8840358567769849,0.003746269561827026,-0.3078228228413449,-0.07459756081920596,0.2845694899358118,0.11495230687509984,0.11347021931211723,0.09145826091924994,-0.09814024614638293,0.0
0.34208500885043097,1.0067845582298764,0.22349357557578534,0.16579893503016996,0.8671248627439426,0.9352143396270963,0.7957475857582144,-0.08656692297865434,-0.3685779011671707,0.06568183826551044,0.15044026701702629,0.2672495724970371,-0.008508758070172484,0.06245527693923919,0.17433672706709122,0.0
0.3995441371143143,0.949070976195209,0.20238341149972836,0.19913628925448906,0.9183317672061447,0.8972381146183964,0.717707520109069,0.07210133348741238,-0.3412449895450901,0.04244541515213669,0.2460021416839266,0.17822756856922742,0.1944571550272065,-0.1279088888727094,0.16648832713597,0.0
0.46145203793730794,0.9346136313349009,0.11672099759040666,0.09371297328104626,0.8303080083803801,0.9791856986467461,0.7693892219376804,0.041533887661916166,-0.3423042233117409,0.02589232887109004,0.1864992438683601,0.003637461689122934,0.06362429870219516,0.008174150412535067,0.2252615365775695,0.0
0.4338844587036062,0.9495215114151223,0.163192396981819,0.21166655294256537,0.8740632097612107,0.8426022415461073,0.8576573360656963,0.03627385509133488,-0.38239836631654084,0.04948858094675868,-0.1053597550458409,0.11767499787866015,0.13996562270361612,-0.14339780427236143,-0.042290021564175995,0.0
0.39645213905299953,1.0121990919505026,0.11819475974779992,0.11122968263436159,0.9153624832552015,0.9398847907315617,0.7984764364323259,0.0688403821522593,-0.3147358177200414,-0.027669820074733786,-0.13622983995808374,0.1446953468317428,-0.003953054611772491,0.02933293560507745,-0.30815936149536655,0.0
0.3876032061551018,0.9573640207923633,0.18826236030906238,0.12955124949538885,0.9421616139385635,0.9123289717910251,0.8614288991460193,0.06020990065597572,-0.32566438042864715,0.10475449110996549,-0.05116154504802374,0.16456005918158642,-0.06450934129522969,0.15984776396820988,-0.11477945242563015,0.0
0.4063200438874813,1.0455583510765463,0.11696489946209321,0.08145294193901906,0.934929116317445,0.9591287194125402,0.8054352272142087,-0.05740614611315033,-0.31309693159617014,0.06483996315210552,-0.220311555797544,0.10894284191589843,0.035386303609015006,0.28005539501730475,0.055706779109140986,0.0
0.4139291783594739,1.039035580420247,0.20436741010748613,0.11126978111520756,0.803798580132451,0.9168638658349771,0.7588548134667407,0.10411723602698142,-0.25123599096024224,0.24007631821073067,-0.13807774798134015,0.1829083396942629,-0.08653052176569115,0.2291757542056223,0.053607733239063426,0.0
0.4234667396329061,0.9308936329666603,0.2027101493821634,0.122566536412422,0.8800955871981855,0.9504667783618802,0.8048910973815045,0.17461038116401045,-0.270607607709301,0.10830047542737097,-0.067043646966219,0.1260298490939417,-0.05707190332690497,0.09998855702124748,-0.06518332365514716,0.0
0.46950846556199427,1.051532107670504,0.1868549728950022,0.13756437399476718,0.9484438901200456,0.911287951100934,0.9022178070192234,0.10306543224850372,-0.22202843000891764,0.10778949768397175,-0.03656375492919414,0.05794788542729144,0.01695073758606626,0.06282503341260301,0.22057808581493657,0.0
0.3625058537473498,1.0545920648816782,0.13257242069450698,0.12134255538378898,0.8743638492814619,0.8663246089832616,0.8954807279369997,0.0986384061853972,-0.16518310387204443,0.17625572144926802,-0.19000378283629024,-0.038195074275883575,0.08485762780291442,0.21305851454692804,0.19175938983658475,0.0
0.48547905828056076,1.018106338606146,0.140598019999521,0.11031286417195404,0.8890949865867501,0.8249257210676639,0.8479656543277545,0.12617721778096955,-0.36418963574207375,0.12499587332118478,-0.08368719220484716,-0.15640866612563273,-0.10112531393894222,0.04909837611766035,0.13645971824869382,0.0
0.38933389666951446,1.0656441855816425,0.10524097897853944,0.1408003245819654,0.9315090420304346,0.9150298684822294,0.7762707768028849,0.14517904028296505,-0.19766774126487618,0.1799533771423812,0.015991778140283276,0.10022507961592554,0.1437689134472543,-0.0326301449361134,0.1719377061755807,0.0
0.3392663250062859,0.9888503639722782,0.13267583593027696,0.21380822549194267,0.921949456504539,0.8928903384714522,0.8916402593692344,0.13576995540252051,-0.20308083139829355,0.07976253958782759,0.11135876912757599,0.13263069118348397,0.08650462946382831,0.22436096405936823,0.14589158368375976,0.0
0.42862557204302343,1.014642045670759,0.1545644173184788,0.10434955608971218,0.8485161432274559,0.8732304029858046,0.8496403445979177,0.23374615688264844,-0.1120993615139896,0.17705452073244426,0.0006906276085061475,0.1502016029085264,0.1205891293734552,0.2281523074050274,0.03785492572469169,0.0
0.5077523657666906,1.0557623439660402,0.2166745299784102,0.13971016521702423,0.9485692567139201,0.8429678770276218,0.9705851462359844,0.17179124504578167,-0.20327539461882904,0.06253462700406495,0.08894847375640766,-0.015400625316417366,0.03262985278528094,0.1136819907469539,0.16203461882499848,0.0
0.4950937800503736,1.0259605520092436,0.19994636585163855,0.1285686083362881,0.9450611677741544,0.8604042286390736,0.9483507187785524,0.1950376762937561,-0.16669335401028668,0.19074827514350276,-0.09973139194911779,0.035970138492770795,0.17388821285741662,0.00498252613508629,0.15779363373961336,0.0
0.4226045132332617,1.0691851263518186,0.23963852215827214,0.14887088285592076,0.9512742384355636,0.8813988755094528,0.8258409327593303,0.17599020979917987,-0.10124644953972237,0.22142862643421352,-0.07330502778316328,0.0546966099974968,0.1609186524726286,0.16538661823967002,-0.011898319540538951,0.0
0.45762461610364813,1.0428130792855654,0.20402157072495095,0.16227043598548108,0.8852649445360509,0.8908782246604385,0.9621701661933295,0.1388089609181868,-0.22035551635347853,0.2483860512251434,-0.03519354717042419,-0.12535727169521627,-0.04498199435337753,-0.05698741911713036,0.006825534699993748,0.0
0.47288508366260923,1.0803347366456093,0.24877773092962396,0.13286652416147302,0.9152366842622012,0.8294488752152732,0.8944978132567339,0.21536308149506553,-0.14217255528655165,0.24263807918755717,0.06575428100496444,0.014350687175016141,-0.1168783405614291,-0.16143656306903117,-0.007827581160859284,0.0
0.393109017186397,0.9778878826243446,0.049751281256167346,0.18529343697796313,0.8788722318834551,0.7349255811532978,1.023846550199909,0.3414176741080959,-0.16357094495210645,0.26994263208478186,0.05096589339053964,0.10794291189796137,-0.20298117086022477,-0.18128882249115352,0.1532088642689315,0.0
0.42909149777561406,0.9696175774028611,0.15752786170252742,0.08847806422914384,0.8938245505735528,0.9237436339238692,0.91061701548303,0.3254078977137824,-0.17496576271455125,0.14954214554004702,-0.12449712068402569,0.4228904999049816,-0.21629326269728105,-0.2489869773304574,0.15352229883677806,0.0
0.42326005806133654,1.0695043524433767,0.14849234887028498,0.1354933879350153,0.9388021557065852,0.843851316603563,0.8866204703514401,0.2571616262346217,-0.18903491263411432,0.2818004755284082,0.0032152041224336736,0.36505000446122293,-0.2775441869001676,-0.15649115585589313,0.12949456873497053,0.0
0.39109842049278476,1.1275067125338545,0.2654355905817237,0.09627746979776317,0.7921711636024887,0.8615632198862144,0.9038730911846853,0.2654428585209036,-0.10380746411316345,0.31076431985096,-0.057866307788754894,0.27890426696886145,-0.2197448541373673,-0.0757519648033631,0.0013565370753480105,0.0
0.39716270845990653,0.9711393926122333,0.1740904432192196,0.1948964553699864,0.9721606422083009,0.8080433324819024,0.9707532236140255,0.31585022906673704,-0.07875458487249105,0.28579533223702175,-0.13049514149905578,0.1291456985800337,-0.23272680079877095,0.03455770153976842,-0.024556919402378082,0.0
0.42826510582188126,0.9617107639608558,0.23214179487006514,0.19003127906253245,0.8836126563332668,0.7591657538321677,0.9791576186855773,0.31776075581225827,-0.11230006464735048,0.2059640809789724,-0.06474525926497679,0.1681345647287646,-0.10878514972912177,-0.05635068661547338,-0.07461549586787669,0.0
0.45638890259583254,1.1314460485419253,0.163328627779863,0.2062399119487205,0.8953034219123152,0.7468370569011475,0.9646608664889843,0.3610325377570801,-0.1369881786349877,0.3556734560511191,0.10251140234687456,0.1977228441133811,-0.005870450033078317,-0.13528258577280167,0.03612324165502825,0.0
0.5249291021496969,1.0135926827554795,0.17758768687046947,0.08780899118104345,0.784905531221969,0.8625138191417159,1.018784586285641,0.3223992843768783,-0.11307433491278297,0.3684167596169312,0.01905891205844923,0.2605467086909546,0.03181642712041055,0.021114406524230966,-0.15977825652529903,0.0
0.46204394679047267,1.0114426043972018,0.2287511864297104,0.09189803081234782,0.8908738676541992,0.728613380811213,1.0169031947992906,0.3657807508019916,-0.06380163598777304,0.2997422692948229,-0.05316898498785824,0.1351584625450715,-0.22753233246405455,0.08083001716797664,-0.16586080041249718,0.0
0.4078093679212694,0.9548054769083226,0.18245208554515285,0.16104903821023195,0.9741607730009821,0.7658400306613392,1.027033424897343,0.3908005162417661,-0.07598116939974325,0.37928413421923557,-0.07709891262408386,0.11449883076090012,-0.280186129500523,0.190123708522042,-0.21033010111782183,0.0
0.35665088318356836,1.013213676588564,0.2026217365853168,0.17116732195590498,0.9454527664552022,0.7965970572726074,0.8894626075177033,0.3832128726135859,-0.07981526389496227,0.382512143804327,-0.18286522546475198,0.16711247677047564,-0.012237524369858421,-0.1393341400291747,-0.12849135374078258,0.0
0.32838983062532573,1.0257396785330077,0.18477818477747557,0.13476668618657756,0.9625393514698872,0.8134229771063816,1.034957257511269,0.4446313504483981,-0.04443184062218186,0.38098524391961813,-0.183793714505591,0.17560950858795132,-0.10029618911318937,0.0758482145886531,-0.14264596253198975,0.0
0.4065694283002492,0.9850243463058505,0.18916787907278956,0.22106978171755598,0.9356905702021857,0.872371853787477,1.008837609679269,0.4284839795368588,-0.06591369155561713,0.3794370071228094,-0.12417593777262652,0.19947112419793836,-0.040918562443951416,0.12960312154052478,-0.007904609398907539,0.0
0.4798933529743469,1.0377950532602087,0.12082559471843111,0.20550323369641785,0.998953615267412,0.7158073046824556,1.0218618759858757,0.3406767857287465,0.026777654696641562,0.44088977512320354,-0.0830412716084471,-0.00943658273658235,-0.06379530099701575,-0.0722094504472212,0.1179913876978519,0.0
0.4972352556502595,1.0447075810911588,0.18600240593505185,0.22586014163501753,0.9469136793133275,0.7604877025116012,1.0043790127123806,0.43854701052395995,0.008234046430271319,0.37266411337336064,-0.01451184165057131,-0.03868794659146929,0.0313001708016845,-0.10895894302959802,0.011641522277512445,0.0
0.3872601117292869,1.121218057905036,0.12835660180991787,0.032245725263176345,0.96148531826291,0.7922280153518295,1.0177533744669147,0.4722201602340243,-0.03610998685119785,0.3988009214628252,0.020749636578113195,-0.0360992526630733,-0.07458299269430632,0.09372760737622365,0.04433233692702103,0.0
0.38066655016054207,1.0273228789968007,0.1857880771736112,0.15926150931631658,0.9440039052688994,0.7236693156281134,0.9924026104663574,0.531625668093379,0.02545473360803473,0.43040004919867814,0.07729418861735256,0.07897739817864552,0.0615263775404781,0.0862865792737466,0.0023131352198265953,0.0
0.458205814370346,1.0760194768540021,0.13614880513833275,0.08144708656510981,0.8901813278321067,0.7742392719437148,1.0343178315465775,0.45313163620975505,0.0027583889697514324,0.5567358260648587,0.1720754035160983,0.131436069685257,-0.10611375505113962,-0.09707501971107242,-0.026264201820177253,0.0
0.39857063035021045,1.069358780742142,0.19562495202490623,0.12655222563413543,0.9135138045458526,0.8019157651264854,1.0162552433402465,0.4027274045875599,0.0925219176977738,0.4221668759586919,0.21541859474809263,0.10884897087690171,-0.14939905659023095,-0.08437178703223223,-0.041553848665729046,0.0
0.5293472497018752,1.114309752471062,0.17822063637998578,0.21639612315909107,0.9097338288961695,0.7295618970426525,0.9792051528520962,0.563017629249672,0.06998171399923499,0.4340968447408267,0.035907584480463633,0.20903156105974766,-0.1595435207013599,-0.10837069392920143,-0.2280958240918811,0.0
0.3681462594536834,1.0627357984764039,0.2189614548993176,0.11831164829094176,0.9505772033768213,0.7178732272711049,1.002839886858088,0.4867370171839057,0.06935410168609027,0.4066155357240141,0.13231471382854965,0.08291992506793108,-0.18334198244554553,0.08994652589368662,0.0660483572042648,0.0
0.49186609729427455,1.0314358370720862,0.19015402029402423,0.0322658049328797,0.9850548216036982,0.7263663533679456,0.9887757219355324,0.45370919780719104,-0.006303581004933653,0.48550485526076814,0.06340803173354345,0.009796678344340747,-0.322842677073748,-0.03547454221546002,0.00621057635534987,0.0
0.3871734658251666,1.0556355624120606,0.21368125991093548,0.0508174805399397,0.9232670281203258,0.8098042552568653,1.0480093039550316,0.46873274959313294,0.1763484210299282,0.4896648758149579,-0.10778024316502843,0.0008867383361540766,-0.3192681475185605,0.05327034039113235,0.13970484508573291,0.0
0.46771622573083343,1.052668536037333,0.23176037153356507,0.10719929375190033,0.9143376343019654,0.6820336114658961,0.9702992949458995,0.4690570324428789,0.11593738667311985,0.514085859376057,0.034959845736381195,-0.007264346155830823,-0.2614924179158421,0.08640498179779946,-0.06504239833103792,0.0
0.4271055082485807,1.0746645888510407,0.27488226518049075,0.18168384531201068,0.9275133773463607,0.6826249240476202,0.912574261703258,0.5795343388290497,0.021238112914960333,0.4737955837901584,0.09421732209418919,-0.015180525485790415,-0.2247630872034737,0.02823424427779823,-0.12108968964663003,0.0
0.39165878895589984,1.0677044851885351,0.19768487643585317,0.16464431156722312,0.9224593541124753,0.7008348392844609,1.0882354328300046,0.5973984417793612,0.18351526258755543,0.4548118058115983,0.012231199789233545,0.08511093750294653,-0.05168591878763126,-0.026580570053623156,-0.020045145573471285,0.0
0.4401918274711718,1.1076965850541751,0.21803837055410497,0.12372096260829903,0.8959156627441697,0.6354668399072754,1.0184946015126772,0.5054289014441786,0.024258718035958957,0.4982721377787729,-0.0716456363576499,0.036979637752347,0.06944628134684455,-0.007183714464226842,-0.17167075896410883,0.0
0.4316038031340202,1.0976660518557617,0.1486032282396988,0.14330723289359562,0.9161440098842899,0.6878239397174425,1.013043518150086,0.6805106676986271,0.10471268230769577,0.5003544858795925,-0.07517007855867139,0.07873461649927703,-0.08163381639560466,-0.053606397994246574,-0.07134972787940255,0.0
0.3660890198221054,0.9752619672652533,0.28428234779101724,0.20234053097816884,1.0433639508839476,0.6510899762680716,0.964228416371088,0.6623113148536424,0.08903434523401246,0.5459879462657549,-0.14057596835324668,-0.11433106103518784,-0.1032668964468162,0.12393792511552598,-0.13705733252982494,0.0
0.4599460847434538,1.0650617329338203,0.21882586857490258,0.21255477272950088,0.9638406266324759,0.7839540743498459,1.0395068482904901,0.6442506751575294,0.036993366047989806,0.5642952254097103,-0.22659222575306104,-0.009718378800759708,-0.1384937413754963,0.09324771915251309,-0.2347993992097516,0.0
0.39915293669729407,1.0847897176344452,0.23078844697547637,0.1367494833948471,0.8680713288141951,0.686664587252523,0.9976488447043292,0.6593042264605187,0.1250308789395102,0.5688884921023616,-0.02565669882033926,-0.05617601488386996,-0.005675580207508746,-0.101698106321708,-0.09960211075114332,0.0
0.43032495045137764,1.1484625118017575,0.23529652008015214,0.10552777846258707,0.9079025543563407,0.7543367478164226,0.9752267079870404,0.6674385968794461,0.08823592853897139,0.5655303340281909,-0.10309742044006093,0.29546603405195393,-0.038401221687621195,-0.055012831723360786,-0.011246099658078913,0.0
0.49249307799584485,1.0456587283742806,0.19284877868045094,0.23939387280381152,0.8856405646492876,0.6499023827166193,1.0155353790687285,0.5485483535534189,0.18113405533999566,0.5666684333986157,-0.14580522452639272,0.13686544894085165,0.08010357710118471,0.006169252222613629,-0.15955289068775633,0.0
0.40329901322183453,1.0899905469594064,0.2560806417887945,0.13062311507837454,0.950059676051621,0.665788192646852,0.9330204900166987,0.5692688182506942,0.1252666456917277,0.598960370224415,-0.009870062710980745,-0.05453456568586436,0.01432744724046607,0.11920238741275097,-0.1310526034920413,0.0
0.3986178600284298,1.1697897360344551,0.1942367801241011,0.10333752128242532,0.90437854041501,0.7498513764779096,1.001535464228835,0.617848710040597,0.16336399132719676,0.7197872329112185,0.09604624497846503,-0.1301283584304898,0.02834075560675189,0.26611622070946,-0.07373301989373186,0.0
0.4616402432795302,1.1660203229457393,0.23115560945808722,0.20013170936914274,0.9201067014846761,0.7663144444439699,0.9965906335215957,0.6961817149261446,0.22960453884652665,0.6315194133945617,-0.02105687940517862,-0.0418409252784529,-0.03970278763298132,0.32416505769795967,0.21521181766426378,0.0
0.5784669718721382,1.1506869873889598,0.22736294386436076,0.16539942095809546,0.8517045579569815,0.6954060082192307,1.0082197061628035,0.6833636261908574,0.2323053099259538,0.5784232253257248,0.0651439822953523,-0.04389935585579967,0.03761256783061539,0.36074731870635335,0.1802150021657357,0.0
0.42305357406475075,1.089556371083072,0.18439254813456604,0.07471559654191609,0.9365713475763494,0.6551084612286832,1.0051030858986532,0.7396735729392062,0.1910359532012643,0.6452266927439971,0.060355599529173354,0.06647560518469828,-0.06333079552640797,0.17236436607966882,0.2798218254002981,0.0
0.3697596417989949,1.1333209041192158,0.2753248151561295,0.07673212907536477,0.9565247864195695,0.5894763887728246,0.9251673329403681,0.7208237879087626,0.3038751327382916,0.6421411808514944,-0.05277978499926258,-0.027513649594887543,0.05927269386706552,0.17877651318007343,0.29470839177629654,0.0
0.5182106208845074,1.2025421333482071,0.23203967174865792,0.1681547875786627,1.0020440210547634,0.6431842923757701,0.84281349284582,0.7184420123032351,0.2866360032618809,0.680442433541842,0.06393447800683956,-0.019402349062237683,0.17828146101690798,0.08741379126568471,0.3437605517453779,0.0
0.45047354801470346,1.1750593277470422,0.26609077245809426,0.16705901875004442,1.0261531066980982,0.7843166818290781,1.0072753417967706,0.6311101661380291,0.22398079504688284,0.6670397215890914,-0.10400675277923638,0.09779820942084876,0.06815812780204543,-0.011274644020651245,0.2283233236814086,0.0
0.4673632351862444,1.079584042474765,0.1603640309305402,0.12282105636502778,0.9880686253631449,0.6240333572067196,0.9896678566085715,0.6911426583397728,0.18275735538639445,0.7164279903327995,-0.13785611291194189,0.10927543610908476,0.07661464076004393,0.011918541794477695,0.32094924586023854,0.0
0.46667331867646367,1.1022830331829645,0.1376379586840587,0.10345919179915582,0.9462611622351272,0.6066144310834883,0.9552398447957642,0.7288374816852167,0.2974056880815154,0.7698496111216304,-0.06297421936008278,0.09735383941100834,-0.020384698075233222,-0.054720701551185906,0.1282727566340557,0.0
0.4789944158858532,1.0828171028934133,0.2490918335247923,0.19155285477481535,0.9506395142678868,0.6108893914005781,0.8709431827150937,0.7318231903681207,0.21436164446259273,0.7059955790023599,-0.12151507317495003,-0.08730247579735186,-0.10810518706708992,-0.07606273766699194,0.053818887309509976,0.0
0.41993703660606607,1.0753977542011002,0.17799238682049398,0.1614341008569785,0.9127778812568389,0.5308637458858614,0.8786730621386947,0.7223889163215984,0.2540460424793917,0.7666514594811126,-0.008726054641499156,-0.00793920750175043,-0.27578985374909876,0.015153673890337609,0.0809069251779726,0.0
0.49470041721598196,1.1158664930776254,0.2493045311799881,0.1291746673333211,1.0520718622556142,0.5534668334497548,0.8184776527632426,0.7997997056368538,0.3027831055561557,0.5990834001721035,-0.012523597904324266,-0.060181505495748334,-0.26168287978391197,0.0008193856754414464,-0.06829901052545646,0.0
0.5046017165021205,1.145790216959164,0.22514001543966483,0.09540834670123209,0.9954857841953795,0.647552113564978,0.801872216148452,0.7228502616762346,0.29381205652004155,0.6754366997077326,0.1402515906099944,0.014492115424939389,-0.03874033903429569,-0.027539806884281662,0.025421921273402037,0.0
0.45022426977976815,1.1019034494873716,0.33041780875832993,0.31423747307156913,0.9856443546745766,0.6437833203884947,0.8647736352629952,0.7796409323627763,0.2687128100447367,0.6661680526488097,0.053730521333132227,-0.0764883029968917,-0.11500674897583785,-0.15879749909892346,0.01433055631939456,0.0
0.5066661593249596,1.1680206415202339,0.16767271069352588,0.07485006773897157,1.013871862702442,0.6559879106064643,0.8748336848544338,0.7562081521459747,0.3562228325055546,0.7248633954130027,-0.24632354949753088,-0.0026069345548262665,-0.22623173329367535,0.007144086144995079,-0.04670902729844871,0.0
0.5258786357036849,1.1597521678782874,0.22781429062617206,0.18001577214250858,0.9412311519367419,0.5594694004442948,0.920453435004056,0.7820852807160239,0.3336719208951515,0.8123847819015979,-0.2351553853696261,0.0865117734110017,-0.29478351599452396,-0.09611305338680466,-0.004196267655627563,0.0
0.5273545294057294,1.20290592234043,0.09914599396625644,0.11967665597243875,0.9708500868324267,0.5868696205633639,0.877304808406709,0.8143867846663162,0.3861433968366734,0.7480866912930177,-0.100167404126556,0.12174053154555728,-0.11672362122015369,-0.16894310423231743,0.14977696294798465,0.0
0.49291996127006604,1.0907290320860588,0.21867722469539422,0.15590268780472458,0.9647154321457524,0.5414267811702015,0.8016863851618123,0.6227848035191328,0.35270269246665875,0.7094294497601379,-0.08891751109001929,0.0569033021029965,0.10025323033517439,-0.14508612212293756,0.12521044568770084,0.0
0.6098508007490926,1.1973286170775432,0.28541739609518396,0.1869709310688851,0.9650560680060322,0.5551112850054515,0.8074530064423626,0.8302979949771614,0.2792091731068769,0.7722144715180176,0.0014345483960696015,0.07877028246435577,-0.09119128610770084,-0.1874025795439293,0.012823075165552908,0.0
0.5211425415287262,1.1304812659212748,0.19267389103724716,0.23613405457922862,0.9617391194820574,0.5677356481476752,0.7485963359579418,0.8671037635156749,0.3960283862355798,0.8424098202105983,-0.030935921125685654,0.045845246291575895,-0.02324978264060365,-0.14028677839897685,0.011931027824808317,0.0
0.4148022915207069,1.1956570667910549,0.16902438677394432,0.235951096682289,0.9483067596609981,0.5228822836607674,0.7974581587723011,0.7960310520347963,0.37153180979020517,0.8384661665314289,0.05998674138999366,-0.047115397434435484,0.1307972844990648,-0.13221447268239936,0.06560838365460012,0.0
0.5672027101281756,1.268373600557196,0.21255568556466792,0.1499559884990127,1.059657191265785,0.5438518125673472,0.7477246893954809,0.754878875599448,0.27903050992452716,0.7836144378559295,-0.033373684976287586,-0.17045835109151797,0.11025577431978754,0.017630661725149654,0.04936860290466038,0.0
0.5102806523481777,1.1397165589202172,0.2082389952451878,0.13711869897784595,0.9374384165174071,0.5395268937453505,0.7481886049455907,0.8147210789560173,0.45514255511627744,0.8117534428177268,0.1095025933007414,-0.15207415305191294,0.0056404442697468304,0.06670856222280223,-0.010824723969443423,0.0
0.46854464472875584,1.0930604604622216,0.19259147168242507,0.15479063736112322,1.0214362089274784,0.5105307730080298,0.7602148407203557,0.8946850329494335,0.3975580732398986,0.8175222588032083,0.12376135969358334,-0.10861505788426809,0.0022576575385639414,0.009081910444285149,0.12062162274738905,0.0
0.5123479150932484,1.181127433752787,0.11068389864698662,0.15241760263719437,0.980658531199703,0.45831577497015896,0.7157177330008029,0.9405733885573313,0.4103868620702942,0.7649418618050623,0.035851250106685335,-0.27085099422910763,0.08792496624287975,-0.05377655137844291,-0.007862690379737927,0.0
0.473333039890408,1.1623126738879828,0.2553974308284737,0.09659834568632933,1.0342090196011424,0.43523629056230195,0.7247164087285396,0.8743755989365879,0.4480457645116929,0.8175123986980163,-0.005223065747194253,-0.1259082474745064,0.06040549070743148,-0.08347901727958876,0.0052849271324002444,0.0
0.4021602641444648,1.2199886520125196,0.10771966495553205,0.10519360691517318,0.9119128092110046,0.40370784778454327,0.7736541641340753,0.8840492621415116,0.4473213428202092,0.7795745611829705,-0.026118698749839197,-0.2277296696405511,-0.06020207264565169,-0.17568163638791745,0.0686999155734587,0.0
0.49914515912443824,1.1555722537083988,0.21425467236878265,0.08527099070741383,1.001377922336557,0.5076614279205335,0.6735136460639648,0.9451932780510199,0.445456906874366,0.8419011270856941,-0.069289452918574,-0.128436833380977,-0.07599908632125682,-0.19544622120936667,-0.11453852753191676,0.0
0.43274490288826517,1.2268410374769096,0.2707043714935943,0.057392272987854515,0.9138152724882977,0.471056890001039,0.6626345731407243,0.8879483279651154,0.4796975513104759,0.7940272500491169,0.0030348794155998504,-0.0819868285500529,0.0295631683341179,0.02415709947043862,-0.18737587441464604,0.0
0.4852195876821204,1.1388564618529065,0.143042956969531,0.18849712061479476,1.088284530640629,0.4936001661444834,0.7326903138881703,0.8348222889563873,0.46640025290987097,0.8508241460017761,0.09269924303408232,-0.1056837061263482,-0.08131753412984774,-0.05726794324238454,-0.15311911287877925,0.0
0.4775483862509642,1.1494697123248954,0.1961153271020803,0.19781274154688758,1.0960203830671167,0.39587683114342986,0.6710666824812117,0.918405011388056,0.44362785286791995,0.7857986416525273,0.1796398738817347,0.09262075295640869,-0.04977821364968242,0.0915019966426869,-0.12962339463308864,0.0
0.5431819495984186,1.1606298815439617,0.27955945258861253,0.14591506724893027,0.9838951052501742,0.41227474437889094,0.6486862827052308,0.9251027793324621,0.42188815933727547,0.8720204403797254,-0.008807550331059497,-0.09485387886001515,0.09096591462038528,0.022339605188583786,-0.04346203747733929,0.0
0.5208753229496779,1.1943292399064949,0.22681581061367848,0.1460130377856973,0.9909802901665629,0.5235217838220959,0.5852419891384721,0.8083757188768195,0.47875731761269313,0.9012666341205873,0.023668182491495396,0.03733208975257567,0.11020381457006856,-0.043293595953801854,-0.1492676514549919,0.0
0.5700295076816219,1.1208479354771712,0.19565129851889987,0.10085685228175734,0.9120061254581131,0.34975548878463997,0.6015210442858224,0.903152405184628,0.48435140880102157,0.8796421438584004,0.005553423319501576,0.1967669215757467,0.17239822298596366,-0.004749399402292624,-0.0983777882886072,0.0
0.4792525056442453,1.12776919907665,0.1275330454035708,0.2185370819661112,0.9943441996435707,0.4990355723837174,0.5621559323449417,0.865131563381498,0.5351242611660304,0.9174575326585084,0.06711480812238145,0.2063860493967667,0.28609661777336126,0.08794408856124898,-0.010935369334355002,0.0
0.43952394614971924,1.1724436799783617,0.2664636609026894,0.1580263044464071,1.0714795196133107,0.43353400732677644,0.5764251796920353,0.9620521010609253,0.5052152988420311,0.8069473836873144,-0.05912903645988077,0.12605525348731125,0.12988587546782454,0.0877203609974481,-0.09602030173791316,0.0
0.555157803054623,1.250478869482212,0.22920413763597633,0.1263153575702078,0.9640723580739428,0.4032583097983152,0.5627160429432202,0.9267749048281863,0.5650638826063048,0.8547330898191162,0.08943439860134289,0.35531251806701264,0.07968600769568819,0.10288093618233449,-0.019115435352488865,0.0
0.6058832907625007,1.1945178977945314,0.20327055065311178,0.1433390956251489,1.0892251444800962,0.4189879985967696,0.5678163098486997,0.872096813763247,0.4719626257397049,0.970414819250347,0.0008206762981245522,0.27561692154666984,-0.1329185603923697,0.21017998328050833,-0.016120752679522204,0.0
0.5813800784844173,1.2184678094832726,0.23478164689255385,0.18610005016136558,1.0407364579350893,0.36555610971757285,0.5089453818848282,0.889246941924577,0.4674131831507298,0.8819822293755452,-0.0053923404780476,0.10957495084598988,-0.18253892299482144,0.2254691179339893,-0.05796687735309841,0.0
0.4958086563631726,1.143954356172426,0.28379029980499015,0.22177737594426505,0.9830438432017501,0.37777065873534343,0.5543700549941392,0.8661077549912168,0.5492502265463061,0.8931884256738127,-0.1443133805271995,0.0648448779210056,-0.15565140495478696,0.16108094571567125,-0.24760233284510125,0.0
0.4183141574705367,1.1428129878663524,0.2647320380194367,0.17164827590015713,0.9541538515540695,0.29501896440968384,0.5236418679041853,0.8191903046045212,0.580539771205195,0.8344928674866798,-0.12084813401416547,0.003092165688911762,-0.08824295568758217,0.1617167111833299,-0.11232403917718811,0.0
0.5371692351252672,1.182210272925571,0.2834950839801574,0.1467476134614829,1.0471107995033664,0.27700881195902227,0.5357764408398639,0.9447806107211071,0.5553326792721923,0.911854363321886,-0.059155560695413556,0.08888487581056072,-0.23867874131084652,0.11244826354865044,0.04343590086745497,0.0
0.4327100815162324,1.2302199750062794,0.20324936611429345,0.16008819986404174,0.9758360836265829,0.3418242407969374,0.4221409133487331,0.9815189335737082,0.5622736048162382,0.8905531774645348,-0.04849562354254153,0.08124201593738689,-0.22805334408408062,0.13964904518095977,0.00026777401829477035,0.0
0.4545565875465879,1.2533535000451246,0.19088870825545667,0.10116707958955823,1.066747863141337,0.26836128892604616,0.4938228506463461,0.9450012627657567,0.5280205144557011,0.9325919020794698,0.13021266016306143,0.22361654586286295,-0.14071728999672167,0.21518817694507342,-0.02882864849861749,0.0
0.5922255551406539,1.214034209763169,0.26847775712589106,0.21517949035819678,1.00244805042941,0.3853672280728195,0.5099514859710356,0.9289415177343395,0.5533776128141779,0.9776519271225553,-0.03647282279341191,0.14041528128332995,-0.12074336988745804,0.31287100462196493,-0.03958675641634252,0.0
0.5314767903863008,1.2104038886796658,0.24533528075199695,0.16098256203583214,1.0687044017371514,0.23189526589535853,0.3940520574440785,0.914830027719768,0.6291989856483949,0.9901946857087757,-0.0242156547983966,0.19538809062964496,-0.02361002437241825,0.1096747011478554,0.007861156889556381,0.0
0.6001794468822683,1.2537921982315907,0.17458757581121115,0.16504030382346133,0.9741040608173663,0.31532691695908177,0.3803447920049797,0.8941206465974765,0.5775958263736127,0.8972028985549082,0.017918190524294587,0.06846423049698946,0.02058466598134555,0.014729525453999533,0.10085777227793641,0.0
0.465570480875713,1.2033161274216115,0.19739109989150544,0.0644454768869118,0.9921521351130731,0.2978487547112914,0.4439706224241481,0.9766885208026097,0.6262429417016416,0.9116330037121935,-0.09481731338842239,-0.05958844818430619,0.010344433449073284,0.10977292733282241,0.16187594507409675,0.0
0.5405990351619574,1.2098425166230709,0.3202525369234424,0.2460551816554919,1.0143628604477841,0.4047432833012434,0.45851602969210936,0.8751502197698374,0.6038806493025729,0.9571996096023812,-0.019891820296817048,-0.11797752004393383,0.005245274785754307,-0.0004801649656236556,0.18044433738535867,0.0
0.5883916984722419,1.168761016411741,0.2832505234474325,0.24339921699351863,1.0558010273083767,0.38126855405784466,0.33542312052423173,0.9484420630857899,0.5901957118120345,0.9318827631417884,0.06144955053406721,-0.09193142738056605,0.08643508057563543,-0.02599735713705576,-0.06931537363539711,0.0
0.5409900517001807,1.2979848484817669,0.21134820765298945,0.10127007336336825,1.0817680500860918,0.32657828640567776,0.4106696398948737,0.9939822522346223,0.7439411982386472,0.9980538692533951,-0.03326838514702113,0.05741712897136314,0.14015826235877019,-0.12651188453409817,-0.06928889295996896,0.0
0.5592462893725454,1.2067999607940054,0.2526020552029406,0.25275632196490344,1.0571505377431498,0.3138365987258996,0.305525853582288,0.9577067264965059,0.6111557393315487,0.9087586345888956,-0.16584373547218445,-0.001775052638454934,-0.058934680194191305,-0.21824135561693425,-0.00825605820485268,0.0
0.5457354415279745,1.2030635380013242,0.2592849594427029,0.08292099682619827,1.0743939168322671,0.2591361141350702,0.3016982088609976,0.8862711172538751,0.5809152758677354,0.8974452759638925,0.03443117064425158,0.151108139017331,0.02436424292981191,-0.10215989308293975,-0.046472631631555725,0.0
0.37536250602605314,1.240624935472446,0.2230335031930611,0.21915502757861463,0.9999775550812425,0.3517651205292396,0.34433619435113894,1.097999309705813,0.6429627859433196,0.9807355151052697,0.15808480125207253,0.1254441966669993,-0.14267356950355606,-0.15947300021015387,-0.12007050711421818,0.0
0.571006929961253,1.2449255014303928,0.2291532249088396,0.12998163118449318,1.0271910817848782,0.23175625143126882,0.24885488817965443,1.0443466243404302,0.6838407602953296,0.9932338845169172,-0.05727288126778364,-0.03440502866346809,-0.24225932288704946,-0.0034893453362275506,-0.028553108314532373,0.0
0.5919404126310469,1.1962281175105325,0.2107938912558331,0.20916658250066894,0.9993736616707452,0.38534390182750805,0.2435915653934539,0.9419991790187842,0.6251870581460028,1.042592923189273,-0.11078277768322783,-0.04320739905810812,-0.12714739182439525,0.100677816761161,-0.12331416125145808,0.0
0.5634060531370906,1.2614344092764371,0.3078435248371836,0.1838769775484857,1.0982353851674753,0.16851002638455598,0.2601514519001653,0.913852819255909,0.6918157917943273,1.0477643923257691,-0.180311939859213,0.08431504087317197,-0.08224964724330629,0.10083670070655451,-0.08565312552624672,0.0
0.542934441962276,1.2470343842276987,0.20976690701077716,0.25192301103666215,0.9925490322393213,0.25564837141033736,0.28394188994177016,1.0699761825406426,0.6888125075221317,1.0255506529728,-0.2484624854741575,0.23491921068524335,0.02143659412474154,0.293060729635893,0.02729348778694217,0.0
0.5529791698049259,1.17004580475861,0.21677649434495433,0.24539558729959976,1.0464147510780275,0.22641143770138117,0.25189399156872927,0.941776721457747,0.6366688464227408,0.8995049033892561,-0.030948945294676122,0.1899047801996185,-0.06861334967782548,0.16305767896055998,0.10212845578017277,0.0
0.5245199851140099,1.3001768322950027,0.2320005921716366,0.18028381726031062,1.1271506644841562,0.24983433800572424,0.19903479185835904,0.9676407456897658,0.6776540939925935,1.0405792033087808,0.042598737939764444,0.13905489474237814,-0.05015725995381591,0.0648848284683756,0.008011075548413668,0.0
0.5569371796365895,1.2536972573396472,0.18111338054099302,0.1741677224025675,1.0219672434659681,0.2094021388432711,0.19169134947725436,0.9784726945472921,0.6392684985403152,0.9920408610637307,-0.023974395730704517,0.13589833801501067,-0.09089660964724802,0.014912435397059661,0.06828395700713889,0.0
0.5946009096129146,1.245568316481958,0.16446470433365573,0.18889985545758053,1.075394350311623,0.18759361383840095,0.2136394060860798,0.9455779199751082,0.7968707570395608,1.064156700123945,-0.2298033953052275,0.009318036526380052,0.0971514793001338,0.014990142552199617,0.06192250247342222,0.0
0.4910210534672248,1.1602929802300905,0.27337521227806394,0.2160197072053645,1.0340892357834148,0.23788166044753759,0.13434704538033482,0.9390078955163539,0.773936723916512,1.046890642524493,-0.3067800121675972,0.029763082402192102,0.16690442616372386,0.08657565423822673,0.004372000813574202,0.0
0.5272914492221031,1.2528136688129394,0.18576782373322223,0.16556963052498794,0.9923575832952276,0.23681301697687218,0.09078805108711047,0.940371132630935,0.7532305257358122,1.0241739928295022,-0.13231477376222323,-0.033270604827248945,0.003985961035969779,0.2177960262808859,-0.06170175240489828,0.0
0.5671471534553447,1.274295066361839,0.32969381453709123,0.1964061941227556,1.1012755078796195,0.21567930414011366,0.11430168122618574,0.9656167688958569,0.7575615548577441,1.0231356720539997,0.006967268786542705,-0.03695978217225267,-0.10473628896881,0.07752949107316215,-0.09971079235403972,0.0
0.5833605313427569,1.3024676763625829,0.23072172090689805,0.16405818715827084,1.0328940874652837,0.18432522956971667,-0.013757715303925833,0.941984336594554,0.744445432941127,1.0291933961861122,-0.202367888021517,0.016737144054918926,0.01614594282333201,0.037615711823355755,-0.1142679508678654,0.0
0.588970594684442,1.2768625345925615,0.2289992781077947,0.21869701492153043,1.0017651068202724,0.1184316483316996,0.059722210340426796,0.9303204966585209,0.7330387393233289,0.9631440996897588,-0.11786825320109416,-0.28150864093087874,0.05395491513118447,-0.017687959675055685,-0.19439017847796441,0.0
0.4827640666778416,1.3270308876732173,0.2193687814381126,0.18153185679958134,1.0288742311446544,0.07939544382383752,-0.04108404749813347,0.9842224197923023,0.7003146376085885,1.0046292862499477,-0.11180775681377766,-0.03689828876247814,0.03903311581466631,-0.14095757899996067,-0.09691358409224712,0.0
0.5635963089593164,1.2931270653898086,0.15878476761457108,0.22026201860732214,1.1217887117893186,0.24286627285758206,0.04900489446828571,1.0380530421107463,0.7966312324786844,1.0224125174561414,-0.1471815374518169,-0.0291711811117328,0.13545203698735972,0.1629505954891425,-0.07104173596483357,0.0
0.5713240046728679,1.1614265426144192,0.2724820336917161,0.24122843078058728,1.2279566154883446,0.1722769205203759,0.09359796839531016,0.8346762627697594,0.7801442528351701,0.9950479772036549,-0.010102411165211878,0.008464213974265094,0.08468505956142819,0.0883055895596842,-0.04764949402812775,0.0
0.5395579086308235,1.203788763239956,0.21873301074392162,0.1460558320162041,1.041695640694768,0.12294376568526981,-0.07493361731643906,1.0162251890250107,0.66631775882484,1.038054219601144,0.25169978438381246,0.0935756751856921,-0.010086407866144204,0.1641045597995686,-0.007011848275966896,0.0
0.6092956305313593,1.2803789965297412,0.25020644506754675,0.21220092401756735,1.1250122605034294,0.11999278155388665,0.02206532472864036,0.9927515251343061,0.7062379542292874,1.022700689819826,0.019044856272260408,0.11765721002482507,0.0866822784047257,0.009658452102344575,0.18766324205846285,0.0
0.5561947340193713,1.228809126861165,0.3811005156694528,0.15930110288268962,1.0459289800016578,0.18655619620191122,-0.022501700348875504,0.9491388185383671,0.7464390097921796,1.0638174252806367,0.1536511612018608,0.1198725322555254,0.01735881846044892,0.23440534026641574,0.09917413902011098,0.0
0.5676916947544005,1.2543905019638741,0.27355437883975336,0.1741404777869243,1.0657170563839884,0.17819129989614724,0.005097942009738364,1.0070849772943302,0.7963583886774128,0.9516431353987301,0.14598557805183918,0.08322296286690589,0.09376776414573718,0.04760435656467148,0.006787040061190977,0.0
0.5884219079400054,1.2732832731121857,0.30965507527985103,0.21416221133156776,1.0902425645987093,0.20551373437685783,-0.09581007278863449,0.9110470235042363,0.798220624190137,0.9714405521573025,0.05309028876755709,0.1696247796145948,0.14761967741197451,0.2210179987558804,0.03179804405232935,0.0
0.5130241736008606,1.268383282972393,0.2452905514834514,0.18790653716528619,1.1131605358958045,0.04805899023599039,-0.08662913000495424,1.0278439020522874,0.7780316772611225,0.9460796090241699,0.0935478447708197,-0.09157976319085209,0.0607335654170494,0.21400498680858393,0.14463508366673142,0.0
0.545185160174561,1.2159157488834662,0.25125005550756585,0.22097901592441313,1.0945784261161486,0.09430258530614682,-0.14622075292009362,1.047612916457246,0.7490852185310742,1.0583871767795598,0.18336489253110147,-0.22569415438185117,0.014929703127092808,0.05943434474056601,-0.005396271885918111,0.0
0.49606655264427696,1.3043417481287687,0.21469496000987467,0.11027786942632445,1.0005084933699868,0.06920153669541612,-0.15564403457627654,1.0058009372127832,0.8148720500910159,0.9516050628591044,0.1526859798313093,-0.32532183724340763,-0.09324793523899325,0.05874718160779919,-0.0621885511439721,0.0
0.5948320154923306,1.2467050815881244,0.23360412574963604,0.17670432791407203,1.070961199179329,0.11366840828773359,-0.18752096573555488,0.9659139039586501,0.8593235228519446,0.946503484403786,-0.10633902538921063,-0.023486344509725032,-0.1452687776725799,0.060419958263575345,-0.1307864551390774,0.0
0.5361417581576012,1.2237815551996245,0.23676679694622998,0.2137428949842445,1.10515377636365,0.012128090923266374,-0.1814231988570223,0.8871576199775908,0.8022143307484683,0.9438701867305458,-0.20507287665922797,-0.0005000180089033499,-0.1696169634809443,0.13616085881992446,-0.09121640674510613,0.0
0.6295042044289468,1.3251892032519863,0.2761750306684939,0.12854502223272737,1.0208952406433287,0.047336077625000514,-0.18541668519394908,0.9105241516289782,0.7708258457937022,0.9233787186791138,-0.2573141200512959,-0.04287280944639052,-0.24664980365333372,0.006072655124731541,-0.001946415366656365,0.0
0.48682601773623435,1.3036048291318743,0.30930552455556304,0.19521571590462353,1.1489733066500945,0.1162179366719904,-0.14585302724145677,1.0038659015912594,0.8492160724218754,0.9736344836689326,-0.08736034100677317,-0.024345021668468747,-0.2752505565518931,-0.04283516387978,0.13183187642178426,0.0
0.5926287089417869,1.200160491773413,0.269479767240244,0.2334189099779103,1.0767644344830358,0.08225734545663665,-0.23965570050361817,1.0181534204860656,0.7874455160435156,1.0892425147521385,-0.011522220494283322,0.1142843345804753,0.03634208277117834,0.028870622516341163,0.07588375556890525,0.0
0.5201908631962374,1.2212580347033852,0.2441365449100314,0.21979384996496804,1.0556593073220482,0.01877075983930364,-0.24548343439004822,1.0576920565664252,0.8373033848860398,0.9429393944143305,-0.0792981246449542,-0.009990797730343087,0.0729407615492107,0.015613623369919482,-0.026380704725596615,0.0
0.5846152403840693,1.317959958798372,0.23672177463618344,0.20927286616413565,1.0712765806606788,0.057882451234543136,-0.33260800873524987,0.9929330127365255,0.8569327569905464,1.023471124592612,0.003980120410902933,-0.035032024555155805,0.07744956228153753,0.1063008166249671,-0.06690275058069697,0.0
0.6865918970087186,1.2839386574727056,0.2157955775967873,0.1144354932287129,1.0439281311362159,0.09634906488418822,-0.22449291478021788,0.9759567876340197,0.8317053168302606,0.9583535855672525,-0.033141571399807,0.1237725337168719,0.26299417204485925,0.018369027456972893,0.04099985951392262,0.0
0.5415676907300049,1.2786232612084012,0.2587840258560066,0.25037667827321575,1.0296521593074013,-0.04659050397601323,-0.3369058437988997,0.864433391757306,0.8579320345843887,1.0424930785081674,0.11391625434052513,0.010065905681173826,0.28352249638108973,0.0289835920668726,-0.018816451595577342,0.0
0.6573785052217718,1.242605732543965,0.32011697859122373,0.18869838280158413,0.9843686501545217,-0.027765838992598546,-0.3081741501036813,0.9438394669495582,0.8928066682014102,0.947889892885037,0.09081300720861545,-0.0989775478552544,0.28078504718919334,-0.026607202817471583,-0.007766963527871227,0.0
0.6011019884927644,1.2957512662512205,0.32483892291320554,0.0846727328394502,1.0568887481716556,-0.04506349556149892,-0.3385428808001047,0.9007891652950083,0.8063477751813106,1.0415440772109261,0.03582660218875207,-0.23105186130265531,0.2516004350526037,0.07533647164881724,0.05434012710134588,0.0
0.5677281484092668,1.2941248719882734,0.24012483638097878,0.20907710079660152,1.1749778458664493,0.016824454140435284,-0.3076175085958041,0.9375190940605218,0.9136016660858483,1.0566412609056717,-0.05106954039824449,-0.19628624784105436,0.16437484885071368,-0.06191070208766062,-0.0001383828984233143,0.0
0.6483600664870004,1.3334633532289328,0.34141495605224087,0.161351247120824,1.181271586075776,0.0038870967028547445,-0.4395795948533469,0.9779008938211404,0.8042505440397996,1.1361648812835703,-2.0274338143437542e-05,-0.05436725149816657,0.08389638971734555,-0.08183898474087944,0.02836235178450432,0.0
0.6199202376233521,1.3863251584456413,0.263088963290446,0.11361109719283274,1.1466455276228822,-0.04894185034411021,-0.26428311879203975,1.045195509440054,0.868206923825982,0.93607916541178,0.13300925513323583,0.028282565337860457,0.03897840787214431,-0.12877664472547157,-0.026774030754248977,0.0
0.5692269609654731,1.289440310757334,0.21255303139741058,0.23304736214651453,1.0921148231445428,-0.04263496433789091,-0.369687746518194,1.0084763189477388,0.7933666293745423,1.0125170383871636,0.05927815333607895,0.11707215962984538,-0.0028730560739896015,-0.03947340302767177,0.01572385959909023,0.0
0.5304745659635761,1.3133937136785612,0.328070310917768,0.16166390204368136,1.1664701467765495,-0.08690614136953495,-0.31834741946202927,0.933195872652026,0.9263185467801749,0.9672508741643204,0.1619516494608261,-0.049721252595487736,0.08964584625680494,-0.01376137601931809,-0.10337986117497751,0.0
0.5539110606503428,1.342283645178103,0.24863403861951106,0.13654580559058982,1.1608848244657486,-0.012601763264017095,-0.4538035715491157,0.9775016321190919,0.9070159383107086,0.9783126423168769,0.22754688203239576,0.018205392706906874,0.054972425330289953,0.03453433852108702,-0.1332161959680087,0.0
0.5363841715358029,1.2868258969855273,0.24755381521135258,0.18717242848817991,1.122511735463133,-0.1335720496651208,-0.429181210629951,0.9191114330722563,0.885998273340029,0.9994816740254004,0.10077093225222142,0.04385737590238957,-0.06604493402677164,-0.15694063137947672,0.06652122550541718,0.0
0.559559213643895,1.3553493308925728,0.235563808358488,0.15294646702528025,1.0805099366139077,-0.14048396439552363,-0.4106606283849352,0.9000980084789697,0.9061559780341,0.9556063241736072,-0.10213203084751615,0.09289757731774324,0.027520813108895953,-0.0879219467829898,-0.18782459450768468,0.0
0.5735741609825713,1.3338805477580717,0.2994237167272992,0.1787030656174467,1.1366232875819307,-0.06007760430640349,-0.537383963435441,0.8777623627721535,0.8471417240493715,1.0512825235192889,0.011761077926092336,0.11685755881306625,-0.022984063620329773,-0.010334317262169802,-0.21198514342843056,0.0
0.5595450916089242,1.3703492633294625,0.4100870057353838,0.23952505563870682,1.1888856632696696,-0.08364629592290009,-0.5384366102519134,0.9022098731664124,0.8734537111167447,0.9008998327954787,0.09708644046938215,-0.021376447409562932,-0.023650738627723922,-0.028743372070083463,-0.18356211509227147,0.0
0.6049046383822415,1.301641400440088,0.27880750099616686,0.24829958380354109,1.1206368415281016,-0.05399777785409416,-0.5149407901666362,0.8756786333803308,0.8690822849330602,0.9638219969633135,-0.04897099081332288,-0.06265186327662582,-0.11788056071083532,-0.07602614121512218,-0.09668702515883924,0.0
0.6766049244847406,1.2931949723052165,0.30151642886444235,0.3140104622461869,1.0878163559262493,-0.08031239243516233,-0.5107029154194136,0.8360705135094674,0.9413374815063102,1.0574298166859468,0.04447573974651213,-0.027172940971306733,-0.053170990563157036,-0.044983382898074194,-0.1396489283543223,0.0
0.6316248559332667,1.3879741685310576,0.33762812415759663,0.25918116452465034,1.1227905567157161,-0.12348910782263985,-0.5052923310528221,0.8893506325909804,1.0155172957052283,0.9714959831385387,0.014778422232001664,-0.16909188150688376,-0.12525936967349524,-0.14141100431314194,-0.04459938683689602,0.0
0.5616660540296828,1.247435064280717,0.2504970846350432,0.19670792814904334,1.1023277855520892,-0.19670104882818035,-0.5544784518554828,0.9663617792198592,0.9143172063146648,0.8932309771029818,-0.006673656646785476,0.0569959332763241,0.0629829300886178,-0.10002335465362729,-0.018358940864530646,0.0
0.5320907602966383,1.320454054223504,0.27896082369616537,0.3166876733069888,1.1509072409616832,-0.09847245479454533,-0.5871197263550262,0.8657607824750179,0.858698762666447,0.9678909557811525,-0.025082006898838702,-0.016885972674664865,0.1160592774132943,-0.08789979778537538,0.15730982573095548,0.0
0.6027034039260243,1.405408931093173,0.31059696121538305,0.2237484728327082,1.2189558651281336,-0.20468290480209306,-0.6312540846416873,0.9528694122439457,0.9765520999182256,0.939117021543518,0.05451745462278787,-0.07405192628726277,0.2630444039135194,0.04179205100194173,-0.008373280205165368,0.0
0.5942203228468415,1.3052230964146843,0.2494584733376335,0.09437818497210579,1.1172535504103915,-0.20144293129992485,-0.5799844294838411,0.9208936121039586,0.8993614990090877,0.9419836601992235,-0.03891289072304133,0.0823245540853331,0.17552301560722466,-0.05944909580831852,0.042237018278411635,0.0
0.6490369160928011,1.3718952264831914,0.33763144944654955,0.1546518979596685,1.2181818177631734,-0.07384914762225922,-0.5913735969358497,0.804650841172715,0.8805528836681211,0.8683439632543817,0.05319749623377433,-0.048205150795684215,0.05279568713565065,-0.08609694250951924,0.14270513086101866,0.0
0.5356803008080819,1.3312926423131168,0.359044609450234,0.16995440751704255,1.1633733718763903,-0.20487479294018154,-0.5975336124226917,0.8770754625253416,1.021034724173634,0.9961151000868042,0.07896434148380285,-0.12444145905142343,-0.02956409481439401,-0.14881653394422278,0.043898451658788494,0.0
0.4954274854994631,1.3274489921924837,0.339813702820544,0.2785675936699341,1.1835752686823418,-0.1649272310358837,-0.6689755274499025,0.8453269684726158,0.9808919073801939,0.9846155692973251,-0.03639386117790262,-0.07929525310410655,0.016822386239226057,-0.1668593447679142,0.04468077201660428,0.0
0.5662064170800903,1.3846848665994431,0.3141457804625474,0.24033574519711443,1.1986261204654718,-0.10597185921583882,-0.5868127887553357,0.833395183308374,0.9702796577204751,0.9057128679461042,-0.13164295639125864,-0.022928021944062398,-0.06062037695274946,-0.17285264581787646,-0.017240203870771277,0.0
0.5677534338410981,1.3149741137588506,0.34053710558834616,0.12251208946419836,1.1043567568435253,-0.13725203369979022,-0.6688990704504373,0.8397350305143296,0.9628482302930077,0.8883509194126293,-0.0264656396667748,0.10635563203313368,-0.08431369145270501,-0.1085083704806553,0.1567058825931915,0.0
0.6515364447015193,1.4105226503920594,0.33402846926915747,0.18625097933834256,1.1827841297912247,-0.17344132619484867,-0.6711260842116513,0.8721880105884063,0.9582191299354142,0.8242886216175562,-0.100645890005337,0.1090385042833951,-0.046436313799612175,-0.06623244197603774,0.13065023955377358,0.0
0.6050837353328905,1.4022903728567973,0.24326054458904312,0.24239339420413414,1.1440892923142703,-0.285213095796897,-0.6458111494561003,0.7703392260119253,0.8707994252845992,0.8441167207238577,-0.021887832519036483,0.1271778461462575,0.12449931031178396,0.05898043714195959,0.10156232924608323,0.0
0.687105710244946,1.416894900525007,0.23641134259069876,0.20369165497400243,1.2126164503335888,-0.19145663081191147,-0.6624442307383405,0.8375375994732486,1.045385939192572,0.9218045898061075,-0.1370152967270626,0.01897889677559901,0.010941551374033742,0.22051682605222164,0.14913567279078255,0.0
0.557029508177023,1.4013075988017336,0.19385589640563977,0.2993087833667106,1.2243766368031865,-0.1312629853247515,-0.7095526306817509,0.9063771504313447,1.0170148813388782,0.9082868065263497,0.09759172162022858,0.21703951771578064,-0.10157928406655178,0.21293504816729059,0.06230061841800827,0.0
0.6197020639199206,1.3991541238992375,0.26808258001357016,0.22970137064554053,1.2011637976302305,-0.23665975842601863,-0.6389989868662622,0.7969488215667948,0.9984677277813008,1.061186444241007,-0.04284133431339176,0.25841693522967024,-0.036642484717340246,0.17988079291928988,0.01050556578021946,0.0
0.592059160223144,1.4012798420190287,0.18474457575389747,0.1655494730812868,1.2017751913842447,-0.23563109507690805,-0.8776816144168011,0.8404761099178313,0.9832948528195431,0.8488851442439296,-0.006199293397499209,0.19157547198921604,-0.07695844621912651,0.1204920815610856,-0.12218848316343522,0.0
0.6761061542821991,1.325857082502835,0.267933868567086,0.23169805693927492,1.1361966962989407,-0.1893998424603375,-0.8093534924733268,0.7746457295214391,1.0120591656076834,0.9557834220563483,-0.03239195228051645,-0.09716707718893,-0.03672194520961761,0.12549351916475687,-0.16456892444629764,0.0
0.5894732571335259,1.3124689006373433,0.27738011172864024,0.17373360280892364,1.2086195333018044,-0.20917104371650977,-0.7603325792047069,0.72416095082279,0.9098617447198962,0.9259556623494437,-0.08655094950801678,-0.08588279465381629,-0.00186720460035383,0.22310150769800297,-0.09734917608077978,0.0
0.6857983967131589,1.3067957132738417,0.3703380114116935,0.24847470748984218,1.1027357075174344,-0.23367333343033136,-0.7388081711408475,0.7142263769817369,1.0054587472293963,0.9233568356612724,0.035159312895397206,-0.02471584430440381,-0.09473022799897718,0.26264062282438916,-0.21716797140323096,0.0
0.6639319467506004,1.3419039754132034,0.24082125639122542,0.2171826178702247,1.153696407639157,-0.28464816983546154,-0.7218919404922981,0.7374600300380394,0.9331778131061407,0.7713203636981499,0.06264723406783934,0.16373088491092272,-0.054355834483571716,0.1467939559027252,-0.19525644844188356,0.0
0.6825320413507708,1.4587674644515913,0.2559846923907668,0.23444626453766973,1.1109216178475956,-0.27157035062216134,-0.8902917454392616,0.7758368525993711,0.9732556783945033,0.8556214907541904,0.11454024446543476,0.07923664784611023,-0.00831384932913895,0.08094593404340389,-0.031025856413793226,0.0
0.5985413530046884,1.385321293774032,0.29167877208596116,0.2774607583031794,1.1003161304264018,-0.22218594500718014,-0.8092229570652327,0.7008815421405035,0.9589593211474312,0.8306135427130021,0.0679608855979096,0.039678868543544944,0.05453413367080701,0.010785670853664227,-0.033271999456809004,0.0
0.6551319962189806,1.368072970790922,0.27795812847704837,0.30780773043457227,1.1427117310942019,-0.28730709166871793,-0.9067711716668828,0.6572718320277731,0.9225093247029555,0.8334735587411669,0.001176974385503432,-0.014337016700588762,0.04782657399655148,0.0318853134819663,0.1532123220444501,0.0
0.5358725188734832,1.3616235578838163,0.32056029197707714,0.17791713900203115,1.1671944213314727,-0.3445995393176332,-0.853775888386683,0.795810490814731,0.9590006270740307,0.8870357638724652,0.04412445258839629,-0.10587392843009236,0.12292709691398046,0.05628477607021539,0.07783640335538292,0.0
0.6021633950361253,1.329892201126306,0.2697424402881338,0.24474005288108944,1.1486606667009467,-0.22643730600458156,-0.8774603289327664,0.7302758421949803,1.0491073477149038,0.9013972701927111,0.11236102053763021,-0.1541411529317057,-0.04351374824665176,-0.002436532437816663,0.2402534827274386,0.0
0.6322983083744581,1.3866699128751026,0.1628983298903256,0.311826840820463,1.0834084208943646,-0.32736228521064903,-0.8314126019042007,0.788125844749147,0.9074487238172222,0.8405918005845099,0.04157750143441587,-0.16448285658972728,0.013174214660819285,-0.08850646704803888,0.016065908439884008,0.0
0.5718329141175195,1.5709619386356162,0.28466559223423843,0.26362471700474627,1.182829526122158,-0.30959255051071716,-0.913016218517744,0.6637690790327373,0.9927218319771377,0.8130437361153259,-0.06380551669892946,0.016435869421033228,0.26058313564863894,-0.015368465928651313,0.049366302873452894,0.0
0.6721184480927244,1.4381408568842609,0.27473142173359083,0.2135040008251663,1.2594023584936487,-0.3664424843017247,-0.8488231861397131,0.6637626269196516,1.0806706260480674,0.8273947399464809,0.034868984043868664,-0.28593003580023224,0.1587300694949574,0.0008521958400286248,0.08310853400809828,0.0
0.6188003799234403,1.372811878284387,0.3118838166493556,0.30611225393218344,1.2120007110525026,-0.3701930715031114,-0.8992498748691208,0.6052394416341719,0.992683308306386,0.7561958894341927,0.03261142211637075,-0.2721642003241118,0.05718577362045974,-0.1054423904667794,0.09896671868856166,0.0
0.6372591834436357,1.417798323926747,0.3537970404045825,0.20664312134452575,1.1565398207146547,-0.37267683457407264,-0.8580931644687595,0.6684043823081075,0.9299831159660165,0.8045930543661717,0.1545258402296735,-0.2553689899696295,-0.09844583058221446,-0.11820248883222914,0.014905183726647446,0.0
0.636008057048889,1.4218469655912136,0.22958160995786328,0.2365418599614784,1.2004419584757322,-0.40768163622535347,-0.9637291402534409,0.6745695600798133,0.9524616600282886,0.7613475021162385,0.10839974661358255,-0.3342185514252427,-0.05694215726857871,0.05638802309354664,-0.06294641423191695,0.0
0.6514985804024979,1.4239099114956315,0.29682935750292033,0.18980231988643284,1.1663339718352286,-0.3998800083357577,-0.9416996790354153,0.6845634543165594,1.006990567457792,0.6802161735236667,0.12176979906301327,-0.3554106401204823,-0.18377729991307792,0.13869435927826584,0.00544766555376712,0.0
0.6120558406299055,1.4536473792149436,0.32079937751939824,0.18338020099707364,1.2045362382980227,-0.37882157719153997,-0.8824611362655636,0.6524116710657499,0.9588618278472322,0.7766623867255613,0.10159722341767054,-0.34826855833459663,-0.10925155043043006,0.07257039262771574,0.009435579673584712,0.0
0.6443066755305651,1.4113402447597514,0.253727606554145,0.1954952226284566,1.1694817643248525,-0.35059583013808754,-0.9254845625963416,0.6971887718786453,1.098309376355605,0.7759132619729582,-0.12624387889909805,-0.18402506732498566,0.0036659772405791408,-0.048797729541170835,0.18564215515873175,0.0
0.6030963841685679,1.3051095422134262,0.34747948015913444,0.1899991646749664,1.1279724853364612,-0.38125587265360644,-0.8489194033553003,0.7092574855383861,1.0298637833273085,0.7765284088202422,-0.025124244644745233,-0.3233382477315105,0.11217204182507196,-0.12445948342344869,0.20548642231923675,0.0
0.6250678817377116,1.2928585323946673,0.27793520694177565,0.2588387654927361,1.2101060952354752,-0.40296210115323206,-0.9124175562731125,0.5208587452874979,0.9231320378646996,0.7190985264286852,0.02231319081390891,-0.38012598988384405,0.03199056404295829,-0.07529700258675193,0.21955571275774372,0.0
0.6295366188907334,1.424001637675474,0.21978372484789288,0.2546494845179583,1.1842429909454881,-0.45763134756664253,-0.95885528427744,0.5892984804628324,0.9495946369961707,0.7674436009369241,-0.03432098859667324,-0.03374802312244718,0.11381965730007831,-0.025390804247034895,0.2752116253769221,0.0
0.7058562239576232,1.380782102405517,0.21495273155939892,0.26636002925681185,1.1980057737250691,-0.421356405573299,-0.9073640992401542,0.5075764507098309,1.1571071203604704,0.7699603805393584,0.2459668890952233,-0.08221752047591593,0.02659361517746972,-0.007042800172798291,0.3014129497672201,0.0
0.6213294231084125,1.4821010560224415,0.3393655294971323,0.27127944780658897,1.102592168381602,-0.22190970161959922,-0.9789664989021262,0.659769719015092,0.9947580146965515,0.6638479265129701,0.0690713153521065,-0.018881593630116794,-0.02776045940465578,0.0012552024731631506,0.22018088883274553,0.0
0.6563207747004349,1.5453279666659758,0.2242693650848595,0.20789011413801362,1.221176101447969,-0.39109749704391694,-1.026800558216786,0.5156427482501555,1.0049233965826752,0.6758368750330708,0.1407258051279226,-0.10162665183146413,-0.05827303713400587,0.16030824457635406,0.17340103900714313,0.0
0.6187089929302184,1.5333812451168798,0.3013938587489373,0.2596596039185042,1.2370532564161865,-0.3721382086080742,-0.9539028088801463,0.5510608697160208,1.0010850304770322,0.6515839141883449,0.0037803174772107068,-0.06000453080074612,0.02746022178711098,0.13000459130636194,0.22671047320233995,0.0
0.7553573189024003,1.460943319474883,0.27255369185006456,0.23447551201970435,1.2589652412583925,-0.49473440857400347,-0.9991971893368552,0.5385188745859945,0.9403347859845441,0.6706825217344472,-0.11889112230103319,-0.1065310871376848,0.009952062716510538,0.24554073160035877,0.1355248784709385,0.0
0.7010331073913908,1.3559686838570804,0.35161332521273514,0.227868100307936,1.1705602865213771,-0.3256362063536258,-0.8986711702582588,0.5787239007380199,1.0335412528945316,0.7196422420227528,-0.12312570429829245,-0.17934952045398014,-0.05118687536320646,0.11530176591424224,0.16048754028537204,0.0
0.6786522080842193,1.413822392415681,0.3139086023659463,0.24928201656849752,1.1316202621543328,-0.4963101378570588,-0.9148172669221335,0.509870381605362,1.0520469445478695,0.6990047674062985,-0.03000445478993375,-0.14700718828862225,0.04051101155363354,0.14115743333491387,-0.03929006540237817,0.0
0.6735276084012184,1.3724922600336182,0.29367946161985886,0.1896176221684217,1.2125556675483093,-0.4519759465750456,-0.978007645475178,0.5285383412026642,0.9675055904427851,0.7162244948924404,-0.034036062759243396,0.12175162818803117,-0.1815224557878343,-0.04958785094631407,0.1256686830667159,0.0
0.7805932681901825,1.4297925589488276,0.35442448374746877,0.1480284230622222,1.178695100786355,-0.3929436890617476,-0.9693275232816896,0.5384538823989009,0.9852225966124474,0.6614653618440651,0.0828096938876559,-0.005038800246501524,-0.20280960425527617,-0.03676769859740727,0.09870893147178855,0.0
0.6609105051693994,1.4503121371886105,0.2750338949937554,0.2718401513474496,1.152226575061902,-0.5151425864870215,-0.9586482063060435,0.46451620552481454,1.0767287010471542,0.669970556957433,-0.0022125603227882845,-0.03121810686658998,-0.4217951805207518,-0.0980193513535895,-0.03705390822642016,0.0
0.6538666464866991,1.425584423579918,0.22851760642259333,0.19911014789060993,1.2077340902506861,-0.40426419331999025,-0.9997213360572459,0.5694920214008388,1.0301994677139918,0.6544219592871303,0.17767350977314578,0.21374124527591518,-0.22785115551417537,-0.23294026005089896,-0.14631780927535293,0.0
0.6595341541731116,1.471412753649291,0.2834510514557011,0.2275798124891987,1.1723686999928216,-0.43358308062187323,-1.005288861823625,0.5475941070033923,1.029618142460904,0.7523181051943334,0.14958225841204625,0.16928967361640504,-0.15836687607951935,-0.19642971505624363,0.04341310696745307,0.0
0.6590503221887984,1.3505810153993782,0.1872918046366398,0.21477328206836865,1.2490937146968581,-0.4799394094861863,-0.9878011506345185,0.4803157757863218,0.9500541003718616,0.6701736001182855,0.03881459118690708,0.19232361256302627,-0.03180794776443399,0.07077299580479564,0.04732810383590118,0.0
0.6886395184312566,1.3658634213464014,0.4015814086851775,0.22110275499518206,1.1497146004764218,-0.5345369821073495,-0.93124303858052,0.49001443689138524,1.0220894840275063,0.6500817843789732,0.15667480019953867,0.1965816720569556,-0.025880116420645114,-0.06348651879852507,0.0543198261111298,0.0
0.6950010463460593,1.4104380761194149,0.34840122663099177,0.2751342284783822,1.160126001039839,-0.4720398759320747,-0.9805809137186755,0.43125704369829787,0.9170478482678293,0.625176147744856,-0.06242487410168114,0.17404411983351648,-0.010255716161129034,-0.1015444954631924,-0.007565065357400862,0.0
0.6343992122208103,1.5518007335955486,0.29878935773657833,0.2989801289895765,1.2370337987889735,-0.3682625545510138,-1.0051414198972752,0.45350958519246004,1.0350541418511132,0.568545226174537,0.15144689098521924,0.033054238813184256,-0.16147240273999022,-0.05449356391763363,0.03985481122973276,0.0
0.7200300977150103,1.5172707642746026,0.27268721284943404,0.24912159041723209,1.1222901058673478,-0.46157140595575075,-1.0264882147102479,0.40356518722619994,1.078336966726082,0.6400362800846082,0.1583075813904875,0.10898013951270272,-0.07494872604112887,-0.06333680573425826,-0.11667954620887294,0.0
0.7007020349317229,1.4570864117092346,0.34848288172670316,0.19857977414243733,1.2369173171975274,-0.635042834985268,-0.9471317841436899,0.3696239680728003,0.9969746513798254,0.6876556502220288,0.1959709243999544,-0.08854803947566134,-0.07074990185386794,-0.1294502738063385,-0.2686754239232404,0.0
0.5166039451066924,1.4346281532004812,0.40288848680524825,0.2529288035012854,1.2604856198493306,-0.5657326860728781,-0.9277027022744193,0.4986039524693933,0.9912106487994199,0.6652993387736151,0.00559997954047145,-0.04317418176617077,-0.10939144743818717,-0.25101653555895154,-0.24645588510240046,0.0
0.6647908633683735,1.4528185604912724,0.2754692788579001,0.18797136892734803,1.2011957366983725,-0.5292339605350924,-1.0168696287179209,0.33757163562002734,1.0148926171584012,0.5827182616727251,-0.047119366673103284,0.018394609474262982,-0.0634664478433729,-0.11768605521268995,-0.19444653492551872,0.0
0.6076149837707033,1.4641880943421075,0.3372447059296474,0.30406136550444746,1.2511337372869535,-0.5612908479648238,-1.134562584780211,0.41295067697019744,0.9742563947206259,0.5360621122989868,-0.006424545833114529,0.20062557414122364,-0.11581874132489327,-0.16159566927111946,-0.24720792664821195,0.0
0.6758290165231539,1.4790065942765662,0.2959846824328671,0.26188645660454823,1.2398411839048982,-0.5043078950203143,-0.9932304104679239,0.3803623964831026,1.0846272563102644,0.5228656835294389,-0.021996494317328582,0.16424655278421177,-0.06565292661460918,-0.20353113846568394,-0.0033295832507304612,0.0
0.6720167060936231,1.4877096393676827,0.38494376851639917,0.25621318803003873,1.2443488170191686,-0.6111701972125186,-0.9731416286648398,0.4389592850581305,1.0025802191663622,0.542099784715301,0.031233542766505418,0.09031171680074512,-0.09977350259556639,-0.10531578980020037,0.16792052836373692,0.0
0.7128346347097498,1.544308271746501,0.23728124427254998,0.24688631966818614,1.3203025970662718,-0.5195440583300444,-1.0696758413081013,0.39069207453644217,0.8555596152500756,0.46376078224641964,0.005888695384425113,-0.006363986889577115,-0.004304402693418252,-0.013766133320738776,0.19213019339425344,0.0
0.649008367455126,1.4808017549184305,0.34302771244005953,0.20653484293000965,1.2987445497265917,-0.6106196023860714,-0.9459154867151822,0.3521474063606128,1.0485100079055996,0.5520750978258655,-0.042943120427690114,0.10135896754689554,0.0022367619526827568,-0.025407973259961084,0.2057560843982854,0.0
0.6785282545694729,1.5159311633477204,0.3229492533938034,0.22609313935094116,1.2717452628510189,-0.5541016731076102,-1.032438354368608,0.32572213504293307,0.9848983705602652,0.5928291699928372,-0.13419397313374629,0.17993021181676408,0.002358864369262934,-0.13602846815249373,0.08636517640103845,0.0
0.6962732222769854,1.5035386735181748,0.38372920981644254,0.2715015686962568,1.2499419737911996,-0.6670113699051585,-0.9943579951243532,0.33473476917505185,0.9093967077138577,0.5004944052491336,-0.1545779541576748,0.16512593209506896,-0.061698289438341276,-0.12740312759621067,-0.06400822198524536,0.0
0.5925515571876286,1.4837344567705244,0.31861638151724736,0.18846505238447803,1.1127257202202916,-0.5977290766092618,-1.023354061714752,0.251862543907579,0.9460292255486288,0.4598787386088234,-0.16604979449604576,0.372243676758447,-0.047294566291135265,-0.17596022626384994,-0.1826324184632182,0.0
0.6645486714236948,1.4583233124815989,0.34324228690035824,0.29646263693366565,1.1617699059038502,-0.6998826191452374,-0.9365990219853577,0.290733976438382,0.8857455429323612,0.5021068912816796,-0.018157778819957768,0.16345086497460476,0.03486480159977708,-0.19337921003810338,-0.04428713961755497,0.0
0.5432861802990835,1.5222860792207433,0.20406732956298584,0.23929405806893603,1.202636307132922,-0.5231268083901373,-0.905666096109126,0.20570124897619407,0.977816749194779,0.4408567895802821,-0.12269570317154323,-0.04063662328338158,-0.06582779538559655,-0.24582738617187397,0.001783825496997328,0.0
0.6744035328033977,1.561962701779195,0.2637520977743113,0.28938704915764124,1.336844281064728,-0.506924862921363,-0.9023757152003026,0.28828819113839893,1.0445351175240571,0.3484164619668902,-0.06687360257797773,0.1722721076422989,0.04015925901208927,-0.1932278955148331,0.07831099994356913,0.0
0.6884360998696551,1.487152915606096,0.3780750740988541,0.27564597502121496,1.2297939686290185,-0.6165426182534299,-1.0322554843075338,0.3167428836585191,1.011040930060214,0.4202740698999432,0.08182099599775587,-0.01067554832983815,0.09507788291416508,-0.2727082415925808,-0.05322135267081706,0.0
0.6734877496349064,1.4891235254978328,0.3717806449009897,0.3027274859987418,1.3228040943073145,-0.6044789742543408,-0.9260886612337501,0.17297271210678272,0.9910696190528634,0.33874273864071736,-0.15142883321728684,-0.09710632355017053,-0.10247882140617405,-0.04399194093127071,-0.13982820665193157,0.0
0.6556916875508593,1.4771992539311007,0.26802517226429834,0.251564592778127,1.263226650703669,-0.5816166457626266,-0.930003719554708,0.26988855598389433,0.9860074137336796,0.48648789113458957,-0.11415626470981878,0.02972573148176734,-0.11332450612233116,0.019920495448365258,-0.0021323211855277524,0.0
0.734502161536935,1.5260278001853835,0.3117499106216425,0.2726069798296075,1.2818929957215426,-0.6594049266821639,-0.9139772610805273,0.13674187817655964,0.8412837197439563,0.4077741203189184,-0.13525998220727597,-0.05227654703401523,-0.15086770984914555,-0.106404468302999,-0.05635644124067082,0.0
0.6691373155838155,1.4931502972172268,0.34251767125063376,0.24211285328545817,1.2709488292106703,-0.6521336693835271,-0.9355478045711207,0.11294124211066849,0.9466103690286524,0.3790959398236702,-0.03772516651042598,0.05444506965157841,-0.16008537330396713,-0.14876994356561019,-0.11688045592283636,0.0
0.7479172721142499,1.4754017927537724,0.33642084322929405,0.25524566569125284,1.2522611145306624,-0.6915173310241876,-0.9402491603227685,0.21926672429110208,0.941033369116204,0.3196787788054954,-0.17901757838564064,0.1101617634369893,-0.10015297750388762,-0.1926207843915931,-0.14275682547074564,0.0
0.6943364821879365,1.520095955980722,0.2498523223661206,0.23482921742838225,1.2026231755943309,-0.7012641739984629,-0.9199607643201357,0.2310104210087132,0.8617549857564948,0.3255709887553914,-0.14991632428247603,0.0894543792137223,-0.04153440024662716,-0.10312668597095269,-0.13630606374595738,0.0
0.6598092858900422,1.4478481447434013,0.3071049422274804,0.21749786926673714,1.2256308070150161,-0.6693498137414088,-0.8672079317534056,0.10994906746448721,0.9417062668162891,0.32996515507908236,-0.1869531131830961,0.33293352563387235,0.030542911984949243,-0.1655379512123153,-0.10485526388749246,0.0
0.7344005545893244,1.509493425418616,0.39219492606979056,0.30706076723400655,1.2148233131682287,-0.7240840944358422,-0.9586841754071138,0.07635127218144806,0.9420883729937117,0.27683441405511056,-0.13437598204914344,0.3219709329670459,-0.10135841401036774,-0.057175397469059135,-0.2403348343141071,0.0
0.7011791274806404,1.5527124495674174,0.4248638863405554,0.27430277294570854,1.2838501272879719,-0.6106971462297583,-0.8952910365930907,0.18378086918552924,0.9978909201165317,0.36237541503283593,0.0007554570476808742,0.3898691545871411,0.07939398282759202,-0.07133023074322353,-0.11587677048164122,0.0
0.6350599533572745,1.5534213561827432,0.26218079739127653,0.26045226280537137,1.2669523444539441,-0.6421535116795818,-0.841613732544797,0.18366923053586937,0.9265583142614894,0.37014758899074723,-0.08436382522305437,0.3860079770057001,0.0027024557995589185,-0.026183459679201364,-0.2851671562319762,0.0
0.6970417466629388,1.5537317486238493,0.3130695066079393,0.2939259963827014,1.248987161085876,-0.635868386903169,-0.881141667325791,0.0596859797550876,0.8632398485413669,0.295326652921266,0.0217771061237027,0.2445716996184752,0.04106296353344906,0.08579905649881239,-0.22197768882257174,0.0
0.761394735341992,1.629705687623729,0.3569810626107354,0.24834817717584115,1.186335533303167,-0.7283376175170041,-0.9283914179852706,0.0004235540155041878,0.9000804469662673,0.33334097792850537,-0.11079287564760326,0.15163622228996332,0.044554513472013654,0.07149233613711878,-0.07517045958560228,0.0
0.8160861609030495,1.4807384740288163,0.3730231693808097,0.3423072064547951,1.2381991202755085,-0.6246166013310468,-0.8915166071357549,0.10763347399652257,0.9809073609812984,0.2889830714368659,-0.18362130040429425,0.1460525695196445,0.13488429572223012,0.0030328035153992378,-0.06935522334820354,0.0
0.6840067778828741,1.5738360798201814,0.29575642343047504,0.2926663796904742,1.274102222504967,-0.6794384617996586,-0.9163719326272041,0.11165171255200673,0.9877733714914357,0.2612816955817421,0.013416137976525591,0.07390991083268135,0.015110500066559257,0.08622771769614741,-0.14569984771153421,0.0
0.7972935012786037,1.4973149971537005,0.33585562571472044,0.2532032082939865,1.28188965294032,-0.7035449996001217,-0.8068706762401509,0.12886922238848803,0.8616495638170236,0.2122312278680802,-0.18026070732647703,-0.11672726104269135,0.06660426891712845,-0.16038729514169273,-0.1895526223474846,0.0
0.7796066554870708,1.5151698015770931,0.3168509455236537,0.25493801549358597,1.2508579403472504,-0.6640250187888671,-0.9253965976206338,0.08426367189076434,0.9456427358190908,0.3037099695791087,-0.24429646599453525,-0.1871102066610838,0.19077463553110935,0.02635660931592869,-0.14184206934571936,0.0
0.6652482158001046,1.6086840443873127,0.3360346809969386,0.34520041356261644,1.2607732980572945,-0.6920817384384336,-0.8958310858324633,0.02924348759327554,0.8293280019421627,0.21996121054584783,-0.18110666877244286,-0.07066136926996673,0.2417550449416125,0.1195654347863603,0.04397080966821512,0.0
0.7240905958529701,1.533880660476548,0.39114046939580466,0.29546712117965473,1.3018553273909663,-0.7497770566474664,-0.8990724852607007,0.022341379564958765,0.9331880874322511,0.22758942800272328,-0.13176136314815923,-0.035256494337915,0.1248831425800507,0.1644459948495838,-0.15374790037742245,0.0
0.7760372115197538,1.5095986000372479,0.2979597954429001,0.20230271103551734,1.1909554568675942,-0.7036728739907981,-0.8062989563193225,0.12436241429927462,0.8304033756043013,0.17259546725129232,-0.04156463771735605,-0.056471242670874666,0.059749649869033784,0.23907576514453693,-0.033154220687579755,0.0
0.7211590852346221,1.6051775884722879,0.2533917481462661,0.14808064306270596,1.2794666192707291,-0.7548301667991388,-0.8525860858581756,-0.10175311952691216,0.8495875142990279,0.14907297240857448,-0.1274640276131405,-0.044640469021298014,0.131606147635219,0.21367999364364326,-0.13726249923887937,0.0
0.712474649370147,1.558525748589439,0.335640636727965,0.28272356917971403,1.243539650611036,-0.7183206426827692,-0.8748666627624906,-0.04725301107422543,0.9293122056161747,0.16702774502079232,-0.1076435535431407,0.10291356687143438,0.002360502450710844,0.29030726455594563,-0.27555849951341094,0.0
0.7393031365586062,1.5687893271933364,0.277987733427505,0.2327151116323712,1.3035668221411616,-0.8011268463968152,-0.77844374765571,-0.04875408698841756,0.8965359906274591,0.1681351083157395,-0.11337486103367958,-0.0022782374223293544,0.0033343172324094197,0.07932651727194101,-0.10517334403804193,0.0
0.6604021983444005,1.5031037802985023,0.3864079678696656,0.27917806807904993,1.2069794210792684,-0.6656988030104303,-0.7950022463801246,-0.05393380529294027,0.9138641632474303,0.24404641972184174,-0.2156983483665859,-0.005507928055260254,0.05268546852778322,0.04069505038562313,-0.09836187213307945,0.0
0.6956190763743972,1.597140094160671,0.36892633115869455,0.23478723609956945,1.2879343604956117,-0.8438682054348537,-0.8405149028076816,-0.03530018284793397,0.7899242265674356,0.09672309327161448,-0.08857964459201956,0.07368329978701696,0.1692154598918402,0.023426519287915705,-0.28562940880571436,0.0
0.7433721263017182,1.6268347084953185,0.35709817277914435,0.3736345440409775,1.2688448579330873,-0.6918548534871101,-0.7293863859007909,-0.18736930558146447,0.8945620026398527,0.20609678309495547,0.013294151135361698,0.12894836382330394,0.19273863372802186,0.08377409737543473,-0.139216736839131,0.0
0.70292416938661,1.4695550056206146,0.34913708509753644,0.30459202658881934,1.2932180224453083,-0.7052276452243975,-0.8642988481057834,-0.04316432891597405,0.9460961808920395,0.17720417653701934,0.011581969318904022,0.006633268266344444,0.30410789532822713,0.027003869860620682,0.06485668243848663,0.0
0.7496174218759561,1.5568272636773184,0.2680398771980179,0.2699528551353879,1.2763925000354202,-0.7876777852717324,-0.7855051867928692,-0.08732241688104869,0.9347088213978276,0.09136644039403122,-0.167773473287679,-0.06359536474381129,0.11551725814475833,0.06634170093162498,0.024854822517555355,0.0
0.6846990624974533,1.6512508404410482,0.33816800161779426,0.27392686102116415,1.2554068541579524,-0.686959366299166,-0.7147374146161114,-0.05732514661043899,0.8032723116934597,0.19158543059863464,-0.21062575745735201,0.0025423280554598277,0.14896037265711137,0.1136674517799432,0.03373389698047467,0.0
0.7525362646636331,1.5351688831985077,0.354414184069607,0.1425444841398843,1.2945040769144578,-0.8457119902400171,-0.7746285363995649,-0.10369567833999002,0.8782006848800011,0.14531832465284192,-0.23610891368940073,-0.034240108996097286,0.11656720830449638,-0.03365228860307452,0.04003638215147613,0.0
0.7640206331034818,1.557798545536239,0.36903491196605515,0.2877111288832577,1.2673092314689067,-0.8646749947944985,-0.7347003271772107,-0.17442569111399606,0.8614044501415985,0.07846283567233993,0.0029281518426958475,0.043720341825533034,0.09857707810871724,0.01816572992623212,0.2150103125216365,0.0
0.7617365506637157,1.539873648440753,0.20859607524230198,0.2794520549540451,1.3481026488797363,-0.7160270792010226,-0.6674037793257006,-0.18909531254908407,0.8486536460709742,0.022792955770468776,-0.1332263576884699,0.03411536659834397,-0.0518408436425918,-0.043999935317702854,0.05155612616175481,0.0
0.8433502522042878,1.6107118328851482,0.38088176539037566,0.2546390628287617,1.3755738151132102,-0.8617216858770514,-0.6781845603570962,-0.20276515530128666,0.7331286125088702,0.08282951801033683,-0.0157145202415796,0.04875414784749331,-0.11122587638845072,0.12762002472428233,0.04343941547840345,0.0
0.6695544961572664,1.662859510326488,0.3679542725134039,0.2654110479648349,1.3855565945801565,-0.731478616355565,-0.7217458312563246,-0.10609468528901235,0.8587877983759061,0.03813341159493597,-0.03905193891928098,0.00824492466214254,-0.18992246967716586,0.04044948606471252,-0.03984340071164706,0.0
0.7133405852673647,1.5206752535405401,0.3423317267107511,0.22263949201188787,1.3120959877222786,-0.8608077863247763,-0.7072007158139011,-0.18281611324742722,0.8194728656301886,0.030716515862143755,0.07077442670692473,-0.09772828134391262,0.042103910943565415,0.005266494317943026,0.007941648761149653,0.0
0.6819785861992061,1.593615205744344,0.47578819279063733,0.2723642515871935,1.2493093708603482,-0.7901153838397913,-0.6925174784859296,-0.1696440570061025,0.80023305629938,0.11456855275028445,-0.024814195385889706,-0.02018905026116563,-0.11653902091577059,-0.06094609323675682,0.0014095404885972615,0.0
0.7167757677143007,1.5773882431845676,0.3046781787912468,0.3094256155705069,1.4977315754724554,-0.7702650631839936,-0.658822521128427,-0.2554417192101995,0.8366765882093863,0.01991817512340481,-0.0006624555998606153,-0.16443272490531768,-0.10304018880845635,-0.07448048108886318,0.1455473181401754,0.0
0.7523455207393865,1.5928988394197936,0.28917665717300317,0.34060507573945065,1.3771231423072752,-0.7355768281733658,-0.6513441569152862,-0.17320416465696312,0.7753676273793694,0.032328677863364616,-0.12834150679918144,-0.2735515137409213,-0.11977082526823768,-0.319153650761794,-0.06400475113473034,0.0
0.7218518340352409,1.5905151210756678,0.2852325979009005,0.31375049733491683,1.3754599251328057,-0.8840172855532612,-0.6053975158573652,-0.12679424280003943,0.7040486757486498,-0.02581305711234955,-0.004559904880436463,-0.31849282831036296,-0.09952680294036532,-0.3065976660241845,-0.08799911966719601,0.0
0.6552642905195314,1.6048103205551127,0.37139056873903364,0.23520381429155143,1.2794557601248675,-0.8702502069607616,-0.5414536096960725,-0.2501430863733272,0.8449920730095777,-0.019506061311849343,0.042459088588843834,-0.11090262500567923,-0.05229929398032927,-0.08028736409069363,-0.08841592443542684,0.0
0.6940500237782986,1.5737552720074846,0.37837049958744007,0.3543242260958684,1.278661091927471,-0.7673344247992909,-0.5641815387963598,-0.20048203112645624,0.8559458379745265,-0.028599433614159057,0.012802889167037609,-0.1546133535556096,0.020036891808616807,-0.14968527657146768,0.07110256550893222,0.0
0.7427112757190333,1.5816421997627035,0.2945193557978821,0.28575904994493473,1.276723807560249,-0.8549707255981517,-0.50460860637887,-0.26856748523771035,0.7372578519888626,-0.018455743538278953,0.07554572906718522,-0.2574613195301041,-0.07613107554309663,0.01516855102948396,0.032282137338535424,0.0
0.6803894944500702,1.5983433893316754,0.34511516505623746,0.2947725326705964,1.355884497275071,-0.8399685504684683,-0.5516482131108171,-0.3134758106403879,0.8072342941057247,-0.09067114519750091,-0.02090934211491631,-0.04418636750658142,0.13927036918276606,0.05360471141073773,0.013289045226626021,0.0
0.7636179579911647,1.5356389485398487,0.3906533274264313,0.2767048293633323,1.278941461902863,-0.784519463059743,-0.5498314969622861,-0.43003355306872393,0.7703066241118546,-0.09076698258478275,0.06255556725156688,-0.18036604609326182,0.06934333184601135,-0.1506236683445475,-0.06194430560586952,0.0
0.8399328784076985,1.5634160293431016,0.34968040627352925,0.2640729579392916,1.3194283312406296,-0.8699144600611,-0.57434487673745,-0.3215922382661225,0.8001466770866058,-0.09646084525143019,-0.03682153478682507,-0.24137474032337955,0.2652785452215646,-0.1289300597586563,0.1228185060141381,0.0
0.7829230396096815,1.6184397968489606,0.3930308033672158,0.269829623224706,1.3226549890765271,-0.7914737869048342,-0.491423801171435,-0.30725850749300093,0.7910085331611961,-0.16878302837587547,-0.2832692790544399,-0.10923342244524786,0.19065314754425286,-0.15910154298739015,0.1794384321253371,0.0
0.7140303829126894,1.6141555202241953,0.5017654197824244,0.2036032795655095,1.3393829215585764,-0.8781335922384046,-0.5935118991459762,-0.35240246989453533,0.7394349173793191,-0.13351315994361765,-0.06441362984535712,0.016108578352153527,0.06638312578041913,-0.17703076088613268,-0.01721396192728758,0.0
0.7453647166603765,1.6710590154992384,0.3551780897828158,0.35294507857579677,1.2595327598798967,-0.8700211777827285,-0.5453610379495413,-0.4062550816343482,0.6467852688114091,-0.04839702418125872,-0.05303612218997159,0.03900987628757956,0.09905449348556045,0.022111050144018998,-0.019865440144386487,0.0
0.7338447726709094,1.664805429577334,0.45701173293086855,0.2294221195477387,1.336853062838297,-0.826469812875301,-0.4065769149281663,-0.33946114115088927,0.7707019834298178,-0.1780394841262341,-0.06190956932925161,-0.010714935774530854,-0.06223177481339162,0.06828741859886261,-0.019326175167313185,0.0
0.7422353832792744,1.6861854756565842,0.41795580000238214,0.32336122924055816,1.282045469976381,-0.8596702182919189,-0.409244886585759,-0.40818398265556466,0.6839395931616015,-0.02865382008588835,-0.038126689120706436,-0.05394910819892794,-0.015422704498613896,-0.09937432489274962,0.024311996557759136,0.0
0.7712262268492952,1.5866246347477508,0.4018678050727476,0.3195459809061476,1.3707815666373266,-0.9107579937734299,-0.44112449771459994,-0.3033432443123101,0.6688960416768037,-0.19220833796204603,0.0515093267917823,0.02883554243101419,0.10947775206080328,-0.2502072813748706,0.1104896786988796,0.0
0.7430559403856817,1.6463402712219293,0.31747440240903335,0.337052761877752,1.2978474047632613,-0.8713829255135426,-0.3967876102865639,-0.32856928238196637,0.6919758569752241,-0.25128665885064166,-0.049496163651300516,0.018941187996704422,0.09245075546390948,-0.03688157818474749,0.16091112518277492,0.0
0.6922178036598955,1.6378155089108564,0.32214739416057503,0.3267629738999224,1.4811272162331783,-0.8535812084572588,-0.3612377569597268,-0.4415471906144519,0.7566399860654063,-0.15971022340069516,0.012389695844770635,0.12736710054871148,0.30479857588329157,0.04150235547684629,-0.06656692101267028,0.0
0.7162056203317649,1.5743779254356243,0.31660509924334024,0.3016032962667187,1.3619312127178165,-0.9604365937556752,-0.31014162118722644,-0.42776950205649955,0.7219807889484527,-0.21689386044417097,0.13398860947120295,-0.0770881856873408,0.1640138647374624,-0.14996644369215048,-0.19653343921278404,0.0
0.7559212383810715,1.6438690452655962,0.33494342810678596,0.3346375291305205,1.34887132669657,-0.863208029228596,-0.34308848124014685,-0.4794980224586099,0.6791564441144774,-0.21025894942819895,0.08330494744853703,-0.30756362460871667,0.14073209580502935,-0.08635410662738269,-0.042181357685897924,0.0
0.8075417863999335,1.7091577440445431,0.3400464161998372,0.2694381795406149,1.3565125048689404,-0.9146786402573945,-0.3635096094276643,-0.4658582104107765,0.7270421890842674,-0.1499921912813274,0.033333940075499516,-0.18703843552557017,0.2541115642523903,0.042382133220668854,0.05585962572294041,0.0
0.8049910316337787,1.6590745757888716,0.3333591698634035,0.34573446547998604,1.4338443792228475,-0.9107567651658205,-0.33712588196064197,-0.43489492359077625,0.7165932358549816,-0.22647532730524825,0.04452105846725702,-0.09572576423158248,0.16610422552606735,0.15265371607592415,-0.06015280897644346,0.0
0.7803257092479746,1.5516155169171184,0.3831943674475793,0.19680201361307761,1.3912207386386692,-1.0061584170904365,-0.325034273572844,-0.43226395350095015,0.6254744068569261,-0.22314059796779578,0.19853357931515744,-0.059592074869749934,0.08054684841934803,0.024713510036505307,-0.15352928270533928,0.0
0.7479180558954545,1.66392228849727,0.33154151757373057,0.3008665998128845,1.3670722152341575,-0.9170776607501091,-0.33717833288095145,-0.5118243133683887,0.6300910669399993,-0.2517643353525628,0.12003886088855718,-0.23171401100289735,0.18918779910178374,0.07901523840323761,-0.06362810129783059,0.0
0.8304804623494576,1.6900382846386497,0.35851764516226764,0.3992952641769324,1.3161291677032005,-0.9202112113778327,-0.25679455261279077,-0.5725820545576268,0.5139251970523814,-0.1689676313097463,-0.059789782634554284,-0.25349852479234425,0.07056982728712113,-0.07327426568793041,-0.07613997269814024,0.0
0.7068018422024448,1.7021259258548125,0.37386979931800973,0.2576036315301442,1.4223280916545356,-0.9075096902011897,-0.24895195098286485,-0.5629017714130106,0.6583647309357401,-0.2518755743872446,-0.05786080631200269,-0.2913766203635688,-0.03352415238242847,0.0021970363030014636,0.1215831033709654,0.0
0.7625397268661545,1.7137321394456444,0.3967100764784848,0.3193501772802987,1.4537575608615374,-1.0176108413882372,-0.3322389848867918,-0.5825763022586478,0.6152238025328864,-0.3722667400971219,0.06560145355437645,-0.015363233896775713,0.14513955722675545,0.09518994105415277,0.01599430933573817,0.0
0.8648111782509076,1.612970921036357,0.33291177984400855,0.2288396360458383,1.3379189713994633,-0.871795051056873,-0.22655024756599088,-0.5585561966711761,0.6036267531686681,-0.22183143650874276,-0.08177926418338866,-0.10188730894097331,0.16759411146986342,0.1132484613509026,0.1240036705038107,0.0
0.7834691018957515,1.707499914880391,0.39251418789499626,0.29331797232986045,1.341050405942665,-0.9188649554903896,-0.2510549916460997,-0.5689135362023909,0.6532798591523415,-0.39158921183074263,0.08828898764219105,-0.026421119423582842,0.008211492620719407,0.04859053042410051,0.12728049297142915,0.0
0.7819882852669781,1.6187591988206431,0.3564147756525769,0.3107658800324058,1.3281619064391306,-0.8629606756029181,-0.14692826128093175,-0.4410385418566558,0.8129848379969484,-0.30586498903463905,0.20089025625376467,-0.11913337561392887,-0.10041393586248878,-0.026719252175523414,0.024020877628029264,0.0
0.7195722806260552,1.6768176015257144,0.4118388474873596,0.2988144199406607,1.4229724475278762,-0.9046687524456766,-0.20777150972786326,-0.5369570563160959,0.5214815169424692,-0.36315117033108574,0.09987823524041586,0.0033583151563674335,0.05561148717499553,-0.05976208347385946,0.11920323849516912,0.0
0.7638386211177028,1.6127905058549596,0.31528323968374344,0.3361157218343208,1.37247140428959,-0.948925540280303,-0.2530772109643749,-0.5417479320962727,0.5496835807110463,-0.21608026613025028,0.032198941795466826,-0.03831839096554247,-0.0378798075150294,0.15308125160488023,0.025242603226802066,0.0
0.8289332301103907,1.7896027804409071,0.37397529738510255,0.3543876731324813,1.4664941041944515,-0.9281621698573955,-0.17266986755346722,-0.49336668209736323,0.6138245351520231,-0.48587792609389396,-0.13240819597693224,-0.04854559227354429,-0.03003377100743858,0.012456775476752752,-0.14324616240066243,0.0
0.7739442237587849,1.6501085252292018,0.4053953321767291,0.44318162825562635,1.3074822485404958,-1.0161892497429574,-0.05134288266853168,-0.6174952689892086,0.697184940039647,-0.3268542830049434,-0.14938208270697018,-0.08910152545251203,0.09291278170623912,-0.05505802034319347,-0.11635932226130319,0.0
0.8541985798632162,1.7369956484688263,0.3502730689396531,0.270767175305811,1.4250820571404015,-0.9255078044739566,-0.10419596452300287,-0.5749149181196934,0.5465486803918228,-0.41544127578762347,-0.08714138962685333,0.12425178399652295,0.04986134907860262,-0.09382452837728492,-0.0554834241194766,0.0
0.8223317381266851,1.7287939864971609,0.42627633495611444,0.1714713499155483,1.4515039660966833,-0.9083007697148675,-0.06190257119189568,-0.6073570411291872,0.589485433319594,-0.47056210195627285,0.04309447021929523,0.08753019029008856,-0.0034705511531607433,-0.073308958618925,-0.09534794446605585,0.0
0.801966677666881,1.5845363353591118,0.31654926358591734,0.32117604113004355,1.3607057383500543,-1.0186205313563266,-0.06430660965777832,-0.5695878327638102,0.5145845111615628,-0.38666734412686427,0.008585044146593217,-0.006666311278824326,0.055875147977427785,-0.15251866649315443,0.1337852592102523,0.0
0.7963443371175634,1.7057276142197741,0.30883085044354397,0.35256754044904537,1.4075556367046218,-0.9092297168149507,0.035720816399828506,-0.6817399163758386,0.5832584363842793,-0.3470988190061906,-0.05403947183893936,0.013032312729136644,-0.08623316643429388,-0.15036978604606624,0.1353927879823191,0.0
0.8199740001606511,1.7360626663304648,0.45218006722973203,0.2337257946766999,1.427780997028321,-0.9076388076943324,-0.06559384023262815,-0.6787742146249245,0.5877136452378308,-0.29606261985960763,-0.15179230774494895,0.1789528566928419,-0.21943396739151716,-0.03490360781395542,0.23227909488164505,0.0
0.7422867868651251,1.6880472495248164,0.3431555101039044,0.2735389580246617,1.4455278059581256,-0.8955895626605104,-0.006347111471255742,-0.6728848304610233,0.5413449415486692,-0.3698189249272955,-0.29112524271346346,-0.016859691040118446,-0.27414317453347214,-0.13285525465360642,0.15975337892160033,0.0
0.8005305850476699,1.6585582781455999,0.3666409526784396,0.30109853724944347,1.418769127717095,-0.8946532812097375,-0.12344639188700184,-0.6578958751644034,0.5076311675901577,-0.4309575338717453,-0.25002005768149826,-0.02790724567710373,-0.1091551538560198,-0.039482447176549695,0.06659688944857214,0.0
0.808124650655238,1.736129628378575,0.30249507245802865,0.3851423011811359,1.356591238940577,-0.9811604112668243,0.04691089776541184,-0.6233619056724384,0.5724796552111132,-0.386194221499396,-0.21314071422912148,-0.04354070809427349,-0.25984958411011416,-0.06132725847326258,-0.045027711170446044,0.0
0.753380741586932,1.708420734205905,0.3951605519190598,0.3286701690340371,1.3583105208702464,-0.8860572901958517,0.05579044087215469,-0.6733547247504941,0.5374870956990766,-0.531916416015849,-0.027625084324320037,0.1701413908869281,-0.07601980454890406,-0.0037755497441473787,0.02038937963549308,0.0
0.8987995900302288,1.6852478860971902,0.4440117069386116,0.28360932106818976,1.4557080778399063,-0.9403644896206704,0.07706575873881102,-0.7416507883223136,0.5401366530823752,-0.46418855814191073,0.13827920340209796,0.3258011488056667,0.01641153551839289,0.03023504432048905,-0.03110579979897269,0.0
0.8410471519573496,1.6815457862278052,0.34348931914071357,0.33841377044467336,1.4177216648398347,-0.9309607664789831,0.13429295630575236,-0.5696656208291889,0.5295176254277648,-0.43690427954125804,0.08651841397967588,0.3469993630519945,0.1819647431724454,-0.05605277298342429,-0.14463527314436406,0.0
0.9077359605014267,1.7238121206249937,0.4144064322080239,0.35066116647657986,1.4572830698148231,-0.9501275010880369,0.03423605241559365,-0.7519450893049423,0.37166340383166796,-0.511781549407537,-0.0021147292401670556,0.15593675730070583,0.16885811920227328,-0.04147543790390013,-0.1129422489097977,0.0
0.7687486687243296,1.7144596258041722,0.35963290251153474,0.3431649927026904,1.473877592136282,-0.9746167754030857,0.06989220399967574,-0.710996326066039,0.5114268458124109,-0.5125878999914482,-0.00027274536318301797,-0.05559121533798306,-0.04317533698346261,-0.050423922510922856,-0.15694323917899305,0.0
0.7937245641476262,1.7613770527539698,0.25964397012594786,0.2728358196041673,1.410958470498505,-1.003172834885076,0.09513604343670055,-0.6930223303665201,0.4604055546603755,-0.5642330328001524,0.09023256200067699,-0.041427887500009135,-0.12491823696960624,0.06264717387805363,-0.08311765988362006,0.0
0.7857500448624514,1.6784657149958613,0.3201767230826348,0.34930072573475246,1.4270824174007175,-1.0075616575727946,0.12717747980317098,-0.764407368435586,0.42390299983916563,-0.45099453133238643,0.031672153770944574,0.2314779713071079,0.05659347546420618,0.05222372686562819,-0.06131936722671678,0.0
0.8206331185094937,1.6598649820710552,0.36853500777817244,0.2906397558318832,1.370263226881776,-0.9114514161530552,0.09815606567566863,-0.7136663990086605,0.4897431659454529,-0.5139154986828633,0.005338678780395909,0.24234275268619826,0.08356418073158181,-0.0035817978451466587,-0.04747859562572393,0.0
0.7826070287310539,1.669618520328799,0.4516006619851668,0.26006301411431276,1.4214822011828385,-1.0494090094419959,0.10450132472353114,-0.7535918781411426,0.5157259513181265,-0.5151543076595265,0.016784470812888485,0.11862442819835683,-0.0955669598286886,0.021502776748494296,-0.07009611801552576,0.0
0.7810617076216334,1.7300949717096352,0.35142833267488366,0.24570379734459333,1.3661255768144516,-0.9379300359027167,0.23402659013063967,-0.7053041296084833,0.521806390453946,-0.5591647422840728,0.16442150324038063,0.2817584158988176,-0.18604064678914117,0.028436720150277116,0.0726262991835982,0.0
0.7371817799100727,1.7025986279796657,0.3484331705271831,0.41724410146027535,1.4479713055901087,-1.012893556443584,0.19796000722184404,-0.8577405079015903,0.3970006144689522,-0.6020038068180776,-0.023225752873704278,0.15382941574311926,-0.23093128309358069,-0.12210054501723495,0.15009707944580886,0.0
0.816534472020579,1.6556995094432492,0.31970570772160234,0.2652007495836541,1.4912000119225821,-1.0018204603055287,0.28015346765310456,-0.7481193229169896,0.4783395388170029,-0.5461806364682188,0.04996012075841286,-0.05999456225692909,0.05103260614632074,-0.27236779951961254,0.2624389083273748,0.0
0.6736490745659183,1.7186323146085623,0.43898657247351114,0.3466775949363047,1.443929420462324,-0.9617628730059303,0.28553867289965024,-0.7688299177474847,0.42426022832645044,-0.5498595683443872,0.03048335195594551,-0.0910708851049832,-0.11132082540586712,-0.2744798192031951,0.06833126193929853,0.0
0.7247631755967735,1.737480007072104,0.36916670086538167,0.4003664877924178,1.4322421378656518,-0.9440770472400871,0.2430937633112772,-0.74083120915626,0.504176780861883,-0.5482443610306904,-0.12750380918796003,-0.21758342174162598,0.0318562421648666,0.04291085611600151,0.1862089358706689,0.0
0.7464106165508475,1.783660526382988,0.42289090138794627,0.2893705760614991,1.2880927946841139,-0.9843285919438299,0.2911056067801141,-0.8033236072999602,0.48628115615520157,-0.6062296132136922,0.016016142802792913,-0.20056828629571977,0.03374502458377018,-0.09046246986550799,0.14352687649836585,0.0
0.7350487553298798,1.7431833657983846,0.3078847556187135,0.2786952388922949,1.4584207946399212,-0.9844345195272287,0.2927318970365883,-0.8494451503347543,0.3795190224340747,-0.6577586078622885,0.023448819572751543,-0.1894360905491121,0.00462578753554407,-0.08783440082327543,0.017201460322998866,0.0
0.9031075476621534,1.6915617965321423,0.36637581584325457,0.2936608391460096,1.4562113500948155,-1.0162871740863977,0.2651085494870675,-0.8715225566234148,0.4238106481222909,-0.5535941169028085,0.019729155329471976,-0.17399620749969474,-0.014040584567412818,0.015335692681759105,0.027163069475745247,0.0
0.7780709158298792,1.7306178717876737,0.4026206393719305,0.2626560074505242,1.3868246199349228,-0.9340289398199327,0.2968769869034402,-0.8079730822219465,0.3525927781912994,-0.6246144820534051,-0.10815090417064097,-0.04662114217143734,-0.200805654259262,0.09388305477006767,0.10433301909856084,0.0
0.7929768560100169,1.7638926794481344,0.3380155531364747,0.26137061861011524,1.4183010455833325,-0.9932271631417509,0.3726032191385606,-0.7707406509898354,0.3307268072791756,-0.6215102486948546,-0.18780609961288758,-0.08766245466508707,-0.21739970681167953,0.0904024010277687,-0.08004784025674597,0.0
0.8227472266958757,1.685144677028921,0.3700947206080119,0.2444754539614633,1.4806063097897013,-1.0146017850431488,0.36727898203996245,-0.8926275518637392,0.4020194039987023,-0.6823158458955211,-0.250062986380288,0.17276652720928912,-0.11576849635917676,0.17085322243571285,-0.2547171699744258,0.0
0.8665120839151572,1.6903744422256053,0.4253077931058857,0.34058361376449053,1.4501856551452788,-1.0810177909787853,0.3127738649209113,-0.7667301715930217,0.3310604600995102,-0.6282948810096216,-0.12952671393497311,0.22919906454881514,-0.17458385530649934,0.1217545024427059,-0.13860039497456192,0.0
0.8124484734028036,1.753783400428155,0.42738548711979163,0.35000875416275967,1.5115049948378936,-0.9038473808776376,0.34582490422627576,-0.8260732734535149,0.338951075041016,-0.691212074839796,0.03043556443402594,0.17763207073396356,-0.12299224998085864,-0.11207873951253013,-0.02706873390539484,0.0
0.7772626010321021,1.7738602351906407,0.4144908411020735,0.2834399906988242,1.2960046398466945,-0.997411765298752,0.44496474637045347,-0.8348486890315439,0.20395797356206033,-0.7133470934485601,0.06223609648630481,0.19695397873849257,-0.18245849938214528,-0.18452469344278843,-0.1614457816390017,0.0
0.8940396087728787,1.7295005615423815,0.3809736383127012,0.43919443839822,1.4220419143218384,-1.0802374384768363,0.47569941722198494,-0.7972318120464582,0.395665231025767,-0.6588907270439242,0.08646567351671203,0.13642557536908811,-0.09412435900867856,-0.09034045301722265,-0.003906346949820172,0.0
0.8717122517462702,1.7323811005390277,0.33578137638027905,0.2709746649251819,1.4123605381530815,-0.98610314488956,0.4495979908935282,-0.794265648299675,0.33120746901833414,-0.6640515990232011,-0.18642336419040992,0.0009689575960059038,-0.16181233527404187,-0.1409295515579007,-0.11074721311193855,0.0
0.9445031261388477,1.7433319880083418,0.4094306172677678,0.3474581001214907,1.4555569442025893,-0.9528191209441627,0.6175160637590538,-0.81960268672408,0.31107238215154176,-0.7685886865783716,-0.16176697575090696,0.12910918378371786,-0.06767998340147083,-0.1377652224074567,-0.041644982467932606,0.0
0.9082084163262881,1.7626359750411653,0.400455132983485,0.28131673305912747,1.5070240577768124,-1.021025406495205,0.4679979646577074,-0.8351341294787963,0.3201238291520917,-0.684168480556657,-0.23226918055194867,0.12653856798207913,0.17209596552096348,-0.33432034308627023,-0.074191119911753,0.0
0.8949141624473425,1.8537337324319887,0.4291718238829835,0.35931199288507,1.3970233565532166,-1.0353506115038755,0.4451271195114682,-0.8791916999885413,0.37993758687289386,-0.7123600013594057,-0.27722953929749905,-0.039858397512373564,0.1949984209237754,-0.200065384603456,-0.1430482657410259,0.0
0.8502647197624924,1.6968804080679651,0.44909824103496854,0.4073556816404187,1.4579466565623551,-1.0032245688615031,0.5662932716252222,-0.7607056182204339,0.2845503566823565,-0.8292832356005664,-0.19991780081962912,0.03631519604241244,-0.04887650493676288,-0.10886046254617149,-0.16052774976533224,0.0
0.8544067394244219,1.7859372538206943,0.44980598268968913,0.3411256397862706,1.4314223374162272,-1.0206127694876654,0.5232685783915585,-0.9167975533874467,0.23357494838668663,-0.7059502589390126,-0.12273139750207801,0.03800621696779474,0.03353005623136872,-0.06407044604510953,-0.22639762429211333,0.0
0.8348987163945482,1.7949060637484817,0.4599872349241357,0.37210915732632155,1.4758992195158738,-1.0163583278098727,0.5442384726010681,-0.9608229939823278,0.23315443419509757,-0.657839551221999,0.003061455701015167,-0.2809214486005621,0.005771104719372897,0.07658532552778324,-0.18428838630945882,0.0
0.8250179525093466,1.858566388102101,0.3945516327458448,0.3561910637921748,1.50294919147651,-1.0462414742752923,0.5430159916543066,-0.9525417547639102,0.27810468478407974,-0.6259164842583544,-0.03900317224742779,-0.2904870103633211,0.11008594553224323,0.16494595295839473,-0.33123758212794097,0.0
0.8476216304068045,1.7802591920090463,0.5065474379439702,0.31779642917365725,1.4255203231864817,-1.0382007686275443,0.5691239615733521,-0.9041453301629926,0.20429050282825573,-0.8073337358737648,-0.09652916748563484,-0.23920542735235079,0.0704461642842472,0.1659475683210753,-0.23295829414377522,0.0
0.8647874287619914,1.877889708026785,0.41133768069838694,0.30619018300790174,1.4629060908793212,-1.0902732350338586,0.518784405969006,-0.943881150170455,0.30076292051841674,-0.8353269690778163,-0.053698917574009235,-0.12468347698413755,0.1500392352830349,0.28388705141048043,0.021808376825294212,0.0
0.8170730297983778,1.7071324287566596,0.4162900180034284,0.31907998586738195,1.4030048913142679,-1.0119771947456853,0.5019402352577372,-0.9231412951208711,0.26453256414365933,-0.7915553098480803,-0.1361874084274404,-0.09533149870642144,0.22185293975040904,0.10785218029750353,0.009224748452817249,0.0
0.8761258488060026,1.895638550021696,0.3964390630646467,0.31393616572982763,1.4844517520477105,-0.9853278692018194,0.6049449890385012,-0.8455980636620757,0.2956402393977956,-0.7830939208864123,-0.20202028040085915,-0.26213774084611785,0.07982659229614242,0.16531188275136138,-0.04906562262188037,0.0
0.8205846584067339,1.7906097927015476,0.41884089875799807,0.30808713726794146,1.5624821963077018,-0.992975876504035,0.5821261402377235,-0.9835762547450785,0.2458030551216433,-0.7770058755757854,-0.1019503626241065,-0.27409975680817694,0.008804611481662034,0.19684507374413698,-0.05996589598174221,0.0
0.8242835698164591,1.7872810614760668,0.46272712688875917,0.28097618697598087,1.4775561899105238,-0.9381267643532886,0.6213504873877935,-0.8743537379897715,0.14283137810667462,-0.8212311661143287,-0.2997632997253967,-0.19235073918210135,0.15936987173180167,0.1878076878285698,0.08844503331480127,0.0
0.8042541016916575,1.6996753887083835,0.3119964903240845,0.33151951121215417,1.422076431010351,-1.0558502843370714,0.6688688519721243,-0.8954574382805118,0.20020768522819665,-0.838272439506516,-0.06823831079075887,-0.19617259583087449,0.19713151942424434,-0.06259042332018648,0.0034736028445557926,0.0
0.8452389888966155,1.70502713369701,0.2807269241766591,0.32006329879017126,1.495053556481947,-1.0692558737868703,0.6520378454249521,-0.9030826154462195,0.18182993491066976,-0.782690024248169,0.048180817892635106,-0.2877330031058889,0.08484630711714711,-0.08032258536189033,0.286702538130931,0.0
0.8449194325559097,1.772821295782243,0.4673957297527098,0.3398463880110526,1.506226515037013,-1.0144469325004501,0.7547794299802628,-0.9295714288583525,0.2535743196239893,-0.7201508336588439,-0.2574937989618136,-0.19290071502340314,0.025297726092401766,-0.07522368137115754,0.20686139477735838,0.0
0.9333718864208886,1.8016789437022684,0.46311232896203824,0.39196290568700004,1.4988045475388223,-0.9889346269218323,0.6750729627267399,-0.9545878696157176,0.1701452063087767,-0.8595311755528441,-0.21449822292100987,-0.04699006840207215,0.004537331957821295,0.09032675266323847,0.22024619779618515,0.0
0.8770099935535552,1.7507067124214022,0.44813032521890156,0.41115251837796424,1.4929853417179326,-1.020463890042523,0.7117683391987629,-1.0140315449995114,0.1852319044718172,-0.8078025478729368,-0.1406675413066782,-0.049179208380146125,-0.03416942186133886,0.07609477591722828,0.06324399175696122,0.0
0.7733037092451502,1.8899520962125897,0.5132480278005738,0.40492282212836533,1.544505636877022,-0.901219989723317,0.6944449303249354,-0.9694881585988353,0.16326680583687347,-0.8910981725337428,-0.058639937293144526,-0.05227202988905531,0.028541566254231956,0.1292280688840542,0.017240307295730364,0.0
0.9373187018039907,1.8062134858281815,0.40560917789997003,0.3082732281812956,1.4849514028378796,-0.8957816318828034,0.7806432565908938,-0.9016320887744506,0.1170967840651144,-0.8569490895205322,-0.029509443699622138,-0.05317374987095555,0.019913384764047755,-0.004979076994963888,-0.06496136881423681,0.0
0.9413424622900535,1.7488584581699638,0.4202201901183773,0.40211166976522494,1.5459882804567688,-0.9589634676682927,0.7554785884787041,-0.987498220362422,0.03747916352204311,-0.8608379780513687,-0.007866580072888435,-0.15110573841720432,0.056287809477100666,0.12645794189161827,-0.04238944640620588,0.0
0.9289284101423587,1.8848471736406098,0.3625338745851497,0.3167476325410856,1.5437403281857252,-0.9247378771493486,0.8115831401722734,-0.952056073822542,0.09597790206370205,-0.8433567723320454,0.08339169655480076,-0.1617824978501353,0.28228554414503826,0.038197499122391086,0.04694509393305059,0.0
0.9168959141206726,1.8201587075088177,0.4629293899264971,0.37595824439585085,1.4367919623001304,-0.9841975901222356,0.7823871927927722,-1.0388876840766188,0.13434747639971492,-0.876476299436818,0.04273802828458309,-0.12175934806586633,0.3145817655113576,0.18404688534764557,-0.019058527987296632,0.0
0.8764896946745129,1.8500311218687244,0.4448008197121686,0.36881183539751256,1.4823924757482294,-1.0307703435226003,0.8233832349873691,-0.9437938972983888,0.13185853754909665,-0.8812621805953669,0.16313837957977334,-0.10997148565624332,0.19913226998428424,0.09849181951265815,0.0009054953517564045,0.0
0.8574932786615398,1.8167430075337236,0.37413917588463386,0.3823329564729853,1.4044208659729285,-0.9729472574428679,0.7220788467073787,-0.9896475285203559,0.06603659994719555,-0.9178828222303844,0.05997182424217623,0.0742974295366579,0.09965009753481684,0.02101738662741036,0.01475588234660673,0.0
0.8724153097037523,1.7704161197150605,0.37971532364038957,0.3174722645621948,1.5151227346918401,-0.9940171426299703,0.795888642816264,-0.976825527913016,0.09799234236692198,-0.9767730759877231,-0.03198070394855403,0.05401132932591631,0.30015341798770573,0.1874857510356707,-0.04019800052629108,0.0
0.9644163052370802,1.841600401100622,0.4430160442502571,0.30965401562695855,1.4862332701624088,-0.9533915772184084,0.8184751301291863,-0.880459990708573,0.07418295200216157,-0.7939916320204696,-0.05602766381726832,0.08543779455416078,0.1527556250280298,0.06496479805659994,0.15434053145800833,0.0
0.9690787906960618,1.903010652621353,0.3738693643948917,0.21643255206741324,1.5629639176595704,-0.9949391743312928,0.8154642278265724,-0.9199779037821864,0.11021128746843654,-0.8851454221709818,-0.15101233853967438,0.04884741085522029,0.15028706443142487,-0.035130351299883414,0.13204856794756614,0.0
0.8830843692352232,1.8518235338349736,0.4355750843906414,0.3877778609433475,1.4884768064098082,-0.9565380190278454,0.7716158635070275,-0.9023503594145166,0.056866367405345945,-0.8399125517981332,-0.06733913148565829,0.07456574710276846,0.13886152566924662,-0.057928608992950895,0.14790534187782517,0.0
0.8711360996300831,1.8799797131833933,0.4308026278174891,0.36349412078236937,1.5073410201374309,-1.0159786904638053,0.8012921665383851,-1.0624437893052796,0.07397856441300951,-0.8518424643124127,-0.015313263289229412,0.10958122241810792,0.1640008160736799,0.11180691629357192,0.1254960982369051,0.0
0.9549495963098205,1.904518861370192,0.49221915408066735,0.2935543882828082,1.5319213531908724,-0.9990759774135091,0.7837986211038906,-0.9131082642584277,0.05703695847704987,-0.9846933983930269,0.004126765236355665,0.06582871750606775,0.08171562141657548,0.11295928486037908,0.1780748036279519,0.0
0.9231882132780557,1.8166430946976613,0.45155754980498897,0.3841207496100909,1.6088517674009348,-0.9289869715253548,0.8315446074985803,-0.9814061658571621,-0.018490989543955578,-0.8932807093996195,-0.11661761010261627,-0.12921037805441693,0.10333088134059705,0.29120601999361684,0.10029575866096609,0.0
0.9684457621335243,1.8052970681073413,0.4949652574245651,0.44486929742800685,1.5549237007858474,-0.895921366377903,0.9948047361000362,-1.0279930263190564,-0.044692453624943396,-0.9175181587334015,-0.04556966745786448,-0.11516253986864625,-0.06949480413774554,0.2717392724703623,0.1146473854230585,0.0
0.9005162318898107,1.7554516891431053,0.3842494722747988,0.35990443421046175,1.607884680577847,-1.0107616793680667,1.0124558596691524,-1.0068667515362264,-0.07857418063260799,-0.9513234317511449,-0.04977822706889588,-0.0270454796670175,0.1167590417985743,0.15148222390050103,-0.11947235770717839,0.0
0.9273158476218869,1.8066269045512404,0.45658385326098677,0.34953626791345427,1.613333572142374,-1.0205107522017705,0.9312378432598938,-1.0233659667139365,0.07255303558528961,-0.8661054176634537,0.12554997041304794,-0.09535100870618715,0.12965207056383252,0.24237516663317749,-0.11986293655680286,0.0
0.9514879940184757,1.8503807882583383,0.3508413682051058,0.28920156130416746,1.5732980277848678,-0.9579253690215178,0.9050431287196382,-0.9513117262452233,-0.025555394186633176,-0.9758718225664351,0.06872241474835669,-0.03944225104829077,0.088117662963987,0.1323493030934303,0.03210076595831776,0.0
0.8999646053153494,1.782622503681877,0.5158498817134907,0.4234739753673889,1.5507195186748688,-1.0306344982801197,0.8670663585518622,-0.9907688393318633,-0.04359579191772776,-0.9736896825798924,0.06665130435084604,0.07583414222421199,0.011165902815952436,0.15303866570460278,0.2086163832592619,0.0
0.9488193366441233,1.8997011170141382,0.40827927219359733,0.3698295682443613,1.5248832903715812,-0.9344386342509362,0.8662937886014018,-0.9975883987044276,-0.0025854489764539287,-0.9035733113426274,0.16376845710153665,0.007541467724163239,-0.09218287362167263,0.12157977354424643,0.20791330735924846,0.0
0.9742414030609341,1.770940419790956,0.37797388394029624,0.3338686310573062,1.5334802782876964,-1.0093801499433224,0.921171499070964,-1.0824139928899017,0.10161494083394389,-0.8586653299793948,0.07954182140622017,0.03952897630468938,-0.12081055389070494,0.0605794986949212,0.2981520708474126,0.0
0.7947630599785719,1.8253539394204097,0.403752364414047,0.31355334310931743,1.5186374074299034,-1.0131987728611485,0.9823199917401829,-0.9520580856556943,-0.12772027768438537,-0.901134465371316,0.15938694131434436,-0.012610302477309286,-0.1862315074889685,0.22085245958607877,0.12497546421928318,0.0
0.9103964565695819,1.8612944140625942,0.4863348968003034,0.2807238661068407,1.4786707971112842,-1.0090128781880507,0.8536053537106706,-0.9565768000270166,-0.12815238982736957,-0.9755120613458764,0.09718987541303013,0.12465510814783423,-0.051342276854834876,0.18796826498140357,0.10738823920641534,0.0
0.9433500712047047,1.925895184921173,0.3998323498430764,0.41160538405066005,1.5052985335196836,-0.9842942696447723,0.8775926818612604,-1.0995929133389795,-0.12882076107788848,-0.9882528718710034,0.03325810866307708,0.1014177710284629,-0.02131848927867796,0.10834945579127173,0.23185565592102841,0.0
0.9185785410956347,1.8367844783702583,0.31602130451912014,0.3062146174595521,1.5044317106657423,-0.9022026234509369,0.955672644654402,-0.955673036198855,-0.024415184937699674,-0.9674175699917383,0.07936667452723768,0.13654689674191883,-0.01577613099468518,0.018505985954796925,0.13641768401824295,0.0
0.8484108179727413,1.8618259704844387,0.3997235249509849,0.3548964543620423,1.5722960948625986,-1.0097919494807903,0.9668839492520331,-0.9778282568144031,-0.10922276644778085,-0.9764340405228921,0.21688113941780995,0.14461242206916042,-0.0712619361185711,0.005246950181515466,0.1814123420436148,0.0
0.9307257374486867,1.9296290664794793,0.4331317341265004,0.5076799015898081,1.587460965454877,-0.9476523968556996,0.8702015844996612,-1.0530225566197402,-0.03198139811288597,-0.9515540583152698,-0.12904651405339765,-0.09551634761898073,-0.11366295432052774,0.02026907511322595,0.13453546923798468,0.0
0.9855201651608652,1.9002859421274425,0.4639382532029626,0.28569690103966017,1.51338825875398,-0.9714403224545655,0.9325250277016931,-0.947088940060793,-0.1491198372334174,-0.9383062559197152,-0.13008217747361972,-0.12064573582367973,-0.06156847414485967,0.10191976721722006,0.09536495032030796,0.0
0.9475934563383682,1.8334471482782044,0.44380333156615215,0.3585652614258011,1.5673708535146926,-0.9143401331931358,0.9751606583961996,-1.0303247492007126,-0.09715622218401974,-1.001117816446265,-0.026342505287821685,-0.33304303525912105,0.05207407866844109,0.0463291679806567,0.18616953163382421,0.0
0.9248480294469423,1.8585955042867037,0.517115120811712,0.3500673616420377,1.593995799721614,-0.9166544768487327,0.962291935540252,-0.9385624644139806,-0.18992110824938296,-0.9224147577659673,-0.002869619494722895,-0.2055598516414492,0.13705873388131232,0.0684566087420382,0.19348078840925118,0.0
1.062534590219686,1.866201144217691,0.3890869212343665,0.41930792017931007,1.477376459190329,-0.9154300490747234,0.9094796285627547,-1.043294169470613,-0.09018125772442946,-1.0201413039166318,0.08070234268063521,-0.04057988807666321,-0.024348122759992277,-0.048430021168825055,0.13896090751239693,0.0
0.8828816345983534,1.9189933955064076,0.49317086222607054,0.32885362253539535,1.466843185755288,-0.9674641660341521,0.9282510018299488,-0.9912110409682348,-0.1801467363335202,-0.9068724453301498,0.19857801515388368,0.18794477121794992,0.020202730453538452,0.010164869882211842,0.15036617986198683,0.0
0.8729488034237097,1.952553624758072,0.5275492026360881,0.3450084207761824,1.5614489250841352,-0.9552421019040013,0.8043989759845688,-0.9345399907153027,-0.14891563247165876,-0.8178499990190115,0.0031984551075082135,0.010387980285252466,-0.010681614538776436,-0.14716006663479514,0.014254176600192153,0.0
1.026723396037958,1.8654362725640816,0.45388777969107735,0.3498092914439032,1.5848496196215378,-0.9519351253602197,0.9934034458809432,-0.9406275447752304,-0.26465382004965254,-0.9544063277041764,0.03872912467551243,-0.06877604347776456,-0.04705502565144301,-0.04076823822642954,-0.08945367003828245,0.0
1.0125837925436896,1.9495758834831116,0.3765531368106124,0.40861491458192595,1.5010285338829787,-0.9483464573515064,0.9930292722314938,-0.9156787222745615,-0.17578212296920478,-0.9958312703128381,-0.12458497545827318,-0.07202829734668553,0.001940834059640295,0.0766984610748065,0.10336020993269487,0.0
0.9768752171270382,1.875257286955151,0.500844801907006,0.3413025056432258,1.501530069314857,-0.9681705231622274,0.9900980316458351,-0.9709185805536805,-0.10418551061927916,-1.0168898218631137,0.05338132765488733,-0.0825831108322046,-0.1972328202698976,0.12129274467787494,0.16020523043358986,0.0
0.9130910729576549,1.8840580395882935,0.5107329686618293,0.4231700925493496,1.4780809608612877,-0.8724945688883955,1.011023536147848,-0.9686368449682506,-0.2022850959333451,-0.9901313469932782,-0.09367197824589465,-0.12578998613481884,-0.19942008985437526,0.19783103392573773,0.31818732611109996,0.0
0.9573958822123696,1.841115947228027,0.434954998234176,0.36237593670217394,1.562205721986202,-0.8934139765830839,0.9330280733933021,-0.9904320558364631,-0.29071689803636813,-0.9090326326411736,0.0650903711424311,-0.1580012307097868,-0.022760370988075568,0.05170261836310122,0.09990298357936359,0.0
0.8766582344327896,1.8959467207788296,0.5066244525023532,0.2923030928993251,1.5531938958962828,-0.9666916214583654,1.010076096369709,-1.0406648333974453,-0.25068421366239696,-1.0103332873329922,0.10905143141292489,0.010640864372040482,-0.10496029887391073,0.020857368083125036,0.1492845963853101,0.0
0.9443492624828917,1.8944379107123095,0.42289446037191586,0.32944006345545057,1.584337607824485,-0.8628349738007984,0.8995531373522372,-1.0052048883419118,-0.2699584403914812,-0.916827548736549,0.07921144963482657,-0.05456140158469392,0.08464792564698082,-0.0573099853243798,0.045289049929151906,0.0
0.8923750626591364,1.9980278264237272,0.45853464204619254,0.4773044432269935,1.570698979156311,-0.9272604190184313,1.0346214353011485,-0.9716695839716595,-0.20046530756632422,-0.9857334461362925,0.027442226751038037,0.028051286810768516,-0.08511944668642815,-0.048172835649111685,-0.12296528013793895,0.0
0.9073398175474077,1.9496802709072976,0.47325088091659506,0.3388735459403075,1.6424759833918587,-0.959997909627072,1.0563824389674483,-0.994282950800064,-0.18714997330938032,-0.9024615402459105,0.11594909860504142,-0.22520616235452623,-0.08378738244687503,0.048461010763139245,-0.10904185649404065,0.0
0.9912022759958393,1.9345844799945426,0.45133864028359133,0.45369006751711755,1.5864485591066375,-0.9445001619934528,0.9819478514925543,-0.896406130208611,-0.28166206931180243,-1.053573363386983,0.039014064934584695,-0.06676749282455835,-0.051787145984311,-0.12051130013655136,0.07648796381666846,0.0
0.9032482263114098,1.9033913198611132,0.43343094593702525,0.3676158493877952,1.516955703269365,-0.8642054951668922,1.027206678174601,-0.9578699490635924,-0.29973432581347514,-0.909460795274944,0.05240284031869,-0.2046410510513445,-0.08661873114377867,0.041412604434761524,-0.04115532720544171,0.0
1.0209740615838674,1.9254685002784875,0.5001452325789968,0.4112499820484048,1.5382911713690577,-0.8553976304485357,0.9500716020761715,-0.9235611247749893,-0.23416214365149063,-1.0134583463708615,0.12867242070169058,-0.10210633641532213,-0.0625036039095958,0.10292910570116647,-0.041350147068491605,0.0
0.9325673505119638,1.8904531567768352,0.37140540794775456,0.2511759799593851,1.599117673994224,-0.8529000388066982,0.9923464162796117,-0.8386762272888544,-0.3372536204604288,-1.0042589700735747,0.10599528258006297,0.06184984809487329,-0.151408129916913,0.09291497174380874,-0.0776586805918882,0.0
0.9712127798319432,2.0296928618804153,0.5296994431410591,0.3582721154937248,1.5683544325406615,-0.8914998099943381,0.9224994464626255,-0.993380666943794,-0.22107247318987427,-1.0498850021855939,0.2081311047940111,0.0741001331239022,-0.07329411824627141,0.021158754155872206,-0.14561904021964445,0.0
0.9386179441274062,2.0122935734585683,0.4773562834351927,0.31757865274702,1.606731679519783,-0.8534938680876736,0.8788466078642743,-0.9261715748644832,-0.3647929732229162,-1.020494615485897,0.037867806300403276,0.1684080519555852,-0.046280471405286405,-0.12225994218943784,-0.16927084520993618,0.0
0.8956773893157512,1.9259140970422752,0.5099181064715502,0.42271267074780294,1.587357021546444,-0.8400309312808787,1.0460476203026121,-0.9189880274418898,-0.2774232590293293,-1.0376533943450634,0.04140251396467181,0.07635722291658457,-0.0034125219150544436,-0.007177135400021795,0.05173766677454571,0.0
0.9412555841162187,1.9162513397134127,0.4201215612706847,0.3401842204971983,1.703378099175117,-0.8543786886908665,0.9911001521013769,-0.9292344262862051,-0.46074377358478324,-0.9397646665629662,-0.10960036461819292,0.10749682876355413,0.05643947813501419,-0.05413627886593994,0.14633243629698628,0.0
0.9370324624836256,1.9278791925859424,0.4110830788258343,0.3231049453555836,1.6066934811349194,-0.8669599428811525,1.0163741462140834,-0.8614518831167676,-0.3312267928269982,-0.9594712718309908,-0.21245929544504094,0.3043679817122962,-0.1441463832937918,0.07809622053139549,0.19618875230934651,0.0
1.008101256641692,1.88857814230879,0.3747943233387037,0.4117123673173806,1.6149272408736564,-0.891239931822623,0.9745614330318274,-0.9184605020959711,-0.2555332716493928,-1.0590124853545484,-0.17188623941136924,0.05588970145414149,-0.143720343037026,0.1229014768560489,0.19115526999704435,0.0
0.9869272019154928,1.9633632678618562,0.37886212135178027,0.318086159317669,1.7434752693097895,-0.9098266070593037,0.9397724927956926,-0.9234938714679615,-0.40354407099676776,-1.008075476692492,-0.08879861628708964,-0.024576542486514592,0.01681979819616268,-0.04001723960875048,0.010203533471470821,0.0
0.9737639993767886,1.919795533139125,0.49775491391885623,0.3331110351594541,1.6869990315578836,-0.8904854299673426,1.018632244764458,-0.9618196761458953,-0.33984685842361056,-0.9289644103400386,-0.010277854032975382,0.028439368802537852,-0.03581405695607144,-0.17103860126738069,-0.01930695939354557,0.0
0.9501189485799238,1.9864783150937475,0.5387413629325987,0.28196807175406047,1.5064483482201876,-0.9145110474140042,1.043798908737419,-0.8985625009812611,-0.30376722375140264,-1.0084756901442709,-0.031405081345809986,0.10496110318206,-0.009863244002898187,0.012529666281291388,0.08429119066938262,0.0
0.9617965251511913,1.8588635272558198,0.478614453832906,0.40338962533157285,1.580685535021214,-0.878941214474402,0.9966920846457459,-0.9170136693184199,-0.3709205994319309,-0.9593779834564323,0.037513747899714914,0.04466101925689668,-0.04200117233685572,0.09944593718745137,0.02227924137833278,0.0
0.9337268961108647,2.0293396802562853,0.5158472680465265,0.39345292965360795,1.6515224386475236,-0.7963576973677492,1.0342991838544677,-0.9695277826078142,-0.4015975884976025,-0.9537282571213037,-0.011304383086839793,0.08897365101263048,-0.13613854478169213,0.0927635705817726,0.07065811861033476,0.0
0.9976900241346007,1.9501415414032668,0.5285819983230425,0.3653503121139291,1.563514272385238,-0.7315237891663326,0.8825002614860216,-0.9312646959160105,-0.40516750884126274,-1.0076043157656556,-0.08508715018447235,0.10012345042307899,-0.12182762656829528,0.07616322996186382,-0.004611725936478753,0.0
0.8954901563048328,1.9553066108127224,0.5406671303696295,0.40445577317617903,1.6771265051409563,-0.8860294512147111,0.940979460971223,-0.8282462946546355,-0.427198901759055,-1.0005245552277326,-0.030655296305837486,0.09033515009872012,-0.05187551014299084,0.07881571830478008,0.05414840835525077,0.0
0.9600793771662691,1.920185139362627,0.47553501119454544,0.36893965497462866,1.6196354963281967,-0.828681734643318,0.9465999546485183,-0.9241994043054473,-0.3585816719188302,-1.0386168969875154,0.04475657433465786,0.09285008208390247,0.041321310361100524,-0.02589431348593818,-0.004262183950859311,0.0
1.003653362082896,1.857801278206331,0.4607743159476431,0.46528779061224196,1.6010609419165123,-0.8772781532568091,0.9733536057287058,-0.7968880856290981,-0.38681197868112027,-0.9163549468560584,0.11088877488513665,-0.012284217673259143,0.003466154543969216,0.01273316568100628,0.1234388244196332,0.0
0.972372610002107,2.031113333205484,0.51614398424746,0.4162554820921859,1.6600101084008885,-0.8435073038417343,0.984711588676799,-0.8810032506948949,-0.3964718814648385,-1.0226781993839773,0.2915407770784492,0.014421183321108682,0.018720121944608425,-0.02453004682795775,-0.018953361526903453,0.0
1.025111547723272,1.9667847566919694,0.48005159108056206,0.41805981687325144,1.6930873797856485,-0.8204414664508685,0.9050048709947773,-0.9639929670508594,-0.46348399942497254,-1.0355355283627994,0.10490222241928249,0.0029994577458980678,0.20426114306219648,0.09943580572347678,0.06725279744642647,0.0
1.0365752192949054,2.0819663089550704,0.4999169654936831,0.4408362065730294,1.5756691037504487,-0.7929877481681934,0.9491573035308621,-0.8436164594886653,-0.42142572831464226,-0.9645609617398067,0.07210457530569592,-0.08871411872522099,-0.018742686669594055,-0.10411520095933235,0.10264102711108299,0.0
0.9453257267813927,1.9872668096121227,0.40622676301140015,0.3470378765825177,1.6114719905747243,-0.8413306458194079,0.9984381973341668,-0.8867900011457693,-0.37156019253198974,-0.9685264676844626,-0.050919556642053665,0.1127673446392468,-0.015748531890789178,-0.03933230455965968,-0.07560128254814613,0.0
1.0220708980594104,1.9318780921191523,0.4992845711384258,0.4161039391261841,1.583070873385571,-0.8520039563748654,0.9360184446631795,-0.807329980751567,-0.44369373641645166,-1.0471513073290244,0.0852526158744045,0.18666180809454064,-0.006373421687046524,-0.07938049476304322,-0.022272950592014285,0.0
1.0341431070208529,1.9533468519541899,0.44283713251882073,0.4215701526267589,1.5713058486753388,-0.8326349746984089,0.8678165230439107,-0.7120153870869892,-0.4461886467557462,-1.00861758034505,0.19538651050677144,0.1494599973982716,-0.03333964487173903,-0.1848019581204734,0.09342831237353502,0.0
0.9586435853348813,1.9889248909368087,0.47845173731402035,0.4226458132336861,1.5900288772359747,-0.7311009848653129,0.9201369085541665,-0.9313995537054417,-0.430100402083799,-0.9219328032410622,0.07126436401147801,0.13057572103054774,0.09324363923958577,-0.30832651137099143,0.007497205640975911,0.0
0.9667177180497126,2.0148179491058054,0.38567851944086035,0.3928623462946683,1.6720933720746947,-0.7607119170806083,0.8791430493764366,-0.8260385832871079,-0.5405296132704001,-1.0053410845010737,0.1117997085872098,-0.006873906928680465,0.15525623491696716,-0.10172810635004181,0.12158815709791591,0.0
0.9814551873379843,2.00657993909133,0.5071845883252917,0.30118092679012987,1.6662625471994263,-0.772774690627524,0.9033257444828328,-0.8234760271699006,-0.4826577068693882,-0.9491595738953327,0.15507089612002814,-0.0008143952713571007,0.07493688402615706,0.01230884458427317,0.13156550861329,0.0
0.915610693309265,2.044517877842226,0.5187170993275756,0.36377831869674976,1.5817091457347394,-0.8443468016234659,0.8169077855275443,-0.801858956398648,-0.5069344412461176,-0.9426330029286056,0.13752800626112055,0.04810676106052389,0.05038769136907756,0.02021497598289408,0.08247172934745103,0.0
1.0171327539914954,2.009852714012589,0.4756165958330588,0.48430930919058524,1.6069644181275315,-0.7898263081531106,0.88236021177512,-0.8065652660363198,-0.5186114194213548,-1.1154802723864767,0.1404359973277333,0.25883944643464496,-0.06189991003595167,0.024114445441193823,0.17898105676554035,0.0
0.9816225143876514,1.9167394212496587,0.43278974132373216,0.40368498273788334,1.6475368260776264,-0.6566494482260753,0.8291511339728254,-0.7454444411573632,-0.4632209096022509,-1.0141704499752007,0.12011359962263762,0.19830374122221453,-0.24643734483880306,0.17473649440105116,0.2539325137209473,0.0
0.9922799195263742,2.0109183011325547,0.48199932406618534,0.3412149253538556,1.7035759029204005,-0.6997856458880126,0.8158690695149676,-0.8383039602603849,-0.5900062011639273,-1.000249278664411,0.06623572407315609,0.086603255332134,-0.0968661470459275,0.19382494294326436,0.2717280767714279,0.0
0.9960680992248412,1.9362325001957998,0.4759925235517283,0.3795441776470099,1.6330604663093782,-0.7722437299115634,0.8614435006161015,-0.7462889205795615,-0.5414706149639094,-0.9781028987631785,0.08445655100912743,0.0894450546270926,-0.0507239567421722,0.10036966123962122,0.31210775555848724,0.0
0.9779454085687469,2.0107620402367155,0.4395630963678562,0.4291785692460175,1.672599551779896,-0.7516239838263561,0.7771651684358885,-0.7633891103205356,-0.4691589235638356,-0.8934839717266312,-0.11322217657344134,0.04185705402631605,-0.13650270071005216,0.11926100423764263,0.12070513187814925,0.0
1.0634522369222228,2.0415111622666298,0.44907122543686,0.4132917757493084,1.6002818653393378,-0.7642522090438768,0.8131162436958337,-0.8318985690261609,-0.539529000986252,-0.9847594960192152,-0.007297173847362143,0.03880910421147905,-0.03912520009769478,0.029854378293230836,0.07592676591123522,0.0
0.9343881819763309,2.00753515047617,0.43923021317055394,0.323840825478678,1.6770362176044393,-0.7824205638625628,0.740370244965335,-0.6887207713849337,-0.5476055254526632,-0.9170690245331713,-0.12833218125354737,-0.09148616701576501,0.011755637229734803,-0.08655846349146426,-0.0445771161880078,0.0
1.0604959577910271,2.0843105854892885,0.5771360872825971,0.4300209814198498,1.6980466973670354,-0.6801557707070033,0.801336964675365,-0.7120300548696442,-0.48019051079043445,-0.9349376224600591,-0.33722996817513934,-0.13505687791729673,0.09088258018755682,0.026162700755136242,-0.013180214982714485,0.0
0.9743069573528771,2.020893532303739,0.4217471066098149,0.42127208668544397,1.6563687813864005,-0.7086909271758239,0.7090129612952538,-0.6742433390474319,-0.5613933683265401,-0.9983788154716988,-0.2330461715605638,-0.025646724919183864,-0.09670186718322371,-0.08343935192774515,-0.016277302156846286,0.0
0.9341201696529607,2.017392338658722,0.40382762343652384,0.4233407968560963,1.7661652109797534,-0.7002462666884552,0.8019062683404602,-0.7814226006143795,-0.6429372820332885,-0.9719348485315144,-0.2603843188162136,-0.09218544618013483,0.008514398951413774,0.1599308710443579,-0.19555758093885997,0.0
1.0011695897559358,2.0255342125191484,0.4031743591814344,0.3701471567912284,1.675264370961705,-0.7479653620896818,0.767107118073248,-0.7032749266592145,-0.5725062379912415,-0.968566431173865,-0.20869560027288644,-0.2739924241261026,-0.034089169533571564,0.2708641231768144,-0.17614651245312135,0.0
0.9436051325345871,2.1152838370450007,0.5391284340988337,0.42751176712325845,1.6587792690136323,-0.7335245968047607,0.6375726442938416,-0.687041368463365,-0.6862516507513658,-0.8943336602974878,-0.02466853161178993,-0.3097969202020918,-0.02248729784364759,0.24556000394029157,-0.07219624912591996,0.0
0.9741619701304862,2.0217887052765007,0.5223434179661568,0.4451526973244925,1.5580994883628005,-0.7572105114049261,0.7378732780853514,-0.6898135860072075,-0.5995594773036632,-0.9277191488631885,-0.004186494377132675,-0.006412719336346795,-0.006580847714308006,0.03105345191018527,-0.12414556007672686,0.0
1.0819330000911898,1.9874680790165542,0.5867272570057139,0.4381059679110767,1.6657736099981129,-0.7257318143339133,0.6625873823640739,-0.6290275599347273,-0.5383350953330294,-0.935493714720891,0.051816254856744,-0.029509040572127682,0.056029375449766376,-0.10049020596271115,-0.03212763812469444,0.0
1.0775614183472197,2.0403006040089533,0.41727460826395646,0.44122113511958405,1.6404165949488207,-0.7440584395971095,0.7274658625762492,-0.6647692583103806,-0.7788371209439985,-0.8750007368041688,-0.06088127727612607,-0.16413246364789147,0.09706704792703183,-0.03315166873379183,-0.04527758926765538,0.0
1.0045865736986972,2.105125692803444,0.450748987706213,0.47683548425996675,1.5754153641374244,-0.7012464367591204,0.6273566999522244,-0.6475216257170713,-0.6480660094488244,-0.8859114573863073,-0.13278649389842773,-0.08644244308785139,0.18945188412051028,0.0009825726012529477,-0.1823904559793625,0.0
1.1244412392223622,2.037191014561402,0.4763594640105707,0.42101438170387595,1.7028593078476537,-0.6699449028424235,0.5652576524432095,-0.7278173469286,-0.5992150961116725,-0.8370311136393905,0.09966114198824512,0.030232144788589807,-0.12461999612939467,-0.0039355814206462145,-0.05873368384680734,0.0
1.0106338924252638,2.0033238452099704,0.44978339428944986,0.3392307412416744,1.7377237831917023,-0.6214112146036631,0.647250075812701,-0.6698056938250514,-0.5285121017298372,-0.9620427159739529,0.11027709950076268,-0.01685877776509387,0.1216722783695099,0.12646230478683632,-0.1520556568728052,0.0
0.9945860051198735,1.991808347048304,0.4900677291272451,0.4839166637108754,1.653948900514687,-0.6782963164568058,0.7201014802490127,-0.6228271657633521,-0.6349902602925342,-0.9525688063574851,0.3562875018159759,-0.10579204923150849,0.09529296554483029,-0.03175998921307496,-0.06831153540047549,0.0
1.053883544878335,2.040868341979689,0.42557257697060225,0.44550540584645254,1.7396028753234531,-0.6601457961907063,0.5866453971138276,-0.6039031132190353,-0.6244336108108482,-0.9171385665315316,0.23154955829389862,-0.2202345195804884,0.09999808424816906,-0.07576826624745853,-0.05810754530660964,0.0
0.944900435768423,2.0357717575979146,0.5731145333614285,0.4189119778652411,1.6575512153369374,-0.6544416165384636,0.5682269894693227,-0.47281976604132053,-0.6199867115711872,-0.8859618452769372,0.07827836661963437,-0.19072171816695516,0.12140266075474931,0.06210125988261196,-0.023491852788737583,0.0
1.051853075706245,2.0120017912575627,0.4388116506187232,0.33797396563912463,1.588422069913039,-0.5712835818246842,0.6932170081903363,-0.6104486973839862,-0.622695096295154,-0.8523268555542167,0.06498385033959295,-0.17980428728270997,0.12085060601904597,0.23812556414516858,0.002476754494129329,0.0
0.9966836317977831,2.0091387464257946,0.5166957034162589,0.4732917830244883,1.7023923733599653,-0.6181366430206751,0.6207906557783687,-0.515046319301089,-0.6890763606181667,-0.8934680663556949,-0.05470756491859927,-0.07471087749061511,0.03219942343403569,0.1354272939908081,0.03292668160404196,0.0
1.046906213981345,2.079376615386321,0.5442432009218431,0.3896100147893829,1.6863858770873261,-0.6469825686125764,0.5652501984131482,-0.6008025875743823,-0.7487075373861155,-0.865391736157423,-0.0878520528381094,-0.14717958625481126,0.055425610140674625,0.2335730912906886,-0.011610347570725196,0.0
1.0636971460821683,2.1831572538469337,0.5522536677862429,0.5322524538332355,1.6640011310228562,-0.6985126829492491,0.6000749957752759,-0.6133829327727667,-0.5943721505188877,-0.8310933666015331,-0.0870033741371446,-0.318605252385269,0.033831636021212676,0.08483088960199717,0.04093900495597398,0.0
1.09310227584106,2.0935463370643284,0.4962410512225437,0.34298761930318883,1.767661243487911,-0.6509463046367636,0.5478709724175062,-0.5965670086903937,-0.5384770581126566,-0.7751308202369545,-0.19115070075921925,-0.13295203157111743,0.059219962912674236,-0.13205264015435103,0.05255219518349859,0.0
0.9685293524575123,2.0849696181377495,0.5633602455982748,0.45130880442960175,1.6359742169100169,-0.5573463209914505,0.53943382067589,-0.565228602776468,-0.737863229335201,-0.8808195022274379,-0.0636361984663027,-0.016545250341507486,0.01972513350976799,-0.14565499673045895,0.10593907675012801,0.0
0.9796190433090082,1.9431277729566658,0.42895490756341476,0.3592538515978521,1.7821264247542843,-0.7159089156982831,0.48675558311306427,-0.5714421233991028,-0.7078313136031577,-0.8012487141096807,0.003188396333306781,0.032036378801651666,-0.02863678063809829,-0.05260847784306455,0.09140146672646136,0.0
1.0741162382546074,2.115038526927913,0.48152644385595694,0.5027055883000632,1.7829040601932917,-0.5252265160748953,0.5351056228856462,-0.597168903140633,-0.7229935250862494,-0.8463718712737138,0.0022858867560339065,-0.02530150241349618,0.0037305780240131474,0.08703293549476943,0.08975841056549166,0.0
1.0166417489203978,2.125544817979886,0.5386078511894643,0.4901091457615809,1.745343876898885,-0.6082608991185307,0.4775060803264799,-0.5217455365042799,-0.6975181226281576,-0.818173947176266,-0.005877362440036469,0.090085585116647,-0.019250639342562926,0.02079740221774841,-0.012595379179782637,0.0
0.9916584337070201,2.1697915899601066,0.5757836997871428,0.32533837030335794,1.8034470271388796,-0.5877545255116428,0.43716681828707954,-0.49477043086769473,-0.6506584380443146,-0.8101732403227834,0.06519151418655407,0.2354266284703149,-0.016596202931088135,0.06411140981443293,0.007428246614378211,0.0
1.042457746686337,1.9866618201119561,0.5174347487546841,0.3900525156895137,1.768051659448484,-0.5462516514065313,0.4174437161165192,-0.4934682115583422,-0.7434187161303506,-0.8185513957297714,0.0043782214667229605,0.13230293880308389,-0.12184546678718054,0.171620407476773,-0.005494350547455451,0.0
1.0388707181789656,2.1965685479493797,0.47681894800488694,0.3984633888665174,1.7726821342640364,-0.6064484640558343,0.5814050929260499,-0.5113330145240671,-0.7283089094891464,-0.8369857081538918,0.1158857165994867,0.1560272273367701,-0.09947619968022609,0.1976889204335096,0.08147198885354318,0.0
1.1195197637780003,2.122488575328636,0.5182336392245593,0.4738417261791875,1.7040671719704525,-0.6027517676916011,0.47275054269269007,-0.5045991337557301,-0.7777797436180146,-0.8237979350810111,0.3580433495282548,0.030233754336009153,-0.01758694598354646,0.2087554982367827,0.007443454591288826,0.0
1.1526237004884652,2.036422683092406,0.4422635655769762,0.4361193796813247,1.7617778933505903,-0.6132107626201001,0.4019879483134467,-0.465909124494565,-0.7650328411314137,-0.734450222630964,0.16865057005372017,-0.07800457200771574,-0.022110067924640833,0.16425329208369213,-0.10430192778130647,0.0
1.0543351320649288,2.061176502999,0.46577264958256215,0.4527542630458664,1.6820091830211898,-0.6157835847845171,0.4223882084237912,-0.42370286524480294,-0.6923280116286803,-0.8061577505869896,-0.09687249845331204,-0.16519844400738606,0.009311198361175168,0.1812757892106767,-0.005875141022661359,0.0
1.140482962386297,2.1771064067491284,0.4548769209226417,0.40585494026512814,1.7419150204874756,-0.6325227509401364,0.3536301014850946,-0.4631567487758002,-0.8485693686981035,-0.7908825218701263,-0.15901096961028086,-0.1675107018830281,-0.07244334944937945,-0.01660892341598208,0.13625091699376357,0.0
1.1122149311741207,2.110895532414031,0.4104130883410911,0.44294810445806543,1.793172803414268,-0.5919225319602984,0.3429762915166457,-0.42405891401124074,-0.8276786479212463,-0.759967455421229,-0.2955262947934026,-0.08919186092823632,-0.1186601158448394,-0.01017639967832367,0.08258039972735791,0.0
1.02608426551337,2.052585358301604,0.4480784065427965,0.36416930151852855,1.731179723216832,-0.5261992654206872,0.33708832286944374,-0.47309545120354474,-0.8093002907914097,-0.7529816871410283,0.10087383695216237,-0.009715737736202795,-0.015350878333840037,0.03847078452672807,-0.15794375156092544,0.0
1.032778621433115,1.9902966507199933,0.4770763651807265,0.336500166789204,1.7320963030489254,-0.48553656125849043,0.3829184373461271,-0.32856362333086375,-0.7430275867164093,-0.7800578159527056,0.17050900392068602,-0.04222997860444544,-0.06012211464145228,-0.03483189740981281,-0.06478354096351818,0.0
1.0465439077692815,2.1440053240101395,0.5887903102521348,0.4795962670400487,1.6709141383356236,-0.4937774628367262,0.33164910127170294,-0.4676322340707396,-0.824405187025333,-0.8056213357862295,0.08537309575606938,-0.18246727940571156,-0.0821313897487974,-0.18431766389544813,-0.014262686404169438,0.0
1.0737265080032998,2.070976918222628,0.5030219652038138,0.46550045152409597,1.7310153313830616,-0.5707090171989753,0.30150490393465473,-0.45499442921442046,-0.7519885083157809,-0.7652018046185133,-0.052911577509382086,-0.10414256353603016,-0.08611940595425248,-0.10980159324209872,0.07585975211341466,0.0
1.0734339820468144,2.1618774621320376,0.6059299595685688,0.45703084356746304,1.6469835394885766,-0.46070880702111333,0.24274498906961714,-0.4211375714868049,-0.8326261542473175,-0.6611016429151506,-0.009977009652405094,-0.08515837063286236,-0.18387330144108638,-0.01699838268703474,0.2536867362154947,0.0
1.065424469796942,2.103508858882021,0.46897547722597643,0.3995081467348381,1.6950468917057835,-0.5155241396779965,0.17168117311266679,-0.3557144018943365,-0.8769215784455833,-0.685703281839496,0.03553460277186008,-0.2530830994646695,-0.11032533827717508,0.06586725544576391,0.26177117608264655,0.0
1.1232553227802382,2.1852432248870346,0.48418491305709777,0.4534665276058074,1.7535560849344864,-0.4847048448534341,0.17107883291643838,-0.3210944311271464,-0.8219866588326954,-0.701272045658668,0.020344848635958115,-0.07169783144798081,-0.17282021032195735,-0.021245278465655597,0.022497912775960416,0.0
1.0644337025446526,2.159445516890219,0.5231198373303548,0.40449150818475993,1.7335199865169297,-0.4932260195716044,0.19403345157922827,-0.26333356962866805,-0.8101034925311708,-0.7195261602598308,0.005313983397116952,-0.2065426528311499,-0.18165175705416103,0.010460646823137952,-0.04780394831085666,0.0
1.0157612691246103,2.1547840374863734,0.43175121580334197,0.44371977490039294,1.7431660542710117,-0.5180902223651284,0.27453188354672414,-0.3125223154283385,-0.8318478380394031,-0.6281303073642834,0.02958830818301033,-0.13299361393452858,-0.08372918265467641,-0.007016086890947633,-0.08168911233736093,0.0
1.0555941047510375,2.115882918998658,0.5437139666226475,0.45002354040808196,1.7683577747642916,-0.506366964667959,0.20869429052134408,-0.3201282979814393,-0.8435780176541626,-0.709083988696739,-0.06577386223262635,-0.05246869646963931,-0.15030961472448562,0.04588648281637902,-0.002545018470815702,0.0
1.0467004219719072,2.2326393576444223,0.47149613804786783,0.4431865015827046,1.7823192987920444,-0.5172746228024788,0.20838071374295802,-0.411280011984477,-0.8696741701393174,-0.7263742599883298,-0.09789374662178739,-0.040705563531204206,-0.15618544474982787,-0.08367908780735255,-0.019029699784104483,0.0
1.1721944653188603,2.167319237283288,0.5194246026779675,0.38942270435685505,1.837963785447229,-0.5426225042387525,0.17940901618289049,-0.271504175118526,-0.9135818712250718,-0.6626524523975292,-0.062390534880074754,0.03847561893233989,-0.13105378229202552,0.013788513273936133,-0.03800480736102338,0.0
1.1142429937935674,2.0937462341913964,0.4687692342402987,0.42268606227423705,1.7461895878960163,-0.5310543761413905,0.20466564454145136,-0.2665760420662292,-0.9009491423036114,-0.5993621950721656,0.0463230460484844,0.05091210138906219,0.02038536572063139,0.1541084053769326,0.03300891896740735,0.0
1.0901197565813388,2.17279779967903,0.47635225774026346,0.5108308798120487,1.7310151117213914,-0.4368727490860978,0.07924347449169619,-0.2787041743084597,-0.8689436415147765,-0.7113836436654732,0.04025548475816743,-0.008385956837771644,0.05153423474573617,0.21766603363659956,0.1067939292135461,0.0
1.0860831814203464,2.1348790634434636,0.6321140230604099,0.4091918669774701,1.7875609593209796,-0.43504280346309065,0.09441771358629145,-0.22060548385771234,-0.8814203399230784,-0.6794617246026514,0.015191306181724184,0.1430833252894399,-0.11227808852686258,0.16013236497501293,0.022186942627289277,0.0
1.0357449811647428,2.15731798024031,0.5702670248564758,0.4320117141421267,1.7838884546544933,-0.40208337964421076,0.05770971258401063,-0.24700216044392964,-0.9040878389471007,-0.518907880068886,-0.17026920942583312,0.13213173546449153,-0.1605129014659007,0.26104363754255316,0.08277707035175885,0.0
1.1593203354389683,2.170662808568439,0.49893256577100387,0.48270829526050624,1.7705422671859037,-0.42908654642784566,0.04294580508536652,-0.29535583817155886,-0.8503701871801138,-0.5984581961318367,-0.10250271395891193,-0.009774899179712263,-0.04056403477123183,0.38831364281327385,0.021149207924168523,0.0
0.9833962558993479,2.127299083774659,0.4472533796532846,0.4676435154550659,1.756786282177369,-0.4827054068027088,0.06355506629353003,-0.15178052645684018,-0.815415868389631,-0.5975996154144321,0.03749660171761811,-0.0006937234212647143,-0.004093250116513181,0.2951078773147874,0.00529063973366777,0.0
1.0929719593150427,2.1774420720748386,0.5383777859583339,0.39343464637135606,1.8215770535085323,-0.42533086492299255,-0.00591606598989702,-0.11009326005710396,-0.941965837092607,-0.617497108840284,0.02177429479077308,-0.025638600086965908,-0.13226698147843302,-0.003404863245359685,-0.010926532129216383,0.0
1.1693911180687935,2.1402497065267787,0.5712032770153903,0.44829107927443185,1.8585929206112108,-0.37450306872045414,0.11493470272098454,-0.217961168427885,-0.8201107009256112,-0.554222546216176,-0.12091100550795421,0.0754836966192091,-0.016845657069268244,-0.06756134004800968,-0.07115327313423608,0.0
1.0427066341763576,2.131586181531949,0.55483722608898,0.46520313191036317,1.7692372237859713,-0.46054283429317183,-0.05136398691463534,-0.22785738234169944,-0.8601271203335289,-0.5949800262777336,0.02392509541637082,-0.009013624013588108,0.1430766883824558,0.06028215413491041,-0.04274873274607186,0.0
0.9838875402544821,2.234069190447039,0.6440418004747727,0.40678003235997795,1.8056921985570782,-0.40162879282736186,0.0485901511202618,-0.2058304427041028,-0.9957825589963681,-0.6060683609742986,0.027995134697555227,0.08239582292952559,0.12442405544808699,0.12450135867326359,-0.039445054888617215,0.0
1.105350207421338,2.1859661438520375,0.578982700423778,0.4162472886735286,1.8602008864327113,-0.391233948442456,-0.02894745596803441,-0.1201429312384725,-0.9873850336534885,-0.5774339617870533,-0.001523772141280761,-0.07713056603888,0.28949651638697904,0.019872688390555497,-0.16903687680699442,0.0
1.1250910492504442,2.2318892065130687,0.5603545272374129,0.47843892089249607,1.7627091966371242,-0.41744168572965645,-0.11882928081573482,-0.20700249843171803,-0.8315747760624771,-0.5576188336284089,0.0206221313940094,0.12780279978500267,0.09334059878485527,0.04322950545402856,-0.06795018501430622,0.0
1.1735937516013082,2.168248888334801,0.5819771213562906,0.4060941557941641,1.7603393627356014,-0.3872831040920184,-0.059225493542776196,-0.05911063739634332,-0.9019065031321636,-0.5084029493497162,0.10416102559781508,0.06379722666066692,0.044118992346436445,-0.004466779932245164,-0.1272672428700311,0.0
1.0931555272392117,2.1099528398012133,0.45769591336189525,0.3874955450263292,1.778530904454945,-0.4088808246935258,-0.11092230882649956,-0.13721867921977488,-1.0389033752417502,-0.4661526316323359,0.17426133578793157,0.01719523389533041,0.09167364269469733,-0.059274802700689244,-0.028896199909722593,0.0
1.2141745179141878,2.2016666318114226,0.5237989273291647,0.45434071212683047,1.7867471123346277,-0.40948808846745377,-0.14552030307541164,-0.16450059785851678,-0.9261194600343958,-0.5440761097577406,2.842703123677459e-05,0.06698573413289977,0.06859902862988215,0.00603232376522362,0.19372396934038694,0.0
1.079918918963162,2.233986408695302,0.5997681253994976,0.3659836918475166,1.7766628900461257,-0.4076684971731408,-0.16176301533288712,-0.12542014262709153,-0.8898850907256719,-0.5401594690021366,0.040058180610863865,-0.15099999160971506,0.005051765275543636,0.003980581555311355,0.024584259263359942,0.0
1.1121623069418485,2.204629556110862,0.5386170561919218,0.45783807398781873,1.7796876260845396,-0.2814990025387338,-0.17732380126595867,0.022237805744992276,-1.038975752346765,-0.39645664121841423,0.10256160829753598,-0.21475877713773092,0.13173245950136045,-0.013758859899635758,0.12565465697174436,0.0
1.1153957187859598,2.2097938439239906,0.5297244516024113,0.5218680451017272,1.8765116912866786,-0.2660520176342555,-0.18939148868001804,-0.03352629590293567,-0.9203040678089802,-0.474449468189301,0.21724383918554918,-0.24233611646801503,0.2317615671057695,-0.10295558337194245,0.1309279302374952,0.0
1.2012394092214822,2.053839455942826,0.5290199190816938,0.488487623131964,1.8320145685513753,-0.24749065851140112,-0.24532029150166432,-0.00011378963948129733,-0.8910251543034406,-0.45875623135584376,0.262177174702673,-0.11580280712064271,0.1180129384563653,-0.1754681779473402,0.21225055850830488,0.0
1.0533076459284225,2.227576200208039,0.5228616792755215,0.37800248969109673,1.8390964838754906,-0.37733975494446736,-0.1364796568415666,-0.04319427075921081,-0.9509630188598059,-0.41894392001220754,0.2939614239215931,0.06310886965171236,0.07453931844290636,-0.0897207666523297,0.1587262724268659,0.0
1.140046813802512,2.2712491670651054,0.597330720250791,0.38986644540152376,1.9063145597020408,-0.3469544634260738,-0.19201939203133855,-0.06835617636068571,-0.9215008620688996,-0.47567157152925954,0.1812719077216503,-0.11937480564085343,-0.04238675457974609,-0.038363639580999934,0.08883987878498684,0.0
1.1746870954664839,2.2401374864780146,0.535799448670528,0.40398221296589826,1.8522152762118738,-0.3094404512012516,-0.2514672675609783,0.05332352148115096,-0.8794675571602169,-0.44637174793182455,0.2848560640496036,-0.13500056668844584,-0.09430355240552205,-0.053939161877736515,0.07491983722285483,0.0
1.0889234376266315,2.2880557830755293,0.4756676600853677,0.314810218402946,1.8057665777814222,-0.2629436157748923,-0.2481609469836496,-0.01395593838921329,-0.9750058208613914,-0.39157121298290554,0.19272646280775343,-0.06259042526234318,0.1075772470945609,-0.06082991881261718,0.02815219964343159,0.0
1.1295934490326793,2.220134873967909,0.5733021834690873,0.4349990877168759,1.720124810328414,-0.24165009578545765,-0.27737145270828895,-0.032794884838179245,-0.9618440275761152,-0.4517451576508167,0.10852540094696003,-0.156553552289171,0.03626542963345108,-0.05313118621719794,-0.10101968737512003,0.0
1.1210543973508629,2.277810159812803,0.4873565843071087,0.45515426774065587,1.8275808286723967,-0.26405630093620486,-0.2961636832876522,0.02650130750075923,-0.952309978198542,-0.3877308053699298,-0.01308093868152016,-0.01280307364028846,0.03213246973719787,0.08038747565200674,0.08035257723965944,0.0
1.0829737235738475,2.19418505168745,0.4968591057785713,0.4626937616608502,1.9042415967160802,-0.33936153994776075,-0.27124342889304864,0.013653780956736437,-0.9186044729713998,-0.35961815130436703,-0.035280121413852755,0.008079607007362983,0.12186918833442181,-0.028834289987858905,0.04181417703138765,0.0
1.122396687883162,2.1442529599322655,0.5877746559109692,0.427406055302164,1.8227561409266886,-0.2731616934548941,-0.3131275545649968,0.08180134725593585,-1.004364082884084,-0.36807764212283434,-0.13539611905678434,-0.1101615370631573,0.028670067192721048,-0.1850210645677338,-0.052575298919754654,0.0
1.2095491737345538,2.2724628922989516,0.5516608796514233,0.5068547838739564,1.7987476186671456,-0.3514592158457147,-0.3269978896324937,0.11902856694355496,-0.8930367733280301,-0.3803072323236093,-0.08870640007983646,-0.2334946506140868,-0.0723821336424702,-0.2739640907191068,-0.0947952367088864,0.0
1.1742017689500381,2.20043599199126,0.5688633627247471,0.5071630982660748,1.8881580196885877,-0.28938588585080816,-0.39694917666451196,0.07695090391146248,-0.9576539008167829,-0.408321010894157,-0.06021837234475983,-0.19450735177656758,0.04980697530713194,-0.14071737769613923,-0.16391783290576167,0.0
1.1137819347833415,2.251355361340543,0.5260335405603935,0.43100319453593705,1.8227917076403637,-0.26869127855594455,-0.3914644536671296,0.1285470843726818,-0.9841102066499231,-0.28753401472470874,-0.0328222234653493,-0.10745836703004591,-0.1052761707947591,-0.163529594850008,0.031057490163698645,0.0
1.1509986310503764,2.216602394417797,0.5926779046713151,0.4281190860175232,1.8015194852336418,-0.21378442502513223,-0.444516406879718,0.11734124898218556,-0.9500015827113947,-0.31988918356067764,0.05924922365130404,0.0127110570677781,-0.10664825694480415,0.12026770747360416,-0.07884279141168446,0.0
1.120003077076162,2.2587569813374424,0.5516860819530918,0.4187369212922278,1.8624676799322029,-0.14929720098486382,-0.3771026913688639,0.11033900093139754,-0.8659163657104388,-0.3059865132312961,-0.04104663569726559,0.21401825551632384,-0.12983921430858902,0.22214501090516853,-0.14321201476859893,0.0
1.1260858147489092,2.332528983485496,0.49722978429039155,0.6014281954822853,1.8599373461998812,-0.30707582925084004,-0.3997055394312139,0.18828278755391908,-0.9967521746864602,-0.33676693930178336,-0.08203927204468067,0.03743664624153199,-0.021370196499220603,0.20752531582536082,-0.12193555580066753,0.0
1.160491302915469,2.301029922111945,0.5185104944223642,0.4670604481151011,1.8524515952203136,-0.1742474023758447,-0.41927026237154935,0.1726981248627773,-0.9822205063495203,-0.2983053930558652,0.20078823608657176,0.21029890351836222,-0.026767628452464866,0.10278480011162404,0.04103209708532418,0.0
1.1202994184384685,2.1778519669153367,0.6032396151189515,0.4345077511321546,1.8639676308130064,-0.20698751434132628,-0.4390386939891659,0.1867896518706619,-0.975506307283573,-0.33755020280399567,0.16128772839649633,0.145866314609354,0.004290334251312047,0.17272842793572157,0.1450301513042719,0.0
1.0768529411145427,2.3445737042881376,0.6131487475851813,0.46493132579727886,1.8393119974455931,-0.13436338594662572,-0.4601485622263002,0.1813023534817574,-1.0088766693506792,-0.23914604915820245,0.08509786743614285,0.00430202390680523,0.17250505491858498,0.1721681970144105,-0.0016881872227611783,0.0
1.169987563411318,2.2014810875701203,0.5801663419345514,0.5127134633133745,1.947816343103865,-0.2022500474062548,-0.48925072349004334,0.2173024954412798,-1.058602524799837,-0.2892474689545452,0.1965613691890174,0.13510356257527736,0.10898352795410819,0.18243862874446548,0.07181667830407724,0.0
1.1434919280063192,2.260907950516558,0.5553677126954522,0.4380895172404393,1.8616300439238525,-0.2398977171357056,-0.5467339500636967,0.1692132914818916,-0.9794710364532049,-0.26794110229388096,0.2249790682436903,0.13723713140342644,0.027379662549368827,0.07900154896872852,0.07836654353701142,0.0
1.1189232352499803,2.243588120476277,0.5682407486537052,0.6092820069226124,1.8062756992467863,-0.1750509304912999,-0.532540655409798,0.17889593279396857,-0.9727408551630614,-0.24008502124954026,-0.016680218557249493,0.014639612611746039,0.10680597727784853,-0.1414244475150815,0.09656786358290476,0.0
1.1119200406907337,2.24257548813952,0.6678636227623875,0.5430897679381799,1.9024044201819823,-0.039289218028092515,-0.6824773497158704,0.2442962644011006,-0.9802296635046981,-0.14584578699096165,0.013663707697124864,0.03671439288025648,0.02770679711905292,-0.03877406373464517,0.1503110641413613,0.0
1.0601840792579988,2.280184298220873,0.5807006945640679,0.4548701512056734,1.7794834413436214,-0.18276954046990695,-0.6007900739981165,0.1912205942841446,-0.9417534863406162,-0.22006338861452004,0.013148425472071398,0.02248204964319301,-0.027662005840177566,-0.2057173046917424,-0.11281553824083888,0.0
1.1510626567660596,2.2527386299071908,0.5702263624068711,0.4380865790449812,1.841204423180208,-0.12433741494432698,-0.5795975595585874,0.3363868414315758,-0.9073133866622791,-0.1421478454394815,-0.029270279489784865,0.022862517470108094,-0.21807850610521068,-0.16472617050185143,-0.11108377176099961,0.0
1.1857484744945974,2.2471142828672974,0.5332172227138368,0.5255395424747492,1.8153616206189398,-0.06524681496771426,-0.5020564493586873,0.3152312080729485,-0.9995736594739584,-0.23995895186152777,-0.10667038363403218,-0.06968421254959467,-0.07476182086151935,-0.050423224510939474,-0.022862269625737418,0.0
1.1597750199430041,2.2183687921467166,0.5577498071752118,0.45377708316605175,1.8602923719014368,-0.0006793139340815213,-0.7008709271559901,0.2922907211226046,-0.921945390998496,-0.16151506611522892,0.047945282339277,0.07355990105024621,-0.05132364707890998,-0.2692561887980811,0.16234686220558736,0.0
1.1433338811121982,2.293889626299985,0.5181242023658148,0.5220179263066693,1.8639544842920897,-0.12267491638609922,-0.6360728118026628,0.2973920642032935,-0.9896042742158766,-0.10483199567554993,0.19917869441903932,0.1327251338264912,-0.11597672713018461,-0.0986123659079734,0.12520876351090776,0.0
1.2430927004712118,2.324211080928997,0.5192603131631146,0.4230318112940265,1.9904202130973767,-0.1609114544546235,-0.602776493571725,0.344428710709479,-1.0416447885027853,-0.1412283589748873,0.3705294921019352,0.15005527234173396,-0.05873346716163853,-0.15876419630024804,0.08223016191010493,0.0
1.1526055464367873,2.303087350497752,0.5678059140898677,0.47302206141508363,1.8271553039740398,-0.11785932949787489,-0.6321047821293946,0.3229461356102686,-0.9652420082708484,-0.1428048868715863,0.18744203249471733,0.2697679584594379,-0.3043900985855227,0.028732462735299308,-0.07464053597590065,0.0
1.1142986565919297,2.291762781690592,0.6264008819217428,0.4001640664810094,1.9396385757145682,-0.02076287635476104,-0.6453005947339184,0.24231082345472638,-0.9487257841126692,-0.2117027831929268,0.2867303219245628,0.08836692631990817,-0.23951901380367058,-0.0879198738237457,-0.14649786981884666,0.0
1.136166152159959,2.33004682665216,0.6586407428510983,0.5076918700102462,1.8761841961731274,-0.11214585173888669,-0.6111859942322724,0.39073031507136535,-0.9437868824157304,-0.03863054839975369,0.306795758496999,0.1761526966814561,-0.07231861538595108,-0.010908224162888724,-0.2052475623880064,0.0
1.1906384172472202,2.2580614977176077,0.5659254779521087,0.5508024060842286,1.921153057348396,-0.09831913296880605,-0.767225650986041,0.35622692037117615,-1.0160888389729865,-0.05384801130532832,0.14049597891435395,0.07678237435985344,0.0047139618573665415,-0.174178663917633,0.019079500741446986,0.0
1.163802637866845,2.2923116014387177,0.6319592540471455,0.538742896799478,1.9040700006730022,-0.011500556568394896,-0.6443927427966093,0.2981739263327643,-1.0351136529743792,-0.030560784157590073,0.1464329857978985,-0.00025536473513670943,-0.05526697844274719,-0.1463633579484526,-0.051459118877348456,0.0
1.1837583621338028,2.3279019342878886,0.5955331832268992,0.4573381609619294,1.823098107931797,-0.07816615546001479,-0.7054567158424818,0.28447205861876623,-0.9974490056195797,-0.0644311818209359,0.1476159677620601,0.13387316747076905,-0.14679752858849257,-0.12024044635548294,0.008738199739189781,0.0
1.2627529561490494,2.2188104217589295,0.5704861203948457,0.5253311529689891,1.9867528080664607,-0.016072940510112786,-0.7128426920215257,0.3940329299653406,-1.035866286538215,-0.05341585533400035,0.22370399053439002,0.2675201448438502,-0.07269326162403186,-0.030770614675635133,-0.12753041244172383,0.0
1.1297486965423449,2.2092504970436613,0.5125399318608134,0.4584305948881189,1.8930894822264166,-0.017077454509944922,-0.7190559979506282,0.39763480032433207,-1.1842595107991103,0.06552340606520715,0.08345386291637352,0.18536806887502777,-0.08882785902834787,-0.0190468392967064,0.05215188048088322,0.0
1.1613905255648964,2.2858594119616717,0.6436011627009304,0.5103899554744691,1.9343207653718741,-0.06291098915768656,-0.8244930539651025,0.4305230362944244,-1.108956103227135,-0.06147852459185498,0.0920633823727533,-0.30271215885983405,-0.03334402705298599,-0.0726840059128979,0.10189493186606416,0.0
1.1210611959904455,2.274207439676335,0.5715735761770003,0.4990670568281599,1.9123628278417752,-0.014636037952460806,-0.7056817007409201,0.3623079191004963,-0.9083736588730674,-0.05140656627009958,0.1717074458356519,-0.11984675180844279,-0.07101776600768735,-0.05371923390074738,-0.017608630182700993,0.0
1.1856858474516352,2.3994891737349753,0.5632774411197328,0.5440062249704721,1.883852730345468,-0.0550034770840912,-0.7543128782271098,0.3915264427811834,-1.0058873057965063,-0.1497935276149835,0.12406072235707101,0.17885567842772937,-0.15282629201169765,-0.10766936276153752,-0.03323357187739873,0.0
1.1929160194109738,2.377226485988794,0.6862585451961878,0.4015417384686736,1.8179912003251346,-0.05351709085072896,-0.8211083997432702,0.36363907471715656,-0.9964118675624246,-0.019782791259738766,0.016597805896553297,0.07360923292277358,-0.2448377623560158,-0.17220692078514221,0.06459627012282673,0.0
1.0389502548202705,2.265003967590268,0.5553939639138363,0.4652809019809473,1.9103622262644988,0.0030548885902768903,-0.803160081194043,0.4863211783025066,-0.97373754139376,0.0555586661337548,0.05748841537276895,-0.04662458215465559,-0.3094580197193429,0.01210771718288968,0.13151722065429375,0.0
1.0919241156511719,2.334225074329893,0.5492477919218436,0.5089915961319117,1.8604638598899452,-0.03668843347866196,-0.6899268408491332,0.4758037253136781,-1.0635766025583637,0.04036581847576279,-0.045291405248810465,0.008807306712542533,-0.11415962522232154,0.11286971117918129,0.12350210105267086,0.0
1.1901227855258485,2.4200751693784133,0.5953600923280649,0.4508614743236329,1.893798870988182,0.10412227701886885,-0.8584985956333591,0.4284648277829767,-0.9801429798078648,0.03231293501542155,-0.14151788617059544,-0.13398836955288568,-0.09445412690086165,0.21588663341390107,0.03454139879123159,0.0
1.2454773351453834,2.329505839151848,0.5775656551183834,0.5621305124782632,1.9647892388202182,0.02451761857108032,-0.8093091256448065,0.48958133607175786,-1.0675496635070032,0.011935356248916307,0.051686556058259114,-0.15813371308798208,-0.09495735133686349,0.14394547533943683,-0.06949784681105341,0.0
1.1189556281600286,2.2982339147149196,0.5277258990063642,0.5168143005417712,1.9251102541582332,0.058041182358964875,-0.7994511096838464,0.5087717664236978,-1.0232153966905113,-0.030714768160134638,0.12027520329119956,-0.18448300132291806,0.015441464480836706,-0.04342355002181701,-0.11725000379294673,0.0
1.1453047013992257,2.3141544091903183,0.587982826984755,0.44699778200699913,1.9543458723705949,0.15255589476545095,-0.8155884900003929,0.4869621684794864,-0.9403889853006651,-0.03775611916955664,0.14465294261569933,-0.07685670137899388,0.06054493821497991,-0.1301441284064497,0.08124371237156021,0.0
1.2236391690806825,2.34080414234573,0.6317729384946504,0.48351726579819454,1.884257695013439,0.06365433653178118,-0.922640432952022,0.5079010535628375,-0.9511540232816839,0.04852333629326666,0.023719940743190365,0.09521485398372873,0.14584910735905135,-0.1383384681230277,0.06300826306795669,0.0
1.229319340831088,2.310042539863269,0.638165331558212,0.37415014820781173,1.9262135931447026,0.032942979285077154,-0.8098492318415815,0.5904085369122546,-1.0247199850749398,0.012077636977289238,0.04179483723994011,0.1614795943227615,0.10796811270945195,-0.15947560215812073,0.07603400857098058,0.0
1.1789413209866277,2.2918920344418106,0.5784136053706175,0.4115399661652771,1.8449235294747606,0.03510940054225602,-0.8179058829604509,0.5713068037111003,-1.0123818938194975,0.10673008669093538,-0.11558122249048947,0.13054772032688314,-0.0023055611339281995,-0.2043382230403906,0.03309936997364056,0.0
1.152645877518812,2.3912642277904053,0.5629664304362738,0.5104673764806734,1.9939251280476566,0.06704435324657707,-0.8914820552561057,0.6691048087243271,-0.934367490590898,0.1325209288378464,0.005416382981993373,0.052954210873150644,0.07396371390568719,-0.15437537669078444,-0.03264657096565713,0.0
1.1347349038068693,2.438759896767491,0.6207675866704991,0.6035216521273238,1.9009357494169978,0.030851628089983214,-0.8827374317323512,0.5662117501126316,-1.0210826728075673,0.10635636424185281,0.0925866141056308,0.05745082198877583,0.06617973016490017,0.06371455028089368,-0.1140173519904796,0.0
1.1362764524135458,2.385724620001489,0.4675130369745413,0.5072643711989641,1.867233305174196,0.053628714505476585,-0.011637437712888374,0.03210119216090551,-0.036608004264590814,-0.0005954662585905089,-0.3712914279553458,0.2235239021899183,-0.06655657642140644,-0.07761764616240785,-0.1504638156937512,1.0
1.1790562536568014,2.3440158410584915,0.5174729436627991,0.4202345653425789,1.8573337385285065,0.20986702500251464,0.24956029294205667,0.23685502413766701,0.18011192485856303,0.16860440734232424,-0.3328631008613099,0.017473314842038574,-0.48805862211811896,0.0871923372603928,-0.08328169222564723,1.0
1.1828532356780035,2.4066365182538982,0.5167342136948945,0.5281145234144708,1.9027829182158336,0.3183697131583054,0.3730362622307502,0.46708883133441303,0.34827844922201046,0.4388020840899589,-0.06102084791082229,-0.012833077681304698,0.2034316863641193,-0.08606165391755144,-0.2729500883571751,1.0
1.1516378210787592,2.377555601146337,0.5101114730370394,0.4926418009342737,1.898999312317142,0.5877163100732224,0.4797245148687245,0.5455813612413871,0.5500166925878508,0.5790498423930164,0.34118421752361466,-0.08461621612126101,0.1437593744665035,-0.4796876419446681,-0.38313461077783284,1.0
1.1775784986059081,2.3837785514811363,0.49745359822128127,0.5183937810869755,1.9138219813344601,0.676664833961519,0.7406706261298365,0.6945248554894778,0.7038879722522927,0.733452915202642,0.1734962838161161,0.18188889747599743,-0.10563571188462949,-0.10707601105297106,-0.3675023221580727,1.0
1.1697646856732056,2.36569285784684,0.48143738024790983,0.4776974747901019,1.8898452536828811,0.8174154180104689,0.8770177999426438,0.7859123131690949,0.7811760683877995,0.8151513084022053,-0.5652553907807516,0.1221205781069812,0.7529800197212535,-0.39679212979068923,0.13665525504742182,1.0
1.155205833885075,2.4201917645113613,0.5118404682781369,0.5236127221505037,1.8993958399952877,0.8788221652770524,1.0351943910370953,1.0157331328176618,0.9917068728537906,0.9766338112123132,0.19248219560391974,0.40632194771749974,0.3975592298587105,-0.0919999067632544,0.08813789431213082,1.0
1.131408609265018,2.419109872562371,0.5140686862836066,0.4599535203211355,1.896574269929955,1.007726467106317,0.9713893810573985,1.055136543317649,0.9520215315349533,0.9660206367844886,-0.07204093118771575,-0.09437837251887776,0.1160104307107486,0.34229724452600524,-0.011574833795722137,1.0
1.1214768939538067,2.375382372734551,0.5107527702441423,0.4729358619474015,1.9125275635694599,0.9517339464259202,1.015586902493944,0.9540490213300257,0.957897087567289,0.9339345391841373,-0.2221437167482276,-0.32271472935117224,0.03126235413114969,-0.08968805533765946,0.19127721587422916,1.0
1.172194065535145,2.356338303996861,0.5175025767217071,0.45422330512492665,1.8996570645532442,0.8912559426211528,1.0716796181598864,1.0115440608510038,0.7995596157873618,0.9604911981468243,-0.3159476096377589,0.4566221524770808,-0.29099637768931164,-0.27394150543929985,-0.4001759572651503,1.0
1.1711652253904035,2.3851753633711046,0.5166628146708192,0.5061449293980915,1.8892591743429015,0.9570425451241734,0.9415613324772572,0.8144816328321751,0.9038823559260661,0.8706624550026224,0.20490299403795378,0.2514304986694545,0.0596234320629099,0.14533534853712704,0.4683181486295453,1.0
1.1669525405576182,2.386622873804581,0.5085395817605971,0.4915905691826462,1.9047688948061352,0.6846799576575416,0.8926647520634255,0.7161121283536288,0.72807536455224,0.8056546173172305,-0.18817228326780025,0.2388859944274361,-0.025373462666336485,-0.33222100440705016,-0.0671564968438934,1.0
1.1789246809741682,2.3717944997548113,0.5170061260045343,0.5173557481839205,1.8951424956167322,0.783169278664988,0.6965383759989847,0.6682660793485395,0.6289375313046697,0.7023740365724991,-0.16088227249638648,0.4961964574196308,0.16997894770276106,-0.26210101328782776,-0.4373200796561546,1.0
1.1753559351458778,2.3910455242567448,0.5149510136556672,0.5217341663164995,1.91256398181274,0.5719833845277402,0.48796919347511997,0.3703946127535006,0.5671693685799667,0.46471692786062013,0.26528922842035557,0.18593175130875564,0.27484802289627025,0.05826590046238687,-0.12795653510242197,1.0
1.1747292930808118,2.405051382118683,0.5064777735118291,0.48991431573385463,1.9151796511676404,0.3081502597333776,0.344427150055189,0.42306592643217616,0.30817594874302745,0.3398406543223265,0.1668803022031898,0.1283180429756383,-0.2554617720601064,0.13357064007973288,-0.6384716638026267,1.0
1.097916283470429,2.426018367633464,0.5161399677379022,0.4751739267188811,1.9129464969953893,0.08683040507464482,0.05791473389716964,0.10458734491203085,0.09924862765793016,0.12051129878598561,-0.1579958715713819,-0.14178944939307037,0.10111346102584295,0.16329528545992392,0.054427671350641624,1.0
1.1746969812396528,2.425346980484999,0.5105442337558034,0.4785365384781998,1.9117392464642444,0.003723710232253062,-0.024293702959088573,-0.01626197158071844,-0.034702082541352056,-0.05410406926345805,0.17463397495615277,-0.17524767761477017,-0.09704557602169693,-0.03431523762034332,-0.017741947469996598,1.0
1.1732098883550597,2.414047379201958,0.5164973021207774,0.5196139640207632,1.916796374483874,-0.2981385518584711,-0.34917420049867853,-0.2094424866906331,-0.24191187980172774,-0.23367397117454014,-0.24049766198777037,0.22208784128654238,-0.026677522424054526,0.1444012483174814,-0.17823858360926084,1.0
1.1828424093811478,2.4022385698800046,0.5169777829474054,0.5082413139812838,1.9005499817165559,-0.5199566625733698,-0.4587219669607353,-0.4099356195186552,-0.51164797606712,-0.48550660436974125,-0.3273979138146633,-0.08189496491448495,0.11478093500682782,0.20859463986754062,-0.21800729329591736,1.0
1.1728950002806193,2.4037768031212,0.5161679884754288,0.5321367186367414,1.9107683462734038,-0.6431713104386734,-0.5949021943290917,-0.5481354900826122,-0.6776719613027731,-0.6036917153301925,-0.30384847358010675,-0.5578574180838779,-0.15982743249799788,-0.023214293434754254,0.05629539941723544,1.0
1.1702975698029068,2.4186970704428936,0.5168174733108836,0.5002949473793401,1.8988512403648163,-0.718150370998711,-0.7410347496471767,-0.6777419012180548,-0.7590900622097688,-0.7088235212030221,0.2691417914569885,-0.2658425851375873,0.701789152735596,0.20922207221636377,0.23398667903756754,1.0
1.1724653932898819,2.402903711104418,0.5143045676936883,0.4944233235403289,1.8968242982035424,-0.9102852564957965,-0.8867523919070972,-0.8521236730451066,-0.9333762895232012,-0.918962939892912,0.07880860644386346,0.03509887243382498,-0.1553812790293871,-0.11452126393793703,-0.1006836615987492,1.0
1.1730695205488677,2.3909252855674197,0.48270392674969537,0.5360879941577344,1.9052761959171867,-0.9321788418598815,-0.931164968716754,-0.972936170178005,-1.0492059179617321,-0.9231481079965684,0.09874408547183199,-0.27341007614491436,0.14600779434524813,-0.4574532425094802,0.516693765081849,1.0
1.1558256089855343,2.3878637944579655,0.5173742358390266,0.516805893909863,1.9130571497043038,-0.9754724772966967,-1.0103731763354413,-0.9121470921988013,-1.0614718841311286,-0.9886474270075467,-0.1454003050497247,0.2643272695771679,-0.18656612909925807,-0.031013929683298812,0.054493780574906454,1.0
1.1817703137410218,2.4239481416118105,0.5138464840040304,0.502804588110697,1.9169281995164846,-1.0081352864758182,-0.9956790215739836,-0.9909602683281024,-0.9602599425223778,-0.9612559560764589,0.08968972163532768,-0.0783696847507651,-0.5715199715065455,-0.01679483415548297,0.1905125160858499,1.0
1.3369298169800388,2.514014064538554,0.656207615621358,0.45005227076079196,1.9543521535273836,0.29023489328956004,-1.0472557398157074,0.7394458332440579,-0.8552496334668804,0.4079177033147505,0.08446220598767847,0.08296147336146706,0.14133095995853104,0.22430368835335798,0.15523297994520424,0.0
1.267761690490971,2.4141515628240087,0.6666071557058109,0.49650056968462275,2.006054338880646,0.27122073226000565,-1.025651047743675,0.9254294783666106,-0.9477183692265156,0.41062050293682084,0.07062896618455217,0.15692232387186242,0.12638372753180943,0.018983387335524946,0.15648245748586476,0.0
1.212061795269029,2.4972154411018557,0.691545357978133,0.47065785243541036,1.930023108565562,0.36898093699278983,-0.967690858016545,0.8148585949360665,-0.9517392185641577,0.4871927546305551,0.05331932105867548,0.0490288929626929,0.14984646501756874,-0.05288646800913891,0.0523082662904206,0.0
1.3093687349147503,2.3937182679070097,0.6650010985714608,0.5603072352633425,2.0273424252372423,0.3127993805218207,-0.9325690095687074,0.7297625673239413,-0.8670594103300111,0.5482999436129025,-0.04818887589666232,0.011368899641692517,0.03455758207963357,-0.015152956026647076,-0.021158250993726035,0.0
1.244054890041874,2.51663229279114,0.6430213752109386,0.5661443042505144,2.0108988512822488,0.37513924711230995,-0.9669827888970817,0.8444871726176056,-0.964721079953709,0.3702496640258284,-0.14724775947235288,-0.0580438348915382,0.025210430107014917,-0.17913092975400646,0.10802089901785135,0.0
1.2512742504971883,2.463839103880604,0.6480031884900407,0.537386111776395,2.038651019349418,0.2755085481197038,-1.0578898205250402,0.8528453801953534,-0.9594356797412384,0.46859539427559055,-0.09507035284239518,0.026154681778385605,-0.10442109830212096,-0.07141601100136993,0.179301633686902,0.0
1.308882975747017,2.401230592523649,0.584644569072514,0.4939283175407421,2.0056537561530092,0.4005158097156818,-0.9609174976327161,0.8674277908720115,-0.9684561115779772,0.48978607390855916,-0.06210073005293902,0.11203086570663279,-0.22581321208325075,-0.039638660708829515,0.22819574653933639,0.0
1.2337065555071969,2.5169570545493025,0.5520915154267695,0.5236170058241156,1.9893429759819725,0.25155670084486875,-0.9955378735888187,0.8823384946612532,-0.947654651765183,0.5172816557806487,-0.07558908104851378,0.11385434771250935,-0.10786053179128584,0.027106330647763695,0.1476903807988148,0.0
1.2700619457346056,2.4726634470411626,0.6479766887832734,0.5535189568413893,2.037133757539579,0.37140416361827877,-0.9967133915222814,0.9406450718632182,-0.8904827616993501,0.5026707722220376,-0.10177091998023138,0.08385768328861393,-0.008227336861601792,-0.07853952609334772,0.04988582710474446,0.0
1.2439970674255505,2.376822692756379,0.6675118984648609,0.5697607768925618,2.04257767323655,0.34627623284997877,-1.0378389353185584,0.8634382218758283,-0.9538151301330134,0.41040794599368935,0.1077719214015483,0.051363476219326826,-0.03293311979671781,0.1724992038648748,0.1119349573387907,0.0
1.2986854386087536,2.5879908855756146,0.6789549483965172,0.5709040154600201,1.9711715094690911,0.3715405178971386,-1.0941254903017634,0.8471919059637595,-0.8890412757319351,0.49112836672772703,0.032167604340079155,0.09359002949856375,0.06632017918777361,0.1193220800015911,0.052459717446494816,0.0
1.329654212958354,2.49141066832565,0.665436778618111,0.6135383148398179,2.030676147188265,0.3027086633442052,-0.9785305590059407,0.9073350055003211,-0.8997273003815133,0.518955704612504,-0.03512340419906605,0.14567496932765153,-0.09967545468790995,0.05252391561582957,0.10314922436606952,0.0
1.2191329382550449,2.538958588407449,0.6986965712540224,0.6147030055599699,1.9758466756684951,0.47266785999661676,-0.9625695589215321,0.8388242209639057,-0.9157376183352133,0.5750472213605708,0.04343852468390924,0.330316929327501,0.03961386119431386,-0.029815485144413262,0.2469229854781267,0.0
1.2454007141138488,2.477386636848753,0.6140252469357801,0.6618330783922106,2.00152585273373,0.34675179670735856,-1.083731272135735,0.8846300374217707,-0.9147947463492391,0.5585852421111958,0.055506801645828246,0.22807762671515885,0.10745063240954568,0.006477790423457683,0.20883977697352052,0.0
1.2528573873517488,2.4404649985960964,0.6066275202876321,0.48470027180341496,2.050082468884796,0.2990718864614808,-1.036334509986565,0.9073873626378606,-0.8448418992502145,0.5572253045867132,0.09688283093313646,0.02148330136176782,0.020659012483861462,0.14761841395437297,0.13588157280260513,0.0
1.3395381220980371,2.514117688713723,0.6475850353953532,0.5296096458860378,1.9752698753338749,0.49752462695974575,-0.9569929562208824,0.8845306216580737,-0.8561417534027927,0.5309512491080768,0.050370999527964304,-0.0028344978806987484,0.17875736850947038,0.015091642304496208,-0.02329234642124263,0.0
1.2938540909889815,2.4457983199333198,0.6633515101627452,0.6277742164116082,1.9701933622223908,0.5164261504814036,-0.964746901373786,1.0177740684502978,-0.8686557634366063,0.5374518422006788,0.010274155154763147,-0.04134875167320556,0.21704449276603938,0.04722739746338543,-0.11619035559695212,0.0
1.363324758797982,2.4666965398891914,0.7027091495783185,0.5384573047972923,2.0248584596143595,0.4377504244276457,-0.832107618315588,0.8796350491323651,-0.8909069623890173,0.5759160320465221,-0.017580013791450178,-0.07521841507086303,0.1876592762841855,-0.09201342168957413,-0.09343101730985187,0.0
1.235077222240849,2.511917874964684,0.6332573262462344,0.5286054353960647,1.962407894651711,0.38543013524212627,-0.8829258233550934,0.8752760912440131,-0.9003415504679285,0.576186839684329,-0.005412112028638899,-0.14555739102963355,0.14991873853537546,-0.08019010195745963,-0.09180016409787388,0.0
1.3738381324053044,2.488447647185047,0.7326280545035133,0.530099657327296,2.1122812221587735,0.3813150521350114,-0.9123550540772735,0.9565311958162026,-0.7095086519133638,0.672316651113611,-0.02459393994395946,-0.1293636175484315,0.22581346298736013,-0.09333294114804692,-0.0279057220128288,0.0
1.2311107171414322,2.5088062105296784,0.5422006128617536,0.5091511582488255,2.1093811616941607,0.31261494778366344,-0.8575983283704285,0.8603760877366412,-0.8672689448672125,0.6814597643856494,0.07730764839011911,-0.16299439981275302,0.11224188187541051,0.00655839261472866,-0.04558150489383932,0.0
1.3022801395735168,2.440589502323047,0.627865907501788,0.6264363866531356,2.122898714270792,0.44741508344937,-0.9488542125748416,0.8819223668733372,-0.8769939193140406,0.6591661489123447,0.30934001553788637,-0.0911405889371615,0.14397502304026583,0.03810742613095826,0.0053603051667103704,0.0
1.2492711577956672,2.4575805951130345,0.6820210734154312,0.5734691060200994,2.04357945476203,0.42049732940074586,-1.0325562310921979,0.9110271342193342,-0.8579810816630362,0.6427198734230727,0.1566161900333698,0.0892296914258679,0.0049888208655316235,-0.06863077200553017,0.09983807655755886,0.0
1.2604186238497388,2.507733493456785,0.6713564791720072,0.47815531926983124,1.9618136433532014,0.5360172120644934,-0.9768531257079269,0.9696891284532259,-0.8209773598157509,0.5835907935744188,-0.0761546582434263,-0.03887983222346336,-0.17449268622938424,0.18239080879416508,-0.0016605976368537084,0.0
1.2484002870117519,2.5081635100632904,0.6445425199274865,0.5211471697011044,2.003438179776257,0.5175066551677592,-0.8845048507189185,1.010059885533157,-0.8281350562282209,0.5590916233711356,-0.09901865689109293,0.2358119639272701,-0.1549524813053502,0.06655548624806093,-0.02098746442508587,0.0
1.2491421211872153,2.5592913699845954,0.6716301797936179,0.47469830189435086,2.0393268824706,0.41363853016073016,-0.8904439148486283,0.9371037507012083,-0.7290863696221803,0.6651789975839838,0.11873412839935496,0.1527176645416011,-0.09815203339881787,0.14478308190359454,0.015390292738080824,0.0
1.2867235371424575,2.44955521245025,0.6506556554781701,0.4482776618126153,2.0238394336911916,0.5401914430911953,-0.8678212072805116,0.9150535545214094,-0.7250081192381389,0.5274215184142146,0.0025579837818310303,0.10832690831550995,0.06217276184917743,0.16455972116396428,0.004587914325090576,0.0
1.3638506249752782,2.605603420386175,0.6582135890378115,0.5204048178351739,2.1423641948938963,0.5033895246021934,-0.9267955824020018,0.9827882616930377,-0.8541108408463218,0.681642274139643,0.0067044075654178,0.08475380159435075,-0.07736549245868299,0.12191244218278009,-0.04691484322557275,0.0
1.3286258160965916,2.4471208473473083,0.6672142937014179,0.4456412079526944,1.9700798581737056,0.5617145628287153,-0.8181498340017647,1.006945132214671,-0.7553437217949399,0.6081985787361479,0.2904948629405113,-0.008393662885786489,-0.09467102643639796,0.03529849914646966,-0.07827048316011387,0.0
1.288412551517353,2.4936039077855043,0.6083147835319043,0.5045296746352754,2.0041852391064525,0.3597185342112954,-0.7910821441484698,1.0147545745754303,-0.8116184149653842,0.6234551296487281,0.22002307921755188,-0.036234793222748335,-0.1003764462094884,0.1698129952844428,-0.1081149629235727,0.0
1.3581413300968381,2.5726508198339544,0.647229895084818,0.5360522244780005,2.00162586483478,0.5667709875665912,-0.9269040301954686,0.9815764615253452,-0.795911826662483,0.7148786826307558,0.009516494876009945,0.02587770145356068,0.006321176678953586,0.23185172917817407,0.10556477797402597,0.0
1.390552130260768,2.6170433783766582,0.6213028938322778,0.5419840620550163,2.0483206681382606,0.6456549935802347,-0.9095026980995825,0.9655200465515391,-0.7780347434428381,0.7362193949837855,-0.09680327200406223,-0.14846915888529458,0.1383602588686595,0.1628291957196514,0.09457318964390454,0.0
1.3383046230254914,2.4947194196204117,0.6863151511609094,0.5183833391208593,2.117649390464701,0.5378701060962361,-0.9004900447115376,0.8777893667058912,-0.7415837556431983,0.7464788070009658,-0.1294029783525444,-0.16497024188291876,-0.0940023780915191,0.11383446340041196,-0.0034351088999362706,0.0
1.3567681818891257,2.6394398130642016,0.6058781135087649,0.526120171811876,1.9813641067948224,0.5754160049972955,-0.8325151883568835,0.9392419064369162,-0.7370580547315906,0.695047146692952,0.0020393755741705127,-0.057443229728933,0.08550789526132742,0.13336799994572007,-0.031790708315681725,0.0
1.3148716256026898,2.591908337905213,0.7537578579732211,0.5059924340771275,2.0969568310070588,0.5705433955798558,-0.8306319305487618,0.9757060083099287,-0.7919876194175348,0.7375268675621854,0.025127373316586016,-0.15473195791644234,0.09121727655677903,0.17968490903798445,0.04515887354737838,0.0
1.2921438346423415,2.616529042691437,0.5555538510003359,0.6476234206901823,1.9829652640305073,0.6326073247214582,-0.9041641523799064,0.9799729811801927,-0.6668603724445621,0.6617945474281404,-0.03176374860412791,-0.22635883674867074,-0.04835972459464718,0.2599887387595771,-0.023317921671545498,0.0
1.2459871459234138,2.507877816047823,0.6616986150972921,0.5259284773551852,2.0724418723809075,0.5845010668909054,-0.7071506728557541,0.9625410014778477,-0.7933893717543026,0.8240817346339065,-0.028810805023747554,-0.17439950256037853,-0.25504020798766963,0.003529723729734452,-0.05518575363559137,0.0
1.2929995313500557,2.6087640783854034,0.686942103057272,0.5257877389440943,2.165647417841338,0.5553676373065034,-0.7940493450152724,1.0015618658603809,-0.8228493917694015,0.817612486035756,0.11092938031164862,-0.09391811719757188,-0.2645120765050871,-0.09587629293770043,0.0525149501180375,0.0
1.3128158628696291,2.5670356807277606,0.7119511356593676,0.588807332562167,2.1508647505089216,0.6747298117691405,-0.7714188567148967,0.9264766553814935,-0.8235971437363188,0.6949105846444643,0.09358753712750449,0.07154853535319114,-0.058245752159389694,-0.20220751227541056,0.08616399205430009,0.0
1.283763232593843,2.64270645717475,0.726285888536071,0.6579904105262994,2.1385232088308896,0.5784050752718434,-0.8027769451731355,1.0193377441048792,-0.6877714649089964,0.7960983621819927,0.1064743537642533,-0.05324736624992295,-0.15583413003707305,-0.0423423434037791,0.1280545680255384,0.0
1.3694338696502695,2.5303409912385844,0.6149914381587901,0.6085648543325145,2.1099667252184657,0.5776062855956471,-0.7988516995503421,0.991779823475374,-0.7509022012908819,0.810347302750474,0.09083420620049112,-0.07269424128067736,-0.09109041656743251,0.052971506058583764,0.13506345645751514,0.0
1.2399057351674545,2.4687106204638476,0.5930354459865383,0.5125761862449163,2.0743107362880693,0.5944254184270628,-0.6816944827420999,1.0260468968999874,-0.7578164593200042,0.7862719369313793,0.021552961037095614,0.06130925823941129,0.13219686217739418,-0.06651241897089541,0.007734885820761234,0.0
1.3376144803624006,2.679230914392689,0.7309650548743717,0.5754258736542635,2.1053406969028696,0.6458914542037205,-0.7685308430426682,1.087867901438189,-0.6957639663505693,0.6706881929060541,-0.1156107579873284,-0.09185205731568202,0.09109360522631264,-0.006892714589346004,0.13328653465390697,0.0
1.3204852437344763,2.4795519594748856,0.7428627645249116,0.5951455401961926,2.0960024830103574,0.5730788589586553,-0.7481434613126339,0.9944156448047419,-0.7438573388898356,0.8414419736987268,-0.051365216551287035,-0.031926955496361056,0.1592496319128193,0.08507134987107887,-0.048712967865884776,0.0
1.3736761262319634,2.6688146479507098,0.5482336223945885,0.6451984538433813,2.1274285479636488,0.7099015009054621,-0.7300577503925357,0.9255163191619786,-0.7636898196015383,0.7555368558729817,0.06225221798664154,0.0823634782757392,0.05131755677430248,0.020133659640956134,0.15922517521417665,0.0
1.3724848923539033,2.6204369350279353,0.73833756264628,0.5230219117890188,2.0468029360829183,0.6465328312245263,-0.5782793673634977,1.0813336811868095,-0.6983822336340426,0.8503887552162228,0.06894657536283098,0.004497296923028513,-0.004353013248807602,0.16288067408743023,0.11243294981066333,0.0
1.3934465965685898,2.594798102830262,0.5904319276645732,0.603005886529668,2.0663167999598913,0.5974294848048043,-0.7053484523592212,0.9658688455422767,-0.6535725238624754,0.9551638979991636,0.10951095178541628,0.10532034024546776,-0.029233186168906942,0.3296029248118038,0.038853486064971764,0.0
1.3071454904159123,2.58885374015423,0.6262759884769763,0.5625511934771437,2.1360730203447442,0.6919054682412419,-0.6682678050533504,0.8921462677909645,-0.7710117689812167,0.8731046883042213,0.21609135236489208,0.12219331012995327,-0.07640129844232674,0.11904070200350558,-0.018636905469505586,0.0
1.3234735736101442,2.5912156907043027,0.5993359119901385,0.5160215926108145,1.9972331157883763,0.592005050791485,-0.709226608877686,1.0848515078534247,-0.6280711433839499,0.8197184126627529,0.03436518048221071,-0.0040863429007976515,0.019434132495916356,0.15470143930999722,-0.08692837631927382,0.0
1.408448111097522,2.5526864292801377,0.6230674238498835,0.5896133968289453,2.051903432651397,0.7042238999672157,-0.6973010358888884,1.0251439928500672,-0.7252153843803948,0.6989267669493225,0.10417747401872865,-0.012892951649798146,-0.00855859815397157,0.04461586891954729,-0.21203780969958175,0.0
1.3827022820601473,2.6198294965901514,0.617614849861034,0.5255142977048406,2.1097025183006353,0.5373514776785083,-0.6637856276211658,0.9834718009396781,-0.6758897578050511,0.7944028109840405,0.1923900498004976,-0.11641550903875063,0.04190323148933594,0.1455984144335949,-0.2507201635263995,0.0
1.4361255325164883,2.6845056769359776,0.6800894170495558,0.5803852812685569,2.110029071898314,0.7050458826577761,-0.6166903563456856,1.029912128163255,-0.6640413411530686,0.7941730843386213,0.05118658400105851,-0.16139690182919622,-0.07607905459939387,-0.004587265178420494,0.016484383515197265,0.0
1.3377604464179418,2.592145599413527,0.6755914239068979,0.6294919756244045,2.1806087591303283,0.6352670049585375,-0.6769216435335852,0.9756309846028116,-0.6784283299687348,0.8340755149891448,-0.12123616616976812,-0.14870847889829006,-0.060174866829885314,0.02436031848610501,0.0008755719866196388,0.0
1.379652302646162,2.5406507681467225,0.6106115214964734,0.5389614666921615,2.1470676973480964,0.7887605178048758,-0.5523664495313088,1.0234285198898512,-0.6401096003108594,0.8604076553288939,-0.016549494396603616,-0.12263251903499374,-0.12709654221241468,0.12353813677262289,-0.1494048614153882,0.0
1.3617964146454618,2.5389715689351866,0.7588949728946379,0.6196179986564708,2.1158066761072005,0.6684176040413811,-0.5592506282028464,1.0693037973248047,-0.5922290769970502,0.8984221302420686,0.10684473909939603,-0.15086649450382866,-0.02141046359699414,0.329076773644035,-0.19950923449694163,0.0
1.3093479417878915,2.612716501493559,0.7472942784816725,0.5709222862173704,2.0930117296213595,0.7388520894199069,-0.6065331946391186,0.943964720812628,-0.6771887403990625,0.8537841344771608,0.054913359561636094,-0.25896994150701347,0.03607911081859133,0.1828695884389253,-0.3112898401102804,0.0
1.4227602702273077,2.634498936992911,0.6223651110516549,0.6383721127603453,2.042840062330138,0.6584540455818796,-0.5268424490413374,1.0420717048051187,-0.6064845023927352,0.8626512709955441,0.03499978008773135,-0.13701276478829838,0.059390231603194024,0.2350184792523019,-0.3653793831872425,0.0
1.3644283056426267,2.630908119563882,0.7029216758897705,0.5880201753305434,2.0890421114540016,0.7389050526205629,-0.5418896290097219,0.9455997659438414,-0.5907681695543848,0.9734996451635126,0.10403056102945848,-0.13794701495655923,0.1157332137482423,0.2824462888502143,-0.08870089690390554,0.0
1.3073982596527607,2.6380195991744633,0.7170888442031981,0.5814141068761546,2.1028709741456124,0.703939865166947,-0.41883857464911795,0.9531609389110745,-0.6320229041411222,0.8966341793277828,-0.02475035342899322,-0.12791211886942153,0.11379351056564399,-0.08051455786122796,-0.16205487144010236,0.0
1.4252535920270626,2.584835125470689,0.6468951462512105,0.5517834844452566,2.101758674715019,0.8054516729544173,-0.45223755910165436,0.9960970370316896,-0.5820320523805786,0.8912622949243557,-0.09172617868555256,-0.2766905934449836,0.09478837290151364,0.01757190206683667,-0.18198924347152484,0.0
1.4063625024903539,2.6092513226083582,0.6599411514830537,0.6703681647631375,2.2078946356814177,0.6839466567183506,-0.40024846647800005,1.0190791877636276,-0.6040680246316352,0.9657720472559687,0.03053307838501851,-0.2513279207091979,0.021209069879965126,-0.13635935451218445,-0.14102632968153153,0.0
1.3578183488138487,2.6930835056648474,0.6112318003084307,0.5473222842763682,2.1017589431336425,0.6810562926300519,-0.4805979151633917,0.9190340031771155,-0.622528135154348,1.0168787852844337,0.06494835126694534,-0.18156056544087526,0.14290173979434206,0.07105786794709186,-0.1570494198977609,0.0
1.3757391684023221,2.6021872334448304,0.5846689783202667,0.5340149764807797,2.1226541225395548,0.7200661159212666,-0.39507601940103587,1.0703734671582958,-0.49922414778732366,0.9967869754607329,0.10552368754589,-0.24427866969481307,0.04894976888461732,-0.015788084900159427,0.02672217068500135,0.0
1.3062465869787432,2.5989936323619007,0.605393012401884,0.637104284983871,2.1677404598393153,0.7935659282670625,-0.38300219874550817,0.9499950971655872,-0.5002504135366324,0.8690952970157301,0.04547985281789226,-0.14581971343194788,-0.07775054420316697,0.028952862079582753,0.019552445394842445,0.0
1.2957566163811562,2.6824893719102336,0.6787183012729275,0.5372380904119393,2.0985699449622532,0.7017824574171748,-0.421763991987669,1.0230362618073525,-0.6291580776333718,0.9223571992292413,0.2426160592788988,0.050428330344682665,-0.02511785231037313,0.06915316492424121,0.03313081036844664,0.0
1.3759562709480486,2.646551010956658,0.7130271912831251,0.7053405235090572,2.130385620727462,0.6812664227957645,-0.38469679241040067,0.9925133541334569,-0.5428383949455774,1.008908165211176,0.04957905610820468,0.061754625219348186,-0.13152064323473928,-0.01456145260425825,0.08413534122703356,0.0
1.376735048665103,2.626417199195749,0.6958416215711748,0.6242176366729167,2.1519763495821507,0.7690151415025692,-0.3904094634308069,1.0072402486859147,-0.5781914377773303,0.9598374252541403,0.10745216787149094,0.05397019700597412,-0.14719776225618697,0.0627188089137668,0.16461108070293706,0.0
1.4123011847853835,2.6861186800393537,0.6456855725252059,0.5923207028451073,2.2458595968270694,0.7755417809553665,-0.4278020956415604,1.04449036686496,-0.5938974168366378,0.9982849357004047,-0.10933533798137215,-0.0748613891010228,-0.19748490609163874,-0.03548341045010993,0.11433660089277857,0.0
1.3556773090509355,2.6344668748699287,0.7222268592623756,0.6956434691810259,2.117807701878997,0.7000441954576027,-0.3607445864350769,0.9073058057560611,-0.5868090716277333,0.9095712048596459,-0.034207621577055196,-0.2395897476886335,-0.09763480083180257,-0.20852377399162753,0.07585450639404451,0.0
1.3449740350662616,2.622665746839116,0.7510526896962956,0.6296070958737956,2.0652406575830167,0.8141934526676244,-0.34105632573082584,1.0001136320596242,-0.5659935458982699,0.9591715063465194,-0.10673860511097238,-0.18068177437406363,-0.05640657269525373,-0.13555067406035856,-0.012115978111965645,0.0
1.428332317007382,2.637308549134866,0.6216933970043612,0.6278198304851261,2.1782473497693435,0.8494196883773126,-0.34036206009032016,1.0137325773740173,-0.5004262610666479,0.9622592133835676,-0.09275583748281971,-0.13066788879294092,-0.13452770328872182,-0.06222996251396093,0.012207659951534269,0.0
1.3983344050607969,2.5880046146501754,0.7253707916398251,0.6090172750330832,2.1644819273626212,0.8067013869717342,-0.3707986138732062,1.0185186758979021,-0.48210654308848844,0.9189863819412494,0.035824792049157714,-0.17260125954605876,-0.11119154130798231,-0.0641605383433988,0.03676763025944401,0.0
1.3660592690371192,2.658153174833898,0.6429053679531566,0.6220818879643957,2.106619932814009,0.8343161790308037,-0.23593203700508536,0.9092427290441932,-0.5440433811685205,1.0575044748367406,0.07398884600468836,0.08307448048913302,-0.08621783735331022,-0.1464550643947785,-0.21613976250558556,0.0
1.329314327734993,2.67395969698205,0.6388072603069194,0.6153097328627201,2.1664000338869016,0.7291399904051067,-0.2611850968645363,0.9820671770073354,-0.4883124424584726,0.9092836416756864,0.23755623236357382,-0.06123765209763313,-0.24735159545278934,-0.02598008047956908,-0.23969185620885547,0.0
1.407849440697037,2.690887306197889,0.7303910384592776,0.5494369049326828,2.0869660184569616,0.7523660742122178,-0.19411022530333086,0.944835580464185,-0.4676119108989813,0.9952029200811677,0.11852476449912033,-0.10554531067577838,-0.13236667829897725,-0.0773998898692054,-0.22214767007525074,0.0
1.363426890039517,2.613782945165158,0.7292758397320127,0.6056495690185135,2.2128075090214643,0.8731319714085096,-0.17245709216464628,0.9291723091208727,-0.46615794774553365,0.9240398197470506,-0.14053537827282364,0.006989016380028884,-0.09845169451569216,-0.09697483707596469,-0.11157902095961443,0.0
1.3968123699930428,2.688983342976549,0.7409251646420714,0.6067226405499794,2.194297169143407,0.7918185851134518,-0.24669444238170168,0.9363486017287731,-0.4340567920784665,1.006882646543436,-0.08205799537410939,-0.03701851573979502,-0.16896910943104176,-0.10974457942505894,-0.19452264004760877,0.0
1.4122771809460068,2.7164587354446192,0.6871293127304674,0.6215025700132369,2.1730971319396533,0.8601733260149848,-0.13280801987832283,0.9643028153417543,-0.49374057463635834,0.9379625117008503,-0.07974281814681447,-0.03615798548363424,-0.24230392992214372,-0.32769723690179914,-0.12218886685053425,0.0
1.4524988160890064,2.6448931831373494,0.6966180281323084,0.5529545362796476,2.1128602216493277,0.8526902576862733,-0.2018611347970617,0.9724661801312406,-0.49230754894207585,0.9110846493858489,-0.17690745518517112,0.04250191380218703,-0.13843822984264725,-0.24959159092034472,-0.17014078502410557,0.0
1.4022408802588868,2.733020821390048,0.7580380754450001,0.5772007843678735,2.162617279296756,0.7673242242031014,-0.12663366658398217,0.9810500078353764,-0.4493922075871796,1.0333472980395273,-0.060189526610537614,-0.14793845494519126,-0.09871487750850355,-0.30404100875192575,-0.05952678854670774,0.0
1.389170024983413,2.6830070786231333,0.7502086518941493,0.6129067502678073,2.0998414659122284,0.8997168574554513,-0.12867631409662733,0.8823298116032545,-0.42776688613027575,1.0249824788099386,0.03099085168120002,-0.09284838733907126,-0.062231739923195924,-0.32426889146171783,-0.14034870301825442,0.0
1.3855290635241213,2.791513710295272,0.8041084587296393,0.532004741337882,2.169883679543165,0.8074928465281233,-0.08830803407535129,0.8873877512110053,-0.3232772047833382,0.9082097520627785,0.07973996783907736,0.013806627515057235,0.08170014721432313,-0.1824976122576333,-0.10585175862773241,0.0
1.4533843774284556,2.6686780345900334,0.7055868527630009,0.732440648398241,2.238759178057209,0.8875873882231352,-0.10037426954602476,0.8241527464747755,-0.33926978988149775,1.0441927681512895,0.13736119802008956,-0.026281750227945017,0.08330886069726857,-0.01426206780681566,-0.04501830703549938,0.0
1.431040075954716,2.752074334672544,0.6054081601073591,0.6137596909568613,2.170987877260772,0.8216920523675456,-0.053580067812469,0.8526937605550042,-0.42536333011239313,1.0182498917218783,0.1549192136607197,-0.011573177407916989,0.005073857596035576,-0.026366737503077033,-0.02866786230012866,0.0
1.4148844139999057,2.6868950667967306,0.7072154308435505,0.6019750919742459,2.034310535078993,0.9450886407027008,0.01850198716170845,0.9089041220543909,-0.3571462629475089,0.8774525494113857,0.2365249077804717,-0.12424065051012437,0.16955773015810258,-0.07915508404583754,-0.16630408531329413,0.0
1.4777996011229526,2.7321201940757223,0.7210003742153448,0.5014051541002997,2.2805889869148497,0.8248594180859564,0.025984443701586805,0.8833926842412486,-0.4154116845951301,0.9797735853673802,0.12887431443821723,-0.0056986606488905744,0.07656949343538773,-0.08947173237326053,-0.15032253345554106,0.0
1.4265655823903423,2.703907196797096,0.8220193013550998,0.6552149478477296,2.1601957987065745,0.747141324170649,-0.10963165210206957,0.8474854193058861,-0.2872612037703496,0.9341735698644086,0.20184776713184216,0.008650238159449982,0.06732810868814408,-0.08265756791941625,-0.1278038860403011,0.0
1.5131566976881028,2.7744096875888378,0.7294596448411945,0.6114691774016016,2.168311494202484,0.7805203354014953,-0.05205113663208721,0.8861996524876709,-0.4027423651993015,1.0702015400052622,-0.061883022516746516,-0.11936094336046442,-0.02752577531352328,-0.11580139501484837,-0.1251495654863798,0.0
1.3509380541390938,2.7683056442464298,0.786112121508053,0.594966737278393,2.202819346884597,0.8615796159249196,0.04943339215277826,0.965601792989237,-0.27430909222125777,0.9946128023689653,0.021794134619581317,-0.0639645309579724,-0.2233528171802745,0.030927734499790985,-0.0804664963439773,0.0
1.45368204021527,2.737375757766724,0.8285116298731862,0.5926739085554212,2.210992796379104,0.9254302680943705,0.014583885653885149,0.9078694078359351,-0.3027698326117598,1.0502654882632683,-0.03896966023176318,-0.18918482763919467,-0.30864768434915474,-0.031376272052609705,0.021700642775933122,0.0
1.449587647028977,2.787666416022746,0.8125747147833451,0.6032641370453365,2.1453236974600434,0.838059105417012,0.10074466404120332,0.8215722726655468,-0.29141893564236576,0.94924983098563,-0.012467842432353401,-0.09327496923637005,-0.2565379632184963,0.023039415515352997,0.01583874073372344,0.0
1.385494745878283,2.672637104031454,0.6318693519682415,0.6702427964678251,2.1868127743049297,0.8657979264091954,0.01184687695277354,0.8568393366461655,-0.26713447427009746,0.9766149694552699,0.021408545499067552,-0.08150087103630765,0.029066842726900383,0.07019801369193437,-0.09882757132435128,0.0
1.4127909209813696,2.784920994830018,0.6972719228746403,0.5863246030548517,2.2282630652055335,0.8891136242816996,-0.02109407791702525,0.8528038704549392,-0.24932339677648135,1.0980829185608803,-0.02555803563684229,-0.016306906304649434,-0.09770070518213242,-0.11937597967052102,-0.15609585301193218,0.0
