Channel_0,Channel_1,Channel_2,Channel_3,Channel_4,Channel_5,Channel_6,Channel_7,Channel_8,Channel_9,Channel_10,Channel_11,Channel_12,Channel_13,Channel_14,Label
-0.08865677521100797,-0.06588291315729207,0.023275570192532652,-0.05145127069369934,-0.024293059028538677,0.4543543138728927,-0.8093412934886255,-0.24216665130994322,-0.8407765568324637,-0.8839153995148712,0.0,0.0,0.0,0.0,0.0,0.0
0.0059036450777804235,0.014948799495969799,0.016832432799330003,0.05162405328791916,0.0029776344747888023,0.39561697618941916,-0.748691878123888,-0.22564608583725126,-0.8780925953858963,-0.9642308303655561,0.028220933660154424,-0.02710410129974001,0.0539396864239986,0.16591673605801177,-0.029077582120405777,0.0
-0.09167978886031099,-0.008475852978974767,-0.017432060105874756,0.09634558732537218,-0.013332875933846303,0.3928080415418607,-0.6777764650084226,-0.21777970178300982,-0.8274164182225999,-0.8831670519577797,0.03199513558636262,0.04504662511268078,0.03251694294555671,0.34126282172688444,0.04025581719801086,0.0
-0.012212356826173703,0.03264586661209566,-0.03671845072596349,-0.024710631239174927,-0.014263370304073658,0.42908935797179826,-0.7125817308015887,-0.175716009125999,-0.8041166486336127,-0.9338754719664001,-0.10007230852294344,-0.01569810901357596,0.09725505395683692,0.08951381542709533,-0.010853196505854396,0.0
0.053119856212600076,-0.05103938762065089,0.03480257357311239,0.011128927895726972,0.053526278886512145,0.33204225549733823,-0.7639021964981677,-0.17568210043702423,-0.8839611500724518,-0.917066821698892,-0.02058550796535316,-0.047188906117575216,0.14035787561586074,0.00919156020174966,-0.21586515727463515,0.0
0.0337654781549111,0.033938505937604876,0.002511705155045121,-0.004330466508417719,0.053677691255711577,0.41729505338240597,-0.7475811478492357,-0.260973049729154,-0.9870922792054728,-0.9398785048377507,0.12709298328105892,-0.01943442344817732,0.08751856563944357,0.15541849931423113,-0.06567347690899958,0.0
-0.07063006002531992,-0.033265861868281815,0.0987040344894043,-0.06301332285908823,-0.01740092693727373,0.4615087663097631,-0.7492503145262225,-0.27324803785201557,-0.8650767871433003,-0.9698796332014531,-0.053808264095392036,0.032577364641671075,0.06813357802460877,0.15425982200603128,-0.20011475628899866,0.0
0.0006822830119545585,-0.02613575221201301,-0.032816842011166615,-0.14353798327937217,-4.341041313114108e-06,0.3476704070081958,-0.759797910149023,-0.3014984767349712,-0.9822336753637765,-0.9236952630972093,-0.07819186223106758,0.07839154041316877,-0.04639883278280221,0.28389415225337383,-0.26777955781405427,0.0
0.05060817955108599,-0.03939282838232701,0.0018059314685808284,-0.08613277859342894,0.04165758493757319,0.3825661874163426,-0.6962089084691632,-0.29964755806176957,-0.9444800469842695,-0.8754881553733714,-0.06515231773071485,0.07275458439298253,0.07002436453139503,0.22965515499440076,-0.2082842954744932,0.0
0.04842735522121559,0.0012628989656670066,0.015523508317710131,0.01986131462004742,0.015530996234232859,0.33784803119829937,-0.777293737080793,-0.3489907695299599,-0.9186937315272461,-0.9864823704586588,-0.072967268602448,0.01977445731423231,0.1537951383490641,0.14437291096696336,-0.12510815625569463,0.0
0.10233239401834189,0.002749048187670377,0.0003467216940055652,-0.12304525255218,0.07561450383682589,0.26911888463671524,-0.7904122380321572,-0.308968446429405,-0.9275406070827867,-1.0225427832713823,0.05273573426189948,-0.08166577680771865,0.1077406351075494,-0.06819508520493847,-0.12374814553990002,0.0
0.010131785403736835,0.04835707235153591,-0.04701211840421767,-0.007920692477007232,0.040742586681333244,0.26129878446192584,-0.7627318811810045,-0.33126870788126866,-1.0149627241591834,-1.119487037128124,0.17919513196507408,0.022240674392822957,0.12381929202699726,-0.0545808920583352,0.03375852176712012,0.0
-0.009497103847851475,-0.024380479519977415,-0.05250664853727415,-0.04543793106567799,-0.06163097333937957,0.25399282880609153,-0.6711737086328905,-0.3696923657720224,-0.982000712839457,-1.0153033507171152,0.1412654026433157,0.0438813465495381,0.14521436539607646,-0.05068380832873886,-0.045727193290145476,0.0
-0.01567281087114952,0.024955397638865683,-0.06418637734623711,-0.02433580159503442,-0.0082121497052108,0.29160539924566864,-0.7334096792072268,-0.34782821994616575,-0.9250414285684692,-0.9548822860002433,0.17741838275059102,0.01576190471198494,0.2193797621546073,-0.10440019656220012,-0.025232881604826608,0.0
0.04139473668857424,-0.07162200478362243,-0.01241418897818556,0.03584209935590007,-0.09165122317918585,0.21399848667051968,-0.6563954998705395,-0.44646386449736625,-0.9234164483370176,-0.9609463998726967,-0.02060437255345965,0.06225833600687774,0.14612626554332891,-0.04002551014555744,-0.031116315260650854,0.0
0.050436251718837116,0.08544261481418515,-0.009767394731808942,0.009317058535074838,0.07804142306922056,0.19327691927134352,-0.7424006443312454,-0.44934932988012777,-1.011921990706466,-0.9257258981566281,-0.08036907726637137,0.0932919200182247,0.15377414865627537,-0.038818964327646005,-0.05673374542216883,0.0
-0.008841510256859097,0.02532379951732407,0.02997754853886742,0.06946989500366374,-0.03316193893242353,0.1767032646024447,-0.7604338461818023,-0.5459586757821357,-1.0827322453242056,-0.9420105936810307,0.14422015636542454,0.06241384137070666,0.09016653758099555,-0.14069146702080457,0.077564896204952,0.0
-0.04646971372857568,-0.06502434543435531,-0.07229263393834806,0.024902414847059313,0.011228962574208284,0.161024361589852,-0.6619221992287927,-0.38044633430775937,-1.0278582934797642,-0.9955418078866018,0.057160863329397966,0.0036109325553949773,0.052667741595227996,-0.04396065192755747,0.15004820358694143,0.0
-0.01743686773247963,0.002485675453957512,-0.022473490259828935,0.02476523943911021,-0.042656395980117064,0.169092497369943,-0.669047885818902,-0.45357607292578694,-1.057957968308453,-0.9082054165608202,0.048487435034331464,-0.10700428581233565,0.09479315049490253,0.19660630394869794,-0.074702213906626,0.0
0.04728440411840573,0.07014279626757945,0.061731470060486175,0.014534076628610502,0.035499503794932184,0.1698883236253923,-0.6375517272237962,-0.4571201386014551,-1.0438979603986758,-1.0557120907682371,0.03744734226037004,-0.053192463680511226,0.20161874036681743,0.12545133260963406,-0.15020055119543538,0.0
0.042980293545938686,-0.029036348774795186,0.01838283398283215,-0.07389512467940455,0.012457653564948545,0.12230008247374724,-0.7231420565912753,-0.5214626366847778,-0.9892121729020599,-1.0098140385464753,-0.048578539092079785,0.0704489365360768,0.4188060859592625,0.1277473674956089,-0.06430786349298981,0.0
0.05848005505619783,-0.09411593143667607,0.0068768339547653325,-0.02797191473266314,0.010180950601849443,0.18079512767841005,-0.6592775081170147,-0.5210562119873317,-0.8732119569891371,-0.9978947842315722,-0.16112327800667603,-0.11412740886737585,0.5813639002047071,0.045984097561693534,-0.0414566157727507,0.0
-0.039360691901958796,0.004657724755322197,-0.0951949136364337,-0.021079788050478304,0.04182574138212643,0.2626705913452537,-0.6777519281290897,-0.5190797098381549,-1.028987106595813,-1.0302354593155822,-0.1265001225206242,-0.03325995343090418,0.5043970339384587,-0.007623163354665265,0.006727467607997195,0.0
0.12432622694148628,-0.014018861316251512,-0.07195659015558639,0.00644305189537794,0.026560885210051805,0.1724740941837122,-0.6240858422157101,-0.5065226421307552,-1.0388919755680344,-1.0492019503968246,-0.11190036492025582,0.02694034148841201,0.4373891856454246,-0.011469024266689522,-0.031005339172169005,0.0
0.062194370934323576,0.026083764554882982,0.05072532386932764,0.04357428833203579,0.0563695093740734,-0.04410437192970926,-0.5924796473612378,-0.5556942840575154,-0.984839953408994,-0.9575261621519466,-0.056214068769071854,-0.0648762498034241,0.5799945432133822,-0.15248076771383043,-0.018755566481706863,0.0
0.04999978880410972,0.09945280673903208,-0.002854457130668545,0.04001558029735375,0.056759316119642855,0.1529354064791895,-0.6291617898254623,-0.5513177955068692,-0.9770477515398026,-0.9236278927841961,0.01899321317086901,0.0016997122959179004,0.3561724270195814,-0.18496746994274404,0.02989604176300266,0.0
0.0030899979533658747,-0.0041153959703454914,0.03442205346436016,-0.009939998172407222,0.06760900272381147,0.09939184368423666,-0.6467904203814412,-0.5290150332681209,-1.028804105232062,-0.9310579230786838,0.00965505046454434,0.14089835439694623,0.06201911492092871,-0.18584655901955968,-0.07216912398777278,0.0
0.11543832858898678,-0.02049086921602603,-0.014862460230977637,0.07954930266797805,0.050377857027902664,0.01040320616138743,-0.6074522373948781,-0.560218476248032,-1.019411759030096,-0.9554072909273077,0.17282076019740492,0.1808682009484531,0.010681528926656372,0.0854161267031203,-0.10251680514756824,0.0
0.00554720401537361,-0.028234807105130637,0.08691641265080934,-0.03145985969761375,-0.035015072241788625,-0.007313020980057795,-0.7025267015867273,-0.6662195733084754,-0.9476655402849858,-0.9501277100822525,0.19706298041389003,0.04825968200141775,-0.11591468044478574,0.13172856266858363,-0.060188727871290496,0.0
0.10633512629607887,0.010262627004954623,0.022911172541371944,-0.0442520653261711,0.0007857866007155226,0.1029163079434963,-0.5085524984214143,-0.6455689647685011,-1.032299354335775,-1.0126751566476022,0.22039619357096824,0.12895597954578733,0.22296963769483627,0.17364180281379832,-0.12816465640136643,0.0
-0.00937672433768039,0.01667107394406747,0.03515124911833329,0.038824023616224904,0.08368254952617975,0.10798011900035101,-0.572542565626326,-0.6158419445310435,-0.9759728148661391,-1.0803062808556578,0.08330711282928112,0.029417320960692904,0.19625658526995093,0.2040268216949076,-0.03519636451650441,0.0
-0.02114495193847957,0.016736302288459813,0.0009465903285850799,-0.029749994286871133,-0.013036321275573902,0.024694686020688278,-0.5749100084901082,-0.6280139446022189,-0.9952316493578178,-1.0281096274356905,0.04727183686753757,-0.0397821370014645,-0.008058050271550377,0.13438745719057768,0.1328069457807696,0.0
-0.09527435268911592,-0.0009593391288968416,-0.043234029264284914,-0.02271419631413802,-0.09027575232778365,-0.0032198784990266367,-0.5710953387463593,-0.6396589420247402,-0.8827244603205733,-1.0110242938220182,0.07370150912388405,-0.081194033434539,0.03433577750663362,0.12366768141202462,0.07309340766871988,0.0
0.032689619952290284,0.04727375936690331,0.05232907250016497,-0.0116016837274161,0.034857769142405945,-0.06678737743030676,-0.5748623132951413,-0.7933232005088793,-0.9972300658072585,-1.0160110859794647,-0.11475439731546852,0.07926919011652511,0.0008682632180365135,0.06054316730931829,0.11837751824545836,0.0
-0.04465136798155775,-0.03205974878634893,0.08249525232109264,-0.05861942701226949,-0.11613308586927391,-0.013691236109759967,-0.4986580382464878,-0.7120707123027615,-0.9626115108530265,-1.1206045992970388,-0.1712323520725756,0.041542277731066335,0.10917444315452798,-0.10661536932074811,0.08147280198933528,0.0
0.007331421932930848,-0.0441575149361464,-0.006415741502088084,0.05470863069205498,-0.07170246641729336,-0.005338888215510568,-0.4899503581628559,-0.7860362656176381,-1.0640170846982293,-0.9492046878588216,-0.17888256999197938,0.055052694511537964,0.032247401376065576,-0.25343864333941224,0.1761340427996461,0.0
0.05394668856363545,0.053222780309991426,0.022181902194941386,-0.05992102937909832,-0.021726603836731362,-0.030607390134725663,-0.57100602850951,-0.7942227882987696,-0.9738637416255385,-0.979708920914555,-0.11327139942371761,0.04114183869769218,0.1094682342113668,-0.3282984016589686,0.10135041704137443,0.0
-0.008453843275627003,0.028198356685715815,0.020094928160861218,-0.07104511562490237,0.07729938993133267,-0.1195799246492186,-0.5904808650650166,-0.7878862434735466,-0.9962657059295099,-0.9172061483218825,-0.2095977076638199,-0.11741835515330375,0.1282446488469428,-0.17634407422631698,0.011061949904283254,0.0
0.10222950154717607,-0.05689907048456981,0.013721055156936817,-0.09911020633865066,0.00808495045892066,-0.03275008482056323,-0.4629054785139053,-0.7989428423131383,-1.074817891850206,-0.9452721803251021,-0.11423520413153615,-0.1739761121706252,-0.07091915950197675,-0.07246268485366635,-0.015190440089814065,0.0
0.07248927286328079,0.05487193168011759,-0.005006737386135869,-0.033211203625385315,-0.05371593172331027,-0.05413952552207826,-0.5617825329812062,-0.7261984677861667,-1.0262523680948392,-1.0351669063106954,0.0893042039165755,-0.09447228585643265,0.09236730065701793,-0.16501316677398387,-0.02182382270010503,0.0
-0.03057546679309314,0.005803379727279502,-0.02045789404318116,-0.07434086329566968,0.037255218170642715,-0.11001506261514155,-0.4655724521340608,-0.881961926749597,-0.9391121387653479,-0.959669397489968,0.026664371101821877,0.11734179371496162,0.04195676022524472,-0.25963371822744774,0.004296940148369108,0.0
0.005902869275607212,-0.13110941159030415,0.08664433004314366,0.04239921480472894,0.09379217212667353,-0.15033490483370945,-0.47186319492984097,-0.7491956871388219,-1.009508351202502,-1.0334492349364794,0.026672429894272556,-0.15633619143625893,-0.06892118958720114,-0.14164533432598622,-0.07084919399762898,0.0
0.05745854338865207,0.01500670870917075,-0.04596288517673976,0.01106159281171512,-0.05330118953336336,-0.14434107641618785,-0.5570967493665622,-0.7286222101244018,-1.0569100401628837,-0.9928161315828334,-0.018147019637018647,0.0159856165395732,-0.07871044493855206,-0.13021124874871084,-0.11418065800231103,0.0
0.145309108433366,0.044728049814516974,0.001267713012656638,-0.05828407773152954,0.010632962899189032,-0.20279622960096702,-0.48280346851583833,-0.7910063779887112,-0.9407547560949678,-0.9511894181764915,-0.013435188448256034,0.06245569633011469,-0.15210455613331858,0.0018990232997319473,-0.15369954919075324,0.0
0.014662943677364256,0.018669954281023957,-0.002704856750985708,-0.015443295645858201,0.0921928344174595,-0.21199846194629052,-0.4900157878516748,-0.9007952694946513,-0.9726988846648518,-0.8973727449034213,-0.039447804763842284,0.1287316927654669,-0.09557849223328786,-0.11536135100846222,-0.10229629685295942,0.0
0.007583565187018821,0.012224748863848538,-0.10655588809883225,-0.014158187553545063,-0.0009625551844211697,-0.2009257458528913,-0.4703416714533805,-0.8151448045620251,-0.9540540733995119,-1.0403182718648374,-0.0028897475871039885,0.11376068683387257,-0.12990477137834588,-0.08070732188045758,-0.12955924556863424,0.0
-0.007738354716511912,0.029534266872876018,0.014646286755521737,-0.031743090377680944,-0.0751414840983019,-0.17243292198684862,-0.46655765205867306,-0.7999973915160372,-0.9780055289501648,-1.0126299246816317,-0.12197106569025382,0.18511078906449552,0.005358918271102464,-0.21158101255185335,0.03880846127838558,0.0
0.035139103481374424,0.005657525241343422,-0.10006073605181455,0.026256728506532292,-0.049726310413720574,-0.2706821535598433,-0.4940375067021351,-0.8517916870303285,-0.8850703272336173,-1.0490319078728427,-0.18288288163710298,0.1968943377703044,-0.013467612398919524,-0.11747976316847475,0.09235972939287851,0.0
-0.018436484261667777,0.003996546178007495,-0.074862419596071,0.017221825681857733,0.004376941041394119,-0.20151476517814781,-0.4418360354158194,-0.8877838507022378,-0.8834971319073283,-1.093353408316005,-0.036974073296330984,0.036520070450424366,0.03827185287422365,-0.19046768666879876,0.13572808949302806,0.0
-0.03783345349196153,0.028608477908868953,-0.06607922829135718,0.05584833450243101,-0.0420915389280407,-0.2010647177014303,-0.42678457757627936,-0.8466119659157194,-0.9522386794706099,-0.9149240513301318,0.04596727880717503,-0.10316289971781067,-0.055565283504132375,-0.09400667387809712,0.07892759490193724,0.0
0.0625619435645476,-0.08863727264780998,0.025293193551714804,-0.09399628493887505,-0.003212344986945599,-0.20228689461395621,-0.43235326369998983,-0.8804721209205384,-0.935477981855888,-1.0009860599159923,-0.26133171184502046,-0.09483734908545377,-0.21422385031404906,-0.2367278647920047,0.24729218303605427,0.0
-0.01981170464237302,-0.04888667646977931,-0.12631429248688214,-0.06801267093925,0.11676765266686191,-0.24554881831809566,-0.44526757308339293,-0.7980420754772476,-0.8190881173728495,-0.9635229821385612,-0.13017086534651573,0.07191354135708376,-0.14767462240177828,-0.12967210436165413,0.17530987216832813,0.0
0.05741369301409431,-0.04645145066842665,0.05380071822189714,-0.010688681872757209,0.03775869100130215,-0.27830210041137826,-0.4359393761795836,-0.9486292553870049,-0.8701353095104027,-0.974983385085108,-0.27605062760190907,0.01027803506786961,-0.14227881154931474,-0.03410087868866629,0.3080823358773871,0.0
-0.004960956211387389,0.11390447713945018,-0.053919621505433536,-0.07731224987593925,0.09332785898660202,-0.3098400006544578,-0.42010177003238036,-1.0188074434304641,-0.8124673416540293,-1.069341699818303,-0.26304661167647825,-0.18218517565515147,-0.07042348846831172,-0.06058041763970602,0.27288068659454157,0.0
0.051681246327341196,-0.07172056534938402,0.05838280666283137,-0.047577963024940176,-0.06036494781207425,-0.2637211231163067,-0.499138467681452,-0.9366719419368221,-0.8587753378477612,-1.040182012300175,-0.10705244646967778,-0.12070929470868273,0.09408727698406709,0.04892171600462542,0.11130137821312053,0.0
-0.0204754452582364,0.1235877704900768,0.0028054102893321185,-0.12952618256017495,-0.004906950491881995,-0.30216164344630675,-0.43330491565248996,-0.9619622684412842,-0.8488373528950429,-0.9556117400879072,-0.2682647813422161,0.05627356565644907,0.08232347565805198,0.1981723136179963,0.06728815753960993,0.0
-0.028251559938685993,-0.05654669575882692,-0.08715015568447432,-0.07393183616155122,-0.03331469277955553,-0.3402852781694655,-0.36642160829450726,-0.9376687739572382,-0.8937980830388109,-1.0154097751483193,-0.1899097927950772,0.026666785370076565,0.07961720282729237,0.24353949097195343,0.1882116510448633,0.0
0.145628878068058,0.02816079627527683,0.03660258807221625,-0.04677795146046878,0.07621249262238779,-0.4628286686345281,-0.4363701640247426,-0.99534583543953,-0.8337900191835128,-1.0570352697485859,-0.13972151407277483,0.07008318896156195,-0.07436788782616992,0.04558469993504516,0.15315294079702432,0.0
0.05640529477686004,0.010054128540641404,-0.03948050970548064,-0.04725106182151924,0.08436664044322971,-0.40574017364984366,-0.4577481774387151,-0.8867222164369475,-0.7598722976862015,-0.9391908061594734,-0.045548980377202265,0.10323638514077464,-0.16044219560552195,0.07676943846943518,0.30233026179052114,0.0
0.04071949569403152,-0.014488425239338,0.014493615466297093,-0.07636567136218853,0.04060214647918193,-0.41571368582555224,-0.3400833462718913,-1.0103992501943264,-0.7662383235315631,-1.0454920533468735,-0.1527567226960211,0.11807944856241914,-0.125168530441473,0.0038577591867257274,0.17133756563175373,0.0
0.028222533699506176,0.033056394987035935,-0.015200377020059243,-0.12657868524711274,-0.06046505215295038,-0.38201844202653734,-0.4039380870958701,-0.9561959881914861,-0.8712590653369146,-1.061633128628373,-0.16601027274360886,0.05668899786533188,-0.17493599393669626,-0.11678507700802475,0.03187740854428693,0.0
0.04339975553621035,-0.03418301861390446,-0.022249641040106096,-0.04265699130034449,0.009576975149598044,-0.4407780098729198,-0.4269625248591363,-1.0310855426021914,-0.8322658897432154,-1.0228986474452084,-0.24540327739015688,0.0746118925445724,-0.08991769640215436,-0.05065539844474839,0.1459351395638446,0.0
-0.06996688543413479,-0.08547239564753763,0.023018776518759068,-0.07643682300723983,-0.03436768993075697,-0.4240014971553319,-0.43383514172069126,-0.985062674190571,-0.8515974247745031,-0.9454152732593861,-0.2608084902722886,0.18586644523388873,-0.0060254565451578965,-0.007565405854377441,0.21965718543734863,0.0
0.11479525265378733,0.010894137566460179,-0.05262114897834655,-0.061339643233021254,0.07729841397296215,-0.4312309913629925,-0.3516578905135632,-0.8526947400731062,-0.8001697324092195,-0.9183940533963211,-0.18328101171966288,0.21134279295421732,-0.09361542802739922,-0.15067409818330257,0.15181935195934976,0.0
0.04124146321659182,0.044773000252776335,0.03238742276931362,-0.1655296710061092,-0.010451492620975153,-0.4936373434595859,-0.3390382290432663,-0.9718407137311029,-0.8107296595893376,-1.014941964319824,-0.10238507116758302,0.17731018820666866,0.015732876171096324,-0.022131155475191677,-0.042190700635558506,0.0
0.0015730258279931103,0.07910971676763319,0.028781755449623612,0.05453875302863164,0.01854565969791169,-0.4467206162048029,-0.33225235942644227,-0.8666010166495712,-0.7765013458736233,-0.9356665960029733,-0.21625499571475099,0.022654417032832094,0.14677292268512432,0.049298083760571494,-0.01984935395675223,0.0
0.07006297155837368,-0.01744565695756038,0.0697646864105356,0.004919047940383725,-0.0419566169419785,-0.5726463261548222,-0.35730138868301714,-0.9219233074684638,-0.7305928079530107,-0.962408839661246,-0.03838793026252041,0.18217365118787704,0.22564809470410657,0.12654293266962077,0.0887535993624138,0.0
0.07773513779995286,0.03664113563660332,0.008815567575127303,0.03439112562934463,-0.06285921826691011,-0.4127703465886206,-0.31589451424353904,-0.9615100250056373,-0.7135696358681789,-0.950043990575045,-0.161757111100935,-0.0234000216510985,0.2671825127412105,0.08638734192258327,0.20000400581608213,0.0
-0.007905123129714572,0.012716809568360944,0.09153274351654109,0.02621113520188957,-0.002585782446473551,-0.4840737960384348,-0.37465021735777737,-0.9564986815587455,-0.7670138732746596,-1.0222527421433685,0.07895373129689431,-0.04366952762528347,0.2958953406750182,-0.015277868060584364,0.18258237639833472,0.0
0.04637256417220497,0.019475401552780824,0.08530956529959048,-0.08263383005086775,-0.012086391295738557,-0.48831033060025414,-0.3123090520161278,-1.0783606662728094,-0.7299569816364447,-0.8918481602155174,0.0016323849599396562,-0.060122920211414486,0.3454175826557072,0.046507300827824435,-0.016374138801155513,0.0
-0.02196814543034146,-0.021009717753476497,-0.08762602341659315,-0.014508643451212968,0.019667110945253502,-0.49588228383011795,-0.3468580511992727,-1.047445322287122,-0.7638661484847682,-0.8996764984414208,-0.04358217934965163,0.07240260409491134,0.12747961016491033,-0.09657395187788963,-0.08524465079859972,0.0
0.005371905022044182,-0.031323007621667856,0.03369897146617638,0.0023089026881028124,0.10298815222335957,-0.49072688207793685,-0.3400599617584318,-0.9430970118278784,-0.8012633155777389,-0.9151740449141867,0.023897369137947228,0.11241292019221476,0.047353045702014464,-0.1396463714336493,0.04945517426875768,0.0
0.0475937499656102,-0.07914258379108707,-0.14617912355557872,-0.1605080679459748,0.04324618250991397,-0.5323485043480999,-0.32180889818677355,-0.9799802064402261,-0.707860894399373,-1.0378115732667759,0.18376611294917353,-0.012538708520910713,-0.061585693210865294,-0.12262028143500343,-0.056628505513540366,0.0
0.08475102933401199,-0.09420087553961641,-0.06623715404572114,-0.0330168819148436,-0.00014346442499653042,-0.5139976119603812,-0.29545945427255244,-0.917702711850772,-0.6821435750451373,-0.9094416336204043,-0.029112852152237162,0.07706650664757056,0.1821740284918536,-0.09486383653278041,-0.12105378800731434,0.0
0.019733483306256197,0.08046942442586485,0.007518312995825182,-0.02692252878198036,-0.03749842507335223,-0.6399145906475481,-0.2576278910042297,-0.9805525476906135,-0.6537235439913204,-0.9802700780702857,-0.24092650922205933,0.24582248952941077,0.062375420122567124,-0.1559875172491847,0.014492643512905606,0.0
-0.018354499459176783,-0.07790313593926937,-0.09428857402992599,-0.046534571906684176,0.025678532068247936,-0.5934065514052875,-0.29123083546647804,-0.9835779986655133,-0.5786379964764178,-0.8753985443940704,-0.12483667583606538,0.05388430315960471,0.038034988245430335,-0.2665297110283098,-0.06372085033109537,0.0
0.11933065646215675,-0.08519913891279468,0.006684338018222019,-0.09051907925648778,-0.015023326777062241,-0.6376289055963253,-0.24142063195556826,-0.9729068103228864,-0.6337077631196544,-0.8963367569222102,0.0848169521373718,0.0731914094874487,0.06032636216711053,-0.19651144355526473,-0.11556892456078835,0.0
0.026307063009131267,0.05947088718478274,0.07857568672461207,-0.06318577352341226,0.008406310054842075,-0.6282407754410801,-0.193563663373333,-0.9433975921085228,-0.6208907738351062,-1.0533633411403855,0.036198266061706966,-0.02821030374164274,0.14190950223385418,-0.10047228790393067,0.05050540373119841,0.0
0.11512123717555624,0.01709044284049004,0.013362820273737714,0.08284316552773593,-0.034916383660356154,-0.523154178656474,-0.27287032548068607,-1.1097966480622157,-0.6619528730194486,-1.011319669920443,-0.010485402312312736,0.17237530943179508,0.1339229537352184,-0.06985469284150353,0.03834166807568362,0.0
0.07130627602841737,-0.014131324386073361,0.003243228688576294,-0.07563477261568763,0.13896625092885856,-0.6365655028748346,-0.28916960666896047,-1.0537117670411589,-0.6076594274118093,-0.8996798345180672,-0.22891721022311648,0.2757427521773729,0.089014003978206,0.01883275941332805,0.12303727950847852,0.0
0.13220939947701751,-0.028743708472020728,-0.03709251120335087,-0.05171648159429881,0.10358554065896887,-0.6921215989256948,-0.28624945595605733,-0.9483533144609623,-0.5788128464152461,-0.802330120030082,0.06769765369705669,0.23696726364129178,-0.024942020174233165,-0.027409974495534156,0.01389913220869593,0.0
0.11561358380428303,-0.023144668515625872,-0.1272593088435986,-0.003203673099753175,0.02976150298008263,-0.6365514756000651,-0.27864831153998193,-0.9757639905309472,-0.6033127064861453,-0.9307842932474055,0.0476335997133418,-0.07598323884785713,0.08815270725688557,-0.12180691754615333,0.022668780174841002,0.0
-0.007052534308399007,0.048448567525471,-0.08805830035292614,0.007869297985203083,0.03326077490608066,-0.6351588944837754,-0.22738784193919645,-0.9882915117703486,-0.5196412433745572,-0.9148750350811412,0.09559145075429626,0.16571613817400221,0.17264673760435129,-0.1104381860752563,0.02581549932483025,0.0
0.07925606631117649,0.025748838777585322,-0.06931451866742278,-0.12123645064397896,-0.08572921882263401,-0.6869901247885796,-0.2427644283786335,-1.0462645210203743,-0.5559065176999644,-0.903414716265804,0.010884805762598683,0.08081034114281013,0.17862277545787375,-0.05220614800188503,0.04684930006604798,0.0
0.08736738787355025,0.029347071242612623,-0.04717543889259081,-0.05375617729495176,-0.005793241952048882,-0.6993317833443888,-0.13490985500209693,-0.9702815540676993,-0.5270193022405448,-0.8920410493461549,0.1376895997852313,-0.04343807284600352,0.06880201290872374,0.024854707461596168,0.12447606159771048,0.0
0.027925263723927403,-0.038060998610080915,-0.03632980066746506,-0.0528453163029298,-0.042175061896248686,-0.641367531028735,-0.19720212139108584,-0.9961507197557182,-0.4831916539102427,-0.9389156426554275,0.3212025935033282,-0.1473261356164595,0.03191856856048891,-0.08608004585700657,-0.05005146281900709,0.0
0.07136418716700044,0.07169927018793495,-0.00670213205403505,-0.12074201895852249,-0.022196107991207005,-0.6764448981486599,-0.1614913438571423,-1.0140703128337665,-0.36866957333176814,-0.8974764027668777,0.22511800221603176,-0.20675022432405693,-0.1614698373334941,-0.0492552794486881,-0.026423481684497985,0.0
0.05548650825432518,0.037897851174658395,-0.06887752845312743,-0.026810313715355635,0.16015395520686088,-0.7064387503428528,-0.2155875326154896,-0.914484405566661,-0.4870450043074443,-0.9265929521890687,0.36881718654033924,-0.1312203725317266,-0.07593261992930614,0.01453286854868302,-0.012367477137879147,0.0
0.06567450398546552,0.0076735168104906,0.0025191240513452937,-0.07522877107039283,0.013496012118309822,-0.6918159725380495,-0.14591326174943883,-0.9549368888412991,-0.5095939120114389,-0.955156522274903,0.2174510322313589,0.014827113006867856,0.181753711629143,-0.027947003343174258,0.07728541926963732,0.0
-0.0006563608786095756,-0.052696838415325485,0.07060851108685681,-0.11131265281700588,-0.018137905588577072,-0.7594240726991708,-0.14669471512462123,-0.9324144243787708,-0.5147939995316065,-0.7937814065931561,0.11672190223293882,0.014679450316181949,0.1259097010026888,0.15883214661499293,-0.09838339151159517,0.0
0.11481233017350671,0.04250526394122321,-0.009701900277649798,-0.12372466798811248,0.0709651227483373,-0.7647974789352666,-0.11056450142449911,-0.9375386336610647,-0.4385582974059785,-0.8918347819868968,0.12044861917442938,0.047481858925665144,-0.12982449480361447,0.16861892162679193,-0.16817795568905364,0.0
0.08717841074121324,0.08757963974411491,-0.002949286931909146,-0.10211005052578823,0.019711353488349244,-0.7586489517135437,-0.06088322704247104,-1.0414139080822864,-0.40354703233592165,-0.9443095936273548,0.0602213177816406,0.16633787035616912,-0.09414764761509531,0.2051608531973974,-0.2628877364673486,0.0
0.09861554759483959,-0.04900559596182155,-0.0930114444129679,-0.13598808033210968,-0.06659473714454603,-0.7107976710906471,-0.17599956656926688,-0.9868141290160494,-0.3639505766252,-0.7662323665984998,0.05347165946700175,0.15310915211846549,-0.038844721975541736,0.09976111744753799,-0.25612013694155833,0.0
0.038322890800551124,-0.08635170809778196,0.05623342496889354,-0.028088270530755063,0.013116720799921006,-0.7571108505835032,-0.15721587849802696,-1.0174437318403156,-0.2880590101627175,-0.893376879258931,0.24528218676688163,0.17214567459608363,-0.25864933240583876,0.2852246903767031,-0.2029464741312734,0.0
0.0011726218601576036,0.00820126381726041,-0.015753374074203692,-0.024575936412151382,0.029869704471803073,-0.7292501481186356,-0.16843969474144804,-0.9843815426522725,-0.35288071886354916,-0.8532567770232428,0.353701762692776,0.20486449053753353,-0.3913628987955542,0.04835682809728184,-0.16146162700066674,0.0
0.1304268412812863,0.005251663720387119,-0.00034247051394278513,-0.05752448406770801,0.09769174888074503,-0.8499312482519215,-0.06728191780377787,-0.9933615502229383,-0.3047802305539531,-0.8602799631689872,0.2078266395446296,0.19846707043838707,-0.38303146739624133,0.13222982838818706,-0.10965188769061263,0.0
0.11871106409487478,-0.03194293904825216,0.029240785058827906,-0.10337517729220494,-0.013359693243280853,-0.7644982041010868,-0.07788192401157894,-0.9527513340306103,-0.33489737719468005,-0.8113335137219807,0.21744702511884878,0.19472799031954358,-0.24005746525011404,-0.13237601492252715,-0.117070181283079,0.0
0.0388418106690455,-0.06609295068914565,-0.03853051368560608,-0.11602423765373122,0.03535762040950984,-0.8442395860709432,-0.06686798555062944,-0.9958799177748996,-0.28093269103277024,-0.8549287280065029,0.22665499461869398,0.1389413482003677,-0.1699426857565,-0.13674188849264068,-0.19207306824016485,0.0
0.12466128275266583,-0.02393655501134607,-0.029151358287449313,0.001698917058292497,-0.0642890926309202,-0.7179406712135248,-0.08942287007426837,-0.9409442121385682,-0.31036106943277003,-0.8050948216534738,0.27056041187513225,0.0848944911435569,-0.16342005821102953,-0.10637649251044602,-0.021192477939689383,0.0
0.09073662659594162,0.026107908111815396,0.02145486105694373,-0.04794097609012658,-0.009976343029413241,-0.8851808525401587,-0.08483952783875959,-0.9578313443444748,-0.2955635207811436,-0.9323170435445662,-0.0037541512970533653,-0.043661529574850096,-0.06653958346690989,-0.004309468845377917,-0.03127201172512607,0.0
0.07431488423642917,-0.03350111668201118,-0.053407162037709684,-0.06286496293019314,0.04978177524475903,-0.777794688451996,-0.08969984629612719,-0.8902064958193041,-0.11183370589061957,-0.7692895445476935,-0.04078190273663317,0.05438724601020159,-0.07092109303014169,0.08612272766172459,-0.05334636517000568,0.0
-0.023069168884228483,-0.019820530578677244,-0.018869033026089096,-0.051601744119569595,-0.024818086502759816,-0.8595779375750624,-0.03554143680807587,-0.849769027631457,-0.222157275816078,-0.8392027319815007,-0.057505891376225166,0.1293378327547947,-0.039438053289022834,0.09975265946739081,0.17548462401061088,0.0
0.07938614459733366,0.03569843784862933,-0.02876637248319328,-0.11846340999137078,0.01662862706978739,-0.8404543663901078,0.05313346389455486,-0.8930053738386265,-0.18835406477494704,-0.8445522306787571,0.03829661610502997,0.11942205443633386,-0.0069681792155185975,0.15106886150573717,0.08309100774085648,0.0
0.07789636352541858,0.05117009596627515,-0.014304019977395208,-0.11337936911909781,-0.000341724840430456,-0.7928417394959639,-0.14318938724286967,-0.9271616884463998,-0.20368878408904018,-0.7526489293814901,0.09534266609474723,0.0932287222883419,0.07475796441332345,0.025193626120010235,0.03462354525266251,0.0
0.0021273629751708822,0.019604424720936743,-0.10085929494094828,0.002867557391975875,0.005340510129857309,-0.8644762381040363,-0.10178761195190368,-0.9417436711295644,-0.17379934404643985,-0.8520185946197494,0.09843274736471844,0.03137618973669629,0.02908012258421839,-0.09327987219951409,-0.002079618718031459,0.0
0.030349158501026707,0.053715803107104956,-0.03370590046986348,-0.079592843862254,0.011827717642990109,-0.9019568036735827,-0.03324424060058875,-0.9468066064282139,0.005797745303936286,-0.769495015528201,0.03847355162078373,-0.045024962407544014,0.07005644738681095,-0.06615505783636995,-0.13441605776737298,0.0
0.08244392122843451,-0.0021422697570521523,-0.05292219179945077,-0.03242604562951811,0.05548966185065779,-0.8388123918214838,0.008884984014377505,-0.7815858005576883,-0.23381335503466674,-0.7705771544994722,0.19301647525541038,0.03313218156100457,0.042613019126472286,-0.030171505319695605,-0.007894733877500906,0.0
0.03641795631835557,-0.09583729586620118,-0.0942504009241528,-0.08209257954948397,0.03244529213996715,-0.9620236067441932,-0.020164653946931684,-0.845588621904438,-0.09034371668004176,-0.8366281838999153,0.24273931567477386,0.18890296793754063,0.05862333561504866,-0.09866491640953926,-0.1031303453485361,0.0
0.1403168615179276,-0.05395196967409825,-0.012183878079137601,-0.12809332181334787,-0.00641670530610039,-0.8502493724465052,0.018358970950761146,-0.8565693976433666,-0.05567033656447192,-0.8127011740560273,0.12546906371264588,0.05972839340610338,-0.03443980765957265,-0.30821116202104665,-0.1330634833324057,0.0
0.1222799733098372,0.051799925880505526,-0.0825642593122535,-0.08233161544302645,0.06739875866851111,-0.9093854123316023,0.018999787581145035,-0.8324150743461005,-0.03818365552690641,-0.7739138837360628,0.061791782077208396,0.08439244589054179,-0.06114990902467883,-0.15502420679473183,-0.1018225995694988,0.0
0.18579545629830277,0.05025064506949899,-0.024438181889364904,-0.07370432162651425,-0.04182003188337846,-0.8958618469132867,-0.008575114523326688,-0.8711759124537584,0.010148230814625958,-0.7347056934454949,-0.05869438141908287,0.05405555892383782,-0.0024861713485190354,-0.09967864440068497,0.02567788981935594,0.0
0.08823390771087937,0.012967512672838513,-0.057808647609643035,-0.1397958861609589,0.012628220908666521,-0.843408481550113,0.13052219937458212,-0.8059939631060355,-0.09233560047743172,-0.7886749291740958,-0.054435408281101,-0.1279159256990595,-0.037996973722548885,-0.14918968330600946,0.013352640493188073,0.0
0.09564973488815846,-0.032145807077580774,-0.11482943395424397,-0.14778175269001476,0.04139847850913533,-0.9093661754583116,0.031328858406314095,-0.7410879912350883,0.06414746576884768,-0.7506388028903752,0.08314213317671948,0.13178107765714225,-0.08883815490557595,-0.2181009306526763,0.09035447191170362,0.0
0.03300190492666063,0.01603743298030983,-0.009434437656669254,-0.018209468795275255,-0.015709981879306917,-0.8705302619549854,0.02425847043794139,-0.8260711247133712,0.03741596660464776,-0.7391471538965458,0.15164874424057703,-0.0346544934296736,-0.13334493186174864,-0.060317729348147345,0.2804940005746064,0.0
0.14651500937911452,0.01713068872915934,-0.03169433409459292,-0.1289987622756988,0.010951215573875659,-0.9234801939128042,0.08047843816410115,-0.8007237968261359,-0.032917891720045556,-0.6131194616205229,0.08964708903743605,0.023867148466451892,-0.1768922796108543,0.033860450365027404,0.12293392830519541,0.0
0.0379422304347627,-0.04336496032185877,0.021639234805848777,-0.10461350819509319,0.029769036803058674,-0.8962265262403742,0.052391035100589706,-0.8624235407463756,0.09916715782788504,-0.7949425907532502,0.1588263746257074,0.004635046295551242,-0.3134042206919655,0.0091447903183356,-0.06877926884538013,0.0
0.03431478259984907,0.027540517691108407,-0.03941786216393241,0.01561157631860903,0.05360768823272147,-0.9640263249237483,-0.018436678188755537,-0.7779176198415133,0.034874359818187824,-0.7275647760167325,0.08992914655659659,-0.1257628762328444,-0.16333820294887375,-0.022163329181483973,-0.10021814719761786,0.0
0.001807707501034525,-0.004109575614366869,-0.05530678089276679,-0.0004570169832701365,0.048925666293322054,-0.9260329128931293,0.04562457357783499,-0.7812268369648288,0.10347582562852634,-0.6238553397244907,0.07776987359999847,-0.030980525101427632,-0.028662079867579862,0.03664339463982578,-0.009560596849183305,0.0
0.15345363977834403,0.029009447105199815,-0.08011472257140013,-0.0680899542125884,0.023729289271423704,-0.9015855835445773,0.14019393932235336,-0.7448535029345872,0.07844274634425001,-0.7397778618276862,0.07554459122750147,-0.026081739430170187,-0.018479589046732893,0.07807070181458528,-0.009311190078405727,0.0
0.10308560198354516,-0.03094774242070859,0.03588894409097608,0.015340198857328138,0.05302262316524514,-0.9337122335083602,0.14644156204654177,-0.7735263361082474,0.01134130044736105,-0.6574035954203005,-0.01723120407597254,-0.035614704204185,0.003151551007921633,-0.09450869114337503,-0.015689397808294536,0.0
-0.0056130828745197675,-0.032550862050153714,-0.0972589512567466,-0.10028721471390113,0.040510723024580794,-0.8720657648276245,0.04318391127465749,-0.6936262057692225,0.16611323031586686,-0.6252466594824592,0.044724659851115164,0.07818960990483412,-0.024441823827134147,-0.034168987374075824,0.05867556751936781,0.0
0.12993927538711325,0.018487688130349098,0.023243646011317683,-0.07231493013175382,0.024684061423330707,-0.8822617399210212,0.14990530371962973,-0.7429136387506942,0.17247225640522357,-0.6814523662832038,-0.12341847165235152,-0.05398954947020864,-0.21544563637460423,-0.09719671734030506,0.1063254120287844,0.0
0.006462038003703763,0.031247577329856235,-0.0850083873547699,-0.02837458877522961,-0.05839743219932109,-0.9160196329014119,0.1802212776606209,-0.7045023135733722,0.2532415311122312,-0.6529461158140938,0.01688855129605324,-0.10306728994715719,-0.39700363964196006,0.011688638027333054,0.05057681092629598,0.0
0.08619510874062783,-0.013250587574724209,0.043073037894581806,-0.07259791675759987,0.011205675727963302,-0.9696557688494789,0.19725027449604038,-0.6489177162983637,0.2388468076521662,-0.6676574828374215,0.10003352747809598,-0.12529143835574724,-0.2801713395430607,0.014524758267259824,0.03132201242204724,0.0
0.05406380312993187,-0.019348405960474074,-0.08650587869425619,0.02166472899163413,-0.08432951646250914,-0.9694512783714958,0.12851415476498038,-0.6249554469837038,0.1785376767282807,-0.6813851687281889,0.09675618371791127,-0.13907923842592662,-0.2724058305577031,-0.010618024139430197,0.05591983499010808,0.0
0.1831631806757537,0.04166160438019084,0.031024254131237605,-0.05340771292052986,0.06267591076569957,-1.0435132645298888,0.09195713265402189,-0.6606014079618091,0.2756598647718711,-0.5691992375389678,0.044127214935088865,-0.10647641051509733,-0.23701283255234762,0.054908667101754814,0.2958998132938981,0.0
0.012527775432003507,0.050822727513461674,-0.07963270182554019,-0.0020924127682873245,0.05715946706391504,-0.9577539293321583,0.1061929409390347,-0.7257899018607755,0.20317737115574125,-0.5744753880421316,0.023872712513653478,-0.08778875672926821,-0.19402341704857418,0.08376069814718032,0.23157540246871447,0.0
0.04287231223672197,-0.014854967554575858,0.0007537789219435112,-0.1699556982319096,0.01895347393719107,-0.8769741371515617,0.09430984712278001,-0.6111734563685413,0.26683511065169496,-0.58711021447582,0.051732068221104995,-0.18160744928101402,0.05717710847085242,-0.09282868216137993,0.050309577661102015,0.0
0.0695530934203955,-0.00013601948025292535,-0.061186420662876835,0.011015116120479063,0.00903726861984254,-0.9847019915606027,0.2406157954735062,-0.6594526647438765,0.2529972021052696,-0.6380271792899329,0.166013804317565,-0.12256227812339607,-0.013621946785071316,-0.056627223071824676,-0.023993038712647713,0.0
0.05936301892715509,-0.07232404801962734,-0.08043387893250507,-0.12442608691112243,0.036896891791576084,-1.0521369724868632,0.18587290516822882,-0.6438048067590568,0.2831439462997078,-0.6249752593315855,0.23644642270174868,0.05607028110528889,0.07554012912616559,-0.10461496119357618,-0.13829365567875068,0.0
0.08961751879263066,-0.08171749375195696,-0.10745951919997958,-0.06520025328629218,0.025668946187799954,-0.9992727861334316,0.2164124760979943,-0.6491181080423649,0.3015042193648366,-0.5033529786393571,-0.18564368053127303,0.0432090959220217,0.02135996368205805,-0.2153004151403234,-0.0032673330038516107,0.0
0.01095382161740066,-0.03371874456857403,-0.04165215889548582,-0.10483217940434993,-0.0003028867912187108,-0.9738336091060875,0.086636946427985,-0.588802176160915,0.24857757688710322,-0.590896833995739,-0.1941170333115803,-0.0032160108313822287,-0.15888682458116413,-0.12109376380428678,0.01643429382795604,0.0
0.12312938408624824,-0.017665953746791516,-0.031735403843974344,-0.0857719946210833,0.0785896258896909,-0.9840480329688622,0.1033151583005077,-0.5940672286715788,0.4159564595054899,-0.6526117733958,-0.22785576908959282,-0.0009239829284722781,-0.25428104582867106,-0.13345848163415835,-0.08086706306960464,0.0
0.07348424426883657,0.025842904742909872,-0.14999128422017063,-0.06581092086061038,-0.05347188105408282,-0.9968765197901748,0.17076673538095954,-0.5990842767869339,0.42376899071733903,-0.6584338040880625,-0.20809007826033105,0.0514404858787001,-0.15035382763642763,-0.12745157063392534,-0.1737744084349594,0.0
0.053838132898155165,-0.0493560401370121,-0.05046121577178394,-0.18762834492263591,-0.013853198998391936,-1.0415881944197716,0.16319206175136802,-0.5750374033031217,0.38862297750601543,-0.5452067060909109,-0.22339979964006648,0.20488788823393012,-0.10620518364236012,0.0032682054400677424,0.0022556479055682588,0.0
0.010649831644184427,0.020264498908257413,0.01614130083931197,-0.04580551960740178,-0.03674331508544991,-0.9593247185621888,0.15226340773066044,-0.5256814792219944,0.4368349062381878,-0.5704992662104269,-0.09345325516754126,0.12107143070417202,-0.03014044131702713,0.11476691683867547,-0.0029546333522605214,0.0
0.09334092089685053,-0.038278620369168556,0.018122059279118197,-0.08749925069999333,0.022773458106881913,-1.069559701069368,0.24655135949272938,-0.5149821018982319,0.3843987956799909,-0.4885750952016821,-0.004955856209249793,0.2076395883468355,0.06992048600377747,0.14296423982045486,-0.09210207645677554,0.0
0.1548619664701591,0.040373009761208514,0.05870330622412747,0.05030863113519439,0.014419467722855666,-1.0272729546472323,0.2620281318408971,-0.5493393373377046,0.3249941518015712,-0.5765498566739174,0.10262307520727283,0.201842702991019,-0.06841783990393774,0.07011308845480457,-0.017590108136684546,0.0
0.13891721834537918,-0.001684064677428019,0.006413748005632061,-0.090159795397802,0.058151025977290036,-0.983450636458939,0.3022262039008682,-0.5054732060369255,0.35972017654496646,-0.5387433662399534,0.2480283081837944,0.0031888763130419606,-0.06135854003946073,0.15258790975305692,0.004667567238882767,0.0
0.0887684560068109,-0.07816109695279316,-0.0849440773488049,-0.1147866580993662,0.003510159388842811,-1.0419865093468534,0.22195476394182892,-0.5162029620754849,0.4217533341028094,-0.56087071620961,0.1893409502329458,0.1589365884499893,0.13704288342309717,0.04851810270864556,0.04871276389080282,0.0
0.1335235737843465,-0.0020991399908976242,-0.07470832693883725,-0.08725160262304348,-0.016045753872942277,-0.9666609118851063,0.284071486741942,-0.5170045193962447,0.37093067845142236,-0.5218239961029848,0.16514770403630633,-0.001154029697321396,0.04572022376673917,0.005530355504875802,-0.09898091067806095,0.0
0.06349485505066829,-0.07047684936102505,-0.03367345734114905,-0.09206762083566204,0.05590878259195624,-1.060699611989772,0.19954368901430075,-0.4256572734616503,0.5160681190678599,-0.432187993715273,0.18906696953330598,-0.13816177945482136,0.028090630640608554,-0.11662487477268785,-0.07296657065663426,0.0
0.1759709154507312,-0.013048646184979633,-0.06831846670527272,-0.05957583659199587,0.012810153056349461,-1.0443721249600881,0.4014585496041561,-0.38115415616440446,0.4589712985695575,-0.4337652503893826,0.08407117454945995,-0.13451392726940742,0.3260014389600261,-0.02107136504223392,-0.13653879995715354,0.0
0.2092212740901766,-0.0027342875321292974,-0.0410935791624297,-0.027683515901289937,0.04892407944915049,-1.0037180313187481,0.3074367506640604,-0.4831972343963835,0.561471964165595,-0.4730910253756531,-0.07084858053339341,-0.14372258472882257,0.3250256190026926,0.02758886015560992,-0.038322651234417957,0.0
0.16578857243433287,-0.007123185305873067,-0.08317104701308288,-0.0631832043123942,0.0682416014697366,-1.0674186805931694,0.3423386313576333,-0.4053749009327185,0.6000660876745993,-0.4403197591735644,-0.020325871158536103,-0.22878213076150003,0.3298570400066577,0.12876707646009664,0.01313728396924755,0.0
0.12178515406297952,-0.02102932021060673,-0.05443036354081393,-0.03215522635657594,0.03300512558531837,-0.9528991281914504,0.29068398133673673,-0.3492994129349154,0.5519860836584796,-0.48068294191003025,0.08104862813487003,-0.055821233000898474,0.3942468192674594,0.17305952310471664,0.12658484524958374,0.0
0.12214015671139493,0.11145025809520331,-0.041650684200325055,-0.08169492771304737,0.032080951674019184,-0.8929687093842319,0.2633396196967971,-0.31258504323294256,0.5689012108079136,-0.4447160455129874,0.08145785857837638,-0.0017528004586722448,0.4551254336468562,0.12052819453726356,0.1898305118839757,0.0
0.17573058549007894,0.029754510560918747,0.01419425024366916,-0.08176058842995798,0.0033857309414532313,-0.951288264180463,0.2903065532118344,-0.4763271549242157,0.5162070032634782,-0.45909913532880126,-0.01337392998288927,-0.01907516237935616,0.35425793289758595,0.020563786357601768,0.10315805329310995,0.0
0.023451137998463184,-0.020840601413099798,-0.020541859740403207,-0.10537035227793275,0.03651016734516112,-1.0489655728346094,0.36025997457441084,-0.3268862907785214,0.6449967701055381,-0.43914521080179114,-0.1635178889655337,-0.08698703801326789,0.2567086896449249,0.11246343230400187,-0.25284134267098185,0.0
0.0799927355432245,0.10600365237121168,-0.00551599488449183,-0.10019796390151897,0.08941609857777091,-0.9844336310229044,0.31724518676432234,-0.29508227025055755,0.5560868661082142,-0.4067496499226016,0.02993296159436787,0.07983748105834937,0.2328812101443057,-0.0110554934722078,-0.2922539569618441,0.0
0.10802485051831212,0.04682168899032109,-0.0031109922737681955,-0.027126895166756614,0.06376420224777907,-0.9928744672830394,0.31964477155193305,-0.322048338901361,0.6699519074256655,-0.39100090100276064,-0.2777714958969001,-0.09340256053455245,0.15654922661768025,0.026544343723044376,0.0014220824553280442,0.0
0.10364812383077678,-0.004792969127919426,-0.0930571028810134,-0.06250288966411914,0.02048573853443417,-0.93637378563064,0.28007816023839344,-0.21719801939762484,0.8157674170962509,-0.45728146518095325,-0.21793895370032226,-0.11720092016153341,0.08601275829068462,0.06937946792420871,0.10332068301813663,0.0
0.05695612860770534,0.10513742848870848,-0.06959668025452108,-0.010954060581610539,0.08115059666936726,-0.9739715376855503,0.2745840952544703,-0.2957226989084144,0.5265673533662256,-0.43834205744336807,-0.10947643977037572,-0.1838109437349649,0.012986477380499933,0.2209779389837429,0.08370877222483789,0.0
0.13797909800216362,-0.012378323699211616,-0.036148190838714726,-0.01981761964583681,0.032331392419738154,-1.0041005177631033,0.40859834645249027,-0.3003166173169417,0.6369912751469985,-0.40831188466677903,-0.18482056855488527,0.07144027422726884,0.24098211865004046,-0.005999100214368697,0.03321352655996021,0.0
0.07121652061142644,0.02861687671462021,0.015290113377437527,-0.10511616798453698,0.13766152413430766,-0.9750391635859673,0.4157377989638516,-0.31795655946078216,0.7656705412168721,-0.34187795380098124,-0.15010534164913153,-0.11191175028687986,0.0969897092263469,-0.011014989023911117,-0.024289207365717495,0.0
0.11241314801839747,0.07305493903934515,-0.08034266197834347,-0.058231550007590185,0.05977664270003188,-0.9335787946594494,0.372461913967394,-0.2515391303585287,0.7007523521893748,-0.3932301445616451,0.005204297978358224,-0.14356783641471302,0.08227999670940594,-0.16894053081578145,0.17345757276007556,0.0
0.09917060432701008,0.06490320606103138,-0.1478935669633713,-0.07169576010754371,0.031082705008876763,-1.0354800963087618,0.3623260854650816,-0.127546561671073,0.6638720165739519,-0.36214166427417777,-0.013507192696764534,0.016148186592744557,0.07666196322866435,-0.1311992486609165,0.09457877718975301,0.0
0.17478626291713056,-0.02455030326544428,-0.05162477279938161,-0.1097519317826792,0.021948567837635075,-0.971082774243667,0.36752744334506654,-0.2528196511434187,0.706146941985662,-0.4038640571586191,0.008491127503887759,-0.010950178989895724,0.16063153508981626,-0.10719299634749097,0.1255977960934369,0.0
0.1468586564997168,0.011592252156967055,-0.11095687559525785,-0.06948749963440544,0.04715178516386162,-0.9770196084545808,0.44922362372119307,-0.2195956302484955,0.7874976531806601,-0.3751727197958796,0.1345808329817841,0.07960781488097554,0.12881421618709993,-0.034352968624551776,-0.0679880547600524,0.0
0.14883371060584022,0.01259754923653072,-0.0383610046945468,-0.152544497441636,0.012468677719113405,-0.9726941519946077,0.44513438673192374,-0.13572498589328338,0.6656745001883358,-0.4436934103561664,-0.013993030669387202,-0.06802642335264916,0.15054356057934995,-0.12643014052450666,-0.12653400512314722,0.0
0.21375082330453815,0.005137002631067575,-0.05690961893736635,-0.0753222703613698,0.11598912398991075,-0.998815685700731,0.441014122204316,-0.18096990470759694,0.8380137183364266,-0.35557545529443757,-0.0762465696384696,-0.006422135409104544,0.0032324357854768837,-0.0715903674320943,-0.05683421388614517,0.0
0.15111745380452296,0.13481411992846992,-0.006178746528910414,-0.10178264516403603,0.11090873945428491,-1.0079507391975102,0.3875623194830747,-0.19471059499236568,0.7542187095811969,-0.2444619869385918,-0.0939973391310511,0.060311335597130686,0.07899174999739877,-0.08974368562991286,0.09918435942475953,0.0
0.1586086552187063,0.04966346561505305,0.019798891920347145,-0.09339399358802014,0.13170930690241764,-0.9904435497999169,0.3353071822490541,-0.14549906563442644,0.7596221566641984,-0.22428770024216205,-0.2007893539090828,0.1448306562913522,0.14910758891604478,-0.031331498364508284,0.09228403177962605,0.0
0.13435780743227965,0.04864305292389662,-0.017080595561687284,-0.12289648860138566,0.0752352675223302,-0.909555748243154,0.447829668862124,-0.11585386234601026,0.8205582525895108,-0.15661821712282523,-0.17444862476430617,0.02650565593452961,0.22591138336523764,0.022266864145944407,0.03168681793755875,0.0
0.09860375472746714,0.009226342043279441,-0.13722513510694195,-0.00617122301978143,0.05404805602670473,-0.9309184350387446,0.3883384747506978,-0.09131419161534648,0.8014459062373227,-0.2579768650241762,-0.19465597963446263,-0.09123438184765592,0.197624204087778,-0.01445970406610418,0.07216712822563406,0.0
0.09417774639226462,0.011112178421648546,-0.17104433614160353,-0.02102191073445131,0.15380291394695403,-0.9299168977390767,0.43223256746367383,-0.02499939647953834,0.8385211839063331,-0.3375862592648551,-0.018838190956530526,-0.06312974387417664,0.36726588554380857,-0.07941066797094332,-0.2278904526797489,0.0
0.048838844382433695,0.0184565820260284,-0.015301318650918265,-0.16806239565122705,0.07170288503949565,-0.840387018257226,0.3936400499826156,-0.069472801071466,0.8214900205654686,-0.21341193730873353,0.04042524292517018,0.012571372158840799,0.28645095329954845,-0.027069529028765082,-0.09185641309313458,0.0
0.10413867040757369,-0.008198910619987468,-0.06045116165104701,-0.0373247307513944,0.018135319459497028,-0.9028585239941911,0.4343748650207139,-0.033706789565254594,0.779084257069451,-0.22538084036930117,0.15889406575046305,-0.18736806437935383,0.2902136688182151,0.11367248568298327,-0.16525884590136908,0.0
0.13159599399038283,0.0705683127219206,-0.04826158182060943,-0.08735767170413077,0.006977327944473644,-1.0252157986452763,0.49498972522762,0.00320443076814466,0.7529641474617057,-0.24164941255551123,0.09723953802812385,-0.15868796171643496,0.12119174649657515,-0.09258545293016296,-0.18450599121008204,0.0
0.10729588385064101,-0.09344451081752836,-0.013793179165653875,-0.014159658901591127,0.16134590654375774,-0.9981593810921735,0.4627155691821363,0.05326543170389822,0.8427067049738829,-0.24232867039349476,0.06869656047576127,-0.08726049541625945,-0.10903610011359564,-0.1960874324001939,-0.14267898705081766,0.0
0.13843454680952355,0.09747792588710202,-0.010735299961819565,-0.06605434698355064,0.11849419283075852,-0.8050012038355788,0.4811392190020625,-0.007426622839592785,0.7849765329167446,-0.24959747234067461,0.12394829984570385,-0.07177177925363101,0.04154019864753605,-0.2350259238456104,-0.20249507111548068,0.0
0.0673952524329895,0.026212183277414588,-0.07565860374136246,-0.10757364927389375,0.039907693331489,-0.8997018016655476,0.5418554689266059,0.029304703753625323,0.9241244926295029,-0.3026688328591999,0.08080720251551167,-0.15604073518949257,0.06181214414110224,-0.13562501449838568,-0.1079308178186113,0.0
0.12268125089828519,0.026755286473545407,-0.02310310622593667,-0.10606074449134108,-0.005486568679189008,-0.9188114244182283,0.5210845516054318,0.09131096307688497,0.8854760757166077,-0.13735276949026692,-0.07718422082971003,-0.17905738626927595,0.03636197404602562,-0.09507043154540398,-0.09749022370719714,0.0
0.14991488480053838,0.06162433285470702,0.04561706774733584,-0.0541019124749999,0.028582040337934565,-0.8858022894633419,0.4973126153310032,0.04885258569816711,0.9209697555481793,-0.21401993899292476,-0.04810830084899359,0.01987440155175295,0.07019053611577955,0.03187124457034282,-0.09779950542374749,0.0
0.12558653730517771,0.03169878321328073,-0.11456482603952509,-0.08758197947408522,0.08908948405491304,-0.8584153561759736,0.4927035669093426,0.17800073357696145,0.8810039352797866,-0.20286592358156136,-0.027510268223508504,0.046939292129051464,0.05663302804370528,0.11012382933221401,-0.21346980024864903,0.0
0.12352065990219253,0.00703385699957345,-0.038860560949384844,-0.11628537147536132,0.11191256051410771,-0.9046965439694484,0.5347720073742667,0.10641210646116019,0.8440191084950139,-0.14087688809290091,0.045622140343825626,0.01999805556633425,-0.005433594155249508,-0.0026278177300144423,-0.41869299901179446,0.0
0.07133458437502685,0.03161719738899052,-0.0889781789385021,-0.07325050024290927,0.07966265972786957,-0.8876802036001475,0.47892928890971326,0.06239482504689077,1.0481556544959585,-0.19834578022707047,0.10058503405705724,0.04423008553485258,-0.15835197268183218,-0.003789391161331225,-0.2948031363009755,0.0
0.08048037813729783,0.018873350749727378,-0.09632010661700467,-0.1253894674210625,0.049940896255574456,-0.9167676634935724,0.5176019066961689,0.14419534532803494,0.9223184271728011,-0.18235428358956346,-0.08292591164258198,0.1663807642967855,-0.0348616997801718,0.1642474403583021,0.021491386848422805,0.0
0.07909652935954115,0.01678267988763586,-0.0391701994254769,-0.11284995534975253,0.02490343785594214,-0.8374891220738623,0.5004753984112186,0.19295238967763734,1.03660285251683,-0.16342258065555385,-0.1300598873775618,0.23799337503975632,-0.1542998607218115,0.18654270865701994,-0.026917307440150112,0.0
0.08057556365394777,0.07102841054290188,-0.1357482168036908,-0.034166172589365246,0.04291413403691511,-0.9266901701736481,0.5504983209612546,0.1459726410058432,0.8375886149296735,-0.1469490320324752,0.08083296716646347,0.29433569346209265,-0.0961979612435584,0.046239916713452095,-0.015983452979810683,0.0
0.09252594882700343,0.005263213116000146,-0.021738918204210256,-0.07602790521256578,0.05858270249755114,-0.8445269028339725,0.4896862263453579,0.14580918898434064,0.9191211279798244,-0.20205957703627073,0.021756900133926407,0.038981651732590605,-0.18628729346800213,0.1642099460674323,-0.08604036778474931,0.0
0.07711118731405778,0.020696809103964105,-0.07126970214773962,-0.031387503594920554,0.10148467162550426,-0.9424130996388175,0.5658442776305382,0.09882830456752864,1.0147061568155953,-0.17908937120073642,0.12732228607122095,-0.010141103118451716,-0.11534831399468223,-0.01104574640792129,-0.06385851148023342,0.0
0.0940658432384821,0.024465708761396518,0.04577172408705416,-0.11999369759060052,0.0809611482981378,-0.860718207230061,0.5638030599265414,0.13189281159781602,0.9971236588169294,-0.09070003671756084,0.1524434150844916,0.0377307773326755,-0.037549744640479166,0.0001797283994893267,-0.11122869940270075,0.0
0.1407466800087987,-0.05386697085825356,0.00444921676366191,-0.10708880640407126,0.09449175678046076,-0.8297931591935259,0.584635259266317,0.3249555759531038,1.0154607265628564,0.008292300052321844,-0.027573699986949696,0.08013368793759035,0.05891467517170548,-0.09328432134380822,-0.07365232587971132,0.0
0.07020794308042118,0.012739677004643683,-0.05852101825533021,-0.014608550026045927,0.014012154657148577,-0.8504112478792514,0.6041161808991489,0.27387162715969854,1.0096214085374804,-0.12224847981532028,0.043331462934854126,0.12098639035863273,0.10613634148333609,-0.011811082500095355,-0.12938895978742462,0.0
0.10687535908839496,0.036599867565311126,-0.03313055425683906,-0.1180160324483796,0.07263766426153885,-0.8193039265503581,0.5783569366145535,0.325338823112307,1.0336241179109042,-0.11251801516970089,-0.11108742675030993,0.05773626113195504,0.3689784623972493,-0.07135781898995762,-0.0981688042712181,0.0
0.05599968056210283,0.043702305147867215,0.04704573415082941,-0.0926749554691121,-0.008688189131514715,-0.8928636672493693,0.5485321931195652,0.3030112734112256,0.9468296821506947,-0.09890562544792722,-0.19409325141303307,-0.07765517421036822,0.2825465938617992,-0.21192618736790256,-0.09953988834553677,0.0
0.1543044110717855,0.06618639556270976,-0.15950686553506446,-0.144348310669365,0.09614055488556435,-0.7741070724185211,0.5560703827861819,0.28029753897367166,0.9582971824947539,-0.029529672191261614,-0.3067053352407948,-0.12073563823920995,0.23925134891981248,-0.21626293672245178,-0.12480999194539663,0.0
0.05647264343450416,-0.0014094186454087741,0.08676272099052623,-0.09837827769731528,0.02449169366807536,-0.775169458175202,0.6541649437758779,0.309876267598165,0.956817510509477,-0.07128006360582852,-0.23794134506113693,-0.11263939749686427,0.24897648827214877,-0.13896613768383412,-0.2377850101907616,0.0
0.10914448476004344,0.008710657912997723,-0.08321353654246257,-0.06645733948765362,0.05308117786405144,-0.8448042901010826,0.5773903650656189,0.2884383788554782,1.0139281772101436,-0.020500515502962575,-0.07182929955971756,-0.24107123831814525,0.08030431321701965,-0.1808067357561809,-0.4246380097780991,0.0
0.1307324382564183,0.05983553677055086,-0.003785860480560198,-0.05575459251084571,0.03069706990417779,-0.8830283081481438,0.5648895662955413,0.3897667343463983,0.9555717028817741,0.04821205174236345,-0.05238156676630017,-0.18684010639288257,0.09589182788948211,-0.12854815065767036,-0.4426482732847412,0.0
0.09346615113715682,0.039158541998874724,-0.07421668310166855,-0.08483709621200652,0.018092415337161404,-0.766516854040343,0.6077508836999637,0.38036444956797916,0.8940265850578335,-0.018441334111930878,0.03963476170715357,0.01061115456713882,0.12103819218846076,0.06401364653451017,-0.3975220039057575,0.0
0.115478813563501,0.07640982457232601,-0.014919444962365074,-0.07152168592711552,0.042213208902187715,-0.7049403211063281,0.7129630093487677,0.41427272573273466,0.9986665776360856,0.05788640447294359,-0.0242857328167911,-0.14726973396975826,0.053343870518107926,-0.02102545032249538,-0.5143890011038348,0.0
0.08416269425960644,-0.04457204614996096,0.012658467227731673,-0.006192231826631214,0.09408325127678911,-0.7904653632473173,0.5899427543660299,0.3404555852035405,1.0955585492042825,-0.008277604389287492,-0.12851415363920157,-0.009018347810254387,0.04243881903124409,-0.16768265742275323,-0.28237836151916174,0.0
0.064874775889,0.14394641369137615,-0.08275990512706913,-0.14770914315834763,0.07872706523621435,-0.8537950364669615,0.6614637517008906,0.38572314541301167,0.9829234866344391,-0.0014380142572403103,-0.27294208333302944,-0.2031676442455267,-0.01069625748920209,-0.07492895864799025,-0.3578496769562177,0.0
0.1798951657406894,0.08374899304839922,-0.06637496969544111,-0.15255016917022154,0.08369406126695257,-0.7898306232804669,0.5689755756356853,0.3759186040577168,1.000752680726905,0.029983199334440564,-0.15374569821233353,-0.239931505163905,0.010310296670659476,0.06694368870540018,-0.15680081368739868,0.0
0.18636619694483508,-0.011924401305141524,-0.030870293532874096,-0.09559115146325793,0.10626615527715819,-0.7255281258191151,0.5941345128371254,0.5378172307120299,0.981082660959051,0.08699204284206252,-0.15675264949981665,-0.20635715437744573,0.024963659962510938,-0.047560377319651355,-0.059791342428331944,0.0
0.11262117782561015,0.06339307486652664,-0.059111142971204164,-0.09157567185559214,0.15445658937567638,-0.7710902480541925,0.619939305854651,0.4962794169717063,1.034885669889929,0.042626422650677856,-0.2472000993398733,-0.012066187194686828,-0.06388418672210971,-0.047767858554022116,0.0031116110392502144,0.0
0.1695546919877296,0.01791105173408253,0.058031403665878126,-0.19056537499984316,0.08606285463825333,-0.7053966955247485,0.600024186105415,0.43362504559737697,1.0415646077970868,0.008471434757941348,-0.2346203110607027,-0.009210040975774932,0.22537093010781123,-0.0759196934434345,-0.015569677403669872,0.0
0.053627644338884714,-0.02279366703073621,-0.027629199382358333,0.028718524372919232,0.0924906178575825,-0.7363028456030503,0.6993030475878232,0.6292384922298893,0.9903411681222288,0.06473177337667256,-0.10432870622546576,0.10416866987348211,0.1861184436868136,0.17540609876824942,-0.011853477170512897,0.0
0.24032279276195093,-0.061443619898171084,-0.03843447701230763,-0.15015673417873854,0.03895221140492612,-0.6594696376038863,0.6970413353252487,0.5503637271214402,0.9207974985641485,0.05625359141751175,-0.18783356956815656,0.06316447316536412,0.009856904188065368,0.1241573158325705,0.08853049632624824,0.0
0.15338486894245026,0.051101153284416494,0.012023077418198622,-0.07394204752401543,0.07741150224951576,-0.7569339642689084,0.6826341843748583,0.5216896174965493,0.9531098778457232,0.07578361413639326,-0.30933256042441576,0.07485524500016677,-0.04741392913274526,-0.03294468833548933,0.06497415799179497,0.0
0.10062293501440031,0.1159155226706334,-0.009549458059033199,-0.149177072835946,0.008411445822225458,-0.7581734173867951,0.6488105271794663,0.5207121006117262,0.9775108467431142,0.041068275931933684,-0.19118970928941964,0.06834793420000632,0.0035350562994294066,-0.08230077989440943,0.19548674429593582,0.0
0.1003462815038468,0.06863858973265481,-0.05758870073409418,-0.10747129535948197,0.043993725296625506,-0.8063747001441588,0.6380239664727105,0.5624496332460754,1.0130534017142627,0.13643376055322334,-0.028894694204012555,0.04610232694159524,0.019962611349165202,0.018272485863167806,0.08791128362371955,0.0
0.09882448589645747,-0.006234391140570818,0.03951249205372303,-0.19242966091430774,-0.057275547947256575,-0.5974561243871133,0.7280437224178251,0.5334919126066714,1.0467299056193125,0.11688900133316296,-0.05504421951627542,0.09779536496880464,0.10907577532791052,0.07335531844939688,0.060093106814636726,0.0
0.13302889105121982,0.05429494963522684,-0.03998616862646937,-0.11900834960241628,0.08941720932498974,-0.5966749282305965,0.6816561304916355,0.6410469976210759,1.0061179386311374,0.12208384035190699,0.0902477468629802,-0.057187311626750906,0.006841969712326673,0.11239524581655636,0.1421229849242473,0.0
0.14669697275936275,0.045218714898009146,-0.1529839370816732,-0.11631069146743006,0.06724502070499296,-0.6968484301936914,0.7139248004252593,0.6851278156079901,1.0152061681734528,0.10306084467683282,0.15631416220413402,-0.12468868514752704,-0.0890492606199419,-0.06036207430142759,-0.041785098833796636,0.0
0.17806366025841758,-0.0269657016012829,-0.009289898031439738,-0.005585989210918352,0.06409815901690999,-0.5281885976418261,0.6879550799753517,0.6362482339601857,0.9847429307536132,0.1642800203523042,0.1852032419476614,-0.1509732670366364,0.1344832545289844,-0.04606360475243094,-0.05105947084778126,0.0
0.05899715170907155,0.13223930483823493,-0.12249096566850974,-0.15307625679076747,0.019091103460281908,-0.5371991807305064,0.7827005033933373,0.624843755562856,1.039576228722476,0.23173950401756543,0.1314487454232242,-0.4262871474568575,0.06396585464819335,-0.008916351679200504,0.08955043853129624,0.0
0.1931903803716848,0.014006137001500257,-0.10427402363763749,-0.07658925489630707,0.04181631986205052,-0.5134052867855856,0.6849943956711118,0.6668711869756769,0.9478815496840317,0.10926914937728108,0.21849738614747982,-0.2976984916925339,0.06376145270528943,-0.12603726593247644,-0.023347422093662987,0.0
0.2187030912915479,0.024931522501136057,-0.028855254370437174,-0.14928168735250333,0.01590692192546103,-0.6386343687608533,0.7026585031904559,0.6704219442767101,0.9613595586929857,0.20356003791638835,0.212302784646845,-0.3092690518602901,-0.03624932799835509,-0.20663537176012198,0.05689426101999061,0.0
0.13899484491318606,0.0368351283036958,-0.01426615490719995,-0.051237896625263214,0.1038769502745186,-0.5563567071398537,0.7067338695008277,0.7056189841003438,0.9058475799938388,0.19415739617100322,0.33299375443398727,-0.33916972681160495,-0.030628126658997203,-0.1576420500132254,-0.11337281864163572,0.0
0.10156493473259393,-0.04512217584035333,-0.0467175122805179,-0.15377183904004244,0.05592258786439361,-0.5216790002551929,0.7894580168348699,0.690425217859383,0.9691753763884949,0.1260120821431061,0.17209428000855453,-0.26584606562715857,-0.05496479652593672,-0.08620030405384013,-0.010424516245195303,0.0
0.20129698135772614,-0.07856434861074951,-0.057308348441298736,-0.12120616991218476,0.002356195367061331,-0.5616567137299329,0.7617831747083444,0.6014653794713096,0.8255724920713957,0.1790002792242536,0.178196462695972,-0.1929647286936657,0.00986372459150163,-0.0605413496425981,0.008531496196631735,0.0
0.1697262033703225,0.11588131129779775,0.004404304389938357,-0.13789250056573077,0.09705574716469931,-0.5221378231066683,0.6568614869831465,0.7238582127721213,0.869585020006695,0.24145267453668595,0.22311086304455197,-0.06603242274859138,0.04434074113618262,-0.005972041670604188,0.03587709249685194,0.0
0.13908564987123637,-0.004101984184005272,-0.05535253392440087,-0.07228683999212338,0.0343972584836321,-0.512447263081591,0.8474300699390086,0.6580689809462755,0.8796131463085478,0.24397087968432946,0.27172143980018776,0.0006179474714332334,-0.04510697409185798,0.04717983903665998,-0.06832861177877522,0.0
0.16030635298147028,0.02657091782217237,-0.08462224596207812,-0.1199116366365169,0.0013325476414203924,-0.5458707610511082,0.7793816308341464,0.7214302090624658,0.9397663318024531,0.25832367360995695,0.21398915563287366,-0.08108873756442539,-0.03946687538031768,0.028054179159690093,-0.0526395153841521,0.0
0.02746777364544481,0.005251897779736565,-0.08457170651187809,-0.05445274085884352,0.028213879214790794,-0.5321501705236882,0.7553538319818398,0.693619011161489,0.9013060083892332,0.23135708757735252,0.2039894063916071,-0.03995626460507423,0.10939461717678058,0.09116260477966029,-0.04813462338122185,0.0
0.17868637732422887,0.04176360481003189,-0.04499695253149624,-0.028780546392377718,0.16677701606274287,-0.5238512265279919,0.7911279655246151,0.7651094069078612,0.9857460946482127,0.33005328445444826,0.05178290634959365,0.04031759583545336,0.09257142891907988,0.024108573181331416,0.17328326918771034,0.0
-0.0020089201225123032,0.10440935994708692,-0.08880883595244335,-0.11820432891910251,0.12288706845599023,-0.43097800283012033,0.848561909574201,0.8415195434339074,0.927809809367583,0.3590630128704796,-0.13504595861954585,0.1140656427989933,0.18416338884105832,-0.2293866844763315,0.2951240007825877,0.0
0.14537559297393524,0.0385849571946579,-0.06243744316486533,-0.10033364329417811,0.07089659211118046,-0.4696525005153606,0.7968849905258006,0.7284697849799081,0.9100731068802249,0.1813811743219497,0.023925682139994575,0.11788526327083035,0.1912143841240582,-0.15658101588297402,0.1789095765328095,0.0
0.1397089142440314,0.03122425091035569,-0.06233511033772437,-0.04604600956886016,0.06771553412907644,-0.4934087443955596,0.7733646797384001,0.7448732259881262,0.9098220780334786,0.3844486339768319,0.11201475239159685,0.10537432529906872,0.1440947320918349,-0.21228296427251278,-0.0047857271382446,0.0
0.1684557228752144,0.01043941328634913,-0.07887604278822874,-0.018624081851824126,0.09229293299665392,-0.48674522733439296,0.7330770599588118,0.708048377276025,0.9456341499518318,0.276773674500664,-0.10765974160835287,0.21214672803987134,-0.08430673552510322,-0.035150882783418075,-0.2047571237029163,0.0
0.09721978441851523,0.09643234125780299,-0.01574246225676979,-0.06276081449408308,0.11250503573683143,-0.3270073941928183,0.7158089734547748,0.8429541170839956,0.9743317286977716,0.3281448701721946,-0.008726293247563813,0.15508632223168928,-0.2048714029484814,0.16246514883265417,-0.14214744294875847,0.0
0.19308824336042413,-0.006456455820208047,-0.10886277799878102,-0.1457073801070124,-0.05102086011032919,-0.46605922911478104,0.8367458766087185,0.8110287237560112,0.8876331692207615,0.3232355509653045,-0.025340954602416532,0.03590012967500042,-0.15868542059853114,0.002557251902421509,-0.18536679770603337,0.0
0.18217202510371142,0.05539640189005479,-0.006132674888541682,-0.15250730779761604,0.07034410976886496,-0.43230235613532453,0.8197536246357745,0.7460030621395431,0.809118594737801,0.37867416971474666,0.17595532624945576,0.0005720053121317271,-0.21936687593070392,0.06126192253452753,-0.2046443826575942,0.0
0.08952196969760619,0.10605799108153124,-0.11849043869437412,-0.12228997125119138,0.12061566968971568,-0.4497736747425289,0.8843578569858999,0.9614770400959299,0.7824559419868456,0.2557951298507421,0.1077779198621387,0.05001166471886782,-0.0926776276871447,-0.057874744991164496,-0.24331277197696288,0.0
0.12450816762660348,0.0939016698484628,0.013392966807497443,-0.04154869363843428,0.06274150408746725,-0.3584557116518076,0.9556186282673,0.846882346467691,0.8989712388019956,0.3955177803571964,0.16608994802553587,0.050195349914755105,-0.24620368631883255,0.04662537417281615,-0.23750141121724852,0.0
0.1249429565334757,0.08350989759922285,-0.07333028557289217,-0.12364850588453946,0.12896683990700364,-0.39922717227192017,0.7709392763603292,0.8618079337227393,0.8320513923014046,0.3641207116736724,0.058786360159449574,-0.1335610897451106,-0.19730764178859916,0.12105887316367428,-0.08773805670759971,0.0
0.10786228807542875,0.011552928417348222,-0.11614284013847505,-0.05399054651286312,0.12115089240105653,-0.34610856365945375,0.8462904214525984,0.9267750721238608,0.8685054181953871,0.41933976005898915,0.23203923990456837,0.008740838204171625,-0.20892512888623924,0.07974782047702955,-0.04820100682928721,0.0
0.16409101285949518,0.11856480952809734,-0.06222662736361649,-0.11734264554461278,0.08843862573526388,-0.4028080885303174,0.8610175956693443,0.8600606385209628,0.8453149524780758,0.3355991150010716,0.2404550407263632,0.2671439956077042,-0.11880354953672664,0.05901938659036171,0.0212137973009775,0.0
0.059770768270584126,0.05088661979619659,-0.06782022444820841,-0.004231460115527358,0.007615440924366598,-0.35663314590033945,0.863421355313636,0.8671849766421282,0.8667519408146817,0.4086611620481423,-0.004291241203845164,0.1826375606162819,-0.060663856831090886,-0.1357655910407688,-0.1322136686610499,0.0
0.19856130140800834,0.05074411138957011,-0.002916474018949157,-0.08606693372892689,0.1165605736755802,-0.31312356835853006,0.7649678010029517,0.8761635958874628,0.7872249984242026,0.39034529485672304,-0.0377711502502146,0.21141986716027578,-0.05819902915205817,-0.31234522644981794,-0.1936573272037729,0.0
0.08318434132701398,0.07888441549508844,-0.08316160037067072,-0.144538788332173,0.10412635149192365,-0.28040065820575505,0.8795945419194643,0.9375250968147447,0.724537241564278,0.39665158192537964,0.015607406406499595,0.142940210007995,0.1095420530136278,-0.28296115668929334,-0.3197860046644454,0.0
0.14274767198958135,0.07990451040030183,-0.14336841869446115,-0.05670267181953406,0.08688156624633647,-0.40212997815605767,0.8350453169839345,0.9362407476476005,0.7146928590171245,0.26657584058108735,0.10964391576385281,0.14995658281232427,0.023531137926586135,-0.20188988827480203,-0.31267186117866275,0.0
0.21382698073582518,0.016966799121120806,-0.06667162659944824,-0.04190026411406764,0.05449573088749584,-0.30866777332460205,0.8825088635779742,0.8433615798721487,0.8409704977185274,0.3843644891248251,0.2445810006150433,0.09277272449541626,0.06822782531402706,-0.2703454697930878,-0.2423026822478792,0.0
0.09068513856921584,0.041492020732110335,-0.04537168724225262,-0.0702898384452238,0.019231492196394653,-0.1917825018053022,0.9340574678216123,0.986436271992473,0.712885406809018,0.5278200011886877,0.1259255019782636,0.2084460367542415,0.1257140324208217,-0.09809945644549523,-0.08971162723917148,0.0
0.20789877494278464,0.09934470872719108,-0.008947773173875802,-0.11745789402122009,-0.02271888708397643,-0.24524778261255584,0.8785756247498864,0.9674798799822216,0.7640526999289913,0.3846634686537026,0.11628825237543046,0.31508373317105753,0.324576431277453,-0.04143029187422899,0.1375774685399495,0.0
0.17056353422470646,-0.02013057343981163,-0.025879899289716242,-0.04856939442096521,0.07499955429637362,-0.22874207490071372,0.868876150683499,0.9342008714337342,0.7334491464042511,0.46928957369448426,0.07974420504242606,0.2989027199657227,0.12789233931988836,-0.0711169349181415,0.009047436213692,0.0
0.1926784797152728,0.10415592620198844,-0.12913697750196312,-0.17872290067803898,0.16240220729621274,-0.1921190200496052,0.8400919522621384,0.9753951523281787,0.7705701476762601,0.40518869307613575,-0.0037481353330727635,0.06876050110469753,0.013135294599499386,-0.08568080345846146,-0.07556639524321918,0.0
0.16976757054095395,0.018558117757456288,0.03524509871975391,-0.07246551966904273,0.05332150636866007,-0.21551259942118794,0.8713378589496417,0.9204232960294049,0.7631033047540974,0.5131724416479504,0.02049536827502423,-0.23771214151959533,0.17361713490868969,-0.080168751593198,-0.12302934583954439,0.0
0.09166558347197018,0.010183738425514316,-0.04517662036729103,-0.1385433008669029,0.1445843721516209,-0.2641954345181836,0.7957049788375092,0.973299609478598,0.7250819091003488,0.48509617179372483,-0.08627286858837009,-0.3248063405606959,0.24856708058277974,0.0580294605534827,-0.056271899569605585,0.0
0.26151340672715345,0.05568908645468398,-0.0994308345316352,-0.10348418918844225,0.0934397818599149,-0.16434740047923252,0.8586747740772398,0.8948253612788428,0.735401804210542,0.5241040338460454,-0.047777163545535815,-0.09284121666538758,0.11653195901940712,0.2471921393549884,0.02958524558204243,0.0
0.2873889367157765,0.08338355893869527,-0.023670306891993093,-0.11978950414961356,0.10659519234219185,-0.16582816888430896,0.8182396091026116,0.9495933043819954,0.629980430994471,0.5263769695188371,-0.030977436548404014,-0.07244036614336753,-0.07475379049650771,0.3951753581232177,0.05028889300190494,0.0
0.19397752488541817,0.0814074540940182,-0.10023071607429393,-0.17711938243649114,-0.021122860176545064,-0.20266351964495363,0.8685950185180003,1.00565896129418,0.6330061171583414,0.5329434330408016,0.10831511653731178,-0.06549261845968248,-0.23882046985163027,0.2966001603775735,-0.21391507884815592,0.0
0.19986135071186825,0.12050449154726278,-0.1727190211392235,-0.0853846239031783,0.04860590248389919,-0.07445321506060187,0.7797414258167368,1.017512342295691,0.7188046325329229,0.5639356997520328,-0.1086229371800797,-0.041956016150303074,-0.25911024717448533,0.3781405419091569,-0.17906314518599742,0.0
0.14458092315042154,0.015466323391234667,-0.06443225259759208,-0.17061629539566503,0.09247172791606409,-0.15983599686888567,0.9175391063714637,0.9411107051546129,0.6437881992560576,0.5243565454222491,-0.15972245334200083,-0.10654246929273208,-0.19192637572620588,0.42316854032281104,-0.16450068479870694,0.0
0.20750605039974185,0.05155513009678883,-0.01360483977398335,-0.08617212714719502,0.1337472857638702,-0.13115585770026691,0.9315296235152952,1.0501157468473958,0.5925112443791115,0.6016739956680759,0.076178726205019,-0.12643117378200613,-0.25868567504475626,0.313091697219511,-0.24420883787648284,0.0
0.17187763861789912,0.017910237404805088,-0.01892182739326905,-0.022993448358052518,0.10488639161081352,-0.18297286108266636,0.8955075299551308,0.9988001656458316,0.6311620318109229,0.6189940416878401,0.17893677313156936,-0.07944124158529647,-0.21831912740370402,0.11348175108119946,-0.2765528962137547,0.0
0.2448493624933523,0.10303691243346458,-0.036158692943432685,-0.1140799740328006,0.1555821063931323,-0.15683718443534073,0.9482313617773702,1.0068651487247298,0.5649600216382474,0.5825821669545849,0.2752219027101672,-0.18120969543763799,-0.19452071873481633,0.19964656999942876,-0.022970782171094967,0.0
0.26832774930825076,0.05524834316134176,-0.08935082163628594,-0.038912224207624746,0.18490261710637462,-0.09830216858441751,0.8778975397445967,0.9846037457712854,0.5511682127698111,0.5819337642016463,0.12853349550286616,-0.13454796869207256,-0.017773303982269062,-0.04720648144504436,-0.06820859773515783,0.0
0.1428121371035048,0.04411249632353311,-0.0233175050431881,-0.06947922135857326,0.07568353421619958,0.0488953087286744,0.9340664955967775,1.0429432908158243,0.5576157197729967,0.5845641690255347,0.1530873969454211,-0.14348497087332696,-0.09725734048668998,-0.06687667260252156,-0.20095401425127302,0.0
0.1742699964025657,-0.01997240821098603,-0.0656804646035012,-0.06086621221482538,0.08050294406893761,-0.06363274265639683,0.9102789559302644,1.0486822577123018,0.5358178427994662,0.6066226815219542,-0.13087000837466145,-0.2338265998483128,0.11565991754931784,-0.22890367439130235,-0.15066813667976572,0.0
0.15437792812402035,0.1203768797688579,-0.04226291975889893,-0.11825630070071004,0.1109444057736167,0.0005631988833494361,0.9573998853970077,1.0406303417062648,0.4907487650569366,0.6699698055269436,0.05549967265398392,-0.3388637503149359,0.23172772546023462,-0.2095894388594081,-0.002020790079024337,0.0
0.1084927137416796,0.025096817770999168,-0.024756337768323325,0.012346293098302041,0.15843098671668013,-0.08883134527091248,1.0185126686632013,0.966394136845089,0.558135984317482,0.5848084780548347,-0.005138433736612734,-0.06424754077019112,0.14685353239893384,-0.23915947838775423,0.001169604342157126,0.0
0.20470755407717178,0.14790214219661793,-0.11530049053053239,-0.046530838041886353,-0.01876054242369052,0.015398048839867791,0.9657103173148051,1.0276348913215527,0.46398161241672425,0.5974218720313307,-0.002659792213961832,-0.0199620578841152,0.22828048845775128,-0.28987041815279124,0.06293414941220737,0.0
0.20668038976633288,0.04456422557805812,-0.08654946998506019,-0.1798353796930198,0.14212327265592642,0.03545631735023508,0.9024906425026524,0.95558664798497,0.5287298314916761,0.6327054761288314,-0.2442660059337369,-0.08193100228319099,0.1375922961713368,-0.12797785023234037,0.0337970614028991,0.0
0.2678819185305974,0.0828762058114703,-0.016006171390393453,-0.07682363428318151,0.10750673670158759,-0.001685988637333432,0.9911022398874417,0.9506066410836924,0.4573312045891027,0.6707774968857303,-0.13268360600798182,-0.06527634447670316,0.19575250763680838,-0.026015843916273457,0.10996620014687611,0.0
0.11412906368706456,-0.08068625882907633,0.005110203213578017,-0.10431673529239492,0.10140756514321687,0.036754827952607615,0.9869057819149036,0.9891029084434738,0.5412341384547742,0.6383867952641398,-0.03464106600203617,0.05598855678263617,0.0904102807202439,-0.16603870671045143,0.055606926166715545,0.0
0.14960528912386412,0.021594984116090635,-0.029206003206933118,-0.17536034721243454,0.08499533911814529,-0.07629398364026294,0.9712061471813315,0.9914303635452958,0.45451916724044,0.6528528541378598,-0.09350057362338078,0.06143858558618928,-0.011799298544980102,-0.16645631740265593,0.05005236932119536,0.0
0.14147835830287392,0.016590037809463172,-0.18173080391881352,-0.19496454224605808,0.18762964101302135,-0.0029271928069507167,0.9254449720285213,0.946171317597716,0.436173095445368,0.5677515526185586,0.01713574579645645,0.09779915883425526,0.1551698289328692,0.009871327640323335,0.09122047017022783,0.0
0.16086611489851904,0.04572169795766941,-0.14423692104471805,-0.09126053887533034,0.11827936121676554,0.0623314515989278,0.915905051533092,0.9368692084391987,0.4078269086861119,0.5719055260631231,0.07840505550274766,0.06911646028463012,0.2066680170475121,-0.0773780181820511,0.20238523964845317,0.0
0.1900770672073958,0.015557450859973801,-0.08735094293716658,-0.1295494298271413,0.1536675761748169,0.11891468836065755,0.9731398224352797,1.0691042520404002,0.42392806355035895,0.6711783367898442,0.12595160013951728,0.10627620769696661,0.17259065027465978,0.09936599204805935,0.07319149427036688,0.0
0.22191681967002244,0.04402850523326629,0.06276202383649782,-0.12633865826552967,0.04976775025091015,0.12325408930839818,0.9762694590239,0.989601640217694,0.47312083735159666,0.6504991312069965,0.08334660210211216,0.23261575494629189,0.29311971372434686,0.09478993015079135,-0.08846801332291018,0.0
0.19661657489307713,0.0720836464890722,-0.10121676608955313,-0.033681525217798575,0.12569248158287735,0.08574911093328762,0.8688503608486652,0.9861279996278256,0.3285639869776415,0.6262419551102381,0.07525319432282875,0.16525600822468034,0.035116195772279646,0.03114132761970098,0.06087951242532546,0.0
0.3245148932249531,0.09962511370396016,-0.03956376274712872,-0.08190025195133527,0.14596671719202362,0.01752233178916432,1.0421890119196162,0.967188831140217,0.2646636112515316,0.6752562278174846,0.05374246818788229,-0.008250974426359414,0.08902069241592607,-0.06972296040311338,0.0667882958221581,0.0
0.15617812626992436,0.028721229094878217,-0.13235474687265786,-0.08248983854548271,0.1309960507875183,0.19381871886608623,1.02003347774493,0.9885822453674749,0.2856441592975557,0.6890180990492849,0.07851109732523201,-0.09322720072827997,0.08136987827931083,-0.10274450691710693,0.07455014821988706,0.0
0.20857895388325162,0.03491446916956628,-0.03331118273891973,-0.1417451320484651,0.12252661919281957,0.15479365939099754,0.9220181188476742,1.0257720604605105,0.23811091048523295,0.635247517046107,0.09401455522584287,-0.0659373966603015,0.045087655575857796,-0.02424727576495285,-0.0795063407327224,0.0
0.2590615361617553,-0.07679004803399608,-0.02561797035496391,-0.17790015409383525,0.16630477702033952,0.11512806506261819,1.0267521687594392,0.9288673644525047,0.21221153154022873,0.7635220400834677,-0.012110730473701106,-0.13726609748807997,0.09091057736698979,-0.13428776232106712,-0.15716649711738762,0.0
0.15021932620334466,0.015431832802514742,-0.08639170808535156,-0.12094602281940084,0.18074618861858022,0.21369509871715103,0.9051740002232588,0.9733064614980632,0.2935584002951301,0.7035169033408505,-0.03547232722183382,-0.13652796093276875,0.11228980374254832,-0.20682548285762795,-0.11243690358031157,0.0
0.2584109727136045,0.0017064538308234206,-0.09890685882616118,-0.16000696159348726,0.03811270860958224,0.2557433412017207,1.0376241752531772,1.0498249061966987,0.2129333062877807,0.6568288827061003,-0.026040196222903052,-0.017140209131935244,-0.03798955750365711,-0.16873614898813516,-0.007113986609650888,0.0
0.20741314165626515,-0.012882328534844938,-0.041919188326569545,-0.10811952320474326,0.0675101544552443,0.25862809456539776,0.9775700944783149,1.048966722120809,0.3007895492545629,0.7238683945700239,0.05430937875130579,0.04312294499241828,0.023006756776955264,-0.09763742489496094,0.00927511329861935,0.0
0.1525810569043628,0.010060281500601079,-0.0969216713372495,-0.08518809255012164,0.10646818212421033,0.1625926266952588,0.943411364326492,1.0148578597749474,0.2861873118177192,0.750491591689737,0.018346435023618386,-0.002494971479098655,0.07161781016201531,-0.32593430516976096,-0.019989861489995077,0.0
0.24382777792939886,0.047324463763469354,-0.05755230577109049,-0.13610247142894982,0.0749184064183854,0.2068815016132881,0.8756633090199641,0.969786294282283,0.19837957667884717,0.7902594044730734,0.047450291874037445,0.056303347319754435,0.053103298148348126,-0.320542167631776,0.0974444563183101,0.0
0.19839288887501005,0.06181615644411496,-0.013927665124666797,-0.0921645715742303,0.1186625973356486,0.3483505962032969,0.9048787777309324,0.8576482172281772,0.08738502982660609,0.6949625162195335,0.1600259484426782,0.04793758586663118,0.05294873991907886,-0.12708925706992885,0.08918077390379227,0.0
0.21665083535550622,-0.0048268219548353655,-0.026579556494340295,-0.17654293613440702,0.14198533027927232,0.2914483296119458,0.9742718119530099,0.9254958469423732,0.15980132139748243,0.6885737916397395,-0.04665371675590266,0.10406298455496313,-0.045448752443226416,0.13535769905332773,0.050039567509357126,0.0
0.1910620598150211,0.1382251148722793,-0.12887127467776516,-0.11907367432903458,0.1251187273094778,0.3185952306631659,0.9799976422793489,0.9833827131179286,0.15603837084748448,0.7452012249475584,0.18886807813418363,-0.004937030348441757,0.07064158634714562,0.12962833555920913,-0.042921121349597864,0.0
0.1986169093156584,0.02499051185076314,-0.12927752618269353,-0.04437506272983599,0.08955850529920328,0.2718359609878185,1.0163261124522371,0.9088837786982741,0.1891148891012379,0.8054696785111369,0.2140698998547252,0.038728638866474444,0.22573970195214882,-0.05582606355684193,0.03058096305865211,0.0
0.2169915882770721,0.0673247025707639,-0.04458882378667761,-0.13714361395951635,-0.04156248799442047,0.2822472515250648,1.0004641669956533,0.9424045741400026,0.07932150084875159,0.8505881129248085,0.24146362747764155,-0.16594152742589222,0.08755875090945736,0.06675036349504546,0.06736258925214464,0.0
0.20062631561624594,0.056497644961205025,0.01808493622589505,-0.09086240216936292,0.13087081814014134,0.3103838524987528,1.0139157940780237,0.9039972012655364,-0.081916905278161,0.7940904785417824,0.07288380484879771,-0.14315847722941563,-0.03480915867562434,-0.042767020691559125,-0.04722739477394436,0.0
0.34482341991863086,0.05623259156545858,-0.05622215793562405,-0.15213473697688623,0.17591401249612698,0.3670741066541898,1.0071615266513574,0.9411001384356902,0.10460723122235352,0.7231049551085889,0.08429432020006238,-0.14578294659115465,0.01634186545005608,-0.11258074266271711,-0.020602914386611826,0.0
0.13572669791094244,0.0347565064308866,-0.10083296285118838,-0.038074020412141085,0.16933657188086493,0.3119990440740865,1.010760356723406,0.9499628650465423,0.019227462083524292,0.7385056653458429,0.021515038208957102,-0.026603846288447988,-0.0026681822283391807,-0.035351182394983596,-0.01537924246125013,0.0
0.17391411478846242,0.10368794457366802,-0.14481786306826774,-0.055297677183589106,0.05917775265791292,0.30635647089956947,0.9224735441093639,0.8714103618161897,0.0502798318833496,0.8467308214932343,-0.043027794091833355,0.11057481758425278,0.20924059560822802,0.03730952483796614,0.0330008600154652,0.0
0.16419710662998743,0.13458938197090728,0.04877478511681691,-0.0002923109423667164,0.1461219341902861,0.39183594150787804,0.9136474865111875,0.9047116990718598,0.0008476159280051479,0.7741841382088738,-0.07860491426994164,0.07100380238249927,0.12100160395145304,0.07256773022088919,0.055117771629820345,0.0
0.22952485801812483,-0.013878801397053692,0.04990535524953227,-0.07043578005227134,0.08204887191946622,0.2825177640149945,0.9215422155719903,0.8785056058203569,0.05977029527196718,0.8199885375285533,-0.08156120286951417,-0.03204232523254778,0.12258327025866089,0.0728711996933279,0.1980108070546892,0.0
0.2117617967792721,0.10338930885374639,-0.11254565796709112,-0.10584880251509887,0.14865570421073518,0.4380359963967493,0.9175987048356705,0.8567455164404226,-0.03969404405272507,0.7420202189705667,0.006118198269509288,9.32068555154035e-05,-0.0056127780621269135,0.28716401803184394,0.10589859070633348,0.0
0.20415921297150258,0.05601771900662005,-0.09286077893664325,-0.017665784920276997,0.08519574345492752,0.39571390297679987,1.0012861295693274,0.9251842246034502,0.0064859976862748775,0.8636458752615322,-0.17758437689491002,0.15478664236959927,0.1513397343497637,0.052940316044985614,-0.03174903375704806,0.0
0.14836541578202272,0.07732237108664733,-0.06959543439761565,-0.14320075074252608,0.132711033767518,0.41219124164762905,0.9593068989217763,0.884238721577593,-0.05275927425835536,0.8931279825711294,0.05818901464718923,0.15728516387254243,0.23435450304531646,0.009159822093375604,0.013545065401016444,0.0
0.16024603284648184,0.056165129913041734,-0.06293050772808376,-0.18763505021807148,0.12533080112887057,0.47109082014698767,0.8766629431414863,0.8719753447629354,-0.09660659583936178,0.83809902067277,-0.04600309658888157,0.3635585597459972,0.114066705250021,-0.018597956952554645,-0.1069925429842451,0.0
0.19390475253347633,0.03310350614986746,-0.22298765516015687,-0.08020527849457917,0.12034985529002153,0.4453906735884971,0.929734693444561,0.8237923633991895,-0.06848587110479933,0.8300348161204206,-0.24097923683087874,0.3285640484074446,0.05075674007112194,-0.017053575555036397,0.04506744225436263,0.0
0.21705969189662425,0.10042507182912647,-0.07809370705613483,-0.09700468056800958,0.18554880374460297,0.44431753785469486,1.0340977057355578,0.8239541836030313,-0.08002893151766796,0.8368708962159086,-0.1839132182803465,0.19363453999367317,0.054572810804351446,-0.01825516435106172,0.07422526751973418,0.0
0.18735348029315638,0.06250606618371797,-0.0725646342461556,-0.11312797624658849,0.1886308980233712,0.41003519105244535,1.0832954872715115,0.7374450366396923,-0.014241146184434034,0.7985138486614517,-0.014969886283513284,0.2961544116072231,-0.06403986315648036,-0.14714881053125786,0.10015896652554415,0.0
0.2725467360522427,0.12259536642443511,-0.06819803770643305,-0.08832680521466588,0.1821609348320659,0.4377568091931226,1.0494963129556893,0.8911025445869382,-0.17299741482030317,0.9028312220030004,0.05795466467745132,0.29960872980009273,-0.19605814864518456,-0.050777455720821554,0.12185485822379952,0.0
0.22419925636200896,0.09765505846962813,-0.08369169036337172,-0.06156416480093163,0.08004124708256236,0.4987812630998029,1.0913830256041694,0.7306349067214059,-0.08945118727184358,0.8993800897359188,0.18531099494005618,0.2196826049741983,-0.24080284008292924,-0.2271704587421403,0.14352362447606698,0.0
0.2521132472410403,0.0942046495391533,-0.007839499928214463,-0.08886545860756459,0.17063068524872593,0.5436870524348519,0.9037599719791709,0.7499509343669803,-0.16474168834567238,0.8148028165232866,0.15068242177057306,0.32457615751655444,-0.18935352942442873,-0.21324420487974166,0.16791316733748823,0.0
0.25295740538672495,0.10966718148856812,-0.06801046007984893,-0.16387578354599527,0.11485663294687393,0.39790455447599504,0.9783579765201422,0.8366897428203589,-0.2495885483510272,0.8775777502136219,0.2354478834572132,0.3186749323366265,-0.2468662805212154,-0.030643964749306113,0.010072892366433828,0.0
0.284912148429235,0.014670943169755236,0.0056840336249062914,-0.20149122603697728,0.11857224939367778,0.5493966858059666,0.9974823649657638,0.8483397466159289,-0.32698475996686327,0.8602239872771718,0.3182789934564815,0.2965171658401474,-0.04861354486662092,0.035906855543706,0.03675493524890731,0.0
0.1918294902760016,0.09440545394085123,-0.023812501290752096,-0.0660062970891761,0.15578776246426634,0.5237633482438275,1.0648799632011334,0.7796421392446736,-0.23046830780889502,0.7952681415837786,0.35264710215596123,0.26978917924542073,0.10774647548228203,-0.07076065263290801,-0.05761907099081544,0.0
0.13763191033443872,0.04485435669515027,-0.12649497812833013,-0.06101888315357444,0.16764380774219567,0.43356907681492496,1.0418690166732907,0.7852523418013113,-0.22617738299979823,0.8432265955798565,0.2986139867379325,0.15259001802647884,0.05074330358213383,0.05011948164750753,-0.00813263869990459,0.0
0.1932019331722318,0.02430753890449021,-0.03302340616467338,-0.004179742162582142,0.1085766216702335,0.5474226548975487,1.0164400292434097,0.728852989349337,-0.28345974768731474,0.9065274928362522,0.10202227505523156,0.10319951356810919,0.0900193028861114,0.09317298008607416,-0.057101488142927544,0.0
0.19271301442430866,0.11433441731584518,-0.042232627206871286,-0.08922615172243856,0.17473778767610038,0.5652198608910626,0.9997944236265385,0.8240402247609158,-0.32468859862096294,0.8115102191797576,0.14196257071944576,0.07766242394105306,0.09381306710336135,-0.009888883295115378,-0.08276453367483816,0.0
0.18215109957221962,0.10427770552534003,-0.09340839575685783,-0.10911828600686112,0.06511063953044886,0.5640407806668287,1.0119528898021681,0.7573388487133683,-0.23167860479470836,0.8702477132391374,0.13228120768888205,0.06969736596698414,0.009013355421333392,0.08469346098387473,0.00479989783078652,0.0
0.1683212608710897,0.03803682085757104,-0.08945927598568372,-0.04746185445205299,0.09765687652523998,0.6085591014104457,0.9431446479748807,0.715248457197112,-0.4224363284783022,0.9180139693382725,0.12436537515112048,0.07302020378243988,0.1597461391426479,0.06526932941689852,0.12366787091001519,0.0
0.18570186130627497,0.03748936160039241,-0.11614291549625708,-0.1503508670092088,0.10238560324964864,0.6199351226006544,0.9616225529227692,0.7357603267129197,-0.32851596679201794,0.8933611217670817,0.01661302630340733,0.2518045997075129,0.09055999354693439,0.14048698315219454,0.1381316073352451,0.0
0.18311427199189345,0.06421002685610577,0.005889838113123928,-0.1689416333528592,0.16838803921866116,0.5423103151076691,1.0466413286291654,0.7215541275320552,-0.38007856674174595,0.8560834671148814,-0.11615833591498748,0.14172232035940124,0.04574549040652674,0.1662470627712948,0.033949352599062246,0.0
0.22884245699419947,0.02386150995141527,-0.056104686584238256,-0.10798070564967946,0.2235577738153646,0.6155424528677722,0.9580912922300514,0.5752039512389532,-0.3011089201816105,0.972020470658567,-0.12799587517775618,0.07844561465894852,0.1623569503580534,0.07157463339242096,0.1364239028021269,0.0
0.18640121127317014,0.048114262073955305,-0.11188790026617926,-0.059346473644391405,0.11353494414040233,0.5758678077908067,1.0446914348916292,0.6751168557800428,-0.39400012076856106,0.9479982204739423,-0.1532578130361108,0.1529816227553951,0.18361367978629142,0.15599237737863975,0.26004107259121767,0.0
0.17972113958293273,0.07319919382474363,-0.05369469536811318,-0.04278240713787192,0.09457580609625453,0.6270723813082109,0.9906559697597803,0.5737715985391076,-0.43931215840646604,0.9174097478481292,-0.017163503784293765,-0.05954059734778239,0.1140097504913786,0.17613643866086384,0.010244429202178662,0.0
0.24538167971923006,0.13258995054980144,-0.1690445434907224,-0.08007697863705118,0.1569814568687662,0.605643308650094,0.9197695205111851,0.6111470752239874,-0.43935204537762923,0.890633212282249,-0.08973374885888255,-0.16023988421455126,0.1376322323704129,0.05591774150891407,0.008965944041395682,0.0
0.27146033281410487,-0.00928069030420206,0.014047084542068461,-0.1532153958603217,0.10568463452188818,0.7319872710671191,0.9820401598489346,0.568591828250353,-0.38379192246655647,0.9312962735328429,-0.11455787878207968,-0.10627611721492437,0.07459393819535032,0.044953183666272295,-0.14035579388684782,0.0
0.2246145431671336,0.1042216455496952,-0.05831207126532029,-0.14158202307573992,0.15765267508197228,0.6647813465967678,1.0496657995739465,0.5908379300281278,-0.47070471323403157,0.9696631441669962,-0.010189908523816155,-0.003106499803511506,0.06785139157937264,0.1132909913934114,-0.06457326486372986,0.0
0.27182295194440975,0.1336288935112192,-0.07299705842192165,-0.06509923557225364,0.11468381504243517,0.6894501271706767,0.9338438212767755,0.613524112483511,-0.4418237084496148,0.9940446225657662,-0.03771922413028358,-0.01862543064841643,0.1792777212994204,0.16622262971779214,-0.1284047382072745,0.0
0.2862519772961184,0.11128386745605337,-0.025399907812633904,-0.12341378059827895,0.09501785328367246,0.7112776662795649,0.9518362944667311,0.49087018361476964,-0.530701269405978,0.9432951466041412,0.0800752696122252,0.06250221490114825,0.183983734710737,0.2745872513800632,-0.034861313930474536,0.0
0.2322140912203988,0.057454650022552525,-0.0425098387965948,-0.0042726403706628835,0.11943770484171226,0.7299075574603147,0.967982960353279,0.5148014313498986,-0.43536649100010266,0.9379655142680553,0.17754316190769948,0.24668771493913033,0.1792973460167829,0.24911201804275246,-0.11598727374791641,0.0
0.2727347660168266,0.041175036353934776,-0.05421093805501813,-0.0756412151273925,0.11207715284282549,0.7461821000255239,1.0826691925981726,0.5306346097005618,-0.5283529067009255,1.0267184771733673,0.10541679190049974,0.25803509885332876,0.2313346852130152,0.18747884482195604,-0.10549228433685287,0.0
0.24275948611169867,0.06858697694501223,-0.1578770539920862,-0.08882582992889596,0.16665973865104125,0.7096572020406923,0.969706608113995,0.5046823119316262,-0.5819883592018193,0.9281220807295941,0.31694942192581305,-0.02329446968072449,0.28819094174916343,0.33018754785324955,-0.20021848103321388,0.0
0.17031358598522778,-0.0051133216930955155,-0.0679613819449987,-0.1737719344164032,0.15919319580610522,0.8493044776811807,0.9934181851729817,0.4779913052598593,-0.5224474987353102,0.9699378901326461,0.03202535473073928,-0.043108155893475365,0.11721896466206798,0.11675474192250329,-0.07578670451247803,0.0
0.24754288887007297,0.034824952834848384,-0.09664856651110734,-0.02588002020098351,0.15500254667104182,0.7730686207428898,1.0106185720383927,0.4282006980048496,-0.6797462619012559,0.9707015429670182,0.22564227773218642,0.07269498158676652,0.12317683314224989,0.04098747061802747,0.1191062964255869,0.0
0.15595134896808788,0.008291903703295939,-0.10780683832600743,-0.18224149717305296,0.07838881668364836,0.7116113755116673,0.9457481736738107,0.447032358529804,-0.5568495771054738,0.9811690585653247,0.06461630183598006,0.09456163504811035,0.17093767738248106,-0.09627945512211872,0.19698574373465813,0.0
0.17974786789203584,0.08257116475916657,-0.11496520265391706,-0.10030538290226845,0.2286561589143808,0.7849457824691584,0.9436804348261627,0.4337012848792388,-0.5342237641051677,0.9776692617297109,0.21525652277080864,-0.1500840504101754,0.10311334427754154,0.054756895554510104,0.07752444459892069,0.0
0.2036075082237218,0.07995574345407033,-0.085474020766717,-0.18799972850355778,0.22275508189336596,0.8804408716877801,1.0067688254550204,0.40301034070679476,-0.6281782076058242,0.9562060381760644,-0.01454076023530898,-0.0003780362029424389,-0.09427506709010827,-0.1841593814459947,0.13134369492433629,0.0
0.15343191708976603,0.09098223335915692,-0.07351148987906254,-0.14236020269266136,0.15090290343645968,0.7513644562505019,0.9960981624913742,0.42917541296012646,-0.6519341493548411,0.9853062863446119,-0.011157426257257427,-0.021302736566542434,0.08203549909651582,-0.02589149292767487,0.06183763188674482,0.0
0.15222159987551542,0.1802023531379025,0.019722691558372335,-0.032508028104015776,0.1254638876068503,0.847428619051151,0.9762613339886184,0.4776640324322406,-0.6301936698235288,1.020754069686902,-0.03885731622822233,0.03682751284486349,-0.05048602201898369,0.005966155001622422,-0.05182328448143114,0.0
0.2754106006256256,0.038038400765181626,-0.021430126942451673,-0.13883203959113063,0.16268336875391723,0.8312353493452705,1.0144995998491184,0.3609149196523562,-0.6585918184024434,0.9135729942216325,-0.1021746941278508,0.0540041911044383,0.016217402775085044,-0.01482312620724746,-0.1457320164715629,0.0
0.271576096768002,0.16218081899261041,-0.09522412621945436,-0.14003030692338106,0.10248144788639027,0.912293260032227,0.9561068558669372,0.38762098364870645,-0.7380761181125872,0.9398026204480724,-0.3129603038476148,0.03480006307753278,-0.04741978890153558,-0.059570205148867135,0.015200361324318235,0.0
0.15258856565686016,0.09471332818541787,-0.015751222275524425,-0.05177022923724177,0.12658518649178735,0.7372842338987045,0.9782573433963174,0.43516896944010686,-0.6929070557285281,0.9568591325527767,-0.366387558684527,0.05276601136540508,-0.20578427052103923,0.031496495336693714,-0.12780924995375464,0.0
0.20233796780134547,0.049508474140851896,-0.002544748243373439,-0.10984356692871736,0.10974943601511046,0.8791190490330795,0.949541056163677,0.3635782933207236,-0.7464905459589504,0.9291484813906115,-0.1380352806499943,0.07439319691262808,-0.1296977930274934,-0.1972589699428624,-0.14646028024006674,0.0
0.302994382664764,0.00020898321428153288,-0.09530097761001574,-0.03271586666823806,-0.020018615950243207,0.8585408566316816,0.9241496582304222,0.22261535628623105,-0.7060381749690865,1.0188227330090864,-0.02769442043045217,0.08197913353285277,-0.020492075322505146,0.06971595725162091,-0.10287888693811371,0.0
0.2968099241238678,0.12612432965369386,-0.07825009256547703,-0.11876198412654795,0.12035878480903583,0.9372411347893476,1.0244241152804834,0.4335106816986677,-0.6443195712581544,1.006959428347543,0.008252726160684752,0.17398496084486237,-0.044578952493567886,0.13507151563874306,-0.03813431142743204,0.0
0.28740361502468675,0.08657151295698642,-0.04181707752208589,-0.09312618532270761,0.1443538865571039,0.8416558160105856,0.9818653938440929,0.3625539601068344,-0.7566937655110398,0.9168451472413763,-0.026171378755881974,0.1670342659056411,0.014425958004652302,0.11408175484753888,0.03631650247720247,0.0
0.25801495976817324,0.12022862907320006,-0.040565043489091235,-0.18401729269386935,0.14954403544691486,0.8036033540367917,1.0236377577785523,0.2720765554608308,-0.6402125164438704,0.9846879127726849,0.09858368997810446,0.22434607204611748,0.0870415235850488,0.03320032810544263,0.20694594844270556,0.0
0.28281798598666325,0.0957436656921174,-0.08927137861762777,-0.1124003223511614,0.12206255958788673,0.919133747345181,0.9047883025777617,0.3108975814944406,-0.8227520425963065,0.9770814404282938,0.03889021903433128,0.3147427350429044,-0.023963544763747943,-0.05923513553872446,0.17357020047706354,0.0
0.2721666521117284,0.10976862775550901,-0.04985040495642974,-0.20545016716381181,0.1791637070771159,0.9546864381594501,0.9737947189020602,0.33896674643260993,-0.7086589943567946,0.9045965362817588,-0.0121526005727703,0.32143414551412813,0.053662136476519504,0.03690359201208035,-0.0034476713196262,0.0
0.1665512291902638,-0.02717851520940387,-0.05765272671408395,-0.23954620804925153,0.18956816094549783,0.8603097564589237,0.9121757556343075,0.22635516052315224,-0.7289382471832719,0.8951033833542728,-0.028180280865474035,0.2099209883872362,-0.09091691506340671,0.09806220940223018,0.08404637572710973,0.0
0.2556619910718558,0.16363637587780117,-0.050112183890844555,-0.1400451480787765,0.13815445085414113,0.974256141057942,0.9914707693546758,0.18683389638508213,-0.7962769840733168,1.02335120062666,-0.04009150877339595,0.08825096523031198,-0.22387829780285207,0.09235253643861514,0.006720504318595291,0.0
0.23568215732217102,0.06602921547066913,-0.03612682579163011,-0.10979595036764847,0.18820031966691034,0.8667705861062965,1.0126703488776174,0.23260299302627532,-0.8054719120006792,1.0822622003236135,0.061996123985631396,-0.06206823058297047,-0.16184099154687343,0.15386295711802883,0.0877538956351804,0.0
0.2518538841105153,0.13214108264558883,-0.052198871706722896,0.0039466254310713406,0.2458273310232793,0.873043073242583,0.9540844523842562,0.17733761907265033,-0.8049757639688596,0.9265544855612674,0.07585254871660045,0.09528448453342392,-0.16010630908288903,0.11435750633151391,0.10620310532308426,0.0
0.262671316160082,-0.030904966810261558,-0.1441721554091122,-0.09289269491922032,0.11106344888036868,0.8765239458330917,0.9803297207006054,0.16172433498514255,-0.8257939001722564,1.0064836454166244,0.13602528507048936,0.19750760258056146,-0.22727113601031157,0.033237662292731125,0.03352494431763058,0.0
0.30491966803417536,0.009364033239354946,-0.07512035770733808,-0.11749524753994463,0.13279704510176354,0.8701510580374827,0.9086359628659718,0.18365295590030817,-0.8938799902996155,1.1066116202850724,0.1252954419105737,0.29714774343618205,-0.09632056931733457,-0.04346558603630356,-0.01635844955480945,0.0
0.28167683960521456,0.08600216141832877,-0.023676571771959427,-0.05438019751056243,0.1449542193776309,0.9546789681430659,1.014830547493583,0.15193842313496322,-0.7382131204785587,0.9577060585964992,0.1736151795789758,0.061961207824418274,-0.16368623208673858,-0.012926521567445129,-0.01385098919203562,0.0
0.2961092265312304,0.11356648805697579,0.014942660090181012,-0.14155528341653745,0.2935120033509402,0.9655298322866827,0.9701387348845162,0.05064065101556217,-0.7882953386277041,1.0062372051724995,0.1363076794097145,-0.10701014402147982,-0.1380322226558751,0.10148106826355462,-0.029622322621165313,0.0
0.33345931438250853,0.0619294698214386,-0.08778529504620039,-0.04749380021208546,0.13392246960136006,0.8660916769335221,0.9201118721348334,0.17167573905348116,-0.7724250547195024,0.993669924198211,0.03805563059694236,-0.1470761426089573,-0.2508155555400493,-0.11409321024135903,0.049302593454148835,0.0
0.27372221633023275,0.1115237321480133,-0.10326125519073098,-0.13394143279801263,0.1543677178967279,0.9533884106510269,0.9917297813107866,0.11538935229701276,-0.8114485091059725,1.038615548695844,-0.0037707630995127313,-0.10638445679824576,-0.21853634065847047,-0.21703704229483528,0.10689495249857958,0.0
0.33368643388181923,0.1722582936881042,-0.18694442309089943,-0.12411491993281665,0.1825253613904847,0.9663950534922379,0.9129128386942807,0.1320146307425542,-0.8972895775551344,1.0958429480996026,0.15733315978513499,-0.010603627791491169,-0.05807253512302454,-0.09683806420321081,0.27572827622351886,0.0
0.2477962226858616,0.20778031294422075,-0.08390817358062597,-0.10212012235234318,0.21643329675879566,0.9214667356611017,0.9713957855674069,0.06217435551676456,-0.8017626222008843,1.0744271735356563,0.019993109038384013,-0.1440065840088721,-0.13925311615651148,-0.09644475050681783,0.41006277837395466,0.0
0.31807907391267265,0.06279693342364291,-0.04822907438872935,-0.14044105631067394,0.15968015104279315,0.8859154297054045,0.925039277507126,0.05313014476722446,-0.841316263398995,0.9746077077238291,0.023476937442062664,-0.3023078932041793,-0.012259771924364754,-0.07200986914083625,0.22797409080551598,0.0
0.3207662812049069,0.11968022385116742,-0.056819721607432996,-0.12926671448388122,0.15813841245525817,1.0300274254606605,0.9857739959723547,0.05810429881144949,-0.9200342250120758,1.0291710724285403,0.08005963132694058,-0.0528753438743087,0.057802616973391945,0.0033405113194331162,0.019054080399341894,0.0
0.16359843778540475,0.11196929071629312,-0.10947469859017914,-0.1797487722223966,0.2361052244772155,0.9115056587222751,0.9636380379250643,0.0031075647506493406,-0.9239681052445606,1.0451658595460815,0.055250967063712735,-0.06747434686632346,0.1686819330640884,0.2237989578930613,-0.019111148522879186,0.0
0.29586245478364137,0.10776786566174865,-0.081139404100386,-0.10224248910217129,0.20796886412258345,0.9305028104788446,1.0198405761735976,0.045308329721737095,-0.9021229409018063,1.0376137757842976,-0.10698183756526919,0.10934117729924567,0.2645214684878696,-0.07401889855845573,-0.24063132322097777,0.0
0.30639092799724393,0.07756229386301618,-0.025905595138148614,-0.07605859748002056,0.16605163579546245,0.9249565166595568,0.9671364683280596,-0.030105700026808676,-0.9300117698123581,0.9804494346802464,-0.0594714072193838,0.18768014567829017,0.35185286836605606,0.010099402113180597,-0.12085450073038775,0.0
0.2241891115461432,0.08663719041678844,-0.08608956822348995,-0.16809382590187677,0.1569834859364791,1.0001761896539998,0.8759845452928683,-0.07471353202106526,-0.9290687563826175,0.9635216735452881,0.05820047790343681,0.04924586144880659,0.3588075523303291,0.023115277730053282,-0.019140097702698894,0.0
0.28561030111584246,0.06322091327215314,-0.0875147631644724,-0.1507193457277154,0.16334534927603866,0.9155844943570913,0.8158279985943173,-0.08811602995122346,-0.8470641541378879,0.9858582182940516,-0.02578062025754832,-0.09677343716691189,0.1238937560568556,-0.1552795740723088,0.10335597579958085,0.0
0.27710631100688304,0.14842781281025486,-0.03488237653615546,-0.15297385478561326,0.14987330964327472,1.0524702233161143,0.9257978375821416,-0.06620650583622752,-0.9288626574098302,1.0754067343757154,0.009822593901074993,-0.041028149987496716,-0.10338129120005553,-0.11540392369674005,0.071495077850538,0.0
0.24604534784868834,0.06607757195269921,-0.02768142226197103,-0.05632561871550079,0.17636817628971457,0.9413511776234228,0.9503259275033183,-0.11796186807645023,-0.9717660097812342,0.974280112442041,0.004975567316012715,-0.07224454366241391,-0.06672260409886713,-0.10676794468331188,-0.030970142366178295,0.0
0.2473879385866593,0.09328615177836497,-0.028870705214160037,-0.09725091061730122,0.1499464593359518,0.9287274571996529,0.9502156825355249,-0.08283193088959415,-0.9108947361130493,1.0492456579903184,-0.030819029755200348,-0.29766644517244556,-0.019480607883106134,-0.16152260546745112,-0.1575971362003136,0.0
0.2948742874189259,0.1296537470397352,0.00797940559698919,-0.12003018377556458,0.14464199682619308,0.9840986821831291,0.8592239218878496,-0.19677909808983785,-0.9763999629470029,1.041789588579594,0.03487678646479367,-0.2665145365588101,0.01635136479509678,-0.24052040171517677,-0.3073285825194913,0.0
0.2785953443822376,0.07481039817297755,-0.1018357547777331,-0.10958992209559403,0.10981192734274478,1.0396374326387308,0.8570677315548169,-0.16662106656783562,-0.9410570821094666,1.0137325731392983,-0.10098018495307609,-0.1481054633612094,0.12401842138682537,-0.14604489076101612,-0.3673136729393566,0.0
0.25363885410406684,0.03164179426736737,-0.02860476062029907,-0.14043109548810817,0.13518849042041686,0.993609261765624,0.8248017367500526,-0.1839676260591979,-1.0030283351591043,0.964200335635086,-0.07258470529753705,-0.12059803764233071,0.2316633394795677,0.11837228555458087,-0.381947885556775,0.0
0.3559678456199184,0.09276152959613355,-0.13757488044818877,-0.12133423822644716,0.23906904576030397,1.0137870835603304,0.9018750534100674,-0.1887830711604222,-1.0105213217202567,0.9530866639288595,0.011338419590007712,-0.23780343379200114,0.06121420850765405,0.05619599318925031,-0.3903685788449008,0.0
0.312302542621085,0.09306408978035025,-0.05139982974397841,-0.04823455493087128,0.19654306298672808,1.0058130568784867,0.9883098422975726,-0.1594048509217609,-1.006800711166635,0.9929171278345089,-0.3051145934001303,-0.13019174492645272,0.0655140019157973,-0.05066711254056217,-0.36880442855640766,0.0
0.23487564931759095,0.04908695795065289,-0.10283502197368852,-0.19351280853347902,0.16522872363231803,1.0021473855591494,0.8903561656399848,-0.17244035004253838,-0.9858050841515278,1.0865514263994382,-0.1854135877947491,-0.04603577763732524,0.14433335063732602,0.05912654979211157,-0.2640170744862603,0.0
0.23946100979995855,0.10393714780472448,-0.13487500787368245,-0.06930753185477109,0.1358125679810967,1.036240927913596,0.8994987012599338,-0.31259487545511583,-0.9273224371974349,0.9559552231254433,0.039157722084494334,-0.025860956507382495,0.2323714347108176,0.09580432535193725,-0.18951562274430947,0.0
0.3136095059996644,0.08995342220108825,-0.14915769415258667,-0.1415444601694313,0.21368919750537224,0.907590250079986,0.8677002198715215,-0.2934575459694697,-0.9902086382444202,0.9994201416093799,0.06675676313155021,0.06997994122479853,0.12459636701828594,-0.11471520236283267,-0.18724736019831464,0.0
0.31995619353710647,0.12752978939363732,-0.08516969681082903,-0.16294785854624413,0.17251051451930413,0.9566887612361847,0.834431764014153,-0.20265649655750534,-0.9712441662614123,0.9141755044790189,-0.0070393556304855845,0.08693935980637091,0.21189376043923086,-0.05689550648946751,-0.12882641951911397,0.0
0.2576773031360829,0.11325163676744394,-0.07780961777566282,-0.048524970385474236,0.20549636949715416,1.0300798368340627,0.9637093861521444,-0.356900485779271,-1.0019724622661357,0.9984201992438517,0.17027519180311249,-0.031365418372760856,0.17225690132108792,0.01697484921211958,-0.13503276191749686,0.0
0.37597975796731864,0.07996075961318934,-0.06512639712744439,-0.16759017802777493,0.13869924585627408,0.9901917395583014,0.9617325963850749,-0.3045864378621612,-0.9837725842098396,0.9469436035146735,-0.016097760469953426,-0.03212221990520073,0.20905942355752172,0.1706973763464807,-0.09490452271643372,0.0
0.30337264576390693,0.15707360099815645,-0.03929511301400729,-0.09539175568391704,0.22758953963067585,1.0042922708927253,0.8679395013516442,-0.33165029785969763,-0.9984457970703283,1.0333941694507693,-0.08151410231386846,-0.05038115193675503,0.10844416892658443,0.02515607855017933,0.1033073682203531,0.0
0.29495204120855145,0.016920704302372094,-0.06534069051349442,-0.06325713836996641,0.23803664870893043,0.9330418772461371,0.8688379259973665,-0.3071282419865196,-1.018752063025168,0.9345807437321092,-0.027553074481500007,-0.005373488317056842,0.1701857197432431,-0.028252092018351768,0.275934855477914,0.0
0.30361366605025963,0.0826291308952323,-0.04206660952658246,-0.10834855372684768,0.20988805034719543,1.0518585902830673,0.9135505742682567,-0.3867424398119499,-0.9666257063416999,0.9549970666862487,0.17888507289002464,0.02298261959458208,0.16439189468969084,-0.05836454083800041,0.22188351489551802,0.0
0.31073751616194817,0.16394654192826724,-0.029105227373347458,-0.07726438144366467,0.20718878440619048,0.9798596277120155,0.8790035764753795,-0.5124338217532497,-0.9140766315596356,0.9344425257361024,0.2639258555296359,-0.18714270096559443,0.17189486738411427,0.09619082564117408,0.2561501704477306,0.0
0.28395945124215943,0.048162461134233905,-0.008834091040119132,-0.047590807400418336,0.21734069069517167,1.0696942422801219,0.8580024296041013,-0.33676315244108895,-0.9289256013421716,0.9138267112751685,0.18825333002555575,-0.05458511858617719,0.14616376760381447,0.10552069494357535,0.12006672021789178,0.0
0.39843280107045786,0.07630338205633873,-0.03512948872910747,-0.10597321759795333,0.17010951708354785,0.9982224892796512,0.9046687260883872,-0.4046043241535582,-1.0346570562380801,0.9796685083049099,-0.03593220927709878,0.023123022051114647,0.07866652114812944,0.12844620727712358,0.2613913325797257,0.0
0.30665932444945304,0.03782451466341746,-0.11850257058833029,-0.15174858521586634,0.24595268528225414,0.905741959508825,0.8773905336111835,-0.45501083693982897,-1.0820423681531866,0.9437481742929329,-0.20245361834845318,0.008271870507964222,0.05640866920006294,0.23554196187112678,0.17608075220153163,0.0
0.281528936354028,0.13377931168273785,-0.18450588861263043,-0.1780392817440348,0.2119694138468867,1.0728479933303199,0.9201578917077339,-0.4067839567220136,-0.9715522307763602,0.9833889236454681,0.04999907404316764,0.011211697394777185,-0.17469888468546288,0.2158262180404993,0.0754970852709978,0.0
0.2659263523778098,0.06864765029099151,-0.057566747304003185,-0.0554699661169904,0.19713023833868706,0.9871251967856504,0.84516423643317,-0.47646143638245825,-0.9075256511504411,0.981074919749832,-0.042322046196714994,0.15499504170612288,-0.41291759092260705,0.23189807420997802,0.0027439564831529747,0.0
0.37342723087474483,0.19906983943950343,0.02264680214524309,-0.1888516802317943,0.260896066160031,1.0331588959727867,0.8538591953190555,-0.3683199400674306,-0.8895838188407745,0.9499090324704366,-0.21768743733833257,0.14279031621778288,-0.39312687070042895,0.051269499527903786,-0.0649264040078633,0.0
0.23591206263907422,0.14204204622680522,-0.039901439137944,-0.09351111831473502,0.16815593301607137,1.07805819040307,0.8742885218942121,-0.499848993425142,-1.000700209807633,0.9903385069792281,-0.20858076311710133,0.003775205159088066,-0.28479786279640595,-0.013143256919166041,-0.04221857645037877,0.0
0.2859612162844917,0.17791833218796477,-0.08664678627204074,-0.07199807257012551,0.24680225582678816,0.9681417218040582,0.7953968957049897,-0.5693909590422639,-1.0736595051004274,0.9948524066110692,-0.24949455969488393,-0.004589489695810331,-0.18179463776273364,-0.1285200989226472,-0.1125610082491862,0.0
0.21685524627105668,0.1554171732615,-0.05199642627851259,-0.08412894979175776,0.20121125515866975,1.0425547497439256,0.8071806759360433,-0.4960517393775245,-0.9747958064061703,0.9684567065131882,-0.10589283535332908,-0.07343126516134822,-0.32616498392015064,0.02197047462721273,-0.03745023303852164,0.0
0.3874569427020879,0.1256181679615857,-0.09518141569923154,-0.10569787553474498,0.16407631375998558,1.0946555806971634,0.9060759636078451,-0.49436264449730294,-1.0016857692705061,0.9102342236319142,-0.005113645523774135,0.08170639913287128,-0.09726335785428072,0.08573999239769259,0.03386508417912235,0.0
0.3337850504553267,0.13918639246056752,-0.07147089943542882,-0.16222975282261426,0.17702082581809225,1.116756662010827,0.9774424992741895,-0.5793544269058254,-0.9766571585869652,0.9681642457519154,-0.04585636970977371,0.1406857490206917,-0.1632217663228135,0.08186078506394266,-0.16135207858128217,0.0
0.28287729358972136,0.11183861148831255,-0.03686158211256747,-0.18311318611579888,0.21919938585689092,0.9322177312264314,0.7265949724760287,-0.5635145392613217,-0.9240627288508657,0.8113916580834084,-0.08563023272547247,0.08771501016555477,-0.18093925968511376,-0.0472052842567192,0.09089520194224131,0.0
0.2828688469031367,0.12732801491325652,-0.09806454696352912,-0.12366715139613581,0.11622702471990776,0.9753934634395366,0.7439012633801558,-0.48351700936521863,-1.0151934374919178,0.9821954312018617,-0.12258898024597334,0.04965481849522277,-0.21987228685419588,-0.0696308360704924,0.027477200040074132,0.0
0.35024580964977936,0.18415184346824137,-0.035397201872451864,-0.10465347232486928,0.2674821396524924,1.0139547705701437,0.9067793210858708,-0.5627128205342471,-0.9554473886332296,0.9481404777647191,-0.1663375181977676,-0.043773946390980346,-0.013991028599614014,-0.06229274167772927,0.05041858584508169,0.0
0.30128465874214927,0.11681758191807023,-0.07233449215313549,-0.1082972840616166,0.20248274727233198,0.9600325168893269,0.7932495199032544,-0.5531683759214495,-0.9252428327230431,0.9005081086271296,-0.00022381669046384056,-0.12494710290904244,-0.0003698198471390208,-0.08084883819678218,0.10338150740834229,0.0
0.33641845295200384,0.060347855090764214,-0.05639222614048695,-0.12823848545861566,0.2041827456330811,0.9574408499740342,0.8137584983463911,-0.6725955801663895,-0.9111640943113227,1.0068861841904175,-0.1146863143746798,-0.17441730044178894,0.08370637697665792,-0.2136259739900457,0.11774260356680749,0.0
0.337333732258458,-0.05601474527576983,-0.05591566245376063,-0.09167774724992993,0.24754142928803652,0.973905538933893,0.8202917279448331,-0.6808415673722679,-0.8470158500346556,0.8611111458506308,-0.19861122636530967,-0.15300949592737118,-0.0788842996438274,-0.03237059684733741,0.07739948364151115,0.0
0.2545980719111745,0.08887506458206962,-0.08819465273637064,-0.033734659674873504,0.1678398807095415,1.000605306773145,0.7899282534951263,-0.66259658863174,-0.9804264329954004,0.8940603916753036,0.0039918219817034195,0.045853572676745266,0.020577206741520748,-0.14108102290797706,-0.04550238047488243,0.0
0.31426134307211034,0.1927421712542035,-0.06731156853195708,-0.021376757497108975,0.1445910572734203,0.9449521056452552,0.7068341103918416,-0.6090400398377981,-0.9152587722043137,0.961611233992139,-0.12451122618336151,-0.0741190957151621,-0.11963508402908649,-0.20720494467606926,0.044557137896644755,0.0
0.3971558273405498,0.13531946689629448,-0.04659191014875495,-0.06209672802409588,0.17359123340306204,0.9057725643380853,0.6772626045352333,-0.6413083518213076,-0.919528326307521,0.8897818259011686,-0.18269727819006373,0.11524291273426132,0.018108745671177637,-0.021310110907395735,0.07398777109080623,0.0
0.2601814350118683,0.11347674563622973,-0.08512458659090028,-0.027754579576496338,0.19236911327123682,0.9884880349430801,0.7945523073628262,-0.6992750764165122,-0.9064631672458258,0.8447832054469147,-0.256855608086355,-0.035105132664530955,0.03165480929204139,-0.022690809457517343,0.02537988643209825,0.0
0.2620940594510268,0.15705984437618642,-0.008086848077693595,-0.17289566966990522,0.2773339034368254,0.9153941753081827,0.8123897939053673,-0.6453697507154267,-0.9180180284014144,0.9024552085502505,-0.22862081854259234,-0.06717374380919718,0.02924747378875327,-0.04852826647581601,-0.14171743883428406,0.0
0.3225778415392984,0.06944550502911781,-0.10097706402662796,-0.12093929956963258,0.2374690922421145,0.9241910366253211,0.8287814412512186,-0.6247531470578009,-0.8972990738345333,0.884088041208917,-0.025076555446616883,0.11606271684900374,0.022885900178230546,-0.008365146339975559,-0.15067076640369303,0.0
0.3466566917491303,0.04517393317981701,-0.0402518831135536,-0.058958741396459326,0.20995331978781667,0.9620893427951287,0.7042055216404778,-0.7758782641803694,-0.789888695121495,0.91245323401036,0.02294134194626266,-0.009295621125867154,0.15369464574624983,-0.04650557530624128,-0.13373572760209113,0.0
0.30300574845586614,0.1906192327679238,-0.12549367869948957,-0.15313550519371952,0.17515516842904505,1.0018255330715982,0.7679577515276684,-0.6917617551787737,-0.8184409683887919,0.8907595417216938,0.07227248050222357,-0.19580658541816331,0.08030324395314246,-0.10845034091539332,-0.1789402088078291,0.0
0.3591117554320758,0.14694754419070213,-0.06112850738256712,-0.12368051740675137,0.23693613287253734,0.8868471730827536,0.7657558163490724,-0.7829738067829854,-0.9464017050287801,0.9024236030496212,0.1263330395097587,-0.14063232287970495,0.13318630342322527,-0.048206498535417155,-0.2539671070643859,0.0
0.3266551059669329,0.1349551423840794,-0.13742401674444835,-0.1296387110952898,0.27592920609080024,0.8617662437145424,0.7222361419205741,-0.8061641313619798,-0.8266413391000929,0.8501536474576238,0.22272209430243375,0.00509066595431279,-0.02505561115840832,-0.22489534437363584,-0.279064462197503,0.0
0.3819681440143846,0.16661197427388022,-0.033293675921058835,-0.06780588990469238,0.21396986028391257,0.9149357202220767,0.6961699316656365,-0.6892056243936913,-0.7662665882824231,0.8197396021940375,0.28251450299832914,0.03036449421801071,-0.1293627624138786,-0.17738827295964732,-0.26685827409082097,0.0
0.3497809505090404,0.11823703545787743,-0.027598232930094578,-0.11509376381315264,0.15607708946245383,0.8204450357768608,0.7707262824879476,-0.8107128207722817,-0.8965930022468706,0.8286698995089371,0.24216918118606007,-0.04546605867813894,-0.10202456880140687,-0.2169233959071252,-0.18660558263042498,0.0
0.3179879569480818,0.026224322884686457,-0.034468751645864104,-0.14377917947553182,0.22576468199678282,0.8333469491296022,0.7581182038530428,-0.8676115037804377,-0.84764746936285,0.8411804430840389,0.18772321837243738,-0.025155197091808794,-0.04410465617823354,-0.07505318367503466,-0.1000771029579523,0.0
0.33852635011958326,0.12922325167143656,-0.06418251967416728,-0.06871449106254102,0.14541062532214832,0.9551994213966232,0.8117831437578218,-0.7484012373058396,-0.7851290282675988,0.8317932770641897,-0.04279224599159695,-0.032357612860532015,-0.09234655579435308,-0.04211031409040834,-0.0643675833787694,0.0
0.28508289003684245,0.06631588794968667,-0.028448088636042604,-0.1363453788251183,0.2503043065831261,0.8815242648108116,0.7263909922088075,-0.8487173053133251,-0.8119633482451009,0.8808437989647692,0.008264437449803146,-0.09043479288456337,0.11723099692194337,-0.04054587312177355,-0.04408872198750072,0.0
0.36201291051432904,0.14882797903180378,-0.06790314162166348,-0.15338161277405826,0.09225381339032644,0.8045826045969355,0.6357852769061072,-0.736716963237015,-0.8870642705262008,0.8547853536771188,-0.18783053667695493,-0.03959385831297652,0.17208601571287158,-0.01550352075468619,-0.18804129905429007,0.0
0.30972779529722927,0.151389667749065,-0.008954083751464656,-0.08640284235869722,0.19765799907205317,0.8666152002094799,0.6570647652073692,-0.8778253805197708,-0.806309286091805,0.8615267788910626,-0.0856345784351473,-0.08807133771283149,0.15953854130955922,0.10922840856890287,-0.22265520749098813,0.0
0.31942747914781483,0.15223102048843176,-0.06754569996159064,-0.14208328733337677,0.2404059320745173,0.8463170112538472,0.7890279500162705,-0.8443474480431734,-0.9555839088213227,0.7886056845495785,-0.10809497750769738,-0.12712624157965036,0.07661974238868097,0.1172957745207569,-0.1636904269124736,0.0
0.23101807163919727,0.13833924249827062,0.03042975318296827,-0.10262809468006012,0.12002602911398656,0.7849637342297954,0.7088078718042209,-0.6968919603618234,-0.7374787606231031,0.8143161141117796,-0.0040447505590899685,-0.20039570646318158,0.14788030240222028,0.046489758739147735,-0.03807158511906206,0.0
0.3766603235775228,0.09417945252797295,-0.0009536039599017804,-0.09338016083196352,0.2369660695103191,0.846243652396079,0.6855714963963753,-0.829461046051302,-0.8342710383878005,0.8654900013530131,0.018815086479088652,-0.049608298617976734,0.09109774754099026,-0.07655893994024743,-0.07062810865009028,0.0
0.3859321229677043,0.07277206602447808,-0.024256135032766874,-0.05188671535539621,0.3211296828356862,0.7590779997660813,0.6408637334970776,-0.8823438425601435,-0.7763273896501119,0.7704649760167044,0.08867904727413654,-0.050081972395589924,0.025157922613866956,-0.03147406933612311,-0.05237933630948815,0.0
0.2917956683550439,0.18104027894274027,-0.05269363516790329,-0.14797486518781594,0.23751641902759507,0.8595168358310029,0.6660085015023833,-0.8330886550293172,-0.8505458512260077,0.7878024037086488,0.027330258601198948,-0.03616215511781842,0.16381913278823265,0.022946954403040593,0.18214235128262835,0.0
0.25563939066518815,0.0710131410141735,-0.04302047076482551,-0.13843767580384547,0.2724467827765663,0.8333021663967535,0.7270394677588848,-0.936522877629069,-0.7459160897102832,0.8766606142925892,0.08100394851681136,-0.025264293090346966,0.06917161249500672,-0.01879319755916782,0.12032372375738447,0.0
0.3411955051770659,0.21336578155854546,-0.07900101985636075,-0.11805721358906125,0.2279571566120366,0.8242991820334923,0.6949864785426566,-0.853410982546213,-0.6784949637033157,0.7823579568180993,0.10050022264637548,-0.09180803659511741,0.08796664086755014,-0.09524866927623317,0.1172309034015415,0.0
0.4165276396826507,0.1432069801588191,-0.03185159822158509,-0.07808021729724954,0.2473473382737081,0.771138549611568,0.6251099019129701,-0.8928215876415154,-0.6817021406831596,0.7665648284256623,0.14511771960832054,-0.09013215588735722,-0.05125657574246578,-0.23541495923775804,-0.018862604467356894,0.0
0.28520045548246564,0.11067424913780224,-0.0967729909380736,-0.06568284716416306,0.29600395315029665,0.8272225919545575,0.6149191294844895,-0.9054419989688396,-0.7081431936238074,0.6977163302014833,-0.05746338769970444,-0.09397976893352322,-0.15369207846092695,-0.11330996939272711,-0.11095371723385428,0.0
0.31059357945707156,0.10185019164540837,0.025138495094584698,-0.05322635286160875,0.2523976304457941,0.8510500869543486,0.6862244511811781,-0.8796913403411327,-0.730314468645577,0.7689530699849271,-0.1309409934189075,-0.09717098705454105,-0.21899638987197778,-0.07025716803367613,-0.2602624731722222,0.0
0.3383948981965807,0.15210353207674493,0.025191946143743704,-0.08932533875903634,0.262446208940458,0.7577257250404523,0.6722245610258059,-0.8831323570378796,-0.6577564730366667,0.7558193910166677,-0.17265067153332553,-0.12428114680232835,-0.23466128884403334,0.020136515630635808,-0.16215653162095472,0.0
0.3546262320900277,0.13280779819197325,-0.06528693082435405,-0.10308153327858047,0.12429903952430556,0.7060584175680422,0.5644275125753366,-0.9395121878008357,-0.7487089724641471,0.6490231128151563,-0.23350754278372934,-0.02341544421209199,-0.14671978866009586,-0.06570209600065871,-0.03843986919037341,0.0
0.3251406456926395,0.08940836197798294,-0.087193553088602,-0.1447452306913146,0.3157590768825135,0.7198831489275381,0.6724486045670353,-0.923937690204357,-0.6488066346670208,0.5999775024162638,-0.04969686186669256,-0.14985293177621065,-0.15256055270803198,-0.0013427425126684364,-0.08104208840623359,0.0
0.29947572531244926,0.06567678592438965,-0.07055619911644803,-0.19082900971207084,0.17155786451580143,0.6869632642921791,0.6716673445495699,-0.9451797221481136,-0.6311436727579375,0.791470690058625,0.012731675036781395,0.09822716111612097,-0.10094442563893566,0.08673856125330182,-0.01192818034617929,0.0
0.37938847267354675,0.15101958368619592,-0.09982425902516628,-0.08371821988098124,0.11359100342743908,0.7736953014779998,0.5475162062065339,-1.0126031014008812,-0.6298756504176336,0.7323312213187058,-0.08521782415282206,0.14427782367101175,-0.12322174890402386,0.05984949649573884,0.06299304213254243,0.0
0.35565734689930606,0.15629036628167164,-0.07396003039324525,-0.13997272912821682,0.2230234755434687,0.7362923697771127,0.6695495359946781,-0.8927164105269887,-0.6227470285797496,0.6887970574264664,-0.12598638909040602,0.16827052605155807,-0.07571085027514213,-0.0391808778682196,0.15239645111339,0.0
0.37327886748180866,0.10719908258341107,-0.061247582255736885,-0.22453211965632944,0.22941027005610928,0.7047700612066587,0.5613556855061622,-0.9530012831979275,-0.6595087113385818,0.7280523949810733,-0.06270660786169435,0.094485467405234,-0.04771506618082425,-0.050690586694291606,0.25100359590507426,0.0
0.32493570045849596,0.17665355407227828,-0.05792163833354669,-0.11357930987545276,0.1607743115371248,0.6960418480365962,0.5392302685361702,-0.9993784711734943,-0.5846628832067848,0.6519945124192416,-0.17469174674269983,-0.0020506883199751663,-0.05455362276264722,-0.045714225068947296,0.14231944169952976,0.0
0.3605875272164541,0.19040990733323127,0.034201969948944644,-0.10019761724951211,0.27068114465271675,0.7003427693484059,0.5412611941738095,-0.9334809410269338,-0.5801822014078429,0.6894142213001881,-0.20544932117901382,0.04365057711209394,0.027828349195044413,-0.015252698581498744,-0.00522428694784581,0.0
0.4030451755479779,0.10117312959545256,-0.09800491595641175,-0.1417727493037178,0.16425072327092138,0.7643970319396515,0.6780667151339126,-0.8944081650250344,-0.6156905472917303,0.7578899976727786,-0.04992382167373574,0.08185762820598619,-0.03006103165990153,-0.007976709240821592,-0.16162731686884307,0.0
0.2988564389095681,0.11111134248639035,-0.08364541971066507,-0.13041299994619887,0.3196771282089069,0.7523986591045462,0.5846866475645666,-0.9542865019313334,-0.4789447850651898,0.6406746234798156,-0.14783930526837558,0.01967623848522819,-0.0640959732180946,-0.13740208581285598,-0.17647330355921104,0.0
0.285398125852716,0.12846726408393955,-0.08696883837817851,-0.14227339055176053,0.18324023187753677,0.6512238053895535,0.6030883851794303,-1.0725240937846852,-0.49692077818182845,0.8070362581502515,-0.2993689078304963,-0.13996476759537174,-0.132657869694619,-0.026711282227879024,-0.05181785319102965,0.0
0.4464874203672007,0.04070780291022498,-0.09046263391194798,-0.16887896101531472,0.22139472492370418,0.6115269188461249,0.534208603300088,-0.9825324437973054,-0.5261168916530731,0.675071113197416,-0.35598255403657886,-0.041335977029079964,-0.052908068945636544,-0.09441106358243129,-0.10315111499602603,0.0
0.4462006497608841,0.07200267124286863,0.005719577768809797,-0.09569728872915005,0.27808118342154126,0.6257918852202241,0.5770329250476838,-0.9736592059174229,-0.48730771906237014,0.6758940726676578,-0.3743950028499046,-0.13181253986004965,-0.03831520053547314,-0.015015733537585244,-0.015678796273402212,0.0
0.33520387237485616,0.2805722426156825,-0.04190511266926152,-0.15596682845813575,0.20609751955392025,0.7939555711024633,0.5097120955669703,-0.9514387139084803,-0.41994255937621133,0.5930930259330717,-0.05884402367931457,-0.11835648385947033,-0.07845443981614184,0.05135373913056065,-0.03328497606884475,0.0
0.4316923625611348,0.18106722948505652,-0.030850742134909754,-0.1494643764791781,0.20186500727624576,0.737012152145359,0.5186929055085241,-0.9886834319024805,-0.5030931125674436,0.7046956463187738,0.12222366753111416,-0.004759154005529884,-0.15870551253714507,0.08579490805485751,-0.057866760482780916,0.0
0.36134480788217127,0.17081169561289336,0.025493925197569378,-0.07964919077962246,0.1565932082208274,0.6253576298243859,0.4902163473029676,-1.0438721742738954,-0.39352759191952474,0.5932919143559647,0.17092734727814382,-0.1340609081709926,-0.07259998970486434,-0.036042490740412055,-0.07795776103975005,0.0
0.3924598108285317,0.149452303560161,-0.11495406037059204,-0.2383041754952135,0.2021151332744599,0.6333657788830938,0.5108357052083282,-1.015265115728037,-0.49823338366296843,0.6198224665556753,0.027201639804749808,-0.30411509727087094,0.0006453772534202665,-0.07356826193225134,-0.025524260524360957,0.0
0.47083037890862506,0.13907952500505838,-0.12946563309309794,-0.13914656125540653,0.37484062388460593,0.6130522914823626,0.5213679317075021,-1.0628243113197526,-0.39450118893601316,0.5130741966072156,-0.004409651189449599,-0.3331520316199589,-0.05389810618193631,-0.12564726182449118,-0.057078700045610095,0.0
0.34779179797308946,0.04163684290910949,-0.06880293447647262,-0.05482461463140299,0.2256771113099779,0.5445232552874828,0.6046078582079923,-1.050788185741038,-0.4508721222824238,0.6771788612896743,0.02130254838886454,-0.06803657254074685,0.03377214019290748,-0.10271380073008485,-0.04535682453501641,0.0
0.3507927724092842,0.2220009270845551,-0.1040915827102234,-0.1957760650706925,0.27831692431633487,0.5074082537584359,0.534435498926137,-1.013570821577021,-0.38721192366412194,0.5927619302144977,-0.022291730319253963,-0.13551058699724094,0.005754797509154391,-0.08987560004319535,-0.031048218391635414,0.0
0.39111142205425653,0.14605830276621884,-0.039407010985148205,-0.09334484753591853,0.24398533021536956,0.5255778905476587,0.4684239176469086,-1.0105943535442847,-0.38924917517085006,0.5668732186371929,0.0014929218942260885,-0.057855977993825636,-0.08829248022326426,-0.20230137501758977,-0.03920051312378071,0.0
0.3567641056882742,0.1978718073302862,-0.056458024080207635,-0.11620294154935014,0.2984981588132622,0.5998461189688467,0.44177608528161305,-0.9397775251837667,-0.33281932914555995,0.580598743818735,0.07807260778135663,0.14857323353253776,-0.00023469617863244863,0.08081911991116167,0.06915427311573051,0.0
0.32824117358555355,0.18487399784704328,-0.050029016809630726,-0.028492090202724654,0.2735372399984099,0.5620477874039248,0.48317349929227876,-0.9958349880256873,-0.44250162952577987,0.6563371429075413,0.27394799694427324,0.11323149215638277,-0.14731758244960827,0.09432858437279966,0.028898178418133164,0.0
0.2712772054850181,0.17437462345173518,0.0017628723039946337,-0.20102180780417783,0.2618712805106803,0.5605076164737037,0.5020026795500624,-1.015053182636257,-0.24737393888699366,0.644060004220886,0.13838778901151272,0.042568055200580976,0.13944277632487062,0.1507921371479649,0.10563636567783288,0.0
0.3358384451685729,0.0935762216882474,-0.09177731560404707,-0.00713594734705858,0.19902153317937887,0.4919839243357634,0.5573470541515999,-0.9720401545398196,-0.33220612550010015,0.6140238148003483,0.04123298885049398,0.08081160794917312,0.1324823837758199,0.12337979600872687,-0.01357784802492408,0.0
0.3966644766480132,0.08061210879998382,-0.14507151969970605,-0.11223537573419337,0.3189910875031419,0.47027980800597374,0.5768833487371083,-1.0031637229566626,-0.2579992229314053,0.5738377861859763,0.0044896966335078795,0.024187859789927206,0.05556583209340626,0.027733255641466822,-0.14762464246550325,0.0
0.33854517921942184,0.1848025253916808,-0.04994960690327658,-0.198267516463219,0.2305346871778518,0.450703943279427,0.4618404918895161,-0.9821645685213846,-0.16855004947545965,0.555320309223555,0.024736972676440337,0.19007904904776302,-0.03695492153278396,0.07531322901584105,-0.30950827157990674,0.0
0.40399481707557944,0.03591182690641041,-0.10370021867647566,-0.2112743389125193,0.23271951111419492,0.34937102994712727,0.40041357235938646,-1.0053150439536669,-0.23154269156555526,0.48376142186919086,0.02370065373719571,-0.034178574705524795,0.056181472291559835,0.1625501559157721,-0.12905743189130187,0.0
0.40047642350414236,0.229753861957246,-0.06241002311199719,-0.05649174581047291,0.20198946228059522,0.5512750701464764,0.42120105259172513,-1.0130946441650925,-0.19175825220375256,0.6021217073587108,-0.11071152658872858,-0.03065215845595532,0.2075612843690895,0.023867691125123824,-0.11031821425593144,0.0
0.35832491226068597,0.20724850789919208,-0.06329478001302684,-0.059870503720968526,0.2724254640389047,0.45938011259275746,0.37863759027228383,-0.9497036305196805,-0.188517184585276,0.4712766824723028,-0.014123290523210597,-0.08570763134913155,0.13340902129495028,0.12858382128680046,-0.1697641495458287,0.0
0.3888547766167602,0.12923796073681468,-0.043054899032060286,-0.1384721184542685,0.3709827413104108,0.503325362595349,0.40262054633974814,-0.9873145965533093,-0.1358814359298751,0.5252411114624997,-0.022294589123619424,-0.014951941873676426,0.20210052159708963,0.22203352146671768,-0.16973532059761026,0.0
0.39361684336799624,0.11916168015505427,-0.08360133756554383,-0.10658361448849168,0.2098117934777987,0.47403521309695773,0.4526563686348812,-1.0051989563215091,-0.11829356617960762,0.562654897948718,-0.052055873780341336,-0.11280988474023626,0.05894463519003211,0.33404964618694466,-0.26694726373952093,0.0
0.36299324599960303,0.14143807480577913,-0.03932980610015227,-0.11798680137740783,0.2348926318863755,0.5156159321526479,0.4366001051759606,-1.0381075200433676,-0.18851992479835944,0.48452510039412067,-0.0703235133425377,-0.06274942652957334,0.137761841839587,0.3931354060170444,-0.11817459439443333,0.0
0.46169103360065356,0.1683105789187999,-0.12714668538636714,-0.19311205747097526,0.27911287798768214,0.5115300133336317,0.2999256749327584,-0.8712543891315405,-0.18908974842128945,0.5513155929166037,-0.2232181068056564,0.054796518225653394,0.1588174353079925,0.34084126804112663,-0.03943254904318608,0.0
0.46395009644638163,0.18586530230430123,-0.06074540560669357,-0.20619728532286138,0.26421085721745413,0.4082277432054192,0.46883139400694357,-0.9786541953397722,-0.19296637117275203,0.4538102642314476,-0.3080234238914722,0.04197964397378728,0.13012876689482328,0.28226010026917936,0.1619450739949061,0.0
0.45217608972726,0.06659089915910811,-0.15765884484360276,-0.12822251696762244,0.22353278844580082,0.4418969433593757,0.3510713496925207,-1.0177670748798366,-0.1756257239689667,0.5162240173716012,-0.26046182635212106,0.20220699107349818,0.02529023098573245,0.19223832434160756,0.07437664000600454,0.0
0.4525902260578234,0.11871726765468443,-0.08046467332010322,-0.12341191550852923,0.22059906240839083,0.40161468422978586,0.35458555574578987,-0.9469374305740007,-0.04393222316426515,0.48912247172340145,-0.3253714893585441,0.14996573871879407,0.08254967065083081,0.03780812886258256,0.20927516820461933,0.0
0.262351103799147,0.08570715461813487,-0.04072494360561927,-0.1361405459149473,0.2849142199478834,0.4117747868327162,0.32741108742647995,-0.9648054033206792,-0.009956592038799332,0.4635674045268579,-0.2026827137596224,-0.0037876219429866798,-0.08703930344333635,0.03262205287439872,-0.11139949616267791,0.0
0.426983952668333,0.07082640347158754,0.08090210876596547,-0.06637112286371297,0.22268542483461062,0.452297526482732,0.4078062015815102,-1.02196925910332,-0.09859323943862205,0.4387122094485922,-0.08777644549590893,-0.12524689691659696,-0.046002422637976506,0.15220341907754104,-0.20304991888395063,0.0
0.32429523419339545,0.2088577923093439,0.049723995593349224,-0.08155629111494045,0.18293744154618025,0.40740722015087877,0.4356028866191269,-0.9401165545738707,0.09061754987533782,0.446317578345854,-0.13697982843707424,-0.07390306677458391,0.07713169627415006,0.0503825921260459,-0.3314425686021608,0.0
0.3346240307657615,0.14535051338624175,-0.08941859799878173,-0.06688418159849185,0.1949374680305376,0.30343099706361515,0.349900637203073,-0.9041151287646814,0.00010401378651563297,0.42796641188388485,-0.15006504093048534,-0.08902071441980554,0.011918124271647047,-0.15309697636689404,-0.19343638556399181,0.0
0.3934449243314456,0.19877525616645006,-0.031422877596226,-0.12910373608485648,0.20713637492001585,0.33282012245310594,0.42005102143150574,-0.9852404284292643,-0.056103722096902744,0.4251029077441828,-0.2507891476634173,-0.26686678463384894,0.0783600107389932,0.03143907394028023,-0.3979828431654714,0.0
0.4154292192525429,0.2481133141639449,-0.05876746661088322,-0.0901917429017225,0.26125639171717513,0.32886677140512377,0.42253504769837275,-1.0403814770076054,0.171133853957744,0.2834948504988708,-0.10831492740070284,-0.22522704779715744,0.18737850247092813,0.0031536298383157586,-0.42802873569465183,0.0
0.40561621772974343,0.08711935107544283,-0.07236958299753918,-0.07383207887370202,0.22687773736884928,0.28392123528475516,0.270248708908297,-0.9309955546185028,0.006369464373362686,0.38871457134941223,-0.05834480770982162,-0.11848050342309188,0.17733365105959817,-0.19739988551093463,-0.4216297751706358,0.0
0.43582612921545205,0.13465698773861023,-0.030472689398261317,-0.12127595587925213,0.18942456191159857,0.27042777119749817,0.3813837121776388,-0.9952673144254492,0.010498778987055576,0.32802911717632405,-0.11362621454965494,-0.1084044903420831,0.012848487810804693,-0.09430333023209136,-0.3880898284782429,0.0
0.4275735919794991,0.20029557238217266,-0.0699662085737314,-0.08100973870219824,0.30983446641864,0.20635774303892204,0.269775809256679,-0.9453786887404829,0.18294765327139806,0.4893524531544034,-0.020759298635551475,-0.05353507075733598,0.049079265574576786,-0.1719588929468519,-0.23834401672619893,0.0
0.3084992926987359,0.04994497199181491,-0.08035860995677882,-0.16602726847511481,0.36375507950832764,0.29338917546165033,0.3252149466697028,-0.8697510736153784,0.11169931075046795,0.3705671372920742,-0.011683263717177839,0.02754510601367139,-0.004633598628579802,-0.2912993829242324,-0.08945530253812001,0.0
0.47333778911007013,0.20921533799596195,-0.07516955284799685,-0.05105330529153737,0.3262950834198193,0.2993205920149529,0.2868203373591648,-0.8939831568407028,0.0598774268965223,0.4169701885016964,0.05152193581916942,-0.030382315792008684,-0.11175217792739393,-0.32129873298970324,0.12038559774591376,0.0
0.3382146001925669,0.12261223165200007,-0.0882601815879007,-0.11644428460868043,0.2689390458362518,0.3098205837658923,0.22224573717576773,-0.8611459986564652,0.13196858508924275,0.31289250976648164,0.18672276790873435,-0.29804612257816254,0.06862527693947255,-0.3321084390121121,0.06631462452538879,0.0
0.3427065079220181,0.19821590233099556,-0.06855921868606563,-0.20185747477220795,0.24573970629022565,0.306669121928802,0.32660140959621786,-0.9499812919011408,0.12027727699947634,0.33194951003150275,0.16305464454274377,-0.1711685262380059,0.10992306574315956,-0.19273282821895826,-0.01703765380837602,0.0
0.3606361905742139,0.11177575738853932,-0.10417131298678547,-0.061570940436204535,0.2588954296515863,0.08014411601661689,0.34183619235989937,-0.8605451507018504,0.15369999517625813,0.28400422877872156,0.1763073231590992,-0.01196680050248597,0.1302666936761501,-0.18181002330152146,0.10279500196224618,0.0
0.38923855463841134,0.14460323984591877,-0.06508184953024422,-0.11677189278736243,0.32063790379258944,0.17724768248158007,0.27971824178000637,-0.8359553151736279,0.19079787671109666,0.4077545005860733,0.2747388705147018,-0.18785489236889152,0.05527934891056359,-0.021261093050048196,0.1611879463309253,0.0
0.39923746020519824,0.13257088460257951,-0.02467087719921072,-0.09733309936508475,0.251803867276286,0.20597634983605226,0.35130204097123663,-0.8417833221231852,0.22208296863577356,0.24248330418889075,0.2815502874258587,-0.2411401087525619,-0.05052484620614626,-0.062911641968165,0.1814618572779268,0.0
0.45516899271751704,0.1973274636239202,-0.04278111930115144,-0.10901800864506543,0.28630658531288056,0.20444735513249218,0.30157543965379796,-0.9539786809210098,0.2313791833437555,0.1964677388429863,0.21202875726953238,0.04745082945319298,0.13202047561386038,-0.008378563163874676,0.0711810773538155,0.0
0.39054464066756506,0.15960737284016976,-0.0109778853767298,-0.1224548009145483,0.36669211803004165,0.1281618714423478,0.26054916606564105,-0.9473937611034158,0.26429736654982594,0.2849977253290525,0.25409129052612117,0.14593938692781933,0.1556063938196599,0.11662135648439834,-0.10652275984466375,0.0
0.37438522680336833,0.17133676267600745,0.01844849453700556,-0.18589639338256536,0.24141108499838657,0.17786787823287883,0.2307268709224288,-0.7460064679893912,0.21509912136561576,0.32161117628720587,0.20823230737385284,0.1689932264149358,0.023080611048005337,0.04277793200636884,-0.10451141450684248,0.0
0.4255857802229639,0.11658917057249728,-0.06962092846239296,-0.15270780218443306,0.35134427867827345,0.1743165893181425,0.19248020879045816,-0.7783137190182644,0.24530794449995236,0.3323879248746903,0.13210147372940942,0.15968514671070075,-0.057375423467738114,0.06453404428670297,-0.1760322843995329,0.0
0.3505703213878892,0.1241622651218259,-0.10206513210499667,-0.09808619662178472,0.3598417915915715,0.07138166397696527,0.21638131638002184,-0.7657593010468001,0.3371403968722834,0.2245416276152443,0.1218001676983634,0.16054456036486925,-0.26613521493173825,0.044252197479586405,-0.13456875642649413,0.0
0.422006897926243,0.10586950882963103,-0.01328832247021483,-0.12344542106852575,0.324382509704575,-0.024374291177185065,0.2142954384208619,-0.7570938803440161,0.3129934038518907,0.20689767446588195,0.18188393945130119,0.25467309113775416,-0.1990246926547972,0.04371825885633047,-0.15561229363216722,0.0
0.39894560116242284,0.1661962692672395,-0.021716432356938806,-0.04931617607679427,0.27845209220488043,-0.032649012693115875,0.17299323492941526,-0.770504283723631,0.35464092267077885,0.23986408482068447,0.0894287516265782,0.1738119227268026,-0.2138003739392568,0.0602498940906362,0.14490847277402175,0.0
0.3323438138780851,0.0732964999907135,-0.15355847292109015,-0.11887333081813375,0.3482897508534385,0.062504254478533,0.21800576554683618,-0.7684344028172723,0.3157937976835722,0.12780855680893302,-0.05837685334776827,0.08135055288170542,-0.24319773179750742,0.07753486369425514,-0.016079006549911692,0.0
0.39421380446705134,0.19572995683387814,0.019009793981411213,-0.09391055623767743,0.2849524421793236,0.1419048232600809,0.14748821754359664,-0.7856213786915197,0.4493640586445153,0.2125760930641023,-0.12829416733431534,0.11684032192376725,-0.12378117631758385,0.26347059752913804,0.026483211228248843,0.0
0.3380512733574582,0.22700892656345412,-0.034842833646974374,-0.04518120834320724,0.30334535480089336,0.12850942968236304,0.20658839603351065,-0.7464636902880354,0.47513850740675717,0.13867020101605748,-0.22747056634688162,0.2653087000780669,-0.16500043369974696,0.11360798115722336,-0.08776867132933039,0.0
0.4445085257699968,0.1238914898850009,0.003232225760528888,-0.1075857618613546,0.2856605404827969,-0.0065794250522816684,0.11390875313118835,-0.7802054714865314,0.3914419185337789,0.28221674076332154,-0.14450870305645036,0.4221151988641452,-0.11602697906827267,0.2796401616630473,-0.07029782002029519,0.0
0.37512658665586573,0.04714500159487277,0.07736844188229808,-0.15166493644307316,0.3515478491388725,0.10786845219009292,0.17692436310659815,-0.7194710784452049,0.4199648972060523,0.2572118527298518,-0.03801370730895012,0.27809526111293525,-0.2790125025131064,0.05932986861676631,0.05571400592103298,0.0
0.4823457872794755,0.10859487143357124,0.024165206057384717,-0.0595470433466679,0.3341765306890707,0.04522029054228883,0.15172340599294326,-0.6504040825069032,0.45880047143023106,0.27636504769464004,-0.05331811434709227,0.22860564215053025,-0.016477764086905766,0.06507329774145207,0.028386690765869287,0.0
0.5165120213616204,0.08779614479327875,-0.1067793480727721,-0.0648968472006933,0.29503781578056776,-0.1475047328789534,0.19264751458122192,-0.7038673002663707,0.569643952300175,0.1653492295699386,-0.036257243584229375,0.3552986249061103,-0.09435507996682575,-0.13887966292947287,0.020203829087933205,0.0
0.4980821785077089,0.13825525247366016,-0.047232706348332466,-0.10712076412779784,0.255670136201507,0.08867988876487584,0.13208405924534755,-0.8142989228504439,0.4598804671455415,0.15815070084909477,-0.0333975275573198,0.2990004351014771,-0.09472431786711565,-0.14122881117696634,0.02940415320471157,0.0
0.3587940799412807,0.13570079885243613,-0.033197230686634945,-0.17856523007780084,0.35723142688842585,-0.03677565841788362,0.08488324276752633,-0.600261451696874,0.45265869250269125,0.11379722184693997,0.06984581230114528,0.10307998335300275,-0.06984135137621648,-0.14560953914912667,0.006257428572312174,0.0
0.38514175789715027,0.12499501166919388,-0.05480861118857559,-0.19175254703807576,0.3742109929204447,-0.13378772093861968,0.1201667441416574,-0.6924316938460988,0.43435716343147046,0.18346368018392256,0.13699625088222167,0.1385217634076601,-0.11995196636347848,-0.04478615021154906,-0.08190039646431163,0.0
0.4438857072884839,0.16283344229211408,-0.03371571863205571,-0.265987415689611,0.40058033930262654,-0.12404028107199852,0.10017198362454147,-0.6584349187338636,0.5118544501040191,0.11247097007101807,-0.009853853273925808,0.0857163536795161,-0.20989098900205666,0.04180040905883987,-0.24383170127207657,0.0
0.3734327881742067,0.17411685603322252,0.01994534557790341,-0.10553799270277633,0.31439419238987365,-0.0518458747121221,0.22638036561262634,-0.6753862748555998,0.49173151506905555,0.09538119199641704,-0.009812136131228964,-0.16540999057499126,-0.06620804594552848,0.11452799683306876,-0.0226373433316803,0.0
0.4555102993654,0.14424368941594173,-0.01961495069431596,-0.11984796729731016,0.297716065208454,-0.10365211028709713,0.028737042066111232,-0.6417845084666002,0.4984697555506118,0.1110161336873016,-0.01807412151851962,-0.08462088134613777,-0.15312653856056146,0.08780493849647206,-0.02314757126200753,0.0
0.41255259034031805,0.08398780329519213,-0.0391417041874002,-0.05098580323495365,0.26861878754636076,-0.032151052553591644,0.04973591381395852,-0.6028353179946847,0.6265864686899794,0.0971402410020272,-0.04842756405352247,-0.02798113824848588,-0.028465068779171362,-0.07405698311613355,-0.05114236214750249,0.0
0.45254223148644196,0.13520078857390033,-0.02315779857468439,-0.0015296187014402218,0.2678690231053689,-0.12769980506642647,0.0900358729047631,-0.6018649797388337,0.6717441469246124,0.028938137037918928,0.03190072911582038,-0.11819020621574242,-0.11808909741698806,0.03354744736267631,-0.07445725027846782,0.0
0.4477123431176463,0.16983583192485457,0.002959459214778498,-0.0935385641469271,0.19071420127437289,-0.14396261092509136,0.21714943928990296,-0.5425758615428541,0.5972139174704849,0.12382809757389837,0.0330330855196819,-0.27121756684430454,-0.15214546418926045,0.01245191279927129,0.030855025745275044,0.0
0.3796255428941565,0.17487572383508115,0.024779127999599512,-0.06294362572028178,0.3035672151834265,-0.20144296846595694,0.1097143822131155,-0.5309634849756143,0.6396924093156523,0.1148137908931009,0.020763477326248676,-0.16067367717714579,-0.05118526167724005,-0.012108631851959303,0.03771800105934335,0.0
0.39480200644729624,0.13698158886873063,-0.026197227063868903,-0.1145829356394753,0.19149096915704802,-0.13770875746133654,-0.0014430453007110572,-0.5996177224736742,0.6224131739236769,0.12796487416467434,0.031337486075668046,-0.037634891235095294,-0.0750116539925176,-0.2286773315938783,0.046484352478176214,0.0
0.48753529492884806,0.1583325982763217,0.0013455846013466222,-0.017540733452346233,0.3182556265208525,-0.18363426027138324,0.013099497881313482,-0.5721108423695362,0.6565554410323969,0.044316826563772414,-0.02691211589745169,0.16711938356156392,-0.1592004693326225,-0.32684389219236876,0.11320800485825894,0.0
0.39874664159725737,0.18280964514095988,0.021563957357131458,-0.16259349370345455,0.3897000885541646,-0.13632994121129632,-0.08946349228595049,-0.5198719991571057,0.6646204648761217,-0.02071505103508456,-0.07559952514385668,0.16078132841688264,-0.1418192588967503,-0.14295934019020348,0.09512163653995076,0.0
0.4241834316442632,0.09784349759080495,-0.05088872727198749,-0.10115563210599551,0.37848522090003955,-0.16787175281380132,0.13589057851796318,-0.4840527466616248,0.6423363510175313,0.038189186088485434,0.033070722811638975,0.052368594869495286,-0.17648170133852614,-0.11426707367037228,0.14669135996537486,0.0
0.4393617217155506,0.20462577470946797,-0.03596516029588534,-0.06773567929441565,0.30870425863822365,-0.12467620793826278,0.04076667452932471,-0.5239137495263723,0.7296009214650505,0.09863853449315405,0.044979983087840306,0.010271672716412463,-0.22370678642947162,0.05532540136889258,0.18823219446565737,0.0
0.46749685705750976,0.12543173317792516,0.012474782697600571,-0.16640089313676304,0.37131271630165297,-0.28017395342684304,-0.021758917140256673,-0.5456080358191654,0.6263328675579988,-0.05591147166905944,0.07370052116437797,-0.017337231517043014,-0.26315944059563506,-0.041745362201646846,0.10525285608041439,0.0
0.40039917958350685,0.10086234752613912,-0.12842277289325316,-0.1292537770827558,0.2796084357486009,-0.22134948179937786,0.03593682696022385,-0.4478221091991736,0.7285618870246486,0.04269233640289527,0.10832051494394235,-0.1983977819319591,-0.04845539096791904,-0.014346029780204708,0.0494153806527388,0.0
0.40742309693684037,0.12447353898492941,-0.023012241051478786,-0.13713667703084936,0.3141631077109769,-0.3864660717515437,0.029133801685268124,-0.5078464250606237,0.7183395966446401,0.02707999594964424,0.3030344382553216,-0.09054940311238349,-0.023010948920707465,-0.05369678470837993,0.08128812408572694,0.0
0.378949817196214,0.07661062051887835,-0.05417580244388655,-0.19340615045915732,0.3095216301186506,-0.25780167572048523,0.04829613615096806,-0.48734610699032005,0.7106540769058495,0.007183309725811757,0.15084943606607634,-0.06309075959369971,0.17774499132225113,0.05884089038152891,-0.08390219094548212,0.0
0.4439712471621522,0.08178029737939749,-0.017383053166077272,-0.07510632857037763,0.3171823885506061,-0.38730964991691696,-0.040291564206859816,-0.4303174896328819,0.7292575050507231,0.021428500769599013,0.03181976567482088,-0.08520981366802083,0.17899357876612956,-0.0047163878903422884,0.0718412874093016,0.0
0.41840910950945476,0.09639636905880612,-0.08256547922419782,-0.08091948982435157,0.3822313584261301,-0.20955659913803923,-0.08017327207043733,-0.47763950994744675,0.770046956394064,0.035027819422764235,0.11343495066506434,-0.009760183469404028,0.036647062250144136,0.09031302274751857,-0.10693563006458727,0.0
0.42336762203745154,0.232321931469433,0.022505734078391376,-0.1363127759203573,0.4047361300901469,-0.3108638095475815,-0.017621155651228983,-0.41361415093780984,0.6970834382187527,-0.04690521991008399,0.14993578654684134,0.1357232650435196,-0.009629144486534288,0.13527480250172924,-0.1210297067689854,0.0
0.39869363771078786,0.19204413698155676,0.009708554786048512,-0.22953170939629455,0.3053925055987012,-0.4165370752635097,-0.007234339220601731,-0.44086768687462935,0.7509959259640462,-0.08195600053843727,-0.1705716447494863,0.07760505496221848,0.04518484829120499,0.00594685920505747,-0.2280397675110859,0.0
0.502260653483017,0.23286376438003992,-0.08494305993634517,-0.11869049355630082,0.2997276474907809,-0.4169294722578026,-0.0027087658007798263,-0.37435553071045713,0.7738356044061167,-0.044062390132135344,-0.27469856299709733,-0.17570452967047648,-0.10218519901017493,0.06374789591786298,-0.1393458842143575,0.0
0.3300119707447306,0.22422102368567234,0.1207908516212893,-0.13271294183261428,0.31552848930908545,-0.339044453060653,-0.007472220267505943,-0.3975952454310648,0.8533168230223335,-0.17519342705276797,-0.3036218858786604,-0.2935384523052873,0.03581385551314058,0.14066675485668753,-0.04964733001309917,0.0
0.4753855867792588,0.07713378755528999,-0.05764555393009323,-0.08022470651144062,0.3292787463802288,-0.3214681412073862,0.0009406952546495567,-0.4346953627876618,0.8082052598373852,-0.1344024593653595,-0.15285765406513285,-0.21612644338292344,0.007723596729075351,0.09843136203144572,0.045868623026531066,0.0
0.4542097561619637,0.19156311121113134,-0.04033427694491505,-0.17590667702867374,0.3000516583107324,-0.3850313427655716,-0.10344305538895596,-0.29005635687291,0.8754691731591979,-0.10063927161920186,-0.16858791493500552,-0.08580958038457583,0.02869410929794964,0.2350296581748897,-0.036635334254570356,0.0
0.454941692039393,0.2363622581610299,-0.036997983458888856,-0.16346465871743143,0.38301523689286754,-0.3480234481268146,-0.09230759889470187,-0.20615883352869802,0.880931898817153,-0.16588640896929752,-0.24419385960394324,-0.06307412638028337,-0.010880151852158081,0.1296570013127965,-0.20518423057591326,0.0
0.3965521085228529,0.15970950945635548,-0.040537479347247454,-0.04548607751630822,0.2968443485591331,-0.3621433711286681,-0.08529785435290281,-0.1861583061949066,0.7475194985645625,-0.10325206729357589,-0.2728451032468624,-0.07627602541508136,-0.021032184433787446,0.28416289856256555,-0.32240456006782503,0.0
0.4918963709403406,0.13770759389795476,-0.030370867833317234,-0.09425017165727465,0.37031978294174006,-0.5074062490010199,-0.12778718564161792,-0.1455702853400773,0.8814976974168944,-0.143527441085456,-0.3677795380971747,-0.16374090680079656,0.06851996683121436,0.2188040187968534,-0.035717054154558,0.0
0.5432798450689339,0.1594808419927127,-0.060006992991364,-0.10690981953716351,0.40926770667753637,-0.39746253650282765,-0.013357301123410145,-0.239043456204941,0.846540933048402,-0.14359673866265407,-0.4189579709369558,-0.07327016477542869,0.1097109250249296,0.17160500787667624,-0.1555633700167669,0.0
0.40174293836450725,0.1339251048287688,-0.20014149067933035,-0.12976280221147052,0.35320253207635394,-0.5562400903804791,-0.11530153992051266,-0.1846351963596462,0.9097450751963507,-0.20633865204030913,-0.334308129761777,0.08829687255509719,0.17002443232337722,0.08420452323635533,0.008674996934158213,0.0
0.5444965960467391,0.25118080068426224,0.00530542550417424,-0.10094612797878412,0.2664560321170262,-0.5229511969547728,-0.06509533163692247,-0.17194632008815364,0.8474767824672953,-0.16865944172299585,-0.2672522654659557,0.023886875173683,0.16028359851373963,-0.052028473548824485,0.0009617200687391655,0.0
0.40623546590664167,0.22359545223904198,0.027879500681384103,-0.12105593007724877,0.32862745210115424,-0.46673380485306776,-0.07744781941688375,-0.2330277918414982,0.8985740909415819,-0.18202337084437695,-0.35739762583671475,-0.14293941285363426,0.16476099216495316,0.1559471125050601,-0.09440959253966481,0.0
0.5116355943026238,0.20526082666705409,-0.011383794724633682,-0.1268634300198518,0.32928794152464697,-0.4420598133219406,-0.04971379200268447,-0.23223211194784732,0.91122025332536,-0.27793036979446395,-0.08860808657305261,-0.1410524508746139,0.0762331625543544,-0.10772449290315957,-0.20026872292369108,0.0
0.4325833684853822,0.236993252779885,0.018125057336646343,-0.15825412592230986,0.2788367627820413,-0.5382996823239001,-0.16648656107638737,-0.19031440668187816,0.755744056416353,-0.22075007021519433,0.007462007876311398,-0.1379910444513968,-0.0035079808714658586,-0.18260948439088986,-0.20219347207444333,0.0
0.43286219091642153,0.19477243133490105,-0.02470547570802912,-0.1440049439069693,0.31366493875282814,-0.47182281293387346,-0.19730087488324072,-0.02108098891276322,0.8941308977640945,-0.21857119231605204,0.19640834642799174,-0.16148734333139553,-0.017027651609463738,-0.07030689351015845,-0.24361041505314518,0.0
0.4368968110037353,0.22402726951807486,-0.038504202419772544,-0.13083267589255249,0.32056927183975487,-0.5237862030355814,-0.1443719196018992,-0.11787181516264587,0.867146101371465,-0.25346300952874634,0.11649153734804114,-0.05596170169265854,0.19378750383118584,-0.1730718361764529,-0.11057812285622265,0.0
0.5072427330560056,0.21756880101780127,-0.06896451826296804,-0.12259873663418297,0.371781569761808,-0.5311701278616614,-0.23875542083306509,-0.059898083179264344,0.9103011629946057,-0.25694509495683576,0.07543917772577051,-0.10082963290566618,0.10064039510758155,-0.14000929182852812,-0.13129313441539406,0.0
0.48671443232383826,0.14366716481408492,-0.09718067500521149,-0.1729235907874906,0.2892364684281571,-0.576258480714483,-0.15313027474742352,-0.06179105252431191,0.9310563122234177,-0.1449478034767116,0.057356644529528655,-0.05858744927069279,-0.18465526281000716,-0.1506175659101864,-0.09656681428904038,0.0
0.35933714166352676,0.11378914756248937,-0.05075942876246848,0.009904622913525618,0.3090822553949224,-0.5249973027674073,-0.20024949106053994,-0.04551538637632803,0.9104667865639336,-0.27854295418732206,0.10689346115753409,0.04710138009689521,-0.024682889622533732,-0.03259822106207799,0.026734273485917684,0.0
0.469879970618361,0.16699799594076295,-0.08160649844316946,-0.1719581090188167,0.33597847991434965,-0.5684347544942696,-0.11913146625645268,-0.06916819583547412,0.96539879736951,-0.27463652833887375,-0.02190803140639927,-0.05691896902691218,-0.05142241601124616,0.01415553935715981,0.2445912234307116,0.0
0.4775747803586292,0.25322361076340355,0.051980594497294086,-0.1612806439891954,0.4169576133861118,-0.6561902424068443,-0.1330459892032667,-0.0767468405017307,0.9121005563350375,-0.25222856948327627,0.24909540681161868,-0.07896242661916593,0.08491723360269521,-0.012939607706847165,0.1263901530670285,0.0
0.5609139236973282,0.22075232750818988,-0.07250857693723237,-0.08687309821461003,0.284149136762269,-0.599805271813365,-0.16214565187597624,-0.06170463203961,0.9799070472692529,-0.3193649155116882,0.21616798313636848,-0.216783744278923,-0.08922213616352644,-0.03613002899563972,-0.03481446835811303,0.0
0.4596212328183752,0.15618641799634086,-0.06559003141429964,-0.1226978077873202,0.2775100660287968,-0.6264157255673709,-0.21162796152230956,-0.15395417620539772,0.9574250197404016,-0.19753884484808482,0.17673322377013606,-0.12671352344569015,-0.02500473091433121,0.029956084919311853,-0.033275826044877804,0.0
0.41908165966503447,0.172589219628989,-0.11328609413547129,-0.11267969500881816,0.26735075105226325,-0.6291109028208132,-0.20243539941057642,0.01859563073269168,1.0422042810006686,-0.27789999427423345,-0.01990824268054872,-0.03460002900920218,0.011793613533360121,-0.04855858737907831,-0.11269712540804444,0.0
0.3860487430052283,0.18456974949844682,-0.01755335910630172,-0.07056218741360054,0.3220592757527715,-0.652449581057841,-0.22073638049106523,-0.013713887308260946,1.0475062884092834,-0.2750607778158532,0.06239760185996184,0.031275175000509484,-0.07644802547978848,-0.03281856163970937,-0.271747163938121,0.0
0.44023441581411377,0.1731389502279675,0.007960952003124709,-0.16310641749109306,0.22609848187940126,-0.6862999465199416,-0.244577349992567,0.10832685405372303,0.8954634925645194,-0.3237944638618178,0.06303847093041062,0.041363627805360265,-0.116998118275348,-0.0039035504965465664,-0.1841573060248984,0.0
0.3948514985206164,0.23668534056293936,-0.005415603530989591,-0.1094248418306736,0.39859906954456215,-0.6706775484527316,-0.2215738427145216,0.11831450862612422,0.9733060232766717,-0.2556666821044845,0.0674489217527772,-0.08019075209522414,-0.09932847174036526,0.004253304364177153,-0.2648973501078439,0.0
0.5275242288954715,0.20695863075105442,-0.14232219735912904,-0.10962318894924881,0.4025785699890439,-0.6168781753234988,-0.2717019506409758,0.1978291790558312,0.9253718336147863,-0.43296271362134126,0.206707418545639,0.12468927897243257,-0.15254187516784976,0.12052665570659145,-0.1582470456154905,0.0
0.449293995865894,0.13510643123844496,0.03234190415469329,-0.1119379071049719,0.3493655987383274,-0.6608939586888589,-0.2885132996407414,0.09056908882948411,0.9597873299402818,-0.40338509852916626,0.16698731328093563,-0.10042326367188849,-0.40116172607563694,0.17648649619288634,-0.11320853502052246,0.0
0.4055867030690589,0.1895669081840095,-0.09062491793335004,-0.10922005885224197,0.36453653722704477,-0.7040116114729384,-0.28159124895076587,0.19904450610900287,0.9091176681348392,-0.39537104836825,0.002124143158186556,-0.02169232193671574,-0.12883444066542568,0.0524272714908848,-0.09534057257567409,0.0
0.42997385940826455,0.1494728734758296,-0.007687107578236388,-0.026879152123372635,0.3594211759259252,-0.745218310668752,-0.3199304657786718,0.0981731345757974,0.8950579305543036,-0.4111093165271756,0.20136416364313955,-0.18805947385688834,-0.16847761301878852,-0.016898219174926746,-0.13328715434280425,0.0
0.4626645440067147,0.2686939253011337,-0.058993769749646825,-0.11284058798807282,0.3423299291506277,-0.6684153323850959,-0.35305132802289135,0.09000023310399614,0.9285445949662222,-0.39630938136816013,0.008988113393190916,-0.20752651513856385,0.06233746771368437,0.019818225102123076,-0.05046434150027505,0.0
0.3884697667019381,0.20268155571573115,-0.02814678537192132,-0.059523412166821506,0.28443298924611665,-0.7045952588725256,-0.3287897806597936,0.21086959660089782,1.0357687532953082,-0.35604208298876994,-0.010319042990403812,-0.1118973161728323,0.07664664727152637,-0.06446903082982873,0.09732488551700832,0.0
0.34681590888291247,0.19667020102076363,0.08055466333184591,-0.22474348242313846,0.35226865074473385,-0.6820888269129378,-0.3382736438952019,0.19993783468900678,1.0597240129309098,-0.3503060691073703,-0.158925959142141,0.02828694483634872,0.2747532790396221,-0.2569869432694533,0.0423575850255236,0.0
0.4241811679387291,0.0931347966894251,-0.08930380902120419,-0.06898463267000672,0.42416836365618693,-0.7923618379189972,-0.24104553081674265,0.1401382425057503,0.9255732386221174,-0.4255795881076171,-0.16336385585551397,0.1244526679546997,0.09168077469906896,-0.22753443052240513,0.07807615607306315,0.0
0.4149346213219598,0.19478184500758947,-0.10074623037422666,-0.09816557171995785,0.3625162835260488,-0.7816941962806638,-0.371799422160631,0.2432871195608617,1.0419589315285827,-0.4439883416845191,-0.1375792368066126,0.15845147399132975,0.10186317435576321,-0.22125311649784968,-0.044182557840626094,0.0
0.5124239564963634,0.0974527715236977,-0.03219834890021259,-0.10772305708587912,0.3906117642087722,-0.7473545179279041,-0.31192504368452517,0.15490124677971684,0.9946056872333523,-0.4202271652967168,-0.014055264370427603,0.1875377316862029,0.15918138802353077,-0.23116186752534415,0.1513859371044639,0.0
0.49393811728456144,0.2662987519428911,-0.02674026191592351,-0.014980723914059982,0.32287875358046836,-0.7733926651464504,-0.30264003477036316,0.20905453041737565,0.98308331171889,-0.5071337066036921,0.08367151266301794,0.22338209349567373,0.1573414507596254,-0.21117234338825247,0.07512771730015427,0.0
0.516785163450316,0.19987519410828616,-0.02161073342634954,-0.1584994087735618,0.3225822709360535,-0.8435493427446178,-0.28798163485503747,0.32230825713357797,0.9847092585343211,-0.36855893231151515,0.13689244302753756,0.12735529982456248,0.06278838616212677,-0.10187571334314419,0.16681729312546592,0.0
0.5407084163872525,0.17347790653391548,-0.07789058326312175,-0.09698876748199806,0.3201597597915356,-0.8389728654461486,-0.3572005577812814,0.266155604538067,1.000898601133686,-0.4368752696672457,0.25949109776530893,0.19443701225228144,-0.06221649590785174,0.008346730263682517,0.11498964616682232,0.0
0.5172979687571964,0.22338141651232143,0.019857106728788702,-0.06895319825474866,0.4048429310369256,-0.8944408018160056,-0.28290077507954986,0.2684589396372613,1.0536846462627012,-0.4745428829194207,0.2519507305170511,0.2688309170589901,-0.07912136316307783,-0.002292622521888701,-0.04185748720914324,0.0
0.5137583040936468,0.11826763351245129,0.07455209475811123,-0.1855415705765343,0.38212247060864396,-0.7365754265567906,-0.36311403588179275,0.31646840267915677,1.0279307562156585,-0.5296778459853594,0.1363714140336297,0.26899941470982314,-0.21172589009656365,0.12494715446066533,-0.02383383643098693,0.0
0.457424758428117,0.20737560522218254,0.06993332576701977,-0.07642727673653678,0.4001871986839832,-0.8293964240336346,-0.2421080098589946,0.39891246191357066,0.9503473687396454,-0.48185431951723856,0.1258510755469188,0.2114549391424815,-0.1614931352810782,0.05542086727220014,0.016468401855648677,0.0
0.5712547990396462,0.15796914029956877,0.06439252440914534,-0.08755873064141415,0.27808319116836905,-0.8156654862736528,-0.3511880219201261,0.37474559982122324,1.0008171154617462,-0.4915515816717251,-0.002558437397697108,0.2508136085705307,-0.09145418251469446,0.2563548786002597,-0.07516945992655959,0.0
0.4837729219254017,0.15558148857616788,-0.09251303942647,-0.1722983781938171,0.4202568150839152,-0.7775759365928753,-0.34490872529463856,0.41188746735879844,0.87201222943291,-0.49323296620342955,-0.17036951489965302,0.32485279284813284,0.033533621548220024,0.2455951620236569,-0.18846171073640833,0.0
0.5584977799242382,0.12687805175681785,0.04147762969076145,-0.16027538121315826,0.410013590657759,-0.7985088072002731,-0.41104680497792573,0.3955181149001831,1.0563431207863871,-0.4546779593261427,-0.09809041681951242,0.3336755735684817,0.12735423046738883,0.2221133147799886,-0.12821206436972193,0.0
0.5048275656960931,0.2032742840478349,0.07386897391665326,-0.00664959533471314,0.48631467321584076,-0.8314905646204757,-0.49428603658856846,0.43746608378719193,0.9336851985716944,-0.5136198452435654,-0.11726567153363354,0.3245256687112944,-0.06149725535010288,0.35116950404225267,-0.011196163623492905,0.0
0.44956653762346566,0.25001101138347154,-0.06290709606853317,-0.08356802313203797,0.3913029556242369,-0.896688593512472,-0.35957343032525196,0.40705986012212486,1.0132907579254153,-0.39772103253205027,-0.031719708453635836,0.361092171082384,-0.09879525565707378,0.13309673392997506,0.045786519879206476,0.0
0.4221442615517942,0.17484661939556484,0.009823237400507674,-0.06300531280319474,0.36435072541190233,-0.8451021153685844,-0.4185453487239066,0.40655841452638736,1.0132508623500351,-0.5021088013821142,0.10569187201629159,0.14044166949919262,-0.16481347315155173,0.06955459233210644,0.06464871181956384,0.0
0.49136323309291674,0.09848039727724076,-0.05976562212701564,-0.1207103792554102,0.4243778781271067,-0.8782630237031767,-0.39803638559190596,0.346604393584626,0.9275567746824402,-0.5968586880053915,-0.014608361431692932,0.2840343664925461,-0.18646619794488703,0.14704641938183846,0.13660740921207856,0.0
0.44862714963407224,0.24411109986530866,0.07225576942294193,-0.13613171194923313,0.3413329135011702,-0.9416011558912288,-0.43795651506380195,0.4379637668109341,0.8984289045466727,-0.5097505827854325,-0.017811891801783164,0.05852063856465331,-0.09768218618394599,0.020492702690241768,0.08397522859418262,0.0
0.552135236869137,0.2158844234970675,-0.036206766934737525,-0.10408531581260308,0.4334990024942101,-0.8519079471438926,-0.4711698109818695,0.5315475687022073,0.9525954965152011,-0.43786509240189675,-0.16719715437539337,-0.04582763225638065,-0.025444004825467874,-0.09979825529326719,0.01335560566656515,0.0
0.5595591532338808,0.18921101755612288,-0.0846466633417176,-0.14046452954383618,0.26884971257107176,-0.8080415866433925,-0.4013131891213163,0.4853925945450977,0.9501923769241374,-0.49216457669109287,-0.10473490547966073,-0.007168251006622144,-0.15737018649634849,0.008904910450465459,-0.08420526366375466,0.0
0.561657217531461,0.16025286185248838,-0.11613848181878515,-0.15573584393180737,0.39441938636945606,-0.7720696870815672,-0.4278416345058272,0.44353330086034565,0.9645094271031109,-0.5715459648133273,0.01756997516352027,-0.0038427977112488964,-0.16968679142077192,-0.00025858027511107846,-0.1666340488997135,0.0
0.4857528420155136,0.28070801374225396,0.048115423100782595,-0.09677160892870393,0.43337378312654695,-0.8506904679662208,-0.43940894372264244,0.6119548079570142,0.9212208916484083,-0.578282976334746,-0.22000943243047547,-0.006633816984003852,-0.1291520132517532,0.021486502242933483,-0.13439301969510062,0.0
0.5736523009965303,0.1730958577083888,-0.014224838806769882,-0.06554876548586287,0.294993662906002,-0.8922772863376447,-0.4164906677955201,0.562564827011602,0.9944039042583358,-0.6022313251215315,-0.0900116263566906,0.009600609381982378,-0.06358959104161577,0.038669735532481625,-0.11555873141904395,0.0
0.5180475797060606,0.20774585465348103,-0.04753012489661672,-0.15205044334299478,0.4718226202377229,-0.9009658595092019,-0.5488888856278045,0.5378638267945184,0.9667790145703916,-0.5931045048398517,-0.1587205139768333,-0.07810273832429927,-0.1814143132863396,0.1262001297591871,-0.0694785338767308,0.0
0.5722677187603734,0.1993922104433788,-0.07492946729739319,-0.042449544126221296,0.4359083984008596,-0.9815352487280351,-0.33031316497785135,0.6488588985950166,0.8757820918241161,-0.5824426806656238,-0.11544519751803599,-0.11196454771912322,-0.1996208132841537,0.23491570217119628,-0.022659550142161873,0.0
0.5322928276283048,0.23857185127779373,-0.046533034470887344,-0.1452578557828804,0.2865714378770896,-0.8406697241940749,-0.4242164833029518,0.5573816675981778,0.8847463010492704,-0.64371608102376,-0.14697968435838876,-0.12002680493410853,-0.11231219493562945,0.24175469344932546,-0.09817738488911006,0.0
0.42819122009475885,0.21244949585840445,0.07466775579641302,-0.15403241004462834,0.30606644134966204,-0.8634750611384724,-0.5168173571565192,0.6134324297576746,0.9267608108380583,-0.6230106704002515,-0.1848891564109449,-0.1696727693602053,-0.2233993753388513,0.3065918291740688,-0.002258998822208494,0.0
0.5206255904156533,0.2120571591665687,-0.020597295637440387,-0.13998479593657992,0.4654180202932442,-1.0419735988456742,-0.36124463599932005,0.7247185696504452,0.9605895710201344,-0.6654550179126498,-0.11899056984153185,-0.16759548704149815,-0.3148236069552963,0.045611739826907194,-0.034333711830491165,0.0
0.5697131230170968,0.2374814642553587,-0.005840013272010183,-0.13988321432528542,0.38504712524600804,-0.9512512317267259,-0.4140725186831786,0.6140174041809411,0.8277881205807238,-0.6083181995576484,-0.13731578710384815,0.05784167444302116,-0.29310924451972814,-0.03926619474769976,0.007448669068197827,0.0
0.433092817333494,0.3591838922749164,-0.10183979925214047,-0.1191730737291989,0.47279084360453577,-0.918466680514765,-0.5201553269362411,0.6613430336100229,0.8900696607908692,-0.6398797529764662,0.07987481828007818,0.022403790798216437,-0.1943745883805625,-0.1405043682567203,-0.002914685650675314,0.0
0.49091324227195726,0.2680930494007307,-0.0707483692553863,-0.14733377015542873,0.3224307151147357,-0.8552786505132625,-0.4776921671359136,0.6833587320657433,0.8000031108371556,-0.6966069159625664,0.14671751927769147,0.12744798704555388,-0.10437968495241631,0.13145480511106977,0.09729137889282598,0.0
0.4867919497310486,0.21404243620156987,-0.023514577044957328,-0.12544770361076318,0.39405721079616307,-0.968129281551172,-0.5240086468576751,0.701707240784301,0.8535093522267642,-0.6430650103574164,0.029521766497083435,0.22378030547034022,0.02671535043661334,0.22070131690153524,-0.06183707145302893,0.0
0.5553104164884577,0.1962250591421006,-0.08825246961192469,-0.08502337738819135,0.36459454609085495,-0.9861308244679009,-0.524407426756555,0.7005685669233299,0.8841251364866373,-0.6703044579168655,0.018133454424149972,0.0280825212093975,0.03842309267535578,0.08385764087177987,-0.10926800984285488,0.0
0.46435338538039966,0.1832465901854033,0.04407606806063587,-0.09682845234822274,0.3496442042080491,-0.9522120003624943,-0.5544675209074375,0.7139785935581071,0.8656415598745488,-0.7155241858952281,-0.1409704434820436,-0.15397125429818093,0.022929056423437344,0.08590622125453079,0.056512544612994764,0.0
0.4988156178603925,0.2193449033891142,-0.08202209954402881,-0.12558797366742117,0.4229822445152269,-0.9461348412324299,-0.5353993608121769,0.6054268606373985,0.8864741183459686,-0.7689691036401398,-0.1794808213947825,0.10517545504725281,-0.16997744830896627,0.1763242071348764,0.21276426247108882,0.0
0.5168979844975111,0.2095569647944499,-0.0038126302079961594,-0.09850439491485294,0.3778485841540356,-1.0151679037876218,-0.6099062567006441,0.7457999926410886,0.7933941924138537,-0.6759600649833413,-0.018187536861889494,0.10574343948982447,-0.11236385085154432,0.22287870359988124,0.10138106817843912,0.0
0.5563161804985054,0.21382934133112533,-0.024638985873068498,-0.03588491922877004,0.43267734838807453,-0.912659216041305,-0.5770170825956351,0.7913924654132295,0.8765309383759223,-0.7831951218049836,0.08298290570545792,0.039846314597543085,0.20812745376410283,0.21026408339149488,0.06699672245243891,0.0
0.5618225369803951,0.29972618459115974,0.03903472165875498,-0.1480490019015954,0.48473336493269903,-1.0243900925913574,-0.5350007312335193,0.782878437129455,0.9105691066899958,-0.6452781024514034,0.03823434641269445,0.08596705593081323,0.2063956948481121,0.2845256438439592,-0.03709824398901537,0.0
0.5322315617345977,0.17383438833623494,-0.03419591114030675,-0.10862030743524623,0.3626485835102288,-0.9605076398311743,-0.6316737613758927,0.8124695070345249,0.8548500452169293,-0.7654233871151481,-0.16304915019538266,0.12451665453706978,0.2278141608707322,0.029970852516335467,-0.27692817502047307,0.0
0.5411734129238792,0.21202544019221858,-0.034785005599252156,-0.11472569630283687,0.43322858587060503,-0.9878059370036234,-0.6106265580306129,0.800514407381791,0.7856221383845784,-0.6834141217624318,0.054622334630870364,0.06136327682344864,0.0018891806196728589,0.03587200686964311,-0.2857241646118175,0.0
0.5193179336095001,0.195242620805402,-0.03256045791687127,-0.06068674544418267,0.3970635503151308,-1.0893214093261585,-0.5407723001191627,0.8056980686289869,0.7724047226990836,-0.6743702863805932,-0.015886153856511744,-0.06137816627824993,0.15520967737452193,-0.15036831883678536,-0.11334938526098566,0.0
0.5922444383122936,0.16311341679241695,-0.002573653893433836,-0.175365801423572,0.3872166887273156,-1.0316465706843694,-0.6280684327311653,0.7701460800458364,0.7856305714303503,-0.6949462412505268,-0.13289469837579518,-0.20888098946658717,0.22051717576632923,-0.03318746717803982,-0.013623292437339646,0.0
0.4393084329365608,0.28963452775293635,0.07027235111551133,-0.15464845974084437,0.3217308083497387,-1.0107261055833756,-0.6591881524467307,0.7739645957495415,0.7597332339892507,-0.6638049285589155,-0.05928024658251204,-0.060763934096691744,0.02226486217586504,0.10123609747249934,-0.012837108142808749,0.0
0.5087078578692708,0.2944612182239642,0.03125960158670353,-0.11255750630546948,0.419506827155481,-0.9303199756391454,-0.5665323484286613,0.8137227283967073,0.836177254970633,-0.7883344424248795,-0.13947962525124344,-0.17194824685008936,0.06768140140543705,0.09536611430264219,0.036413929169854066,0.0
0.559902445088441,0.17133284382352928,0.045662959680080065,0.013076441243680667,0.44972603032329456,-0.9902368176604076,-0.6119910553957798,0.7348238689562525,0.7038053287862988,-0.7275249822375783,-0.05477293962504588,-0.153880492110475,0.023744569379720006,0.14273259989066744,-0.025691300047893613,0.0
0.5123173608951024,0.14524315395917942,0.01804772875191841,-0.15854365071259158,0.47159633261654854,-1.0768280978235258,-0.5974755234547158,0.8447370422679529,0.7052874922156187,-0.8229698712275284,-0.13178077733299728,0.0029571139272499963,-0.1046752330160867,0.11512310730266076,0.0394402024674116,0.0
0.6717181416423874,0.3476824814716626,0.019486767940542576,-0.0926667121741656,0.38073270163144557,-0.9057789407175224,-0.5174823680675462,0.8320892016715753,0.6805543026020946,-0.8370992490581184,-0.14434754704542102,-0.20301341057838881,-0.06460822560869772,0.0634838250831087,0.18255635511985485,0.0
0.5135063375474458,0.2843224193959397,-0.0843114139676386,-0.12624885552585727,0.42905007577479476,-0.9232219788649947,-0.6430063556952595,0.9324564301962219,0.6922474480945966,-0.7650837043086338,-0.12624300795772592,-0.07344388666338846,-0.09838242989001356,0.11696816820643399,0.172227086064237,0.0
0.6030222032910946,0.27919740769170964,-0.011551701709180592,-0.14717274955601908,0.4203830126475256,-0.9719691776746331,-0.6424342023592795,0.8218185192377518,0.6464384566392317,-0.7732941118210471,-0.11329738562615185,-0.07933014322560875,-0.22602973160514972,0.19049587457488587,0.11002002197959795,0.0
0.5809334451963962,0.21954424580301218,-0.015491656664490712,-0.07204612056803901,0.4750888444699429,-1.027537808804603,-0.5363881680384582,0.9129451865322936,0.6449747741222278,-0.816228376796393,-0.2556578792323856,-0.0047988208624672735,-0.14502728529295394,0.09316205966434157,0.008761895275463893,0.0
0.5419050549420695,0.2332067364933764,-0.021631222317797766,-0.05950574466394511,0.45251676954573256,-1.0506035822704274,-0.7284591271844238,0.9155372273654623,0.6983911992717128,-0.8644012340889977,-0.2834146072224978,-0.01199929517637638,-0.24799454574574026,0.09643021688909273,0.03239132845535839,0.0
0.5194058882519303,0.2471063103074606,-0.06035328296726701,-0.14675031896023982,0.37343261345989526,-1.0152109188343441,-0.7306509376778322,0.8653404207906004,0.5894699257559729,-0.7842385165822644,-0.05419339032185322,0.15812984523778825,-0.26143560395440346,0.01683079087144715,0.15208024420399183,0.0
0.5418157859408936,0.20570407092157483,-0.0925548961492378,-0.09205705392264582,0.38006853340070207,-0.9934387914834487,-0.7202865264472595,0.9408324607991446,0.631809243492139,-0.7284501391126494,-0.098999133992035,0.2434633555341985,-0.1869810930014805,-0.06742621412058866,0.06033288062600541,0.0
0.509873540024696,0.20823788072125998,0.040657117760092384,-0.12681298780256972,0.3752608769043546,-1.0386891052036897,-0.6006699177243237,0.9179445457536173,0.6118938570284974,-0.7726127555596745,-0.053820000026558214,0.1911253410353876,0.14830071945221712,-0.09891475339683867,-0.09535082947620338,0.0
0.5028535719758882,0.20873783385530864,-0.07787621518453981,-0.0030527955876936824,0.43280723295882273,-1.0885410060075777,-0.7477005860785129,0.8800293556049126,0.6751176812712189,-0.8029258619807739,0.018574364543641003,0.12572446043409433,-0.034076040622886494,-0.13287738465887766,0.10084880396170115,0.0
0.562285880248673,0.2986707278141135,-0.0022935225751371004,-0.04882156033915325,0.4046955477685663,-0.9894359097344659,-0.6207324478157729,0.9328633223026201,0.5368228746398545,-0.8445407880177322,0.1550816383751572,0.21679233787906876,-0.03327193690129257,-0.13650809257240895,-0.10100213363659344,0.0
0.6416908656764364,0.22428485305848656,0.016999879926784645,-0.08317900338366699,0.4567787676632754,-0.965305493431282,-0.6689878009563911,0.9848128173485724,0.5933011070261827,-0.8563719299512973,0.09014847169589826,0.20872918854257913,0.003941364680547697,-0.2646125756895586,-0.028427221204627123,0.0
0.5429847914292898,0.25191180035441996,-0.021094249094468637,-0.1025165429233918,0.4687099938089598,-0.945573993135945,-0.6747777686276275,0.9062778431061337,0.581010647553669,-0.7717843210220501,0.024085984669818962,0.11141017648590165,-0.03684184580101148,-0.2388568801354482,0.13380612048542972,0.0
0.5305870915237311,0.23985140759724569,0.007672408871031888,-0.021417277062291837,0.443727782461696,-0.9420379952024315,-0.6702120203635782,0.904936977644357,0.445495718284294,-0.7517383658585051,-0.052507980523337675,0.04370774857088679,0.09883598183346023,-0.2704426179658527,0.024292781320378917,0.0
0.5276839550637407,0.1963663123405514,-0.0844573210355957,-0.08372694343872694,0.3834106396003224,-0.982212324893115,-0.6713491230476936,0.9227251315526046,0.5946097227257744,-0.8060020238946767,-0.07027310581912809,0.036036784649920835,0.25923800603882996,-0.3415223143602011,0.2097910845232879,0.0
0.5905531408411406,0.28132594460238075,-0.013452002170489242,-0.15496784018153953,0.45601832415840055,-1.0461533090531148,-0.7318038999316219,1.0589570661363517,0.5347690971998778,-0.8814204220603189,0.11062260219819994,0.08689436952748156,0.16830096713695297,-0.0637669691490074,0.25815375802525076,0.0
0.5801942072319665,0.26470989818828683,0.007246207794982973,-0.12378862470237886,0.3983591729739172,-1.0165018650914377,-0.7346570400053987,0.9318188818117189,0.5107468112860083,-0.9212791928940923,0.07317170088685626,-0.002131193799626077,0.20828532581965514,-0.13387027440043295,0.023862361492614503,0.0
0.5669595277544164,0.22925075173788118,-0.027033908675900272,-0.12145693880952987,0.47514799948639164,-1.0301940567967751,-0.8147350787282202,1.019133186394379,0.3895474379859673,-0.8623840323323566,0.08612965329710491,-0.012683895263707829,0.07473271790437361,-0.10539932084544805,0.20980235769057795,0.0
0.5078468294102251,0.21587159141337567,0.10854277095538128,-0.08384679145734414,0.4869704711136245,-0.9312201499771972,-0.6837948785296479,1.0186284808285107,0.4859273044495296,-0.7705677466046923,0.03347784853057399,-0.06983452559351788,-0.04678212035743075,-0.008426094644633647,0.3644998779531511,0.0
0.6220491090333027,0.25857178918200174,0.041274548714061166,-0.0988127206409962,0.5847973321049564,-0.9626790201851333,-0.8110570650936669,0.9761955982768022,0.4468147081340366,-0.8152075446639495,-0.08106475714615917,-0.04689777364775844,-0.17758897862850317,-0.2152926037465877,0.20759183618540303,0.0
0.5725565807549386,0.23881580207649517,0.01409629276942806,-0.13831120291778926,0.44012879961421547,-0.9599610604043528,-0.7249919698154742,0.9556590165324921,0.3492098568774163,-0.8216765304955808,0.08969594792882171,-0.006442878627721589,-0.07044610356318247,-0.14071323449750933,0.12424379061965214,0.0
0.5799236246355222,0.24722605861487176,0.01193911711519224,-0.1448549766464655,0.49130865120397627,-1.03788523983916,-0.6782468556987756,0.9626641005085098,0.45024950720995244,-0.9678530681750422,0.028187254230970737,0.028210367578414882,-0.17891425569619213,-0.19065265651353952,-0.03224151361965176,0.0
0.5281527680909262,0.2569873093325896,-0.03789767759376861,-0.08584578835612573,0.42669216020801415,-0.9361975790825019,-0.7253148198836432,0.9629264688163679,0.3831960730414015,-0.9526229085236121,0.035914628241789835,-0.1432963409361504,-0.2921065244722089,-0.18272053210085779,-0.03786750412435681,0.0
0.6001750805786585,0.1516194648202573,0.09810873247056622,-0.10267435082959683,0.48742010868404834,-0.9723051380703548,-0.7635020334167931,1.0291244201178056,0.35330208858416057,-0.8740979352489703,-0.09369016471401037,-0.12158071460518688,-0.19946014320373656,-0.2127373857369888,-0.13165808031390244,0.0
0.54355100131308,0.25311432620840696,-0.03325431809050437,-0.1266558119112231,0.41301991687904377,-0.9143657202116682,-0.812773900957106,0.9792558065701239,0.37031829976134245,-0.8211847601097577,-0.009943164713116015,0.09841926697837106,-0.16398681993387648,-0.10954410163177913,-0.18015427912929327,0.0
0.5775377653534828,0.2326546200921986,-0.022875780189520308,-0.11175421947690456,0.5031919081177489,-0.9860639903692764,-0.7416106388165763,1.0496724803203086,0.3676042424516795,-0.9310612267627586,0.17983459429974924,0.21736623691142515,-0.04888919886184735,-0.05417978438943656,-0.2353855923576125,0.0
0.550215980527418,0.21321905281818487,-0.03988899352598572,-0.11239997065231863,0.47186871018119175,-1.03812696872437,-0.6945830093393732,0.9833767196235488,0.2550315722684612,-0.8555573297720128,0.3125524301687664,0.06652036635053471,-0.04468882133253634,0.010843297976953215,-0.23149924121593946,0.0
0.5754017989659466,0.21837416521137015,0.004557595618948532,-0.083935936837944,0.45110251824627273,-0.9797332161025001,-0.8143930377730124,0.9999603285503703,0.22328146753783093,-0.9294376667601235,0.27308281530908163,0.06186671397284842,-0.1372009708824139,0.043002557160293026,-0.023307593678723287,0.0
0.6091239120919846,0.23536605702414815,-0.06462508374466683,-0.07742873280728851,0.44466522064227676,-0.9277228930023811,-0.6920806884559567,0.9666629486172864,0.24500718790751133,-0.9731620512759841,0.1283667917305327,0.061304757555995765,0.024799957931922342,-0.05663437490908607,-0.10507686703948899,0.0
0.4770693768339881,0.19535151051067515,-0.013060921692773949,-0.12960989435680356,0.49812233555826113,-1.0400776627648252,-0.7739175170360607,0.9569047373400437,0.27774256149722526,-0.9428842944491382,0.12632401819781192,0.20936040204293882,0.11020888716873557,0.07996169799412407,-0.08276078824353318,0.0
0.5838026542848412,0.24043050773812802,-0.01875169891569708,-0.019119270565037705,0.4384943684680972,-1.0408374816426764,-0.7929897428363248,1.024547061101731,0.2290502440579735,-0.9228744281067961,0.00903265509036591,0.019396544715544667,0.17496248691138488,0.23484175953531156,-0.022547210681949995,0.0
0.5043140898466303,0.21450461984228145,0.034679774994177105,-0.16230422674805892,0.4819495740346256,-0.9927680749984051,-0.8065404013210159,1.0330416789113177,0.1884011520822415,-0.9288808487600823,-0.005269582080023848,0.011908262360301196,0.14760662406383343,0.1991194793209216,-0.012529373097735922,0.0
0.6328916242297637,0.24257061056404683,-0.0357500143607415,-0.033859070184975554,0.47198448242370317,-0.9959130947262601,-0.8005741051664678,1.0369670079703053,0.14096915005813943,-0.9232714486740088,-0.06467527832909992,0.06790887638199221,0.062341976458439606,0.007877957044503253,0.026050892293816928,0.0
0.605914522657583,0.20904502586849455,0.004172214149562332,-0.05666782615912177,0.44500127413603496,-0.9418354019615925,-0.7985687637340966,1.0223409720162135,0.22516714588350356,-0.9457938153076959,0.08395520278787648,0.08372023338281867,0.113818522879224,0.06995850754511461,0.017274301849480516,0.0
0.577234041135206,0.21688858114786164,-0.06878948191091822,-0.039568753817224606,0.4358207828174083,-0.8382647371195521,-0.8216760308878186,0.9616126202700279,0.2666675625620469,-0.9360935306084934,0.03550282036335392,0.40898795242420416,0.17562685581184678,0.09581960050322097,-0.05903240575616037,0.0
0.6140404742232121,0.3029413560463362,-0.012058657063265183,-0.04056476146005549,0.4033343208830791,-0.9733547929961638,-0.8093131345062851,1.0591620623996025,0.13191168005162124,-0.9264908237285857,-0.03711249569074142,0.29367927172640085,0.21898766780116152,0.23961183157935784,0.005806847714548688,0.0
0.5782947653080233,0.30213858530738913,0.04206697340103994,-0.078889923046738,0.4053012988934468,-1.0220163164414766,-0.8500293400007705,1.0561587877977119,0.13082186310611443,-0.8802572941253873,0.053721257919743026,0.18271232908936225,0.18982998914675797,0.2697843083389626,-0.028183659983924133,0.0
0.5901462504361202,0.2259702467434874,-0.01639159844906759,-0.10055684195498546,0.3706821240361804,-0.964454224012455,-0.7994189713628843,1.0169095210759602,0.1014458999441754,-0.9061584732598752,-0.03744116053012212,0.20608963127599872,0.09196390586109321,0.038042902473139295,-0.19848666529486597,0.0
0.6087216826042112,0.33998496832902647,-0.08861725650255035,0.01045755126118042,0.5471978805189943,-0.8770378216536885,-0.7713731583293899,0.9517325288749103,0.0430676472224405,-0.9449655688807307,-0.029538710500652546,0.2000478467979896,0.15825576949755968,0.007927304102246034,-0.15392344800976496,0.0
0.529586599258143,0.2106008588007752,0.06426546615931149,-0.04530424150779423,0.47132734616132343,-0.9127524797527697,-0.876619203826655,0.9810534313700836,0.14020281811438476,-0.9755176463364623,-0.13647165585884077,0.23329815239261098,0.02371589869619649,-0.06396359918722387,-0.09704671726033301,0.0
0.5757430032791059,0.25534706648017025,0.007750519273638026,-0.056418689678312164,0.4209428082978072,-0.8908266129457603,-0.7851347624337709,0.9278132363117547,0.07475737092603969,-0.947228330320409,-0.034326967816585195,0.29574747543742075,0.17810161473935612,-0.26220012314605645,0.09696961473211785,0.0
0.55550525164934,0.2130463999874587,-0.04280831930857369,-0.06839646936533496,0.5281481013425526,-0.9680254003962642,-0.8540283843848715,1.0390245977471464,0.0362656372531988,-1.027214742236438,-0.07351826388878473,0.0997997081286593,0.25402334210045174,-0.23689966462438888,0.08230476532709416,0.0
0.6172564122327346,0.2555261509159838,-0.08151513210572876,-0.0372428212506828,0.45233155306834144,-0.8107619704006322,-0.8197936084438543,0.9417703214220096,0.0451817150674574,-0.9953805080626218,-0.05358423492791844,0.0020411808663190617,0.16052796926360863,-0.3012163758366685,-0.06996048795752884,0.0
0.5839057884625588,0.23329952729254658,0.05058168531072627,-0.08975587474837701,0.5404271257555082,-0.9307741091281553,-0.8184392572720551,0.9352950427455459,-0.05162494532413267,-0.9227628247017932,-0.1058860041924927,0.07055128617486531,0.02747747234784499,-0.06324453239676864,-0.06842983606455855,0.0
0.5579672017579839,0.22510534479398103,0.0080375362244711,-0.10295937016839225,0.4974394951369241,-0.8717515218177613,-0.8080178835168901,0.9831593274422831,-0.07450021022402631,-0.9657704544623528,-0.16517619546200693,0.09135849344176324,-0.0018138509511179818,-0.1755961312089367,-0.10401293894240426,0.0
0.6088927380810405,0.22548860566012913,0.04309238556431181,-0.06361519031680607,0.4462022312015103,-0.8489643253021673,-0.881240742667136,0.9913047109076479,0.03453740145145897,-0.900430008508361,-0.04999366179844668,0.041270213344423795,-0.09977885965902086,-0.018200824131187815,0.09243647152192626,0.0
0.6405096386842943,0.21154309397938198,0.07711427755093,-0.13448360366525366,0.442420303833517,-0.8900839611821887,-0.8432929625485736,0.9971591969537583,-0.03847588460400288,-0.9045060622309606,-0.05754445355430987,-0.02515108796872054,-0.09977326967369664,-0.07481753821710686,0.08432683724830818,0.0
0.6031357166178769,0.25885387118961883,0.05497587551435452,-0.1269032378049938,0.5417643793836955,-0.8596370588861936,-0.8149224874736966,0.9887262648997542,-0.104297173571155,-0.9957467434056141,-0.1701025197650518,-0.006749681643194928,-0.021903112864998256,-0.03907353223306094,0.013193342292452434,0.0
0.5073477836875824,0.2629535695763693,-0.013629783781946538,-0.19647945243086168,0.5729090711546315,-0.8084973985410172,-0.7954560007185381,1.0054943375665235,-0.07581797883109453,-0.9656686644885775,-0.17623524248042677,-0.021751726953630125,0.008104304743091598,0.16636160956750412,0.016952635548505342,0.0
0.5797485574953172,0.261352365151681,0.007020156072055753,-0.06404484413683724,0.47390023635776163,-0.8859944335278417,-0.8343899992371192,0.9277864142480104,-0.13458090865474806,-0.9898142586577201,-0.039708716586639756,0.18579967742164025,0.2185490807110026,0.18878183793992853,0.18019365045337982,0.0
0.4603071167289602,0.28500510505342164,0.007920169331234603,-0.05273860622315642,0.5306965419774431,-0.8277035213772171,-0.8069033677767381,0.9292631073105104,-0.05182353313818745,-0.9522611349029925,-0.013642209419808825,0.24411022389942613,0.10506589680634501,0.10206879419915993,0.15304718567100345,0.0
0.634140061769293,0.31965004006797704,0.010646439050431781,-0.02656100727429328,0.5097240280700447,-0.79021925209148,-0.8936018116450674,0.9802262969899016,-0.24928027875403969,-0.9541264202153044,-0.030511074934405122,0.14825242275999928,0.11030088140591286,0.12802286477485578,0.37766199669448763,0.0
0.5198660372414996,0.25567672021829685,-0.03917276132202502,-0.08010796501243078,0.5827690103752448,-0.7597845151598509,-0.8910083847580914,0.9001122680524885,-0.23037364402651384,-0.9392636737122276,0.03115579174260683,0.02160509836622522,0.11741601305392058,0.10729631201724449,0.3038098362109076,0.0
0.5395444135055251,0.2862156402884463,-0.06330393658293697,-0.10769299569347784,0.5780561372719846,-0.8545301996502456,-0.858189242384543,1.0634883932772055,-0.17032139288532097,-0.9985683303829175,-0.008580225147634454,-0.09997031412841502,0.15036812800978894,-0.10083711479574509,0.21072045229181746,0.0
0.5747774205849953,0.2649903553718226,0.06870448305895784,-0.014073653625486744,0.5111283822272907,-0.870947855499266,-0.8147571102472901,0.9621669257302072,-0.08068247672054178,-0.976438107463331,-0.07299893606747634,0.09341923485678888,0.18284884223638315,-0.2922445696462628,0.16878602425776443,0.0
0.5191323790611911,0.251182504527113,0.0026246532339750496,-0.006021423072565021,0.4354420846323999,-0.8257426559766794,-0.845209136384067,0.9051072984682605,-0.1916086555284858,-0.9102012387920322,-0.03382183477603075,-0.0024639474176618575,0.03883925640457411,-0.24290341453025904,0.17234517177278402,0.0
0.6550662381739728,0.18721985509134054,-0.05809933243260393,-0.06683750567649747,0.46980710156589095,-0.8119812238600533,-0.9493925565557282,0.9173718394516647,-0.2421678767950291,-1.0249996463834836,0.0159709281741013,-0.15516050572628212,-0.028113644529650608,-0.3816886550779932,0.025558707986345047,0.0
0.592300762970812,0.24465041059190892,-0.03185608711529498,-0.028500732385489502,0.5126087613327854,-0.7741216475290599,-0.9037718082679949,0.8905583683413678,-0.26668987789106485,-0.936964926055839,-0.16886791369169077,-0.2539887837612078,-0.17804035836925414,-0.25879707485600756,-0.16605894056141524,0.0
0.5926090809501836,0.2722281649211421,-0.022749270385830182,-0.02860170880735346,0.5067110447363594,-0.7597445200788774,-0.9117047908328583,0.8759878533187871,-0.16766627715202675,-0.9755030024571202,-0.26050095332788836,-0.24212862420204467,-0.04774971434888198,-0.11868987659257474,-0.2622522505759526,0.0
0.618631051210801,0.3394810304761692,0.0017937065657055808,-0.07737121367433683,0.4752858874925615,-0.750727753076215,-0.8809391402176067,0.9428321575087156,-0.32670894556419605,-0.9867762616401776,-0.2996103452179813,-0.10307963194918936,0.0627431242062153,0.008590124409934091,-0.24540084487658984,0.0
0.5773476450167191,0.382842369493098,0.020519525047597745,-0.06338162059108413,0.4798383839245679,-0.7323000999352455,-0.9799635435796997,0.8415826429264366,-0.30083436437682837,-1.0183998131180017,-0.22469030226697245,-0.21782025057288906,0.10095548523567963,0.10459252226573325,-0.20401369607460149,0.0
0.6735004755996165,0.27034369194030367,0.006206710705359339,-0.020221499612414567,0.44923851136220316,-0.8690475834807643,-0.8648437367701672,0.9345915367056672,-0.28508697868366567,-0.9724873127223093,-0.2236525369963946,-0.1461834251267788,0.19759579170468927,0.0018049776716044519,-0.1306374522883723,0.0
0.5177085722147603,0.3517758365839748,-0.10579181426135392,-0.13663127125278968,0.5992847799365175,-0.7010434599717954,-0.8895269029881647,0.8555058614353913,-0.29703700080092393,-0.9527776460585116,-0.12360602826612294,-0.08344179860450397,0.2668164198993013,0.07337869265750468,0.027894938969008173,0.0
0.5187141945522777,0.35497460192417635,-0.17608578776424355,-0.05985293199188082,0.4821937947265443,-0.657248463842556,-0.864522157945977,0.7901588303291465,-0.4126513735994617,-1.0142824652588278,-0.0369233628612045,0.018831382724550913,0.17804590521483302,0.015055285084358438,0.1773274599455266,0.0
0.5349296038293695,0.31119274294407495,-0.0035372005075389383,-0.03501701129214375,0.5042760859550646,-0.7373801774294372,-0.9107210408450376,0.8655175479879688,-0.42573409960278297,-1.0675349577442308,0.043394377210123056,-0.05998182449098074,0.037075259843668454,0.022933793680808737,0.19610382354414055,0.0
0.6772113541435649,0.27795937130262055,0.011104519713887533,-0.10198471717153693,0.4970507884050746,-0.6012913794396773,-0.8349055040082694,0.8150227039908371,-0.4003533031200362,-0.9893974782794765,0.0496064558015779,-0.05926838008553301,-0.06673169991195577,-0.14294635277163048,0.24448610875924243,0.0
0.5977296905804289,0.32067492851970736,-0.013105152435808919,-0.050054706310370824,0.46100521202438094,-0.5935898293665556,-0.9667156131034303,0.852857553943362,-0.38447002125489466,-1.083373563246587,-0.014553718435626778,-0.05354851210082188,0.11278357260102707,-0.08557577954228927,0.137521316724411,0.0
0.5425745160549585,0.36437125699557804,-0.036124014627008254,-0.09098645776749183,0.5126852912063311,-0.676765455255791,-0.9437258357527105,0.7639551490352732,-0.36398992519620504,-0.9462983663016308,0.03639388177563064,-0.10416419206686503,0.13769092737144772,-0.09481862883338216,0.14321569059652364,0.0
0.6350673515344555,0.33022062501573757,0.01869127019383501,-0.08787857274137358,0.5084461005403009,-0.7092122871554195,-0.947316982684688,0.7679523573803063,-0.3755609089965649,-0.9481099195469315,-0.05121508657090805,-0.10874716847878774,0.13143514356099809,0.07973278580793008,0.10897746621094262,0.0
0.6057148720851832,0.31459723706254966,-0.009855899907688722,-0.048012176579867144,0.5572192884239273,-0.7133040922434204,-0.8753114696009726,0.8447852793581555,-0.5217903844353652,-1.0161139529550358,-0.016860891226446222,-0.043945866462972646,0.02244355085046751,0.10368375745343725,0.015312798157461963,0.0
0.5970643374578508,0.3704932182181623,0.061656433452791405,-0.09686764460930225,0.4936117599950906,-0.6484051410955818,-0.990555990556022,0.8805741232870957,-0.5135403000751658,-0.8979405495630085,-0.027602624933410196,0.17273087068875884,-0.2408222233677404,0.228457488128104,0.25464864930128744,0.0
0.5836859471920821,0.3097636080394693,-0.016744022553046,-0.06353447402717446,0.4579375073025176,-0.7322345929586639,-0.9823586683274407,0.8120781856503813,-0.4795253900613977,-1.0540929446658043,0.05162911076683044,0.2693427372270808,-0.18599664046757555,0.3669809434607544,0.06311521982943377,0.0
0.7072992429453011,0.35947918247041205,-0.002061098429651166,-0.025362767495839156,0.551791108690522,-0.5625894106699555,-0.9683737349307381,0.7196176050946164,-0.5290417773526574,-0.9938278554914383,0.12000273268692495,0.1022538631449368,0.07545358024196205,0.25264844904110506,0.024281546107368032,0.0
0.6288860915562641,0.21781441668351914,-0.0381347349349387,-0.03553351111231357,0.5218220496348769,-0.6957533051170183,-0.8857177580219785,0.7628345043156509,-0.42901253337956446,-1.025339434913018,0.1290060122179604,-0.051836402022063285,0.25746262953009325,0.08962059134175324,0.04061533446252691,0.0
0.6540685733284254,0.2653164457314541,0.017533767218898006,0.009598079512188204,0.564405707646087,-0.6275266411897767,-0.8961608203220728,0.7858852470262926,-0.5756469658292954,-1.000882406459694,-0.03202012485283717,-0.0786133254519136,0.17731392309173882,0.04592210613167778,0.0963401043564796,0.0
0.7031094490880406,0.33429224929202295,-0.0003058099867901797,-0.06233103616209154,0.4992719464651894,-0.5479468926852199,-0.9149949185274411,0.7248563159413286,-0.5678555264804339,-0.9309063169684126,-0.036805599849148656,-0.04284233125534482,-0.03658004942327514,-0.009266456926467416,-0.07226072886328776,0.0
0.6723298004719023,0.2344260589906175,-0.007317000075614241,-0.09723747698065273,0.4500874440988432,-0.6087004782653134,-0.9668033058131152,0.6325836849464884,-0.579988057592192,-0.9358709823565433,-0.00023067879224436885,0.057109356921675236,0.034161472256177085,-0.17195701465036936,-0.0636433868675839,0.0
0.605403764046093,0.17113884631158907,-0.010127542790546167,-0.056509859515247875,0.5383004290495581,-0.4951226533921076,-0.9478808248840846,0.7206504255013575,-0.5443816458837462,-0.9072218779350666,-0.09872440195466298,0.16283318597327723,0.04868790367385352,-0.029059101617806726,-0.2123685558508624,0.0
0.6374182229138575,0.2597569319853664,0.08546191896202586,-0.08526168758433288,0.5398194395273533,-0.6199640024224449,-0.9343595582645821,0.6348008102045789,-0.6412919826645324,-0.9578163644737704,-0.06208959955636231,0.16222185246226636,0.0373732598951804,-0.18867635117493606,0.07867057485012571,0.0
0.6253715940958394,0.3037439538683612,0.040064870149167604,0.031191511731814198,0.5405107002510288,-0.5702671246426336,-1.0157370819823721,0.6567069886900883,-0.5173290090850065,-1.0645804347938628,-0.0029384684540740627,0.14082621620084063,0.07835997929216712,-0.029466638148715044,0.20682905818326797,0.0
0.5926923945083967,0.3328059558031153,0.002343069480321256,-0.11918032912907897,0.611513029647974,-0.7011568599040353,-0.9276415407118087,0.6496396572130291,-0.6889808026469337,-0.9707533661204004,0.09451291538836186,0.1383252154813489,-0.03655975392576587,0.14414478222020155,-0.12739075008377676,0.0
0.6150020125320369,0.35441047053291125,0.033937371468551636,0.019411291332386255,0.5472419475919411,-0.5945625198311894,-0.939165715000669,0.6841117551923153,-0.712455782446282,-0.9429010199781473,0.09638453742771777,0.08734621502254684,0.002809408962710782,0.10979539421596797,-0.08129331848733144,0.0
0.653856441986935,0.24281689889516625,-0.004197516902210126,-0.07489674192362279,0.5077513067250267,-0.5157932028847643,-0.9615217590467902,0.6157998779147423,-0.6587055618657346,-0.9781582398302955,0.07714806941783839,0.08653389880110925,0.29743483938903403,0.06877784176904705,-0.14397327191498704,0.0
0.6578900503090941,0.2718061740208555,-0.060431652107819006,0.043131867644351035,0.5637205348999522,-0.49646633158259457,-0.9570455422477002,0.6727771763754982,-0.6998329292407223,-0.9611580350708016,0.13643769442220827,0.21021767797587657,0.15537530174467273,0.0262018118314053,0.037694305399806075,0.0
0.6154943075847479,0.35291594227148915,0.022498738358999543,-0.0050641314355284045,0.5958606686404275,-0.4856083935423489,-0.982533524049371,0.6358494291060737,-0.753762301470478,-1.0807010439825704,0.10252461569500328,0.05067175407932219,0.1419260313694206,-0.06391497067223516,0.10419798838170703,0.0
0.6799814909204173,0.25133260165583143,-0.07704046876161083,-0.05452972853680485,0.5022662605077353,-0.5144881332159774,-0.9645777206854135,0.5136687449710925,-0.7386056747108674,-0.9604294257213223,0.1903804088413677,-0.0159699279358538,-0.03299220182473224,-0.18178402926879508,-0.018625532473745626,0.0
0.6895507248664228,0.23244874111496772,-0.03318525131980966,0.001871719026154045,0.4728722411792877,-0.42965821418371286,-0.8888759669801971,0.5650545750621492,-0.7516323299688026,-0.9642068234470752,0.17196014132661516,-0.09216109724257848,-0.09894789707652997,-0.16487897937327795,0.15542311433007963,0.0
0.6392867605385308,0.232109224631191,-0.0405515547434091,-0.10384154838439258,0.5317336870230559,-0.44386345726632676,-1.0692905699315707,0.5591762591822593,-0.726657602076646,-1.0517457398903045,0.20504097771989205,-0.057337375608717454,-0.11329754399810851,-0.07488349719259084,0.12101784308037336,0.0
0.6327990749529219,0.27932307310330673,0.014258779823684623,-0.10449954810500925,0.5162457820324129,-0.4192533085915091,-0.9618449025209855,0.6021227412831749,-0.6487745187037269,-1.0345993780107585,0.2148971816120775,-0.052219337412467745,-0.10675197506328205,0.021817594720061582,-0.023265761169012758,0.0
0.6414162210758277,0.2205207022741888,0.08902651942998231,-0.025016619129897992,0.5011618010690815,-0.4201150342394614,-0.8642478022075075,0.550434327320594,-0.7593239502991519,-1.0131221111087925,-0.01765031851470547,0.03667618843908729,0.024283462349541846,-0.04928118246835814,-0.2040211774759572,0.0
0.6403376401541698,0.27979336912692776,0.04482137617076239,-0.08563395870967094,0.5807732492795099,-0.43525069752695283,-0.9613359437707617,0.48686654747067226,-0.7181758726425086,-0.9985257938457651,-0.0723155393472293,-0.028880002964842055,0.06468274100817628,-0.02507978982314047,-0.1891273209221172,0.0
0.55901867230598,0.3319250420478085,-0.0650115792278459,-0.03362358806157237,0.5686817858371924,-0.4772974458503021,-0.9097392740404269,0.5564208040313154,-0.8751474262119985,-0.9907878380096533,-0.0909401256958417,0.21068628615242346,-0.05628596922662414,-0.09654228392974479,-0.21316135241561351,0.0
0.649379605211457,0.31942581240967877,-0.02309823390432935,0.0026448180810954014,0.5719253507579151,-0.35050093836383067,-1.015726590861967,0.5052364639128637,-0.7642667951849424,-0.9516811687988141,0.06956520959125742,0.024987273343622954,-0.10092563066219362,0.020369386417892724,-0.101030279640002,0.0
0.6871231150020265,0.2729566702605392,-0.02401944262665131,-0.07645837250361254,0.5823108596655191,-0.4422988241267976,-0.9898649176265493,0.5268469106784477,-0.8221690609017098,-0.986564460607796,0.09778018322592537,0.010731829721460726,-0.004730297128863484,0.18910135244386433,-0.14786813595542564,0.0
0.6514916885236471,0.3431764098711429,-0.033289871401611625,-0.012638368122505045,0.5895959339736401,-0.42281270985059083,-1.0253203541391325,0.5309008129437021,-0.8440871031513597,-1.0095484507489565,0.055227351161804474,-0.14654970750784202,0.10434583995230799,-0.10978537427671667,-0.09963969010394705,0.0
0.6780922584799725,0.37742624478970577,0.0820130345185135,-0.07686638887174281,0.5723348137894322,-0.402042679705364,-0.916829447762969,0.4459082034327931,-0.8302746964723458,-0.8908763105688386,0.16693379236160177,-0.16863773444775593,0.09628432669333978,-0.018185191414659067,-0.023540742502159213,0.0
0.5806291686011104,0.1829326457663102,0.004626694706723937,-0.024010758174490436,0.5045056009491165,-0.36727091266861783,-0.9333298504193192,0.4682843635943801,-0.8176610793542697,-0.9661439091501691,0.1462149820009005,-0.1363527542653499,-0.043050361468476364,-0.1675873241693748,-0.012713296346116312,0.0
0.6067863520500245,0.34387032102454657,-0.054159631710001335,-0.08974981138945395,0.5425083553159471,-0.4071043246542548,-0.9405667471985388,0.4643430803598291,-0.6642352534922228,-0.9578118515990762,0.04654330754244558,-0.03306431471349827,-0.12296420643850527,-0.14571485838833412,-0.05676030466329383,0.0
0.7086714884866263,0.24827909581566945,0.08554905881608076,-0.09579662066208897,0.6633784399885865,-0.3065907444775204,-0.9494424047847658,0.5038239886310287,-0.8712365647393595,-0.953778695311959,0.048864975182674145,-0.13580824705332187,0.050632119411992554,-0.007849538494279551,0.11020288527452266,0.0
0.6671548615548732,0.2587041453317884,-0.027118232838869175,-0.057694190868601,0.5454250970016941,-0.24270566695259674,-1.0648831963639764,0.3737389710355543,-0.8225536073063798,-0.8742907329793077,-0.09460151507003453,-0.2459161757290278,-0.23737007073763136,0.07883600550634791,0.06420982707389439,0.0
0.667130166154127,0.31491406597077237,0.011289022330197278,-0.0915291201514312,0.509508828433994,-0.2803761386779268,-0.9610387029036165,0.3927548376240962,-0.8591962821357545,-0.896144470151249,-0.09521076742840595,-0.39126763782343954,-0.1795085490620902,0.01864473392541459,0.21770070217808088,0.0
0.6037565244044741,0.3725579521530872,-0.004316440811295865,-0.006796554623853063,0.5933612625844488,-0.31705883115088485,-1.0272376300392623,0.37954580963871964,-0.7835149314921842,-0.9044424857228487,-0.07355265349559298,-0.39625108746581106,-0.20782942337051835,0.004766682790583855,-0.014783782770331072,0.0
0.6828540820111592,0.26314466243751766,-0.028311299612876928,-0.0974748851329569,0.48634625856411073,-0.2706674091699622,-0.9925905559435276,0.3892619816268784,-0.9183323976870701,-0.9811610826504624,-0.020390376944495997,-0.5296052708860894,-0.1846940073528882,0.07378562648322173,-0.00648779516240914,0.0
0.6394738068426357,0.3387978506686023,0.017487663008532144,-0.032672081194002875,0.5352608135767452,-0.1871765709868521,-1.0437826681980535,0.36169191964296826,-0.8723711840563683,-0.9858396673673268,-0.07619262932961299,-0.476501741917192,-0.1826864684079454,0.15727342011202172,0.03786336316926706,0.0
0.6918960529349707,0.28728101280409774,-0.060208450543600384,-0.03445473531995407,0.47999735731919657,-0.20486808286593122,-0.9490994251580169,0.3135434373261225,-0.9617167127587546,-0.9528751133350034,-0.0948976874060652,-0.41576605953048673,-0.20471841327002482,0.13847248209775964,-0.08590475411296883,0.0
0.6094003148054581,0.22956620478330592,-0.08133074484005245,-0.03938059184005347,0.5468142445026203,-0.23918001779112424,-0.8905020940213646,0.24317690804926953,-0.9154288744360853,-0.968789559180323,-0.0023966872147714036,-0.30627144252665756,-0.008044173976298835,0.1744704070462302,-0.2184948623543015,0.0
0.5921415401406738,0.27818606873994267,0.0068494130193375875,-0.13226182969734962,0.5412986162017801,-0.19922395501979365,-0.9645331836655276,0.2883949217792674,-1.017895728774472,-1.0538318720064195,-0.018221712682887848,-0.08204475591700103,0.019257500168594878,0.11122236795908333,-0.09313751638408801,0.0
0.5837564615108564,0.2975671080239281,-0.03552052098058323,-0.13723975137994893,0.5813961978225446,-0.20121514484376765,-1.0193274951872264,0.24546265000823675,-0.8756512775391097,-0.9890337723779998,-0.14401660685362697,0.031354942011619744,-0.08292069378851785,0.07949892848954206,-0.09387401954339702,0.0
0.7482677520342451,0.2750378612659464,0.08576251975723227,-0.04037681255331929,0.5482285963790413,-0.18824570732232174,-1.0169281598324484,0.2727239727907758,-0.8801437932765681,-0.9777976881493792,0.08264824365523951,-0.03483960147978818,0.04170812834425877,0.08797480618881583,-0.14498565803183072,0.0
0.721656581299903,0.3001420614152402,0.12897348925265373,0.007925195381398832,0.457375554700878,-0.22668210656179202,-0.9724970871670461,0.2667169076998509,-0.9231927344524763,-0.9272192842358655,-0.1334807057359137,-0.12693669130370147,0.0699571586644776,0.15028804982779276,-0.08828557802707987,0.0
0.5944398622811804,0.37910136391013743,-0.04356244648430007,0.0005360726109506567,0.6435151198947502,-0.15153037627299884,-0.9498064506745884,0.1466786804525359,-0.9070559812611292,-0.9639780194131571,-0.0753963196330658,-0.15241714040004023,-0.045397388727780555,0.10542591463568587,-0.04899054465983662,0.0
0.665734527252206,0.3494183425782085,0.03608606175782521,-0.10638539285000431,0.6277159965055195,-0.15660263838146563,-0.9925975185152458,0.2783098305521248,-1.016939262628031,-0.9564709481147613,-0.0670867814223937,-0.00732675101347198,-0.02721190223111626,0.06579851308172516,-0.03333608066340001,0.0
0.7348708954730193,0.3608523245591178,0.09321158416486304,-0.07063914634754939,0.5101921820431209,-0.09411504776337135,-1.0229343362957786,0.184659957795755,-1.0579614821094425,-0.9044467271887093,-0.14456315267814324,0.09189914912023632,0.14282708083934775,0.08314146401820091,-0.19604766297413181,0.0
0.6079777283566392,0.2609332877952079,0.032034028055761186,-0.05213337444058265,0.5658667502352844,-0.2157007518808231,-1.0331308076173806,0.10267143762365791,-1.0382882429177236,-0.8129601391454147,-0.07845982145628111,-0.04369255683289927,0.33860068219464723,0.029429583144453857,-0.14841105220141745,0.0
0.6576976142892376,0.3002164492388645,0.02034417589811568,-0.04244178402611688,0.621000949244985,-0.12203140786496357,-1.034646984699428,0.09275357272451223,-0.9555341277158157,-0.9417266054385875,-0.1108103347730213,-0.05574612335011156,-0.045817736433585554,0.2002728899746466,0.02810712033008901,0.0
0.6725558025001106,0.27456561746326186,-0.04059280112160396,-0.060908410131832104,0.5935813537027784,-0.05846714393673187,-1.0010826840654015,0.07883777245263174,-1.0352155605881541,-0.8258151252806799,-0.12845873516840037,-0.11040005589122606,-0.0871904288599129,0.06783215439690689,-0.03772384922636704,0.0
0.6729748146860971,0.33322837637438263,0.031973832975083064,-0.08193123043020512,0.6189223896629695,-0.053316464988303724,-0.9505546424224118,0.0857049773440322,-0.8822244259920211,-0.8878647999985362,-0.09119686736955808,-0.023280015126918005,0.011610735581566431,0.15739543287027274,0.029648548445275397,0.0
0.6413822285040512,0.23349220620694577,0.06651180548111235,-0.09400333342740974,0.6143824782554655,-0.09663910235836318,-1.0033365725401333,0.09845137775389917,-0.8847210642155163,-0.904735624049478,-0.02599699641749781,0.035315406824928536,0.0430210378178075,0.13704319527435116,-0.09482101722868946,0.0
0.6966178026880283,0.3402013779938447,-0.01464386077897352,0.02579954494595807,0.5980660711969492,-0.11078600583642945,-1.0709304863379898,0.08335309204686903,-0.9099324499868016,-0.8698159584812204,0.08429982122330507,-0.1463356105245874,0.0726034292220861,-0.04472466384824246,-0.11042728009275696,0.0
0.6620277528368608,0.40195122913214154,-0.010758696161381524,-0.06283883571125479,0.6538969337906015,-0.0712719728791727,-1.0050557014683963,0.058598279590594556,-0.9764677592983353,-0.8385421301262636,-0.06522699710599664,-0.2456651902352478,-0.07918721691164146,-0.05012085310182826,0.15657206830955558,0.0
0.7599178029107302,0.29946691187863683,0.04229348472112576,-0.01979518539949103,0.6335009760246327,0.019856893342465164,-1.0167171295117374,0.07859341398865541,-0.9682286847664827,-0.8900096297819867,-0.12562446653290033,-0.18655438393175114,-0.021988120172955365,-0.09989041413188107,0.14826902209592235,0.0
0.655763257806801,0.38346573934566364,0.08450930630557327,-0.008664059044591686,0.5855810481896714,-0.14336799281392215,-0.9679762730946129,0.04694744722853532,-0.9957483702817749,-0.8010620801442632,0.023969376823380087,-0.20847573854291718,0.0014714784962825342,-0.036213765237407054,0.19043239238911508,0.0
0.7644629186353282,0.41796929026476487,0.04256136164803527,-0.07701416218090673,0.569789594792071,0.049510818401689874,-1.106355459493284,-0.026470673159631003,-1.0341907125014558,-0.860435373386893,0.07906754496732356,0.006052103284920923,0.16763825444312405,-0.016471073895843086,0.18257688635744646,0.0
0.6625633546402947,0.26736481127488537,0.002262484452364825,-0.022755514807208978,0.5976319685927592,0.029398941503925136,-0.9227068134178767,-0.019158617470511095,-1.0073201315867026,-0.8141782664053248,0.217388263121631,-0.03031455517125019,0.016607753218058033,-0.07159615943041145,0.28185895952868734,0.0
0.6964513216855902,0.35938240894207585,0.033585651862292065,-0.07598471999127257,0.5894855776520164,0.0247937805505496,-0.996659293525572,0.04080562993411119,-0.9917741207446714,-0.8430739424059056,0.15862752901654045,0.06609061542203407,-0.014008950133863279,-0.11812635009415631,0.3224640833589558,0.0
0.6264922127291815,0.2793474520975975,0.0657300297111027,-0.01729948501805187,0.63384077216322,0.0006430741507412116,-0.8884257967509295,-0.05408017447392654,-1.0141223671174733,-0.8919829493852723,0.2531120697330327,0.05446432624575601,-0.13952678528137663,0.06143805819823697,0.011913815977433018,0.0
0.7444496509972681,0.37000108943487714,0.0172659156094609,-0.023457073195815827,0.5428832339637285,0.07204086797674794,-1.0059110743460673,-0.022830755199572735,-1.0609608502162542,-0.8151980750808199,0.29407761113699615,0.15479189029039914,0.03869675140691031,-0.04783190022179172,0.0622252339458059,0.0
0.7494167172954109,0.30805706505729763,0.042069884601041746,-0.039854246740211464,0.6650005773155937,0.12924410964506566,-0.9402692358656262,-0.10702077127405787,-1.039653562225243,-0.8204551240865046,0.18964925248923623,0.19668942444923027,0.0054259331259545775,0.1868598307282268,0.15542283376893665,0.0
0.7594903557889108,0.20018544672366465,0.08999082444574678,-0.09943728601485749,0.626685010488542,0.0915460482953187,-1.0075916296011171,-2.873280242222942e-05,-0.9793190741178389,-0.8102779206807327,0.07904374013096314,0.18159561974867078,0.02043754552503197,0.3351058173132713,0.2525679559997962,0.0
0.7953300041615714,0.22183486547426134,-0.010452134767516927,-0.05772958614499975,0.5671129209608053,0.11657947130942156,-1.0087205300381872,-0.10251058435011084,-0.9394141600639798,-0.8453183256022925,0.13928811494607857,0.026557771903292587,0.1456405736719851,0.2600706407135058,0.22458257227783995,0.0
0.6909020990864346,0.36294884411090084,0.005564202410921135,-0.1345471415106551,0.6338223888342918,0.12622630139373023,-0.9960306572626088,-0.10545406716258282,-1.0402725649090527,-0.7610347386510271,0.07553268583291414,0.14725051150032673,-0.007039535132069771,0.04019563651083638,0.25113881316709374,0.0
0.7186600463957072,0.290344039938232,0.06555244106393182,-0.07458701993832972,0.6255259303546988,0.07765455354966516,-1.0567034676304703,-0.16989907000424126,-1.0148883885781932,-0.9039041904198837,0.05584182232775298,-0.015390144561451671,0.05809226465679373,-0.008618439729075961,0.16901768564331,0.0
0.6783649745116659,0.29091945977553285,-0.053910369588958784,-0.013367372489996268,0.7122360223302874,0.11836795525801327,-1.0184767034287148,-0.09095669532691829,-0.9974716285697287,-0.7089143200240672,0.1503648053641659,0.05942730687917512,-0.030567400059284808,-0.0034623929937031886,0.022411463489418776,0.0
0.7324938815100959,0.29701056178224117,0.0550597332484022,0.010917918785623808,0.5857684957051283,0.19860411198602573,-0.9868157993195931,-0.17361415452764406,-1.0751436886001782,-0.8165964354816377,-0.10693034755662356,0.08535035449356596,0.1558021532186884,-0.027720032716724078,-0.006765930810489908,0.0
0.7582684360117286,0.3281719367195801,0.05970291677934938,0.010819859004231595,0.7287493842230897,0.1810557325469185,-0.9752497026781701,-0.26092158057318005,-0.9971260022458216,-0.746226682837381,-0.2431232424540677,0.13931916718255627,0.05439339162176472,-0.31749453139843514,-0.09668789743737191,0.0
0.6106529637396528,0.37021806647603345,-0.04505523161144258,-0.036188742237435685,0.5783179018143387,0.15263116107843658,-1.0132858184480324,-0.1928509865149927,-1.060457529681666,-0.8089428419130856,-0.2871868746688437,-0.024066365177944388,0.11404648494680013,-0.360959390933178,0.07572016789779103,0.0
0.7463094939772035,0.21468332663401107,0.027764424557572432,-0.06777301535706205,0.6434429166051028,0.13304113509962215,-0.9542530343852021,-0.22401609100049813,-0.9855588842532708,-0.695652438649558,-0.33563846495373323,0.0955847921303066,-0.07549003817639378,-0.3674556188770034,0.0153705997126546,0.0
0.7122944315271602,0.3392277135317175,0.04035826154697953,-0.1386462934748306,0.5721665443092419,0.27618373694091297,-0.9968577634475622,-0.21864262063959772,-0.9600270741101067,-0.7036471992597089,-0.31610065367018536,0.12559726529382728,-0.006307810556490566,-0.20425717071091523,0.03660486361336054,0.0
0.7036140716054974,0.2984711086301561,-0.01770286871866955,-0.06702732173572626,0.6882089404945683,0.22052038363049226,-0.9431055015811797,-0.3094868456752667,-0.9539989656414637,-0.7444401615307249,-0.26617541707448034,0.03131516576447685,0.08290628173752786,-0.18742612837446426,-0.02594034565104862,0.0
0.6785105827405138,0.3363709727024437,0.0285456482617158,-0.03188289974219015,0.6717784889671177,0.30591900262361893,-0.9382927449758012,-0.28882297680277547,-1.0836646192429047,-0.8005251974717144,-0.19480472494286488,0.025483417667769563,0.04336052335641394,-0.38716864751124896,-0.08886551659145202,0.0
0.7405216948741882,0.3241374613333828,0.016646541655616222,-0.06649340370260394,0.6307905777445777,0.2712500518593675,-1.0625805661455567,-0.22641375752240095,-0.9635407811029175,-0.6914245627864574,0.030132467511592126,0.12817263038751686,0.1303655802774888,-0.18520026423819907,-0.0990358119600051,0.0
0.7703784873967929,0.3149615945818025,0.04702498766504083,-0.05139220638590463,0.6237585646235464,0.21112367009164218,-0.9465130700935086,-0.3246832628542106,-1.0095218980100635,-0.7518818200602551,-0.08030213696428067,0.11677472361701523,0.024333390231736113,-0.2978220257592485,0.06823146346175239,0.0
0.7000396114151501,0.29377294242802954,0.1638315495555983,-0.05289490491357922,0.6197758811047177,0.2919980079592818,-0.9548930726601513,-0.39705416394345555,-1.0033804394886257,-0.7132428306728862,-0.10539318763539561,0.02989773283912068,-0.03136049412562039,-0.14509150607117696,0.026696586473198912,0.0
0.7082116227815757,0.32446950709844263,-0.019736112366735573,-0.002919627159396608,0.6120727524691645,0.3418219221698813,-0.9877148399473081,-0.3559863023853193,-0.9406999292514335,-0.725797975512154,-0.15616885730636085,-0.07189825470359579,0.13263051945642051,-0.12319117105007549,-0.06019190040384753,0.0
0.6520568159555743,0.34693070732304143,0.03264047193194803,-0.12465016026721706,0.6386621490263941,0.3420861028250586,-0.9234919461014321,-0.3114990791196436,-0.9444194508840009,-0.735193210021077,-0.14147865422036374,0.02312012114030835,0.04876638609646528,0.13293415048657398,-0.1485420531788554,0.0
0.7159841311885681,0.37025529508603805,-0.023947647057092694,-0.012730314419147223,0.6551535834024211,0.2636004791123019,-0.8933862473271252,-0.34139387619174383,-1.0268329866318142,-0.6640725776682221,-0.08502477735875508,-0.17117627076477018,0.18141247776623282,-0.05766132831767867,-0.14561410700133448,0.0
0.6878195933971343,0.32036305824177647,0.04500610142732718,0.0064984715593457,0.6176986050219441,0.3122319662244771,-0.9731198783815733,-0.3523461348435673,-1.0548041249857134,-0.7823066184040597,-0.07796858189275403,-0.22421793637176982,0.14676252392324537,0.10535830381132433,-0.16497655860808735,0.0
0.6453926777593864,0.33121717915807714,0.03452463456980915,-0.03723615034362666,0.6050741409807272,0.3540358457329185,-0.9442986653451074,-0.3912999750986831,-0.9307409771367532,-0.6964202414570351,-0.22646537261413074,-0.2788539385617423,0.02976726757101239,0.15624481287109115,-0.2768668903652245,0.0
0.7000408005842518,0.35723710325844854,0.003352441637916436,-0.062448554065633446,0.6415555572971997,0.3556844522750633,-1.0304522283517834,-0.46400185670241184,-0.9677465053722295,-0.6804988262529313,-0.19392315698164464,-0.09648452285851625,0.05694816201721549,-0.10584764779025047,-0.14269321704463836,0.0
0.7911814129409093,0.3320966406798208,-0.053294219582498706,0.03651850627339305,0.5892383685367534,0.37272794774083257,-0.9854326104215513,-0.3972827122249646,-0.9198750103473253,-0.7644577714708785,-0.06949998637249104,-0.1548658459455404,0.1723579015445821,-0.14833471410216192,-0.3461405937955446,0.0
0.6768162559493137,0.29730280561989186,0.0499642394131253,-0.033092073282720465,0.6330368223234686,0.40041838953207887,-0.95624767804574,-0.4943413555606609,-0.8829942049978637,-0.6376018328217098,-0.20055297544867592,-0.08835127421842236,0.02681633503409317,-0.21748712464115655,-0.2614083529328306,0.0
0.7955263602333766,0.2950318604661694,0.07489928947265936,-0.09085639500179366,0.6447355437725999,0.4457034789371288,-0.9753049414318069,-0.4341996414065288,-0.9136728454353549,-0.6257918968270995,-0.0021669150843393603,-0.05988351180992656,0.02059022837705629,-0.26271633680086864,-0.24229130147465,0.0
0.7389092292674874,0.372146326463351,0.006301128471046802,-0.030461730428145976,0.6504429299659882,0.3873173763080509,-0.9304706455713342,-0.4605563539080801,-0.9270871566346047,-0.6644266977817698,0.00877760537047898,-0.03648681318607244,0.15257379762501896,-0.2233131656151204,-0.1822347259284622,0.0
0.717610143943214,0.3553004174607167,0.11566353204271113,-0.07632544102625727,0.6743166708988058,0.2568855175252419,-0.9519537476135292,-0.5363611275160325,-0.8764633909755656,-0.5487989088000775,0.08690130286130433,0.07870038660306983,0.14393341102365997,-0.14698335593067405,-0.08331152186764523,0.0
0.7425713810092511,0.33593347310666277,0.10455989675327813,-0.003184728267609592,0.6191122652125381,0.457493553748257,-0.993260002305198,-0.48993871150443563,-0.9793684638819364,-0.4885653502696069,0.14756665126402913,-0.05567891115650553,0.06877571253570411,0.009502414304252707,0.0639487394205661,0.0
0.7325706611015195,0.3520336047579974,0.07530093508551061,-0.005920259047659665,0.6773650328097983,0.38505818601132924,-0.9339674630211316,-0.4498385356290418,-0.8507428405698128,-0.6043931366972431,0.2478573570957752,-0.14657380522657146,0.13431258253194933,-0.004617652388164871,0.0536278143893046,0.0
0.7484965958675891,0.39075949118386916,0.019342948133218216,-0.07457022132683722,0.7398730817299307,0.4331819155286669,-0.9243058804480678,-0.5637146136681236,-0.8982575230498329,-0.572715285918719,0.2748064804430328,-0.2398165165776539,0.1263558917065243,-0.1281900993489647,0.00043733003014244376,0.0
0.8351020959510669,0.38907673880931953,-0.05343560796841962,-0.06631485493934933,0.6786994248717159,0.5079972453700912,-0.8418521945824202,-0.47256221310611657,-0.8564517357654752,-0.5861047173734618,0.023959650600699156,-0.2775370972433585,0.008902089193502938,-0.23046727759244295,-0.14556707105129194,0.0
0.7518949497735404,0.3760129056321081,0.03146531913599119,-0.026992967998863488,0.6334026003560099,0.5331084865982485,-0.9788398224507706,-0.5840195391540335,-0.8467691433744188,-0.6174885733414601,0.012497311057283578,-0.23959960341407138,0.21786545537851348,0.010968636384713765,0.017754950699626598,0.0
0.6859639469438353,0.45959989406165247,0.038775539601827794,-0.026345416585758466,0.669526802644749,0.5448379143789727,-0.9647239856920136,-0.5303217398073407,-0.7755749979978028,-0.5610154636028851,0.006819702702836362,-0.25282177562606123,0.1496508126710407,0.05879015766937157,-0.03280142741554572,0.0
0.7512295421215529,0.3573321681772028,0.07150984666178231,0.05093803524103574,0.599220491423994,0.48870547286888727,-0.9775491852396424,-0.6480299890894581,-0.901930743973326,-0.586595674800648,0.0026687640282834282,-0.246849468920107,0.18829886531613566,-0.017391220663657524,-0.12542886270092973,0.0
0.7310028273553189,0.37666079617817744,0.09384194977221322,-0.05825880391429012,0.6063373902104174,0.5093815144379752,-0.9247190336455117,-0.6873329011668776,-0.7964748231758405,-0.5707609083863225,-0.16389423280030804,-0.19322924884769743,0.1140695443066002,-0.0891241582588781,-0.19065688443630527,0.0
0.8254986716781454,0.42424219482607006,0.0794619683729351,-0.1714049310256145,0.661626941693648,0.5566454924108587,-0.9952333419074043,-0.5835360111600512,-0.8138256115544873,-0.5328383388135752,-0.11164529093312071,-0.008030165763053945,0.06003271352748528,-0.08535934451818553,-0.04381448605392044,0.0
0.734691491058705,0.31698449041758187,0.0747917472116317,-0.018121081265535938,0.6210975256149559,0.5491825468349653,-0.9549122468099037,-0.6437056850082159,-0.7139700471785226,-0.5126664291969201,-0.07099243506459713,0.05132893891590092,0.027055299267545838,-0.06525861910774872,-0.07445565163751627,0.0
0.6672433322316856,0.2759414664452345,0.07020108955115642,0.014778369312391529,0.668628474820284,0.5472640759293375,-0.9233808532677514,-0.6929129351461965,-0.8243702953022902,-0.5498985509467006,-0.05369087887062106,0.007475598967422961,-0.021317842444395576,-0.01811987508812877,-0.15007960539199067,0.0
0.8517280981162282,0.40825317377770187,0.02626152963505301,0.007400837548653845,0.7569520518845111,0.5827350669692907,-0.9262988885406742,-0.6202954351694595,-0.7761089932641253,-0.5585822831501742,-0.07580410526843046,0.04182726960676505,-0.06471845789838446,-0.12129692365175089,-0.12056344132912912,0.0
0.5928451401170597,0.3426030584150223,0.0739602402989787,0.0362803103462335,0.6740960882320975,0.5905381010954782,-1.0063017474411111,-0.6320301470631818,-0.7291697407571711,-0.5884028850279541,0.046139968598842715,-0.002099789866663617,-0.20162899311722943,0.026437440307320814,-0.030590544799446194,0.0
0.7182545935970149,0.29792132140177585,-0.05390026660940592,0.0460143018334174,0.6355012697669414,0.6451441058345354,-0.9596866897377887,-0.7190409419855794,-0.8094155392969801,-0.5401723473301232,0.07258743702884568,-0.1849124449937475,-0.2167547599684044,-0.06771199189956961,0.0009431526478809737,0.0
0.673855079394673,0.3890197460657667,0.011785438204203642,-0.00849480053476417,0.6215085257305611,0.5255454506662642,-0.8992941217550134,-0.6475137740851193,-0.7845021918811457,-0.5901773981463598,0.09923250001540923,-0.01964560233518238,-0.42045487220175637,-0.15939357928543751,0.28468494370733205,0.0
0.797494085139426,0.34101202495951943,0.06885041271015016,-0.013572877232383146,0.7250560590264795,0.520878547137288,-0.9508832791637113,-0.778772449434983,-0.7523827685103835,-0.47689658902376686,0.07826036300811412,-0.07246854131771423,-0.5734723544587085,-0.07820334753406324,0.40962157649605657,0.0
0.7377244112819378,0.3460058471003397,0.006114995116627858,-0.05999380007723768,0.6208762263810539,0.5482248728421485,-0.8643117143088528,-0.7982628256790848,-0.8592503572687664,-0.4783690723265339,0.03033658377815846,-0.10079568745360065,-0.25280844704210587,-0.1893590668785422,0.4016762455122861,0.0
0.7227212663642791,0.38420484654178183,0.03127472159176236,-0.013239762468557726,0.4616193273451961,0.7011586837276531,-0.9152035823676229,-0.72461374228514,-0.6713950580626662,-0.48081380070649704,0.13068725059336705,-0.0188589507164032,-0.10424572106339561,-0.06279683133941877,0.08362537402293099,0.0
0.5945266848889809,0.32393558913698234,0.0859003217007347,-0.046846075238564114,0.7016331137496042,0.6075669528880361,-0.9478865452249462,-0.7549581168368296,-0.6793406670771727,-0.47401445175442547,0.049730578818450374,0.03142397392235413,0.03330665798733137,0.005215230204232299,0.13964284582801118,0.0
0.8122441284091062,0.2904670365247043,0.09722674101785098,-0.03442414238423928,0.6858143351872968,0.6651532787884253,-0.888907580844988,-0.7301442164852034,-0.6702334517382323,-0.3949696962732675,0.22111259102131106,0.09362692011499005,0.011301054946079725,-0.07105429243388803,0.0887882260037276,0.0
0.7782922807628503,0.2762197928249191,0.01901158318593224,-0.07906228458881466,0.6532108543134251,0.613340650661992,-0.8752456238738094,-0.8111697853683735,-0.7172990636568047,-0.45109912923276396,0.1991828376039093,0.2457390958498311,-0.07407506288420845,-0.2045395209336124,-0.014832344290511307,0.0
0.7382381087506744,0.3199473598565162,0.10356430270494504,-0.012812382942956481,0.5763287231358684,0.6974871564400661,-0.929588452903812,-0.8091145450681508,-0.6422991889086558,-0.5666673219326273,0.10343559263520245,0.09473863476236451,-0.06628766639625736,-0.160260869029544,-0.03110411613896517,0.0
0.7546393276234119,0.39366916628578635,0.15873644607987006,-0.07396869151884014,0.6099144690883656,0.6888662776864838,-0.8636454049527987,-0.8548386660173559,-0.6382226895249906,-0.4193304201306499,0.18721617854372874,0.09010749653875878,-0.02936184015065502,0.06373706519961117,-0.052708342070077976,0.0
0.7873614757488082,0.43931684576168745,0.09798830995643465,-0.026575999362616162,0.7406513328464913,0.7357580969127346,-0.8167911700904681,-0.7680913547280666,-0.6955999696178835,-0.44143136861372184,0.335269611697947,0.12048635066485144,0.1301042819074584,-0.24524462394738805,-0.052834937291078736,0.0
0.729510507864413,0.31681005540302476,0.126179326400148,-0.012071061213633837,0.6861760042698075,0.6526983923729468,-0.9752414330238173,-0.7288546902849258,-0.5938749695101805,-0.43705775755968285,0.24311674584293033,0.08706096631764838,0.256557332614437,-0.28255514088076117,0.09393133666404188,0.0
0.7305615129903943,0.3694255493387303,0.08179593832168808,0.0879762683343832,0.751986745102703,0.6776649543857908,-0.854718891608915,-0.8523584886199885,-0.6383951222286065,-0.43208990956709864,0.21584893418038886,-0.056321704737328226,0.09132230661757534,-0.19546123470175794,0.15707514987052074,0.0
0.7219255599772952,0.3971844322525688,0.08226543785419325,-0.11138751269933433,0.6783114306998927,0.6758236064753763,-0.888901255477287,-0.797369095839968,-0.5732318733370398,-0.3566778878407386,0.2418871358529136,-0.14195516753585097,0.0950065029227804,-0.09068459780914757,0.05497294983938354,0.0
0.7476596362656885,0.3817371937109624,0.05056609536693965,-0.05252462123047428,0.7682931914255351,0.6555557933518247,-0.7449433915624579,-0.9472028087294926,-0.6165053795092038,-0.44970449021548864,0.06470816486259291,-0.21416885490646176,0.16323573087404444,-0.15525873384634611,0.10265263719310375,0.0
0.8435024668728779,0.380824436564147,0.04624203790795344,-0.055741996720665404,0.6193531395242338,0.7556351531704515,-0.8382579700202895,-0.7414062305807056,-0.48691174090534567,-0.4109186488043144,0.08028902991838421,-0.12466985876183315,0.24259828471065897,-0.11368224006983159,0.0012896670641325825,0.0
0.719044165093199,0.34325808182151785,0.10195975685519612,0.004653503648749852,0.6860574912785841,0.6573637134824148,-0.9385084022065948,-0.9429581918111262,-0.5529842338720748,-0.4449641720268101,0.019340972696471517,-0.14301495906391162,0.19400863894755613,-0.019681888097468216,-0.1293573531563866,0.0
0.8331194926018185,0.4227274781224741,-0.037450182336883964,-0.10034906497941704,0.7331629185417454,0.7712554554054437,-0.8101112056279896,-0.880120306562802,-0.5992882972305996,-0.3383242509707969,-0.08967930433640281,-0.2311595694331564,-0.03950739827117539,0.06517985545024853,-0.12395354613248716,0.0
0.7411854360220616,0.42346714261598584,-0.05355480822420926,0.049986548184844326,0.6138925068378874,0.8465012907263395,-0.7905091473023644,-0.8599189576499465,-0.47369142662406083,-0.4293350228520289,-0.12973070594239075,-0.2632461503037362,-0.15766519746489407,8.147867875980819e-05,0.027089561673879672,0.0
0.8166984480277437,0.3034988426517888,0.09801573117180536,-0.029526245964969555,0.6192022391486629,0.8418623774857619,-0.9257302297698501,-0.9518877616800189,-0.420448818619325,-0.3300681830522676,-0.07666476349954111,-0.25383932646990964,-0.03304297782062758,-0.00020223654708754994,0.2173593699768886,0.0
0.7747030256172309,0.3592363154598888,0.08160572275468694,0.03236030981064004,0.6727685258283218,0.8516070391444966,-0.8777821519332282,-0.8628978579988674,-0.44275020832191114,-0.29732583750404595,-0.019150874696047412,-0.06268363135245976,0.16171224921946367,-0.11366199199976636,0.1936707166275295,0.0
0.8378583110072509,0.39503157186514265,0.10210821449991984,-0.003514815746505421,0.5844863815096308,0.7455946049981421,-0.8548869716502746,-0.8900797159811247,-0.5296404775375074,-0.3576947259866865,-0.04149141022477374,-0.16120292777653078,-0.13607967381972427,-0.23053026362842494,0.18482896782339575,0.0
0.7515946958715747,0.39592205571883266,0.1486783637553658,-0.0025432223211219428,0.5925792768902386,0.8250853018863278,-0.8473180045519375,-0.8896172985085661,-0.5290025846026226,-0.36756047106662026,0.18047149806524676,-0.0731067601781406,-0.04714059278616265,-0.25462360654569505,0.2534270617863092,0.0
0.785955113369185,0.43922242147632495,0.002117043391335033,-0.06687654440518875,0.798617347674215,0.8169057291961752,-0.8275511931264529,-0.915546898942958,-0.37673419839777617,-0.22859924153959346,0.24796283329626895,0.01593094394941555,-0.21891394103246234,-0.20915242264227338,0.15331525459054268,0.0
0.7194447781171036,0.48469068896198586,0.019298103958050483,0.10562889788419551,0.7699079312754787,0.8113640293415911,-0.83743049895962,-1.0352225081455564,-0.4455317368450841,-0.32615403259957815,0.07568630009157548,-0.006558840228944228,-0.20542360479915203,-0.24530477628251574,0.04150085995628219,0.0
0.8285131499373853,0.420973816154284,0.10423148115002615,-0.026455058747808298,0.6993171180175933,0.8441525284873418,-0.7632744771838571,-1.0020237145941482,-0.438730882885871,-0.3917239917711224,-0.0327804798838628,0.02895980057971979,-0.22873106081873612,-0.2624239175475028,0.12595112508885742,0.0
0.7819453970428801,0.3932151512701507,0.15419718594397963,0.06036742826194942,0.6766772587520908,0.860908448518068,-0.7908164620060477,-0.9469442727761644,-0.3606912867682016,-0.25712136056021334,0.017022260174368073,0.06955020367998238,-0.07175787677386111,-0.07814448905303477,0.05343685006837297,0.0
0.8518437984715386,0.3816135603352805,-0.05439631864417292,0.03477884291571501,0.63746107142626,0.8448404041587383,-0.770277935114201,-0.9096741039465671,-0.3939053327015316,-0.27490560108973544,0.04515108102133897,0.03279602143388276,0.03249910354151785,0.026580691383942583,-0.01396958612180188,0.0
0.7515029031088831,0.4683613840805607,0.04505879010087791,-0.07930814698902168,0.729166114302218,0.8805167672789275,-0.746371464933752,-0.9087931987890692,-0.3268040613122177,-0.20988584361397541,0.0450979752418647,0.035934500392627855,-0.21089411163518737,0.09297593299754046,-0.05457841404739301,0.0
0.8512932400229345,0.34121594164289965,0.024634627745542793,-0.022549620167824393,0.7239574356475721,0.8129381667757893,-0.8262047486537988,-0.9482323243975624,-0.331795907453912,-0.27890862441603165,-0.06972873882322073,-0.010357073210147942,-0.1164744485934979,0.08293429456897868,0.026413733496571556,0.0
0.7725104786411382,0.19456932307591163,0.10101514135227675,0.07593127976079406,0.7353868581479506,0.9001496263559485,-0.7682186549719371,-0.8922211234809566,-0.36965173222350683,-0.20402176169814312,0.011606306123175626,0.0984939657380927,-0.22162231692600082,0.12270379644442583,-0.001065853120834296,0.0
0.7196632608797234,0.3583051505300666,0.05476821965285764,0.0012261640687576325,0.7560536797028767,0.913616701007865,-0.8604235385047273,-1.0064468252592011,-0.3394007257813676,-0.2670527462531161,-0.0434567433650586,0.11442716883556173,-0.13657396837326338,0.25276754478450036,-0.2998960288362816,0.0
0.7810710436481956,0.5028264115011455,0.02973228552519308,0.06572807407802085,0.7632628104747043,0.936501189522567,-0.7696853550569167,-0.9788911086680688,-0.37485672359101163,-0.1434154186690224,-0.12753217481140752,-0.013886325001182365,-0.009076786966468284,-0.03715742312299658,-0.28164688920125486,0.0
0.8270531705582561,0.42951995484425176,0.09654466918995036,-0.015927103146607648,0.7100177876324647,0.9731967352932114,-0.6739992416698088,-0.9893779344147882,-0.3030537776139591,-0.16257262119302993,-0.17386322265898177,-0.07930460538731078,-0.15590950205798154,-0.12518416189967976,-0.2017868572016535,0.0
0.84710256956478,0.3588280004884752,0.11649506942366673,0.061386407606820764,0.777920996547304,1.0071172257952945,-0.7900250977791974,-0.9284257517233694,-0.2617822195022427,-0.08344677387183694,0.03684835735755959,-0.009269121102514932,-0.093759671718057,-0.1364193710311885,-0.13452216465706726,0.0
0.8170678745139988,0.30077840793224464,0.22121637422656762,0.006127387786489521,0.7646424972217002,0.9776932373456657,-0.7488595552832512,-0.9764838192908508,-0.27454528321982485,-0.10890901665087609,-0.006361260902647492,-0.06498170888724811,-0.09139055855035633,-0.04889868642758454,-0.039679222435591646,0.0
0.6992350408421024,0.38140598153909233,0.06085843227272329,-0.011209526811221386,0.6823569156708073,0.9224836901384457,-0.7398608833262341,-0.9371572180627354,-0.1813030490214883,-0.16505504963556655,0.113284797729279,-0.0027932605134653454,0.054560108761825765,0.013421107185651655,-0.1532083487185476,0.0
0.7717776529394054,0.3727102868516644,0.04170286893178807,-0.020618380579375876,0.7045467313254745,0.8638959291479267,-0.7109309923658057,-1.0429070119892947,-0.27131150087000155,-0.10598557202564048,-0.022333968358753856,-0.30219439384082697,0.0957814643100654,0.041483315099386985,-0.1833948152353982,0.0
0.7715553795571382,0.43060858346646264,-0.05644160781360685,0.027704666260098557,0.7225444704014083,0.8897629617209906,-0.7771159400736426,-1.028934039376155,-0.13380341104566573,-0.25667479588253217,0.07320024457198157,-0.2293048726794623,0.18942501553143287,0.24067679790869553,-0.0536479154560799,0.0
0.8603640145118847,0.34509672002255887,0.13064907416122779,-0.03466239215551822,0.7518268643020249,0.9647087373704278,-0.7809901017284335,-1.053693928868226,-0.20843493753197714,-0.15115873897139062,-0.09643673057943507,-0.181360017021818,0.035231937745854605,-0.008368362755376613,-0.06758416843834492,0.0
0.8345041457882975,0.42431210578225215,-0.07665402935543228,0.0015725030805646954,0.7154680292966249,0.9892735705486009,-0.769944506742422,-1.0382618860120252,-0.130201260982682,-0.1734919784967688,-0.09535896206672739,-0.22116036217115387,0.09628095681888058,-0.08947340066894512,0.05612386700184085,0.0
0.8514242279571023,0.48284312793057993,0.15152786355098852,0.049166722371994404,0.7176551588536972,0.9640654943619664,-0.6579285266097542,-0.9538739745796406,-0.16685146152865218,-0.08852670037726522,0.007576152494601668,-0.11277113703080417,0.17815186037296565,-0.04792303083315043,0.18210857127134902,0.0
0.8142965831986224,0.4322930692290575,0.01706753388740062,-0.0072507491333913005,0.6833627470881679,0.943117307584269,-0.7685845779619878,-1.0154570275153292,-0.06454308893908656,-0.06009177746194132,0.083435675986362,0.043848687671707576,0.29030106464507416,-0.10576132812488136,0.17972557296345798,0.0
0.8747489493953821,0.4707493098232725,0.12761992434467917,-0.044730081903837024,0.7419006592476802,1.0251183344608035,-0.7087211054137226,-0.9872841452369313,-0.1121205715326083,-0.13219113184316297,-0.018249104259925056,0.26041880914666,0.3218790224161129,0.044162520550979814,0.015411335600734002,0.0
0.847400689950458,0.36087252474072073,0.06210497610733344,0.0233156681899836,0.7194599532254476,0.958279932020762,-0.8138637436134427,-0.971876512187455,-0.0494604931411468,-0.0940662267001259,0.13500268857066094,0.3326945111080546,0.14180209708974073,0.14511311442511327,-0.14615367985081218,0.0
0.8471445733138526,0.3649966002663684,-0.0031482128765836087,-0.09244281869662077,0.7302834623211973,0.875553592016791,-0.6913445216825594,-1.0765552787933694,-0.09403329231926894,-0.08891744728465605,0.18976050778778747,0.2604047401191096,-0.0010862990439731574,0.3275087172945843,-0.10757512453551152,0.0
0.8204649690903415,0.3846102098848229,0.13908908021752273,-0.005899920908750496,0.7368681054446043,0.9549907631553752,-0.7701479907096509,-0.9983661953506382,-0.017611565118266857,-0.09222461812808765,0.12523403758276472,0.1478729638018181,-0.022039851450387157,0.32062004196471994,0.0119859425087884,0.0
0.8622809316490738,0.39868688290985993,-0.014083851550322601,0.05215396745460672,0.7986220992344981,1.02804647572369,-0.7716694218162623,-0.8968228278903018,-0.08885387444381453,-0.10136113333302191,-0.035822878501551664,0.14129625124076442,-0.10619832637464764,0.17795834605566954,-0.00803235076019459,0.0
0.8524939792963422,0.5497462900601203,0.01367039484465174,0.00634084460246985,0.7754474116670675,0.9222839127236575,-0.7000767148271247,-1.0944779980303643,-0.11580772100596938,-0.09141264614633945,-0.004747602601700526,-0.011011443575776728,-0.11997200222002732,0.09816763357327118,0.0347699104268314,0.0
0.7825142965117218,0.3353019555678174,0.08334347246189273,0.013271529665671262,0.7566641433704001,0.936309165942067,-0.6467939305276439,-0.9462058364511149,-0.0845374434756277,-0.05461404129269149,-0.10692855745013,0.18904358243524308,-0.20235075346790987,-0.10013996347583341,0.00239479730565878,0.0
0.8238511313335243,0.36708214480766593,0.08743855051107205,0.061639889989926255,0.8379197762849393,1.0584321012975466,-0.744738264658323,-1.0141236331357277,0.08253465915346152,-0.03470962503340232,-0.05154609654967997,0.11877957455557811,-0.1617364207549009,0.03063344857176148,0.14184350337447685,0.0
0.7514622157133231,0.4286555265637393,0.1398019153980184,-0.02568494146179199,0.7596556845442093,0.9869586665677859,-0.6559175312076274,-0.9852954028041412,0.014373031800529096,-0.050546878779319196,0.05694479642391518,0.29241579878808305,0.04948896672250734,0.1535795615171101,0.036686674099893804,0.0
0.7815702438603691,0.4072482730804157,0.10581575082780112,0.024538607979046553,0.7898865810132176,0.9045245518089338,-0.6601748360990426,-1.0329662819048253,0.0032757461419870154,0.04057594362675224,-0.12621981260452492,0.18084799935173518,0.1690548813402476,-0.06841549820863,0.04251477667861732,0.0
0.8984804187938721,0.5070383261449284,0.03855469142159977,0.04226141268179084,0.7577722449588759,0.9863959240198799,-0.6503360311970644,-1.0151669766183855,0.08472122252979163,-0.027299846860835607,0.0036514330651010035,-0.008193604064760468,0.13761372215270637,0.11457485126567273,0.039753224744639604,0.0
0.8752707774149513,0.5100423121590135,-0.036504332919728336,0.015870411942234725,0.8563177019985379,0.9820004815617958,-0.6261951366006604,-1.0024523941042718,0.12382260552406135,-0.009345847241398433,0.024218411323416775,0.05787052964027981,-0.051703385267838325,0.23185685792817284,0.04833149287788209,0.0
0.8196732829804754,0.47855715510289065,0.04801574534648481,0.031019355729966242,0.700640127248972,0.9909674111031026,-0.6567187239271914,-0.9793803198883011,0.07874701575400239,0.07884917285648362,0.04697061991812492,0.023963392247114315,-0.062184392053906495,0.2007864826369593,0.16102825666598652,0.0
0.8826243571608707,0.4297322733469195,0.08999173733381391,-0.03911850203960831,0.773803894460263,0.9286252343534445,-0.6254064961300361,-0.9358714324705155,0.15078582043735123,0.048305864490467844,-0.007599786226435652,-0.018022206380370682,-0.22465792422875533,0.10688370896820279,0.1743928830955018,0.0
0.8336795218942377,0.4244711971152142,0.047594605651619284,0.11845821985486549,0.7723868871120516,1.028979147783002,-0.5915557686521076,-0.9876749724146386,0.20031970731590806,0.08069119169325079,-0.008283386800377799,-0.08699609302591456,-0.4290795885224459,0.2000762715469313,0.2600820001222132,0.0
0.8327720384127902,0.47842435745286155,0.07352685205014417,0.03638649332233944,0.7592251208267078,1.0222235310797376,-0.5805189945640293,-1.007614677808879,0.10106024933808819,0.04948097868177367,0.012960337625475344,-0.09426193659393511,-0.2582039596220555,0.11616104621842716,0.3654006786373177,0.0
0.8818408528120433,0.30536943602500116,0.12842169398237524,0.02581556326779455,0.774315707162806,0.9230276108516597,-0.6073757500417751,-0.9736710068994069,0.14568292993738363,-0.028870209789273994,0.011654770101373089,-0.08967477555447867,-0.2690130565243932,0.07783621131958496,0.26060304448459903,0.0
0.8409993767480377,0.44274533049902276,0.025472334128886033,0.11955989602184518,0.7098541144776223,0.9970728632894463,-0.6445897648212833,-0.9737916274345225,0.24959625872276237,0.023978459319970682,-0.0474912011723726,-0.1296274636569309,-0.24399957371525022,0.12314442412174786,0.1707127998494421,0.0
0.7926763071759733,0.3146406057136166,0.06793845114305808,0.020616028743326686,0.6512036156572713,1.0282800321820051,-0.5894064884291481,-0.963293861174667,0.28114149824454737,0.14688232054412537,-0.22865730597437714,-0.19115959048013423,-0.2708065253998762,-0.021506437359391173,0.03053875554905147,0.0
0.8263313995098576,0.43116357262225075,0.14849189164563165,0.002767368868876796,0.764086289462412,1.0219810547313593,-0.5461196252011924,-0.9291019599662791,0.266323406698288,0.11415147475963887,-0.17586244919974778,-0.05737933627011278,-0.2847905747993148,-0.011046311033132531,0.10105568832584551,0.0
0.8157614526978308,0.4064466928079025,0.06748375932310376,-0.024326166024895304,0.7093927160595648,1.068351533062225,-0.5456525184447978,-1.0099876510722234,0.30692456204849206,0.012837145418195209,-0.09742990760329927,-0.17965938245111823,-0.32852389937535187,-0.109517973567079,0.05388904762960463,0.0
0.8247260393201538,0.4290392974044981,0.05457510067413533,0.13181027581230353,0.7978019068222609,1.065689820631581,-0.5872415740619497,-0.9753633868952523,0.25456622702857734,0.06710955031627366,-0.004279973033363124,0.05971944548209056,-0.3047145751680999,-0.12151841168134352,0.08214905198548222,0.0
0.8745760562957778,0.45866469311018654,0.06449291420896745,0.014871057462277485,0.792031572265855,0.9370978385458959,-0.6109088331532807,-0.90977751669496,0.2697347461859444,0.15067129731378265,0.15339907269470615,0.07229115871818234,-0.2762493663945483,-0.01998422549236932,0.09309873854201473,0.0
0.8113655226926698,0.4160222287983439,0.12760563864825758,-0.0576135911810399,0.7915557675972422,1.0565478449908787,-0.5639394823800657,-0.9623443140597089,0.2885956620999568,0.11791330561449308,0.0750432204662846,-0.033502633369750706,-0.39057837446074745,0.060018417689634125,0.14386853774594488,0.0
0.862596522932224,0.4113855839394441,0.05421095018088071,0.04749472191887649,0.8112694540051851,0.9321435532381964,-0.5037586396846354,-0.8797739709496134,0.3932212603654872,0.1625182232502933,-0.0450253482708781,0.02736118352353288,-0.33251483232753704,-0.011916648341851348,0.2217718677275171,0.0
0.7714588146688361,0.31021630634650776,0.09304717845574191,-0.016262073636054808,0.7379368695822891,1.0381467607144894,-0.6609363441626395,-0.8874831919489181,0.3991671565314804,0.22113885739791836,-0.06446616668370336,0.04503578393232423,-0.22669964163897735,0.168134030514931,0.09508611482337861,0.0
0.87576301851048,0.4327061446181741,0.12526524146975682,0.009969695048646733,0.7024935020773341,1.0709195182752003,-0.49604668467247803,-0.9069814563736296,0.3755265138708775,0.21394777345416563,-0.18312292037620434,0.028991914898485606,-0.07969638271033846,-0.006070377704161772,0.047182820179310726,0.0
0.8915625068890309,0.38980048327306427,0.05241702861987731,0.02247803864216785,0.6970346283664989,0.9806157861308247,-0.5172835701053654,-0.8994453363404042,0.3681549322130677,0.14365223711199737,-0.10138264414943454,0.025083688022228982,-0.188775530955756,0.041964740819394324,0.06566892409859043,0.0
0.7643770685365787,0.46707816159659904,0.10258561530939991,-0.0016905379019673886,0.7957594833166458,1.0005820838324,-0.5257652119523373,-0.8610780592478138,0.40289123379998804,0.14146407521566715,-0.1156294155000718,-0.011527400683853162,-0.10004525117479449,-0.056773244486011204,0.05244910464732838,0.0
0.8500440599073005,0.4765304771220868,0.11363819287214172,0.006409108712921012,0.8021811569199533,0.9237300221112253,-0.5030588830961173,-0.9000636012498983,0.4452823818132825,0.1622880594086411,0.024365796717756585,0.013025102950588415,0.17737412375413814,0.11375867290038094,0.22377640126421144,0.0
0.8390534565360106,0.44098196710490356,0.06315742641455306,-0.030134794001232937,0.7730519150026303,1.0145795050042017,-0.4537461037436476,-0.7835807798822815,0.3640768346431877,0.0659359013143839,-0.06771092945807008,-0.05658188266306642,0.1665459256087029,0.0068760272861976696,0.16150387631480123,0.0
0.9153004796857844,0.39860429807881254,0.11930435180574725,-0.014673084983800877,0.8124410686527063,1.0394745523754794,-0.4765456692776475,-0.8614125158532923,0.4890766603011921,0.23282884772090992,-0.1621039645249588,0.0128667574156495,0.16605752544683264,0.12193005955407019,0.08807558462812877,0.0
0.8406303843430332,0.42367764460729895,0.07838861642698788,0.049322567720321064,0.8333213672769655,0.9919925324562054,-0.5054686347124894,-0.7871177266133181,0.43125753920973703,0.2409991753810212,-0.06650577315845495,0.10200354807955742,0.014191401828711342,0.0900892054023528,0.0872890782528335,0.0
0.8939625698038582,0.49601384603093357,0.09482190585350847,-0.027207324725434148,0.8720294184020754,1.0273173540531972,-0.5659369207137753,-0.8046177132482328,0.5162909104493448,0.2928187546415994,-0.10512622139210333,0.06700739455717969,0.08606219294894814,0.19697707251483149,0.17042937544462716,0.0
0.870000467650096,0.38642637028535176,-0.008552048059262296,0.05261684159598079,0.8825071515521697,0.9305221310552986,-0.5330520821644432,-0.8285829537125744,0.455004874584261,0.28463963868301334,0.007594929213743995,-0.03891813849926746,0.14392517081148198,0.07800258731912355,-0.11320937560065056,0.0
0.8693082047758852,0.4043898186546978,0.13512364202423202,0.08347285060452528,0.7958698880496755,1.064300482438665,-0.45339461593666497,-0.7361722393182608,0.5075693994491409,0.2594257548359965,0.10631746205491022,0.06093943402470747,0.15857209566412028,0.12219959456647622,-0.22078308533348961,0.0
0.861080272771211,0.48254667802676254,0.13201080575562432,0.06588313403617971,0.8607814291091261,1.086910592013238,-0.5242673791046043,-0.8243092835002817,0.5276149285370213,0.1841364346759616,0.0474017154593455,0.1572632154797844,0.09420511543473326,0.0067624705453341455,-0.17709065849752526,0.0
0.9181976116012335,0.43429403837260244,0.10179318733764471,-0.0139745159169722,0.7875488338436176,0.8863780808482464,-0.4736583698273697,-0.7163708990123168,0.6100089826422167,0.1969389451505388,0.23292168585945278,0.05265458731099509,-0.05370736597395066,-0.1781431383188576,-0.12868433823327716,0.0
0.8495372749530744,0.4468737759492708,0.013629902559532461,0.036742371230260605,0.7892569319080807,1.0794845520039407,-0.42549449584875654,-0.7834669349255607,0.5914715971884128,0.27246090656707633,0.259716945946601,0.15447776814691389,-0.18713646028855796,-0.24729557492534182,-0.17967995338043438,0.0
0.9272586077931796,0.4789443951040237,0.07180506156264806,-0.04273056539877704,0.7334461963812726,0.9930656836896193,-0.45451334129691645,-0.6999389088698406,0.5721348006357527,0.3448837014558701,0.14255407581823085,0.24517950135620906,-0.24810372305236994,-0.09672463995163304,-0.1402999335056556,0.0
0.8967789164743108,0.4134838532205805,0.005458294236256059,0.005542109020425356,0.9046706674758099,1.0208336476209163,-0.46807825390224495,-0.7221250027542825,0.6471456601087563,0.2513640171212836,0.13899926124236187,-0.033193291102185885,-0.23512401398228375,-0.1147902671018627,-0.1484791616889083,0.0
0.9276628648552463,0.44478815882327283,0.05061813692629278,-0.024535980953872383,0.7259403973356139,0.9711403933603758,-0.38584626067645555,-0.7156184242835952,0.5630059502996504,0.27772449502836416,0.15673889476287417,-0.12125707159978509,-0.3086451525561098,-0.1718505582702895,-0.14113754736049489,0.0
0.9112834206417776,0.4575754757140136,0.1728381637821111,0.05077771575394224,0.7852541999419228,0.9752642645541492,-0.4545273185109108,-0.8140743358437101,0.5516793064439812,0.31705303177556754,0.2660052070113327,0.017237934813401787,-0.2876271665665163,-0.16764819701057748,-0.08008723354713942,0.0
0.9734008316807021,0.35054221819212605,0.08167781795324715,0.021649006162713973,0.7799359578713844,0.9706514629652863,-0.44942052780045144,-0.8099327100164457,0.659031350949151,0.3024037241086279,0.09032080308564167,-0.04501713918341216,-0.29750772706353223,-0.21408194357824067,-0.06735693393076819,0.0
0.9508018310217649,0.4714154219153491,0.11455841258221078,0.10445477246203472,0.8302348719718596,0.9544631210243945,-0.512317228859298,-0.7443951982403716,0.6766602348162153,0.31712577589635665,0.11542905321848225,-0.11536302742909085,-0.1340013163742263,-0.23784452691887603,-0.008960270593770948,0.0
0.8885913806501045,0.38890551989475514,0.15180720956772176,0.04437099097217969,0.9169261934720646,0.9262495774554779,-0.4674671110503701,-0.7716180511985621,0.6093262584869834,0.3534165801307863,0.27326717258169453,-0.08312364050805006,-0.08776928973917736,-0.18269114960337035,-0.13858804372187128,0.0
0.8585843771776072,0.4383846100955026,0.07750951125052472,0.03275577573304688,0.7807195820032354,0.96281645496171,-0.3379406133421782,-0.7422673679340233,0.6089845193215806,0.39109730741053805,0.21811799507428575,0.09775936437448313,-0.04910246823488816,0.04699316737622,-0.2127189071236589,0.0
0.8642320117254325,0.4374566321601921,0.12880209198133974,0.021876297492646565,0.8481498495396662,0.8888771570865893,-0.41355546295274104,-0.6634617973309633,0.8109993101908556,0.2933446492476042,0.20724301111756852,-0.13794033704163,-0.08994185322422263,0.10992176505817923,-0.2537319027243493,0.0
1.007698893776967,0.35266960093270744,0.07535321894164632,-0.012399711541872152,0.837312599483741,0.9619849594520606,-0.47160623278313557,-0.6345012441249513,0.675881285875189,0.32828046234479646,0.17126675584447854,0.03411931001780334,-0.12280039904057558,0.1654571680580798,-0.302067826406672,0.0
0.9473954779835111,0.37330505640383743,0.09342162991532782,0.07412496570757598,0.847300049302186,0.8894707404540121,-0.44362562895785673,-0.732161644890621,0.7405568448856217,0.3474128770646581,0.12440860920795094,0.15277516188585627,-0.08605780280804548,0.04047257780310211,-0.16502870783916757,0.0
0.8073453496154203,0.4771957515589055,0.11465996283872584,0.09194820352562234,0.7990306023258502,0.8817463789205384,-0.3704171914190496,-0.6737026577707621,0.8001537551110738,0.402820285255557,0.1262310401564113,0.18015259576021103,0.10708603640346293,0.011218263618144129,-0.03195181687929456,0.0
0.8408107650183974,0.46116450874253917,0.10528098243153922,0.16841924565063116,0.8648277509181759,0.9612968451241055,-0.4109474797139106,-0.7365745319914531,0.8162958246645777,0.35570638745046107,-0.021739669009036858,0.2213801241355312,0.1549003428037326,-0.016984133356472485,-0.0340161872507714,0.0
0.8874905505749223,0.39222279057242826,0.05440684955461733,-0.008332799306394266,0.8609701592251667,0.9469667566088081,-0.36204468801772677,-0.5700261850566021,0.8423668984222163,0.45419299034435157,-0.01742982610511167,0.16994470822444077,-0.1231506902564179,-0.19673918813564562,0.05273658519416771,0.0
0.8873094574702615,0.4751044966559302,0.010372159436228767,0.06654535558498545,0.8744306294272024,0.9278167412593276,-0.38574368889099325,-0.5926642419962304,0.6501320477976279,0.4033290818501891,0.09866474325956179,0.012245702438203734,-0.01410613437046021,-0.22356228870499642,-0.03474255375530843,0.0
0.8866959128370919,0.5101989208969434,0.10079478293974029,0.043671467630700046,0.8322907486728471,0.8703496029612747,-0.3546783996487243,-0.6598227564010286,0.6757943565341776,0.41836484315589506,-0.12298684120647412,0.05975115808982429,-0.14698779090195466,-0.24377434861737224,-0.09856064048360479,0.0
0.9058820396969375,0.5792979536413038,0.1420537052819873,0.10019052845151541,0.8700377820769944,0.8752550049782678,-0.315442921964737,-0.48814487124914735,0.7484851839060338,0.3803899519016683,-0.1586622545339736,-0.005156801195898515,-0.08693295973196824,-0.26850888212179314,-0.003836824360339719,0.0
0.9580669878170578,0.4111026132563274,0.08301522935642847,-0.055810827681594774,0.8707227200623684,0.9803062690154132,-0.3815471470482845,-0.610474729321743,0.711858648096471,0.49532795303175003,0.009913927991595739,0.07520906231903213,0.059718373894976806,-0.12901912416904585,-0.033069889854716226,0.0
0.8015347527286505,0.37507905870309666,0.09932805782965015,-0.007027961357011912,0.804766030299407,0.8479762661675799,-0.3815098411357274,-0.6048135961996554,0.9204630442585855,0.41006537368511187,0.09528969777017471,-0.10105267037854322,-0.11136107145374408,-0.2945087383736516,0.03239828938187771,0.0
0.931843270654924,0.4261982775039442,0.08542304347533305,0.009328816203986748,0.8728275854678212,0.905899803273414,-0.263354943059822,-0.5156612148436918,0.8145035327825916,0.5196111256942888,-0.19214974959967257,-0.05278073395364831,-0.021941306986026962,-0.0360944281075358,0.10830449417982507,0.0
0.902393833776909,0.5109736399475912,0.08152304458414145,-0.07162984761896021,0.7384258363553946,0.9398008587857175,-0.2824653861144189,-0.5955517061611943,0.7544983955666643,0.4614504351026017,0.04410913335296188,-6.739422659379074e-05,-0.03004590456502003,0.005921035819655744,-0.07640110142018841,0.0
0.9207501756611436,0.4736978570196565,0.08000589449745601,0.06418590139725308,0.8715511760419383,0.9381052187964127,-0.29989409765489017,-0.554675412297866,0.8515129306199696,0.495293162644734,0.13434743827577178,-0.08687620449448043,-0.11356175373668927,-0.0715735779715987,0.04014220048901382,0.0
0.9141664307375255,0.5373903420891967,0.060339873287847914,0.08325957729165495,0.8714601828366532,0.8218353910857591,-0.24895548726362904,-0.4708731834827631,0.825773112823149,0.4624210086474358,0.2966768650696592,-0.07208688668211483,-0.1513855693905676,0.04435797009517357,0.05686844697588088,0.0
0.9032116617998394,0.5331753953618538,-0.0010696450441826794,0.05088777874369681,0.7946724424100657,0.95345935545942,-0.285502069033848,-0.4955346376822967,0.7987574649084718,0.4722835972812391,0.3206681364126856,-0.022307337708218317,-0.2098823266096359,0.10806546309530823,-0.025666009334981657,0.0
0.8644306188325764,0.5315914451251476,0.17004098945022053,0.05237987373745501,0.8817350484834388,0.9335065527249263,-0.30638085477854277,-0.37846374257281823,0.8697684187122039,0.49052529797358096,0.26161151206272476,0.05521722913758199,-0.11971583971027017,0.007206483160559801,0.05450233843033691,0.0
0.8976059004511041,0.4688507453785843,0.106961860258798,0.10903066276202183,0.8305783348550917,0.832647483265222,-0.24492393451445335,-0.5274988832151498,0.8190974654913811,0.5185307515844786,0.3425759545639232,-0.0716298242002803,-0.03531056162002929,0.06622163660146202,-0.06676674982970343,0.0
0.9482132843041874,0.42469033357296815,0.2218568234474929,0.05880256431887721,0.8774371530370033,0.8581603985581124,-0.2549151140464903,-0.4983441669493721,0.9340618867479438,0.5746778439401168,0.28327487921500544,-0.01098005657356229,0.2413911460549717,0.1935913147843452,0.01101018121804128,0.0
0.9322924716462593,0.4518839301077146,0.1212905425537591,-0.007001120909986461,0.8791152712205157,0.7827128401846868,-0.25477753868319464,-0.5039815058768186,0.8785340988891546,0.5422455770831826,0.09290049078051374,-0.1294231027256593,0.3407189055242265,0.020725009698035646,0.02569618385007101,0.0
0.8974192059335553,0.4365582270260337,0.09149303548254079,0.017306183591099103,0.8123621023666416,0.8289915805767908,-0.2401975004420514,-0.37049480621318426,0.8558029315886251,0.492690770164129,0.09640649313072025,-0.08746429796085806,0.0488587831047638,0.09808339712068492,-0.08505559656373837,0.0
0.9271192717113482,0.5394235049299805,0.16903880603324917,0.054128829883777305,0.9284592861280603,0.7935348930194134,-0.2849547307711672,-0.42597725916887264,0.9845438361744366,0.539952267170967,-0.026872035951261114,-0.10892254685506275,0.04005851851459725,-0.05886971343533007,0.18698437529912426,0.0
0.9073659432007046,0.472864831007554,0.13722532173107463,0.06148966417600564,0.8863950102769896,0.7957904194265311,-0.2594551839110157,-0.45104953909365336,0.8627837897099299,0.5665208067828242,0.015725647991330326,-0.009900847903451096,0.2576100087457782,0.01650023739822591,0.307651634440001,0.0
0.8914693286290201,0.5127106219165197,0.09611192251882264,0.07653881716678357,0.8712484941960675,0.8352322230525135,-0.21308571072662158,-0.2994532746441722,0.930252501754402,0.6479693136914083,0.011994003854082263,0.05675669793843189,0.08213065798294023,0.19709993337186754,0.314214279097064,0.0
0.8859383721203007,0.46153933445218714,0.11339336535636253,0.08790139481822387,0.8690811939783799,0.7690035341943972,-0.1827132992512185,-0.37996014546364676,1.0044098965474169,0.6208070412592519,0.04044250469222461,0.15658660630880522,0.05153968481152669,0.30565958472605925,0.330798337271716,0.0
0.9793991628018912,0.45751634914453027,0.21358427618063547,0.1567430628115665,0.9140337999396501,0.7941219793391933,-0.22780685976193413,-0.38430486493540683,0.9693511749705646,0.6017826830827961,0.07439116179269342,0.16584733979371136,0.1138650629511414,0.22331150375736877,0.38607374072838474,0.0
0.8803384131375247,0.40576897541173756,0.10053681644095383,0.04209353164306903,0.841194108659957,0.8491072477026773,-0.163132556365728,-0.37702909889848646,0.9208987925506996,0.6714427262549083,0.10845040075738824,0.2723143262185144,-0.17066927041914193,0.06747367691352593,0.17632522939493142,0.0
0.9852825797444307,0.5207840357810938,0.08274530667657823,0.035566399585496206,0.7844697185227917,0.7452193788112121,-0.18641112973376128,-0.30247391300092313,0.9218271196579346,0.6395677871654077,0.36967701244023465,0.2171476154256908,-0.11348397168066145,0.11547619961141821,0.23465890390128047,0.0
0.9482595423160165,0.4195204106800172,0.05771530004879555,0.09405852370016828,0.8830891961095102,0.6712606569013682,-0.15971180274927863,-0.32231676178633184,0.9507983195675667,0.6576695148796489,0.2602618396305494,0.15239964162830844,-0.11471817732284169,0.08413619220744163,0.19443786296566568,0.0
0.9461726409597468,0.47922955757995095,0.08630652734718845,0.00292767063778554,0.9118751098776641,0.6991875721648821,-0.21261757777048462,-0.30966826923688306,0.8781127097027772,0.6899571041098763,0.28862737210833644,0.24456502802316954,0.046067310848606144,0.11442265122700736,0.2034809604191003,0.0
0.9408788941612373,0.4313267823014479,0.16252089476348225,0.10100942063569035,0.8654459210698748,0.7224619636829939,-0.19938887074980494,-0.2515899217156483,0.958434580816015,0.5676672539164075,0.19240009029065785,0.11839007213478817,0.15005869347610143,0.03884256048152775,0.08492610986215332,0.0
0.9822329723030223,0.41576103488399074,0.0880377958835629,0.11854187139000451,0.8932494630012103,0.6725899949253747,-0.1680505084743504,-0.34917654000023407,0.977273768767225,0.6389981896221546,0.16327631505380596,0.13874866622630672,0.15809929172973763,0.1260963791880626,-0.019388462828716438,0.0
0.9373076269445663,0.36809712109239373,0.20041005248297183,0.05119812696071311,0.9090744498524508,0.8209228218801278,-0.13408574623199035,-0.25006946010862535,1.046359282771587,0.6841829545071565,0.04782732272562934,0.15227603047687768,0.20080116786154462,0.10329760630808993,0.26205928669413003,0.0
1.007790847008302,0.45382556217262976,0.07719493401451025,0.16396617092685045,0.8760158938278156,0.7168191144182682,-0.09438162901259578,-0.13812356279797328,1.0318271706057405,0.671261187748849,0.2217902307504669,0.17452774128130955,0.14673148044449486,0.1698969649661461,0.11320600486384651,0.0
0.9223860329819223,0.41248371171633624,0.14448133306041494,0.16671594240062504,0.8954812157578205,0.6539883816313906,-0.14451091255536064,-0.10302259465866268,0.9239745939221897,0.700413681519677,0.22941278233428183,0.12355202280923966,0.13907383806156945,0.041682956156502235,0.16322778278496608,0.0
0.8939282970554052,0.4978552697163213,0.14128201436219187,0.18120963007492752,0.8567497356051388,0.73317162297033,-0.1771552443152797,-0.1778965635922075,1.0047118693465853,0.6728876117742941,0.11287057397428593,0.03443001958957763,0.13423876127299056,0.02256966478812034,0.021293641665645208,0.0
0.8749113707261501,0.5188762532367301,0.10189866337388001,0.09356907718149013,0.9035417394170867,0.5869212225086171,-0.10314554161199986,-0.09789451691529506,0.9806445209153558,0.6899408732919049,0.1667783053205471,0.11740908089062424,0.18235588257310903,0.02285906735213317,0.0002609356380716774,0.0
0.951015591654835,0.50992352665627,0.05906803932120791,0.05757919093012021,0.8777311165204057,0.7646948296013188,-0.05591382386672865,-0.24684837674949425,1.0549221905324693,0.7757667011531078,0.04958701909458284,0.08327816474393378,0.26095671076445626,0.11591938363860405,-0.04521612147302206,0.0
0.9338831030560345,0.4705000859496715,0.1893596039696069,0.1002283506479971,0.9431206334208869,0.655226781389664,-0.11448477028597939,-0.07985750794665432,0.9645148980823067,0.8335619229736242,0.006131733998329711,0.014672136411619865,0.21794166325317235,0.1558986847521541,-0.03751785309109774,0.0
1.0635107093967722,0.47335315524697796,0.10751242709901494,0.04705063190292941,0.9258067995038074,0.7737985143718091,-0.13334191779440643,-0.042124912202124526,0.9570033646284327,0.7530242416754258,-0.007040400899258691,-0.0858939696097511,0.2805842258489004,0.13866754887670094,0.19575704774090166,0.0
0.9465285660316104,0.5287326656541843,0.1129967421823833,0.13454422956267206,0.8725832754065516,0.5471623150856759,-0.09854569534699381,-0.09795938426099965,0.7917686140112556,0.7420897156645878,-0.0812973658114456,-0.15146898012528542,0.2670027961727628,0.1308356836335771,0.19188907665248633,0.0
0.8754628312281844,0.41759159652526645,0.19497612862441638,0.11516499679618425,0.9400499412623946,0.5830411840807662,0.0008284150082917136,-0.1615843266650876,0.9193674293124983,0.6926199013923785,-0.01586329934764951,-0.24402789939436187,0.12240397011286584,0.14462655356753118,0.3671808514779742,0.0
0.9456974853027986,0.47720614831350994,0.12862232362591638,0.06213109103844165,0.8799690191499772,0.6387435089923854,-0.050654071994682616,-0.06846707426631742,1.0410872304289307,0.6189495526919864,-0.17310014842702826,-0.08872123210823828,0.07387403229148581,0.08383656255094844,0.5014139177201719,0.0
0.9570391903117267,0.48947281645109214,0.2078342661751591,0.12529353400849086,0.8369116215105379,0.6042992002473191,-0.08165523300720544,-0.049069163693717346,1.0124960725107246,0.6872443291805451,-0.20031543944200225,0.01576909933478878,-0.06570574759938078,0.09976157197071288,0.32951968282461463,0.0
1.042936078495662,0.474660596655942,0.178231621235039,0.15951803993853614,0.858557045948756,0.5711209918710268,-0.08597511062903179,0.018196814145966515,1.0207148068782925,0.6744570450522811,-0.2660782447581071,-0.0434135835673829,0.04473691824459436,0.1864054143014588,0.17621876328077687,0.0
0.9689179008383257,0.5502380621669546,0.08247933500930926,0.04924524627055391,0.9031048431399141,0.6709262044562756,-0.05434951885357167,0.012221552600234366,1.049648746090444,0.7813596914458257,0.009993991389154022,-0.08342343075386059,0.04277793885525748,0.2187083146014126,0.040340028370353956,0.0
0.9051984671284858,0.5999328069642091,0.16545542481012412,0.05094120845572811,0.899928826901286,0.5413188427352947,-0.07128736721623281,0.015522438262212616,0.940750707638637,0.6885261192971994,-0.033177186198254056,0.12275995990486133,-0.013311632681218155,0.22921579497964428,-0.12464098105108476,0.0
0.9463613861195934,0.5248700615770407,0.12939302509944464,0.048019840534991545,0.8830464564965045,0.5212824624294802,0.007492337494441323,0.040634243692649064,0.9661836227581438,0.8129967850812451,0.12904057269121538,0.0776952577297826,-0.11789421019127416,0.20769707110784585,0.16253336927020368,0.0
1.0010669743862182,0.5471805364275188,0.16336424796789856,0.0667222731011604,0.8475828149251845,0.4835982561404758,-0.03343559297055596,0.06666710403564727,0.9884492649104245,0.771654185765071,0.08740343865568748,-0.02161145343347764,0.035152069126930294,0.2986986295218568,0.05279903470495899,0.0
0.9640467673621023,0.5199557514198545,0.1028798938306496,0.04844788624419494,0.9733097260468913,0.5510857304774166,-0.03579882945221902,0.0924796385982852,1.016449102496075,0.9016988953195039,-0.14241276745691941,0.12751881294787412,0.1129498674587103,0.2321976460314009,0.0923360019663425,0.0
0.9562626656376992,0.5606664951437558,0.0928908464921976,-0.06093103001950548,0.8960572219545966,0.49014633654829104,0.0135553272914202,0.06793255409915583,1.0556324537822324,0.8417713118226725,0.0008937963846382263,0.023062850024252485,0.2742201029812338,0.24066224300074507,0.19921621670777095,0.0
0.9771826749796277,0.4536956002225683,0.1577246698531502,0.010444903543056577,0.9314545571687208,0.49659788740472793,0.006900923495741739,0.21927518547524177,1.0880398390224335,0.8358293044353263,0.1187643621838113,0.057642185883901895,0.26189563646548225,0.24490408753931314,0.2935021743117543,0.0
0.9695497978132979,0.5026221519242057,0.18817724425185328,0.08412081652021833,0.9862181982357191,0.5112078924399597,-0.08991684636101607,0.15210471043998608,1.0625811650472752,0.7343481868197482,0.0047726913202838644,-0.030765850330209177,0.16908572902820695,0.16231676300525447,0.08298053962311104,0.0
0.8985721554327473,0.5035080031969728,0.13088062354066407,0.07644434665652579,0.9863694245789248,0.45711232057222956,-0.04515567060093934,0.17355304964967747,1.006789422307623,0.8800042893811013,-0.22078876160209315,-0.007769163373167815,0.12158965939610727,0.3276889152575785,0.035337952023509527,0.0
0.9825803319942882,0.6035481410078929,0.15882528198787169,0.008720510608679621,0.9490789842276898,0.41641106239454223,0.028537876425562287,0.21121571835931102,0.9838370308546992,0.747540832382073,-0.18989761241115163,-0.056605148649849495,-0.18415444450822,0.1570392835226176,0.02594954363477345,0.0
0.953171537066626,0.511878475399669,0.15241850888265782,0.028822720733968653,0.8692321815142534,0.4882363395472886,0.09517514655025301,0.1731867010222513,0.9395350299586595,0.7357032639662198,-0.1835038810147007,0.11476091457926152,-0.18743740429844047,0.022905227329852007,-0.2142916020080799,0.0
1.0388650324499575,0.5495821741427281,0.16335093444522733,0.15207347773422467,0.8987013481763553,0.4080330691841782,0.009994637025815913,0.22876601925542442,0.9773559310110576,0.9270718819743651,-0.11690988895047094,0.050783209368817334,-0.06688253308723723,-0.20198558728259183,-0.2135761614729602,0.0
1.0116550544073626,0.49314331873570605,0.08524447019968698,0.1042590998193719,0.8663540013974219,0.3952221090603646,-0.01941637256375233,0.243218254245711,0.9679748041267436,0.8425502687928933,-0.07824757681965233,0.10716528721457438,-0.004854514008860479,-0.28940282314108856,-0.1542973252895251,0.0
1.0537425986727351,0.5579789139499791,0.1747897328468597,0.04643272429395909,0.848757825703147,0.5029196542987431,0.07315513612875703,0.20369885292485912,1.0333073353816116,0.8411299458582117,0.024750241390413097,0.09378516763154343,-0.0731191248054871,-0.22614750700400868,-0.028506842862359258,0.0
0.9093403208388537,0.48419713050169083,0.0637428668656516,0.13510133619573272,0.9751110692351218,0.4364975904117393,0.07926150177578195,0.24485044154123173,0.9329263940612793,0.8027842507419731,-0.02168093434314931,-0.016129726139778644,-0.17780288233414396,-0.12580040635546574,-0.14358143913599114,0.0
1.0167357999768871,0.49469347983380924,0.034525255038544006,0.08231440569288294,0.8665211390001625,0.4459223556842927,0.06238145514632148,0.28979163715352807,0.9718266703392655,0.8912645327200206,-0.10846248301278888,0.13529108018399502,-0.178045995756708,-0.259092189534129,-0.12629976653215308,0.0
1.0113117943226129,0.5404437173163735,0.09916155075120538,0.08435076272180941,1.014701276102077,0.3599245219821999,0.06996011229267508,0.3782277755429896,0.8239996919610435,0.7928833424786388,-0.05310293655497106,0.13973893589630784,-0.07471043719724271,-0.1392707967637694,-0.1592900044081454,0.0
1.06050554387111,0.641116410951156,0.20046665250524615,0.04757228668254596,0.9176352889989444,0.2848168219812261,0.016518616330275418,0.4213563806962324,0.9735234114040097,0.8145773909899723,-0.1020872057857107,0.05638620453533677,0.014665021839238297,-0.011631886840871145,0.039325376159092706,0.0
0.9402156415540042,0.5734912104313211,0.09249918452857385,0.030406579061354584,0.9469005574501155,0.3519520853377482,0.17689111101063026,0.3038798383534309,1.0694920795667362,0.8391031411782521,-0.3331506716104882,0.0948776311697049,0.09492951039271583,-0.1335542637424726,-0.09131639163173988,0.0
0.9374007000094182,0.4243911691847734,0.17568514512727623,0.060433715644932766,0.9354880496641698,0.3233446130104391,0.00764207425370432,0.4205232821850909,1.0086773913329734,0.8628182151800545,-0.07759413276808788,0.11016686276613313,0.20035577357956735,-0.04805185724137556,-0.05587799948976446,0.0
0.9938635966344918,0.5444337581421481,0.19299492711247665,0.12280456114896643,0.9403351370833254,0.2864883475161142,0.0758595733545065,0.3132846749537982,0.9717244145190614,0.9106791987151654,-0.1714578188057268,-0.06323392215278226,0.09893307786743107,-0.0594866300578676,-0.1846960758338537,0.0
1.103938680634008,0.5380754429085227,0.22163591780176695,0.07762787807076316,0.8778535216325272,0.36813531929986143,0.1352382664309038,0.33546506090741807,0.981541250355883,0.886402960964847,-0.13701723749354042,0.006701345106808698,-0.14856088494913616,-0.04171432672566233,-0.26671800793512335,0.0
1.0185983224629853,0.5711266073472214,0.06383438385002893,0.011451221387455315,0.9193801325824157,0.312849462723324,0.038994362770480365,0.3695188010307557,0.8639302978181278,0.8738646229152142,-0.17364792661112677,-0.005959754094202066,-0.1649806707033754,-0.15921468675733952,-0.4575081270033551,0.0
1.012053732990994,0.5388407607328115,0.17476637096557324,0.11251158574004569,0.9608336094194193,0.3178008093159651,0.005977174975478131,0.3917335724367153,0.9272962376638063,0.8771965431537725,-0.09897533279016865,0.0020476599439500824,-0.1231578342657125,-0.1289922303198356,-0.2804642455253526,0.0
1.0276003954626396,0.45644604335933475,0.08763696022064128,-0.046378028892230055,0.9729427386629869,0.2815187422448245,0.1921668130542526,0.37607161832964875,0.9287544508538336,0.9375300147349844,-0.1744098047350156,0.0218650023756876,-0.22157651821360808,-0.004317951436712972,-0.30791842128016356,0.0
1.015633632016664,0.6177735431454715,0.19468073230384186,0.06404707935215492,0.9537417906665987,0.22228321314487098,0.15196069432251025,0.47722593793497314,0.8832087529449513,0.87462896125388,-0.22779984724524316,0.1210517366799958,-0.20984593997898573,-0.05350907611252491,-0.3613064765174254,0.0
0.9254923417357865,0.5450406233306824,0.1472108398307738,0.10205453530092892,0.9523402592765252,0.1305929480210301,0.09169214331604585,0.3872270088675532,0.7827514560328102,0.8417924366189203,-0.15886932281008956,0.1094447423111461,-0.10371701346705471,-0.08980993619968712,-0.24376390997739894,0.0
0.9811217068680582,0.5641824038725445,0.1351400783876761,0.08234123426026925,0.97321379779914,0.14995781284044946,0.11159895767959085,0.5170873845137353,0.8330893914322758,1.023211389145233,-0.1397099389035957,-0.00802501999774305,-0.07347658303510031,0.005303067018648057,-0.30363239260739294,0.0
1.0807861454971373,0.5807020266995663,0.15002187895468347,0.1159489319504592,0.9643129204151831,0.20905131998684465,0.10515915373230424,0.4869156506676332,0.9102311355852317,0.9651979715473112,-0.22540271867250222,0.036906910667963,-0.22349518462930387,0.07267236037720325,-0.34014927468528094,0.0
1.019892081633873,0.5753147205851394,0.19925241355732187,0.08086732684202082,0.9140650987799659,0.22273292598654734,0.15581372982926056,0.46667549841913214,0.9239509931296992,0.9643287876215316,-0.26827017628268324,-0.12259285902242212,-0.23658246756644472,0.061809415859827646,-0.0723301679561642,0.0
1.0170522780032127,0.5452123591066976,0.11669133704905127,0.058928866525246176,0.9648555210678074,0.10416563207995791,0.13457248650698939,0.4474150012092755,0.8490908976516024,0.990030144843418,-0.19900304120982537,-0.05678035844312734,-0.16011360371688643,0.08908093211221328,0.12997175402624078,0.0
1.038264335799534,0.47062141465066243,0.1784069561770179,0.020703312719852082,1.0249133891427757,0.14028117645760196,0.18502085027904963,0.5177043609179715,0.8460715111430568,0.867673337403066,-0.1833717818760227,-0.028723710508822126,-0.1697536085530958,0.2542412889849998,0.05890752640146795,0.0
0.9981496027027913,0.5348490431428341,0.17168166182362926,-0.004307369251524376,0.8820778136838743,0.13935791430337502,0.3363498815548369,0.5277884915942883,0.8367358298020127,0.9641913005485676,-0.16714176320452964,0.08503624729810501,-0.11283797798829633,0.13376418164375742,0.1455994174152315,0.0
0.9576980249374835,0.518275687417414,0.14085465915624656,0.14120840873145846,0.8731011959330308,0.10486190412508488,0.2070926131222552,0.6664248535125556,0.7907173739692654,0.9350059111578632,-0.20186602482856403,0.08876258866491497,-0.18861956661487378,0.28940107568262796,0.3049463752583865,0.0
0.9902306774921832,0.6048938333589426,0.17994077964374075,0.10322175737246167,0.9912767826168772,0.16687832980444164,0.1470599143052473,0.5558922853431287,0.7548051972995855,0.9803587539285229,0.06802440999822676,0.027002333352577693,-0.20547131793061763,0.29936389042979733,0.16963146848367286,0.0
1.0380194011229265,0.6384030383867616,0.13720390340409355,0.1219664058341296,0.9599396711647867,0.17634204617970323,0.2422474885873132,0.5527985859003645,0.7860919880269049,0.9751169505341722,-0.1524915027453984,-0.028755692008553574,-0.07927475781937333,0.25955504109490524,0.2399051981322145,0.0
0.9355678363795532,0.5851038187667377,0.1830259804696234,0.09225011599472283,0.976708487373708,0.09291649445390443,0.16501565201249094,0.660150552373274,0.7467497340821349,0.9261713491926707,-0.1860342286036485,-0.004370179486709905,0.04853022826876139,0.2438967803084604,0.18406513005740577,0.0
1.013757455064849,0.6091572022358496,0.1191965133672491,0.13142247366599288,0.9005964431842803,0.09102001182491966,0.26170864511466696,0.6009801113568531,0.7459589089573787,0.8903090718117567,-0.2963918089472831,-0.08787404617286051,-0.06590058938633564,0.2916619780338276,0.04183964996780665,0.0
1.0218553132665695,0.4748170112321826,0.1575828563088812,0.15294641152717064,0.9784429436572778,0.05212064840139262,0.25376174899456994,0.6031448952754476,0.806489525477244,0.9176227527379021,-0.26090502328114396,0.03367803478360948,-0.10751856889641112,0.245101679071356,-0.04381977292251442,0.0
1.0792620568931424,0.5207296852936637,0.13300625470343874,0.12579417991869196,1.0554469604314463,-0.021552748657676493,0.2516014694627364,0.6184463262373967,0.6542937044044096,0.9798776131901001,-0.13579347917527426,0.17805342997787893,-0.012065853033624285,0.31203005645612575,0.13486616711738142,0.0
1.0340719211805347,0.5972382005501343,0.14111293534369568,0.13491370323105611,0.9799567076713187,0.036192516852292994,0.2894613332032879,0.684279924031471,0.7767086338384599,1.0028778287677618,-0.13238662413311364,0.08302636226208263,0.006820909972875879,0.12255388251960442,0.1141294553741978,0.0
0.9713682269120862,0.5369303341911619,0.1408486224549457,0.18095678248425423,0.9758059146369921,-0.014938937452608714,0.28432034632370323,0.741990433203283,0.7525881922131319,0.9431964044777471,-0.17127032082814975,0.027117596031172156,-0.04132662189924779,-0.06464963485625054,0.04777423509005,0.0
1.0055259137174817,0.5683715434947826,0.09576420519487591,0.13629896047476342,1.028809028573084,0.0589449338552654,0.32910300529446235,0.8249328116519137,0.6877124731517081,1.0081805223446354,-0.2651294376425864,0.020096865731201778,0.046177344256465976,-0.1694150679107218,0.05556011064060035,0.0
1.0389329883817788,0.557017858708159,0.14875586122083861,0.1201932149932602,1.033408030169707,0.058451824157506084,0.25949059995300644,0.6169047619474815,0.6199350989660775,0.811662677561916,-0.20131403027361097,0.21019428852526073,-0.027446121560286724,-0.22076808681502433,0.2065424952193779,0.0
1.0495288794660549,0.6018711583071743,0.04368909370262675,0.07765511259794469,1.0585541174118236,0.010837708652807636,0.24619076955365593,0.6531647425322141,0.6850509299634412,0.9216007698203931,-0.2489433960090105,0.011284072984164978,-0.2226826148668271,-0.23777113524801988,0.21958898655750925,0.0
0.9847970518715503,0.48541718162707076,0.16867512717598176,0.13596860021114662,0.9527660962773017,0.02204443184273276,0.3364183337602999,0.6267472008563184,0.7308158958373094,0.8686747151008078,-0.2881615826476758,0.1051879719774982,-0.07106329652399342,-0.18433149030248355,0.24313047349497696,0.0
1.0664233895904922,0.6352605965984246,0.11105883589473406,0.08874914720693278,0.9854441033839518,0.010869786315670926,0.30908922853658805,0.7314270103732492,0.6112087931962865,0.9667682351873262,-0.30187015442426585,0.08522945388335504,-0.04959191955238983,-0.07762923243175182,0.3049582851378802,0.0
1.0152430203558933,0.5659252552125514,0.25238589592545224,0.181339810936126,0.9907090686799922,-0.09100767457850839,0.2734815640409348,0.6441090395158149,0.6535833582005689,0.9497637280616781,0.01134034149037258,0.038062353534342244,-0.07250151274018053,-0.21407738612342564,0.22020331985879701,0.0
0.9902501029419781,0.5156152629407859,0.1729762409972177,0.11839746197194057,1.032546326706129,-0.08540793544084507,0.2801641481344843,0.7621495556072766,0.6943240860290794,0.9477321605239798,0.16080153229496807,0.10948789311747213,0.22336830422706827,-0.35278024521285667,0.1659099437546795,0.0
1.0320408068211726,0.6085070630303584,0.19620780905568763,0.10850507935206306,1.023464721158742,-0.06448443394629588,0.3407972113030035,0.7112489302746959,0.5839077667272239,1.0554798580145306,0.214762634350179,0.08938023102940007,0.16489243051707939,-0.29002277052275693,-0.009781807919510527,0.0
1.047504436917346,0.5791511499953421,0.13639321923136488,0.09885894686557908,0.9655596498451092,-0.08871033909660138,0.3991427912605753,0.7033621654337717,0.5710059413569991,0.9639292580384804,0.22060426755589008,0.15080729598431825,0.034812951701186076,-0.24549457119758972,0.04823799185802081,0.0
1.0086116704485724,0.5697147963083631,0.09803311544759516,0.10393921250820815,0.9679563155527612,-0.07857891894552534,0.2865734316022038,0.832222741991247,0.5581370992183099,1.0580377454253476,0.04185364166606158,0.1235078124351768,0.08095698613727564,-0.17186337363957999,0.052986908048119154,0.0
0.9670768822313291,0.515940990489669,0.08638220737051146,0.03145542993161142,0.9594808437742559,-0.16019887112947012,0.4088852088842054,0.8589039808039864,0.45800033323491535,1.0149830716822992,0.029138776786145754,0.09950431712062865,0.20964859438515254,-0.1676122714716255,0.055289033669733874,0.0
0.9506317153934823,0.5678295617409052,0.22671004918641777,0.16718992483202025,1.0337641782265194,-0.12094942199389046,0.3278243989498149,0.8412148017038751,0.5236067629404418,0.9945542317092243,0.004678541519229484,0.10779973453195535,0.11649110808523175,-0.1419140311367874,-0.023453026135086007,0.0
0.9702453303954365,0.5813228394533845,0.06160408954735769,0.10228552774875065,0.8803339573250157,-0.14923797995592933,0.29385149945465383,0.8193517498723787,0.553057013780623,0.9987408564341644,-0.09866763349334808,-0.124519234574942,0.11829319317693303,-0.06576210993867573,-0.15356775279761864,0.0
1.0832857077162836,0.5276281237845034,0.13423281195899212,0.07738427365093395,0.9274038549580124,-0.2042906156519024,0.4303773439155988,0.8751130344957005,0.5458523749195221,0.920964795685294,-0.06980163372139137,-0.011110166787028156,0.19042969842194837,-0.13298882898114878,-0.19396244685333985,0.0
1.0481972392348031,0.5389495571043943,0.1274267474986705,0.08584808627132444,1.0517239205986986,-0.1431665982000152,0.34059225241637786,0.9544617135054004,0.45691177879278067,1.0101084954926502,0.029096977945880433,-0.10915197993544033,0.0975200348275741,-0.1954670239909764,-0.05363307974773543,0.0
1.1166965484766112,0.6310745695630058,0.19742743034762303,0.09497659510006676,1.0281816995305684,-0.1540297741454607,0.3454728785942174,0.8263401797030733,0.4772899405688827,1.014493313883965,0.008834687899689716,-0.017284297867033803,0.11384963673744247,-0.20359630520666983,0.03139837218801294,0.0
1.1035739668938978,0.5516336749204972,0.07582510247304775,0.1572618367919842,1.0031405237695896,-0.29203003280009066,0.37624754851174663,0.8231677304983033,0.46692561372616825,0.8346054006492408,-0.02364555092235379,0.04758130823481141,0.04957279444988049,-0.11612593712613642,-0.0968842744400967,0.0
1.063196533325415,0.4738126984287339,0.13753217210643975,0.037331690102479054,1.0012496998580014,-0.2205608401835998,0.3142726371518387,0.8338041675838476,0.3750773952998445,0.9597708487474207,-0.07332728317245799,0.018971779919173114,0.009618690740278785,-0.06991652890512749,-0.23739508741982138,0.0
1.1239578940635067,0.5642570907674127,0.2719704075475274,0.1682448648310782,0.9767916496964412,-0.25213414889430763,0.43561498384021713,0.9989009013268182,0.3803987928615849,1.1192238003268369,-0.007861228263285787,0.1458413438121305,-0.14205055232611158,0.005324039309282685,-0.2693346944003391,0.0
0.9872586113083148,0.5969820141677736,0.13964036201819457,0.10324780016422462,1.034194472026516,-0.2669227189635459,0.31292721247691424,0.8163558496122026,0.48370494127006874,0.9703981081131712,0.08747516430961746,0.12041217966890626,-0.05258511934008001,-0.03173462657637941,-0.1310408140508933,0.0
1.0703000290644518,0.5535272003406504,0.04212703740554771,0.1677287219714421,0.9422210049655325,-0.29539829419638397,0.5044684630146898,0.8509026521505982,0.39334874393850344,1.0621484175127471,-0.11313768726283793,0.03908956915501229,-0.13995004999909944,-0.05580443091059829,-0.13115967430189426,0.0
0.9802200663895067,0.5509450834490678,0.13180621090920192,0.1696141881532941,1.0541121772043989,-0.2888177673384836,0.36219817655758807,0.7998429056745975,0.397503741812961,0.9890217391480027,-0.09455871349475183,0.0436168913582171,-0.1691637397620392,-0.04819377559059574,-0.0633138739038838,0.0
1.0364422056565128,0.6312730459852217,0.19614809010892562,0.16756306279443436,1.0181047848992877,-0.2651232900475418,0.3597421551882125,0.8795191339709557,0.3596406964933495,0.9890759514139589,-0.04029284231893515,0.00600341221724697,-0.2108247573751582,-0.10297568745182013,-0.10678117836399201,0.0
1.0279568880145438,0.5338715427224332,0.11836204999371797,0.09830821446246767,1.093303545984143,-0.18288587914798873,0.3493590368034139,0.8603108406582204,0.31138925117354854,1.0601302283534526,-0.019889100771093716,0.0787075149326382,-0.2841057211841629,-0.10180233723151996,-0.1198944318074524,0.0
1.0768692632603498,0.504966983949486,0.1501812013857955,0.09047820729259062,0.9738387722497553,-0.3477137656520395,0.4394606024923753,0.9064544588912399,0.4024253200833695,0.8865034519315552,-0.05542344468516877,0.03450646539236732,-0.20634180767802063,-0.038029729573924295,-0.011227755299381373,0.0
0.9957011082513676,0.5538314844664426,0.23398040819042812,0.1796485886873608,1.0320039253061353,-0.33787434156923674,0.44623195533987686,0.837320546342574,0.22301698062542014,0.970983815491486,0.1721438511094518,-0.055049216129798545,-0.2036757778802621,0.10421147571525333,0.0681266142994168,0.0
1.0779112037455403,0.5464843963638333,0.12258693163300668,0.07954844185359411,1.0735542175566846,-0.30997212207447916,0.522588821506434,0.9565011658426726,0.15818837683909096,0.8792060879624048,0.026599106153934057,0.10304928880081123,0.02166320185854126,0.009837293943673747,0.04401440057910767,0.0
1.017054302748596,0.6072670079175373,0.24856058912745002,0.1695976123257581,0.9980074899482871,-0.34712254599151476,0.5056812424043047,0.9860578413598703,0.20058188157243761,0.9895322705445158,0.04510454021281397,0.15900303936579846,0.030146011775993686,0.0030948374162621446,0.034084120224450044,0.0
1.1180982709457175,0.6484506472896099,0.1307587312775073,0.1527286625852984,1.0139493038295058,-0.34879353211915376,0.5109716225569217,0.9392956765401784,0.27095846919978445,0.9615909235988307,-0.06864701734255303,0.21446933758980763,0.13677237421075666,0.14202412417569577,0.12972692320948792,0.0
1.1395377936064077,0.6294668227750263,0.11719639105775068,0.03407105746003097,1.103238324620559,-0.3393321788181438,0.5061803962990541,0.9415453215509503,0.19912533310230307,0.9478525795403312,-0.03127858805386742,0.20625266495565361,0.09373821108072636,0.0745134554186228,0.07882289075542029,0.0
0.9710332518676906,0.5875489435011312,0.2272360764445221,0.08709832928820474,1.0482114837369285,-0.41461241025478734,0.4799265965536009,0.9627678180449722,0.20632304623424727,0.9681819843661484,0.0012433413104909578,0.06716909922445495,-0.00018612767031848942,-0.08086627111453393,0.10904623660185414,0.0
1.1176758597836765,0.5361231668717383,0.17846165905620118,0.2518402671140335,1.0381669057266871,-0.3886031016476222,0.5360027147941334,0.9581049731540467,0.22793811865460134,0.9989810722783238,-0.05351513205055871,0.08007987084019012,0.11901060497018733,0.020204659489093516,-0.07853347254968612,0.0
1.072766584267874,0.5617806174908623,0.1600270589562291,0.058231207714378286,1.1184314102928192,-0.466490868398743,0.514716314637292,1.0410261561584455,0.09924858289319359,0.9292540861208145,0.057315685546567685,0.09151709388414245,0.1627418830204537,-0.07057063664229173,-0.0034254858106177524,0.0
1.09785107127729,0.5335590597268488,0.14181434549106625,0.06046451450766378,1.0221323770252537,-0.44899860359451027,0.46674406429969173,1.0316640761652822,0.13059031844193927,0.9753188202215635,0.09383459041718895,0.07781186515909225,0.23219935778071427,-0.10951229084101903,0.09571153848282035,0.0
1.1264633985262322,0.6556971240950182,0.18600438045411205,0.19913882342343636,1.1116207954623334,-0.47228516253484965,0.5403131061368411,1.0795914296457103,0.26251690281823126,0.9973090422135225,0.17563733052621844,0.04930856628100388,0.13385264252756607,0.07709434670700037,0.0817688623914966,0.0
1.041249125087532,0.6112358578828293,0.14036032097607526,0.14993730276156422,1.09960863698098,-0.4002714961506799,0.5827024955450002,1.0067579310233408,0.05896343603523789,0.9661794743706372,0.10902687683023937,0.09331813201913068,-0.008671334261663846,0.06154067844795584,-0.05645760081233701,0.0
1.0292639333546307,0.5970241133621252,0.14815328025011912,0.2328875222068985,1.0825004271669296,-0.4684041556559775,0.5444506277833816,0.9098884203032527,0.15624133587779104,0.8746153791410048,0.3180100252305543,0.19191740206143926,-0.054416667318660406,0.15401967994988308,-0.007923430720477478,0.0
0.9885830352286632,0.585077981712838,0.1583252922506934,0.04479243724322571,1.0634591576239663,-0.4581797431352115,0.49672906140506834,1.0051879931870302,0.1575792114517324,0.9541603661661848,0.2524271063164486,-0.03381208679681791,-0.16004918148958283,0.008167678551891919,-0.0033370501835748526,0.0
1.007202178979355,0.5529748098285511,0.19708059601437544,0.184179277056276,0.9882920549278486,-0.4951792673686521,0.7348971322142375,1.051955781937368,-0.013496867761358097,1.070631085595976,0.09170936367283747,-0.0236001465037932,-0.1115608281222248,-0.10555045794507313,0.030530739900218238,0.0
1.0046465630951171,0.6487653771244178,0.1532927312936076,0.12192557895448673,1.0907628306826243,-0.500583646583179,0.5404872803161216,1.0194813186157032,0.10867733247123908,0.8619414822042999,0.08883798862953954,0.14887678172546245,-0.08254490381669774,-0.08746498256696104,0.1264812600647526,0.0
1.0909676608894963,0.6472288505864805,0.22867558582800707,0.19155401824239554,1.0663996282167962,-0.5049270830439305,0.5463558683265971,0.9513138579000553,-0.04202123335032179,0.9098502850909076,-0.00834697391633167,0.014752566917388743,-0.4281354796516187,-0.049196224037141266,0.23825114185361904,0.0
1.1447399634684416,0.5518505332315936,0.08354355147527509,0.04600283381845072,1.1011363370730298,-0.5728887235471185,0.5588285663821361,1.035199319119654,-0.008216717828727623,0.9986052739088929,0.06512858051559291,0.020744469305184796,-0.24304297261588786,0.10908191660048558,0.1945363482735376,0.0
1.0160234755032225,0.5731760153552095,0.2517983464762442,0.07555344300115217,1.0603047150646998,-0.5367731789374058,0.502653020272996,1.0135994577923377,0.07300929481593443,1.0865349899771213,0.09061607546073265,0.11465397510277046,-0.07860392191323784,0.05809205952030194,0.05315562846802355,0.0
1.1640182904405834,0.6155377513803194,0.2327252223587083,0.08367579626265878,1.0177515522595073,-0.58724386805088,0.6461114908798579,0.9777831420340886,-0.005384089281033946,1.0822313311597151,0.18695374614486598,0.0019851789980657314,-0.0404084823725613,0.006877547018757278,-0.015477892024500596,0.0
1.076609522652255,0.612171605593714,0.22599191540827468,0.11216890764504811,1.1859101419740954,-0.4899090857827331,0.5742294608356888,0.9602460869499475,0.0015879412275481286,0.9872844142742747,0.007849734449959705,-0.023155367393993556,-0.02926416672433807,0.07691420506411446,-0.14935068851002967,0.0
1.1323020701870066,0.5284740386415945,0.18732596506128013,0.06578286711353988,1.005113610603147,-0.6254632792910108,0.6423702561146779,0.9587663158002427,-0.009216922499004881,1.0534194878513428,-0.019592141151072672,0.07198856526756664,0.12868614945735357,0.10946788964398202,-0.022474844983602374,0.0
0.9918225143348911,0.630350370978703,0.12291834863245854,0.1277286117604996,1.1057855845674407,-0.5930956697168145,0.6595066536513887,1.0599532884195328,0.00941061187398387,0.8776672361968789,-0.05456667312805914,0.03144911206971825,-0.004171837200112383,0.1979316493991235,-0.07715652884385957,0.0
1.118948999278158,0.6048330153848459,0.11801331193825124,0.19247538056509766,1.1271415072917523,-0.4250262664322647,0.516318148854818,0.9697705797617862,0.036953711516523394,1.0423121047407766,-0.26374226218441776,0.1100717085930051,-0.16208189308646223,0.3248232219306946,-0.20864909887063596,0.0
1.045198974071745,0.6420432772926192,0.21245346413134486,0.19290793042136783,1.1164254981001582,-0.6082540519359868,0.6091876733946756,1.0896983582115736,-0.09977879609064774,1.023573219118128,-0.25883876403047024,0.0995526658075906,-0.1875136072214563,0.14540042657537527,-0.08315959453265849,0.0
1.036574824398815,0.5704141357910807,0.20971148523051308,0.0503777522895911,1.1636088623185314,-0.6988581930444744,0.5624811707501546,0.9590912637760757,-0.16864256396447436,1.0024064434333673,-0.20821847990766015,0.12440354051554775,-0.04743176040240718,0.19000558366311743,-0.045572160293000034,0.0
1.1627109069496955,0.6490502448736623,0.19843860684682674,0.12629476438772227,1.0549782769724991,-0.6342575634347714,0.6086030653447204,1.0342624200207984,-0.12540961134165987,1.0182103833905065,-0.03894944910841813,0.0912121122378484,-0.16394312711834608,0.054871100647623516,-0.13974375130264585,0.0
1.0830604560925536,0.6022414189490947,0.18446194150009657,0.08263815836036797,1.1442769130840083,-0.6770977221360874,0.6467157662420004,1.0251302679486487,-0.10759689211367718,1.0410222239525324,0.014291093225022328,0.15624662002065304,-0.29477008384784986,0.18977807318557643,-0.06701240761697655,0.0
1.2180272486572625,0.6396766863041417,0.2985165375667133,0.12453966650923179,1.0596360548201758,-0.6682703758285098,0.6331523558446671,1.0173743288168273,-0.1843960706913195,0.9640517982843263,-0.07147723501883338,0.2767499345887473,-0.1481798343177081,-0.007399903741646119,-0.11862591570374267,0.0
1.1821730116423332,0.5342653830623328,0.14220418427763293,0.20689780447302597,1.075626080821282,-0.7735235346876823,0.5365574559889403,0.9074723300156058,-0.20797110232157068,1.0007386723164675,-0.13484122314648533,0.26196341117655764,-0.1535605379091346,0.17861302835833423,-0.21115936610882818,0.0
1.1722392573415275,0.5966291200602987,0.13868216833571834,0.14120402893317807,1.0901992061001697,-0.642050400813301,0.6432791024536973,1.0204809978898561,-0.24556188925280426,0.8949681026799797,-0.18498310395815185,0.17024572514050113,-0.04783537295536572,0.08240084958377458,-0.19159114999553695,0.0
1.0980811992093382,0.6496460739714072,0.19156520653551593,0.06730520367252771,1.076809968470077,-0.6623036770091931,0.721464476882509,1.0186253045186813,-0.21429834822021532,0.9305805703623926,-0.17219481552390564,0.05985769602285142,-0.048426469023525015,0.1931373828017976,-0.11227563782943735,0.0
1.0456565389577437,0.6596012309259449,0.06567578710664777,0.15538679276956432,1.2027332232945025,-0.7025651165316738,0.5956242934570741,1.0318801208808808,-0.14545699774913323,0.9847258602864045,-0.13945063986502243,0.18784219210237152,-0.008181627572677222,0.03257883883923782,0.015485475249527467,0.0
1.116113258826915,0.5540969537325195,0.20212126104614328,0.15119263828677118,1.0499258854389182,-0.7319830841316642,0.7066826614766037,0.9831227837804315,-0.2300285251429045,1.021798791958068,-0.07998305056433931,0.11932275966668787,-0.16645341638383296,0.00587665737774545,-0.03747457484119745,0.0
1.1490786322719764,0.5196841875322048,0.11726261190380717,0.13144086137645852,1.0298826470486997,-0.7178825607974498,0.8028284124665271,0.9961965185823739,-0.29656950432272633,0.9522816195396527,-0.12296574040175492,0.09836765170301756,-0.16462101038801072,0.02573529281137578,0.042369818018925844,0.0
1.1376398349051342,0.7147018952790369,0.20582399849903246,0.14023251441064827,1.0250423297328162,-0.7187710321144515,0.6145935956001931,1.021404125399682,-0.22852145003466035,1.0090933142308611,-0.03331155408763695,0.08997241079000019,-0.10738834296473736,0.13958461934991262,0.06477440048260778,0.0
1.0544366014814321,0.6527122646115997,0.1668586904001235,0.11698442783699273,1.165463725825424,-0.7076287212701973,0.7264072989696104,0.8777752587378489,-0.30153424339275053,0.9529153958200438,-0.254362651213951,-0.03325344653693391,0.09595093095714535,0.1004728392273292,-0.14054211921666399,0.0
1.1214752720657044,0.5483320697078794,0.165567254901811,0.10473847543600062,1.1011019893550587,-0.7188532949888888,0.6733251203580388,1.002231646883534,-0.33795820962438206,1.0131481566569112,-0.20136839539565835,0.017697688575348456,0.01383420567328799,0.09597853460974996,0.14852170320460129,0.0
1.1997131289374188,0.5443836324444238,0.17678361979649232,0.06746751317118381,1.1456938278774524,-0.7800824459411103,0.6880906812991588,0.9699369462279418,-0.2969611172155251,0.8761014734370511,-0.21870936051756112,0.058428197502864224,-0.002620514855061755,0.0863431188099235,0.20062639006636554,0.0
1.1312370053511278,0.5925488028740898,0.22391103738371154,0.17610765281521934,1.0661635953296338,-0.7389174791402295,0.6376224591719676,0.9971284084325454,-0.3328373908600464,0.8847872493120972,-0.20751247708289014,0.048616943592932844,-0.015325264143292043,0.10625530561836741,0.26480467682722963,0.0
1.134187555200477,0.6430919598529291,0.12416170225949012,0.13991728373965867,1.1672729870357081,-0.81138298641708,0.6405639175858912,0.9570488782677775,-0.38983858526629034,0.907924283284129,-0.09571699295718883,0.19912564967646443,0.04231257156073308,-0.0065922374610027645,0.09835485173414105,0.0
1.1857143778482209,0.6163590225076462,0.24334443836681097,0.3167944203285471,1.115603041394459,-0.8718789369620944,0.6424225276123057,0.9859658599998876,-0.34473020841347557,0.9458264793153224,-0.009797573859146182,0.028607578956286656,-0.08012295338735159,-0.06056705265047885,0.040661391817354536,0.0
1.130028452739811,0.6638609547926184,0.22065855781571272,0.18132421529811146,1.1587972936523105,-0.8951309808532408,0.6425298671398967,0.8823245170545565,-0.333071001417456,0.9191525146993084,-0.04436484294411137,-0.10511706537228185,-0.010225429004153255,-0.09347819865092215,0.16869912997820755,0.0
1.1526102148756956,0.5364458641509335,0.272699536397481,0.1271873046680196,1.129011382039974,-0.8319711318937317,0.8204415963162783,0.9437591297393183,-0.4485943500834472,0.8853735756054738,0.015525786964489988,0.016356579170338156,0.03452768332625226,0.0034517020622517602,-0.04258540509031607,0.0
1.1924509294483379,0.6577783374662718,0.17093550816488115,0.10224717344616449,1.105192717514381,-0.812662350803841,0.751739224723785,0.9863291745530448,-0.5278641330972879,0.8781022022517557,-0.2302128956532991,-0.037030319145709235,0.01006570380595644,0.0993937602388699,-0.1640192964492455,0.0
1.165225412504708,0.6883108447719043,0.20910029571873795,0.15501808006287604,1.136478537837091,-0.7656081020204564,0.6924518034635805,0.9223564271717817,-0.4613242661420861,0.924284966749124,-0.2136069939809898,-0.12924805228569544,-0.00430447267996864,-0.0659698424206733,-0.18831335908486319,0.0
1.0488330874389042,0.5284447262128774,0.14419270940314027,0.26148091765762566,1.1016289175651124,-0.8205227381409859,0.7621198546163899,0.9813358221749879,-0.4814320056008674,0.9144173090252761,-0.3508439136625815,-0.04394876203833087,0.06376190204987137,-0.04728725360446989,-0.15034859346753793,0.0
1.1805004587663523,0.5306082157949472,0.2555980435814496,0.2502351014681797,1.1026549939258574,-0.9245673756830812,0.7539592991900953,0.8481679307849997,-0.495399909074333,0.9316527341687761,-0.21829040209094092,0.01489148334513157,0.07258379305741436,-0.001850280027123799,0.10254191938430934,0.0
1.1390179921515178,0.5972816026935933,0.24652953413273154,0.13223002790814567,1.2074703614440268,-0.8163896262616416,0.7075701570628563,0.9212362260817145,-0.4838746624516061,0.9310196898304822,-0.2222244587919061,0.009013688075742543,0.019071840807460348,0.006411111068931626,-0.03697895190742656,0.0
1.095026504182737,0.6836707744277787,0.18325145209395588,0.12450961316754669,1.199465688825168,-0.9111146949511929,0.7773644188741082,0.8247188797427638,-0.5276133506012322,0.883116102458743,-0.13679926567851616,0.16775925800944483,-0.2699039453891119,-0.019314672383554853,0.31108900237014736,0.0
1.1025684374535756,0.6498986094789484,0.10812653513125112,0.14863441298578522,1.1511218795035096,-0.8404932899676121,0.6941071355032264,0.8364136644898682,-0.5594454091721299,0.8949087648372349,-0.024512670438772546,0.22942700773858254,-0.09518862789133012,0.10689257371188056,0.2930405917239679,0.0
1.1898341836103692,0.6379602625803019,0.2239218565411844,0.14748723086628798,1.1435549961874125,-0.9487393318520368,0.7586258991874476,0.7589614288308565,-0.5746687337751045,0.9065169546926182,-0.2397219991656583,0.17678035586732233,-0.007868178766948342,-0.04994949701768306,0.4271298752621938,0.0
1.0910388531502988,0.6997858113243315,0.1908285137671277,0.06787604517776817,1.0804564726564896,-0.8784863187396376,0.7634937862547786,0.8418126099897962,-0.48971584952857283,0.8705756891927172,-0.012747043792543572,0.13817953391717264,0.22992928670391902,0.13497818170265768,0.3503667136170629,0.0
1.149288912060273,0.6315654608514482,0.15673937811866884,0.196851966369841,1.1678463917203876,-0.8152259932459549,0.7312349867313215,0.8841081189008992,-0.72762071865093,0.9053484644438377,-0.030980903501750555,-0.04673055651912604,0.16271737033726788,-0.1138893585110327,0.11740118978425254,0.0
1.1044700264018288,0.7174913701724036,0.10439351900545012,0.22445051034305033,1.1317759513384655,-0.8571118139658002,0.8085367255005396,0.9034822195045203,-0.6901809957392339,0.8524630489727659,-0.013483007810688173,0.10719172905629346,0.24833895715218846,0.0514995919135513,0.10472853559207951,0.0
1.0780786790316186,0.6209437462511421,0.11974715554538594,0.14096069556335364,1.1299631918038722,-0.7681735356316031,0.7996777165070854,0.857925717213686,-0.59904861094803,0.8680455783222194,-0.006456126462321981,0.15512350520132,0.16664371072806816,0.057119035310434954,0.06658998190142641,0.0
1.2440056456791413,0.6920111768362136,0.20998154094896126,0.1890414366106519,1.2089027616967083,-0.9270056845950322,0.7939438384049933,0.8952330598742579,-0.6896985683872868,0.9796284243165563,-0.05194236130028175,0.1919260954843427,0.15542377750281397,0.11997900501564636,0.042117632141381374,0.0
1.0968691521668688,0.6736383003385897,0.26662068972736896,0.17199365082324694,1.236856407395891,-0.9221787079231227,0.7646417065657671,0.8728323663616836,-0.6169179349972558,0.81164289605894,-0.12278928682825146,0.09133658437899449,0.12147183442951001,0.07450631347371327,-0.0033917317171822427,0.0
1.1614945083134876,0.6022538402773083,0.2661914713134669,0.1963936333061091,1.1417014987522978,-0.9326349456410653,0.7555768351542568,0.8523107319496559,-0.5807797359127961,0.8519153541328254,0.020720816215068716,-0.21578130964297917,0.017446421212627725,-0.018974200302402454,-0.17165417309141853,0.0
1.1236179394529444,0.6757532664903491,0.24126650267662944,0.1367868798951543,1.14844821229649,-0.8456048768570904,0.8096132575978948,0.75659177744882,-0.6379603599600336,0.865501070823005,0.15168851006198075,-0.13001716681683986,-0.06432957919855208,-0.08764443868810683,-0.1181883715542295,0.0
1.2232058096195442,0.7361390804865355,0.19248315117304027,0.22868269218483972,1.153698773599893,-0.9210678046643844,0.7917490028477054,0.8321401982740054,-0.7479649615827859,0.782645636688067,0.06682977152540685,0.005736339674814503,-0.027284726259308622,-0.03309072283267946,-0.20350637238875213,0.0
1.2265361929473868,0.6107495022745428,0.206219753199861,0.19350631209220193,1.18799638558424,-0.831526253537511,0.7349190328924528,0.7734535112779627,-0.6826672823577927,0.8155074819169217,0.0788326959754078,-0.02923845501291235,0.12633416439527315,-0.007139945571218675,-0.13365708096629367,0.0
1.1885707287048746,0.7464205912445845,0.1975049893725497,0.17639736994269986,1.21439150889016,-0.8976944724750354,0.8570485073728868,0.7908452754427573,-0.7523478182121931,0.8097791637147592,0.00589944395514138,-0.044215539335778806,0.1779073865473037,0.020044588194257786,-0.15019186710205606,0.0
1.2036302376134076,0.6028576313047137,0.2913774184288575,0.1347509621288005,1.1450060541206835,-0.9761085838220185,0.7907487978885608,0.8283148759174,-0.6524445991481671,0.7552339844451931,-0.12974088958960545,-0.21292975824111182,0.022937032628175952,-0.14839199841822384,-0.11824351981060119,0.0
1.179342931032635,0.6347622645999003,0.16231046968601814,0.1420177771778705,1.2072385313431204,-0.9551951679656941,0.7835740997051539,0.762285882772339,-0.7039751553181295,0.7707947688081873,-0.06456060183565221,-0.1702219696553777,0.04058518729266718,-0.3042716196003731,-0.16436999682023526,0.0
1.0720206585335101,0.7854558252569603,0.23803545360305456,0.14392487884932778,1.2132077801840655,-0.8321524516539238,0.8833226129115593,0.713334632997061,-0.716203455081808,0.8423434821669191,0.05316366282001074,-0.029108585609818036,-0.005443195215261449,-0.37254120304672844,-0.1020704206366059,0.0
1.1645731079291548,0.6780220405881747,0.20072943214400574,0.22585860392046092,1.2080319349960156,-0.9873374169210984,0.862725388746974,0.8090978030946158,-0.6746651491024671,0.8504256533044408,0.06385612712394005,0.06540421901051736,-0.12246164639423338,-0.29305986446396065,-0.03866737568845856,0.0
1.1213849193368046,0.6420367883556324,0.29405212650877516,0.1669949656166284,1.225311465141419,-0.9666586874733908,0.8393149742261974,0.6059350438622715,-0.7222165733413038,0.8192759873588422,0.07227335000779751,0.12105683573487983,-0.17921044302454386,-0.342962771743372,0.02468653531247712,0.0
1.1688339778898749,0.6818330796158885,0.20312989971817616,0.12402606207560311,1.154391808328028,-0.9927937518004419,0.9287954430714099,0.6136101052048363,-0.8147456667022204,0.8591168237909871,-0.08446624524173828,0.26394936111794637,-0.1079845679775579,-0.2350866950292029,-0.11674166815071256,0.0
1.1805971637204025,0.6471187887265789,0.24516459234511798,0.08624359101802945,1.1610251978702684,-0.956049486942969,0.8077143248839898,0.649951936615149,-0.766760094090978,0.7686859764753711,-0.1465220434264211,0.1091853948732134,-0.1269398466580503,-0.17226759412106707,-0.04631697939191649,0.0
1.1358729790237843,0.7018584042026287,0.20674296444545504,0.21141185319488343,1.137325660558217,-0.8848684352835121,0.8658806016115386,0.6220695921094027,-0.7713902052223068,0.7752449546585779,-0.10802969184274626,0.05827535674966124,-0.06937572214348683,-0.06100612351377774,-0.028846064024172342,0.0
1.1762822081493494,0.6655308422657227,0.11828352569854433,0.21753621717678395,1.1534190284197907,-0.9571856834014582,0.7550242878104833,0.6440242863061271,-0.8866749615931724,0.7157064242438057,-0.09206862654840035,0.04135947571351614,-0.16132041794355223,-0.18413363874614352,0.170521958378466,0.0
1.2329590527127268,0.7230319681474334,0.23495462180109677,0.1116291105508649,1.1823175247868654,-0.9713441677278628,0.8822740437207278,0.5962636604266404,-0.8613739351169675,0.8364419622359714,-0.2348616154088063,-0.011912842254273814,-0.16557562461442876,-0.03174718752110145,0.12551813979809717,0.0
1.1862289490283726,0.5751610560671374,0.21814828961710653,0.1370537683227247,1.148257000665166,-0.9270275015939716,0.8400737740586393,0.6850705784561116,-0.8958631339646129,0.8323788851187437,-0.26564081677704426,0.12298650443231378,-0.15131562879978838,-0.0819261567924605,0.0062552000001986074,0.0
1.2095494004408889,0.7480887978018768,0.2620468588467452,0.1886213798732303,1.1151639800053343,-0.9572229089663391,0.8366622577169514,0.6660070579934284,-0.8078527302789541,0.705643276028204,-0.2003879285633794,0.19921440937732582,0.09317715219213715,-0.1661464578191166,-0.0010081599264988974,0.0
1.2333748595261442,0.619849014564044,0.2628956142761286,0.1776639145711897,1.112863737810763,-1.0220018145667744,0.9607176856779147,0.569278647904137,-0.8767118247098244,0.7174191933729699,-0.14501418790294152,0.2320974322926091,0.08473447924393153,0.007660746577746597,0.1485166213610307,0.0
1.1985966104328631,0.6859331331761827,0.2099644616758132,0.12542986492309782,1.3137320603824039,-1.1199923645169507,0.8726266275747947,0.5584652072194176,-0.8910016134049168,0.740260876606488,-0.1116474368071359,0.14968536077709535,0.12052362043526496,0.06012045470377027,0.20018134932598664,0.0
1.1979631081196422,0.671865185658581,0.22583000822718,0.09222313077436274,1.1834634606946304,-1.0860330610351605,1.0134622434233396,0.5355377867653276,-0.8531659831700888,0.769029158312965,-0.0005955441348591411,0.04915112714631492,-0.13816302840082856,0.043710394147332604,0.14346187746654646,0.0
1.2801435436682276,0.7960387631581152,0.21694223016964062,0.23313299076220637,1.201983958773952,-0.9325831325567101,0.8976163979834102,0.5390285133478975,-0.8632194691872275,0.7597990563156185,-0.12476490738241387,0.004973547697590428,-0.3100062066684971,0.006513832960550768,0.11572391191346763,0.0
1.1178786740592517,0.7007677426083583,0.2708072554713953,0.25984552097229074,1.275100116512034,-0.9816181411255709,0.8804890285951084,0.5298605670652643,-0.8922669783715088,0.7220110705723156,0.026792049066089424,0.04946442031196284,-0.04187751995615985,0.005414998292414902,0.09971978280506423,0.0
1.1914445280462718,0.6961178628831367,0.31599669282508536,0.19678575526710546,1.1860486593830282,-1.0204025300929618,0.9212591072349453,0.5364514991097745,-0.9654067155774697,0.6951532145381777,0.027360459300991784,-0.19633696199487835,-0.13428610692328244,0.07850877840716372,0.11148513279062656,0.0
1.1489791766476158,0.7226449087009024,0.2092626216905643,0.2073631486129144,1.1914579284371232,-1.0765046527158273,0.8619954315980846,0.5345267424124851,-0.824054904491639,0.7124381067087637,-0.03595866560456896,-0.1627026780653087,-0.1328772792011565,-0.1350892204098489,0.09613492457890417,0.0
1.2384159579333494,0.6216394116476125,0.20158903265757064,0.24885255530977177,1.2650776633316778,-0.9887103112625952,0.9125161980896559,0.49025833628207743,-0.8192697282122583,0.6430965918613949,0.0851038676289714,-0.13469809923435705,-0.252266010926351,-0.044050196820286325,0.06594276767619206,0.0
1.1795539908550252,0.681656213661903,0.15599570017020123,0.17390283802999054,1.242585572698617,-0.9825370840331441,0.8647185219633445,0.4627334532013973,-0.916277763876062,0.7528021901373702,-0.09122847211491823,-0.15689852765683082,-0.3843391631725822,-0.10891095038900751,0.028394977344070392,0.0
1.147670424149154,0.6300387886187931,0.21480841701822348,0.2632463964472519,1.1712550978490663,-0.9990293981701004,0.9043245315465407,0.4376076291571542,-0.909031366514072,0.649696960009633,-0.02773006323161132,-0.2029106302637903,-0.24994532368640193,-0.21487783132365104,0.09370770132794384,0.0
1.132504680214894,0.6459841781698286,0.3522403658289102,0.20152277077547204,1.281619171172007,-1.0166674932460558,0.8376345138437533,0.36512159329574434,-0.9579754358762467,0.6661612960895128,-0.1350517251741852,-0.25162537031930954,0.0021507591681437233,-0.18462137932125375,-0.09460126004171945,0.0
1.1833364524160763,0.7712670335123686,0.2541892272267605,0.21871362715467862,1.2331983453145319,-0.978954967171807,0.8276893875438329,0.38734780084001064,-1.0239060563647782,0.767516991337531,-0.09998316916125065,-0.21940039072970602,-0.017452568384328047,-0.08993569985969577,-0.11067386754588857,0.0
1.1656946999292084,0.7212880767288423,0.23356446484117083,0.1644151844171362,1.318756136496869,-0.9209130057261574,0.861266264843965,0.3325789100286044,-0.9479146884941589,0.6658438611040888,-0.041707944865324684,-0.08149291525318735,0.12518176366471903,0.05274724688505425,-0.020642517380251635,0.0
1.2166941475320836,0.7883537937852627,0.21592790522089353,0.23200628101614912,1.2109149052577517,-0.9952927743138053,0.9764650115871928,0.39341192944120934,-0.9033408487704512,0.667169551076456,0.0343306919098816,-0.1571938231440263,0.17882241600660997,0.008841268640747173,0.004707801290249485,0.0
1.1949811905086511,0.724173416364361,0.23169606466381126,0.20569873694646093,1.1700213165722833,-0.9457378822693286,0.8406550943155742,0.4029291816123959,-1.0076068837799645,0.636589956545763,0.020412369492797,-0.11553293409168171,0.1730441680174561,-0.21416637297196608,0.1262489473876988,0.0
1.2745451795948102,0.7153928326878853,0.16933239675838055,0.16440307900113937,1.2279182160647746,-0.9299235445013212,0.9990676020291043,0.3977890292641729,-1.0624907026929578,0.6005103470191278,-0.03130251573007976,-0.11815807375186455,0.1620225903668922,-0.4831804828041167,0.08715742105436773,0.0
1.286876148241286,0.5945831173660332,0.2714241348373229,0.20124261425796552,1.150720074681192,-1.0148860816396474,0.862924104049617,0.39158451752100765,-0.9575057550980409,0.5917718958151873,0.05788954638090546,-0.15701442913858427,0.06587677722772683,-0.3071342255638988,0.13837059914734479,0.0
1.193937629072618,0.6850487656974157,0.32461455420808777,0.21971207672932588,1.200882378181623,-0.9344174909225121,0.8987625752266818,0.4011654429075428,-1.069829336204164,0.6638945315316902,0.0825011979288725,-0.037271287444703066,0.04220493549193892,-0.22346078256143592,0.12738481812337468,0.0
1.2243991227475763,0.6351982267843368,0.17767396226538132,0.22184160131972955,1.1906451955007478,-1.0747742833981895,0.7812052059593644,0.22905925587410844,-1.0830872071526785,0.6296199593694399,0.02263684905829197,0.02047305281033564,-0.0036546414154720527,-0.22080897840056096,0.1083061145277669,0.0
1.28450414978272,0.6980393456873961,0.26409787282809805,0.2410751339515495,1.3124468202592618,-0.9405692911443526,0.8709832665796442,0.3983880566889394,-0.9559898417672443,0.5866474917925618,-0.013730322101636225,0.02197543342358558,0.07357335920847394,-0.08537127166663878,0.10540623585744804,0.0
1.2156240565485055,0.7572388789205856,0.3096248601708639,0.3174764719261211,1.2573936042159084,-0.9980911917601084,0.9668575720219414,0.3905197275207204,-0.8368857181383281,0.5360724435674409,0.006663671105942915,0.21431934758095397,0.028960028582775715,-0.09685857968493666,0.08099383229094893,0.0
1.1716188531548464,0.5872884117938173,0.27412679799725814,0.17930663955228976,1.3194710743159543,-1.0395239296778465,1.0130048313231905,0.281985928391984,-0.9990041552304918,0.6068619924134319,0.10419296956532852,0.16449797117384496,-0.039281139495224784,-0.15416286287019515,0.1126051666280711,0.0
1.1837736508824286,0.7538973007264526,0.20615886421241356,0.2529228694432581,1.3131028439802543,-1.0281236119555965,0.9274362477627969,0.2474174857296307,-0.9566464694004407,0.5902320930176468,0.20692646663140596,0.02996349563949771,-0.04744798357590944,-0.09508884558578223,0.1833656880098452,0.0
1.1757145269992437,0.6568473707280051,0.3177920601053501,0.19486280459189292,1.2062001183108002,-1.0142897930297607,0.944922312636861,0.231974180307925,-0.9166074016786301,0.5179947876045051,0.1554745490432637,-0.017288853522388882,-0.09262164921707819,-0.13806651802732034,0.06399421391791385,0.0
1.2615889058221956,0.688346933472573,0.22162950194410289,0.18656789273059338,1.1575653232898904,-1.0395438013259057,0.869683119136012,0.2540662979293176,-1.0568487309536059,0.5256715042970788,0.18800506059090621,0.12803436937760165,0.03173472508594509,0.018067251689365224,0.129801721385818,0.0
1.2893206496618597,0.7194085112212685,0.22726132028684243,0.16183808968890187,1.2502194944318599,-0.9532780083695621,0.9513194562875131,0.24227820177921122,-0.9860689221087121,0.6798083924260191,0.0943650122822324,0.0524816985602248,0.11223553329315135,0.030510854283051725,0.07611891257732892,0.0
1.2996963069200602,0.7412648562620525,0.15010880142943378,0.21752261882625817,1.1189497382334783,-0.9701923955897279,0.9735133925261468,0.15769838407337844,-1.00511422051711,0.5525099849972334,0.03307896101573135,0.13331428163819156,0.03874754196628794,-0.11599816544832797,0.25564240630799684,0.0
1.292288848590087,0.6888689338439595,0.2045016759113026,0.25771299556745664,1.222183509730476,-1.0440824347542927,0.9949984421467126,0.11237665130194377,-0.9145203132155912,0.5170057926467345,0.031025582243262618,0.18390841034888633,-0.0013826482756645019,-0.04081292923667196,0.2877223978533989,0.0
1.2118320749409583,0.7067871111999124,0.27337259097594724,0.1844940645691504,1.2284990679164411,-1.0051346614219467,0.9909730416291921,0.12416573732239167,-0.9824634663826676,0.5399625208523247,0.05207534189366404,0.16603089667356857,-0.023510372068003674,0.09267547699527282,0.20838533602666118,0.0
1.302990824942756,0.680999411474411,0.2738691951687946,0.14049887747836934,1.1702487292987978,-1.0926903259256262,0.9473966135537459,0.1585093206896682,-1.0043848939559603,0.49386912116214643,0.07234817869644655,0.2687980196156342,-0.051162207526393416,0.1847187514374719,-0.06310953712443962,0.0
1.2501080153392579,0.744415160950926,0.2587296939661934,0.18900555263112162,1.3265789466860505,-0.9140080007439656,0.9428542124679622,0.07933389976284046,-0.9287819121413616,0.5645491032486373,0.08036712406845564,0.18138331629173263,-0.08038317206792253,0.11100875703828417,-0.005018099297325225,0.0
1.2572914467208682,0.6551788898973995,0.2965575726394567,0.2227022890220641,1.2804853352185868,-0.8863461306430875,0.9609947207448917,0.166265786928934,-0.9551555424439364,0.5016076536969647,0.10535341820408259,0.031652806946425374,-0.16124435555433397,0.4086187563393001,-0.21303669568302408,0.0
1.314261732634549,0.6742356334611919,0.2717628611529412,0.20354782515454795,1.2454047340640737,-0.9751058368790542,1.0153592149139763,0.06268733219017797,-0.9905127049216415,0.5659988342283034,0.07802050435554807,-0.17602643408548607,-0.06518464854031988,0.32717658820014617,-0.0966960748147582,0.0
1.1644295396787918,0.7568667116983232,0.196021321204345,0.20971117444176915,1.266847557953415,-0.9183909167899065,0.9761136250483794,0.15000276686690284,-1.0320849202847422,0.507002277637613,0.1914555062426151,0.046185931183060344,0.028981654403604895,0.24323095016604274,-0.1638921892351105,0.0
1.2472951444314533,0.7751691226513737,0.30154727966653294,0.18310557240585928,1.2259299566969986,-0.9837407544904676,0.9560006255726979,0.09644637647461612,-0.8946041327796771,0.44865846933120995,0.05129166750195144,0.09221043600503459,0.09742365429416291,0.06193034838128034,-0.017717360139858765,0.0
1.1763702640753004,0.6514802492802222,0.20242787759985492,0.22583852830532794,1.3112538000303906,-1.002553034305423,1.0036430498612798,0.18011953823706361,-0.9891491586263005,0.385450745606414,-0.20316428685713056,-0.009758799668727836,0.21477400180312856,0.05783655129787712,-0.0983201282984822,0.0
1.1862278492975151,0.7787524816189253,0.23839428490473114,0.1897670228169578,1.3426265209791917,-0.9947839223506838,1.0395489911031732,0.047317985273092916,-1.050295494238244,0.48680990142072245,-0.4223672040725337,0.16629660878002347,0.18618924440175505,0.09221788579600285,-0.03927385412262256,0.0
1.2639046158583325,0.5946389324056418,0.2567924562337661,0.154413695525641,1.2774218499015306,-0.9138895637643385,0.9188210160331931,-0.014512210919142707,-1.0373046459455406,0.35169684779239857,-0.3705724617281791,0.18651396179785312,0.13951187965299444,0.17651987371197975,0.06754384572246944,0.0
1.3684438493205597,0.7238044316769101,0.2838140831736622,0.28068024658477125,1.3186980835907398,-0.8992960694720987,0.9115478387135855,-0.05209660363823422,-0.9278296248111603,0.48133655807768033,-0.1607749739999148,0.24318915266021468,0.04572944596565179,0.12408323482234607,0.16183790975674772,0.0
1.1898761078447522,0.7517679196694536,0.2890092800067309,0.24868950563229106,1.319382168850781,-0.8636996236805,1.0055175787313897,0.02079435232334649,-0.9451503300741464,0.4787462615685818,-0.1264285369572153,0.18236639588678277,-0.15614242547446458,-0.019181060506880343,-0.10050917526488311,0.0
1.2783870095681578,0.7112057003857679,0.1870213941644474,0.22360689695223435,1.2504516993452661,-0.9404639355191835,1.0495729712397723,-0.011067966449565793,-1.07636942594907,0.304733734295143,-0.03288464879150142,-0.02515439873842626,-0.036769181755350044,0.05495669591868924,-0.17454188116627545,0.0
1.2876252594476725,0.7051642928498477,0.3721146737701202,0.2046245967602528,1.315566800439578,-1.0091760690225533,1.0165991504893328,-0.06392085577439491,-0.7862639816209566,0.33012334819031297,0.13720692406439075,0.0484625245786182,-0.022109341681058985,0.014339740481141876,-0.25531846649467915,0.0
1.2187808079073443,0.7517244819903622,0.32303925453031995,0.18198565346541207,1.2845878990465838,-0.9293165140014592,0.977391046966448,-0.1627869058936008,-0.9407458552057965,0.4239805384396982,0.02536901176426963,0.025767977681166107,0.2184067040909859,-0.035838772818483716,-0.1953947449882647,0.0
1.1789689900844085,0.7595483012296892,0.4073404870444236,0.27685534942584544,1.2347983519187442,-0.985377973791536,0.9948385581944557,-0.026356513655341085,-0.9946011752105168,0.36628381167978963,0.06060518091407577,0.11383790771065988,0.07098826226011361,-0.032205828597656444,-0.21579845645470005,0.0
1.2947134331850125,0.7929875712628544,0.1814029999622505,0.21723862761151333,1.3343241598669444,-0.9525149389116031,1.0500626710347303,-0.13221568839613307,-0.9707296754888602,0.28380649500256616,-0.010909237612070022,0.12383454946162692,-0.027941336871133288,-0.14882902792899494,-0.07314331306421172,0.0
1.3173703267693764,0.7720256461125463,0.2755165439397532,0.17440905652343494,1.267131390838356,-0.9038732540960978,0.9954004208389368,-0.08374627442446839,-0.9241428471533483,0.27354893308061773,0.05347824397915131,0.08651049541363194,-0.016114662157234977,-0.08911572648775981,0.12650603236588112,0.0
1.271903000243556,0.6569951133431338,0.2876661454373686,0.2413268709410464,1.3042354291278946,-0.9332343295783219,0.9117413447636772,-0.19979953664636613,-1.03180830764679,0.3333358369959244,-0.020205484363798085,-0.005201706706641669,-0.1645928426297099,-0.14278012699917425,0.14631752282899688,0.0
1.2874537240216737,0.7520447217767259,0.20607702896199936,0.23189807065105614,1.2578726951733792,-0.8199081186756748,1.048278762741496,-0.19117539691987384,-0.8805715214068323,0.43469287089323155,0.09584295419457199,-0.05568873170112933,-0.10608156431083662,-0.2363166222132158,0.06075617371715661,0.0
1.3233365350738806,0.6851228238652015,0.31524683685536276,0.1505400362590541,1.3156011508446834,-0.9004287255631327,0.935024111688244,-0.10825284447534658,-0.9327194849734675,0.31941327404105674,0.05350691616134694,-0.10883912250723775,-0.07762416777739596,-0.23708354116699565,0.12268244520403646,0.0
1.2964938698186315,0.8078613771836296,0.16373676310241236,0.27684715303624846,1.3050150155035565,-0.8537318103691263,0.9023674345272725,-0.2135209895161191,-0.9599468436822005,0.31419926689527583,-0.035805113618387424,-0.18699274728701404,0.0232454180506022,-0.208796935721583,0.16505669705334028,0.0
1.2802002080294177,0.695510575990189,0.19321746105659016,0.2585677160227903,1.3220597785699502,-0.9696076800222929,1.0652204069053222,-0.1927573188604219,-0.9485588045242417,0.40623319530959445,0.05536172650486207,-0.06712769329148954,-0.16150379599488449,-0.23846866373795156,0.11397313678072393,0.0
1.2493795404903285,0.7801857751123902,0.27700672591814585,0.23017390503751692,1.2983059486102013,-0.8444713396138436,1.1006682310726015,-0.21164567027184716,-0.9300812860961825,0.37522218455286294,0.1180960974791847,0.21901449176426233,-0.11154755633557924,-0.11719712409193037,-0.0031064324765342904,0.0
1.2036262571677696,0.7150763821775262,0.16251852845999504,0.23702366881858103,1.2840369787841752,-0.8377040961631885,0.9752049073983842,-0.19310606332331653,-0.9044744619161214,0.30588019282233214,0.261766419785168,0.02553676691753834,0.025645858396182275,-0.10566140978966591,0.044455162560623186,0.0
1.3430515181495841,0.7363233531685078,0.30068367471724006,0.20255956943441475,1.2915209288058842,-0.8520987109409186,0.9849465961322955,-0.218635660091077,-0.9139198040748577,0.3612712394077052,0.30894834984928465,0.03000783790401968,0.05446985710360854,-0.08766191506583798,0.04937806080857145,0.0
1.2353859605368944,0.7142234400062965,0.26872081119249,0.25148876581354734,1.302702399559402,-0.8739254874601982,0.9056476094157236,-0.27706515618777444,-0.8438870696681446,0.3086835723256901,0.1017287803919919,0.0042835604708210545,0.03602478630907246,-0.018784228508228626,0.03712948976628662,0.0
1.2831009667324105,0.7056888346625393,0.28783142704399783,0.22876151023128644,1.2528694207999582,-0.8154422918715349,0.9861816516367119,-0.3501029868971037,-0.8378861455094235,0.32244910938433274,0.10893095858894938,0.04715362180950967,0.12826429819758348,0.020543119142473955,-0.146309089094932,0.0
1.3404117126756687,0.7657091849764386,0.306721565613007,0.26113499311775534,1.3653804244507064,-0.7306228508554475,1.048562374462771,-0.33288176499783806,-0.955215840852513,0.33150205489393453,0.14940307164988578,0.03770107174956176,0.11569552212408298,-0.019166909969430414,-0.06922766009093961,0.0
1.275408743547749,0.7381984660105353,0.19642130855247547,0.33245059662625465,1.323045875797411,-0.7857087218126688,1.053101316367983,-0.2974901564676611,-0.8835443443397981,0.29151698581036944,0.1764411781470246,-0.006732296489805469,0.32570884946083184,-0.06007627127039985,-0.017620001150422934,0.0
1.2298333117607505,0.7972969149607202,0.2988939195422653,0.21447609358682035,1.2928613847756485,-0.8436978797905633,0.9810505042910719,-0.36998875455871494,-0.8966261830030399,0.23144780275969268,0.20247270068324974,0.2220297228422435,0.3726508902644759,-0.13877668734565923,0.04634279166224414,0.0
1.3100106126956466,0.6472965008490972,0.25771732963754546,0.23185267308121157,1.3707968950830187,-0.8814574803091659,1.0093535720567426,-0.27542958590054745,-0.8928005695128715,0.13438107892102158,0.18114680855372986,0.18951995619113585,0.3293296150771969,0.03472016227096386,0.09089851364390406,0.0
1.2750935218349246,0.7619234480851698,0.3304597450464168,0.19007701532586546,1.3166476732395849,-0.7551393471186167,0.9741697262368163,-0.4168085734079119,-0.8292807535046828,0.2909407156431403,0.21140845223336385,0.2555962820604118,0.22718479059400953,-0.17616804140708822,0.1376814606078257,0.0
1.2773876403583975,0.7789354627792755,0.28878628909735776,0.17937237307750242,1.3021645365877046,-0.8549274842316064,0.9302687153663161,-0.35901359555194884,-0.7979814334558284,0.22009340707542394,0.11912794508121387,-0.02393654963913172,0.3264166162888684,-0.0753020602859966,-0.12463395719713809,0.0
1.2828046176066115,0.6612292771510403,0.22010438058279325,0.2600449841138745,1.3648534728196335,-0.8005128877506951,1.0298558703014766,-0.4204946159704016,-0.827908432936511,0.16770445156347216,-0.011637340645032884,-0.06823985517346412,0.4330884511887281,-0.08995396883970114,-0.08901734535731975,0.0
1.3669396712778767,0.6473249336280982,0.30112738087792734,0.2387434841247344,1.3889495068968425,-0.9071454000898599,0.9935968828152031,-0.45527717953503116,-0.78969656892898,0.31716766159836096,0.10957561580481974,0.03611969795323331,0.32616039489002974,-0.15379436174319486,-0.09220157102320606,0.0
1.3236664071042603,0.7205028944429942,0.30872352597060737,0.1974860948974798,1.2856684222379267,-0.8218155611368508,0.897840208185936,-0.5124171424270294,-0.8349729438173373,0.16782464012670845,0.051639660336312204,-0.10743768317587313,0.14382274994983085,-0.05748948113849264,-0.1032766486272827,0.0
1.273699023998463,0.7026180955271619,0.3204875846366634,0.21025524920813218,1.3778784703475222,-0.7548915823243014,1.0389183088460758,-0.538764411440835,-0.7168745764258548,0.19370186534022799,0.11445412104141245,0.06299557947767526,0.11410071736069857,-0.08083465310391189,-0.08059081164140837,0.0
1.314299917249198,0.7179609926812816,0.2044491513513083,0.3001066814320504,1.4021029713442987,-0.6817116659513897,1.0298538991927297,-0.4396632680941431,-0.8207193472087876,0.22158691916986395,-0.09238116225965137,0.029452865063595395,0.02766903168445966,-0.1354931656693205,-0.2737241500055966,0.0
1.251688018392694,0.7357835102111896,0.1838593810673132,0.26574151587089834,1.4422246860191654,-0.7321902250063107,1.0970084108056197,-0.4180577541794559,-0.7737989230562098,0.14051548515485704,-0.07285614899523264,0.011709552631083357,0.06629501969594988,0.06045230887619063,-0.1288216503118532,0.0
1.3067691372551486,0.7510271419634491,0.4027320874240091,0.31147533304239267,1.4816250229830308,-0.7832110278515788,1.026572974011397,-0.4999961841429823,-0.7977225422796933,0.1873811037478435,-0.2607228417310758,0.05989594571751735,0.02829792040636646,0.031888889546751,0.03411847160751394,0.0
1.2223118117117597,0.7252961823048963,0.22889108260674756,0.34716110190577765,1.4408329347225537,-0.6711237203792187,0.9992558584875314,-0.48224886433376246,-0.7482912736596415,0.21913327378262765,-0.21330040753850904,0.0038807718540503494,0.14227194040221294,-0.005832441426850549,0.10679189664511957,0.0
1.1962459799380285,0.6775667089239078,0.21297238971344873,0.24811724057914356,1.4064873437022483,-0.6761778779578804,1.0004468507202986,-0.5020641011634842,-0.7585425738729438,0.047401636645585596,-0.21494480992531248,0.048597831133110836,0.05730853822005286,0.19379969315920442,0.1723100231981718,0.0
1.2877985500508422,0.7339450749732739,0.2692717189457268,0.23869992371373655,1.382082425729286,-0.7706052549193885,0.9610481094916882,-0.5617395181546527,-0.5969064352207211,0.25352237696731195,-0.2686755668035573,0.09564864186865597,0.07029242188786718,0.22946608989569278,0.1117853791557352,0.0
1.291084746410244,0.7942404615917088,0.1849890166174774,0.3173147785467495,1.3290440073151901,-0.7890148634822945,1.064486610160389,-0.6089565344206236,-0.6842917072363747,0.049607783791769125,-0.36993244601734193,0.24932286588443275,0.14610176452988102,0.23438221794416983,0.12613753434695202,0.0
1.3147575045256747,0.7652241038488614,0.3181682734476724,0.28931084655135225,1.363874755285552,-0.7301993103173209,0.8811195225682884,-0.5917628800813269,-0.7028392492277701,0.10823467744521473,-0.3299606471640445,0.15447515020774072,0.1580155876094639,0.16375768805802451,0.031245294070287664,0.0
1.2447999998566592,0.8879434611997834,0.19482571872113097,0.34396445783439433,1.3893191948311883,-0.6969321861741756,0.9946278882324191,-0.5665166427813317,-0.6697385737627117,0.12339482027467616,-0.18002449661982825,0.15618908637207216,0.08406674871088438,0.09041605650650983,0.028222262864083313,0.0
1.3689852978632413,0.8237867018046436,0.23236780433646675,0.2751267466246726,1.3113507081011868,-0.6783355332236819,1.0228165969918,-0.5796248457463392,-0.6499678276525965,0.0643495338031489,-0.2592859371051023,-0.0013683002629364532,0.055648860320439246,0.16143928529272533,0.12359421868160952,0.0
1.431515845940394,0.7653991861397045,0.32868556050619274,0.1885603713829832,1.4055087739546297,-0.5396707578286835,1.051483000793037,-0.6869279509448772,-0.6314116945814641,0.10425484489406592,-0.3139696244538924,0.06860375547646536,0.06361501306091377,0.008846810276132155,0.09079844677046245,0.0
1.2613353281520374,0.7996694840875136,0.29041383783103175,0.362549632312312,1.3634990906331859,-0.6240087378445042,1.0548493191176584,-0.6747792389862912,-0.6047139902007707,0.12578891986077734,-0.009869740568433677,-0.012830272489425858,-0.0244548885427808,-0.07831758545966867,0.11848020787167493,0.0
1.3393037309321774,0.7746569856801727,0.2901018448489932,0.2235259736693371,1.3783721417207,-0.6593702970733971,0.884741638316408,-0.6666646988208963,-0.6071767210834744,-0.040122377085245436,0.03565396078440334,0.020505233553526993,0.16734715063237277,-0.1391229126913905,0.07144207699650362,0.0
1.2711193088852035,0.756291810946303,0.34324165877125273,0.26490943967368513,1.362416793160823,-0.6481563332746694,0.9723343691208944,-0.5737033490694785,-0.6257903220742684,0.15036485014864337,-0.05653784133565655,0.12129714521688334,0.2100421026211604,-0.23989182005249704,0.03674800709909324,0.0
1.3444361283608057,0.7419753904690521,0.3011533742884517,0.22831079220594644,1.3837997775565907,-0.5878405242064113,0.9901959204944194,-0.6818763278690971,-0.5593979719039386,0.030787656533252945,0.16519039614617306,0.17272593515053172,0.09111350422363876,-0.1538219350402161,-0.1670295408478545,0.0
1.4045675477926252,0.6998429117170681,0.24964409003419108,0.2350195285902069,1.273999788167599,-0.5871929681470799,0.9556467072159218,-0.6743561879106708,-0.4853594138167905,0.13780674340481616,0.008257722721804653,0.22386714529224302,0.05685901191975521,-0.3125602580365597,-0.10672018662038939,0.0
1.3546718072235406,0.6893227782599767,0.3037252034564426,0.3490130994072829,1.3717130659473018,-0.6738168432084589,0.9629937412622953,-0.7134480833173629,-0.5781586452186359,0.010765498830030373,0.0809422091783351,0.162199612365952,0.03301886528132071,-0.2919501968272006,-0.09797907729295373,0.0
1.3222275329244397,0.714422435471437,0.16840962276593502,0.23374525890902997,1.3877590828996804,-0.6570372499131762,1.0428666460752027,-0.8279986089249719,-0.5806839963401494,0.023389059369582983,0.09747340998719695,-0.0774526150039162,-0.1048600633807267,-0.18283964067929515,-0.07030768311814262,0.0
1.353143065004536,0.8523441141855579,0.327377716870668,0.2978579487118371,1.3721534139434506,-0.6907945672414446,0.9632336001590788,-0.7191759274626028,-0.5173758185992333,0.013872151310971975,-0.06865573612878681,-0.015891884850129517,-0.13281464567640527,-0.12869800295754338,-0.15378864927448055,0.0
1.4076579639002906,0.7496973360582498,0.26553618898131714,0.2870501288873112,1.348909188917346,-0.5769366622143819,0.9374164716811157,-0.783092067575587,-0.5852096065699842,0.03602911586778862,-0.0640200730641791,-0.16370832174263347,-0.08125704270857326,-0.006071851717704621,0.13422483789998121,0.0
1.4456878592141438,0.7781077659256536,0.30797512831478185,0.295688504567841,1.4706417656074593,-0.5410246965622255,0.9767023082878888,-0.7581587341905827,-0.4051844690201021,-0.0672626154581495,-0.09425328305654514,0.027822603091203005,-0.16151773203541192,0.10412469468470503,-0.005890482234617064,0.0
1.2783485829832695,0.7923370869513562,0.21918546288823482,0.25581178727069726,1.3012435050861784,-0.4570559024888212,0.9668915213367124,-0.872662884196999,-0.47876281592155834,-0.05722897408563201,-0.03787119169362968,-0.04362366214669304,-0.2152919898832101,0.21576217955000482,-0.08957985658997605,0.0
1.355223381226323,0.8635448466104344,0.25489900094655954,0.28556131323626754,1.4059914619675653,-0.550486241841914,0.9381221171900471,-0.7805378893364672,-0.48793108960823967,-0.03651742405386912,-0.010808258910172494,-0.07756061873527878,-0.23512306014902812,0.01752296345866533,-0.14671062479223232,0.0
1.3086566155747543,0.8061783968796055,0.2753251952036644,0.2843859895861375,1.3819747242312612,-0.43867998619541043,0.9110360942925801,-0.7855763447651851,-0.5072821622185274,-0.0666311795338883,0.082362873646545,0.11446340259714552,-0.13627436067119392,0.14452712330819975,-0.0668221247005023,0.0
1.4815841584615086,0.7920994436088649,0.33194929696423203,0.2653636263639539,1.450272146742843,-0.43468407545873033,0.9564703953815041,-0.7095894654469124,-0.38046253037324534,-0.01787842079922753,0.054037244341378333,0.24980246160141012,-0.13750672536081882,0.13426761558613456,-0.08951300276007441,0.0
1.33376911038162,0.7310544021494261,0.2626310581090685,0.25921769999963323,1.4034755040757179,-0.5415445640781914,1.009251517690065,-0.834640205938363,-0.361634906401863,-0.14042792829571893,-0.01981719345384262,0.05859532238162937,-0.05399567335183281,0.20106198900611516,-0.14306923735722804,0.0
1.2639123939370038,0.8552519697580909,0.3466451634760165,0.29732119995471107,1.3985148906434053,-0.41554413598897566,0.925147632508626,-0.8313820656198112,-0.4049279810849635,-0.07565488957445572,-0.035641819376412004,0.1641269919941869,-0.05561247123865766,0.07628317953712713,-0.17269343277729643,0.0
1.387327582063897,0.8208959770487874,0.28166021394970153,0.30203017369881635,1.4299562885022008,-0.38173309239046915,1.0066880919963892,-0.8497837219367608,-0.4026321498083485,-0.16780385228107808,-0.16977609636058633,0.09884314812087538,-0.02476765945891752,0.01671701129148328,-0.03962868124716312,0.0
1.3565258860033387,0.6848349478837131,0.3850494601362182,0.22523318745041493,1.3832040901352127,-0.41206965222891206,1.0822678096231158,-0.9108842914700152,-0.37150262629239555,-0.11459931008161199,-0.19315033898915382,0.13508730190954576,-0.06058198831444164,0.029404012787782215,-0.08690024920127758,0.0
1.3974232336061871,0.8202502455397486,0.32198245987932206,0.25905576632120164,1.4028953237742463,-0.42055438761849434,1.0095111093593274,-0.8886825061914523,-0.3072790286468292,-0.048687014202090206,-0.2741193983561915,0.05653101627364831,-0.11248728161989174,0.10257449811780961,-0.055227079233897,0.0
1.3360143133186455,0.8200643634680471,0.30627557121400445,0.2802456144343878,1.3977786836886819,-0.43516246079147936,0.9023332406103727,-0.8646105765166517,-0.34580104877329987,-0.18018428237183984,-0.21706105993611446,-0.08344206256872641,-0.06607857486650626,0.1472653186427123,-0.12038691623240388,0.0
1.486749474452055,0.7360429759294107,0.26502538804231623,0.32631175774355403,1.463975201788563,-0.3296772880048055,1.016152497349766,-0.9107550501415992,-0.30178305109151177,-0.0527692341948188,-0.04764062890758887,0.02559270406227806,-0.093961852813847,0.020309244369384458,-0.10046249059109422,0.0
1.4111834579768823,0.7807282980010576,0.3767617594470534,0.3037496078582106,1.4432894333445587,-0.36374877510475395,0.907484561795627,-0.7709638242970877,-0.2659038914887044,-0.16933709105287795,0.11417804742917206,-0.09018848384731845,-0.028864310680577904,-0.09218852909545412,-0.04074445525805671,0.0
1.3452197076867116,0.7586489975693079,0.25782572960586936,0.2741370360553826,1.4325433134752377,-0.3154673644171268,1.055448715765763,-0.8821886155141582,-0.23430331888137923,-0.1246991292179758,0.018173485513285383,-0.09250255746918845,0.07422468081560792,0.0048185625353151795,-0.1460212200921792,0.0
1.4433957883162054,0.9069330592077957,0.2908026058581349,0.2892311269283451,1.4311296310525639,-0.45091814409127906,0.991906382940663,-0.8720669836842665,-0.26190968944906934,-0.2296177717759828,0.053119601247322235,-0.2281374837436846,0.1215703541578092,0.058676728271492694,-0.11043481708502165,0.0
1.3556655608300392,0.7661230044567477,0.21616056376692278,0.23273898463214754,1.412460803376577,-0.2893342072107094,0.9817969869968735,-0.8975817285876575,-0.19657213572132023,-0.16734466982335214,0.02759898773125241,-0.1547624136205974,0.20913943769979362,0.13023541605109476,-0.16830573924751024,0.0
1.5260846289807304,0.8088616001955425,0.2830054758401457,0.3194527973560653,1.4105369551134972,-0.332907396139916,0.8668721876387537,-0.856772425447269,-0.21985290025346477,-0.20888943829481166,0.07932956646970299,0.018312905183741776,0.14389042718554176,0.13100173537240292,-0.19857468601406902,0.0
1.3776658775030457,0.8664340537217222,0.2555845288840528,0.3329458494781279,1.4093006131008952,-0.27746737613429096,0.9551933760741097,-1.011971031805018,-0.12580486415997882,-0.13693513224989878,0.08925512518389742,0.04210726033315377,0.01818684832797382,0.15766734667182128,-0.17963009108387312,0.0
1.4522320508217625,0.7940160417113618,0.3635549378342721,0.2674059309081404,1.4394686386842608,-0.3427866866332567,0.9864256797712694,-0.8938420573070444,-0.10040871028655834,-0.23548372214168975,0.07645896990573563,0.08033993653225478,0.1503780596699303,0.24882555976231419,-0.20392309571599104,0.0
1.390558047457933,0.8382147555979702,0.3011793914029635,0.35543953212952245,1.4160462166128525,-0.2589119722475729,0.9350863232159233,-0.9895512210758876,-0.12379887564599677,-0.19870917760772924,0.10526658302955881,0.1841980060271815,0.2396732599170605,0.006494489834153239,-0.16838651091933138,0.0
1.3618013193219405,0.8795005331760171,0.29204824801837065,0.322884850987638,1.3608633095198406,-0.2962420382508002,0.9353872103948487,-1.0083605695342788,-0.10796531591038822,-0.2519157917612844,0.012153780913021342,0.13036645487966333,0.3174253093669107,0.011489836952652158,-0.08668442600720938,0.0
1.390880131796922,0.8540179219958883,0.40407818851612803,0.3494802001357029,1.4365654074474707,-0.3885391929801003,1.0066055286140203,-0.9223244160689804,-0.14308536731742982,-0.2994841694914382,0.04372140034491794,0.046124353713957435,0.10748089436184649,0.06350194664552113,0.10743124023643516,0.0
1.4112089021417236,0.7744430298668368,0.2591237467029286,0.3533458458443548,1.4403012901963963,-0.2291756508898409,0.8832851558560002,-0.9974275667016053,-0.12051970002061736,-0.168331371065012,0.04142445202091084,0.11958509539828756,0.07871952591229586,0.0803129422096194,0.13784698989740668,0.0
1.3743953421805293,0.7612654673746452,0.3546823919649874,0.28653849358711087,1.4817500648309574,-0.25875966038628806,0.9307121773742046,-0.9662287054947548,-0.11200246355941214,-0.24106879660156216,0.04467501635012244,0.0039944326010212805,-0.008481405732899794,0.12710168116075393,-0.10648759612913528,0.0
1.4654303092667424,0.8787407153970229,0.2933185074244503,0.3029357343700969,1.4682845712001333,-0.22362935151972,0.9477672847357448,-0.9301794041498317,-0.05057905469708179,-0.25765093410827083,0.05663078366809042,0.0851146656181387,0.015126433655487732,0.13656613025234857,-0.1733136123790857,0.0
1.443762614260064,0.8122323404048409,0.35058244873812794,0.30114031784738027,1.361552045646961,-0.24984558419047256,0.9279964652537025,-0.9390288759512035,-0.10469201553236271,-0.30128046617380694,-0.019175023140385564,-0.02658225427126157,0.14234870224313717,0.3154092910923764,-0.205765987394477,0.0
1.3210095553421457,0.8324693632881339,0.2646437843563292,0.3750871111948368,1.5356288731417054,-0.15981999376168624,0.9483543417010063,-1.0235852241287344,-0.10424634127781035,-0.24627827702779764,0.09447695281752098,0.1620596062514184,0.21408766923031985,0.20025280206578344,0.022818059359023396,0.0
1.4305118930624372,0.8411973960384724,0.33132901302796486,0.3731911425712524,1.5295220793199718,-0.2147424242390565,0.9786163018923995,-0.9040517486618581,0.08091697466311225,-0.2493093252478785,0.05624487049149936,0.22664980547109825,0.27619156498325187,0.2462394664768695,0.020789424859840266,0.0
1.3629766935305112,0.7998213927002307,0.2246405505241349,0.33784390788621055,1.403504951157896,-0.1772882663815139,1.0184864579879453,-1.0210725551968052,-0.009897967081905823,-0.3171436889079447,0.13561322835447306,0.16264062679742688,0.1946934195634019,0.1487472479849458,-0.03652045769996559,0.0
1.4171040918814595,0.7735657409613532,0.2716641394987055,0.1833668661553585,1.4775906139330657,-0.04028798804177519,0.8660487774703253,-1.003680175033192,-0.0068320987140753926,-0.2629771728861737,0.04628237910696909,-0.00037204952995606444,0.047816483590240294,0.0983503920747729,0.037487366095209,0.0
1.3363667164840192,0.7722879552726079,0.3894469694229421,0.32243421188900034,1.4372867939373573,-0.16740344022778847,0.9095555512656285,-0.9860853423550224,0.046055565279011126,-0.36751605003201604,0.11396466597027904,0.03468517792661862,0.13155581703025224,0.0917751834868859,-0.1470054647673502,0.0
1.4681527709580608,0.8319928070316662,0.35105595261054345,0.3418969456639254,1.4227113958710025,-0.08405619174387671,0.9917201263143491,-0.9071629984890309,0.062488276816908196,-0.4138592261468684,0.053235546542195825,0.031681817850048234,0.11524145230410733,-0.013295123398034708,-0.04278936215909252,0.0
1.4531896077784614,0.8547790883473555,0.3543040772423094,0.35390998523620576,1.4561798718773389,-0.13753745967067876,0.8956545328279302,-1.051355564662827,0.13242341895429166,-0.41405851973906826,0.10360662454331998,-0.04590517039533192,0.10235122350159392,0.09900926850400707,-0.041133365817642854,0.0
1.4018228752453314,0.8438106268639634,0.2780697328866823,0.33320840188131007,1.4911413918656666,-0.10992117010244674,0.9338607737494342,-1.0295682710505139,0.13288733147804466,-0.33495845047420364,0.20426124861969375,-0.00038343761300651744,0.06014512065527323,-0.024739358561939623,0.06530491476998712,0.0
1.4461210678653171,0.8560687551738086,0.30891184654484144,0.2868980377282851,1.4567839691366191,-0.15125488334613868,0.9108412472295565,-0.9963010285830632,0.07765141462790744,-0.36613014471089406,0.16504158485844866,0.04593104266956566,-0.06238262101066842,0.10743123079604779,-0.04801350768989447,0.0
1.5263511751557022,0.8119793940155908,0.3530578748491046,0.19858064319393592,1.4576634095983616,-0.15901370108498536,0.8754747731243576,-1.0371029574525015,0.09512817529018884,-0.31421731176314316,0.15491848475862613,0.2277203534211014,-0.09270299598473383,0.2798363403886172,-0.18486578375012275,0.0
1.3583897466821047,0.8619989149506704,0.3411421896585578,0.2977047933795136,1.4679433623094091,0.010888504112546375,0.8646666345995753,-1.0621867959345703,0.13429716241529532,-0.3224734237193785,0.07707331282023247,0.0695352638056287,0.0010514974698252605,0.32799181247363873,-0.1000907984831238,0.0
1.4483621867245096,0.7811754920192849,0.3301735117636156,0.3351346566338999,1.4864795754311162,-0.06515560812754802,0.9369612002415293,-0.8985207744456263,0.21298614746289615,-0.3177819058117443,-0.06953597500556163,0.23090517552219414,-0.08435141900632004,0.2385097464505795,-0.08984845050275292,0.0
1.3441973881167941,0.8644090312315014,0.3660351371036553,0.29705533125019856,1.4242620948829052,-0.10775555145290873,0.8372609860538562,-0.9613358174844205,0.2770513013957113,-0.3829928649823489,-0.14775602271084262,0.13543139099091558,-0.02141725739283961,0.0386976305952168,-0.055745458383744326,0.0
1.5249490058510715,0.8218001677997679,0.20737780694618846,0.36914423277208236,1.5318389002394184,-0.035571898137508176,0.8598945709176683,-0.9851320968457995,0.19377461363514786,-0.5033535469486772,0.057056498627321095,0.02066608313750723,-0.03466909750971173,-0.03864381599495415,-0.0349024606996408,0.0
1.5349446866462604,0.7972813272608877,0.3084309895657526,0.25690154826037465,1.5007601006255744,0.04806150454109762,0.8885452723460784,-1.016181566609627,0.2263859029418481,-0.44323192089800983,0.08506126480993004,-0.13516539732231136,-0.10246889652019339,-0.060269370588506996,-0.0999945805497472,0.0
1.5017100415745936,0.7958433398850675,0.29574799587779893,0.267124390966751,1.525225931688167,0.005440958940423751,0.814934033848513,-0.8867557862762625,0.21693769877535252,-0.45797241289815666,0.015680152317577037,-0.09413200776466951,-0.07624231183693862,-0.03408477129023804,0.05852995359743603,0.0
1.3618203102248534,0.8403223194587204,0.30381210208765974,0.3243909679663757,1.4819829632272234,-0.009547017983592948,0.8760915774957372,-1.0334063498727848,0.2504713216503436,-0.4125472952771091,-0.05490803494125184,-0.10292524812865117,-0.059257804400667614,0.12889040129022425,0.11904024187510014,0.0
1.4086640695665535,0.8878968540506716,0.35026091271640214,0.3799075130768136,1.3758526742507398,-0.028208415538773568,0.8928527450923454,-0.9953072449293416,0.32407278175146725,-0.3682566163976493,-0.17286324869322395,-0.18503877443375677,0.09023432554236266,0.09328181780381149,0.056737530072384024,0.0
1.3511164228912051,0.8593534637036161,0.296820727019631,0.401943113918181,1.4441856419471295,-0.019020510258891406,0.8344987550097137,-1.0414860691699315,0.4010489594538761,-0.47356304487398276,-0.09398107274706935,-0.03245826113023663,0.1707917399940635,0.2022853148824011,0.1722655841774579,0.0
1.368709945089862,0.8847736061604726,0.3891825948340675,0.3490843975086878,1.4885799179984558,0.04917819783061535,0.8195707654740486,-1.0170772563878174,0.3154797549180634,-0.5155275347984261,-0.21150361533437623,-0.05582814655445828,-0.016226716070008113,0.12748497311685902,-0.016653492778785695,0.0
1.341343100200863,0.8725460801821194,0.32664715264977445,0.35051201886082567,1.5248910968273612,0.024716975792868676,0.8352987635481721,-0.8798940808484813,0.3364566394362677,-0.5168081195752552,-0.1743659615597219,-0.05859147659814719,-0.2677577287925129,-0.023773671552699438,-0.18996745289164463,0.0
1.4819997645356628,0.774263733433552,0.40545732994203965,0.3266828087373036,1.427113285783427,0.08672877897197921,0.8296661395937309,-1.038205969938804,0.3785501185150056,-0.5075692296168713,-0.008450281979863278,-0.15139111594764262,-0.26063695777426155,0.062236054269905056,-0.0354868826214329,0.0
1.4327509319337048,0.8075935055997648,0.3050283594364955,0.29989581613078803,1.4967279084042173,0.0564619225745939,0.7995327420644907,-1.0472266529652652,0.3950408318127948,-0.5123248496136534,0.1873802618299145,-0.3171431107051804,-0.1424409845495065,0.12673194964902457,0.06197609549300862,0.0
1.5051714242822116,0.838306206017281,0.320065124846411,0.34891782742659105,1.4021707569818644,0.25664032590681984,0.8578279563228899,-0.9938199683904776,0.43921451258840233,-0.5112166769234987,0.09345228733942496,-0.15607392972803802,-0.17380277825104606,0.05519658522987638,-0.0016901436432938469,0.0
1.4352646589659046,0.7806891696903686,0.3457930521694191,0.3285343330497825,1.526953400729439,0.14659286605208668,0.8697575671284469,-0.9555535207978471,0.34494799820361177,-0.47087368733625024,0.028132560752563138,-0.18001235029177354,-0.12177750504208824,0.0077488542372803546,0.037118300720740974,0.0
1.4862087346531279,0.8869816795296515,0.2657453285037697,0.3156442859681375,1.5240278777013734,0.1309713671485348,0.8665759547039192,-1.0241851415950967,0.33021493911127303,-0.4477713728655769,0.06027650416068625,-0.039450825749985596,-0.03065650892609633,-0.008487983066616425,0.13375931764738716,0.0
1.4397001858431149,0.8772756429632973,0.31589990325549006,0.3121462507986709,1.52823755327955,0.13426633553013173,0.7713733591884208,-0.9955388614336151,0.46314217387657625,-0.4567115077253662,0.015375371585254642,-0.286082781079369,0.016268218040592756,0.11356735117322588,0.09385427101389325,0.0
1.5451048913125585,0.8387165865749329,0.3698203595596162,0.3275139745985885,1.5540470365166321,0.2069434514179386,0.7220564971630858,-1.0083369139710343,0.3586666086599739,-0.5325500661902344,0.20893074042410126,-0.14291784502020607,0.1513190154543017,0.08181451649211617,0.17045603284503746,0.0
1.4281152009170004,0.8235304210563994,0.39984739468638897,0.29585727832401004,1.5542285094468533,0.1556646323732954,0.7595931071374133,-0.9351788748597382,0.45039967894891775,-0.6089091562253571,0.1057358737442417,0.17305118477912806,0.048302669899767836,-0.029795019784032664,0.08035817581165433,0.0
1.471514665866255,0.6908857061361315,0.2924163340971243,0.29805839691179015,1.5154217227961773,0.11894311731672212,0.7168182198535822,-1.0127980580669345,0.476089026876432,-0.595711516925582,0.14602835497596134,0.01917569178329584,0.139162563661815,-0.01349146652091732,0.08524697319921848,0.0
1.498565944627477,0.8683139796396302,0.39212532542191436,0.20446753813783508,1.5287357251178129,0.25656913560890054,0.7872416069924624,-0.8982452892988482,0.5408774658944411,-0.6612890800768372,0.08773077794357143,0.07665570933318548,-0.02562818055091301,-0.06501599979732753,0.022478621403630904,0.0
1.478211235699919,0.7810872747708171,0.35669423781825427,0.314423852752554,1.5274801490472256,0.26089007424357435,0.8852696498367335,-0.9234514394780402,0.4504310837475501,-0.5740568509606586,-0.04577667654471789,-0.09393958363948288,-0.026692572548716542,-0.04490880856382824,-0.04030664737998138,0.0
1.4318370659775694,0.8161425454876934,0.3290237601466681,0.24206091558425474,1.5500238781678106,0.18848869975980354,0.6413373870912228,-0.9940248409186749,0.5000075108118336,-0.6530534591606335,0.053931668340050504,0.07711054167363882,-0.186089808559308,0.01963013909697362,-0.06592832931465789,0.0
1.505345102672021,0.8323282981965329,0.2763386943632902,0.325420197785894,1.4964693059203953,0.29714383026518515,0.8677112874351876,-0.8465839473369454,0.6183289724731408,-0.5492887118931302,-0.04815433090072832,0.04356683985482869,-0.33995089777864396,-0.04436125327258769,-0.012066718173298678,0.0
1.4916005136271948,0.7198153261278879,0.3243409560952653,0.3449481633748878,1.5249146589365437,0.3240665205087784,0.8205444090613626,-0.9244635017509745,0.554343378143373,-0.5657606833122129,-0.005924702396770495,-0.05754001227053124,-0.10062882839001658,-0.09868407486839781,0.005003647539793611,0.0
1.459261262278967,0.9125579526041976,0.2986037205846847,0.3510840066110981,1.4569948170218021,0.374118555802597,0.7775969571874923,-0.985872795296883,0.5124402783469864,-0.4980847681990332,-0.06274260234501342,-0.04855671116174127,0.05171512499000899,-0.15212370914316808,-0.038832719216642074,0.0
1.585007649467113,0.8847987866006148,0.2870774513537401,0.35155660305886155,1.5316790181292383,0.38552943133887085,0.7808391504666532,-0.9851987577648533,0.6274018227645859,-0.5607307196064792,0.00727985992636522,0.1294009866833244,0.015529767380835894,-0.14271399870781512,-0.041806477361797226,0.0
1.460926306241709,0.9816717249167994,0.3003516323146906,0.39333532472761756,1.5500510480554526,0.35130434218928547,0.730934116470286,-0.9358514376776126,0.6732527261279093,-0.67001505192452,-0.0037259576821171026,0.08719696915571391,0.0071695937202928975,-0.12757390008895314,-0.013956102322631243,0.0
1.4512012923697175,0.8478509687629046,0.2910140426804665,0.36348497400359114,1.505898966864907,0.348231656868597,0.703395271863584,-0.951901351992762,0.5826280992440792,-0.6535300550011751,-0.05776525397637074,0.03283957023305392,0.05133719972536404,0.11330591501104122,0.02350748835401791,0.0
1.4711833130210423,0.8257459040827403,0.22838092297109738,0.2914681138511872,1.60194833271735,0.3651699394055343,0.7705101673277215,-0.9039752881102961,0.6159446957994646,-0.6844169441220815,-0.13871197591445847,0.1651688497234267,0.04754281496937843,0.053756628260115125,0.03320871576476701,0.0
1.556238724570911,0.9815610260509235,0.3490308585310214,0.3233758801859509,1.5610042020035086,0.3346503195038694,0.7183643681726825,-0.8840547826022065,0.649610310128696,-0.6632844563689584,-0.15987761817353782,0.06439766758211582,0.022827709436076673,0.040232374836118225,-0.026148639748615834,0.0
1.431654183666942,0.9314883769005511,0.3609520902158303,0.4463958481929161,1.5249528414385525,0.39717006300698454,0.8213051169295046,-0.8949907439571644,0.5866772656724691,-0.63596325728485,-0.0289211080693869,0.11089099745338923,-0.16733583790682374,-0.0869545281395171,0.06665068822592388,0.0
1.435378533382378,0.8032167167116103,0.3494642331190293,0.3715258996208591,1.571948216710541,0.4133150603492767,0.6784848973256095,-0.8108989223990638,0.6256593179803277,-0.7557211407143754,-0.06262533740539031,0.1205217596971255,-0.2354966316304004,-0.03591053563003735,-0.024957452362504844,0.0
1.475715413666039,0.9100885955175233,0.30578810338492646,0.37366415368554223,1.4925890630288945,0.37101532747953453,0.8017467978161822,-0.8401747896660596,0.6538645835932678,-0.6653022855971427,-0.17949357268718547,0.1539901244421278,-0.022045662635772206,0.05281727030525748,-0.08398986612157801,0.0
1.4565988051509073,0.9203999673779828,0.2738029158273825,0.4013177886895521,1.6077329134183305,0.3464932737577069,0.652659848092347,-0.7941959842197652,0.7779893965484135,-0.7404955564748031,-0.13876373684148224,0.1158279136290671,-0.026785403833704226,0.03840121726935729,-0.08741865033921754,0.0
1.4910464538213803,0.8819019526102163,0.4191032417091977,0.4543455263474677,1.570832279367884,0.48551462525970585,0.7600494472417001,-0.8546417968849624,0.7286903357950956,-0.6282394036172918,-0.08440530150119989,0.024511926555039427,0.11952967534646315,0.057883007903789224,-0.11939756678184832,0.0
1.526249083470665,0.8458150768270283,0.3297866774377189,0.4032013154760758,1.5955347884683426,0.318090417629142,0.7492753569778351,-0.8706286057003219,0.7174293570076387,-0.7429042111654562,0.07537177116889068,-0.08498499045788586,0.1254589244852961,0.0034277335719442442,-0.2702062123983812,0.0
1.4430617675490651,0.9038956754222267,0.3163889848858338,0.36147388739658665,1.612942442772961,0.45640318562869436,0.7078550551446315,-0.7757015353189725,0.8292635091611709,-0.672030327976468,-0.03756298591467689,-0.15137337085794336,0.1515473183157901,0.10136563179668705,-0.21599985697137894,0.0
1.436821175326644,0.8427192477148847,0.28456955148591245,0.35559555738572124,1.5724457790057897,0.3815959024796399,0.6989224850719472,-0.8167050600993885,0.6786043306679033,-0.6925923574833941,0.0295063558498656,-0.3123061498475647,0.14684287395119175,-0.004584397516651559,-0.2853637500909475,0.0
1.409124331073038,0.8637634134751336,0.3649372708545497,0.32433323344767917,1.5588386647294155,0.49507156961682697,0.6682207856284759,-0.7945422143951427,0.7563561065663587,-0.7011971210934386,0.09871934197117219,-0.25135001945651403,0.08817225999925425,0.08769782132256354,-0.10824450660118212,0.0
1.4941181297003021,0.8674300889302882,0.3796503165723812,0.3506346540490408,1.6062858671671763,0.5031817360253352,0.6763588167325816,-0.7924214664146199,0.7261132183031829,-0.798941586100383,0.1476794806481697,-0.2120126680421053,-0.12641441196291298,-0.06711056397896567,-0.039919536525873954,0.0
1.4709657881939784,0.9131804054849941,0.3351515970473788,0.36083941459567603,1.7374238232312427,0.4917478882044879,0.7070795649110553,-0.78902170950731,0.7008703791042781,-0.7139338681680699,-0.12698143097778333,0.07402619345190459,0.151602432255453,-0.18539660315846274,0.007637330921489886,0.0
1.4198624148065606,0.7942569573648056,0.43115752486400927,0.3661821436592826,1.6003027245813028,0.598942726531704,0.6616286933785606,-0.7812071850171145,0.8341841319006756,-0.6647641749349474,0.020401549441638328,0.12237019387599798,0.03378429867701495,-0.13955614962202284,0.007964280390886931,0.0
1.5028169636008197,0.9236358768106876,0.37245675108261245,0.4087440777986058,1.6193969553203538,0.5181408129564783,0.6637065780390611,-0.849669601451147,0.8238852298926039,-0.7526094043236381,0.04319948749626588,-0.07749947766813609,0.0002594795532723966,0.15742123983213208,0.038565395613012116,0.0
1.4011565650000946,0.8658538439659753,0.4724268687605472,0.4195880828445691,1.6491803116713415,0.5960567223365247,0.6776592698561263,-0.8433847624557258,0.8889831215526969,-0.7050706242530926,0.021033346665632405,-0.15502820414809335,-0.014853778483307248,0.044841640267292884,0.14100585344318872,0.0
1.5096010331844407,0.7881863322200005,0.40501767652847137,0.36960394392547025,1.6768127958078722,0.6282914264247633,0.6447903991440159,-0.6601704023214628,0.8008674512203516,-0.7755863895513356,0.03910568772652353,-0.13911550610758006,-0.03707024567393559,-0.056128109785487906,0.03792796329759846,0.0
1.5340698391156151,0.8628620575406245,0.3828667691195785,0.35638384870924816,1.584994472497731,0.46376776673338865,0.7204963985959946,-0.7173591149453631,0.7662476080543359,-0.8219254208394193,-0.1332818764836435,-0.00824255257689202,-0.0305093475077816,-0.17088059702016523,0.04496208076266401,0.0
1.459516843809541,0.8971598138880489,0.3988279335145317,0.43838212992522047,1.5469478258955918,0.5396394834748505,0.6583564549467303,-0.6659839058304231,0.8756607135086241,-0.8097184348553588,-0.11665572325698005,-0.02231489971023225,-0.06496517845132405,-0.226947972218251,-0.12255005362276983,0.0
1.5504059678738886,0.8722425580528608,0.3476309777741707,0.3333394155697112,1.6436508337398688,0.5528743670348502,0.7178429580642152,-0.7329423181645456,0.8860858926793619,-0.8423754404918415,0.05481358442650891,-0.09116176078180772,-0.1599054864626961,-0.303656998114212,-0.04060756926543141,0.0
1.4887516539541237,0.9871557000090768,0.3537780688830441,0.3390644659915152,1.5150594345788266,0.6546927819037078,0.7004465000998504,-0.6452253004867039,0.7483802733112126,-0.7796750617167371,-0.10314849908103407,-0.1139315392125963,-0.3013472231748527,-0.39228168494128834,-0.10755151302070144,0.0
1.5234386412744048,0.9217961078285493,0.4458256275052553,0.37068716452751105,1.5238741825795759,0.5937263257911359,0.608944827792828,-0.7632492152537134,0.8765831882805141,-0.8187359396403657,0.057553651853513604,-0.06771365602027435,-0.2240012888002245,-0.44026973372770667,-0.03185925885755851,0.0
1.5540370735960614,0.9163208619650257,0.3624010796588691,0.322121504452456,1.5647834604581194,0.47759801860403794,0.6477616099857375,-0.7830247717578542,0.9758550077188354,-0.7561229271727564,0.16305402816680623,-0.08979330272442104,0.057460578740195334,-0.17146993487953618,0.03450229758697562,0.0
1.5348765717896597,0.8038982269146233,0.29189183245969436,0.3559810124971671,1.6096652295215652,0.5667524292790976,0.6915721599261782,-0.6838685400414357,0.9265362782616541,-0.7822838056489079,0.26463433923804697,-0.1366399323149227,0.027331601066140326,-0.16498496675110352,-0.07334818909092478,0.0
1.5268419681588283,0.878737126020957,0.36364321839079156,0.42900240998310907,1.6001030247702346,0.6187222438524561,0.6314063202739306,-0.6669223488336629,0.9740674896177663,-0.8247468531150843,0.1668789050760537,-0.157396759024218,-0.027942161384367545,-0.1050276355980165,0.12200205239104536,0.0
1.5676768442940234,0.8417218441507213,0.37417655941366396,0.34496546669760386,1.5208326905450575,0.6416669534322814,0.6306092102624686,-0.6760965742134656,0.9167699196706074,-0.7862450237296044,-0.03652136555958474,0.05088122916391653,0.08975784090125404,-0.1443953470318866,0.06755367837692199,0.0
1.6154251060947804,0.904810814617235,0.37940497707669735,0.3975069076996075,1.6362754662775298,0.6695806951517368,0.5787868871305086,-0.5231154694187661,0.8940823146324358,-0.8178902433630795,-0.10586565743508625,0.13980694231710583,0.10529869100470075,-0.12938554526617185,0.10851219726378648,0.0
1.5888458817854814,0.9075695437079851,0.331952800399185,0.36415212754861925,1.6137782692202565,0.6879234971439699,0.5638356763340432,-0.6213756886295287,0.7875083539491201,-0.7610973124417676,-0.03918351120842419,0.02582537533704017,-0.020817877016324607,-0.15031398534313417,0.12501482174604472,0.0
1.6316869290875269,0.9078868930613085,0.33745038711794606,0.43703153620616897,1.6942274597581926,0.6500222040138125,0.6380770673941462,-0.6163304366395641,0.9721443796977671,-0.764694755044836,0.028050453510292905,-0.004801370148178226,0.09475968767941202,-0.41662576664560075,0.24940419885913778,0.0
1.5261512823005432,0.8697202896381908,0.38816024954441447,0.41822928166545226,1.5987398463162386,0.6876538976441406,0.47351981800505266,-0.6213828517628683,0.9779779392485828,-0.8737658034466094,-0.07642931945284115,0.0027493019840276215,0.0754307914291214,-0.21723827954042774,0.2912713990698077,0.0
1.5372684044404024,0.8892800265150097,0.35934252546396794,0.35283939456931074,1.6931015707078005,0.6951154317636961,0.5236045224058945,-0.5992172783572763,0.9073594006119314,-0.7564647256763225,0.159835799771902,0.05744780474615313,0.12017080559865798,-0.20178484241410444,0.2500818309495852,0.0
1.5396540388379905,0.8627741593792857,0.4481511261292343,0.42740055693031176,1.656791846563604,0.684453658395888,0.6452569793443864,-0.5703659477460591,0.9649609156768545,-0.8530374449322173,0.06760381876825049,0.14742235125524927,0.18033507832281692,-0.11510223155595235,0.06846783361420895,0.0
1.5472733563460355,0.8897567889816078,0.38937072803010087,0.41494784790770173,1.6171078931034963,0.7115147841139976,0.5658628920292547,-0.631912292456841,0.897516556168231,-0.8447826308708232,-0.0707857602184225,0.10214123062593128,0.17076863661008568,-0.05289820171550227,0.11744150897521531,0.0
1.4810585601026083,0.9151306240442716,0.35239350338285214,0.3822753126993955,1.6384276302791958,0.7156960559440174,0.5477834074750005,-0.5820250842492634,0.9520198825736588,-0.8932085674241343,-0.13285145079572624,0.15356776655994353,0.2947314902615771,-0.24129124234729454,0.317042646346792,0.0
1.5582254798858706,0.9735869152289995,0.3931636849169222,0.4121783179174405,1.6640526019901232,0.7515331695374253,0.5356270072575257,-0.5035004987852811,0.9454909659236633,-0.8475180703309374,-0.16914008962378627,0.10231859512938088,0.27378803329524193,0.015916490387095972,0.11871055959512164,0.0
1.5059943594016867,0.8373937556709811,0.41618441146641694,0.3749746301034418,1.611625038529086,0.8072144468437511,0.5955876995001655,-0.5480567329082957,0.8784102492534175,-0.9831936715913556,0.03537890383821306,-0.03016195535383169,0.2162412068196524,-0.027223818985912925,-0.07673420916624635,0.0
1.6345834851713432,0.9113509959131423,0.3612790530560465,0.3595451920707878,1.5852893324640331,0.6969827100655139,0.6032025211054552,-0.4526385548360924,0.9373021185698761,-0.8158331674265393,0.10576095758127596,-0.13770713495609532,0.13909941060037678,0.06322595351394662,-0.13710969340925092,0.0
1.6088042771303288,0.9007873558915385,0.3707055489770304,0.4702912423817349,1.6830919333943941,0.7444834424440577,0.5192396271907249,-0.39551124925429926,1.0363458242724422,-0.8605588188487332,0.1083818624404064,-0.11334276071885628,0.20841555088654595,0.006819889048374481,0.05817249067869634,0.0
1.4946374867446273,0.9127402530989737,0.3285175288426645,0.4575867939511483,1.5615284941019474,0.6962738332788079,0.5586227204834354,-0.41727301467878836,0.9791266941207137,-0.9339911743662084,0.07878396110969973,-0.17923430526916861,0.12713057356978508,0.006592688685048683,-0.08210520538529596,0.0
1.5081958775778528,0.995489750496625,0.32393011044502995,0.38607428659558246,1.6429967082042658,0.7813080899048045,0.46866886606522157,-0.4226003410154169,1.0047301413251029,-0.8536925780225916,-0.013338108606775548,-0.044145583325379975,-0.05215267612559786,0.12606071975032646,-0.0879513727466692,0.0
1.5473414469000752,0.9539386922581619,0.38904012445014624,0.35189910857080614,1.6800696589017066,0.7997806499908368,0.4590945211864006,-0.3988274072436246,0.9303745000095868,-0.9132879695366362,0.013246173042367793,-0.03481763477588898,0.09129258525915684,0.24723069039355133,-0.06369052020392042,0.0
1.4419860917076661,0.907666185503155,0.41890790848955534,0.44045716033351306,1.6068048320229944,0.8843418353256898,0.4714928199535523,-0.41412971721928604,1.0717660361839059,-0.9046358878938219,0.08016929565913035,-0.1519871696656114,0.07460316032238766,0.049691480526757786,-0.028474946290915154,0.0
1.6315405662428426,0.889680886279506,0.36983833735633204,0.4507867534679419,1.5901459804043525,0.8069479735995342,0.5021440189032523,-0.3576107937310771,1.0899709938538196,-0.8199450078604059,0.14390311939643308,-0.1819719639995292,0.1279285913485041,0.032085544815822986,-0.06467373675629468,0.0
1.5034153467438975,0.9031469846634975,0.40195104024751416,0.42212958743477585,1.6816616812735563,0.8008012580536468,0.501340325073284,-0.3418671111418354,1.0376314743916293,-0.8916278710460204,0.18469208489853814,-0.017570321672159522,0.0815299291488113,-0.11533887794197033,0.028092536915303765,0.0
1.5081075604559089,0.9278603402201341,0.3992476367353814,0.4000423136196161,1.7180470896304787,0.8509720725716768,0.49000696397873433,-0.2729246785680746,1.0653287451548628,-0.8285361462298872,0.016635458660962568,0.06523097774752473,0.10749639425304908,-0.11135334420387133,-0.041611640015815195,0.0
1.4942207210348417,0.9339209035743009,0.45017496215414166,0.48773662377033977,1.7315111574801674,0.7874131899307244,0.5622779050173672,-0.3774411891822995,0.9305342142392881,-0.9529170307311006,-0.023516980212387774,-0.01708628909106849,0.07872897001305161,-0.06677448659421888,-0.012246189690051357,0.0
1.599769727334854,0.9113774673403905,0.3585441935911149,0.5262058750079693,1.5610471770557217,0.8589183911091506,0.5427781747998542,-0.28001515588765236,1.015796535018672,-0.9360351186328708,-0.05213983084947567,-0.04150073931319796,0.04012279469569507,0.0005652757725786231,0.058617915543562125,0.0
1.5931008071209818,0.9004787246871204,0.36885100857193404,0.4549197219726212,1.7127830488408025,0.8678904528045631,0.5180062626461575,-0.23943768720223396,0.9565534375026097,-0.945760127927043,-0.04228540375987506,0.09695740557872368,-0.05493983845496772,0.023366841410417376,0.09330189677929043,0.0
1.6382421593639545,0.9101959152826171,0.40864867911827985,0.331857177388626,1.6589523520070457,0.9550033031330171,0.36667666618014083,-0.2811162060702135,0.9844905809227877,-0.9877400472815202,-0.2006854461912152,0.009297698901445946,-0.20264444268008014,-0.08160504796790524,0.08248157917748863,0.0
1.6546268140242508,0.8600132265595192,0.39658944472085395,0.45383715616019293,1.6840345589936678,0.8898395050608182,0.47066259887013556,-0.1784854256386096,1.0327116826918241,-0.8025186833247692,-0.23945085034539182,-0.03720286507346773,0.07646084540883943,-0.2564225473018906,0.10771820853927516,0.0
1.53793890474486,0.9295384571330192,0.36260525723245995,0.4633994131695114,1.703905631584199,0.9300438406075743,0.4070374080093342,-0.3119549882445816,1.0707732503867757,-0.9306235891064962,-0.19954788227312506,-0.043902460545503605,0.016123654739260307,-0.009467344609769252,0.027746939132588445,0.0
1.5867702036645266,1.001042099568244,0.4521180787256851,0.28438503149177435,1.6154709492297137,0.8863840692226513,0.3611606376981107,-0.26022542963782075,1.046179330694006,-0.8756996982045199,-0.13645499686101814,-0.061617176069676954,0.22216154794905313,-0.01908315285170422,-0.07313907388829798,0.0
1.5137573722454876,0.9220019531299848,0.386285681338095,0.4574291288005477,1.6758247720413262,0.8588129863581494,0.44319091066610056,-0.16431889679106743,0.9561457757826045,-0.9558091717172307,-0.04484547459296214,-0.3287863320658647,0.20664437931081295,-0.1686852664512031,-0.159024197988449,0.0
1.4392023815247283,1.0544929607145663,0.4434733688862888,0.4665578256662431,1.7102764226327314,0.8774262713896359,0.40031032826625434,-0.22929626422425758,1.0119970133123684,-0.9592305732146669,-0.07558006583030048,-0.3895807023755472,0.2581348726594733,-0.15484959255453673,-0.005897133274127858,0.0
1.5907862191257196,0.9754922271475864,0.3915452859787873,0.39053855441558655,1.7105744509834129,0.9003961783689041,0.4489908711879338,-0.2818456891971502,1.0849738716052946,-1.0517560256823115,-0.20820951810620025,-0.20879285700332745,0.055219761030561504,0.03024149919258584,0.07353509832657797,0.0
1.6039112532471425,0.9783243083908139,0.46429171773352074,0.47298123516106294,1.7457245973212807,0.9297459452639247,0.37610540532765313,-0.12486323452774628,0.9899572853942781,-0.9146796722594044,-0.20146051563759834,-0.16476377270610157,-0.012958668539853037,0.20127058737264147,-0.02898386282751339,0.0
1.6771063546744776,0.8235233752045985,0.32505975422239525,0.3372513638246233,1.7196111900581126,0.8785878018439282,0.48218972689525214,-0.1933584232337155,1.021087747822943,-0.907161854938547,-0.19485422667597135,-0.20051914887735184,0.07179444119802816,0.11550712275525292,0.003202770523976599,0.0
1.6113137892442728,0.9307267976613975,0.3824319707109517,0.4086029429243462,1.6537957459190376,0.906558143494653,0.4244613073242862,-0.12253623493689056,0.8703980370264537,-1.0678673142666713,-0.1324824547145265,-0.22199464599986163,0.09288612606079882,0.06435900973580659,0.03318650903339437,0.0
1.5175537684291371,1.020712445419972,0.47837999804042286,0.4430216843569618,1.739218812711642,0.842477627590355,0.41417074174031837,-0.1724331754334661,1.0520280621165863,-0.9686310347446037,-0.05722504005092337,-0.1194045332509284,0.023644296172335086,0.20855558601213275,0.060916527878698924,0.0
1.5105122009501506,1.0022168340597921,0.44790962676255475,0.3377671631983674,1.7237639027748015,0.8261301129044136,0.42823948710088133,-0.1465025014311162,0.9887276335106674,-0.9335834037202229,0.23082873857371067,-0.20231340698783454,-0.019998073645678384,0.10169629472318056,-0.03171849285812209,0.0
1.647438172814778,1.0315647982437908,0.4782063647899498,0.4312497179033482,1.726561278605337,1.0106040750730387,0.3744874570363922,-0.0905873033216234,1.0193562659861528,-1.0109843007248855,0.3153264739040472,-0.11170136828370883,-0.15319438991339385,0.1408145631378619,-0.16360438147537554,0.0
1.6249840543208884,0.9656811280749419,0.32254032855528564,0.42908214870412476,1.7393504006562301,0.8597308555736208,0.29191633842138753,-0.053731013144161933,1.0095680136350986,-0.979719487697999,0.09847466105447455,-0.0727435847224365,-0.00216613219680116,0.05595671507098667,-0.07337709411620971,0.0
1.5373795590514705,0.892722437278807,0.47605722848146287,0.4145122133987261,1.7624263968076348,0.9822092993707755,0.4000619838115433,-0.06657719090701293,0.9097950919384239,-1.016569775308075,0.1448654329876768,0.06311027007654646,0.05097948303565659,0.09243157397946186,-0.01574597006127102,0.0
1.6166516880011965,1.0638637082931939,0.4350037773866665,0.47822677948619435,1.6655499580152768,0.9343419295403874,0.38613655930673757,-0.019696197169909987,0.9750857574433038,-0.9498049595367068,0.09028856939404509,0.062304194666665924,0.14623890700965525,0.18830453178884943,-0.09785720126032155,0.0
1.6382429823130917,0.976730437644067,0.4034035464286413,0.4467948111209608,1.6544805849160402,0.9970904148667289,0.3213254188624994,0.005856331287017702,0.9785875081946245,-1.039186746128311,0.2379044128903345,0.12750337044568438,0.11372651940614549,0.0607163072311314,-0.15247878317575048,0.0
1.5377838120792249,1.0684490116793006,0.38313570619104287,0.456414733371064,1.7734791268760728,0.9234010030239405,0.35472885233151025,0.0034780552953531142,0.9421653580892622,-0.985765761003787,0.21749742768941283,0.02951483299015726,0.04057259323229953,0.0016231372879460595,-0.12927061421291955,0.0
1.6010149362581654,0.9659116702593531,0.27179548892554634,0.483092159077531,1.8181120602081875,0.8871116058880462,0.33008427481433833,0.06772320452413211,0.9966284942897603,-0.9725386940077289,0.2676315621099377,-0.029456631669393465,-0.07877009379099754,-0.21238722259477674,0.011241093077394584,0.0
1.5847970208785063,0.9355159126152179,0.3594956401424907,0.39070446431385286,1.7103748907493275,1.0219481703752504,0.3028827015896336,0.06814101216554165,0.9541768606069639,-0.8865452734341261,0.3213873893003821,-0.0623638021850358,-0.13930408206678496,-0.138831509435765,0.06309312938044011,0.0
1.6857238931763523,0.9365418351183632,0.4164284128787094,0.5623111404325792,1.8488898299330794,1.03903446678517,0.38101074649742245,-0.02569142720917284,0.9242959070191968,-0.9436409758484636,0.30819720722661526,-0.31659873871610417,-0.0009116075302440935,-0.08003839216999276,0.15674435307573695,0.0
1.5454797817842614,0.9404380718280609,0.3338199402539113,0.44815523862728235,1.7673764138240355,0.9081785446925239,0.2502172034384361,0.12779879153257234,0.9981466854638521,-0.9652185968678312,0.2710867612867006,-0.26598731195606795,0.05413737087675713,-0.020581873125329865,-0.0467519533014089,0.0
1.6372399173816579,1.112648320473922,0.45100167771739125,0.48502909202559064,1.7713401694566397,1.0390742166574383,0.31601802983888955,0.027740728575147783,0.8602173207356392,-1.0759953414783412,0.1449130199913418,-0.2970108942702145,0.14424822151737593,-0.18026254486542626,-0.0949345300150845,0.0
1.6197245682593564,0.9427063594560523,0.38474431832279254,0.4003505342291423,1.7122337246779564,0.984006863163322,0.25766666065435195,0.12656465437125883,0.9872797089123316,-1.0110417078346206,0.06256370791832042,-0.1254646207045565,0.21606495040885595,0.012908475231972194,-0.1382142468233277,0.0
1.5591932762583547,0.9261938634993638,0.39449497729249583,0.4496998866780221,1.8137251495580409,0.9063507865303744,0.22639618808049075,0.1512172428944738,0.9146372201225854,-1.0197496687531333,0.15978821177015262,-0.02343232865596044,0.3683956671015369,-0.133294629782674,-0.16077909083401049,0.0
1.6151236528394954,0.9324598084413404,0.41092117094411235,0.4368268446295875,1.6743782942057495,0.9779751814288852,0.2729366316123317,0.17815023849674383,0.8608899190829972,-0.9929514995871078,0.0970079518978418,-0.03732739025260593,0.25917731718265835,-0.04093767386505114,-0.09606350879824116,0.0
1.6400809754739896,0.998437115476927,0.41787829330273746,0.4934083539400259,1.7660069111893946,0.9462493477651733,0.33427040912011813,0.1449685144099085,0.9308619711088779,-1.0328043568681593,0.02308779472736002,-0.04985574269583816,0.21187168950996763,-0.06654236800535834,-0.10253431488415424,0.0
1.573282227031471,0.960593237091712,0.4527604322466766,0.511875561248023,1.7644958398860033,0.9828375906963528,0.24994060998394754,0.15311701265400662,0.8748145105378768,-1.015784625264178,0.03838579356480287,0.03977646624086269,0.1685452239151788,-0.04479556222099441,0.056831529782821466,0.0
1.7054345519922511,1.018809483660717,0.3876361232613402,0.47587325497728344,1.8417720590156046,1.0022174227084466,0.32734953480937606,0.2633875118315392,0.9031673048335762,-0.9518688731625292,-0.07849343733112972,0.13019211922014717,-0.011136264549459624,-0.13895373808726627,-0.0787794842350347,0.0
1.688891883206174,0.9275339895320744,0.4019906638619079,0.5727053539979235,1.7583036540338983,0.954616041398528,0.23241259006540993,0.19191356940124704,0.9018440987787385,-0.959336676579216,0.006471454673343993,0.06533094836920614,-0.04801882723427346,-0.10332075262599721,0.03962034160805871,0.0
1.5981878633075015,0.884371291209139,0.41875209543521363,0.4732461896391047,1.7825090729826782,1.0385308028581421,0.20706797428415488,0.34247070360322796,0.8439740897092035,-1.0442310939697368,-0.006207927591160495,0.19865759810012001,-0.06096287550592699,-0.1624043884212272,0.1588747013817607,0.0
1.6569029632656918,1.0194231307741384,0.39681090664167395,0.4384182048370502,1.7579461227051947,0.9425891485137147,0.2849927480774987,0.2022952842598813,0.8618432098051217,-1.015729472241016,-0.05023095263922116,0.22212807026203743,-0.15444959388996415,0.11639872561748456,0.16416773042014174,0.0
1.6545360705434167,0.9782621642421708,0.5110886818587975,0.471139035044866,1.747173349378344,1.0198791076464775,0.22645569541622812,0.20689910803883277,0.878160900599934,-1.0386707936664819,-0.02589179931607815,0.07523166918137292,-0.07667558609459707,-0.11930703371184212,0.019934780328424648,0.0
1.619474127895007,0.921462328676836,0.3893750291644044,0.39602243064967885,1.708228995646336,0.924201296068784,0.22984362711506198,0.2959848524804092,0.8247926371366522,-0.9409400214800039,0.022484484846218577,0.024409531105858102,-0.11976626689580074,-0.23369592175546539,-0.07063804248737525,0.0
1.622899128143074,0.9121786165809672,0.5002905089449198,0.4927463969651682,1.7920175070814723,0.9225469320406853,0.2145186326433818,0.35631179301504623,0.8930169846527918,-0.9193746327976196,-0.024794132562128337,0.006260857245160331,-0.13559376943634596,-0.3408713492595402,-0.15933283308401303,0.0
1.670597698734706,0.9237196765662927,0.3987822491169609,0.42245648128341606,1.6675478985083694,1.0130952158486728,0.21113465267769532,0.3453413960239244,0.7680928816565703,-0.9943149043826081,-0.15314586229550103,0.21831828277202953,-0.19694338140586726,-0.3032374863771738,-0.09023628909394905,0.0
1.614749158084315,1.0283485938021264,0.44363561268073354,0.4226965836235971,1.7200366389011577,1.022757883791232,0.2260779203404671,0.3617655876653654,0.7403432922100086,-1.0046448355131798,-0.04136680996423163,0.15892694265824592,-0.21274391795852127,-0.2886904893219679,-0.11503655476377644,0.0
1.6396745416424208,0.9303715710952944,0.5284209247394572,0.47850054299767875,1.873482946591192,1.0565729671023918,0.16352406808539025,0.23187980775749178,0.7435527892609542,-1.075221140560675,0.06690299436277067,0.18771712134492416,-0.34057553288663067,-0.26154153786279644,-0.17449987592954183,0.0
1.7012536055770584,1.0373803937040957,0.3537145981775998,0.5119077116925235,1.8401044035693142,0.9432442184485557,0.21429883740385935,0.35282162764630115,0.7923782652975364,-0.9090255344548588,-0.0379199777183893,0.03841284686607849,-0.35916037287139757,0.05817519564082052,-0.04696024454019075,0.0
1.7025184242042033,0.963829286786042,0.4109983486287906,0.4322684429691271,1.7213413295551159,1.1002736860134747,0.20758671208805352,0.3731744149007478,0.7727189023623096,-0.955093200280419,-0.003272145959544309,-0.089992310083965,-0.2583371434113895,0.14565165459733118,-0.07920437864360719,0.0
1.5918346713848728,1.016529874791156,0.42781178065061143,0.5092166506237442,1.712428154077171,0.972697141926186,0.07035218707807375,0.4368143716887457,0.7023014841823608,-0.9444481543827369,0.05441541435723872,-0.038959512795374115,-0.3532427718923712,-0.048994228432830536,-0.16917411863731335,0.0
1.7477039478948404,0.9598949964177235,0.5309953916272685,0.5444377493095924,1.805376152590887,1.044454690157317,0.0917574133330685,0.4154872179793789,0.7173190478826276,-1.014804546518559,0.08175687705699011,0.06675087217577062,-0.28477528221940834,0.019766522140480983,-0.15648179193474387,0.0
1.6553370327478212,1.0132658372877419,0.4017903091763945,0.44287296338198423,1.8582437843684139,1.0037257802462527,0.07010376316559726,0.5112646793591902,0.7754630981704231,-0.8253906991716912,-0.01628920909738163,0.22690570644178776,-0.10385318156611262,0.11368588908276846,-0.18912468628889717,0.0
1.5947025015368164,0.9769296181973401,0.5135551526690487,0.5345480728875996,1.7525055120751842,0.987937563807519,0.1260818379723845,0.4227263562431102,0.7338537160511422,-1.0139350383070356,0.11167201418222293,0.008374156179685621,-0.1021779288982461,0.18763331550347406,-0.18682317197780832,0.0
1.6188013820880487,1.0165853973088415,0.3463390024851298,0.4854429167924791,1.7539773588149807,1.0309620149451908,0.06018951794069516,0.4782722406354047,0.7142770163844735,-0.9350546247400596,-0.08317067545457264,-0.09939013257335338,-0.06339146963523087,0.08615115110218763,-0.1115806602605818,0.0
1.6268423945644703,0.9477667785483169,0.44617301421849037,0.5816206016864837,1.6744896037230643,0.9911631461662235,0.1736940163782858,0.4503832151960532,0.7028712992565355,-0.9181997679391521,-0.09054024465413768,-0.12720397721699042,0.0415561177636039,-0.0438223492265628,-0.04127613445822007,0.0
1.6467208485622602,0.9746811671490428,0.3944023266202457,0.4773719440157059,1.828507144070595,0.9597256302499464,0.09445374613326572,0.5053084626162448,0.6893504207064942,-0.9415850983034835,-0.041910093796202044,-0.34291902439374167,-0.03625205523891013,-0.03449921603911064,0.005207349743760845,0.0
1.673249470324467,1.059087968166898,0.424303129039796,0.4714478463803244,1.849322569893053,0.9826645986993886,0.057081290405415236,0.4931459705986069,0.7017616805200593,-1.005118905057852,0.06152602197643475,-0.29889812319285686,0.0673514258411256,-0.1986115859328239,-0.16400912356282854,0.0
1.6596286177731885,0.9894601077868385,0.43522384504568534,0.5306211929185436,1.774272275079342,0.9884228807401761,0.08117551994360109,0.5325807575348331,0.7031441510801094,-1.004927599946717,0.0601601005928014,-0.24154398530752408,0.09278913728730336,-0.20931739147928735,-0.09716563380328748,0.0
1.6603840639907583,0.9926722198517527,0.5008132485977291,0.4267771920742098,1.8396574653410587,0.9465875554226616,0.10046103808658247,0.5373580905191159,0.5888771027885428,-1.0536137356907624,-0.021332477256193957,-0.08981419546590011,0.1871624942725203,-0.37399923247495204,0.09605800023354316,0.0
1.6671009592545145,0.9691423769018389,0.43924545496649364,0.4381999556952195,1.8452783086332436,1.0331073341995374,0.043684517856277943,0.5705886111802188,0.7362951743348927,-0.9871971007328866,0.03281486335457843,-0.11120887969756788,0.03620489889447023,-0.2181199397410209,0.106951857463196,0.0
1.6761876572281704,0.9950860916557234,0.3905970631479119,0.45547599215614254,1.8737669478813772,1.0453283720395303,0.14433911947070924,0.6612462954034204,0.6123566993159754,-1.0234682218116753,-0.060800612994890875,-0.04114281546708569,-0.13239632667109422,-0.19443429301223422,-0.01945549082940519,0.0
1.630218897062316,1.080455873279849,0.4507280325908387,0.4934713418351624,1.835201688309985,0.8708396339194748,0.1562635493005747,0.48876422986362167,0.551008870403734,-0.9408737557901055,-0.08658341074269664,-0.07269438497041565,-0.20802255951383167,-0.09871735269376218,-0.01649931504881024,0.0
1.655901328641734,1.0738118276354656,0.42375166667757436,0.442749441942125,1.8867203346240664,1.0115192625436251,0.002948283018745411,0.5481238320866418,0.5887813534172113,-0.992354920761313,0.10558851553884792,-0.13882493615856378,0.030529459202291276,-0.007149856832633653,-0.2602050062420534,0.0
1.7185047808570042,0.9883694143265023,0.3598059760448653,0.4811165998280542,1.878025309235321,0.9838640211267906,-0.023670362103944416,0.6907053230567979,0.6005305472547978,-0.9571652168903247,0.2238498728070603,-0.01210670899816084,-0.0063281941657476505,0.1042838015417167,-0.11200488709742422,0.0
1.6582082186154254,1.0942975571714102,0.48889257157041877,0.5082793352254842,1.8620801628232426,0.984402507599943,-0.0525127479011894,0.4972201679340464,0.47816483911514196,-0.9426110883020005,0.5186215869427997,-0.20632081867184787,-0.11500231775686448,0.04856136955783198,-0.06873823181008892,0.0
1.6269435219385613,1.091846628860893,0.4152814635255535,0.5463522209110016,1.864766448171295,1.0151965775262923,0.05895748381610272,0.6545735660335984,0.5567511737196867,-0.922457345948271,0.3199215274183261,-0.02583950242420663,-0.09478517231778341,0.19239613535292963,0.04130389467779092,0.0
1.6704014561473879,0.9178310092079937,0.5194341159584615,0.5243980601526453,1.9254196484385155,0.9735741136606069,0.12318442530485972,0.6268750672610675,0.45026746030100157,-1.0310249461061127,0.06524987804867774,-0.09743020349901696,-0.14402552274875008,0.2697510131005738,-0.11834647894129202,0.0
1.575093054857569,0.9876830524824247,0.3717520872812172,0.44845280630434337,1.7733465397130248,0.9740043943308034,0.018343821417513118,0.7899636099962856,0.4387106692203462,-1.0128539314575664,0.019293293059033365,0.09834882426680158,-0.10818991849758774,0.24676708222979055,-0.01535275498491813,0.0
1.7081486666538714,0.9933111032283927,0.4649197419601277,0.49510217086206415,1.892376942306878,0.936074593824711,0.0007217178327490002,0.7119240581505744,0.502550052630422,-0.9036250524163343,0.03305469423139912,0.20875404012708,-0.16793386625044573,0.09898037400842873,-0.03243697276478434,0.0
1.6730250873812484,0.941441442538409,0.4332221506347484,0.6551796832272777,1.8752810985278656,0.9809226472692848,0.04653716221901571,0.7053497812443926,0.4391199442741371,-0.9536567419631953,0.10025028865970646,0.3375014447697857,0.01028637426715745,0.07430239366062209,0.16372829720014243,0.0
1.6221856949649722,1.0836933700538214,0.46367164445308523,0.5432571480473766,1.8323095690707598,0.9457253221698088,0.015112157151035262,0.6117868038047106,0.49054259285247864,-1.0322370830739152,0.006295287153369966,0.19526978294210212,-0.06254860593772246,-0.09401760488690854,0.2157868923779824,0.0
1.6396949456067367,0.9880801016208002,0.4926103445006717,0.5622914477002829,1.800410138547629,0.9637599356271049,0.03597545292715241,0.7610749608755841,0.39572529189943734,-0.9830282362303633,0.014939510863406811,0.10977389353027159,0.04184277544071983,0.03092642357280806,0.30036258192917054,0.0
1.6909681059456423,1.0206276157920224,0.4524024761873185,0.4558882284374095,1.8940590260083872,0.8877154891550549,-0.10844458928656352,0.7334579453493544,0.4171260632263935,-0.9658402318950199,0.023815863488659897,0.07489061382014711,0.07988812871278286,-0.07627309844041004,0.2694236365658675,0.0
1.6743541762954885,0.9802486143279681,0.4321446260441841,0.5366591020294562,1.950023099790226,0.895084449946095,-0.10914273163394692,0.6730484415688841,0.34098607081930477,-0.9259124382732228,0.03894285711297503,-0.10042548950315355,-0.007724425423478391,-0.09804062149362511,0.23711353722657275,0.0
1.670635274799405,0.9900656769598856,0.4292706271863204,0.5847837216647043,1.9684057397779806,0.9313639493175814,0.07429334957295236,0.8439619366445815,0.3068086933583828,-1.0016168579059936,0.12212701395376808,0.04231036284915207,0.04102234276711144,0.14004696301500208,0.004398309712172616,0.0
1.7320349104823685,1.061115179669736,0.428667954781303,0.5895503834305157,1.8406755092104898,0.829043319968284,-0.11391262711754416,0.7652819464556782,0.43523728594272837,-0.9624078726633694,-0.15845851432355523,0.03744930279708703,-0.11788196840081562,0.014854093615828387,0.08798103123082586,0.0
1.7302335687423656,0.9565406881315155,0.440893429646814,0.5179214475798736,1.9761006485890489,0.8848639947404552,-0.06571514884516894,0.7741375725745193,0.45218706823133087,-0.9486181067682089,-0.12240482863662602,-0.066646961566333,-0.08354081557689359,0.1269673998488657,-0.12888924122482717,0.0
1.75720470673801,0.8890092843852663,0.45099411847294985,0.5246344304420475,1.821715017653264,1.0027713301679895,0.010935365334012848,0.7478924296110318,0.346685615040265,-0.9554305375564627,-0.03286673383688754,-0.10960680866214226,-0.12380352994835556,0.06156432187136224,-0.15847090276195114,0.0
1.6967661689815787,1.1007219403558135,0.5470581401320994,0.4793884201640082,1.8338729169723071,0.9376027561790856,-0.07618633140882435,0.8213612955036411,0.4334039989622195,-0.9965711884095514,-0.14744411646212535,-0.21929143852211402,0.00867392748060894,-0.022542101845999585,-0.22318200350795597,0.0
1.6570823544581723,1.0079089340202858,0.47799036794481814,0.5823087757670056,1.8367282687802482,0.9156141338328716,-0.13334841105572398,0.756947439371652,0.2858168516796233,-1.041587192974502,-0.21596134610388096,-0.15360140984763052,-0.09797235476441579,0.05531811218359817,-0.1256637156049761,0.0
1.68191233173817,1.0945523776933088,0.4982501896142438,0.4949602978282478,1.8968264494697353,0.9390932960394442,-0.14430210955044412,0.7937320453473801,0.25509894463788957,-0.9973625674102082,-0.061947285295431004,-0.2954552379186157,-0.12455107435984755,-0.005454386905951528,-0.26355568376237587,0.0
1.7061888501354372,1.0229034468785776,0.4418779147644669,0.3801263877587838,1.9057110616355715,0.8388503695942269,-0.06809957829651131,0.7584305099288816,0.2332305690839326,-0.9149730330899795,-0.07325681628257676,-0.280121495292814,-0.05810501252948143,-0.12379538086830212,-0.3561575731809882,0.0
1.7070897097449111,1.0131167016402722,0.4471232197591317,0.4738121539388496,1.8966118488165562,0.8851553836167578,-0.08464752087935498,0.8129628958513566,0.2793512227988673,-0.8676799715174915,-0.08348154368155679,-0.2547867151052653,0.055559596234771545,-0.29777559318588687,-0.22124965055708776,0.0
1.7415263767164217,0.9999660203132092,0.47867472512939613,0.5252520351834821,1.8305784011154864,0.9329929122586933,-0.14149248444748727,0.8422572123331996,0.23772737790968987,-0.841541179802498,-0.16103527311692603,0.03504665915431618,-0.0887361101334247,-0.23944073964596246,-0.05492982877942218,0.0
1.7437273651044396,1.0843741121213617,0.4066991442952608,0.6218984712096389,1.8736890684501821,0.8801289337744728,-0.18139105912573983,0.8975097489499166,0.25061448541301445,-1.022482770272417,-0.15435382794358685,0.010519493240761093,-0.07588320404686767,-0.24845565853665028,-0.04607097128828021,0.0
1.6816240059716163,1.029934229077296,0.47642393199787036,0.416017822272304,1.8352731844916244,0.9013618164081174,-0.2058147578949185,0.8460181556232602,0.2021828991201857,-0.8996484926861636,-0.09306934159137928,0.15648571187091193,-0.007328585145636925,-0.21748494174003347,-0.028560688105174085,0.0
1.7485962378885793,1.061692580715141,0.4459245330063954,0.5706089805208939,1.9090871525283664,0.8286466613427359,-0.1593610926363623,0.911577011256286,0.13913458884973268,-0.8494039864159437,0.09558617532123767,0.2562905153570966,0.13984595957500567,-0.2167144931065732,-0.10828958391844196,0.0
1.704759704420151,1.0158832101988429,0.42544727935463056,0.49958120409908136,1.8378827961028692,0.881864091195919,-0.11175588547339767,0.8850446752192416,0.135121957718559,-0.925112399670419,-0.1311303571211292,0.26072130374760205,0.1362252936320243,-0.24239139968193618,-0.14547261041028564,0.0
1.726825863272954,1.1490598796697868,0.4652382216762488,0.4558126654039787,1.8938802730501914,0.8668365907243794,-0.10184153736563545,0.8584699719804151,0.09940583270383192,-0.9457367026324557,-0.1422124545665021,0.20146268955596408,0.08597832723467401,-0.026849992839982934,-0.18777787334040896,0.0
1.706094155955629,0.9669086808520576,0.5503796625142415,0.576173180939573,1.9628495005434097,0.8750021494846476,-0.09148484226447504,0.9076328552916931,0.09732320175361657,-0.9088961725335417,0.20287079865410423,0.09339365577719871,-0.11219080618314585,0.01709525571179074,-0.1339659772522257,0.0
1.742237361380519,1.0652484296362426,0.5573133992389373,0.5176181892524895,1.9357234224809,0.7624886993809925,-0.1003926962777111,0.8881940307891788,0.05650102604292401,-1.011786638456163,0.19194630585864714,0.03616626537145448,-0.05766212694877021,0.10262930750033578,-0.18571567416262685,0.0
1.72690887819166,1.0388724734261119,0.47933954798458167,0.5539653236678224,1.8261856023338046,0.9452007269925808,-0.10263733164177458,0.9816053186027197,0.09251243871334809,-0.8790563307326013,0.29631773621769875,0.15849661109739424,-0.06864744127905081,0.03779871337783716,-0.2768887385528635,0.0
1.73183636966423,1.0608230807750834,0.36977434852824187,0.5483622168004366,1.9313029286889112,0.8181449656605616,-0.18860740202599413,0.9708556145212008,0.03936807104627265,-0.9561049271519811,0.2126681186135829,-0.008326506347952609,-0.00922136250188961,0.3772117582307699,-0.08006678351015735,0.0
1.6647248186010404,1.07587020381164,0.5764517700467142,0.5371816428882747,1.8339025583805317,0.8055875661317191,-0.1704166975906123,0.9259607985268324,0.11087196702341282,-0.8629354297412116,0.29088745528771603,-0.07339473608157135,-0.15591373462161973,0.36293827574259296,-0.03838865351696195,0.0
1.6956109076544827,1.0608450882557627,0.45409124927806843,0.5422286930712351,1.8453360931419405,0.8623522087575862,-0.2574927898884592,0.9278544099912328,0.050942381337886686,-0.9328618949901711,0.20412259104040625,0.1225604564822145,-0.24911272400141501,0.16770434113856247,0.049075865871567065,0.0
1.7823339008944097,1.0769537597082806,0.527187082017736,0.5036519045180169,1.9520491745925272,0.7527220515932661,-0.2094959952489792,0.8856284089214017,0.0308379030365082,-0.8548412256117615,0.04333469597039967,0.30474343435065937,-0.23429308105224037,0.06106873564118462,-0.10217116721853373,0.0
1.7441726960497537,1.0501257659010288,0.5570001482107779,0.5690518312158361,1.961165232701113,0.7305255239649651,-0.20728946020505484,0.8886971806521078,0.047242431513095866,-0.8553265357280647,0.11088039711477476,0.19388669191456803,-0.13808661815945322,0.02542082152602833,-0.18056315769776224,0.0
1.7835330987783422,1.06617224896171,0.532042529328125,0.44542386812845386,1.9113596334440768,0.8219850668681555,-0.17732236381283925,0.9364763209191947,0.02014065105016538,-0.8603084384384259,0.07211842670920532,0.057426576224271914,-0.3050394806079125,0.19996034393151635,0.0006499671582931577,0.0
1.660248912729514,1.0664721808970352,0.5621768721609912,0.6106797663834311,2.0050424802522744,0.7441387681357705,-0.1869188804090954,0.9655537364091166,0.08616592423929481,-0.8439736849648863,0.07377311726422046,0.054225241222625176,-0.25034154642830125,0.20803875136185349,0.18201526649507266,0.0
1.8318534962527908,1.0875652718931188,0.4994492029839274,0.5663210079475203,1.922006987778354,0.7567412304219595,-0.31716717998423316,0.8821228541590265,-0.09280745625219591,-0.8727789443066254,0.08790964036445262,0.03549045519711448,-0.24537943166344156,0.1229253092655643,0.07757101686218511,0.0
1.6522742129471777,1.0501905762494164,0.5703358675037139,0.5207184994209305,1.8970142764515643,0.7720026596321352,-0.20096963946553886,0.8968404138807772,-0.0792096040978322,-0.8427242790109942,-0.04711963233110577,0.03733258238798271,-0.11944537485437055,0.044977891918448434,-0.23910928501689732,0.0
1.7725535498432443,1.0497775825714553,0.48610881118695043,0.6367838794809952,1.9295582613152906,0.750645732337686,-0.2598641608985081,0.8862322398425487,-0.18135379743958002,-0.8829693653551413,-0.09962492512099516,0.03187337878899351,-0.08590137365974032,0.03397051006878378,-0.17874379962859568,0.0
1.8014243825047649,1.064602777409271,0.47584927350911926,0.5350584683235619,1.8005915694303631,0.7442497114143404,-0.31202962808341195,0.9784225586432217,-0.15714195213419255,-0.8527144844190285,-0.03369522533193197,-0.02668455796337009,-0.04191935772750903,0.1186440369776369,-0.2586780338707958,0.0
1.8093746294842215,0.9962091216665375,0.5128480361367178,0.5545063859829504,1.969968208711473,0.7166402694150737,-0.27695768592213704,0.8842111301445182,-0.1329932080195597,-0.8349605551567187,-0.05851663016996148,-0.04676829947807173,-0.18505255844806814,-0.031224220861461094,-0.09565016969234717,0.0
1.778939670276096,1.1522151292702236,0.55385373871171,0.5637866231121894,1.9869438442988636,0.6362517200558568,-0.32860488268090793,1.0334453720142047,-0.1529808986938063,-0.8322242163526498,-0.0492149663072403,0.056612877962398285,0.01824796792806216,-0.029830269621818162,-0.2432035210943847,0.0
1.7825545656510717,1.0730958050361017,0.4317973973288571,0.5672357736566935,1.9027653720657394,0.7189358459166587,-0.2872511367727453,0.9078158682914388,-0.23412766437160673,-0.8357332935071582,-0.09321424470220102,0.08534742062900064,-0.12944321102745707,0.15338044108009172,-0.142364569035917,0.0
1.7720971198582283,1.0006498973877507,0.5491396512075796,0.5633799926494909,1.950347484108443,0.7272342339969208,-0.3087510935798385,0.8828011593996705,-0.21738832666722085,-0.8508458829198032,-0.1448006991661908,0.093138876670356,-0.2429986524895837,0.12284301083753249,-0.2265680903729942,0.0
1.8011746883302708,1.032429015810922,0.5871646240219262,0.4823369312979494,1.9600408114627452,0.6809682099394747,-0.2957284756592531,0.9125744305149166,-0.17389039262523032,-0.8699657873321799,-0.1417373275104945,0.20193031836788333,-0.2530862666742323,0.08431876287938331,-0.17569607280309393,0.0
1.7513078094164012,1.103539024446282,0.4987268031519362,0.601878361726931,1.9650257685838872,0.7090821313629272,-0.29085211044709625,1.0504200915000432,-0.2533376317205483,-0.8652552519463047,-0.23325084785683112,0.18135813273810977,-0.2582711810617435,0.07736457596234737,-0.19238055335583137,0.0
1.7094700139210286,1.1049818294810818,0.5104958242130582,0.590092580706612,1.9834823043845835,0.5998156969551295,-0.2739962556105928,1.073359153193734,-0.15021989207552305,-0.7311055420798086,-0.18928387289014137,-0.02721866626546378,-0.23609546434926787,0.08783479320532186,-0.21585367708537417,0.0
1.8142086345865223,1.185213346665309,0.5274276746745573,0.5482910399995513,1.9627354062783722,0.6885789435963009,-0.2444832301097259,1.0345375484257433,-0.23583903301606984,-0.7887770898674578,-0.12784147923876366,0.01734490542356574,-0.2836316861876079,-0.0889012208850231,-0.06953355500652092,0.0
1.7233946211043074,1.1377970466089848,0.42253241993510515,0.5850421907403008,1.974032142973654,0.6683848059370114,-0.3592580715798796,0.977524758810135,-0.33571553501652646,-0.7543805035107697,0.051324731885300415,0.03931725391811219,-0.09115907582223369,0.05278219723172571,-0.09392623927163002,0.0
1.7777576210161616,1.1196799246022309,0.5265252841893999,0.6196472843873606,1.9125433918863677,0.649270761018312,-0.2927129460841216,1.043266893305788,-0.31118805244772235,-0.7370637620025557,0.026563078985635365,0.04525942308733105,-0.1472571994137775,-0.06679034989079068,-0.2307953921628264,0.0
1.8947122519904138,1.1300582814383175,0.4865792364242724,0.520760928596357,1.9727952231493238,0.6332619226245871,-0.39794516337092245,1.0532578605217398,-0.35674362837253004,-0.7983750273569382,-0.008797967515665223,-0.09304999098891417,-0.0993500019815143,0.001898005885801142,-0.08097500237680332,0.0
1.6970394206576733,1.0192655807355246,0.482035355088031,0.5107786927994056,1.9930891314834143,0.5884294108164657,-0.289806697591823,1.0695011230176859,-0.27657362355794274,-0.7595466797505023,-0.010374108836373842,-0.14066395221247543,-0.1476624405377119,0.010921535320027575,0.05463218412619167,0.0
1.8015390643042442,1.1342776820918905,0.5456376656990457,0.5851897083896326,1.9810436839353562,0.5502545486501496,-0.3469687905488134,0.9613157796894151,-0.24441979027271749,-0.687016812459025,-0.20869062737445304,-0.09566145239359641,-0.19220416134775054,0.013796090159507252,0.01978201387465073,0.0
1.7843337669290131,1.0831552788091177,0.5365620614491735,0.5628616009559669,1.9944383448645593,0.5547442012552846,-0.38724599750373656,1.0417689578460718,-0.3632529985942688,-0.7028113679522703,-0.10403445542366699,-0.32505115425306674,-0.23968949928256517,0.10079068538437161,-0.011642733751458613,0.0
1.7098974833706024,0.9968054807563322,0.5463687380721036,0.5581990470625722,1.9579501015390421,0.6455700750992055,-0.3137464150986356,1.0751884544666133,-0.41101993989853136,-0.6964483617358292,-0.003982135771331927,-0.23126677225821102,-0.13437709325899555,0.10190922152200035,0.08317526731539938,0.0
1.8693390258569818,1.024338246189177,0.46346827524146383,0.6041172950862325,2.0039736200736624,0.4643537243115603,-0.33543625549690576,1.0530687300994532,-0.47130599796416117,-0.7589565498881985,-0.1064660650266721,-0.17351273396830721,0.10358148421519471,0.023817620334701882,0.10035430006502667,0.0
1.7841529062194794,1.1737896102830323,0.4645795155995399,0.49890123688919663,1.9622194428242112,0.43795691747231097,-0.38834413845712884,1.0044866086594584,-0.3655229776029566,-0.8035991265853799,-0.14475743320607365,-0.1817606275147467,0.1593068977976725,0.05531645093282483,0.10383642552570292,0.0
1.7625142593878906,1.1715765550106012,0.554608319698488,0.5202210219188634,2.013979219287375,0.47567477967983324,-0.2673565720125549,0.9774581699539948,-0.482644885069314,-0.815768686935731,-0.16381096999803682,0.04705218965416476,-0.012392833849527468,0.31301395553885375,0.07388130017133075,0.0
1.8323745449164246,0.9638368190389306,0.523341320865019,0.5626368348755809,2.0762015595329877,0.54980818546033,-0.3750369013866977,1.011206113708282,-0.5038851694460792,-0.7522301106534479,0.021506758216282132,0.1029348705781315,-0.04464264476659933,0.2035884423576037,0.09648846978071696,0.0
1.7891541023425757,1.1641109200202588,0.46160369696542325,0.646011643743072,1.9322485295029457,0.5409698426947008,-0.34313679383317985,0.9393253049483647,-0.4188077598074798,-0.7432818790707635,0.15314208128593196,0.1972728928266791,-0.0679064150029606,-0.007026864040461073,0.11768842047397218,0.0
1.8598714952829962,1.1410221536288747,0.5549831931433414,0.5324971871578275,1.9631342101451352,0.48156981025827955,-0.404355457949897,1.016159900548919,-0.4389851412240521,-0.6875362343048343,0.040478664103870465,0.0951621855138762,-0.026860583716761942,0.0308357253127173,0.009576058509916899,0.0
1.7948915176804987,1.034424978482672,0.5077176209573991,0.5850817698969845,2.005125434234937,0.44516376365805616,-0.3542617396244747,1.0049388985930872,-0.5329074394330212,-0.5947128482798494,0.0016358632503694105,-0.03740727722879314,-0.09554305302600864,-0.0482831351808177,-0.0988615401390269,0.0
1.7623362123173414,1.0952923992849597,0.5020324962708007,0.6039520266436353,2.03498001247338,0.4921574747347766,-0.34339349924711365,1.0376940554608798,-0.5368549058508114,-0.6989635745208458,-0.003978119655364825,0.12047950087178759,0.14949438615193805,0.009495274049193071,-0.11259236263934777,0.0
1.7844362871173374,1.171538791010347,0.4852560886941234,0.5091289529484058,1.9818863094236443,0.5172959339754883,-0.5115983394787765,1.0016221831168246,-0.5595679659896456,-0.6627705143336682,-0.03795168437137439,0.09438635154155536,0.0396711471763533,-0.028839490970290774,-0.19979297980670657,0.0
1.7782487018703577,1.1074887271221756,0.5764386041361612,0.6268924858586011,2.032610667806044,0.4676261737800285,-0.39993905327876467,0.9554702539262735,-0.49837971898880745,-0.6956097923471666,-0.2406834175701871,0.16886646166515654,0.002343238729969759,0.17045868677768186,-0.08483906582852915,0.0
1.8006460997158438,1.1666170001108855,0.5028069310922608,0.6163272777855606,2.1120283374357034,0.5037986337372736,-0.44765029262737843,0.8552991694511894,-0.5740769073789656,-0.659939692680223,-0.36029322259192725,0.25860546315914723,0.034848486258584215,0.20811942901249852,-0.0859126707568103,0.0
1.7420287349581967,1.006319011858125,0.49571587737669326,0.6024658238023416,1.9385270404741817,0.40547661072175945,-0.5633207479046546,1.0142117723096988,-0.5273260517583014,-0.5572901410297151,-0.1843274492127726,0.13311516157914946,-0.0647140438947475,0.17144254178924329,-0.09594815980677124,0.0
1.8596353438233078,1.0056223942760483,0.542804585282903,0.618950989552413,1.968166932022075,0.40984353296875553,-0.4280845920803545,0.9387687040113742,-0.648724615158204,-0.6258295223398602,-0.1618939447582401,0.1213798901528551,-0.03699806529275617,0.04048954106855299,0.0176949059912917,0.0
1.752592102101517,1.1140836661524958,0.4992522169699265,0.6571521358183838,2.0243567044131034,0.4393180716328526,-0.4377379174332211,1.0042828292495465,-0.5910045169860865,-0.6723599876153219,-0.048198880627632223,0.04888380588431384,-0.10491752894246392,0.018890672589983427,-0.12740334316026453,0.0
1.7346039357962295,1.0799786594155516,0.47190811016278705,0.659919399678608,2.0689121031738926,0.38073469506979807,-0.47400643295747164,1.0504390509605974,-0.577899547527003,-0.5646056365592269,0.06480928422078726,0.0035378888334137715,-0.2402520691582995,0.1509036385688718,-0.1511894024941853,0.0
1.8373353809913775,1.1534310379769503,0.4767465088990147,0.6480688363587971,2.016754628116133,0.4076427864927927,-0.4566276003633334,0.8644136724723575,-0.5904295461108016,-0.6892220746133964,0.08866423311876755,0.06859162635452169,-0.016154586122010317,0.010673194723723398,-0.2113672204360349,0.0
1.8645535022225408,1.0705157304312651,0.505649921247171,0.6281072907196013,2.052530616709511,0.2949169384426429,-0.5180492308275767,0.9340782515025792,-0.6175628642172823,-0.7133016530386328,-0.004281812243918749,0.10975975649671407,0.017823827924156,0.07892804534478735,-0.19909242843771308,0.0
1.8474077500837829,1.074348203341778,0.5784751725285664,0.5639159559251147,2.009055775425536,0.40310534536674,-0.5632532102746801,0.9543087049343877,-0.6884803555674651,-0.5867834950731923,0.1878057626907472,0.1087368292402596,-0.01358098887486455,0.05007136305219512,-0.13433984018585285,0.0
1.840944636238142,1.0881680669382872,0.5510934981671564,0.6371851370622198,2.023724494235049,0.3788499520832423,-0.4088003000404496,0.9315877798593258,-0.6760153214432145,-0.5206572949747769,0.21327671714447813,-0.01639042186677482,0.016332432089725017,0.17815171209177244,-0.24214106498069168,0.0
1.7953048822665416,1.0981295026248343,0.5593942583929978,0.5967722865907729,2.1042589795340105,0.3995921063427741,-0.449016972401149,0.869068469934583,-0.7247106990460784,-0.671855733271561,0.20713095298382952,-0.02058369972225487,-0.20875475098593693,0.2919345404145312,-0.28848843394192086,0.0
1.849967208953433,1.1127161741970684,0.5360518842851193,0.6908379797885142,1.9739687568259618,0.3688471253223595,-0.49596302113358004,1.0075307296379716,-0.7219410748023062,-0.6417765995248131,0.017681928989991436,-0.0896656530910294,-0.11496391497768721,0.14368119308025495,-0.2965755006104859,0.0
1.8825967026471695,1.0902672567612777,0.5338391983920023,0.6127683977522563,2.085624914384303,0.2591523222686386,-0.4834411146359808,0.9160439341784119,-0.6976135325592697,-0.4771918364578789,0.004008004579552299,0.010734128222752326,-0.27968353264954027,0.25797187713370406,-0.21721161039511375,0.0
1.923675522248471,1.1497492442337451,0.5016823238781963,0.5354712652156509,2.139963283853814,0.2844136787237644,-0.5387361275544981,0.8891941815636363,-0.7151047772968709,-0.5686928414033962,-0.019459028943476384,-0.06801337531299943,-0.18079498911137026,0.1536184542395642,-0.23476023437833862,0.0
1.7998061406149697,1.1956611657074163,0.500527668220324,0.6733880401876249,2.144252028148821,0.2661112453538922,-0.48872136561434054,0.7933945572194658,-0.8311354767903016,-0.5356962206072919,-0.028053139826950194,-0.09732621031841615,0.05822450641115734,0.23588833407890597,-0.20134887076546826,0.0
1.871502357370881,1.1724131148027588,0.571294716370355,0.6050193227183457,2.06594507751496,0.24960995759358207,-0.5693037423242683,0.8326222221781796,-0.6757145071711328,-0.597284188184242,-0.13708065961836693,-0.23655309302140584,-0.10245059708503162,0.3674112340101686,-0.082260975206558,0.0
1.8474945311885236,1.1743995299965395,0.5541417034416904,0.618443747529544,1.9740732286405986,0.3309000574919052,-0.48918269119152413,0.9015817323177148,-0.7910343089466942,-0.5571874735318293,-0.006248246308816194,-0.037693726519203496,-0.046246867567947055,0.2527857927986329,-0.10778937214563053,0.0
1.8402870356662988,1.3065354565126726,0.5306442384115106,0.619927260049578,2.059934930762576,0.24691519409803916,-0.5974141245216577,0.7972909173367527,-0.8230309814614523,-0.6896458541719781,-0.18925602669292663,-0.04185770232771055,-0.0774977854552674,0.041225007750875314,-0.1285491922185617,0.0
1.9282587259309274,1.1529705616439143,0.5179444646825206,0.6091174562894487,2.028719513197841,0.17571582918783096,-0.5506986319569143,0.7701894014760818,-0.833201694807396,-0.5031696495264527,-0.03915691685761749,-0.004680900931570531,0.023307464773326167,-0.11150045875988558,-0.06781526946465301,0.0
2.0054493689761466,1.1012010777066303,0.6212317741093152,0.5755678846249928,2.055404415599186,0.25976163625119564,-0.6031887057788898,0.9155216446741746,-0.8042127533921305,-0.39900946834044365,-0.059227947613903945,0.04745355182826221,0.07001006106142353,-0.07688528269593047,0.002845089532962468,0.0
1.8768022521832886,1.1641416432089309,0.5186190258243194,0.6112012991007522,2.0916835772477884,0.2259172765014554,-0.6101900348784993,0.7893426934136969,-0.8439077845749076,-0.45500297463970507,-0.01456646558850708,0.13568522039445607,0.136554360875028,-0.10946520070267497,-0.05430037917888378,0.0
1.924974751088677,1.1922230509387342,0.4984934485010055,0.6046909923559239,1.9764589552491587,0.1707648172547735,-0.5107609262687536,0.8317720952321911,-0.8355544204497851,-0.35259581530693723,-0.008688206591076563,0.008308987307444754,0.43335058638181495,-0.026378649730190537,-0.1454380055230143,0.0
1.9060096024482784,1.1439101801497118,0.5511929395984254,0.6346761139376041,2.0992271072949573,0.1744907312330205,-0.5801046547416349,0.8515253356881585,-0.89214449660903,-0.5397275940013976,0.037801287018927834,0.07837636669412142,0.423747300181181,0.0355763680130604,-0.12616949592237445,0.0
1.8655352254247328,1.156226356417151,0.5869555926296937,0.7244248181603121,2.0360564272945414,0.1830485526169926,-0.6594913957581755,0.7826949367260705,-0.8383624566345701,-0.44611682917577616,0.04090988754180511,-0.009616535934658402,0.18729132515141475,-0.06186845981895929,-0.04213657373699823,0.0
1.895320915104308,1.0828585354090776,0.5198876458073401,0.621027572061593,2.0707161739414097,0.02683355740472461,-0.5753147634258544,0.8337579449523584,-0.9300670946383147,-0.4889990277593247,0.13704534134132898,0.02635716919164122,0.17045102124226502,-0.12923595488217746,-0.10334687466805556,0.0
1.9197099607371888,1.2073331148619362,0.5480164755977415,0.5687366006920572,1.9838883569725638,0.1199921858028421,-0.5874459971642336,0.7044165611134782,-0.8428779349635191,-0.32823511241969106,0.09748075728179648,0.07410388633392646,0.11466511260058414,0.029653265654634428,-0.05440862497713182,0.0
1.898773086882886,1.1405719602577506,0.5760076142034604,0.6216624285521309,2.1083213068664595,0.1473621203884131,-0.6261572606338665,0.7796944115537983,-0.7826966546313159,-0.4053011377173858,0.16619901889975153,0.0606205401985883,0.1847881178091991,0.052365407619067494,-0.12752657851947416,0.0
1.8026382502065674,1.1913698252497127,0.6215516343042127,0.650326376121444,2.0259223746949484,0.02744942935744661,-0.6234241285838891,0.8741752752906208,-0.8665651089570516,-0.4648656676225871,0.021220813330016172,-0.11319131449092233,0.2855194044551901,0.12358949526872151,-0.02204557549469155,0.0
1.795971588092911,1.095143843242988,0.5646422697491627,0.6136575092286641,2.065930177597957,0.06826016843640056,-0.7067167976719126,0.6860219729200412,-0.8417316515756579,-0.4892266693388122,0.13583623321277774,-0.20422010880686517,0.24278045035770007,0.0006072875664214911,-0.11346889244068672,0.0
1.8854212409682027,1.161295575342886,0.6399924060992221,0.5926545770554728,1.9568077312160974,0.09600998683971909,-0.5742010417067187,0.6985480755889811,-0.9450524335388519,-0.3733061111980364,-0.02508531377129937,-0.13401186484462224,0.2724577350167149,0.027627311577389756,-0.03434266119389299,0.0
1.9341950193984523,1.1559982956753214,0.4780372215765325,0.6054063834962011,2.0775120037817203,-0.03456925807295689,-0.6577138522240579,0.7676668750667618,-0.8884728512633118,-0.4052579291282636,0.09273088110082871,-0.14535502300183284,0.07571413146338046,-0.05209387529277522,0.0033792005776625694,0.0
1.9215413324149455,1.1000563270443162,0.42318135690398573,0.6142971714394027,2.0945803731196206,-0.017767755867754198,-0.625770446998485,0.749126762731656,-0.9645744885820452,-0.4783493498219328,-0.1070872942128345,-0.13274638370168965,-0.2597044295407428,0.13388988225580348,0.13005266182239286,0.0
1.8254247407552193,1.1427109384014067,0.5749999201395546,0.5799450605489813,2.0756740741925457,0.049168466925086945,-0.6036482694653936,0.7032597165068689,-0.9305834694275533,-0.4635541227521163,-0.0027906773783581973,-0.1589714166473008,-0.20999632146975478,-0.06801552507882283,-0.08178887749072476,0.0
1.8529922278524307,1.2035218238726166,0.5798422035518156,0.6275962766222342,2.125637092228678,-0.0665580610550969,-0.7077660177920587,0.7332922148710589,-0.9896868859588426,-0.30719476697668135,-0.0045617665084139334,-0.16522303603652047,-0.22310387165655543,0.11473671792088445,-0.3793547262442977,0.0
1.8111228094894882,1.1721161591177571,0.5900839822034554,0.6253605922622779,2.161815863957075,-0.014915558265985491,-0.7694048774487032,0.8166114317841497,-0.9353368406366472,-0.42499895359816053,0.03982354472441775,-0.13888520772886628,-0.12564585003916698,0.17835204198670332,-0.1190117959884825,0.0
1.8556583299794267,1.2020209641875554,0.5370945251429512,0.695788869456386,2.0819710590794767,-0.016207669529233845,-0.726825066494794,0.7353104826773861,-0.9223309724982358,-0.36426558405631276,-0.026666015699025204,-0.03072949658492853,-0.04763760740235723,0.06832555233389839,-0.0768544165334239,0.0
1.9312689558337148,1.1949552984363672,0.5347910706895576,0.6350280796316828,2.0695585032703976,-0.03710678942704623,-0.6299000287241742,0.7027753267327294,-0.8846643007690864,-0.21957041607872782,-0.042900319526769065,0.054584819244758,0.03973102882648006,0.10099866127952198,-0.13370179413131777,0.0
1.910628464809268,1.150810240289235,0.5660476208457605,0.6676842563374893,2.013509362309796,-0.05938954647631729,-0.6275418955804652,0.5601158890089905,-0.8414215277111499,-0.38187014710295825,-0.10380736587733154,0.021315383204729067,0.059712381565604516,-0.1134359342334382,-0.06910416320620753,0.0
1.905325874240206,1.19785134051631,0.6218353142758388,0.7007059440988056,2.0779026634245503,-0.09013389021507907,-0.5845398502497965,0.6292999571746608,-0.9906895612936367,-0.33610608294125993,-0.006464337966310588,-0.04266761021776247,0.05378049576806495,0.10795201416183804,0.03572250008123372,0.0
1.8437297130927424,1.2546682535535847,0.6381637862780507,0.5894680114874783,2.1453419711680612,-0.02266317399927202,-0.6054601134182389,0.6676749982122779,-0.9881379741425734,-0.2686206532708789,-0.0840503360763834,0.10074334577185835,0.03254330950110282,0.030135490994059794,-0.11074791663216152,0.0
1.8803074064827334,1.1339734089525082,0.62890477538595,0.6367312201508021,2.099779030946252,-0.11145401918197957,-0.7627153444422361,0.6633559199898877,-0.9831067728076122,-0.3313158438041651,-0.13250030462815407,0.1651264055714639,-0.04547332299159891,0.017572529542910654,-0.02535416426801468,0.0
1.9529970619932635,1.130897321679173,0.5478642981376324,0.6318531392718321,2.22605458714178,-0.06765939422208149,-0.6530033702386033,0.6177491442429576,-0.9567902452830199,-0.27520569611258844,0.05442059760347602,0.03409723450531314,-0.1154925050742211,-0.03955253235961373,0.04105532307819024,0.0
1.9827574035311177,1.1243671231181362,0.5871150997400795,0.6715572520600886,2.074764136300054,-0.1323550694617095,-0.6661642573345362,0.6031363139554473,-0.922109792482413,-0.22808867998911475,-0.017709885821975996,-0.05175414110898147,-0.04014178068961048,-0.06796757137930776,0.15020010557007313,0.0
1.8986099410692956,1.105890044523285,0.525979840278883,0.6226308468755021,2.188567356075169,-0.08106355446633108,-0.5835883511998109,0.6123038017357948,-1.0434910416481578,-0.27597262091197433,0.05805375778289317,-0.07475380000324136,-0.03901878798637899,-0.12113138153938569,0.19281645250261098,0.0
1.8894884407525228,1.2732128283262292,0.5624862086804011,0.621490053803047,2.070878225913746,-0.12399047105549396,-0.7583637108825948,0.5204348232937588,-0.9048069097958328,-0.3438583891747575,0.05523706856175178,-0.027927017530307945,-0.07997137147743688,0.10986423664552761,-0.05435368442574248,0.0
1.855672856643876,1.203554569512143,0.552860073016869,0.7033012258693168,2.1173697482115506,-0.10306402710576584,-0.7370309896754189,0.45961103908964296,-0.9786967150146889,-0.299256805739255,0.01581947831986221,-0.14167253941648322,-0.017675017811983162,0.013416774674048386,0.015089782186523945,0.0
1.9923199288940658,1.1464695167592627,0.5927270595008919,0.6102730724193904,2.0750467800645636,-0.2203226115313212,-0.6894942760335868,0.4541733260455766,-0.9831980616972587,-0.204208270794081,-0.021368917688007767,-0.2775546420263314,0.0063008224454093355,0.10072986897629446,0.047395534835871195,0.0
1.8499633349358708,1.1904427563088247,0.5908625201647298,0.5366243747586399,2.225173698346726,-0.2054294585467845,-0.7941116854154647,0.619078332705409,-1.0359662252447714,-0.2541198658068432,-0.10444873196638275,-0.14902095923402886,0.0493569147085134,0.03516217784511695,-0.11800538350542533,0.0
1.9444702507088587,1.2102414267401398,0.6003189725030945,0.578521035771779,2.1530449830286984,-0.2702413564817983,-0.7121448223795817,0.4057320987629694,-0.9013910956637823,-0.24137678654521924,-0.1419146964388924,-0.07688972336255975,0.06147875873357545,0.04353699526702191,-0.1519818300791813,0.0
1.9037373285145305,1.17573892246003,0.47022032334457176,0.6504844592920654,2.0906885987008894,-0.21501770017952074,-0.7582726872758625,0.5323473159436461,-1.074371889178768,-0.1791238928608369,-0.23130692059440422,-0.1205914960586095,0.06664417802436316,0.0857317098591071,-0.16953661163243014,0.0
1.8200409391998729,1.2030327652975488,0.603925077304231,0.6500498165481919,2.08059284048734,-0.19642373261089022,-0.8385127247507743,0.4060630691843357,-0.9454633883477206,-0.2665121430041008,-0.10067558016397782,-0.04341192849496222,0.04946007560231689,0.13941247656709924,-0.22043872356152577,0.0
1.9439937285650355,1.23037206176708,0.5844065079038459,0.584262571858567,2.1919307640495918,-0.2780785278378883,-0.7251778673836461,0.40275059412208375,-0.9123058613496307,-0.2032079702395554,0.10434552746946127,-0.045773812951428225,-0.07507217217036095,0.21643179533262286,-0.10429211792260999,0.0
1.9337115794307143,1.279829598504783,0.5501955834224722,0.7424333805025759,2.176508323806258,-0.24314829859609247,-0.7944110714237376,0.3572946952452595,-1.0689804409096035,-0.25866070715543943,0.027342461330302527,0.062406522589920556,-0.17461873036999764,0.0008966621267090802,-0.0904851308528082,0.0
1.941259707175791,1.249744665305129,0.5555622209745321,0.6168743173895529,2.1321236384574,-0.27297137859561976,-0.8029324119135371,0.42026091645633945,-0.956291978775584,-0.17244972142137288,-0.010418499984620598,0.020188075667034615,0.02687144278645423,0.007832225990156845,0.03964115907229468,0.0
1.9907735566472717,1.316847858768286,0.5631620736328684,0.6960160308233803,2.1893600846978853,-0.2994732595739531,-0.8134486244136739,0.3446737794230925,-1.0114169986640502,-0.1568060606820363,0.008292411076031025,-0.09731452788807177,0.21743586883900154,0.09904079338049106,0.07623322906173118,0.0
2.0136343936556327,1.1899964038837425,0.631835597671029,0.6701507361264717,2.1945760717733727,-0.4065314027221715,-0.7219930425257235,0.4140653490618755,-1.025006367619166,-0.09178180503274089,0.013018947886471932,-0.028842381294528235,0.22402175168151006,-0.07513403101454104,-0.08595889024976998,0.0
1.965360772097813,1.2629737609821141,0.6085254407878843,0.6701986593569745,2.1845929862013094,-0.2892355799275889,-0.8011377043836593,0.3597686657445287,-0.9415021803260427,-0.1117108046578287,-0.021630653997624524,-0.05376608891110159,0.17253382039662632,-0.013170537905841884,0.027329696595526642,0.0
1.9558884940796961,1.234210925636807,0.5812035500771402,0.5700634468048366,2.1260499291004153,-0.38367893160880073,-0.8367219420376975,0.409386417328238,-1.0638239804342595,-0.10732675981734846,-0.06160127761877312,-0.07849164459679508,0.039261805635750796,-0.05312467282183102,0.184362946459568,0.0
1.9759593494658136,1.2718978236295697,0.5964328813803709,0.5845262963970212,2.0827574842056746,-0.33646755018625657,-0.8435907769015624,0.322561989208994,-0.8746079362639105,-0.15605320251415097,0.010117441957557552,-0.07482589771758735,0.1135529677766749,-0.009387496267659508,0.26122487850145304,0.0
1.8117035736368619,1.1912372207637087,0.5992546507578465,0.7463640935208256,2.1570804362443323,-0.35445380514187197,-0.8615528543400386,0.2806049358599129,-1.055468295025378,-0.15082663380519776,-0.11000034721497824,-0.2080157394173915,0.1489693249764862,0.09083857754590734,0.17231363619410628,0.0
1.887607706662512,1.1987278959054821,0.547038442700046,0.6420396756232212,2.2116109785160063,-0.4320726011634178,-0.7368634590547114,0.3806184218635273,-1.0637844967930488,-0.13764685691815667,-0.1824391746834913,-0.09858361239794203,0.08983545159850806,0.20391256760885562,0.14667949067989716,0.0
1.9702827695095126,1.1056565240317109,0.5432837907361272,0.6984056267044233,2.2331106192803296,-0.32415816479668624,-0.9041036571105688,0.33318513159414975,-1.0028948848365489,-0.1293095003752804,-0.08580431536791344,0.02271500204089348,0.044356716656322875,0.12174184064523422,0.28794784724507144,0.0
1.9219036705931525,1.2375164900055875,0.587264557504498,0.6237374236613287,2.1432792431634526,-0.4420355017462962,-0.8308168927067979,0.24249119663752686,-0.9730241328636833,-0.1474631994934355,-0.1464864421179869,-0.047556843447163065,-0.06979593002663884,0.25237557270835315,0.07023094506494587,0.0
1.9525999782454766,1.1288604791546215,0.6332096461619692,0.7223807124548014,2.1864124040353317,-0.331058415590871,-0.6916583808969738,0.2775730824838553,-0.9594138217113688,-0.1800619565661397,-0.2573759322978231,-0.04759690059519369,0.014987125019554272,0.10924653566756042,0.13187287015513022,0.0
1.9970589172267956,1.1650731977742168,0.5819796628714895,0.742771208505189,2.115920045600131,-0.4324341774740454,-0.7736318393072403,0.24399752096181745,-1.0167882294497446,-0.07026892923842232,-0.3498329533733435,0.012649302736491647,-0.03665171506471117,0.013768089372542446,0.1926899286933601,0.0
1.9298806443665,1.2481147334758125,0.5760765489543779,0.6356348272314037,2.194613086035425,-0.41815336242942264,-0.8657179716934883,0.19955280794566824,-0.9303609488884507,-0.038792394273136334,-0.11956409808307511,-0.07269719598839083,-0.06200712334204932,-0.06395849467750449,0.13541057748823382,0.0
2.016672910352692,1.167729682007877,0.6675957653781105,0.6725388793817788,2.181935863212874,-0.41492813777292037,-0.8420742052251786,0.17086381847371587,-0.9294537360947939,-0.09987027975692078,-0.04304691169669772,-0.025346839276126555,-0.10819942963844162,-0.20695632260932562,0.25070881646592386,0.0
1.9893399032848287,1.1685899456985656,0.639649720516217,0.8256071223149904,2.1837698609707124,-0.5040997143604748,-0.8864357819173297,0.14960597702726416,-0.9300502698505342,-0.06282086599887042,-0.0765636645507614,-0.04381209495170091,0.11505395306604527,-0.024736722142482723,0.42577935380671617,0.0
1.8992072362603671,1.2157285178859365,0.6672401036078062,0.6667588209628545,2.164122977392555,-0.3953046261963339,-0.8805981348458435,0.1318097101039998,-1.0602996892979375,-0.003102730671270107,-0.27781957379920735,-0.0538756597009965,0.16606001894176844,-0.28998503302360007,0.2925404283859465,0.0
1.8618294766742898,1.353104032814195,0.629078633590637,0.6901609854170857,2.2321458732525126,-0.47065752302969077,-0.8197087284788095,0.13324027042863976,-1.0190327131636479,0.043032028469807845,-0.15986652705980176,0.07693177340361546,0.27205463690601017,-0.19378728471119197,0.22048174152086158,0.0
1.9428564814620948,1.3106580333055948,0.5968432313205589,0.6418425141813451,2.264257482090946,-0.4329479656319176,-0.8966907412256554,0.202742783616224,-0.9448535923900518,-0.04857776819031688,-0.012649411700906332,0.21185958283261924,0.3407590402093687,-0.15566224367058956,0.10973007473866159,0.0
1.9708116386991614,1.2296774996461504,0.5938734442303839,0.7755023766253563,2.2173458603211023,-0.527655384511016,-0.8685357697611685,0.13264608173009879,-0.91043099561027,-0.022746082885131323,-0.11737028906060103,0.11009869426499835,0.25909181473505866,-0.07199856956130296,0.15583175568008428,0.0
2.010788567640734,1.1406633219255742,0.5271202758554348,0.7235102432287903,2.230106316443333,-0.44204118626607,-0.8407564966967314,0.05140451103691656,-0.9110444222675032,0.037786255399211405,-0.21572836103059911,0.12769654868640892,0.14530618284346436,-0.1007629197505896,0.10072191358179859,0.0
1.9386333718224527,1.207743454443747,0.5714107090704303,0.6245496199246751,2.296342816078714,-0.5720168703794957,-0.9088890181972104,0.020594661078550756,-0.958182026162973,0.0066891631922298585,-0.12385565379270626,0.015692949666379324,0.14760220238801453,-0.04889700394963228,0.12871897105487115,0.0
1.88812882594772,1.2040555301164135,0.6051036534095457,0.6572924737285145,2.2083230533487566,-0.5049566192088683,-0.8917767203796089,0.11579219831711657,-0.9965784150120346,0.028663941339536925,-0.20734953603052536,-0.11309638042701904,0.07779568502654793,0.010231947298069054,-0.022542678555462242,0.0
1.9322088569801157,1.2448703665490015,0.6569766059801326,0.6250760981488392,2.1786926155167023,-0.5550266292860623,-0.8111026486789209,0.004938968147237793,-0.8379929091012706,0.023221853853712497,-0.07973122890811246,-0.2091258124740753,-0.06232024772637488,0.009180683368650295,-0.09873085424082469,0.0
1.9089137512811474,1.2157740997021855,0.5588739967952608,0.7600035893406045,2.187438615233994,-0.6380003550201285,-0.9557364277666361,0.002953885111969208,-0.8914619323745532,0.00709626034237798,-0.06717993310984674,-0.35009710726670773,-0.14180762425283971,0.0183351841677072,0.04346795474100948,0.0
1.8963388074326744,1.238718408812403,0.5963155719621609,0.6684546005318488,2.20923598488554,-0.5483896850798464,-0.8953293404250763,0.07837012243724371,-0.9152105293200152,0.008982708766771347,-0.12942451956907375,-0.2615253818544931,-0.12128859710654304,-0.18837513598208136,0.03649161853344867,0.0
1.9223338619024748,1.2413792493940614,0.5826846199893699,0.6743386838465023,2.17309184238157,-0.5458908943102135,-0.8901587638312032,0.03555535093685783,-0.8383103890632664,0.010298200125331426,-0.08009613392765162,-0.23669152945212785,-0.021649944447012112,-0.07815628490239887,0.16518650805128554,0.0
1.9314897755917997,1.1913798824866983,0.6514471449767963,0.7088294316308658,2.2166674301807787,-0.6969059610918146,-0.8212447888561465,-0.05185684382250358,-0.8531543566447377,0.05993011230899866,-0.05603045119510359,-0.24119831134593028,-0.07513453534819778,-0.07441421175263507,0.02763632494601248,0.0
1.8948760684745642,1.2782516857451867,0.612453284235356,0.776327347877352,2.1897865426462055,-0.6489091226724423,-0.9048645352168371,-0.1085461692068301,-0.8758866718138949,0.13199470894963686,0.05030282922529114,-0.11193789687129257,0.13946142942088807,-0.17056856938724518,-0.030103828692693905,0.0
2.058913452138209,1.2886462834835224,0.6506035850795452,0.595623679384752,2.184525833432981,-0.6276628880194993,-0.8924851372787619,-0.029587530695719864,-0.9353288746498789,0.103678624657032,0.0730169279701661,-0.1053421727227867,0.07794993664843505,-0.0017370939069639435,-0.20423909619171884,0.0
2.082946578748345,1.2218188791350453,0.6779860124332051,0.7064729809392305,2.2081319632000533,-0.631085299877861,-0.9143243286475033,-0.027057731237886906,-0.8463365145711542,0.08199050707890881,0.12155615268149726,-0.09614817278456171,0.0071940126500086715,0.07347550756404632,-0.16344387959125145,0.0
1.9995125626904302,1.2150328377475872,0.6030517972545275,0.6507080004207035,2.253668416020241,-0.6073130045478167,-0.8423483729305459,-0.12766543101462305,-0.9478294355305418,0.08532726094641277,0.1652719193124014,-0.18945248136384582,0.057125084075382956,0.05737414985175191,-0.14837443040539353,0.0
2.064906986090483,1.2109731972581061,0.5779309695127519,0.7398780641159087,2.286583195246021,-0.5890460430810069,-0.942043625764177,-0.12901458048462194,-0.8873703830971488,0.08400188123639454,0.10643342695252775,-0.08624344624235178,-0.04899462447920974,-0.039367192919566335,-0.16156206521187122,0.0
1.9279164059542366,1.3487532042427377,0.6754244414629803,0.7172811128918101,2.319778429931092,-0.6030661980655518,-0.8491596448387744,-0.1491665379857433,-0.7886337448576842,0.14294322879395063,0.07249631707679385,0.1746072743683546,0.017125296838539653,0.044310394654584105,0.23899373571015997,0.0
2.0054863243187,1.3527487702677121,0.6533448761378998,0.8282837759720951,2.1844153456142603,-0.6607065466268658,-0.8874825737795946,-0.08069570473632827,-0.7946788203747341,0.13848766265477447,0.06114524393445986,0.18422806248952234,0.0002091574730018423,-0.023569898379681174,0.17137293603959117,0.0
2.0719227441143038,1.2546524723018042,0.6828414844689443,0.7010913625748433,2.2198846712846985,-0.7847309926688225,-0.8568902255895392,-0.21113717781708596,-0.8310179475131859,0.10610234051342995,0.12366946431190795,0.059552650078543976,-0.1215695430547975,-0.045505096990201305,0.014592175055137213,0.0
2.0399508939241158,1.2658256097794627,0.7070552573437032,0.7055929011073794,2.2285769744822232,-0.6246394936815922,-0.9424902251402609,-0.1856777858409033,-0.8049009707959035,0.08675967718040728,0.09004366166328967,0.14166960102208243,-0.12020246198828315,0.05348599544439691,-0.07432597399596289,0.0
2.007783088770603,1.2173206990347991,0.6596301529574665,0.7557480542969384,2.299188999172245,-0.6825075604657214,-0.915552321859551,-0.20910219032136487,-0.8416792129390602,0.15690023350158971,0.16173563580690647,-0.09561700347984096,-0.22285451596306144,0.22823628910710972,0.04095663686968192,0.0
1.9427857351834388,1.396892585795378,0.6056301714631588,0.7635190130423922,2.1874172789404023,-0.6155407176885612,-0.9290930678630528,-0.2244880647801536,-0.8785449126789413,0.2206517197902546,0.07747142518112798,-0.012760096016276659,0.04101355517955024,0.2678917218132809,0.13210446737799614,0.0
2.1262319363529363,1.274994696809217,0.612981075013354,0.6977674248985866,2.273218130852621,-0.7580583242345521,-0.856205480389327,-0.1917339571440705,-0.7308884073062748,0.22757733770014396,0.025047961178707962,0.014338838019550597,0.05826336869542932,0.17234549790009202,0.2860525126204473,0.0
1.961589343051918,1.3166457815678974,0.6430740841023456,0.7583999360956429,2.2519646800689204,-0.719987090357811,-0.8358430181653214,-0.2541821406845702,-0.786153608305697,0.15452183234337538,0.12111247630147098,-0.1449195593294409,-0.08620925734267172,0.07354025207571975,-0.07262455704887333,0.0
2.0018100096288336,1.2895642719225788,0.592129840871881,0.6865214140391089,2.3010232306338,-0.07341642003147168,-0.02198455130004559,-0.009093790325569505,0.035153207227591965,-0.02237206305579544,0.256941092070691,0.1274174976278075,-0.07445589390869202,0.2095836610112868,0.1695747508838123,1.0
1.9884118174779875,1.2355994850523138,0.5713604292518044,0.6917564482301245,2.2888648874828945,0.18300841913057414,0.23292561870665768,0.19430352352587052,0.12563760905632115,0.2313394176559573,0.0494757879521918,0.30381870903160374,-0.17524803774811437,0.16944031731116196,0.5654346957748175,1.0
1.9921520053444286,1.3044794417605954,0.6202708864665937,0.7048254753381068,2.2860091032763794,0.4432422984676431,0.33801816165071996,0.38318035381249155,0.42407224967185625,0.4436255369045378,0.21901482929611593,-0.28414292426797755,0.049862048084141436,-0.11504240415917019,0.10175690709223498,1.0
2.018187457341223,1.2990575820377464,0.6202822724561501,0.7187809237477002,2.2847450584218025,0.6074629409683708,0.5370945670785222,0.5812471206656836,0.581721274716225,0.5253678177052898,-0.07969397563711003,0.09028515094011476,0.2515210646387239,0.1199370776622049,0.33969066845540946,1.0
2.031121703072867,1.2917261640741193,0.6179305839232737,0.7347531453006174,2.2955813952182433,0.6718315531027352,0.7189620214564738,0.8176808174021533,0.7155199566894206,0.6899508506851355,-0.46099649473243354,-0.20273855159499005,-0.3278174277746328,0.2428775571222496,0.07479428060215651,1.0
2.020457734754971,1.331958821140349,0.6036619661539392,0.6563775333509758,2.275821372774837,0.8508004989327808,0.8362523059110046,0.8477633188459397,0.9046497414349375,0.7849678135272211,0.15570294227253334,0.18679532967019263,0.07828952398919206,-0.0626253301792437,0.09531062348202869,1.0
1.9977043832567436,1.295818455201752,0.6189929430703842,0.6828431762557665,2.271748346968029,1.0046716172214722,0.9182875135968145,0.9432647640559167,0.881204842241367,0.9397852340906528,-0.14235551624331397,0.006596718196714117,-0.04307896252977364,0.05582615150006374,0.21305881735068127,1.0
2.0289220387989513,1.2577642612724138,0.6161745635395831,0.6947179442097327,2.3089797543490036,1.0349133832120876,0.9920789748217957,0.9841694820601966,0.9919542104230565,1.0706559502343356,0.1089975620004531,-0.03039109357935746,0.4408546437052593,0.009265999925502626,0.491442276422515,1.0
2.047169702313379,1.3285460156610467,0.6347425271193955,0.702249790598125,2.325115458199904,0.9860904006439348,1.0013128063460655,0.9708416591967046,1.073077544566512,0.9548008457747891,-0.31631812278997246,0.16000054781192372,-0.04018090140650967,-0.5148364573458539,-0.3614027483262061,1.0
2.0198192944287205,1.3209754877085913,0.6349883298214625,0.6449349273640433,2.2910535609141673,0.9510126175468383,0.9636335838095739,0.9350403610886291,1.038551247037704,0.9239087865488328,0.1687836494951924,-0.06942810339673067,0.09585876205146697,0.2789999419598901,-0.22627224932347886,1.0
2.0413318901745066,1.2594347924312432,0.6020165041392856,0.7157083666028496,2.3288261755399047,0.8687309747653862,0.9425922185975668,0.8845403207516934,0.9059927518525982,0.892921219027959,-0.1478739083151101,0.26721146882489455,0.03713949016928824,-0.08874012468573692,0.2049101311749416,1.0
1.9812503385268745,1.3173475208052068,0.5808933445676759,0.7215300711118805,2.2762837410433066,0.7313237833945695,0.8170375354659054,0.8375143469530043,0.8701329551372355,0.8556285611486464,-0.19058152015493635,0.006894999636891352,0.10879418748873565,0.12557936625029592,-0.016659778402375758,1.0
2.017944404767865,1.2939727756872725,0.6013898102412677,0.6828834592730084,2.318760206858871,0.7535886344269187,0.7280133327152287,0.6904377879029887,0.6718791227775193,0.6521942788690854,0.28616098227425596,-0.14329751838883248,-0.06356838061918652,0.353887359147889,-0.028904713925173922,1.0
2.0218364424041297,1.2769191058948515,0.59786828774645,0.7249605650623925,2.3023631853236233,0.625088487524437,0.5948049641720021,0.5687978441869296,0.4708729423457052,0.41675208620900656,0.09787002296588777,-0.33632035517073894,0.13595325572951272,0.18019025329649171,0.4489839662871995,1.0
1.9143594002264186,1.2979760371057505,0.6246443713054807,0.7152109188195414,2.2952940484253297,0.35989531548769893,0.3407024379282816,0.31756467799507465,0.38073113155999605,0.4065227079264086,0.04857474196744694,0.353392714839481,0.09554966580529561,-0.4532823049056169,0.23005403030234045,1.0
2.023526444909202,1.2809097854749616,0.6116623929901639,0.6845298300887753,2.319225303066571,0.21891472643806367,0.26567387321101976,0.145392245969649,0.14714807054120937,0.13089830793351728,-0.25389772941425287,-0.05413076035695974,-0.049845175971387094,-0.27080198448884507,-0.20324730993322923,1.0
2.0144892339436207,1.3095964922840386,0.6228561341781262,0.7242134405229754,2.3275069543361053,-0.018438585633777087,0.06412756743427674,-0.08007278670418894,-0.08088991390318684,-0.11224677870277239,-0.15538749893470002,-0.006664748980423541,-0.21905733953391285,0.12070199361396229,0.28732225541365125,1.0
2.0346307696300396,1.2754095464692943,0.6237647438595775,0.7251234494709273,2.2937004966169847,-0.23790838976918402,-0.31621762473084525,-0.3024215144047347,-0.22076000345143337,-0.2462542429563436,-0.34349427406549327,0.3682942002300531,-0.24127824498188225,-0.10398173396122282,-0.2531945195972182,1.0
2.0486294916289856,1.313280125112628,0.6266719769097245,0.7226847823259436,2.342232675239741,-0.45506308758306013,-0.4362482580421037,-0.5245373157135226,-0.44871293065726825,-0.5220810299387773,-0.0005071461729342973,0.23099110726157818,-0.023620945082269706,0.18790440081920334,-0.03231087886652555,1.0
2.0388367127279428,1.308213550271463,0.59195768620257,0.7271133355611864,2.3226231372720267,-0.6240702135029575,-0.6305124870518053,-0.6242918655559271,-0.6693192676237254,-0.6117482530379301,0.04089551476948521,0.10249453582932995,-0.006649425200945384,-0.24120912139261153,0.2510663465370488,1.0
2.021597769374573,1.2612479222900945,0.6145910271668844,0.7181511710469883,2.305219728542353,-0.819122403717427,-0.7820618745430223,-0.6877502758637415,-0.8624122381145493,-0.7623187089087147,-0.19008726709096907,-0.015546494197212707,-0.0032527536845429637,0.2567945446382303,0.27222781664270496,1.0
2.0295730939409578,1.3181620757222823,0.6277841492424646,0.7361743123977071,2.3346649711007412,-0.8815494106748378,-0.8852353919607715,-0.8174547707201483,-0.8436521653517021,-0.7965016545280743,0.09499364292886381,-0.002522012542992172,0.12103378310375104,0.14479553996231553,0.10900662908006406,1.0
2.0427460827286676,1.3125908185439854,0.616489320143669,0.6897243700900616,2.339985373456974,-0.9117110574654131,-0.8858169664279576,-0.8976400066751451,-0.9452175672329887,-0.9756152203565067,-0.038189534019647704,0.14217206887809275,-0.15850015216674151,-0.11737036987210765,0.10154499335613096,1.0
2.0327171577968475,1.2963796140738353,0.6354872317681038,0.7298599742387314,2.247763141357749,-0.9038011054118762,-0.959918897874709,-1.0490607012097595,-1.114262121242236,-0.9820366382217066,-0.02962428047312397,-0.22888331574225412,0.3168393574658427,-0.10399579655021579,-0.022459263763978925,1.0
2.035712222076634,1.3161826701750814,0.5940504702361047,0.7113367139344012,2.3116857252307907,-1.0427817903564738,-0.9007543082150969,-1.083609933287834,-1.0293803586376797,-0.9745524808911593,0.008475888547093285,-0.13481952530804397,-0.20281919724783776,-0.271761744712133,-0.12059077333534202,1.0
2.134132040291079,1.3325225538127803,0.7400233158525713,0.7542180184772778,2.3290360860421466,-0.9196215387695285,-0.9588457752303415,-0.6477762041451502,-0.4231208579513106,0.48064030246533973,0.09422725143330493,0.05976310592065617,0.07895076316591089,-0.20502386166907374,-0.11386977542551277,0.0
2.1371567791410295,1.400770864094793,0.6725257782463493,0.6969527574529896,2.3372627334602463,-0.9465907448208631,-1.0091447213278129,-0.6499368983705646,-0.36505608273881507,0.48444734389499977,-0.04362081302948015,0.12388049998884551,0.0782799395493759,-0.24091637300660457,0.1385835474318973,0.0
2.064362201847912,1.3753867312970887,0.6773325622698182,0.7977967804087767,2.407749631503737,-0.8518772197759086,-1.0091036269509714,-0.646667298505253,-0.23620948155341914,0.49463202135062456,-0.15005305305021965,0.29843714177748604,0.14152817680677804,-0.3121062126372959,0.026490525814362967,0.0
2.0498407605299205,1.3485746042444093,0.7199068474286432,0.7435813218845407,2.3667658726906566,-0.9337951485145212,-0.9159917068240827,-0.7759641942504779,-0.3740004522984357,0.5377618303893282,0.10519956036525807,-0.09019612905483398,0.09847928585054003,-0.29831155293097616,0.021668478514353932,0.0
2.064131307519554,1.2637440048959254,0.671153214052747,0.7397755480129692,2.3764372138290257,-1.012428279855037,-0.9556593969983284,-0.8342159074801725,-0.3281520176600556,0.48885141139312693,-0.06420994574877303,-0.11053898901123074,0.03019608829826318,-0.18859717310613544,-0.17039967444188595,0.0
2.054679670878632,1.3640194482996797,0.6072807800132276,0.7769418813247897,2.370099445321643,-0.9239813950688852,-0.985990313738079,-0.8407837495331159,-0.27744696195097157,0.5146993668274634,-0.035386737621245105,-0.1403832113202238,0.09458943182314264,-0.02029960408003678,-0.09171599071766777,0.0
2.0723544629721946,1.3532693019784485,0.6917502681202209,0.8118009833592511,2.314967749581939,-0.9948975750859259,-1.0334118893223785,-0.7056037845594841,-0.18796123428113054,0.4974556861709538,0.06395867540972165,-0.013168697877499497,0.24689447199260367,0.03021669300372469,-0.02606035589068329,0.0
2.0664596841048515,1.4167299746656685,0.7052095086570972,0.6656016690970795,2.3811801213289443,-0.9901549934397932,-0.9985890333975372,-0.7184118752921418,-0.26110780684819773,0.4604754827086668,0.043881407845588596,-0.08535286568079892,0.2001237553720387,-0.033454495770264686,-0.12770758598005055,0.0
2.0370557366331536,1.3973256818559519,0.7254921793737668,0.7662937073216579,2.3570430100408846,-1.012161080348195,-0.9979647045897773,-0.7655213669522678,-0.1963585901607655,0.5867963312272546,0.06937187433851716,-0.08924543926874326,0.22321699013878948,-0.006380958425962407,-0.2184370638965981,0.0
2.10435685789672,1.3463754608433043,0.6751512105314598,0.759501835945344,2.3920664435359713,-1.0002893462983717,-0.9588500249982558,-0.8361495051761475,-0.11152912868331585,0.543797865561892,-0.060628260340592696,-0.15826461764397384,0.19837149751220512,-0.06828886892467811,-0.11685241467936605,0.0
2.048617677684012,1.30736675876602,0.7045790219173008,0.8886683405680432,2.3864911095083263,-1.0027030972909792,-1.0558507662644343,-0.7038933737050178,-0.2961420093408628,0.5559316781937559,-0.012979613852922494,-0.24166159766936146,0.21821637604426397,-0.03043196127465298,-0.33146895817066707,0.0
2.1060107774915626,1.4917004662283646,0.7284023772671514,0.891685812857607,2.4257466416854943,-0.9155725529849056,-0.9907003931049334,-0.7404911765086504,-0.12395527872780489,0.6277549210883563,0.057360297150793285,-0.20481575409450603,-0.08005419293181526,-0.08007501459929627,-0.3008252266413183,0.0
2.0928516343515424,1.333697438848252,0.7044893228426703,0.754415224133746,2.3368734672716043,-0.9897626364318943,-0.9855466318905226,-0.7790805372562992,-0.09565901800485874,0.523861380173671,0.1605841794888127,-0.19751503863088826,0.07052128958105383,0.04588288345200595,-0.14097621025207355,0.0
2.1114745682452036,1.4344534437091498,0.6452008117762148,0.7944069637574414,2.3653323711925567,-0.8766164886281671,-0.9977979598299568,-0.7334552416112851,-0.05218771752500187,0.600850784454013,0.03232261045759548,-0.12986305663920794,-0.033746540900929135,-0.07620788836929218,-0.21460900714914183,0.0
2.1115455412247406,1.3082266581864639,0.6593519265641781,0.9118755468579463,2.425990068110224,-0.9643442545896433,-0.9713921558864955,-0.7824264176524564,-0.2507416110511261,0.5784560890868463,0.1109776952998465,0.041271090539045,-0.006783503829046626,0.1813081144776962,-0.21261773518240826,0.0
2.2108029939497325,1.3556057195744367,0.6499926904101101,0.7328940259545448,2.4459873314327063,-0.9969518645535462,-0.997782958839539,-0.7883459022150978,-0.1141597990681235,0.637274477835364,0.06364797212069422,0.11485036355423812,-0.04131924544660463,0.10733156522663412,-0.41688596652344695,0.0
2.032168858601298,1.2872189686363613,0.663692773632542,0.7418426595116876,2.382316343535513,-0.988693948356496,-0.9663552786223549,-0.8650226031649226,-0.08193225699850219,0.5459339990960328,-0.033777570619460844,0.12992207281374035,0.016101924209911075,0.16432850633214607,-0.2467292491191734,0.0
2.1176553837772074,1.445650140073868,0.6649002774596972,0.8342188325566615,2.441364658797718,-0.9769026429491128,-1.0180576364316698,-0.8946056620846536,-0.048275132494660714,0.6066275177551832,-0.05426192754042973,0.06965879457734975,0.07238943582796777,0.11463354707824071,-0.14057059874020736,0.0
2.1506887988042713,1.225433020394655,0.725414394763076,0.7920007072789876,2.3945847219305807,-1.101605544372405,-1.0197014456872817,-0.8775649593679198,-0.11290003251103416,0.6676916295884807,-0.12475927789436142,-0.09922291842592629,0.19000158798391537,0.25963723491588353,-0.26865710564498946,0.0
2.1114560788141583,1.3760254966179077,0.6445803114536127,0.8196463114256571,2.5015829912787755,-1.0633013816200698,-1.037032540828244,-0.8781317292518517,-0.08128908962963088,0.6142117165212411,-0.12875412590016827,-0.056286792832140504,0.11709622478589689,0.3157459017109288,-0.1222795656368638,0.0
2.079464405259772,1.312264624311765,0.7210503696068278,0.812224142860535,2.3782502873476714,-1.0629738680578549,-0.9341305292333155,-0.8800429260486372,-0.038470610852340985,0.6657888386289504,0.004767124624322799,-0.02907835099675727,-0.04121179261872339,0.3112378672062752,-0.056884861230669145,0.0
2.0544316304577426,1.4172615142637406,0.7499085653529781,0.7074842215264573,2.4498980263662875,-1.0233195361829575,-1.0293909097323222,-0.9434179051328163,-0.016714021624365735,0.5541118167711142,-0.02218569134473323,0.08856776869705901,-0.001567234707858231,0.08512371915425754,-0.10885117162959224,0.0
2.080898105479342,1.4376199982444342,0.734201265812689,0.8230339623368984,2.462491324560665,-0.9825356365394227,-0.9765357562372146,-0.8563937443497212,-0.06388656858410158,0.6374888858548887,-0.09380702494195009,-0.03312366834546963,0.0041126748283709345,0.06406780003029568,0.0122167115413718,0.0
2.1173935772121655,1.3826089904202505,0.7836146335317554,0.8168019535633615,2.471748976543369,-1.046244623705062,-1.0038386165251973,-0.8468015955634908,0.03136336584499134,0.644651413039991,-0.08239849223286846,-0.17308303756765625,-0.011460260031716098,0.005281548260914544,-0.10162210816151665,0.0
2.1005334665524433,1.392010490981413,0.7705533090715592,0.9131503965246074,2.5007151242268786,-0.9971060211016267,-1.0305295446197087,-0.8826650371825744,0.05904292532796948,0.6044174096771561,0.0706886972268281,-0.1860519075205487,-0.05553049224428619,-0.07944553099219487,0.023367393332763817,0.0
2.125836386255978,1.3933434303050718,0.7311015451044011,0.8149785331001989,2.4608190947941835,-1.0768999421967225,-1.0096035160774517,-1.0281542123313807,0.08525311659709608,0.6720974400132567,0.06764918893889024,0.004807881224995675,0.020501613546710512,0.13274733203739228,-0.05880323034410401,0.0
2.0691713272338617,1.3658511123095929,0.6750014652123028,0.7780131456892723,2.45596971375626,-0.9543051161502534,-1.0120238182453662,-0.9674656339830635,0.13360542985994145,0.5902558096119804,0.013523013946218826,-0.0782769035509211,-0.08020068357226628,0.05222780108771348,-0.05471584611163346,0.0
2.0939427134849917,1.3897637969075023,0.6835323459519761,0.7784436353241322,2.427427082226374,-0.9399588091525222,-0.959463887591791,-0.8934545075079637,0.15005438705271462,0.6369669940788008,0.020654894976157443,-0.08058092988411596,0.01673650115750766,-0.22479885661006077,-0.030237164912080148,0.0
2.1256450901055954,1.361025021404332,0.7517261278131077,0.8392122289578554,2.4661269338972267,-0.9931673718384739,-0.9854974504260344,-0.9811511778619451,0.19972363836590284,0.6552932831627918,0.14409525710699925,0.012256250356169944,-0.18647408797979162,-0.30175490843266634,-0.08911438172661001,0.0
2.1586433281919355,1.3917612265632444,0.8371344639115387,0.9018628749602047,2.5263007262383104,-0.9630033719309503,-0.9352307386518517,-1.0374285883300307,0.15634106203723017,0.759580901675813,0.01492642213625843,0.028938892768180013,-0.12356901482267241,-0.2469723969258163,-0.12530688540965695,0.0
2.1309027246119143,1.3813842343046823,0.665117578887334,0.7724595701058145,2.4742086986906027,-0.9547380811839539,-1.0138168178078175,-1.0327413125947011,0.13228702076324644,0.7048834510838999,0.028452391172239116,0.08204139972523099,-0.08571776459501862,-0.019313317758219706,-0.012409068639301718,0.0
2.192179169300315,1.3882831998731862,0.6969125272879418,0.8026377534857935,2.4506463453911302,-0.932205954131983,-1.013329455133202,-0.9205731816111746,0.16259602904939482,0.7192636443300984,-0.06992484417647819,0.18674346940927633,-0.12336466114795738,-0.183053586135856,0.07658181766647235,0.0
2.1160218926051524,1.3807541641290721,0.79077680218039,0.858516381516987,2.4574300265546594,-1.0155551374927854,-1.0586829106203128,-0.939244979527102,0.16581056608914124,0.6468479068445051,-0.009159990608734243,0.09202558350582025,-0.023825151153850047,-0.08356902689257098,0.10678788427012681,0.0
2.1617861642895493,1.4551480303956534,0.7398523300899614,0.8311690813140195,2.3843427495214584,-1.0167442333175865,-0.9013136023302619,-1.0584076188554288,0.1801686117037565,0.6532576094423818,0.06509291465465042,0.005245497048119996,0.04034315084610281,-0.132180153046311,-0.034593328898754924,0.0
2.0963379569330884,1.4463962468801386,0.7591547961610514,0.8232029699730413,2.4046198828791927,-0.9756907491518073,-1.0458797827601656,-1.0739252482354569,0.18964731759552064,0.6470370452144576,-0.03613780667164942,0.04308605432905797,0.1740379637896402,-0.11509627961069643,0.08819236379318031,0.0
2.1340486743621927,1.4003527377235374,0.7496508244799687,0.7988805167151237,2.492289713305565,-0.9670369322442388,-0.934935621690578,-0.9881827848393281,0.3245232171163929,0.6924910309955121,-0.16309780248612382,0.11747852911695192,0.25971513021609044,-0.1186691442630243,-0.00369837472048902,0.0
2.1202794322013747,1.3599339318628296,0.6681607581156266,0.7820403305752631,2.4296000845723476,-1.0107955592514177,-1.0259573020569634,-1.014706451928968,0.20834566656330705,0.7308524612302207,-0.3959145427338906,-0.07625104007900177,0.3872788095536386,-0.1302550906385227,-0.25423017540841597,0.0
2.1354800379331693,1.3615365094817429,0.7813538568628395,0.8376986169927088,2.4504428717948272,-1.0495752210471248,-0.9199985051870516,-0.9772885863452889,0.2756803888661011,0.7946935052263955,-0.1658833249334692,-0.043877554385675296,0.26583001963605424,-0.20068363468917516,-0.04385657225731518,0.0
2.171718866267165,1.3068712478655136,0.7511047229626178,0.8745043801794538,2.471556470278278,-1.074404681695931,-0.943292947130881,-0.9831625182685195,0.2986270270294638,0.8047531990738174,-0.09605643866414865,0.06584099184445115,0.2376515316529327,-0.13890576226620524,-0.2420092253627764,0.0
2.1874318288484176,1.4720906234072024,0.7367296302825463,0.9266075548323557,2.450987484257017,-1.0567739493831867,-0.9169443520931777,-1.0344173822256117,0.2805247105485239,0.7902709867871772,0.09727069454400226,0.001219202010364906,0.09230529701003402,-0.12917932116059072,-0.10453284995826047,0.0
2.194243122895794,1.5106446484123313,0.6652565563874887,0.8370748569208827,2.4632385962587264,-0.9585814702236818,-1.037302387826702,-0.9136884159039452,0.39265982595559656,0.7709641093586852,0.11578744769858301,-0.04957937006584254,-0.022247165737596317,-0.15766254096214666,-0.1310480279299573,0.0
2.14181109513284,1.411632279361481,0.6697902942439719,0.903384233413773,2.4017609617558855,-1.064060560989418,-0.9386584550386934,-1.0383793667254775,0.38589911746353317,0.7277744276615504,0.11761405729400923,-0.03959019672493918,0.2318684078726588,0.055235549600079634,0.05146155756964731,0.0
2.161070033004203,1.4348820121371706,0.6676266905483391,0.7789657447420608,2.368249712068213,-1.0222081537816803,-1.0197799547127158,-1.0198030430172187,0.3904167086110747,0.7370771186064067,0.12662157074467006,0.10038778764301419,0.3719727826777104,0.05691462905181133,0.06608424183880002,0.0
2.1647688601999318,1.4274848475021442,0.7860199572720744,0.9303478745194844,2.443699214020457,-0.976581877343653,-1.037840366773094,-1.0585060182369863,0.45867672437023327,0.8152302980774111,0.2900485309395329,0.04451536058871832,0.33722714774477286,0.00502759202742057,0.0034276045762160964,0.0
2.1497137886639344,1.3557951448690422,0.7061419317379178,0.7996093825645236,2.5363378355070467,-0.929617480299783,-0.997588037119134,-0.9533436620189049,0.43908882626560386,0.8569236437174368,0.21994964154205035,0.169298823927526,0.37835998507132523,-0.041050380327088146,0.08358035601694268,0.0
2.1564802614209526,1.425537120964571,0.7228423188093048,0.790919555098837,2.464447302121597,-0.9295776101031987,-0.9847679684754573,-0.874038167346288,0.36972431813010664,0.8626113333668588,0.11855681872646029,0.1853901706604657,0.4339071375148187,0.08603869764856162,0.2363642583608813,0.0
2.2644281838972073,1.4542424485811494,0.7294780944378941,0.8939889976451625,2.5375598770539054,-0.9557656874552227,-0.9481642949727864,-0.9702020588330467,0.38898115742331857,0.8218378670942665,0.21019206430606935,0.11483924148503451,0.23544056317813805,-0.005082839655168571,0.10097022332361194,0.0
2.1690771028029965,1.3804779194479775,0.8738009439577111,0.8170261299580076,2.5307967095791946,-0.9611512335356573,-0.9543529913992594,-1.0400086951059975,0.46390787772642567,0.8614785888098938,0.25679803849908006,0.17630886774678406,0.21395275196102997,-0.036987890260060226,-0.017451209784904484,0.0
2.2620983183764376,1.358731113684306,0.7073309455682426,0.8419097249895704,2.4749764984551965,-0.8740104356664096,-0.960824735702618,-0.9552744708608735,0.553466781548288,0.7551470354546839,0.2715596312224299,0.13547597659801858,0.055031997071895405,0.027017480036635913,-0.059770093757170614,0.0
2.239979070523844,1.4328858323426659,0.6749032722451717,0.904018597584478,2.4782013576644406,-0.9951030519291658,-1.043416424507772,-1.045609122102616,0.5157928548791038,0.908237665350082,0.1992890266521224,0.11831408212563305,0.03019780804809473,-0.039208175426968334,-0.15052613136890194,0.0
2.1208933298695025,1.3708182862792082,0.6777049949551951,0.8213597076630588,2.50613988983106,-0.9318698289625725,-0.9591919031783752,-1.0484496614375751,0.5461692995140321,0.8857186849422904,0.21327975799584115,0.16616153144183848,-0.02040952695279001,-0.007579643024906348,-0.11007238009698785,0.0
2.2662251106183495,1.392496841328244,0.7698342206384243,0.8753627603262648,2.550706228869901,-0.8688126775325633,-0.8658464326376448,-0.9669902825166231,0.48452436214406885,0.8828908230293918,0.18172918303894084,0.16832478064277664,0.07291650156090715,0.12357500721096146,-0.11146495081113492,0.0
2.2560184324720973,1.4461050232726367,0.799792021847025,0.8365016103460113,2.5076419194582438,-0.9397475757033933,-1.0120394344653714,-0.9578455966112661,0.4461232643018706,0.8618488093952261,-0.12151122579162452,0.03789190500051638,0.2872565702668021,0.08616671785659447,0.04253091155639589,0.0
2.2320702407479427,1.439662767031043,0.6970370958574258,0.825122403693794,2.5271192079341342,-0.930139335612468,-1.026198260342976,-1.0560737422003796,0.5914541133957548,0.8475844768899724,-0.1096403714428578,0.054273601936918825,0.20303055618876323,-0.006533313937291736,0.07613562229718922,0.0
2.2425279683515464,1.3983054993135935,0.7850284779196027,0.8761321883451111,2.5176495946146966,-0.8322645357869904,-0.9934110960625107,-1.0161596414347809,0.6483796389593555,0.8291763927465323,0.03783671761397028,0.02589797175896138,0.16797038318638755,0.04072175024436048,0.09357599659975552,0.0
2.143015390444729,1.3672390809664967,0.6624106086963123,0.8458202627319563,2.5412701953003367,-0.8613801934415807,-0.9651744426351149,-0.999915927109496,0.5268652375198265,0.9243014726868046,0.18217176096083,0.06485873173247544,0.1293664975608171,-0.0041657913153958954,0.008508457256541237,0.0
2.2027396886215023,1.430989885420583,0.7210767506595691,0.821318898413133,2.540164276760108,-0.8525219944688095,-1.0253125047310971,-0.9458205261469647,0.6422284660087282,0.9012724759875694,0.1597450469617937,-0.09286472796679168,0.12471478925097423,0.08037861803880907,0.05292125417128191,0.0
2.1396520381320396,1.4163062789099239,0.7570340263342905,0.853945421838273,2.538885119830855,-0.8860807075733245,-0.9517124570325859,-1.0756909827320709,0.679088676836825,0.9338729539984261,0.17853264028029978,-0.06308869982015003,0.19251516573427804,-0.03880171824920654,-0.1371651288141056,0.0
2.195137340658701,1.406639202815067,0.7731008775403052,0.8317999435891966,2.515569010083323,-0.9176789711941101,-0.9840673230367528,-0.991602712289876,0.5469315379977376,0.9117198535734562,0.049914995869430434,-0.026214834340901525,0.2167653430733014,0.059358996177616016,-0.09622397277982553,0.0
2.241097450503725,1.4312811295559043,0.7520296266735944,0.8780611098377651,2.5520592490048073,-0.8219043371470909,-1.0203669754958549,-0.9930436540958091,0.6631079242750771,0.8762538279654515,0.17311745239723397,0.07473698172492522,0.0011424346347359005,-0.007908757863943981,-0.3191431898552516,0.0
2.2355248881718572,1.4712140579669584,0.8003448656558284,0.7332179671229975,2.5987384705561007,-0.8722324039049357,-0.9631121872077972,-1.0197739798902936,0.5474588659660509,0.8913396840389707,0.02592347658911555,0.006866196345114171,0.04092728722300092,-0.13695078397425345,-0.2874255139162014,0.0
2.3021541537702164,1.359186104997702,0.6231227440782047,0.8392625723591495,2.5347958868417675,-0.8987440765990289,-0.872347466546911,-0.9428390172690672,0.590568635460306,0.9095256529716772,-0.0030611791548700064,-0.134912697579322,-0.024897565391940817,-0.10918004548496402,-0.01477015360513359,0.0
2.1244248348831496,1.4337885482104056,0.7702751441922777,0.9443662108605244,2.6822330683540714,-0.8929944303924214,-0.8809915171701053,-1.0089961750288134,0.7093731083911234,0.8655009277784385,-0.16355827289157326,-0.16300675857208397,-0.17627282152010504,0.06093471726968437,-0.02249708017296404,0.0
2.200677100499628,1.3994002421597271,0.7446344806472623,0.90743821151487,2.5351072439345796,-0.915442705387418,-0.9486531941637268,-1.0052977355716886,0.7328324753215052,0.9391370344311418,-0.10972429990742943,-0.20621686876598214,-0.06152273384024025,-0.0655268069477414,-0.03825625554222073,0.0
2.1507766166557993,1.3786748173522336,0.6988632140962229,0.875702070656252,2.499147492761515,-0.8310106774723871,-0.9219982103759227,-0.9156725666711965,0.6300415130912025,0.8929795665501615,-0.018271339085633213,-0.06235445720071127,0.0017158676664834824,0.032726951670955295,-0.03787364444062324,0.0
2.2424540988312436,1.4568002505787634,0.7616248098129791,0.8870504976786772,2.505562600749698,-0.7348873370229334,-0.9102493812116392,-1.0137646313946458,0.6701853186786147,0.9231765388288184,0.06664182908733994,-0.05392348740421509,-0.040249958905001465,0.03814058845818731,-0.2825534541483826,0.0
2.267775711430301,1.471393389703102,0.7363249313382905,0.9134455428375725,2.5500399924974992,-0.9414124481257424,-0.9274926287081597,-0.9861923465575355,0.782726357168033,0.9580606420355592,0.0985056843042808,0.10252626473299509,0.03296444259212632,-0.08268059685441574,-0.39105325266547064,0.0
2.1581463923753685,1.5133367869841643,0.7721276073687704,0.8999701154798062,2.621181640853625,-0.8507094782050288,-1.0303553426561918,-1.0270373558159278,0.7212330924881839,0.9636566254508366,0.12658066676008156,0.18363398891814486,0.05164922785793707,-0.024460958676943576,-0.17802358904539725,0.0
2.2430782307038655,1.4555588934423445,0.777020232850784,0.9010539369060319,2.577865203586207,-0.9003588185036698,-0.9471543850258863,-0.9909605075664767,0.770151153782395,0.9644759316273088,-0.05338552534497193,-0.013698757407017786,0.05019499346824923,-0.03899141104597944,-0.23906680346116907,0.0
2.303675899881697,1.4224262450595984,0.6515307097460614,0.8722814545068512,2.6064689514829222,-0.8815647204372286,-0.9135687823591033,-0.9052788751479722,0.7194029758108859,0.8932042648472068,-0.18087758262912232,-0.17722208113460153,0.05123858447959853,-0.042230647093072345,-0.14754128779090311,0.0
2.1305229098708427,1.394172247405475,0.781289719569673,0.8269593925584269,2.6495804924766864,-0.7878177934687683,-0.9063189319339043,-0.9878351567779088,0.7748312669212809,0.9881103179339478,0.055997408848792105,-0.26387580220976425,-0.03623922465943179,-0.0636027181285567,-0.037999209694445174,0.0
2.2923688244624585,1.521838494870395,0.756613452848977,0.8438057746346166,2.497644750466195,-0.774338316040422,-0.8767175431742652,-1.007097095282853,0.8260542606735815,0.9825690579424763,0.19862155181924074,-0.3151204225370162,0.13715093361109382,-0.013457840826492071,-0.10464029673974615,0.0
2.181249577688471,1.4078268729520935,0.7528776857859557,0.9254968606371878,2.5925021554333503,-0.7201969455554864,-0.9570159230889506,-1.022751202089243,0.7516859835368929,1.0035328188095407,0.0034962758775707037,-0.1015372755038568,0.07391258488037925,-0.08745382789914145,-0.20313020899323952,0.0
2.2432106223502517,1.444133776839723,0.7536102888910033,0.9201560121577719,2.54443542955404,-0.6760045760604398,-1.032092505511184,-0.870220515977437,0.8175264059689161,0.9473221814540129,-0.032975382157844915,-0.07257431476888865,-0.09678462399121426,-0.2659771254856687,-0.05264708502972655,0.0
2.2128632562781294,1.4763452674117605,0.7290620068440978,0.829066424415055,2.565407953293121,-0.7949911900123794,-0.8029324566998006,-0.8686391580340832,0.8016850627015504,0.9640768590827863,-0.024157015410952856,-0.18976200499249804,-0.19515937157966445,-0.22403944744683896,0.039370798816980974,0.0
2.2021528148583096,1.4703175406764966,0.6782781048183266,0.8921241796957037,2.60737934244528,-0.7387267618579594,-0.9072931495409984,-0.8393540691873473,0.7906486626324778,0.95902103700383,-0.1552265714564138,-0.14399503632832386,-0.1290052948862227,-0.17680559600966086,0.08809080213892884,0.0
2.3517215570114596,1.3035343943334028,0.7616781389579604,0.9183637306572267,2.639221603565778,-0.822745855357532,-0.9089926303857798,-0.8874311238373395,0.7700069002435415,0.9563557138216912,-0.0028158163526975227,0.04934373539569374,0.09729421901695501,-0.18538036601092206,0.01279443433012352,0.0
2.2789484993140587,1.4268059731602234,0.7317957176623979,0.9516097465769108,2.5834669770596816,-0.757160321397525,-0.9040465611078949,-0.8845033599131435,0.8052094826942056,0.9716431713983862,0.005752209049455988,0.029295663361814224,0.06960438844302536,-0.1591075551858241,0.05814937032616638,0.0
2.2513209733180486,1.4730619905794802,0.6070192619390321,0.8145227432208009,2.546089267524019,-0.7886433862737059,-1.0031960267057944,-0.8745123720858148,0.881971422580936,0.9384871466739775,-0.10432551097877059,0.023861066360097757,0.10913372632859054,-0.013327688023660855,-0.005562095999697231,0.0
2.2164256338995063,1.4639009188682026,0.8773225422897558,0.8923323635961642,2.5076628915638515,-0.8309551266232214,-0.8990597827446238,-0.845245179142608,0.934502328245324,0.9484328142467444,-0.12402997877080565,-0.06689723845786394,0.141267770114935,-0.07945069607817924,0.04959581843645532,0.0
2.239611223164005,1.4668176534715038,0.7921274763243542,0.8950459963516935,2.56915307283422,-0.6805971450299171,-0.9247209665107927,-0.8185865434223307,0.9548212061947885,0.9225415261768465,0.047887339158747974,-0.09424964793185123,0.1854003192871375,-0.09030095512425601,0.11582068522774852,0.0
2.2909021570048997,1.5444794878696442,0.7793046388429038,0.9723534410092162,2.672383483538655,-0.7149419090845314,-0.8569021017227048,-0.8496472821887524,0.8952713652923399,0.9342239179379672,-0.06645611529354079,-0.10240489259587827,0.09551666911336806,0.0034572278892525884,0.1969947182382677,0.0
2.3075857835998956,1.4284474654192436,0.8968099939601569,0.75343322738397,2.6528122825283726,-0.7743575855252499,-0.9559293173092587,-0.8639001619068779,0.948199526663339,1.0488230908946483,0.060518621427071914,-0.03663363882931711,0.13144226298372952,-0.04098421979972837,0.16475762100815672,0.0
2.274730266956776,1.525279540189323,0.7258764926795922,0.9514114455607908,2.587891059679146,-0.673499265500136,-0.9476013280529901,-0.7966457190878475,0.8798901085925537,0.9306688889653032,0.0680156849020634,-0.21268435666261154,0.1513554336242403,-0.03041122295609358,0.13021155735451437,0.0
2.21554072775655,1.56627416922913,0.7277445339738047,0.9433590074974295,2.6530275519108817,-0.70954604966269,-0.8914394360310018,-0.8452039922088689,0.8808540369065899,0.9311696089375545,0.15045623268172767,-0.2797270843922315,0.1559964165885016,-0.07472667037409579,0.17501256933345072,0.0
2.274200247680163,1.426308334465581,0.8793163606682942,0.9662794512866408,2.5581860231952733,-0.7390477827206703,-0.922890573697556,-0.7760179407734769,0.8548284307006995,0.9484632691074436,0.029811453565565915,-0.1409961903238263,0.06142997741408365,-0.056436917121009005,0.16028996365554016,0.0
2.310607067636164,1.4423030826344019,0.7712612424071134,0.9464701267455832,2.6270309245310166,-0.6810123683268182,-0.8187636085330544,-0.8367272924202114,1.0072739348536106,1.1055811072483777,0.08991577597096875,0.024995620736230115,-0.020498580755720572,-0.013442177051236834,0.06607547147027101,0.0
2.316735061270433,1.5684668363040708,0.66906330152865,0.8703368089690238,2.6417869130432967,-0.5434686360569628,-0.8372395393864431,-0.8064132158528317,0.8937824482276243,0.960707987590272,-0.0020406640602424475,0.017533451033956295,0.15676809797526398,0.11558057711478137,0.12815339278850152,0.0
2.332258564938287,1.4756995948976361,0.8065130983414077,0.884857194115569,2.6527759384225487,-0.60056827663906,-0.8021697322757098,-0.7612537435453182,0.9788111226135751,0.9804899819675874,0.0254929525049736,-0.04064776426924595,0.19447745968358965,0.15152095949010425,0.16081953844140387,0.0
2.3128866253196714,1.4504705885347002,0.7196034812992816,0.9447605769025215,2.7074342917101517,-0.5941867102776699,-0.9042164417077951,-0.7727478221388528,0.9795915990903172,0.8912472635550648,0.031316126221708214,-0.0669526290524049,0.16194322023635072,0.3197213061836285,0.17141821976130397,0.0
2.25249848921464,1.445279097311501,0.7958308998875232,0.9526203221705017,2.6114358946331317,-0.6925235911921666,-0.8066717728133885,-0.7657882316090925,0.9324590062515554,0.9506768952077965,-0.2665893116285477,-0.046998569491168915,-0.10082790461883273,0.5058667362002416,-0.0038990225171833676,0.0
2.2753487302625546,1.4892748130777047,0.8029732239889263,0.8183636983449201,2.602209892587734,-0.6904519948557338,-0.8135427548880383,-0.7273212373017495,0.9234790270234364,0.9834780171496957,-0.15396353896049284,0.04311077441956839,-0.1158664291566158,0.2415586419068377,-0.12943740759584263,0.0
2.30418650064483,1.5741605266154177,0.7581688452614004,0.8821075282408345,2.6430238906075236,-0.6679205854996673,-0.8333084074521176,-0.6623885040244017,0.958134685458348,1.0140553454705101,-0.1258577100932252,0.22031566739931552,-0.09542283664548312,0.15258556685884112,-0.0025282714512042254,0.0
2.2578781997732005,1.4484942596584438,0.7228863907254692,0.8518739348838564,2.6341616923433846,-0.606096712192456,-0.8691038478290469,-0.7203840358563216,0.9345674817708878,0.984168105002159,-0.026142170143153655,0.040936051269273244,-0.17983837344007736,0.017793506157098626,-0.29094761312964734,0.0
2.2065994886074907,1.5254065574170297,0.8661218417367265,0.9316940652237835,2.5553744057611314,-0.5570912091600894,-0.7950056815126121,-0.7892748793836464,0.97480065403843,0.9739310962449264,-0.0827998868340167,-0.15499653217715126,-0.24679137814905402,0.047910450426592886,-0.11965470769055389,0.0
2.323580339161048,1.5501282122657083,0.8231151644120316,0.9408469108684869,2.644195556816918,-0.5818179998857926,-0.9061702589544411,-0.7208782878105685,0.9889225842679211,1.033710195815806,-0.004262056551244786,-0.08605414376379493,-0.09234066764502093,-0.004410369614142526,-0.2232910877584745,0.0
2.289574481154176,1.425359706404751,0.8037476084515538,0.8920189874089824,2.668318820846897,-0.5459366849510983,-0.8804173275970303,-0.7196614687540754,0.9016218208954041,1.041030402734189,-0.14385182744356204,-0.1428584011090586,0.015614588567957319,-0.0811112609933648,-0.18546800593421334,0.0
2.3661505382390438,1.5249538703094592,0.8069043887576063,0.8991311692579673,2.6574190352112965,-0.53965897432173,-0.8310927815074161,-0.713336062183231,0.9929636014571591,1.0317169723266555,-0.16108297127001783,-0.15584827002765603,0.014736885397141087,0.15858086240125957,-0.2106060888662263,0.0
2.2429156667884502,1.4993223561473699,0.7501481936862405,0.9620265269595265,2.5727551095788286,-0.5835044182595117,-0.7869043151163612,-0.6405766055086691,1.095677502739386,1.0290249140045573,-0.13093765452447384,0.07691528093536121,0.054957148815633815,-0.0055618863290514825,-0.24776713255206978,0.0
2.265315668239794,1.5729859680405809,0.8281947654293424,0.9306586273752397,2.7237731707083177,-0.48782550476473224,-0.8039388289098205,-0.6058800712880354,1.0385187542847143,1.0560102816030925,0.056512646197034055,0.11181251630738913,0.04450982609073255,-0.2311317669167392,-0.15161645387063422,0.0
2.2613689789967286,1.5020174096778929,0.7371237242582069,1.0112914811560836,2.6471006897501015,-0.4961268289842865,-0.816092913217996,-0.5677150671586554,0.9799290557137805,1.0349915043210098,0.01096223126534511,-0.0018968899288759195,0.15362212927009725,-0.1848095831406283,-0.0313095659258624,0.0
2.230244326883933,1.4898661177498587,0.7800839927668854,1.0364328121555935,2.5602125020401987,-0.44376143050620565,-0.751616993742434,-0.5694352216115545,1.0000088042243178,0.9825016771401801,-0.06723374163904436,0.0392964318753032,-0.00047180544910270517,-0.08949975305010019,0.06223852858808919,0.0
2.3206944262798945,1.4749703673369123,0.7772016283120862,0.9751817264609176,2.639619267916987,-0.5487730550581048,-0.8264215280884264,-0.5974077892842229,0.9160129969429132,0.9276490385035403,-0.02960900852454683,0.005499980442869895,0.03215291247649989,0.1380805579576752,0.20799540782218287,0.0
2.3364640063417754,1.4989010705652834,0.7849516881390024,0.8433990957892948,2.66497411637095,-0.43496384956401246,-0.8461907596727546,-0.6018323826820604,1.0646494554849117,1.0207426492065454,-0.032713169034545506,0.04364311503061465,0.18129259728094455,0.11185699660237458,0.17414739448709107,0.0
2.2504673449835506,1.4851086975720311,0.7547535119364841,0.9788214372197792,2.6521204551065494,-0.43847392230143645,-0.7400290593232757,-0.5304657602988491,0.9539834439783401,1.0716398825337488,-0.12398387397976558,0.03402714780617287,0.10791836616485646,0.10113023506422683,0.07398388875780926,0.0
2.315542245133044,1.5522906992415375,0.7472029739853155,0.952026873127905,2.5877134633405987,-0.47745824561557043,-0.7726774691396449,-0.5215401097976299,1.0358751129159058,1.0179254862067257,0.04648016205276849,0.025741803287844926,0.09509079946396633,0.03385271603222715,0.056001476119060686,0.0
2.2270819422330423,1.492501630477441,0.8253358805099381,0.8824932193326187,2.707417626972881,-0.5335618837098542,-0.7329244379261484,-0.49159962530561835,0.9718579901239928,1.0196760797248923,-0.06162422674052817,-0.11079793774402888,0.03256679173293031,-0.09146727974240058,0.07768259841592065,0.0
2.418675521911216,1.438502000243426,0.7860547892085097,1.0527833005109677,2.67162008657096,-0.3847883364994067,-0.7421688612591674,-0.5241695144376656,1.0126124032732051,1.0370011726344135,-0.1288352663943045,-0.044254360207067286,0.11237491782593778,-0.006104283909881006,0.11585899847039186,0.0
2.3143189137605082,1.451129608405207,0.828337015650317,0.9658996385373622,2.712840945644257,-0.5015715527508418,-0.7287689978307483,-0.5320872558749606,0.9426199810998098,1.0150631750781773,-0.024537421579147692,0.13666930750384226,0.09294388793677542,0.09772680860513225,0.04877218003610152,0.0
2.297240692932673,1.4610121529966777,0.7859181833652811,0.925360597812018,2.7246744917128782,-0.4066135572585731,-0.7791086953505995,-0.543257026397453,0.9017529238991657,1.012532627605593,0.061530485032929266,0.16411921497465765,0.06662300648751605,0.025900691489021667,0.13538930611324632,0.0
2.3305055720734336,1.5178889387962629,0.7842222029493996,0.8783998993566804,2.7598354876036004,-0.4612644427204643,-0.8119120978586007,-0.3857639948551638,1.005184790413983,1.0341783422603106,0.01940885624029579,0.07049411097432934,0.21083769612824793,-0.017060661160279975,0.10490619767098339,0.0
2.4315389498417175,1.4940053554787112,0.7794208324817091,0.9523403635860987,2.702526218717365,-0.39394536168962746,-0.7537527327825898,-0.4328934348253773,0.9625833765380658,1.0803826882305323,0.17222804684055423,0.06588566251478807,0.08859660304257391,0.009726353233995998,-0.11745381688403615,0.0
2.2568369976816745,1.5120718119250067,0.8118409624712223,0.9190854369625933,2.6850424625509266,-0.5264095247085605,-0.7872168200097269,-0.5064261263210845,1.0799978672826338,0.9770640816587489,0.12873647145359474,-0.05618453119009373,0.021050937195616598,-0.1448673895397388,-0.16984741118374364,0.0
2.425286795186044,1.514889613908679,0.8704527168897994,0.9505500392004984,2.7383597556769272,-0.3787160804610119,-0.7180796666489517,-0.4138529632564788,0.9521152325418712,0.9759328018781229,0.00025984778936791186,0.025155301560269218,0.0999393734598548,-0.13328074965835793,-0.05383732918021562,0.0
2.383079849232099,1.5144607433859958,0.8139840805610408,0.9502366022880101,2.724684693600524,-0.4748866611295717,-0.6989217167715228,-0.4191152001057628,1.0623685546308768,0.9296022087636074,0.1093670191926522,0.010621576939788734,0.07525139130501966,-0.07560517693387045,-0.1860147116234437,0.0
2.4179951395471506,1.5456388206284346,0.8477573589814307,1.048381917616279,2.7209673701030446,-0.30850781778682335,-0.6879780675156824,-0.3903136249509045,0.955951560237237,0.9231492326523488,0.08515999081240042,0.1331072238304151,0.1962443142029463,0.05379101963822949,-0.24414301427011745,0.0
2.3523177941658457,1.5224250508102914,0.8261736422545002,1.0294556212644281,2.753569229748689,-0.3825374806623755,-0.798803941117191,-0.38329629385656827,0.9871395157753294,0.9026681799052213,0.09329957995003403,0.00029091878624046275,0.030045243949206518,0.023690745748957888,-0.09816827888255915,0.0
2.340756471742958,1.5310919869549664,0.8288257659219784,0.9638928887022676,2.7246794763981823,-0.31606315533321044,-0.6714655206636114,-0.3592969898244559,0.9818195549926195,1.0157961286631483,0.12513010365562652,-0.058742318769425164,0.02531041101251898,0.08076153536911501,0.051671118415218834,0.0
2.3930340065625,1.528938988007502,0.804290718639969,1.0169553445899897,2.7066269057082604,-0.3860250863387719,-0.691759614954438,-0.34885704008609497,1.0691236205705197,1.026223122453579,-0.012901900549192963,0.17403874363422944,0.0847056423199769,0.2004745509802332,0.06768651598070526,0.0
2.294720485354237,1.5187462845597586,0.8846687474807976,0.906874439501979,2.7869827141571437,-0.23673966651516692,-0.704049313684211,-0.3128161943989534,1.0175000199692612,0.9427586682787534,-0.07260776479222757,0.241817957196654,0.0928288737200764,-0.05124832750698041,-0.04291320756929137,0.0
2.428045059332965,1.5351774908239602,0.7638764049246769,0.9335283670583687,2.7150665191245373,-0.20061209437639732,-0.7001014633593452,-0.295090264006666,0.9875499493179559,0.9619376336353684,-0.07258940538555048,0.3674977150117614,0.020405358890888278,-0.15637011102245935,0.15349792777601284,0.0
2.2797171143487756,1.5175628007769073,0.7605936105579354,1.0249612562499273,2.70601785140968,-0.2203071640586246,-0.6614890627224421,-0.25366772608271204,0.9625531127194948,1.055850939226684,-0.0343341840147172,0.1874166150093718,-0.2021424631682427,-0.10364160578270189,0.046399515241297554,0.0
2.3059872449261984,1.5416659166178575,0.8226912668438864,0.9803149610550331,2.7835723575321287,-0.1381392311224169,-0.5958614335748499,-0.3032704689785626,0.8721111634158446,0.941673535752448,0.11756195594409313,-0.0172002225376785,-0.13692121535913504,0.06145993787006944,-0.04720326951598249,0.0
2.3207661701201086,1.5928963339491196,0.8948030040626832,0.9277140397087373,2.723842470938146,-0.1887739240022601,-0.7016061167675854,-0.24033512331639062,0.9177510958246282,0.9399789609858671,-0.0008790886075492194,-0.0953690189870809,-0.321036052901995,0.20385488625501813,-0.15229511149365996,0.0
2.2963713408461395,1.4513307733862595,0.8945528109143372,0.9032078014176685,2.6571993404194347,-0.27330677677066073,-0.7558062599597549,-0.2600694768626675,0.9371379609279031,0.9843878516624845,-0.003309993663762472,-0.03159169608729295,-0.06716092256079059,0.03856098098409687,-0.283416010632186,0.0
2.4100357596041215,1.6204216406785055,0.827984868585881,0.9472425917387199,2.7587776426046835,-0.24383690408861333,-0.6220506389498247,-0.26082640949672253,0.8667690904318746,0.8812454118977273,-0.1007993699647408,-0.07938881672842923,-0.14459561333111792,-0.2217060290615983,-0.2551448860251968,0.0
2.376637106197739,1.521216303282167,0.7632104489437634,1.0385738816234067,2.7528128503909834,-0.09194598637630821,-0.6831946599998259,-0.15611309316944935,0.9242577896512499,0.9193324783544098,-0.0841875992510678,0.1278201400367428,-0.04109014173202839,-0.2942127139945871,-0.24919211451892612,0.0
2.3371694032682564,1.6240402526225437,0.8739274174384417,0.9809592643975606,2.826975446127626,-0.13973916756593444,-0.6565448856343997,-0.14224835949771447,0.9049453283787978,1.1110979047155822,-0.07735693005944658,0.10100601524030209,-0.08448859802293734,-0.24213088221353868,-0.14830221946286762,0.0
2.3819557064686516,1.5984591957158572,0.7894181921686607,1.0240233845784954,2.76229359527958,-0.13438638377997508,-0.6701534460391093,-0.1848565964601576,0.931116682253068,1.0764336089421884,-0.07347901940211282,0.061754635812028086,0.022203430323921594,-0.1030095095668416,-0.13342058937341217,0.0
2.256304554466455,1.5312429979104427,0.7665181333323,1.0523699932975468,2.6907430645726813,-0.106222129708822,-0.6182860629176243,-0.1363218158113724,0.900289551894959,0.9289564499957695,0.011946313535698722,0.1652570568429028,0.10160553615644793,-0.014331590252521786,-0.08242303309711403,0.0
2.4152941550752822,1.6176584182447635,0.8036314495610877,1.0057739971289745,2.790701814760238,-0.18131929120140022,-0.6185653945628032,-0.12738436808431985,0.8939169115996479,0.9473430157588991,0.1133698403201007,0.07423746046448058,-0.016515942390502705,0.12528829039533662,-0.16289887472062942,0.0
2.4624048500246287,1.5787603137518111,0.8518755655390617,1.0278861103274461,2.70019398464012,-0.15161996770242128,-0.697299095703478,-0.09158034197031475,0.9683705673041251,1.013364260257291,-0.1576231742555828,0.026064247054586515,-0.08543651859393388,-0.01856369174703175,-0.1908818798634374,0.0
2.3308661429381274,1.5495631193160044,0.7843639114821253,0.9329140113414168,2.7362219724805215,-0.07099938758411152,-0.5979526601086707,-0.10840007823362764,0.8884502040894122,1.0662375539106579,-0.10176081909900063,0.15865049922685842,-0.11752321165515456,-0.0008398379887973803,-0.1235557633418387,0.0
2.396391082043646,1.635016723165964,0.8694927333043908,1.0371203568300609,2.8427319277393104,-0.14009506993512982,-0.644043098652141,-0.040672490378405125,0.8792556737027877,0.948996665472101,-0.10256239011023921,0.15124600008315092,-0.16764853422241366,0.02554814296844619,-0.12561362926990938,0.0
2.357015228741707,1.5871169368765046,0.7626243570057557,0.9563788123620501,2.7586411420899415,-0.18176090999054878,-0.5775968250125728,-0.07242329751396223,0.8182657800667934,0.9306080443121197,-0.04483352609802135,0.04975414241526035,-0.23677656707232647,-0.1802123731150404,-0.09487347357292827,0.0
2.4773990696238735,1.5219424632511005,0.9280556560852249,0.9912930785821362,2.8082103828962595,-0.11355091458190988,-0.5469152338911695,-0.041951770286294876,0.8287861202465391,0.9912281110668971,0.08142553000577418,0.013109123921092595,0.09296167318402127,-0.19244641287435632,-0.02310601492157304,0.0
2.4043880301918317,1.5563829399504177,0.8833384861452914,1.0197238510417947,2.7970121368765235,-0.07040870858913768,-0.5896575227376493,-0.06659530621291795,0.9269368475024695,1.0230268013711452,0.09342760045274112,-0.02997377693132982,0.08416095140893903,-0.212442285709527,0.18214926867223408,0.0
2.492831842009298,1.5329704417000332,0.7665862073621206,0.9954828567638052,2.8031926613655904,-0.049822971036872145,-0.6423929544935253,0.006166314472547507,0.8453919366454008,0.915277710954315,0.07988144429573704,-0.07943769208074221,0.2111743218048263,-0.25377236792443103,0.22129627059889906,0.0
2.3542410458933,1.562159194899206,0.7449089864515086,0.9904590744914817,2.820020248637761,-0.11748137168886678,-0.6194832479190964,0.01991181583247317,0.9001239020289908,0.9681041053038589,-0.00476977457038158,-0.02379882054178943,0.08908962695341927,-0.2289704315360888,0.22694213703161864,0.0
