Channel_0,Channel_1,Channel_2,Channel_3,Channel_4,Channel_5,Channel_6,Channel_7,Channel_8,Channel_9,Channel_10,Channel_11,Channel_12,Channel_13,Channel_14,Label
0.015366804336782353,-0.0053552518968844436,0.00389528805297383,0.13223621097819116,0.0009424848601266467,0.6561051745824258,-0.7382500663813137,0.016724898737000296,0.9851293968919758,-0.7621415550208288,0.0,0.0,0.0,0.0,0.0,0.0
0.018808168833130082,0.009219502431341743,0.056675191159098685,0.01878011806206121,0.026700357630044542,0.7615515376744271,-0.6307008513436698,0.018067466596851333,1.0875488431408338,-0.8179203892716659,0.15133081915630467,-0.06295369116795027,-0.09375272783170706,-0.10101313992829303,0.04045905961046781,0.0
0.004755721394258334,-0.0068677509390125645,-0.07838001367082652,0.06070390726964659,0.04801007668465375,0.6873106273524985,-0.7564799476794354,-0.01311841407824206,0.9621362178935999,-0.8029248819381869,0.17153409542141798,-0.17569690833212037,-0.1403349072240266,-0.1950587072017491,0.04029828192964849,0.0
-0.002033192556695338,-0.03386973641058921,-0.09953355754501406,-0.00028948618842038003,0.04286234857646716,0.6899976222289639,-0.7041937255493782,0.08293199366675238,0.9466997543311312,-0.8711377940815359,0.2720972226653251,-0.09854405676806602,-0.04748591924852778,-0.05377972149456353,-0.039693055489562944,0.0
0.0001897945886463158,-0.03272545666655002,-0.0174276228609307,0.03913677956587295,0.018663145238336946,0.7173369597284857,-0.6506320184310646,0.037539518216672535,0.9680139256140479,-0.8533699145958009,0.24228054032690013,-0.16316977822366024,0.01853131428976497,0.10934437509883786,0.052315716741287904,0.0
-0.019027877825406114,-0.05843556787628245,0.052817711307405146,0.09620516986248856,-0.05553704846170486,0.7180058432083969,-0.7177933101350429,0.14691559829150003,0.9365825122787712,-0.8076446459089417,0.3569288415184866,-0.09599564487386576,0.17225461464939312,0.1610405790323075,0.02391903594157089,0.0
-0.049829811556937276,0.027410047506183463,-0.04838251596603628,-0.060602893540520106,-0.004314119493767241,0.7191793138353199,-0.5960852647843633,0.15533350830157297,1.0050987498996464,-0.8422895212523072,0.23315661918032274,-0.11697801524567084,0.25435822931851043,0.1104208852764976,0.029794942510451346,0.0
-0.10934879977377922,-0.03415400463919885,0.009609320242119865,0.004511470115394774,0.042626792842446484,0.7798158428283288,-0.6692660697824223,0.10344510417621178,1.0292288524818787,-0.9112604452555606,0.1001537582773204,-0.16086746086557913,0.0640006827106245,0.25274990777636647,0.09559684882947386,0.0
-0.06107257086553895,0.09825341483040421,0.0013291635126948123,-0.02748854361999823,-0.043867173562945894,0.6665397437339793,-0.6174097752529587,0.13353401704954268,0.8977287342829011,-0.844622624722426,0.022166808070857705,-0.09081011722493978,-0.028369089003232636,0.07179156000648593,0.09048314674466107,0.0
0.00010454682658579077,-0.056558002005860156,0.02118314403052516,0.16691444838835467,-0.039623021696085926,0.7185233215169446,-0.6452214022738522,0.11910322548437934,1.1000189466932129,-0.9646789853075778,-0.1254540370237023,0.1008431203169169,-0.06671701504624156,-0.032846841258710346,0.07674500657703902,0.0
-0.014325052460446111,-0.049948542016070886,-0.0196261377016903,0.0033633813578143237,0.0018083808895297715,0.7510243242362138,-0.5535004071806958,0.1424496176144962,0.9686296084637039,-0.8446066806901749,-0.05378262194496069,-0.10086012971497509,-0.17126128051350506,-0.08908224004549431,0.09349986009402443,0.0
-0.04611870392804223,-0.012717369530775222,0.006957876576177151,-0.06985091448655592,0.041609287008964345,0.7765221692468616,-0.5183125100654502,0.18870246653601846,1.0968146577443256,-0.8784787706022419,-0.07291803480058204,0.0539701293000608,-0.1729042752390398,-0.15255627172698888,0.1319403096908955,0.0
-0.017171154760292053,-0.04595338653054318,0.0034390815041643588,0.05012040572113715,-0.00962260697990538,0.7072302886096357,-0.491409544514101,0.18573910595079485,1.0311212418476035,-0.8784020370046876,-0.03729838203095773,-0.04336994147328305,-0.2563322614152257,-0.15908051809180768,0.025891299206408883,0.0
0.010858141420798467,0.06097462374976173,0.06959096973109488,0.009557600434544167,0.03946071070732477,0.8501778863305329,-0.49670445156953363,0.29760722956588376,0.9706723541746101,-0.7865098348323248,0.07095691413043285,-0.11446672978494536,-0.47400825919096545,-0.1345963640709522,0.027968909125069094,0.0
-0.05476613246313565,-0.028195711683304918,-0.04846699988061017,0.0043673498290234865,-0.05420755203408682,0.8343501353644258,-0.5033899447182318,0.2846649684333461,0.9991413364858798,-0.9474052266069081,-0.031559964565839246,-0.13463264263926633,-0.30284430435779985,-0.007294678271364721,-0.05804518662638493,0.0
-0.026095573561803257,0.014848250745098362,-0.08448576533210712,0.05754101862163926,0.02490133793547928,0.8163103810018711,-0.5899309587682213,0.12095876479957449,0.9214604887773002,-0.9213852713198782,0.009839700897954638,0.003309177642062136,-0.29820664355521853,-0.06647727685294348,-0.10665169016114479,0.0
0.04146633609674954,-0.031537436857824376,0.04216592054447129,-0.06186236393800006,0.011555600182851759,0.7356334430048159,-0.5377721198093439,0.29426616122319993,0.9040840816226117,-0.9375645427300944,-0.07696881010092577,-0.006583587650389942,-0.21334253404266357,0.1035865591627631,-0.0751375180650801,0.0
-0.034208887961737315,-0.04938436020793543,-0.003655859452632172,-0.05823863973275851,-0.027735639895279853,0.9112177591565708,-0.547494255478146,0.2877707477598751,0.9102652604578109,-0.977961208133996,-0.13890927988856705,-0.043048729736614506,-0.2895989517282841,0.06418288433568303,0.03837361314741364,0.0
0.0032341040053839197,-0.030856481118213767,0.024756017557661443,0.048201312176779976,-0.006053866173317584,0.8194526273831357,-0.5441434382472533,0.2460890669500029,0.8117376110212944,-0.9811535907085807,-0.0740352543242537,0.10114229502001301,-0.07254614480970212,-0.08096493773017584,-0.07005280784997645,0.0
-0.010504528549089644,0.009529429429872584,-0.0065553780403426595,0.03856263317270113,0.09195316245880515,0.8648384557390321,-0.48812418982182615,0.260458363963823,0.9581441406395422,-0.9632468769434331,-0.12339860436603217,0.18332464656723824,-0.02734386998934798,-0.12949604774340068,0.01944698903632279,0.0
0.0004596396011299509,-0.04977065147876434,-4.7618442178095494e-05,0.037713199971498336,0.006654552118435916,0.8063682502182042,-0.46908860196404556,0.3671074759466577,0.8486365530512867,-0.9110055437695126,-0.19360784731929967,0.0703157010664175,-0.14529132509634693,0.06756544690884818,-0.06278039771284194,0.0
-0.01402803759552304,-0.013132830079957707,-0.011991794688427135,0.041761424978474196,0.0840834989647541,0.8080043869508264,-0.45548840142402797,0.4330426798741141,0.8990094766220804,-0.9409153160711219,-0.2067608744989345,0.19690213417725208,-0.11158906002289623,0.07010820227147055,-0.18298313545398914,0.0
-0.011352232961905994,0.02219683514468649,-0.01517258670251112,-0.020809359299911373,0.0002984510462754582,0.88019372134737,-0.49449460597297434,0.3870256813300242,0.9982830515036636,-0.994140113842623,-0.2540689123990245,-0.010756467347267373,-0.09117097901720757,-0.00022010915197071684,-0.13596336226709213,0.0
0.032140397913169104,0.046956497080406646,-0.06637587446159982,0.01182593009081032,0.050821375081274434,0.786593571886541,-0.4732501517510194,0.3934353217289781,0.9224682506106423,-0.9358747926848715,-0.19442723049556004,0.041241802566750016,-0.02202061973202963,0.06002470741755141,-0.1391352420196351,0.0
-0.008227134251447374,0.0022292921717195022,0.0477339432715177,0.004221403361941664,-0.004031252153124179,0.8901988726815495,-0.41307395538874514,0.44029388460932817,0.8687043662438173,-0.9898473687806442,-0.39564601732021654,-0.0991690555745259,0.03422580593114544,0.06781433914776958,-0.05076917103483948,0.0
-0.008715323744056685,-0.08702862300530684,-0.02615052703032815,0.11520694587108911,0.06449373332966214,0.8304695072149029,-0.4525574644788296,0.44921863084811775,0.9866824986792351,-0.9202497974012613,-0.4053734307661242,-0.018533966024802985,0.11651858730526682,0.21710761948071394,-0.035750181521745444,0.0
-0.1236339403253541,-0.014208571223212695,0.06326163053883081,-0.05224693684965455,0.015148778056679225,0.8679068339516591,-0.3625475087009947,0.4810859186433763,0.9464824503444997,-0.9713194458688783,-0.3405934883727553,-0.069075320228283,0.1504295119895957,0.10261808952318535,0.008161766224185695,0.0
-0.02604399885900596,-0.018585857147682808,-0.007456427684329985,0.007945964602805933,0.012690399612447664,0.9303130639259921,-0.38347314964598156,0.4390535059761405,0.8179819059173965,-0.9666329769749534,-0.19893629796747578,0.0303415413099764,0.2272001828204654,-0.05318838888566613,0.04681915043126442,0.0
-0.019060620951478334,-0.04984674377249111,-0.009698420540015542,-0.025042231891089534,0.08238199398549445,0.8451411041806631,-0.3544704272844113,0.48871540152811566,0.9107632435886526,-1.0587563854935886,-0.10063755202159749,0.04014208683371181,0.33920521215499344,0.013777822674459296,0.029303800588484905,0.0
0.018118715520461653,0.03820479073433039,-0.020193057736549433,-0.044851055057977984,-0.021647697857360447,0.7603367962280942,-0.4456612713991777,0.5207196904715428,0.8513587181120048,-0.9953319463781498,0.02316338538526297,-0.17583152339723357,0.2813940711768187,0.17843273706224402,-0.036490773414563776,0.0
-0.016324080385934827,-0.005506691097379078,0.04463857467791443,-0.05384907696423439,-0.006748164229137695,0.9224278597413428,-0.40582287641455733,0.45986859175371814,0.817861846879572,-0.9293377139930403,-0.038318525877497386,-0.003582101809894475,0.22544652290651868,0.2031210919530761,0.01183939102245746,0.0
0.0588952500505483,-0.08011271155530789,0.007302226946302327,0.08689231032616952,-0.026199384771826505,0.8232605477402144,-0.3443393214812578,0.4947703446678487,0.8829379901795711,-1.019021110902969,-0.247031974639976,-0.04291275468845396,0.2013964620446536,0.15979837869556016,0.03656764709849586,0.0
0.020435776974890074,-0.008442387657535785,-0.04566868515033835,-0.001013271647893903,-0.0812282932624848,0.8207835240382737,-0.29988515383570985,0.5440094337179939,0.8972395831115053,-0.9667046241356777,-0.5120806637455051,0.020719390873644054,0.13924220328242884,0.15260160881153395,0.04516622389318288,0.0
0.12463594306601354,-0.09168367700053483,-0.00960376867589006,-0.08649040152786008,0.05113022674857948,0.8491714263789865,-0.33726964398538856,0.49929115813648695,0.8141853075067396,-0.9497965753079012,-0.44874745832040513,-0.050982006078678234,0.14806380761154092,0.16290075513754187,0.03015863235608364,0.0
-0.029398155100323172,-0.003344407916543854,0.0368322304942874,0.03727499061731137,0.03143075054712209,0.8811259748198793,-0.4105586417824137,0.5190014877198891,0.9089456096120154,-0.9887715908458493,-0.2893215655673418,-0.06246472294199174,0.21528117692961768,0.1473188063609857,0.1676762332755446,0.0
0.003208106527439832,0.03976395619929212,-0.11900517960679655,0.002716140878386848,0.0424288085257231,0.937574743796958,-0.3416253865052705,0.6367344506080872,0.9061021665443233,-1.0494695248968398,-0.22961896058899756,-0.1049737557225,0.09060345978513759,0.035227813406032746,0.1598660142538237,0.0
0.057148915683843934,-0.04120305730674245,0.04821437030754164,0.03207328146382245,-0.016243120740295165,1.0018935471259054,-0.32071618405621166,0.5200431060594158,0.8248581874174924,-0.965695044241167,-0.24850855047948678,0.043038710897381455,0.04025404917148446,0.013489352206929683,0.18966323824213008,0.0
0.0037582302303931087,0.05155483589796792,0.02436847354077554,0.04045007237736176,-0.014095892155871195,0.9247055567744034,-0.2811797405378942,0.633597124360065,0.7909565090402976,-0.9568419836711843,-0.2932615447441384,0.05082319798430198,0.04018794134780368,-0.16065140100172762,0.0008152551996715163,0.0
-0.11431094710455939,0.02110150214519786,-0.0441725162739252,0.0414242719039754,-0.0738368094156687,0.9066578468102628,-0.28171779876571856,0.49134282233328974,0.827087455939094,-0.9183262604610954,-0.39766324107320206,0.1153223908542266,-0.03894732731656709,-0.04921537704685898,0.03685313144100116,0.0
-0.06514829160363744,0.009867966504917634,0.030549914098812272,0.01006923475634603,0.06122180278369165,0.8923941555584103,-0.29752829108677914,0.6465813800691085,0.7337088311850024,-0.9539873580130668,-0.4424555246034826,0.032296847289952614,-0.0926758762308508,-0.08749865591771813,0.028481650180085548,0.0
-0.11085961148289736,-0.005855543482652566,-0.03510601129432982,0.03795035746800271,-0.0024178484603664726,0.9805250928647281,-0.20349812092925257,0.5390247965522542,0.7897636807690835,-1.0067077027766054,-0.44112702046163377,0.11947764445075623,-0.14382566123987153,-0.1225624772346533,-0.02694335440641127,0.0
0.02357749783864568,-0.09727538491511611,-0.002737563196846003,0.0002510439535149782,-0.026696084545419673,0.8898086490481107,-0.27095936656436803,0.6077426941264177,0.7363293385275912,-0.9324626034462795,-0.186516535366763,0.22072629988521852,-0.09529892076062799,-0.11361379938961177,0.049202712260818196,0.0
0.02260343194285888,-0.015177478877398471,0.010618387413369717,-0.011530541956856936,0.016440810173681257,0.8921915065015806,-0.25722605189562975,0.6801119584058206,0.7495170576896599,-1.0423628537526346,-0.22497409839085475,0.016238757407438173,-0.36127505148638844,-0.16787436761843236,0.07527927498305623,0.0
-0.02398317863741913,-0.04811133594106937,0.08495636330147799,0.0742036507088104,-0.15143977125378222,1.0682550216395106,-0.27740116003629905,0.6235466296174185,0.7662748977941191,-0.9556434622226552,-0.11073652804632897,0.0625174076597297,-0.4033134486548367,-0.018193500732084505,0.10894092097660271,0.0
-0.01502490257950856,-0.004111903970043533,-0.005451922293511869,-0.015020615105682185,-0.024231812887570446,0.9928625958378215,-0.2178302560691392,0.6867928277920956,0.7324632014002771,-0.9638128876746822,-0.23231262497513844,-0.1404693089660095,-0.507613451420386,-0.14183049755562674,0.14278059506457894,0.0
0.010778188634839269,-0.04084135512627862,-0.14661770879794514,0.08687803853737076,-0.02663340750355357,0.965991493562368,-0.2099839455157042,0.7100573398478693,0.7239367641774934,-0.9742469282845659,-0.24539743907330824,-0.31532326933845245,-0.39633751722474986,0.16436805297192034,0.10670537731083471,0.0
-0.10480586606539269,-0.012014450482047832,-0.03912698734972277,0.0648351259266833,-0.013843831775540091,0.9948943341140993,-0.09694376833955913,0.7079399429053249,0.7280271477397957,-0.9810198595139975,-0.1775346679507237,-0.26098026891665105,-0.4517136998179879,0.059225586273254596,0.1848564552587223,0.0
-0.07092033628661894,0.06634639477140764,-0.0368866556693357,0.032676307654952136,-0.0019452520066042915,0.9291606200785443,-0.17142301327077442,0.6923657283874474,0.648725818276696,-0.9145028152983271,-0.20969309437076983,-0.29808919890535435,-0.331511652132438,0.09267284801939198,0.233044701950186,0.0
-0.04238144256033916,-0.05899664865076837,-0.019437333421560933,0.006480748180463996,0.06435384970844392,1.0165383788372508,-0.15305957729502875,0.6323009301856247,0.8037090969541695,-0.9253485191370737,-0.10720297481473534,-0.09659276097729573,-0.2705833133042165,-0.0006299758902463259,0.06601725617659657,0.0
-0.06925141466157574,-0.0001747883793708051,-0.08540748640051907,0.08049451752246851,-0.07655677040782087,0.9472957201512595,-0.06482960484188355,0.6555250078099919,0.7524829277350952,-0.9640558226215574,-0.0583697783535228,-0.05714227188412136,-0.32309997417453346,0.12821905391093538,0.13032513956523523,0.0
0.0074619775683705016,-0.04199281827808507,-0.010574243803094498,-0.00454376102617835,0.020184906069722387,1.0036927610549091,-0.10438314879520519,0.7128199383848934,0.6864778318464423,-0.8559910183674624,-0.36463210533883345,0.1744919822126706,-0.3603972681162026,0.05894776657626064,0.0923810442865958,0.0
0.04517968883696762,0.05213958244498458,-0.02113526017081379,-0.04487287903003935,0.05839426100776284,0.9574490736134361,-0.08689129353682666,0.7841435465337679,0.6184612482105207,-0.9479094533266025,-0.20540527916274398,0.05918258332856663,-0.37264386062243593,0.12556282537612193,0.03165536572697936,0.0
-0.10487828552741521,0.10166056719293409,-0.046503805289253776,-0.0319041338738846,0.12757850040870947,1.0262192060074324,-0.10132743791103649,0.783874387239524,0.6543827161586673,-0.9948307227293922,-0.07583822667618989,-0.014229825943544758,-0.3567972372243798,0.31573034743881395,-0.00044324583744649246,0.0
-0.046637810372011215,0.03262452369826116,0.037448739868771924,-0.0009598516143822233,-0.0053266947358014075,0.9703924851898758,-0.12953411127501518,0.7445130504782916,0.6936558603585743,-0.9527302625363179,-0.016969009073881505,0.005123110957602872,-0.38916888496671576,0.3432992245375885,0.1316923372162882,0.0
-0.09032691267476006,0.036050860141593234,-0.012257188710229742,0.009787257761624016,0.11572127831910524,0.9160111230352534,-0.046829712590253286,0.7794419990352167,0.6090211135533811,-0.9254954857369475,-0.06465769520268753,-0.047128593195383525,-0.4993632683276469,0.43574901983113684,0.1598779541771919,0.0
0.0828462932991668,-0.017095961234384185,-0.021204991923231643,-0.007418816580697769,0.12010084819044584,1.006525948153168,-0.20495926752790256,0.7153627316743607,0.6399729090032538,-0.901227523202012,0.06450509634971818,0.003394660612373132,-0.4375578078504793,0.28074113321763794,0.09101514588163337,0.0
-0.07129832330800819,-0.03906480197795652,-0.05101442826423431,0.024123028835494505,0.06420449158345956,0.9638003194651158,-0.016265373485820293,0.7243187850449719,0.5492175375006423,-0.9431644114951504,-0.08443789114070666,0.21651462261036086,-0.35875374352706335,0.1899759845709332,0.14083249983276339,0.0
0.034192182593879815,0.014454031023245174,0.01961461637772427,0.03801535045503479,0.10988438341430296,1.0123073672641938,0.04446521896439686,0.8532637693889588,0.5637089628051624,-0.8471796548568031,0.00975124864461778,0.16153430428071192,-0.2987626970759637,0.21839216138400266,-0.03618537753668305,0.0
0.017038876167537683,-0.036400344492829736,-0.08010935037144343,-0.0049239833146078466,-0.014627560222928125,1.0047120118871145,0.05868532205712097,0.8906690725389974,0.6290139351614151,-0.9247209831671843,0.17449087905985033,0.18297693139641433,-0.05272876036007201,0.21995076857962811,-0.055289872535247156,0.0
-0.06871121182469317,-0.00862062666126091,0.0017758224613919696,0.08323803141091754,0.08001252079090487,1.126916114074062,0.004675943280476438,0.8283215008182298,0.49280682141531496,-0.8129681655590556,0.23038630810088234,0.16329558185301019,-0.014445499841395492,0.17560764627982836,0.014138271960465118,0.0
0.0014490658534193467,-0.03456510394729694,0.005329352002634319,0.03607264911424228,-0.06506572195837225,0.9496972390172763,-0.08205028045317353,0.9116906005884331,0.5691693120889927,-0.8250790407747576,0.16902767882840627,0.03289837886600841,0.10032321208364166,0.050196968578652676,-0.07416961977605142,0.0
-0.09339558205554879,-0.019983223348082526,-0.027245141821382463,0.054922809084167634,-0.03954168543374875,0.982212256686333,0.05114502464614631,0.8488573394798361,0.5821179564616625,-0.7880583077864348,0.01054812205489454,0.03729489261796229,0.005914922722904226,0.042675009048977974,0.023766594431588642,0.0
0.008420857956740347,-0.03358129721519622,-0.04514475261194169,0.1008615945779178,0.034324149221247366,1.0229058692192061,-0.017611122680237908,0.8669764922723937,0.5542304671063129,-0.8797060612595369,-0.011887063568831664,-0.011712008548132345,0.15789996776198442,-0.18409603847370512,-0.05038006863038251,0.0
-0.018424399004743353,0.04846354778938601,0.023853940103751747,-0.05354540748006089,0.07464981099816556,0.9463688906577025,-0.02478823779012805,0.9360259719254328,0.5010885594186705,-0.7971106677683099,0.06572548871348867,-0.00960620661089397,0.33441401852657804,-0.0184594293785338,0.03362463751956542,0.0
-0.03572886486127255,-0.08851664735697,-0.12092591809160047,-0.04404410083120747,0.0938690103126718,1.0500793767676975,0.12685084046491935,0.871985615742127,0.5343294839775251,-0.8502596964030208,-0.007784014594531298,0.2218563516432317,0.38895222051824874,0.19927077581740935,0.06674117515946339,0.0
-0.026363269055583522,0.04328305783591908,0.017735157069155287,0.0321452035671612,-0.02381456336593929,0.9654275247136167,0.12857909500121437,0.8777560197289955,0.626364117550454,-0.75421446546449,-0.13107280069048222,0.1478373749688138,0.3860840144573953,0.17441133599163336,0.05409852737429997,0.0
0.014795662607900793,0.040065097576251804,-0.044899339182495356,0.06118826493800166,-0.004736365970068674,0.9831772753319956,0.03479631366359222,0.8571427456906485,0.5659179744608482,-0.8102741311119088,-0.13273001827520087,0.18078637363662142,0.343449012016663,-0.004878253731963184,0.08958513714829316,0.0
-0.08163244337162523,-0.022484520982502372,0.03581475013748789,-0.009634008209851393,-0.02164077625991772,0.9947738887125511,0.09027281614775153,1.0146668127585,0.42670461444663177,-0.9346534537620924,-0.13302694623458722,0.0908766726815393,0.2832257340590345,0.15522021989648463,0.0234388123461773,0.0
-0.03182027849511888,-0.04359288735901695,-0.006880563076725202,-0.004921946287536078,0.07386478659772654,1.078420875586875,0.1469219848633578,0.8642170665278471,0.5386065478154711,-0.8497108978191578,-0.06180524545283843,0.22192083147660996,0.24271192153173957,0.28890515129912153,0.05824398500099213,0.0
0.01132631248906886,-0.09636014056446716,-0.07459369927849344,-0.021711156676130272,-0.010049169133954605,0.9888491037503805,0.2098189379317853,0.8907280749018801,0.5114033672053527,-0.7894671728650211,-0.10705582831680345,0.06488576580796343,0.2330933196390533,0.3871708075920679,-0.018256062569180498,0.0
0.003988730955694922,0.027391312273991233,-0.034309329877744,-0.05684338867231134,-0.0780299928562284,1.011309269232447,0.18800680636322323,0.900772962754053,0.5169950440506383,-0.7107896480762643,-0.16388379780464757,0.02380123124327665,0.22463230610856266,0.39684388749609206,-0.035192781963644504,0.0
0.026947913953417443,0.07656140918217967,-0.09474954799607349,0.13407431816278947,-0.03746745081503802,0.9832074936564756,0.12564840072717762,0.9303891096639906,0.5119486412406337,-0.7627543734012883,-0.1601202437414747,-0.11322617894833935,0.1918755532352376,0.2526320560324156,0.059915167861031154,0.0
-0.033318083425443006,0.025705610486230296,0.007166180435441448,0.011387838644046081,-0.009152984511352897,1.0049746992184254,0.1613574086182336,0.8731649820662458,0.39443150328943605,-0.6651362041181224,-0.12089087273465025,-0.20685282153183304,-0.025632770156411883,0.36549611896241996,0.03918434458286578,0.0
-0.06665928092278886,-0.02788127444743659,-0.11537933479799584,0.0038141408694911012,0.013114980186036731,0.9659436956842482,0.12878102405132263,1.0228928647814257,0.483978824665231,-0.6664936871073883,-0.061756930356636555,-0.0798232279209505,-0.16228251874222696,0.38094081946792513,0.013623609341725216,0.0
0.04829231602286384,-0.020905758175687184,0.0028831991043692592,-0.011405482547322241,-0.005281301740902383,0.9577962611169879,0.17462522951920037,0.9990331362782904,0.43687898404540276,-0.6832962900230922,-0.11837004402305397,-0.10018839285887002,-0.18758669365165523,0.32255488583200187,-0.05328406266693631,0.0
0.04042399073756707,-0.0675700324534154,-0.01965045162216461,0.017721670722528948,0.11177026689841693,1.07228631290947,0.24196841872877617,0.8831366255468828,0.334518041881636,-0.6642683400135583,0.023382597726345697,-0.12290675024715446,-0.11861674400080198,0.40443310648470865,-0.11677101561536722,0.0
-0.06391795568306134,-0.00751870047119088,-0.005443606120960724,0.004083830601691952,0.034634416393456414,0.9193725265846825,0.27955888237643967,0.9061599288569779,0.3120086127482383,-0.7632018099079108,0.010963296111370544,0.03349889142473664,-0.23284047648167158,0.3381396430495714,-0.17131066384860857,0.0
-0.010029856933612335,-0.04264895546262555,0.010632938903968638,0.021823896582833353,-0.0209264707784514,0.9326682336864871,0.32386091390414995,0.9971890895099298,0.4310412464261794,-0.6632596800593464,0.06780971372910868,0.10269904239616988,-0.29725329020473445,0.01638545471821179,-0.1776101301488594,0.0
-0.04749261639091744,-0.05092941810259037,0.014163594419978269,0.06799472335176478,0.11277469079025877,0.8982040360736384,0.29817034667552267,0.8344341267863721,0.3817487617370939,-0.6792922602630789,-0.2440225690840488,0.14551557003108728,-0.34038661170271534,-0.004051580601996511,-0.12843717229778684,0.0
-0.07341829247438662,0.030053807283861332,-0.03243848274710156,-0.0628720669149753,0.031819461531716525,0.9414770846855923,0.2748762882944151,0.9452382440792876,0.23030218230983512,-0.6538559916925017,-0.17107089070449272,0.019903620792497176,-0.3514144753471916,-0.16590380590438686,-0.33778202055305817,0.0
-0.05267501796076954,-0.04410308670209171,-0.08496935161238127,-0.008883943098774317,0.09505817248358427,0.962717983831289,0.3973234435836982,0.9600678196852682,0.41587435324065153,-0.7603522663842079,-0.09726657157346902,-0.09356150822478994,-0.3906719315004488,-0.2839384918093244,-0.27942690102206597,0.0
-0.03175983280842726,0.010589715186572162,0.0017818587343537001,0.09388951714526916,0.01818205783657318,0.9854948341175963,0.32538956177581657,1.0477948685046554,0.39342083836638453,-0.5999605765343251,-0.050808535518684986,0.030819336909708436,-0.42277093753312694,-0.30864769811134174,-0.22882149581248182,0.0
0.08447621688070711,-0.02803461725715334,0.033672435149746216,0.05184543997601011,0.11681841861391029,1.0428063911587833,0.3146102515785193,0.9781608797747963,0.350558349449621,-0.46879871875709117,0.09529460090786737,-0.11470249377301295,-0.3086184668418305,-0.3537470634595073,-0.20016823433391825,0.0
-0.03493779578621117,-0.012630532008639547,-0.10528681167845855,0.07326533416231448,-0.03928704279834666,0.9882884182118107,0.2645740859396444,1.0338730948341954,0.26069795934956425,-0.5041318365015239,0.17725458409343814,-0.10319114731931876,-0.2489491386320847,-0.15825495282847135,0.11902494043769171,0.0
-0.06922508222980027,0.032913405687223174,-0.007692866297646213,0.018652170704383932,0.12547503837509286,1.0906619510369722,0.282870738217619,0.9719924259327356,0.35393872068667465,-0.6111260792980683,0.25455411562075303,-0.042887378328040855,-0.2049378051152119,-0.20921040776340688,0.041622948064853296,0.0
-0.036563839336302584,-0.03289170661545339,-0.10892110055278516,0.07739469362871462,0.027528540893675815,0.9287363119960172,0.279384230339233,0.9609869527361259,0.21803439315047188,-0.5961217666021786,0.36950481121715195,-0.0555363825388081,-0.14267843336383665,-0.30306622274615186,-0.03386537468580371,0.0
-0.045078088353799284,0.007960018134858946,-0.11389061203049597,0.013885814150382949,0.009702189426286631,0.9486955762931677,0.3174803480266856,0.9975760566514533,0.27368971909026585,-0.5016570033110412,0.29969337954291403,0.06200466236423544,-0.05563694627229082,-0.32823448133218236,-0.018116922088470218,0.0
-0.004704965429025347,0.001619179082291599,-0.053317875136773774,0.10522504730823878,0.011832648529242961,0.9321524862448386,0.4546153111955778,0.9991173435907776,0.09975844168740908,-0.47394633186733914,0.19815300484127701,0.09360406061823648,-0.20163416601073525,-0.3308719632379045,0.06019838831142854,0.0
-0.007834716945708425,-0.03472353933009529,0.06556396280536417,0.05034644217327222,0.14375249309026733,0.9974048434706404,0.40131813651772713,0.9988024379863083,0.113796682343625,-0.5154628056779892,0.09259357682010688,0.08055166811400462,-0.1547500109827517,-0.3104077201002142,0.052084817465574286,0.0
-0.03545477305217606,0.017544103697303665,-0.03345172170868843,0.04317472072044957,0.0012666895011933903,0.941190707353085,0.4458136969376092,1.0307133002161204,0.24172239717270536,-0.49266864470471117,-0.08010120942858294,0.11568974779384286,-0.26007916546629606,-0.37148688374863725,0.07345848824452425,0.0
0.015432026562603368,-0.02111071546801506,-0.07712703598890758,-0.006134833853847287,0.04048294152794183,0.9955617342563433,0.32409550123016,0.954093352039344,0.17687905639979862,-0.465394269834718,-0.05738155435957884,0.060812610024108676,-0.21599618126945985,-0.241813712990225,-0.09152457118485408,0.0
-0.00399996290490855,-0.003971412204513531,-0.023923636018302392,-0.0008064872992352735,0.04677547843599356,0.860597102485699,0.482481062328731,0.9585021530055113,0.04536902752716207,-0.43799601220576245,0.17347103158940416,0.10316128391275331,-0.19062934239751841,-0.3811149641866858,0.0456066914372128,0.0
-0.04208265100076313,-0.01663042293304983,-0.0860295683000919,0.03956553281308289,0.023088132102709887,0.978912473755167,0.4006592870193653,1.0419065383880808,0.14578998391893094,-0.3957055724218856,0.06655226086943127,0.02164878669674338,-0.19199586679794667,-0.24454394782057984,-0.02841573960734793,0.0
0.09085203941130329,-0.022593030792682933,-0.0657402744387103,0.0424048892263342,-0.009377531146415145,0.920728458219675,0.456753693213419,0.9852474101736711,0.08773478088064762,-0.40190219599802196,-0.08785472102458355,0.03661397391840257,-0.1639407469630141,-0.3269631258526606,0.0604671808865332,0.0
-0.01463363352777479,0.008030369225671196,0.07379695509896558,-0.04737820404769048,0.016229735394263863,0.9626682663016038,0.4661296717443476,0.9482133779697269,0.07148162717065085,-0.32038873470102947,-0.11751689087178091,0.0736003278853241,-0.05661084571650846,-0.45520057822845983,-0.07277270901159669,0.0
-0.08890285891932465,0.05530662411434154,-0.005005677372603129,0.051305847039424125,0.03351740773988997,0.8910958036101021,0.4466114292449735,0.9917009785530553,0.16443344508022495,-0.29366337873060155,-0.06825941320271083,0.0235944895218219,-0.07526656463205737,-0.3117567866304206,0.08285617409908225,0.0
-0.014308448637818041,-0.00127742357658585,-0.014999274939128893,-0.07085193228142464,0.0351593929927052,0.8571253216071006,0.5531748168088485,0.9583852049342068,0.10830336511507956,-0.352193284538858,-0.19892944009545332,0.12470079929272522,0.1107276887825095,-0.19854616129135774,0.17928473645826137,0.0
-0.10545629989231883,0.07727115763059837,-0.05777275578809482,0.0400679603135787,0.053838804699805405,0.8724483922046871,0.535912428517747,1.019754428658125,0.06495981457331489,-0.3194221698078599,-0.19905436154776596,0.14974710220485213,0.17126276682838532,0.06904927724975221,0.16096645020581765,0.0
0.007192591711026566,-0.08214914141209288,-0.04633306165744872,0.10202141369305996,-0.02527701180677452,0.8722914386498154,0.4943432430793999,1.0534174213048817,0.14102686135430373,-0.27587794673805577,0.030362282766547483,0.37486601019633786,0.19169042434429628,0.19078832132527268,0.29861830229497743,0.0
-0.0610144152162,0.02058088802783236,-0.001627897055763071,0.06760726378238358,0.0733356464418621,0.9147040639519977,0.5834966207174963,0.9026109239695981,0.002812323584583311,-0.22745779242085196,0.06007572502500719,0.15086260545395042,0.0460590418294739,0.08997650003517502,0.48020856648923477,0.0
0.105440754813868,0.07154501417141716,-0.0002472991930469737,-0.02081430164550331,0.003688755310650018,0.7989383766024252,0.6158779564802138,0.9732886468370734,0.07303790813260422,-0.3072743794024218,0.27023605239820064,0.18060180183920937,0.08404931226863965,0.0005571014558581749,0.4517356011718141,0.0
0.0023894071469180017,0.023777043758859022,-0.04093564162853304,0.051293297011239886,-0.06230939764921853,1.0330397899295924,0.5316700198916169,0.9570485443342872,0.08514143208459446,-0.30054563651080635,0.18903271623698045,0.14503674681708956,0.02284875459818561,0.0010476394591188948,0.2682172213442408,0.0
-0.059535325838292914,-0.07966801085794682,-0.16857930363952972,-0.002830967961818639,0.03147810692295228,0.8724240415418248,0.5988326704518774,1.0534224758503794,0.041074175952033665,-0.22973905680396872,-0.06676316394944173,-0.00919848150467277,0.003098619032766984,-0.007288155626318166,0.12978192033681615,0.0
0.01765527256204571,0.023363069942545958,0.020941259022906493,0.029222707695033347,0.14319479579704117,0.7443539356128629,0.6162524022544084,1.0056841189248797,0.04970514638351635,-0.27355696341148783,-0.10628035749185322,-0.20661296997578826,0.12299020029435181,-0.05149852176439382,0.21236398877192486,0.0
-0.045851972199864435,-0.044916903395964686,-0.10817509307411655,-0.046744982097812096,0.05390571997378197,0.903438079018435,0.5683662869092118,0.96684715854637,0.06375091029902669,-0.23847770824395031,-0.007561585666212331,-0.22138293020830774,0.2613900995720593,-0.08124773580461822,0.3192610159573155,0.0
-0.045567603206157097,0.11702595517729307,-0.048375466631620595,0.0019105974408901646,0.06507309743787029,0.9190354017384091,0.5959539667203276,0.9607506718987939,-0.07625293705294774,-0.157266585187485,0.03647676060763683,-0.2534923798729197,0.28002017585500805,-0.13147189158051242,0.37876495661873616,0.0
0.015133525073540065,-0.03796791250200724,-0.06946666655036575,0.08510008375678002,0.04003331466690971,0.8487048901048506,0.647497231153479,0.9877687811159217,0.027385926496887855,-0.14770067910877596,0.012235556301200882,-0.2536216199614867,0.2571531846107651,-0.2792692798508877,0.3053293683542314,0.0
-0.11556329173418348,0.11669063318852424,-0.0929358421523603,0.011294651173778113,-0.009541981110707656,0.8534943538979423,0.5859775552825524,1.060925166976584,-0.02343763058754645,-0.18741474307234735,-0.14319300863872303,-0.022627294607570764,0.13671489765339925,-0.31966956673364166,0.22518707557688525,0.0
0.001249364456030723,-0.060320556113318186,-0.08141386251671871,0.059963371590434265,-0.07801076235396073,0.8062571181594824,0.5830307926286694,0.9065330031882771,-0.08065387714913823,-0.1410151684901662,-0.1958894859994229,-0.06136578757417768,0.12098651955191289,-0.2348690787514756,0.1710506803879943,0.0
-0.02562152237085142,-0.014066480178234904,-0.06259396470275874,-0.03492226940373957,0.03642072923574682,0.8126489005384556,0.7195771330297152,0.9487651644405756,-0.18463382373591902,-0.22419496922894805,-0.2935713369656283,-0.005026101669842409,0.11849047963366365,-0.20128171748859486,0.011263863923541062,0.0
-0.0739921226669473,-0.08655847067305424,-0.06500594329298887,0.029090987325589485,0.01983226819503742,0.8075113879671629,0.569834782645384,0.954773192834829,-0.1540035559732384,-0.12053083761728217,-0.3228644644899674,0.10864560533681464,-0.009637357228020518,-0.23344041820414907,0.07155524428596889,0.0
-0.00948452229525569,-0.08057666711834172,-0.04594803727194604,0.0002611634089248957,0.010201684054341551,0.7974967758619909,0.6335349283102112,0.9953133169830867,-0.11935554251583631,-0.15836204226617803,-0.12271904133842226,0.18943469138094948,0.09810082825616516,-0.1923497253941623,0.13953290134428492,0.0
-0.12692083177118907,0.06443522982593143,-0.055399122749482825,0.01715964481566845,-0.006668375510038314,0.8114064742931885,0.713994040559869,0.9981858473071136,-0.13837984070160433,-0.13515207433912574,0.11662233150249324,0.15213156144735532,-0.043259937701393594,-0.023212548698626934,0.2816381951645182,0.0
-0.08039315510731418,-0.026100272473068432,-0.060741615506346866,0.10369619752840331,-0.0008915283131919541,0.7974421932352619,0.5916139762374653,1.0351256679074756,-0.1424283900341767,-0.006157478398819097,0.14409957549117827,0.11443920868727861,-0.20466651356155074,-0.033933349427395405,0.212915198322236,0.0
0.008096612222378754,0.021065525191834595,-0.0769608497735334,-0.015372569128018695,-0.0028259075716313906,0.8254972338418273,0.6964176449130298,0.9974175966154569,-0.2511495474657658,-0.02113418954671327,0.2861268428219203,-0.011789115227361133,-0.4051603152379163,0.009700209144188118,0.11235913951356243,0.0
-0.0651448942126947,0.029378907528533962,-0.08521755157904773,0.016067717124653363,0.01479870514188042,0.8254371712158376,0.6844778615090102,0.9461203669991963,-0.15648878712932235,-0.06225269815218565,0.22615996426620036,0.13520297614623447,-0.4778310968421544,0.07314537568614368,0.07504528819295465,0.0
-0.04952422008043987,-0.06143277887276956,-0.09294289693960942,0.08027550828250285,0.04334537798641679,0.7399882765548078,0.7825299976688151,0.9484884247363337,-0.18961051895944164,-0.028111495224038517,0.24411186711444777,0.016669266709810573,-0.3665494273071428,0.17888612724415812,-0.009215287195386807,0.0
-0.005535390997901599,-0.029945413083368802,-0.11927562277898596,-0.017947236066318047,0.018098376464232607,0.8137987296384527,0.7270127968905096,1.0122710693030317,-0.2896024852134723,0.022892789506600078,0.11268084343847863,-0.09953076196008243,-0.3201903113827251,0.11932858724642216,-0.08131493866824369,0.0
0.010808442324660668,-0.07367736750176776,-0.016584869833913912,0.11976326262737373,0.029033834266732405,0.7417000289634573,0.6728729676774156,0.9447764317906275,-0.2585533195111227,0.09284441191670562,0.09058058219670907,-0.011564705896207464,-0.43852113689566274,0.05836861967221577,0.059527973946629995,0.0
-0.01568169494700427,0.05860114668765041,-0.10725065489091141,0.11809275660709892,0.008545126498401605,0.7909118135541883,0.7473836612388436,0.9887928528053787,-0.16889722043643238,0.10954029130173773,0.01586694596539602,0.17732069759055588,-0.28723773219420384,-0.09473243781663386,0.03216500112154208,0.0
-0.00564466161027085,0.02619577485756472,0.022583606041192153,0.1266045778424036,0.06903306253050222,0.7413281206364439,0.7372947682418897,0.8603338857521095,-0.22852679047931462,0.12182593828735716,0.037892488915314104,0.047590474539225366,-0.181825035898951,-0.07098618102593934,-0.02575454046796241,0.0
0.04012282406356415,-0.0077902647235668365,0.025596141341369394,-0.025729284084499128,-0.0241888698160245,0.697208378362782,0.8588497180422417,0.9317321987659541,-0.28159971921089494,0.13601637055805835,0.037087158572281134,-0.10445139817154148,-0.09426894191192522,-0.1352121171694764,-0.09559114374142219,0.0
-0.06238210891650427,-0.08189727553023984,-0.14277968102553182,0.013646502634333427,0.054713842126218874,0.6299295647001901,0.8069958302231981,0.9569542546301898,-0.2974671662248943,0.10754401830144623,0.006088031442667931,-0.021760214012673584,-0.07073745267181857,-0.2396271827401339,-0.10912611411295987,0.0
0.050042582610724654,-0.003769436829425693,0.0026502889829320975,-0.013687139714826789,0.07518326490254476,0.7517257749761611,0.8531074000661582,0.8763289516642108,-0.23067699834952232,0.09596943408598466,-0.0036927010287696018,0.055091533000128534,0.11297243838817744,-0.31661609487260556,-0.0694233558904429,0.0
0.023304121904675446,0.05414473281251324,-0.15961652739714494,-0.03673807019480996,0.10003215125366766,0.706133082957204,0.7910920535665716,1.0205254365261196,-0.24743381950768392,0.05279086057557619,-0.3920490940175325,0.14918708310656537,0.14040889906391787,-0.2966235236988014,-0.1157638390867352,0.0
-0.04159938679108019,0.022803794801043106,-0.09109184906090449,0.03750484536774659,-0.033871078266322116,0.6699967481292237,0.858984522983223,0.9182045995253949,-0.2767457672697066,0.21912747204756466,-0.4919194965120597,0.07344914126686504,0.12443561846524565,-0.4125638856010843,-0.134462226558691,0.0
-0.009352715470621912,-0.02484429260199288,-0.026356632316421102,0.10323230654589852,0.011433586862170317,0.7184796155591335,0.8793909652161856,1.0148294807451046,-0.3044432722257905,0.1982396901054513,-0.32369380985898577,0.19343962144351917,-0.09193465478869113,-0.21466596722677572,-0.1562142355161939,0.0
0.0677469926676486,0.016915921221661207,-0.06421975336868996,-0.011490061824113364,0.0014300755908525434,0.7477846194882666,0.9074998050661311,0.951355494044416,-0.37253301605510514,0.20796412764632666,-0.24572832030664216,0.24140188198174645,-0.13826317991255316,-0.11262300853125119,0.027489263573638678,0.0
-0.04694610200159021,-0.019615837781426247,-0.1990829084903845,-0.03736939176672277,0.11613896816008455,0.6918187351380906,0.7664409581039262,0.8501282197180182,-0.401837686017362,0.22207101430573822,-0.06348739163063513,0.1290816902272866,-0.11241242474429232,-0.053966200176019156,0.05646715403450249,0.0
-0.01391608388041169,-0.06720980722231179,-0.010848973599901841,0.01183220660478317,0.07493263736231426,0.5997399125249634,0.7642393454199518,0.9798826992405649,-0.39417854997931273,0.21520746942688312,-0.22068887819896413,0.052707473305534935,-0.0655324541766357,-0.09133974597434527,0.02115236826223132,0.0
-0.013134948371742209,0.05839857335477098,-0.10938476708388074,-0.020608032682436855,0.06851248468616955,0.7169452980503851,0.8175372786429741,0.8751797646411492,-0.4255889734218534,0.27146559964833344,-0.1179789083710355,-0.10014967381635681,-0.001941339361835978,-0.09458471716592046,-0.018738773574733626,0.0
-0.013129261178551968,0.015485353021762533,-0.1618481929651595,0.0716746059445938,0.0598301135234372,0.6405139301519236,0.7917774791611069,0.9094480338231603,-0.39817424654858263,0.38691809357830925,-0.14841511305439475,-0.04808640799865705,-0.02592753051266382,-0.2347405657233787,-0.1500114992981253,0.0
0.01442170959912542,0.0050542351183414085,-0.13241240305046073,-0.016855500487605424,-0.02496379390324878,0.6050205029592449,0.7718904944743903,0.897281298292391,-0.4454640170576807,0.3348600078504169,-0.15483886221858617,0.09543442339514854,-0.027899564928979638,-0.28126448487654093,-0.1527337783666805,0.0
0.06436104024966076,-0.01206655194941178,-0.013610101116374486,0.07716221652599402,0.01416730402596146,0.5768770149774936,0.8907181364730559,0.7678334381020262,-0.3582548662701396,0.36349539686679955,0.028199114673222128,0.007409222378819323,0.29132764339153056,-0.269412290847528,-0.21037953029302278,0.0
0.0005412681277537808,0.02110876308415113,-0.11855097817930946,-0.0060562306036471,0.044417709988775984,0.5606897204621254,0.8498032525691329,0.846835616259844,-0.40410178193805557,0.2884429435966124,0.05059221822567002,0.024108353589485793,0.3499487357440428,-0.218607326537899,-0.3105969956700141,0.0
-0.04485591415154178,0.012640727212419503,-0.14253950989294528,-0.08300372351024993,0.06877346692859981,0.5346244652048217,0.8123723552759823,0.9127435968716674,-0.37619874877583337,0.2988969837730666,-0.12946370818876785,-0.06679712165055311,0.3262877383077547,-0.23975683608118775,-0.10094425668205353,0.0
-0.0010403375182860483,-0.000957424362548755,-0.10814763232692731,0.03872371764854007,-0.04124746172733462,0.5744224193912925,0.9154941542408472,0.7006854673241671,-0.40128108030219845,0.35683138450357094,0.01001137640556958,-0.17744456820534207,0.11928920080872607,-0.15231356769921894,0.0687705322160642,0.0
0.019911157245478605,0.0692308108259165,-0.09449810443406606,0.06098480898427358,0.09379688904326473,0.5281454508408789,0.8326082014298823,0.8402488710264998,-0.5392126915776698,0.44256748938746454,-0.026889136049674384,-0.11344584543791815,0.12007743475625973,-0.23471408511156486,-0.006119330463537388,0.0
0.04843753859429401,0.016517587954313576,-0.023741548353014737,-0.00966133051254671,0.12855363537484482,0.6276577368849217,0.8405764739702068,0.7890443845999945,-0.5188502298030285,0.38206006180947744,-0.04175031725157438,0.013463224225212247,0.15021380172791157,-0.271731835543327,-0.017692939312695322,0.0
-0.0493508370628183,-0.09002263903313856,-0.010296089712142506,0.019356921639347793,0.04579211568012775,0.599342524271222,0.9379790411821474,0.6873540302494968,-0.5953077398728042,0.47741759967475467,-0.0066974675497234425,0.19974395349319984,0.2222779118918803,-0.4096884581856834,-0.18583580960901078,0.0
-0.10875977341029935,-0.02804417267058767,-0.02107741394065505,-0.023496185989244314,0.08215938669608741,0.5649726338514879,0.8340839638418776,0.8912502405060817,-0.5507617655553221,0.43442458630817415,-0.1456911173485287,0.2218469259596102,0.00833871037573991,-0.396089035582116,-0.3983276602171739,0.0
0.053971343386990174,0.01702482605020338,-0.020125403222422573,0.023597043242359863,0.056419491784904685,0.5510973966551781,0.9483541573501894,0.7398003353138135,-0.5885430023375752,0.4736604906551449,-0.14872622189065887,0.1170613417343646,-0.02772298431375093,-0.22081037191140035,-0.2708737492172524,0.0
0.026417880215403807,-0.018522237899590687,-0.08759789535326644,0.022778305878645974,0.018175104918140388,0.43390232652134,0.8764175722512009,0.8283300387568735,-0.563394317811388,0.5801061994921345,-0.08583204254510678,0.19979115064602937,0.13726521233972425,-0.17246105136965542,-0.2586421060882713,0.0
-0.051738869437893575,0.016311521825487618,-0.08492355374066472,0.11056165633615639,0.10298102200103168,0.6769415879966767,0.8951357155506692,0.6917758047643433,-0.5536361677625938,0.467146731811533,-0.10385928611648725,0.16926245811635074,0.0692400443600385,-0.14840194627763,-0.13269661374000483,0.0
-0.011669364075306131,-0.006539930906685521,-0.09503342195397974,0.13047526031941867,0.00381006495743752,0.4528940062304404,0.9178805083506761,0.7820846694918295,-0.6095205544453324,0.5005962937863929,-0.056973118413854704,0.21289425835760395,0.1539549445142865,-0.247436569922131,-0.16564521807740867,0.0
-0.04571234990267575,-0.030466404354720422,-0.08819406726722374,0.08263500657990186,0.09490681334799511,0.5261679711148222,0.8814603945131458,0.8167306433241515,-0.47742431967355276,0.5170352314498087,-0.046228288840813585,-0.04683800589406725,0.09472353013525647,-0.23370577270222817,0.0006210156815039669,0.0
-0.048497341762475166,-0.04355196119104918,-0.06258356549625628,0.011836134118721017,0.059058442408437814,0.4288514024438059,0.8173865882697839,0.6919082792697008,-0.598907810072265,0.5106688118248278,-0.04548562693190329,0.03517874250435882,-0.006809692096859513,-0.14143590454999483,-0.27794133460624604,0.0
-0.007750548680591187,0.03924234446102637,-0.04638606382436345,0.010648220431829378,-0.026053528147959866,0.4946317525373041,0.9425153258545949,0.7852807318201015,-0.5667166016809124,0.5722726333729189,-0.0013931318937418918,0.05910701318441514,-0.01575411184838598,-0.029927982307537487,-0.2809908790170332,0.0
-0.0009983776093620174,-0.02877039560988663,-0.06715412637305601,0.05840933964976251,0.0668294375455635,0.4942945547411451,0.945251333291749,0.7520630388956613,-0.5996349671234245,0.6309747261273174,-0.10646132340660482,0.09152475413392511,-0.014085824444439291,-0.07714011695978898,-0.014385711709074933,0.0
-0.043389599284668984,-0.05228445113458052,-0.15029239544150408,0.10585681384187796,0.10948938351718648,0.4303674480852233,0.9639335164914846,0.7618137767167406,-0.6601539239937712,0.5991986199872836,-0.2268608513102745,0.14853308438777468,-0.07553067638179342,-0.05925530820332537,0.1635974224423747,0.0
-0.023932875026440082,0.033463822701374143,-0.10046374936998875,0.03819565551192396,0.03291677499965981,0.4993643259032063,0.9464606817925681,0.6607984185184164,-0.5691741226879485,0.551248545365569,-0.2814031435589286,-0.018748609073177644,-0.14325098081808518,-0.004545579416637087,-0.0012420198078536004,0.0
0.03590146338321324,-0.09828611164933453,-0.07555348427260988,0.09027726844628128,0.04569311607064039,0.4444232314793936,0.9856826036778755,0.6986718915670956,-0.6887701670094772,0.7281312525968997,-0.024270689866984385,-0.050766042964791605,0.0035170492198694364,0.14659818606380184,-0.0882986454233943,0.0
0.09094885588725662,0.05441244278769791,-0.023056020239507452,-0.034378314584494765,0.09660654303318936,0.35481261330100256,0.9585082368558844,0.6601565675932287,-0.719712305835577,0.6041936393531613,0.0655623163042803,0.023650399333452615,0.12060877040257018,-0.08922472749810918,0.030543052390635927,0.0
-0.05403589174776672,-0.006916183905330879,-0.050122911476359784,0.05621839149791956,0.08250743944630563,0.40369103435437964,0.9358359732654854,0.6442962679887846,-0.7349171519180133,0.6382784663320695,0.009339655197855526,0.107782935330733,0.10917651934726436,-0.14519360593650849,-0.12869470055424911,0.0
-0.07696417787167159,0.011644883228552158,-0.15184939213912965,0.09158962536213919,0.09305010138727376,0.3802264664901828,0.905273714939011,0.6713119792997885,-0.6814371765427375,0.6676797495375072,0.05232484444745439,0.01480147290131379,0.08115844009409533,-0.08665310931544916,-0.0830703146107526,0.0
-0.004981277206572654,0.003499618756674712,0.009145917648639784,0.02382191908072232,0.0627458712587844,0.47435894318186916,1.0416291434571379,0.6137755212624766,-0.6592922379213916,0.6474170612356558,-0.04428645110793577,-0.016014179889123313,-0.06813297187949392,-0.07740827432427572,-0.17367162926564395,0.0
-0.02705937262374373,0.12762251010391756,-0.10454466045797842,0.10565378902562621,0.06941403266930839,0.352798926640924,0.9853690904273643,0.6225986409387133,-0.7136329931037553,0.616610624208248,0.24171156110916003,-0.06596125931403318,-0.1414589313952189,0.02406254410049872,-0.10326835507882098,0.0
-0.07007717646045425,0.03444153502431328,-0.049055384720052456,-0.005718484169953554,0.09081118903731439,0.4088051073479332,0.9010159276402276,0.6526007553064761,-0.7198543063351767,0.6742543438188577,0.07909660857211138,0.11172615639108616,-0.13074022222663073,0.08391946872708728,-0.11765004760375605,0.0
0.08089859025361187,-0.055580555414596715,-0.09764110323902654,0.05319172886820995,0.09273003145827524,0.2674708530347706,1.0196776061356452,0.5704191650250795,-0.7580589565693846,0.6897659954126115,0.18479471145062631,0.18363524278325996,-0.026711819511341883,-0.006419321711860312,-0.12516967008915159,0.0
0.031125567986600204,-0.07299218750259864,-0.1486680247836792,0.03406032652334372,0.03757765371524137,0.35563306060873745,0.8350226861621699,0.6491014237791227,-0.6738148293975208,0.6607225730698192,0.23934981240981296,0.34028141621513985,-0.04641429557437282,-0.16875872103381506,-0.17685111926332897,0.0
-0.015682070032600776,-0.10209388865673831,-0.015033208584805197,0.05223125213824313,-0.10188484368806387,0.33255340058581034,0.8925827640028566,0.4898271998497348,-0.7005981462360453,0.6528576265808278,0.14088978212515885,0.06286334390390835,-0.041448246290866166,-0.19929780432738498,-0.37354590548057254,0.0
0.05629342956595634,-0.03128938421891152,-0.06016617257867384,0.07697144611161934,-0.03265060605545757,0.33582753483836764,0.9693221376667155,0.5437223128716231,-0.7557423623848907,0.8406886947591621,0.22397365154568113,0.16323568108834308,0.07346157477542488,-0.37442656531538543,-0.46062763990411615,0.0
0.07141896118941915,0.02267818779094026,-0.10759290742051979,0.08479243588880644,0.006446204649310193,0.26933433697933173,0.9326773319222169,0.4317839517143384,-0.8290517588589914,0.6661027635177963,0.13031715145323716,0.1180581309698686,0.15521054992875866,-0.10314221378917446,-0.363896857107645,0.0
-0.05026986318475816,-0.0070103603931401534,-0.1303357277817671,0.077123166614986,-0.014908948650647347,0.27761006875416777,0.9381705692262906,0.4870212289898099,-0.7856188692777517,0.6935205253382392,0.13043401055388365,0.08481298760317015,0.16303216129659495,-0.015097617538607791,-0.2607336372077468,0.0
-0.04348738704073433,-0.03864424386338172,-0.1293755070698541,0.005963058858843101,0.013272700066821644,0.22448579311988637,1.0032645684771568,0.5183435637866817,-0.7970114957093049,0.7696918891399808,0.222954639984348,0.028871962796612232,0.04380419572342417,0.0023071232082353694,-0.17373062739294362,0.0
0.00763089543282482,0.021372595810968776,-0.0856245520238705,0.07697371689886234,0.06669353464353436,0.27493072565472826,1.0037034570400016,0.534285951041118,-0.8129255958299244,0.7921915208253358,0.12327892554293723,-0.006936711299043392,0.1492461756141178,-0.04947841508438186,-0.07473967363935768,0.0
-0.04746552491123447,-0.05364513454984811,-0.019555290379849183,0.14660845574463865,0.0007034065936956935,0.28971935483347494,0.934018104638723,0.5261796579896483,-0.7652936867514011,0.8484515116419655,0.19264427851391053,-0.12134950268835165,0.21434690470578452,-0.06354082142242606,-0.05796668156610332,0.0
-0.030794568272827283,-0.07965070740097402,-0.017514587032110285,0.11440617280278556,0.12646446966815342,0.2874220621386047,0.9311312904783408,0.422825364594219,-0.7906812536269012,0.8484561218534992,0.31003069761591695,-0.06338575106353589,0.04191653117675517,-0.1380030730241758,0.03095848865872563,0.0
-0.035514218924099464,-0.00756403891785456,-0.05269228541304057,0.038695576236672025,0.026382548896977276,0.20459365786522035,0.9154297407917261,0.45452963877196945,-0.7931153512895792,0.8854406773962076,0.25401218743972565,-0.21778689966415982,0.07425562071115234,-0.2557951132579172,0.09112354794228081,0.0
-0.02239307958412968,-0.04426563450461264,-0.11992335337493772,0.018264340466677922,0.07632919657260662,0.1679237400696803,1.0120586745154052,0.46047953545088705,-0.750259440470548,0.8245598891520842,0.3806369483487022,-0.3146951021786395,0.12926130880247377,-0.1534873227531525,0.04373988942849124,0.0
-0.06372482038508051,-0.012832863728293563,-0.07252256399502507,0.08757187596083278,0.009128985564148206,0.2235327058565797,0.9818754338116158,0.38042840145618906,-0.7775002491533366,0.8734127319415994,0.33183355438845324,-0.23402958495466566,-0.10722304505738062,-0.13850961014173646,0.09244534843658705,0.0
-0.007782024972621662,0.01588670960795128,-0.1616232675215822,0.051200520610754724,0.18338672872438538,0.09214843863987293,0.9962405774042299,0.4211250394304536,-0.8862564307640038,0.8296613860447529,0.22886811071515567,-0.06960814114316595,-0.08812934674347013,-0.0222928610195733,-0.0028598240882931475,0.0
-0.04122861337268253,0.034764701722335214,-0.13229735816619193,0.03657535497189594,0.03162758830693488,0.19946425050183691,1.0049544724404942,0.3773358526827991,-0.7373742978937766,0.9609341059419962,0.025131587564058033,-0.04150482597794628,-0.13487613328731535,0.13438844755811125,-0.0014659563861266747,0.0
-0.012390589672413285,-0.049838197189429716,-0.1526139921273377,0.017447525093164988,0.0982619260146666,0.20189252636989574,0.9835918262226072,0.33891099643421735,-0.7636740012610619,0.9107461832748359,-0.0025750770787903617,-0.0338720363890787,-0.02802294340210705,0.16920842468861153,0.09579302867574713,0.0
0.013924634816659016,0.03933159276339072,-0.07820193120779292,0.014099028429657559,0.10498954155312876,0.10995619475313781,0.991589011689041,0.33374372244675166,-0.8591345291875998,0.8623932774606312,0.16234746631924116,-0.03485437893555495,-0.10739856634909817,-0.0462732721296944,-0.02021366673086311,0.0
-0.013888187658322377,0.040781272146814464,-0.12513972407113183,-0.00800083823646637,0.0850465440339723,0.08566075234731926,0.9709623198625994,0.3071682949815826,-0.9853340925760217,0.8478590119948325,0.12095305311724197,-0.04502127837928209,-0.2343423136494281,-0.10027814266919224,-0.046767033346046386,0.0
-0.0113054257373636,-0.09515607628275943,-0.092834629192466,0.07646652178381334,0.14520982025195067,0.14060661687551648,0.9628020746803275,0.2668597340571711,-1.0150878316786716,0.8865223087931745,0.04450800631460545,0.06337824869463393,-0.14127269236796283,-0.09645236937073054,-0.01042410460768168,0.0
0.023770734718709642,0.07052278052908968,-0.02777461341502359,0.0301084677923395,0.13782082902253506,0.07506862507548168,0.9933611784509712,0.37858986904080594,-0.9145454278321095,0.8411745540679885,0.16286151062178883,-0.1477457229990734,-0.07850584068948122,-0.07387020372617982,0.07853707453280308,0.0
-0.0373839517246324,0.04847496169051397,-0.06766385567244147,0.10595556361543518,0.040207140339856604,0.15761434042198136,0.9525040566114514,0.3091566959965065,-0.8436363984058453,1.0480078931258383,-0.02886523433399088,0.047693575099640506,-0.12827975668144095,-0.2134376732250724,0.06721872615186765,0.0
-0.06268234863600934,0.002186734521263195,-0.12324140671614874,-0.03002662322393363,0.06711874178401059,0.09418267357031125,1.0115284157136069,0.30009799225504846,-0.8731567311512871,0.9178699823952913,0.13989289443117323,0.006695549751389654,-0.24254465516069496,-0.07074108231189735,0.08306167763315771,0.0
0.06986008755161516,-0.015125949251930424,-0.11448434478389599,0.06841825120851504,0.03191242224792985,0.008418842637210724,1.0435348615485895,0.24368036226983214,-0.9188856802694796,1.0021500189957253,0.12365461831787873,0.21194038596074888,-0.24857266437542522,-0.20839870212180397,-0.12311101115038703,0.0
-0.05242291501592402,0.08217892325740306,-0.06611740057490581,0.09866318054637135,0.0747407137760764,0.03732487406291505,1.0099703431798894,0.22140500623613554,-0.9051805016678216,0.9572268591659634,0.08118703983958453,0.05600451432349263,-0.21912734311872278,-0.09350641799885656,-0.06125182842534576,0.0
-0.0669270166420485,-0.07651202616692372,-0.11526016670932751,0.007782771597527882,0.03639369622816129,0.05116607549686032,1.032971927145272,0.29249437295430913,-1.0343730854746884,0.9514037983741902,-0.05966701548961429,-0.05597882579169948,-0.33154792475778383,-0.012370123692680736,0.015994881835238207,0.0
-0.0787186927313065,0.019539265710692123,-0.14715526052844413,-0.040058965098398,0.020435263369728313,0.08264776223399264,1.0126638618118593,0.26598662923783606,-1.0408995096933302,0.8647007977592269,0.012802002739968447,0.0010829403971471738,-0.1608705833102811,0.007585049042950797,0.017516001848405356,0.0
0.032523854329249556,-0.03110203733050297,-0.050296500675439795,0.0022132831953114857,0.12322934129549774,0.002838242192022408,1.0568432064325128,0.180761299525438,-0.9350029552573135,0.959231672090035,0.011640273020342536,0.057675300026519535,-0.29328012923145996,0.03149156738691488,0.08963835223811528,0.0
0.0509220363717138,0.08278155601010757,-0.12872052135868695,0.07217069386146462,-0.05338591150490811,-0.030820533237897338,0.928960060487665,0.23977544501157633,-0.8514024005224055,1.074939840970034,0.09473225072058652,0.1016911856935977,-0.23397009766788235,0.2729341444982807,0.08084261915819085,0.0
0.0013830563008493703,0.015337468269543568,-0.0825768982126646,0.07558990119098762,0.04856812236336534,-0.06764497859370086,1.0034097985605788,0.09655081935992824,-0.963923557627709,0.9428530457797951,0.2262938364153343,0.005957917596372195,-0.2900305448156558,0.3597531662270469,-0.07613290409156369,0.0
0.0034310172345051806,-0.08172764769645292,-0.09465594116709801,0.09367961431396785,0.12495438578603338,-0.07789468703837867,1.0583663404870889,0.21843319341535894,-0.9793482910796861,0.93188878932103,0.1604929914532346,0.004512783711896768,-0.13054599583357818,0.34521727831422866,-0.04602124926811305,0.0
-0.14965691915943125,-0.0032836599706624866,-0.08669332447199234,0.026359020260047855,0.07307284965238302,-0.0653295576814315,0.9862805286173522,0.19059442158108794,-0.9973893980342773,1.0381729067000363,0.08497706542296986,-0.10468470538558385,-0.08982376071405526,0.3390227068207862,-0.08285352804165824,0.0
-0.019039349844474106,0.04658038141989387,-0.14030169334108095,0.06002938408087647,0.07194693612530573,-0.027019130565887617,1.0244062058666763,0.0906273924547345,-0.8618193751446667,0.9931816978471542,-0.07810799799626025,-0.06780382370387386,-0.2121545304704202,0.22946766992984893,0.006251293159190832,0.0
-0.07877609524499488,0.02060789299987238,-0.029852666374883194,0.0641902459115806,0.011500307918528796,-0.0629099397497168,0.8776630171954722,0.15630724580969974,-0.951451869540761,0.9955997622271595,-0.048178874902218054,-0.285668392766451,-0.32421623881822237,0.011764136458115831,0.1007217513814299,0.0
0.01752184302745846,-0.12642069611843232,-0.07499336139811374,0.09511187427509359,-0.008335370072911921,-0.025562871266065552,1.0022834529827738,0.05023040289425896,-1.0560172707432673,0.9631938287473074,-0.044868734366312904,-0.1452233692038094,-0.4030659340496919,-0.16164777439498326,-0.02550208349416422,0.0
0.0009949092995628663,-0.014472725156367175,-0.24270619319846357,0.1740184033360226,0.10970177155387192,-0.0825806942943514,0.940001897254673,0.036710692928643575,-1.0676779693756844,0.9096014125717529,-0.07053125791698744,-0.11594705626379373,-0.3352611217697577,0.07254476165451666,-0.17938457602078342,0.0
0.019048540454354994,0.07694714292157998,-0.055470715352854645,0.06273074605870409,0.10912955721631563,-0.1709660714695475,0.975946351882007,0.06119159553488678,-0.9847781484456315,1.0231533475137633,-0.1409767417935237,-0.03947088357022957,-0.09845651844309408,-0.17339367015126095,-0.2891136116755887,0.0
0.018142937666990565,-0.07746635818935052,-0.061324177534561645,0.1546429622600874,0.09252657331192168,-0.150154339888041,1.0308710963631968,0.033364536972764085,-0.887011530094516,1.0048592947239212,0.00917541608303947,-0.0526305282234762,-0.004364683625512608,-0.19983420322936046,-0.41774428886442566,0.0
0.013453333098764522,0.030449022553410934,-0.16465650799890252,0.051459205070724615,0.04469176562940427,-0.1689195641820757,1.0106955818362164,-0.006436585376948925,-0.9630552243530486,1.0057755433375748,0.12211372319060496,0.01114665147721395,-0.03434605903353876,0.02931356717995867,-0.4513968429212695,0.0
-0.04264467299452618,0.0660122848738047,-0.17221015938131318,0.05817041047710391,0.05729374093382421,-0.24766243928331355,0.9941808672842793,0.06819011881895581,-0.9766137401014298,1.0966865901047025,0.13147593645368796,0.06721900509223086,-0.02698459929193924,-0.08778300075807578,-0.3181373840061915,0.0
-0.12325948587169283,0.029358341391496273,-0.12205019379242563,0.04747846360860005,0.07642863125844096,-0.1269324367803853,0.8911188991967365,0.03092806447815863,-0.9536966390013034,0.9783847171479562,0.18137022590079704,-0.08645854253371801,0.03370954819061325,-0.11755855598973056,-0.3181231402328558,0.0
-0.09679059870253882,-0.06330393163172722,-0.08589345986261329,0.10821474956492977,0.0587442586239458,-0.18293546030702254,0.9494891298309868,-0.07676811374250109,-0.9172095694283542,1.0084462130250118,0.17856663624183292,-0.10086151568973842,-0.06935105698783547,-0.0918539709757337,-0.17697669822757905,0.0
-0.11312075033151381,0.04332973581609655,-0.022108820516499567,0.011531163726779481,0.13216774301955903,-0.1401419177275586,0.9524572407483517,-0.05238002996257532,-1.0695414400370566,0.8859388409356138,0.17103590305687613,-0.09689253372024026,-0.08723714407696001,-0.024455757543015474,0.045194086131199435,0.0
0.046493812670943685,0.07614093096572022,-0.06455795757900251,0.011851808821794318,0.07312458495693018,-0.2203316184814944,0.9370806120144174,-0.05980465319719472,-0.8913721090946423,0.9623534854306448,-0.003507135889556562,-0.0799886993289396,-0.09527924681638539,-0.04002684858929388,0.17310842943011565,0.0
0.03278457440172328,-0.013791469436323343,-0.0670877730173653,0.1462870880357527,0.06746325488383917,-0.17236295793940815,0.9576269960794439,-0.05769833091802173,-0.965190329026558,1.0061032709639801,0.02491011894447851,-0.21934554621096133,-0.24364499927072156,-0.014493709929426644,0.1370536914791007,0.0
-0.011519037018935158,-0.014523313865354923,-0.025294596931567645,0.07626403740962764,0.02774060147316528,-0.2581931953379332,0.9421635117502615,-0.07942142941361396,-0.9700701649634108,1.0129350884933483,-0.04300879739208164,0.1029693966419078,-0.21287872951203712,0.12149381269614314,0.227399856431446,0.0
-0.004319433910885295,-0.0602541433382615,-0.14207985904029763,0.13736392248543078,0.011764223113498992,-0.17480662522246815,0.9420759580695603,-0.11615230339906199,-1.076632026299498,0.9382655338643031,0.059301794789581926,0.050160588915663294,-0.3903781951404585,0.1809284500935893,0.41614934469830556,0.0
-0.09519143941328133,0.019321925567670043,-0.13568919014015218,0.08525424424543931,0.11575086726004785,-0.28216217375043273,0.9737695611654746,-0.08976132668207355,-0.9779350123922947,0.9460535592171242,-0.08977915450196992,-0.11330350528089342,-0.23677472480367973,-0.08114692355637226,0.2885302720871531,0.0
0.020148714287090315,-0.011983351936678443,-0.12593637606971647,0.01112308053072801,0.10941754576894898,-0.25123587998016284,0.887984771531481,-0.17734471399704624,-1.0017124450887132,0.9179983956501373,-0.1378638427549954,0.054980454845547505,-0.21790534698347508,0.03221184798237246,0.24970389535462809,0.0
0.05213194005593888,-0.09255121564679077,-0.12325204853083452,0.047192131566099575,0.12493948252010989,-0.17459049265401083,0.9097013361623729,-0.09392745667592775,-1.0262997824186935,0.8865128505052452,-0.07289030690502213,-0.05225386646854093,-0.347665816027669,-0.062119725073714105,0.17905221861858892,0.0
-0.02179412364502821,0.0010236987907340702,-0.07590371298609541,-0.014086484929427004,0.08592699729691378,-0.2005081757883751,0.9187300699635992,-0.20701740350832046,-0.9464877850231213,0.9964920411799774,0.030760227279681397,0.12223341854104075,-0.26375613331755227,0.04490684771901478,0.1293520970074253,0.0
-0.031223330411450936,-0.026572466384113785,0.0010303976603430326,0.12347071968155443,0.06807080539008946,-0.35751344683019787,0.9410288691200336,-0.1046196014867949,-0.9771928143458259,0.9250197380857854,-0.03614387983268272,0.09606077993751397,-0.20139468537215413,0.03248729013225445,0.09535855619862987,0.0
-0.07055305256089134,-0.048201077450279954,-0.0815349344878992,0.12169294263448358,0.12219221089173637,-0.33054784445950497,0.8721029596387878,-0.21689834814024514,-1.0622635886713405,0.9199822448386562,0.002366416274768003,0.13731788911428983,-0.2511237011244824,-0.0547775781857122,0.04315081806211288,0.0
0.017500633964422363,0.0754677794174928,-0.056959693657838026,0.04005154366001086,0.10067886141224391,-0.4118188253291583,0.7585720827236799,-0.20204193362328768,-1.0033929905587677,1.0713872117446992,-0.07385696373052263,0.14188069801310138,-0.24651541720227937,-0.09381420480882244,0.1305767852466196,0.0
0.014942270899650285,0.00012393696343620565,-0.0963427816480165,0.09023765910543953,0.04814783872329623,-0.33769498377374907,0.916635571423325,-0.30227625723527435,-1.0428455954526472,0.9323056688029805,0.0007690724238509292,0.09851970417414291,-0.2101758507215114,-0.19464754743452287,0.09018599530523261,0.0
0.05919750570970068,0.01182188312918242,-0.10465168308055438,0.08406540305977217,0.15957436763331762,-0.4195887270794287,0.8897895665204762,-0.14771394989235495,-1.052138596264614,0.9106716285427242,0.10654189493926998,0.131390751428542,-0.25699120015378374,-0.17334222602079788,0.025106480667165823,0.0
0.006350441474457083,0.1728972168076835,-0.11506126149461735,0.054312135141999035,0.10484297161222239,-0.3789570931182441,0.8928787679413261,-0.24934692427047583,-0.9777504376869858,0.8779640387073977,0.17758207854856473,0.017527197819413323,-0.23488718644744752,-0.1488955624642775,-0.13095730760833657,0.0
-0.018632638789726364,0.015510333885290408,-0.11989537506382122,0.07043824314961573,0.13291487301761903,-0.3620551937012835,0.9022774667180676,-0.20011169529190997,-0.9829921858216367,0.8841594057100988,0.1452073640205967,0.16109751863640523,-0.25043017295761677,-0.22113276249736039,-0.08440128753444125,0.0
0.045882042567471075,-0.04291308129868046,-0.02822368403399997,0.048602270019056905,-0.01644544890427542,-0.4147926373457288,0.8813443377341442,-0.293218040139398,-0.9567044511114411,0.9149903334081928,0.047934972535911405,-0.03606880545476458,-0.14431250128212028,-0.17744546752356757,-0.005536834858229728,0.0
-0.007609647843984352,-0.026932656207441237,-0.15560064056973055,0.1102501558928142,0.06420294473971754,-0.38757068375755294,0.8834151183899286,-0.33175908383500435,-1.0041120023702121,1.0402940519970476,0.0742979838004299,-0.008797993777129826,-0.03127591984241729,-0.1283098855419698,-0.268452140107337,0.0
-0.14046083553139888,0.021953561388177223,-0.14311407838656967,0.028941537482727403,0.08513520987862787,-0.3728642276400847,0.7698608995621685,-0.31375641601550597,-1.0379450925822677,0.9145822980947999,0.0032351162532858954,0.012451787560043606,0.03098707421821488,-0.06234257531355259,-0.26345358006309816,0.0
-0.034706324063560445,0.07662135011753526,-0.06190936417287152,0.08895421189951461,0.1291985387398762,-0.44972062712493865,0.7851570408054739,-0.3538972956106556,-0.923227024692321,1.009885016893416,-0.020381082412943938,-0.03558405199199609,0.18927652882970492,0.0059648275602787945,-0.11978689022591395,0.0
-0.045892316163797756,-0.002838316042374049,-0.2042181697812852,0.016967991664105245,0.08586188467632196,-0.450730777807299,0.8124465888869404,-0.339681055422121,-0.9306295583670764,0.9248509338285614,0.04193413965456651,-0.08567118353172802,0.06835419225617019,0.1097776068986422,0.04736027885808676,0.0
-0.07515102329619816,0.014704478236140314,-0.1498089285209121,0.07993841175245436,0.052364637103363296,-0.48041088715803054,0.9093297450621245,-0.43058783174657167,-1.028059317637375,0.9129921825037012,-0.003953979540693021,-0.10084836263370762,0.19833458703577833,0.10711863720987538,0.01270524048814245,0.0
0.03618209713532102,0.022996370916628685,-0.08074025427563246,0.057828398339488135,0.07640496920699044,-0.45439937344830195,0.7390824266585276,-0.3822033716404279,-0.9691289673737457,0.8646449243451242,0.1559264940485438,0.0071382375027008865,0.2059420105668785,0.1694755936376661,0.13590996858167728,0.0
-0.028967199164602907,-0.05737396723650103,-0.11631156432527243,0.08111812664168602,0.1315560693796486,-0.44840851767536993,0.8238007294727678,-0.46879395727428447,-1.0212502004241861,0.904716628866051,0.09131871004369338,0.12385048305684641,0.27874788598374695,0.03164288704501958,0.12516922183594398,0.0
-0.010367948222222246,0.0015877276167477299,-0.11499842921036407,0.0841611416002916,0.07826551794208508,-0.4078571612418806,0.7329666268313607,-0.4665396004136579,-0.9778503178445787,0.9098539411951309,0.10624209628839701,-0.018945947208965364,0.24114479110896442,0.1019969513682226,0.06939267279071121,0.0
-0.028242314733522483,0.034587624296570064,-0.13272269229840444,-0.018517251044193286,0.09859847589234093,-0.5284400198691344,0.7092852807730252,-0.4973403566341493,-1.0530065454228223,0.9021936907293259,0.0833597816909909,0.10223647946988676,0.19284437255385142,0.16749858881725943,0.08796162148440015,0.0
0.03524328439694217,0.07444989412423289,-0.1382492063412099,0.1041440439467958,0.2058697820894343,-0.443814295623746,0.8156010641012361,-0.4261535341716343,-0.9806943277905388,0.8140329705098273,0.022904522533518615,0.08534711465587028,0.18112107424937382,0.04258157140526242,-0.05857890544227305,0.0
-0.038354479642648445,-0.024915504537224076,-0.14041247513532323,0.04932363373308863,0.029453253213611197,-0.6064983318927543,0.7913490651466691,-0.4534464587060772,-0.9654079619281936,0.862336698788954,-0.06006874870390207,0.18726265032720998,0.056603397917335554,0.029712769217261407,-0.022245558917041743,0.0
0.008191924772544303,0.010153671499445766,-0.07793765979673625,0.05948642681857772,0.17691913049105484,-0.4857143891783737,0.6921115664348227,-0.41381206604516874,-1.002135334330515,0.9032739949457603,-0.1050075540724163,0.16502754375807627,0.13422379680721241,0.012342346520460972,0.10888335132397385,0.0
-0.11251650179976365,0.024031060585864253,-0.1146581605964075,0.03373784396044863,0.06192536109750174,-0.5270301282187065,0.7059658637829278,-0.4896023232727214,-0.9099996710130475,0.8749865426887586,-0.048116554008691005,0.05065218127085561,0.01722446139504359,0.019817877443865324,0.1438425781178497,0.0
-0.01582041905734111,-0.011723067920135957,-0.11140217833732066,0.13424129750438518,0.13033734119199136,-0.49746133936967313,0.6093176106302975,-0.5291309279282995,-0.9115432174943338,0.8883724626490971,-0.09757860465449877,0.10922690861062753,-0.019256977499383383,0.024318236984146376,0.21674295300406649,0.0
-0.07394798421795946,0.0799846348175042,-0.05245885320988747,0.11452179640338182,0.10141451738913133,-0.6292651348997688,0.7399888395734615,-0.44553038244499166,-0.9599470807277597,0.8850120111342425,0.05796150099305611,0.13094742271832288,0.0589764313638911,-0.14394589639505873,0.32821959487553143,0.0
-0.0030409701545703882,-0.028841405956005206,-0.13509549344768151,0.00019496201031217464,0.13851922276834305,-0.5013676577462969,0.7397218703286386,-0.5087265390065459,-0.8757063329913811,0.8467851155838401,-0.06619996450234192,-0.02762151850699178,0.071853385218214,-0.16783629642729697,0.3394284766536701,0.0
0.06448146477038386,0.03305504187185374,-0.13548699882301293,0.09173572130038762,0.02702479660588078,-0.46691893046751903,0.6714129120166579,-0.4714086115011387,-0.9864112860076244,0.7939695121763267,-0.10942703400306047,0.019983185343426933,0.22635665542090577,-0.19215311908070098,0.3490355071158115,0.0
0.007055468585899293,-0.03502257079863719,-0.12654543524435255,0.05202688674846472,0.026407405134667924,-0.5596462029848641,0.7076247236281334,-0.5548671854411376,-1.051355731754972,0.713038015531398,-0.06176924393813228,-0.02952479289069456,0.10182497312258453,-0.13993784918618635,0.1470836517664305,0.0
-0.1371491904501387,0.044843463626735316,-0.06331490854157122,0.09116524276402245,0.21099252954842962,-0.6395658742670834,0.7674487896940462,-0.5304828256533981,-0.9820894541499322,0.8428578071742479,-0.07928301272876347,0.1020868867416389,0.021242917935544822,0.03471843048056271,0.07558691058106981,0.0
-0.028610492844366384,-0.0012731709336548797,-0.12237709501411155,0.05500628411101582,0.058281765307342775,-0.5623847181784429,0.7787208432358729,-0.5486161256208701,-0.9507674722673929,0.7951448144923029,-0.005252395072363809,0.18510802896293033,0.025230619691282128,0.08480546495497873,0.06580428727744009,0.0
-0.04398546218563071,-0.045252838120959246,-0.16699371198745674,0.11100559148308524,-0.007131182015500587,-0.5419390306220213,0.6037837885807859,-0.5425936108600291,-0.8577557928147985,0.8380511329645819,0.13906703874718027,0.06578531819284897,-0.022537666079487845,0.011517293777865777,0.06630533788650785,0.0
-0.0004594148875100342,0.157402640881578,-0.1084010997100248,0.15128165446762953,0.11174518915929006,-0.6169451439259237,0.6733935342987246,-0.5832975922148532,-0.8889327015326253,0.7010976337765631,0.13765905714394266,-0.033161386538629115,-0.13562886828501078,-0.13812617847743286,-0.013195619470138135,0.0
-0.007226550117532099,0.02628141750596478,-0.13859145304772846,0.1369395117691161,0.07718594207790236,-0.6420702936989012,0.7231080435238961,-0.5870023168543722,-0.8531853143984037,0.7312612061635227,0.048786338761925147,0.02674444622029994,-0.1298821339245571,-0.22599463918131468,-0.1842192484609202,0.0
0.007344739715517589,0.059782925544471725,-0.07919054754069656,0.10237740074050228,0.12670549925795707,-0.5514189113086774,0.6146109665508083,-0.6032362634391885,-1.0120958935283242,0.7175573703616415,0.13902873874459026,-0.009742385583201198,-0.14904459078185148,-0.1849722876976829,-0.22804129084175223,0.0
0.03860473728348566,0.05341039597059489,-0.1612530856334074,0.054330751961267194,0.07333747675482909,-0.6515483614757036,0.607333319165082,-0.6139614690928529,-0.926157051359242,0.613515540272237,0.0537556760861378,0.022438863352851654,-0.12216267869224526,-0.12936771658106966,-0.2479843419495127,0.0
-0.03546583174407193,-0.02979143093446099,-0.03238139775131836,0.12577115927709584,0.1930881482613444,-0.6914508780488768,0.7038139297863513,-0.5779610849378667,-0.9162797571297011,0.7580138668290102,0.014444977967892694,0.03729001406918016,-0.012806927822163985,-0.1121528158944371,-0.11698314907393612,0.0
-0.022073173739909222,0.0517580729534815,-0.1194562128412537,0.05278010922435093,0.10134958079772047,-0.5941013913722262,0.6829906865610825,-0.651650831286943,-0.8486002412785169,0.7011978745700854,-0.154431766772784,0.0157436499371588,0.21452280350690833,-0.1545560404498814,-0.12192787073310689,0.0
-0.03081047793458059,-0.05545247920069383,-0.034716438240255554,0.1096692234757849,0.1584440841422596,-0.6272811122354636,0.7195263369894759,-0.6555042437385811,-0.9685451649404517,0.6410290079491227,-0.30623809633292554,-0.20217942917365153,0.0026991838215538744,-0.09644643189947855,0.024156530109127092,0.0
0.009819877296471866,-0.03397364168170391,-0.0828687151678894,0.09471636214917911,0.08864032626589552,-0.6140976880437121,0.6236359969635031,-0.6688814250238732,-0.8727289380278052,0.5847953756405257,-0.1666930958783447,-0.221148224706709,-0.04231220778288594,0.07584804736755854,0.05700715492427108,0.0
-0.034351231601880576,0.0716435987743767,-0.1536913785955539,0.10225197249666271,0.10462087105473607,-0.6449365422698823,0.5852067451582932,-0.6903298579938238,-0.8710339379199583,0.5709848019199042,-0.10855771792765373,-0.018560079728589862,0.05791614848488828,0.022857746962039974,0.17421867415343673,0.0
-0.11445811380534668,0.02801522112495805,-0.08306913242909335,0.09880596573690699,0.2234595107563701,-0.6381029366711889,0.6462184440629837,-0.6954952828196482,-0.8763178056389141,0.587042562143235,0.07076374206567813,-0.10053239727420232,0.2307126252385541,0.14315748343337995,0.25411463484395047,0.0
-0.01887264413363656,-0.002239541805666004,-0.09393937852054599,0.08176222402025615,0.1303494625486669,-0.7180128379726347,0.49909541165004623,-0.6888209901220675,-0.8792587493455996,0.5594840524722124,0.2688581718495061,-0.13616482658012782,0.3284854809392068,0.0551132589389502,0.0999605236339208,0.0
-0.05845265765895798,0.08022178102226915,-0.058036222177555774,0.11489943870899372,0.11061240520402682,-0.64664961723808,0.5478649647193483,-0.7033259338384601,-0.8316180578918755,0.5982657843651208,0.18074918682192365,-0.09981832190856205,0.300293185774792,-0.04377173950883835,0.13430018673381172,0.0
-0.0494999997403141,-0.026642318353344387,-0.1466830143938781,0.06811147177398058,0.13203863565817778,-0.7918528314683101,0.5855037668923934,-0.764368927831232,-0.726119191045971,0.6012011498828769,0.1878332986913754,-0.13305949943657452,0.16073460951722665,0.022010295819639078,0.20753463938253763,0.0
-0.014046874860108876,0.052347926449786794,-0.20061750939514342,0.12330119841781051,0.0783725046330612,-0.7208769849047507,0.5732066520818218,-0.8074777635536812,-0.8733393002924279,0.5874463181198273,0.26081374199712803,0.028149078888962814,0.30733458583572026,0.06940258562468805,0.09547963294519224,0.0
0.0397690709662264,-0.0027241646582558884,-0.12618255335062278,0.12973692542136148,0.07942517347332065,-0.7417612990618088,0.408685044132056,-0.7589493577720576,-0.8957426865563539,0.5182651356196502,0.1556074640863772,0.04977355782694569,0.43373642343446484,-0.02259502919283911,0.029437825504098285,0.0
-0.07429001004850065,-0.042264183775834414,-0.08748678610103842,0.10070798171376759,0.15023976710168768,-0.6728965421434416,0.5022878216670383,-0.7494155532884533,-0.764077293364003,0.48891113573289746,0.15920974171376162,0.10388452974837106,0.4042618407338788,-0.028525854602051485,0.025773981182165957,0.0
-0.06756933446093838,0.07056891074626687,-0.157007772093367,0.149187320368804,0.08720999508937394,-0.8159668536406924,0.528746771124543,-0.8052143008465261,-0.8417697945088103,0.4828058052300705,0.15884278668568114,0.19585084445040624,0.33191177475501593,0.0037857672264473494,0.004534006378960034,0.0
0.022328929249349358,0.16982699042117025,-0.12439289465151049,0.11751649703168084,0.16618804471703372,-0.7587381279210025,0.45104187633779275,-0.8088470944201742,-0.8266992791388903,0.4892583529500813,0.07644494720951722,0.13136254737108002,0.3014293308164703,-0.006229532733760648,0.008329444392392317,0.0
-0.03869129477694832,0.07987670731361134,-0.17542316438206704,0.10076444570349827,0.17711577358371133,-0.8652984784085281,0.4618728232730022,-0.8002822378820166,-0.8201857060085818,0.4396534852269589,-0.020133177088928284,0.12417862292059134,0.23410717730762437,0.055334313285921,-0.05251226441531272,0.0
-0.03785317856419988,0.01658666460384276,-0.28248599689978005,0.13708895016258082,0.10652665514493805,-0.8379942178890915,0.37478626787253655,-0.8008295155988023,-0.8639935426983819,0.5035532453357131,0.02791745118255711,0.2602160223195521,0.3174734576410082,0.13971050433427046,0.13330770601703557,0.0
-0.014506486025766574,-0.02057070220454399,-0.09483428307560865,0.12033904282524631,0.1702904469832816,-0.9266226470157038,0.47328671737734657,-0.7269370452606296,-0.7133552758568067,0.3342897846615043,-0.09006833827807592,0.08329331823222191,0.1106420252926189,0.004581300289287604,0.3483661016260723,0.0
0.013194660836369318,0.04130160021514172,-0.13324894014612096,0.16876230598034292,0.13268724317644887,-0.8085139494549545,0.4789857745355374,-0.8088364851544788,-0.8140531394940228,0.408303628155528,-0.051728429220472494,-0.02030233124864935,0.18592604841435786,-0.007925086383699279,0.4634652399319456,0.0
-0.056706157981176716,0.022046666952059743,-0.09180463536731434,0.09208693056873635,0.10204527809775767,-0.8969431030219249,0.3802380158678037,-0.8642459299593903,-0.7549239781690033,0.3446052070652461,-0.0003754594983545953,0.022528386170205993,0.2276810924273434,-0.04752308655565555,0.21400864651798332,0.0
0.03027929358085288,0.08992239816911021,-0.13825343436611975,0.1286054145265291,0.12436048660562475,-0.8639378548842602,0.42842559721439,-0.7806307108932793,-0.6583786234996917,0.36315232073767734,0.02792715120743657,0.14947347589758136,0.268581060039939,-0.07546757715977973,0.008523392915744943,0.0
0.02358865465478236,0.054550074764795196,-0.20851271509851288,0.042368114541245214,0.18024812013133917,-0.8319445473700043,0.3717214944838339,-0.8697491376796898,-0.7526139577020677,0.25477777172313054,-0.15939538190803326,0.12452302001319514,0.20999103749793988,-0.05207015119090036,-0.018788954866351463,0.0
-0.033676422850572235,0.05562656417243465,-0.08806435329277768,0.036288437685072575,0.11603272537165973,-0.8696638953987725,0.43031721240044535,-0.8354152671596969,-0.7509213423077231,0.2382367785514905,-0.2619356872637343,-0.16600235223090637,0.32267563444739167,-0.021392145191523024,-0.06651576935183565,0.0
-0.03627096741828549,0.004245832627607568,-0.1134969395381703,0.26199675117144483,0.10543966212665187,-0.9459868542346082,0.38721014582620844,-0.8986948893074187,-0.829627359816841,0.3422432867210784,-0.2297228110563776,-0.1760681694013267,0.3419509310500329,0.11562512409086909,-0.03340155599346214,0.0
0.015576369267950307,0.07214442988941881,-0.1127275553009405,0.07981753875942235,0.11458963719079517,-0.9099608199753525,0.42283157270216853,-0.9264610121487525,-0.717816237980721,0.3761862947130314,0.03984265652280372,-0.10344009248815407,0.4583387327314238,0.052868070999453454,0.025185682359813284,0.0
-0.005780718617678876,-0.010854425435719524,-0.13774695047758959,0.13282850821916475,0.11525246796292854,-0.9410546507661874,0.37105015794394625,-0.8423571320081633,-0.8168871753014185,0.30056375675256974,0.15880161252028502,0.032767056156005156,0.44258224023019255,0.09210801940866542,0.020188247111291927,0.0
0.06273301335011171,-0.008314834825439321,-0.11572190549794548,0.07247210905829457,0.20479266000305257,-0.9046379881839559,0.37848720586134765,-0.914037802460286,-0.808049476467145,0.2738071335861254,0.29772818309536453,0.09448308124183773,0.2083050790953539,0.0968548374324583,0.03559694638764501,0.0
-0.11247660257178793,-0.0030397696921256254,-0.17209951183406683,0.15651632384021574,0.19868276269806595,-0.8938718554769071,0.28055857511805077,-0.9718749938226002,-0.6818441706216857,0.3168631922506438,0.15054745316567306,0.23687009996934252,0.1651201981282547,-0.07234852101248632,0.15017932921340615,0.0
-0.07109055918827803,0.07959397121455607,-0.10501704620225351,0.044319074760298324,0.1482931870796292,-0.9074250755801825,0.3690893518488534,-0.9166985655246267,-0.6522145000359961,0.2070998525407663,0.15383887354137954,0.21695843677115945,0.19791761367826496,0.048627827912020846,0.13922694803826668,0.0
0.005596212834064425,0.09923160509502232,-0.09737873204437358,0.08435192099055143,0.06662406431217878,-0.976809423911122,0.3336507247495086,-0.9420023592231681,-0.7242636806953415,0.1705057854182025,-0.0332382655200493,0.0720025754966569,0.03053214198592652,0.07631841174610335,0.03179470797198383,0.0
-0.025471863536749982,0.09371427228692064,-0.0764339860616556,0.1514015901565969,0.11004579846997359,-0.7967460493416137,0.2867816608283185,-0.89281031185062,-0.6029624192639353,0.15527691962111337,0.059506249151743816,0.11409402242819086,0.09205500632760596,-0.03035052866048133,-0.20007473577791557,0.0
-0.0041717328802159444,0.010396189720750112,-0.08064174830612944,0.17085389045972732,0.07908118557884414,-0.9302490098415815,0.31028947245175215,-0.9017936855532933,-0.649344443265705,0.22028382231487584,0.13455278754339775,0.058638288503018145,-0.07046115499228049,0.05363469209785079,-0.3029122887340212,0.0
-0.04176723804120245,0.04189823766011603,-0.2284658951250233,0.1852134981159529,0.07224319671279078,-0.9105142361607158,0.25507999106482915,-0.935882490830034,-0.7169280852469302,0.21213437744499125,0.1491429213522497,0.11180759192242566,-0.016110563877504577,0.21410839666500175,-0.21272933626357626,0.0
-0.042730475802864945,0.019998079464126593,-0.06210135771684053,0.10330794674130114,0.10208844191853522,-0.9446171169832415,0.3611417071520847,-0.950030611457011,-0.6368195779257877,0.05534475313302234,0.05321187073471243,0.15621854840868415,0.08314034641714257,0.15144772406215784,-0.06611976810355832,0.0
-0.052213698416725116,-0.038230130429284304,-0.13420856311569462,0.1384729320290786,0.21478555509167116,-0.9464572793513103,0.24040035305624607,-0.888353936253657,-0.492563755960741,0.0569688949575693,-0.08976475568470485,0.07516180006764034,0.13768627896511243,0.11745728188710121,-0.04830421769013794,0.0
0.06190048192960511,0.0004335558612672437,-0.08573636152282552,0.06407835553613933,0.13285749476359837,-0.969207061899356,0.20349207040374628,-0.8216065172845703,-0.5947113418023703,0.14394366597100047,-0.23607542649341623,-0.022227141735647306,0.07035136948178947,0.158725389161198,0.16750587549865978,0.0
-0.01429683065904392,-0.08946102473022635,-0.13702216218195323,0.10548626811148357,0.12064358224384637,-0.9446470480971147,0.2619813181264021,-0.9667100041710912,-0.6567724722520404,0.011855212426838818,-0.1810305392621291,0.04105997622225624,0.15219546921302796,0.25169290291519725,0.2632413281729791,0.0
-0.05911428698983587,0.02906230605733371,-0.08338241282751857,0.1289040966353221,0.17389418125408107,-1.0096346888520373,0.21670385762135447,-0.8550160237897432,-0.5647499865863534,0.10314705587406778,-0.2010892653677267,0.01663817205578145,0.14012725044906618,-0.04503339053948946,0.3166378455500426,0.0
0.06290858837058147,0.028415205908905145,-0.11885390615962976,0.10022159082090301,0.1336609066109006,-0.888819158500506,0.08399915372851333,-0.9367572018317273,-0.583898806066004,0.020866135960775762,-0.1963034258950562,0.05905783114143131,0.16443714420132774,-0.10723460519530911,0.3205449089684973,0.0
0.034056084262752986,0.07784840920570005,-0.12294629082754263,0.09808349338366279,0.14752616016478093,-0.9825607014230427,0.14769101362493176,-0.984012874074056,-0.6508287376201063,0.040989903828528684,-0.12313889980721587,-0.19731225497028448,0.1910400616434325,-0.037163412992592834,0.21835947956592086,0.0
-0.002892654430738562,0.08893578516275402,-0.09943331664118354,0.14468970275219176,0.07576850219507295,-0.9614625417970102,0.22789433025748745,-0.9210750700970964,-0.5020537596755605,-0.0040750510886807196,-0.025228033672961434,-0.1447310006802353,0.13206472325238391,0.1300337412724561,0.3393896167909932,0.0
-0.06228570701935493,0.013759237774919053,-0.13006118570892278,0.14661558150221785,0.1731269638034283,-0.9253216583176429,0.16978643842159452,-1.0284427513518963,-0.5203074348729883,0.03512173832391792,-0.010509755581192682,-0.24503836413982544,0.004425727450438163,0.009786593915946953,0.29247553013382405,0.0
0.03631717837899129,-0.043672424579206184,-0.1386963451968373,0.1676120572513048,0.15575824948632178,-0.9889338126358557,0.14879442775959176,-0.9124485258450462,-0.457827096470236,-0.026159732112975658,-0.20628614399302353,-0.09993044777170361,-0.052451312597284895,-0.06607074434643377,0.3141709517865524,0.0
0.010679245565332975,0.04651912058191951,-0.11864363177704648,0.08047479537375982,0.07961553412686798,-0.9950078321374902,0.03526988046173182,-0.971385379964055,-0.4393707337703018,-0.1746331934442416,-0.2638732991739635,0.06132810125168843,-0.06122616931869281,-0.030105997132879814,0.3344732035323317,0.0
0.025006041465656253,-0.024464923960176542,-0.15805455033511961,0.08971351174024574,0.16268360507174146,-1.0000040479939292,0.09757339748291526,-0.922398477609476,-0.4072001409493785,-0.06507337912533034,-0.29826603983407785,0.22211457227376363,-0.05814878043827801,-0.051796221962051484,0.25426400254725223,0.0
-0.04018135544609367,0.014351776350253805,-0.17287090274774064,0.1793856071609633,0.061803710873404014,-1.0329060783122557,0.09584070977811558,-0.9660981463294178,-0.5185391252723387,-0.12296883180423326,-0.13296531674216594,0.1077055969226779,-0.03689300255326327,0.00886632699234531,0.24170767138062926,0.0
-0.1377191229011996,-0.08251525570621046,-0.12031046875832843,0.10968586552913709,0.1940063465797431,-0.9742968268516222,0.06276001976152247,-1.0120364251965743,-0.5152578249047007,-0.1364287800662663,-0.14073030295531885,0.009005029717432854,-0.01792725020618531,0.006205438430809998,0.15516644187565892,0.0
-0.05637206010662332,0.07700327517256134,-0.08297227890183564,0.016161465652730606,0.21253633533951863,-1.0274055145268604,0.09323117146255527,-1.0776081137429538,-0.3875233784070921,-0.22875244280148369,-0.023187625245765633,0.03216073870495642,0.06848173915140761,-0.026701246149205726,0.29701646446126395,0.0
-0.006157225435505774,0.1047270180316701,-0.07798415780673736,0.07463822098012912,0.1506805416853113,-0.9739051843291305,-0.011871019681434329,-1.0197267699353756,-0.34167250835233376,-0.21014886219437004,-0.10188009903424834,0.031534476790550395,0.13772119130704075,0.06973905276304035,-0.05971615508738737,0.0
-0.01536817714546778,0.00401123541171633,-0.061998557633157966,0.09542080292514055,0.2078894759745043,-0.9639037430795516,0.0650148088084289,-1.0481239789542867,-0.44561981285493774,-0.20901287175044161,-0.20338771973927564,0.08877142923965449,0.0924878056783791,0.13952929102211195,-0.03277863999938556,0.0
-0.010019773110690782,0.07665719217666589,-0.10520870726553389,0.1375898510537836,0.17993631075212704,-1.0440649950164131,-0.008648165394799547,-1.0075945860176638,-0.3884952730296882,-0.16185039609728716,-0.09124427454923319,-0.06792472359859256,-0.06221347663160638,0.16746585337699174,-0.036386154748447704,0.0
-0.0008282342497041091,-0.007783214793528469,-0.09225623543612663,0.07891026189057793,0.08761824272370222,-1.0039914452760377,-0.026126150256524705,-1.0116724917150781,-0.44508348438428735,-0.20311672260786592,-0.052497371234211804,0.09293120571528951,-0.25541511062741173,0.04149716248642868,0.04015283062795027,0.0
0.041503131681920144,-0.015330691420730812,-0.17272738241677763,0.18913938737050986,0.1711313910337774,-0.9684967941726755,0.10559465210535704,-0.9913729467250539,-0.32014895095905616,-0.15775933454299618,-0.06405477468094026,0.08916406019071021,-0.32878717973073246,-0.11076178363412915,0.029541540696430394,0.0
0.059350632558068425,-0.01278523878238911,-0.08554767244878511,0.15575021647846832,0.23077657434097576,-1.0416771615714018,0.007680861893222224,-1.0364450507999736,-0.3730551945432818,-0.2595627975094929,-0.1748117873936973,0.04289713729911852,-0.4446341003639457,-0.1655919954981823,-0.10110888914658098,0.0
0.026218239171067418,0.128022628384952,-0.19505613055279616,0.21347067755505655,0.17256567654156077,-1.0762104421824228,-0.007399486002428922,-0.9242623259143781,-0.27625917744849793,-0.2868561011268511,0.08375982780693922,0.057244731321781775,-0.2180955761864224,-0.09445440622344325,-0.030516405329705287,0.0
-0.010087178818244126,-0.038100065356521017,-0.09188911949988862,0.10819147277321817,0.15508727183963897,-0.9907456264889192,-0.0016108700832268077,-1.031199532875216,-0.40034271803101346,-0.31631074794395825,0.0788609985809007,0.01468331668902174,-0.10411401553539715,-0.13797579537128496,-0.1187041183412043,0.0
-0.03354382866820337,0.12145793150686418,-0.12603953660371345,0.19071105660408041,0.1534575986110643,-1.0041201921269711,-0.017143078558012892,-1.0111625461979399,-0.3720380610453165,-0.3429838224340471,0.011123963738102698,0.05195330524365079,-0.04676781093763705,-0.05596136990503773,0.0478445133062584,0.0
0.02691110053201417,0.051338085544178416,-0.12094614562124748,0.10164524718843923,0.1417207205671031,-0.9609409770290226,-0.08351648560162399,-1.0838399145699367,-0.3127269841986322,-0.3833761468475442,-0.11918076268239441,0.05336607326102292,-0.007709593609583898,-0.09089618730714051,0.0838279629532147,0.0
0.08952128624062558,0.0191783796544919,-0.1899642093078732,0.14748320429733167,0.18239367752039293,-1.0984117046803288,-0.01270056406661782,-0.9644261900473983,-0.2325691996403707,-0.26920677588367603,-0.001414492308820084,0.13541346195024614,0.1447779368584937,-0.12856063181599972,-0.147671312622264,0.0
-0.04689942600196547,-0.028810529127643238,-0.10021422487210967,0.09972868664670828,0.22273026517821137,-0.98188234925606,-0.08308628785098067,-1.000636856030908,-0.3098541159961936,-0.32097829091405644,0.03172376743919294,0.12452066892426017,0.1607905149897789,-0.14222102674906084,-0.1728236769950648,0.0
0.034222678939387054,0.07135963995919031,-0.21179431779661306,0.1974312826996919,0.19229347612251502,-1.1097358059836417,-0.02131548361197244,-0.9927384156312965,-0.32308249515781695,-0.36215159072951325,-0.073721523355343,0.0032634929543835095,0.10550605401102797,-0.030964402618419096,-0.08681528228563573,0.0
-0.04887319508605238,0.047696014895847384,-0.1473594914220345,0.17966348712321734,0.13028766240610437,-0.9421033772979579,-0.09047213386541067,-1.0754590321260526,-0.33252054610376386,-0.3439755652168297,-0.08261267497547028,-0.0742346850900654,0.07765788739574501,-0.04865527767634523,-0.13876923544207592,0.0
0.09939878331175013,0.06214932598712908,-0.06330189872020174,0.11518953825123339,0.1763014280521884,-0.9229712239961114,-0.16590144158403383,-0.9569174504683435,-0.2417263290096173,-0.41034959237673824,-0.09677537282738677,-0.0678989003358309,0.13207120852237747,0.07405010452203353,0.07851343454704661,0.0
0.03845218606843323,-0.04518189766897904,-0.12955244364485682,0.06606620937815041,0.19839834676372403,-0.970206709436829,-0.12204087006504857,-1.0458680705529593,-0.3225424980437843,-0.42843693897282625,-0.028102005198620716,-0.12474195812070764,0.14067435240141152,-0.03698976540718187,0.32058181967375504,0.0
0.1104559055112619,0.06651063680838426,-0.07068777509675668,0.12850307823089174,0.15198240341490166,-0.9996284557187607,-0.29609545935841286,-1.0310862624154924,-0.2688246003004962,-0.3836134036158678,0.08975259436041921,0.05388778282202561,0.10204641638961626,-0.18672400215664395,0.3852039631007944,0.0
0.08747616972837205,0.08894034265779541,-0.1928089116059218,0.13574930912790045,0.20529011448051407,-0.9599026413513515,-0.24561497894587264,-0.8900016922551274,-0.297821291255366,-0.4617546632829427,0.1222501881906915,-0.01991461076202826,0.14307190346952195,-0.1847476103999713,0.31513072973835554,0.0
0.010269893360117032,0.054501848634299334,-0.19685344882583747,0.12488116623059178,0.14751064326123023,-0.9390358308703852,-0.1401236072095461,-0.9153601620362174,-0.1518711007693549,-0.4751416242918456,0.010959690086071588,-0.08483146533806224,0.0700986581249218,-0.2460614182024163,0.3876100370829484,0.0
0.02938257959243898,0.053155429199996156,-0.08769866830971641,0.17675115570866493,0.20433736665116578,-0.888766141329988,-0.24771178663911259,-0.9664722012331375,-0.18647194690942903,-0.4645980848315715,0.10890050348378023,0.1518347838296319,0.0471371970050083,-0.099667972098476,0.28030743609491604,0.0
0.13962916060644703,0.001125005816091068,-0.12989212259111,0.11531984160556275,0.16113009213950033,-0.9633316041802968,-0.24899188803864525,-1.036981091578728,-0.15219977884846536,-0.5095367379118839,-0.000879879899212857,0.1316608077959327,0.13260859990636598,-0.15023363170810694,0.3124014483228216,0.0
0.045467593673939086,0.03946481161391641,-0.10122132024249458,0.12691434695988496,0.06985992082645537,-0.9970414423600829,-0.20243910139756488,-1.090814887679043,-0.17055244089397734,-0.546804171790937,-0.07257458727179773,0.1261298083881023,-0.04085344863390483,-0.19609349460354836,0.4007393479339747,0.0
-0.027256881442694118,0.015182224238537826,-0.06305156032230821,0.16651459485432765,0.28944287502010224,-0.9776753342652522,-0.2823088777447259,-0.9072962599023721,-0.06680109877951534,-0.5436302673942142,-0.32024205856703386,0.11045379442116407,0.001249348996067677,-0.16519850985630752,0.17716837660289425,0.0
-0.004328348606614253,0.05203135668562521,-0.14041258451297464,0.16710977215426392,0.16836452584616207,-0.961754385000145,-0.21825438688790513,-0.8729182647284448,-0.1356066321149471,-0.4723669523188394,-0.23855286715542567,0.04528353609551437,0.09959538448719214,-0.05618622100901158,0.19040315212094833,0.0
-0.031181160687325814,0.11459450821862996,-0.1437600721226483,0.2123335193515443,0.1826954411610655,-1.05631915845613,-0.2777274614349284,-1.0399033722230282,-0.03270290001126634,-0.6156848845958319,-0.20012237884708547,0.10119258620123683,0.1297360590323022,-0.18953387235683566,0.3177996315336976,0.0
0.035203579479907834,-0.02100796686000095,-0.18257580719286853,0.08943046123351318,0.20780152470085014,-1.027291836052845,-0.241273671128938,-0.9449423064120099,-0.038477174757081636,-0.617775741516254,-0.2031034713349602,0.1309593142266753,0.20919208153821445,-0.2347513106424256,0.2475471387705625,0.0
-0.0371028469762594,-0.08551317223448812,-0.07149827462063607,0.26937413480820976,0.19359615649071954,-0.9549297215158994,-0.3204166924802983,-0.9315991817429222,-0.002212900659558828,-0.6077616943363622,-0.16544225540648663,0.13375337507373863,0.2454158605197128,0.08350029885688326,-0.0015159171757089807,0.0
0.05889587801640725,0.0616723577650679,-0.1490702277114884,0.10707049059684157,0.1927254849636046,-0.9284284020211973,-0.31525649970461944,-0.9359941873511499,0.021171821426956464,-0.6100302208238598,-0.35371412619970344,-0.11143192895538935,0.3441465105603051,0.14437290009050252,0.12927273791405994,0.0
0.0348360796250346,0.02681454741742869,-0.15096912634419585,0.20421439063582425,0.1462132824605597,-0.9959224439316048,-0.3659751373702688,-0.9837296465242299,0.006273763010892441,-0.6888630434414691,-0.35705586596734334,0.1263387814811086,0.35424194157530275,0.05433207112322393,-0.03334990115795443,0.0
-0.022032161767059306,0.02257967494845853,-0.10819635176607051,0.12823310594249027,0.25301839526084113,-1.043127604693611,-0.32696291716069137,-0.8629099595018613,-0.10050474667017298,-0.6464434917645372,-0.3442235383242348,0.11390501207245644,0.34836236855361374,-0.08019170357979737,-0.03216152077965201,0.0
-0.09365877959667815,0.03119108723342865,-0.06189547223605939,0.12626247955948838,0.1691448814021815,-0.8858019556152851,-0.3773176954226044,-0.8550580812930813,-0.01533223598267789,-0.6533250288592086,-0.0887647548835647,-0.012352511483591497,0.325928883773478,-0.14456509175681748,0.03993764805728475,0.0
0.07353928470072574,-0.015373888575215114,-0.15966484367878467,0.12167130528234552,0.154288322665496,-1.0519026810874839,-0.394400956225177,-0.7815394130747492,-0.004996782501410722,-0.6844233043845223,-0.19368509228410605,0.07443013998549972,0.250108561044074,-0.1244363434743851,-0.050873612754138375,0.0
0.002210738756794977,0.0553008452188938,-0.22874273128247002,0.09221128571776072,0.1853472049080398,-0.9810257155023214,-0.4432859880410301,-0.942534411916764,-0.0009809377051602994,-0.6810844892935981,-0.293442881127702,0.19863176378771735,0.14985144389660005,-0.11495477451814821,-0.06802547563087714,0.0
0.052417089236002,0.08739000196264826,-0.040891163601523714,0.10845663215530241,0.18726686412169585,-0.9599902793397307,-0.3374486778953451,-0.9595686370770613,0.00108981994822515,-0.7177743487018745,-0.1709764210382756,0.21879926722949627,0.1617827999591435,0.04059181486012259,0.03222180734564245,0.0
0.07570588898624263,0.06397063646894417,-0.13465865452071055,0.1991318147283778,0.19185000135597946,-1.0102187866404768,-0.31707634277461627,-0.9849733716991399,-0.0554048009333894,-0.7435649711528705,-0.11872185380579778,0.17588753974543722,0.20634197792898923,-0.03128449570226744,0.027212381487701123,0.0
0.06907168968893618,0.0685608662745026,-0.25140626418409556,0.027580683010782897,0.20966140322220306,-0.9458266266829364,-0.39664474530640914,-0.9071260139862575,0.02258110318601305,-0.7564627608394245,-0.014263504529658605,-0.033510034367360664,0.22057681276484517,-0.09537025441988413,0.12806644899454753,0.0
-0.04266388506677401,0.0019784561996540467,-0.06581220112206145,0.15466284277164266,0.14612266897364393,-0.9415665693228236,-0.40809512323238806,-0.9094388130471558,-0.007162152602788116,-0.7903179609828577,-0.17319337953368485,0.0015004172021967459,0.13855108813245445,-0.015302506427130276,-0.03400176547379649,0.0
0.06578802624379297,0.04417755744963071,-0.20061451298909988,0.17084341007395346,0.18292811171357914,-1.0094136470730735,-0.4259701483961299,-0.8813884518967607,0.05591227803965991,-0.7694859174130568,-0.009231721221431316,-0.15953080872210518,0.18976470099906806,-0.03846370316516326,0.023742698706629567,0.0
0.000256904120892007,0.09313362900020164,-0.2866696394728592,0.11752646945166048,0.2042580646532151,-0.939079348275852,-0.3436105438080114,-0.9076657899650643,0.03776249999247276,-0.7576749011988001,0.1572562504634665,-0.051708976245199406,0.1374361996379459,0.11011051956532625,0.11164001263697997,0.0
0.07892617553763927,0.02639172305087592,-0.11016338712896248,0.04641161328844859,0.22021383672173298,-0.9251520023352992,-0.3998226279186853,-0.8083821291743377,0.07063330206211388,-0.8492867327191469,0.15677086958448058,0.07767069336984825,0.02382463521899128,0.07969620177302625,0.23177390656182384,0.0
-0.10786313682891081,0.09886344391764645,-0.08136371369303182,0.15991215022896607,0.14259759440434996,-0.959355344032166,-0.5445184183171646,-0.8271674458281545,0.03442146377752664,-0.864020827733619,0.1591258087944059,-0.018619118143477484,-0.05822527251937097,-0.07500488628073512,0.15986110714046964,0.0
-0.08725708575518124,0.17155134432530736,-0.1721506797905559,0.15999614774380758,0.15556442277703675,-0.9286964909340221,-0.4754382252082167,-0.9164489178126026,0.048989146988471455,-0.8545971738720024,0.31339709244954544,0.026354167424902403,-0.11233682882127677,0.06846232130917429,0.015582328528281841,0.0
0.047192930003027926,0.02450622212419834,-0.21267247758980748,0.1537364778414062,0.10650792219465807,-1.0531812338640623,-0.5002333450261358,-0.8126582998814516,0.22239615276051083,-0.8061064250481291,0.2543285763854928,0.11078911699010631,-0.1789519856004981,0.04477593097328285,0.13757747166812603,0.0
-0.002187289005207694,0.12594735991847045,-0.11414202961241121,0.2355479645956262,0.13285402253405879,-0.9626459473422468,-0.4975944801777502,-0.8092361410744512,0.14610623119007438,-0.8387620219443493,0.06459249945720816,0.08797496658292402,-0.22857649111404127,0.010871640567739673,0.18265496719814933,0.0
-0.013365679287246347,-0.0017706493300409382,-0.1645093547440304,0.1319500879154629,0.18650944274459277,-0.9708279468552903,-0.5552370202683938,-0.7821297330220714,0.10762584727333122,-0.8685528691911727,0.03540959360378011,0.1435916272452345,-0.2921600781524033,0.001490367042104139,0.19412800830427238,0.0
0.05683751516705239,0.10649642463763612,-0.11444284176312222,0.19338495139532008,0.2260439847564742,-1.0143080710667833,-0.5015054208307571,-0.8116283265770042,0.2526382625993892,-0.8548016729469021,-0.022007323603028074,0.057154021230275624,-0.3901196629260234,-0.06869768357442807,0.1516640519028211,0.0
0.07237508821700112,0.06445289496541733,-0.23774530165756536,0.22874112717945694,0.17784491187681878,-0.8816777630552851,-0.514907432491648,-0.8270191857465616,0.23886451210374918,-0.8481898561241762,0.00869127587709351,0.19705305820373575,-0.21153196078894945,0.033472958832693384,0.023190214910120258,0.0
0.040547070390657275,-0.013624594349745972,-0.12432556663283327,0.17149321760656067,0.23469058813968188,-0.8490859522883228,-0.5907618583393323,-0.8482025981951804,0.24284310280013333,-0.8408618107408601,0.06335987066888925,-0.038418574397411115,-0.09750537265910915,-0.13988841030328175,-0.06910741943457205,0.0
-0.061391801328405576,0.1130950015954696,-0.23504148496030042,0.15025801678469974,0.18478021625090085,-0.8981776454037856,-0.5732320141569277,-0.8330958292441566,0.2580691923183434,-0.8837823003516039,0.14465070330158608,0.027047016484177937,-0.0032000107025708796,-0.06435016475665545,0.11193446475918462,0.0
0.0023007114264890147,0.025132811738977218,-0.12417714210810477,0.09449479738248609,0.19702573208566557,-0.8600615524867469,-0.58015813248494,-0.8260507078595548,0.307265078695792,-0.8766829427348979,0.168249970277409,0.10895435804055,0.09502675637269926,-0.2867587796286791,0.057625964529922,0.0
-0.07125240287409208,0.06356913446523307,-0.204188040306595,0.12560359852110842,0.25664542633661236,-0.9153652445521697,-0.604037883074028,-0.8821474498044181,0.1644591583641858,-0.8255118418298805,0.10481833517564793,-0.0216468141749344,0.10279077551070012,-0.12822843922112886,0.01321517111792956,0.0
0.05413474357379418,0.1375113647374396,-0.1380219886308583,0.17256586183015485,0.20056581299935966,-0.9466648110276961,-0.5291002321007646,-0.8681154139056312,0.22330883361474124,-0.9776844152662574,-0.02357295278572527,-0.010825366166946859,0.16330962631517967,-0.07651237265222507,0.022032214841434535,0.0
-0.0003452377949049717,0.04956844806705102,-0.12380376642160645,0.16782730799187726,0.17077799946107036,-0.8396586145704477,-0.7253108664886146,-0.7108126563038836,0.3208603233004201,-0.9311853943709104,-0.014670468637298458,0.017243419776500485,0.12088146025928649,0.0028110150517692556,0.10154323169079905,0.0
0.020191202277984432,-0.01665809462876483,-0.1152891071284642,0.2636439387899643,0.21399276193385747,-0.8692255924471556,-0.6197536437548965,-0.7406697259561288,0.26217048781504637,-0.8707250910418156,-0.06808675209335338,0.19466198715188193,0.062142014391037594,0.12120924207308162,0.04812602967661293,0.0
-0.08396950853522253,0.09845265169119957,-0.2082426350828106,0.2978285634914166,0.23230155742875777,-0.9174987090779393,-0.5773100622690416,-0.8122775198781388,0.33059010318843385,-0.8912919612476126,0.01629826939512579,0.089278312874232,0.019082070067177395,0.10152569805601462,-0.19541226598735534,0.0
0.05025632479915831,0.03200083227618264,-0.151961293100815,0.179802377101327,0.13641095145614582,-0.920775528865278,-0.6481987686937706,-0.7856413441246551,0.3067011559276186,-0.9086108607718111,0.032020809629866455,0.23301156366793618,0.18670360511543055,0.08563740522020853,-0.21937123416478416,0.0
-0.046418575102194395,0.08777386363938539,-0.12594328555368461,0.09991723534355973,0.1668208565911928,-0.872899119687519,-0.6640972961082054,-0.8142999168471157,0.4000303090029479,-0.9743954696630384,-0.07869044606009752,0.10344671053395682,0.06729186962577781,0.11837100813528906,-0.29282169540296876,0.0
0.0352317174152161,0.12760431063354155,-0.052917323209086195,0.10353909517147367,0.15749903864239428,-0.9213677414439988,-0.6894425772379286,-0.7299595760474473,0.37572157449662735,-0.9437372283759026,-0.20421334290837626,0.10754185090912247,0.13670420277264203,-0.007694990529305001,-0.32811462845415723,0.0
0.009277728554208425,0.07389042827785414,-0.29847964288724094,0.19695118935644562,0.07615443151948975,-0.8740621210010354,-0.7127509761807698,-0.6783996349152921,0.4422967312567262,-1.006924715244131,-0.30186696094433246,0.2102944505401872,0.1722524499466967,-0.08731741151298837,-0.2978489498935872,0.0
-0.05643757954822484,0.040695866657000646,-0.19139621097921572,0.21397219894023722,0.3004507392710244,-0.9132479062835076,-0.7047500231084484,-0.7170490386465824,0.44864926429828417,-0.9775415619921973,-0.2726611183934434,0.04255889103678784,0.23819693776159906,-0.2259908538586901,-0.20698177127065961,0.0
0.08648833123389398,0.021053414260222135,-0.11761540628393222,0.1977060056867623,0.1990395617353895,-0.8446368958337637,-0.6535192924430452,-0.7434697094395014,0.38919279702284837,-0.9618242715652453,-0.3755974074928287,0.1500513314135992,0.16199357771697112,-0.23899136467315957,-0.10334357621427764,0.0
0.009313501146138289,0.09250675312684212,-0.17763150240040107,0.19961702406508838,0.15602758694502014,-0.9035435620259284,-0.7865327001508267,-0.674602632246691,0.4410210848800883,-1.085365111258239,-0.45186743347408365,0.146264481136944,0.20103296709874574,-0.23960419199994726,-0.17884936090232137,0.0
0.09450711664125312,0.06511202455798527,-0.21869931269646853,0.21179088721741843,0.1968173013006879,-0.78527349752504,-0.7831815351648107,-0.6584433333783445,0.45202315819923267,-0.9889362300250141,-0.2552611506901295,0.1354669967917498,0.2222446366487198,-0.06904963762979893,-0.2286679421523511,0.0
0.0946911520955276,0.009739541250287732,-0.14376380393368487,0.15665518693565023,0.15339630307938265,-0.884553103519855,-0.6796300656682144,-0.6592231942387816,0.5385677274875139,-0.9652626874634281,-0.17071001638423092,0.12156145501560561,0.19578400616041242,-0.024691869965307672,-0.21268483475699165,0.0
-0.027217557203276663,0.07330780389574153,-0.20757696194249353,0.18206939504526393,0.22208042528935645,-0.8008377562097431,-0.6591865277329876,-0.6452362011014183,0.3599622405799303,-0.964361867855207,-0.10339328709000302,-0.06300432082898658,0.1603493721717572,-0.15177104312805703,-0.1567445774961298,0.0
0.05299078189658834,0.000709579120599102,-0.09222325437874299,0.26072976156597855,0.19630815735742202,-0.766313575772831,-0.7460236478506997,-0.5966911899510923,0.4361681610753091,-0.9636655709930122,-0.0767120683375318,-0.07948991135640351,0.0618112037499155,-0.20894018649826543,-0.13843978664610107,0.0
-0.08804305189306971,0.04317568181214439,-0.22798738004170538,0.19569070820347653,0.25781250570711856,-0.8500161349796794,-0.6588029984241645,-0.6162615363642304,0.447850192531548,-0.9868448454071195,-0.044303027560659014,-0.09313183888960726,0.2097800745789103,-0.24489031781203913,-0.1324240879643367,0.0
0.014977329869435868,0.05585084334532629,-0.11735257498458006,0.2164594652561006,0.30454167913043173,-0.7913233251549654,-0.8410403069158134,-0.4734220462621622,0.46263158800740856,-0.959225780625876,0.06529688826841348,0.12392179333450877,0.037636790509472495,-0.3268011298266612,-0.05284988345933257,0.0
0.018138438892472554,0.11464441107174121,-0.1772062485297201,0.160303952069955,0.22887139376539653,-0.8534425983795133,-0.7264683445604622,-0.6161199441433308,0.5015593351673926,-0.9557966077389102,-0.10505353881084167,0.12215059418628503,-0.12404097207425907,-0.26762346654963687,0.05800489235224219,0.0
-0.01316131081441977,0.05573311511479057,-0.16631780761584689,0.2109075032881669,0.20743919488905843,-0.7526466232670733,-0.8459805681304926,-0.5588334152768938,0.5430057876204306,-1.0567812926237103,-0.09840384875426497,0.020075962117439214,-0.1384367497721787,-0.18096639023966912,0.13733936440955152,0.0
0.04789973815006552,0.02711677240051409,-0.18964160473416733,0.12193375645519487,0.1511910718732152,-0.8258519924392457,-0.7439257117217632,-0.5453355424694517,0.5899239186382765,-1.0671411674319835,-0.25493982639958335,-0.03259924413072808,-0.1362046854143521,-0.4279779751026074,-0.02009516534567868,0.0
-0.019181911838736326,0.027179450564644728,-0.21076688024307438,0.19765519646756863,0.14623875278540682,-0.7389783440850016,-0.8273368187940173,-0.580842489891693,0.5151368335541512,-0.9985115287134263,-0.31658890989689314,0.046009020183711793,-0.16558301415608276,-0.31360319567811173,0.12120559159481868,0.0
0.01846401426374226,0.08500356945702787,-0.146681792317127,0.1532133695475455,0.16240537759331877,-0.7716745963461179,-0.8064367657851422,-0.5861650253938497,0.5700772023710684,-0.9152186296805006,-0.191008909442485,-0.1269376640054311,-0.07260451070098038,0.008503136244488757,0.1374833616437155,0.0
0.005473932349883737,0.11082173851701363,-0.19357034252343347,0.12345488684740469,0.1761813536197611,-0.805678066922139,-0.7977366972786373,-0.5748725903700379,0.5615439309522525,-1.0086842108729468,-0.09003626934020917,-0.15225883805993068,-0.13297040412705802,0.058647939842839204,0.17139451626054703,0.0
0.08885334144881638,0.1678030903693435,-0.1163027189757874,0.2996643262402976,0.3131405725215579,-0.7187748370493413,-0.8277615277045214,-0.5267500010043307,0.4997532862086465,-1.0330253638458047,-0.006204589784683051,-0.12155661693016899,-0.059826646997430094,0.20432899977095562,0.043856779791763695,0.0
-0.03136677711122154,-0.027574986286199227,-0.18328775466591407,0.30365712483423213,0.20223659669116292,-0.8201378783482617,-0.8584081260498369,-0.5291396290791692,0.5892414911224194,-1.0167751974836416,-0.03950660380956519,-0.12210401810237927,-0.11241016793950316,0.4019143429230142,0.3592658797329106,0.0
-0.002043650099981687,0.04674106928346286,-0.16664507013729504,0.12217617565611948,0.1399703752948649,-0.706578214256697,-0.8439711681230662,-0.5451404016367444,0.5860249419104184,-1.065010423024759,0.06980473993405062,-0.03950475678046504,-0.1038961887321528,0.3745200361180582,0.24820400241799398,0.0
0.01098715921944743,-0.002742500145829413,-0.11804570115971597,0.16973335958978764,0.293787543426967,-0.7239932681964936,-0.8206641904494585,-0.5127993017177941,0.6194468320685966,-1.0154602924153426,0.002857019491265239,0.019308042345971,-0.13888892662814145,0.4090060964979961,0.36557499496976964,0.0
-0.0006735827203108481,0.10971978467707683,-0.12262821234036798,0.2433352483927199,0.18933855722236484,-0.6543329592976368,-0.7798917516710863,-0.45410605918978014,0.569533012194399,-0.9761745725729484,-0.0035499142299380655,0.10436632014452799,0.009052706076162959,0.3248369629132346,0.42542575391926235,0.0
-0.0949614868358321,0.13643956264600873,-0.20177494785222078,0.16165750206891746,0.25428827608229704,-0.6803103039168207,-0.8335931123044372,-0.3211631453794871,0.6789774754346968,-1.0442940109085628,0.03885048093790386,0.03800246593438676,-0.062081245194903024,0.22845602279247473,0.2857207870473754,0.0
-0.021309508451032036,0.07094797822729342,-0.210053619921257,0.28235269049881123,0.11239266710952171,-0.7035568110803399,-0.8410675966726235,-0.4616141200203064,0.7177357797596868,-1.0782425320613813,0.12110965750266091,-0.10951504019290217,0.16006550731010533,0.11646021394108497,0.4032585727578555,0.0
0.006780225357743173,0.13426777514025612,-0.20167819321646846,0.1917715510367266,0.19676539860756403,-0.6323176702511975,-0.8596652030866536,-0.48863876203296397,0.6630412604653247,-0.8666541040517186,-0.029505256803343385,0.09430531794724362,0.16481770433311418,0.17989007562466203,0.42888196399758816,0.0
0.04128748710114592,0.06101340862758299,-0.166859727977917,0.17503317783504063,0.19986181513212528,-0.6856598669595583,-0.8732696477403687,-0.28289820952241274,0.6118759497811148,-0.9169075632967169,0.03570363341803048,0.02087554476841154,0.31908177813287586,0.10753770261102255,0.28767754463017825,0.0
-0.0038583006120831986,0.13382913232746466,-0.24587835230054483,0.11890632649255056,0.31468868772476144,-0.6944356801357499,-0.8782968939930456,-0.30372184001531066,0.6947480152664776,-1.026711503495299,0.0732766752921445,0.06381968316716372,0.4260844563771898,0.024294766636170945,0.26228620708068584,0.0
-0.04093048454842968,0.18359049594050078,-0.21264482682567404,0.24290446988876604,0.22294431996789701,-0.5124810541918525,-0.897708446184118,-0.4015120736017388,0.7277818988955649,-0.9463906464038196,-0.10363712257216441,-0.12700462192433623,0.43681355062086513,-0.06421870059510755,0.1261718009987321,0.0
-0.00497861404562093,0.032954920004923,0.015839646542116448,0.20001181142074814,0.21716403461096231,-0.6448776209273968,-0.9316966183101906,-0.3542207259646731,0.6122740908122519,-0.9785625354118371,-0.22648118241000553,-0.23456261991222316,0.20772442774131744,0.043992821186219735,0.10747380264176053,0.0
0.03889857210106115,0.13547546476903405,-0.20129622520920337,0.175495699863205,0.25490522213339406,-0.6725362000738845,-0.8876931402487396,-0.3407131453046144,0.614677341616646,-1.0442308727707696,-0.17799526208482358,-0.012997934333411232,0.18974579136857145,-0.09927293742840651,0.12262556320488194,0.0
0.006848504920295477,0.02065881607723722,-0.17629068517478727,0.25432367013700624,0.23841065047188428,-0.5844941635991847,-0.9306975419996373,-0.25884453625641,0.7387420139604215,-1.0340333156332495,-0.11436037175233157,0.050348774368110465,0.12354430676538461,-0.12799700197593847,-0.010618059919154002,0.0
0.01052288334061556,0.08855675103645093,-0.12922460472061265,0.10529780925043697,0.29042050731026325,-0.5799305151862796,-0.9243844446463054,-0.2720407757545898,0.7012124956627862,-0.9766059039549642,-0.22723642308007796,0.013167011552699594,-0.019014511966951225,-0.07243462422227095,0.16330413907765068,0.0
0.07302007791884275,0.10905008826753015,-0.11231196523492662,0.15319583785988913,0.21357008359131407,-0.6059669806685346,-1.0067737463988715,-0.24594674113491577,0.6955644981650865,-1.0216840454836602,0.028263269581099593,0.15305355583801644,-0.13044375757000293,-0.20887423070799757,0.1712153357461234,0.0
0.04023018306243977,0.026944567946609592,-0.07757197429353944,0.3083502959903749,0.18486569011113013,-0.6207136076329243,-0.8656846206324987,-0.33642941788300196,0.7979546720434869,-0.9270240836736725,0.0689074748686108,0.16075147441561977,0.017614684238684494,-0.09783749313745786,0.21523286945968234,0.0
0.023993897041524992,0.02874157751627006,-0.1929550709352444,0.2484416997414794,0.2020197771710095,-0.6268358424358194,-0.9884609801755685,-0.28211324183179914,0.8069370531009776,-0.8051487285587884,-0.031407236841072474,-0.025989993183634416,-0.05591183855213186,0.044065354082177266,-0.10093633042268832,0.0
0.05171971641915939,-0.02615393749527338,-0.18482570662962522,0.19987924410164548,0.26583937763279963,-0.5586022912668952,-0.8995179916199159,-0.24892261074107014,0.8312153489936092,-0.8093287150012881,-0.05805144317496172,-0.07593723234874214,-0.09191969777835157,0.033243773373627265,0.13162751718384083,0.0
0.06332642808210068,0.10498625685990713,-0.13316990046706953,0.20687222874711672,0.14315913250826628,-0.6089443189873671,-0.8946028554614451,-0.23710449543397272,0.8072788419296828,-0.9367824807013329,-0.24285696296556752,-0.10142218505567457,0.07097148388643112,0.16094514151149553,0.2057115511479355,0.0
0.007924709453638875,0.09100734340024066,-0.17168682519534678,0.21732675292842749,0.2276533855838283,-0.5750647263602926,-0.8751206719210797,-0.22043162322081347,0.9076143634555455,-0.9125679722826694,-0.16302042888384377,0.18950151402776172,-0.17786820244908158,0.16817884422800672,0.18696930301349207,0.0
-0.013611936869186422,0.09407289720159219,-0.2640070230389644,0.206908750750664,0.21608989296072706,-0.5094346510727141,-0.9639664214487982,-0.18522730609790922,0.8493826029458631,-0.865382294797646,-0.2690647800526878,0.013259236730467167,-0.28359709264346167,0.23349929560933574,0.23285060753296788,0.0
0.06476281069205449,0.19526004162165458,-0.05372491193171147,0.12085027649792032,0.20851145448451971,-0.4126567494950597,-0.8896641225978316,-0.14257976851703308,0.7439651974007415,-0.9209104163326408,-0.1459081726759676,0.07899263367939854,-0.2541258436473207,0.10337393429467427,0.07037415461561963,0.0
0.049503685033395084,0.11226045435138195,-0.2611339515479892,0.1353089349087804,0.22132487187146727,-0.5087119137171473,-0.9420439343278506,-0.11856067060481688,0.8105958830237956,-0.797414695847478,0.0018324441333376906,-0.07108488951348077,-0.17616476824621216,0.07652772691124679,-0.013424707193267528,0.0
0.07577240761045051,0.0706230035473833,-0.20454938265454697,0.18559381318267457,0.203766622932522,-0.44347011335142345,-0.891340879919404,-0.11317278038773698,0.7795400368038128,-0.8531976632069135,0.02184516088476912,-0.023131218245869372,-0.19979665115687617,0.1410106529046868,-0.01701218570134325,0.0
-0.06841491645716606,0.03145750961467654,-0.17927998130753417,0.24618098490545615,0.25743304150507074,-0.4582208440342053,-1.0594940835133786,-0.10312974706199969,0.825264827654577,-0.8612961209155823,-0.031607996456331375,-0.19359514205988787,-0.07170790526846446,0.07139703968376723,-0.00493188325320551,0.0
0.01297381509674525,0.14992601212162895,-0.12199303438207572,0.23123337003792935,0.21449313036980416,-0.4945431785602475,-0.9292783089936633,-0.1585286539306094,0.809738758988469,-0.9316505694860894,-0.033249091689108015,-0.22839786655457883,0.0021985503269249806,0.09151397303109399,-0.036866685320171205,0.0
0.06340073139585062,0.08410138311300495,-0.09972970517578458,0.1788219032889399,0.305709001903436,-0.4938326678802508,-0.997715557096585,-0.13058820441842606,0.8421121183957911,-0.9082221084455314,-0.08036202010231584,-0.11092431750036519,0.15870326327452816,0.10063071479884203,-0.14762869134317064,0.0
0.08461271816056579,0.06785692083722661,-0.21039348619570308,0.18281936943516497,0.25381439399741446,-0.41320453172016547,-1.0338088588704502,-0.025956939178279362,0.8400897119131946,-0.8156285374151624,0.011306170627724176,-0.12743448812791786,0.0672553739824806,-0.04939418260916292,-0.0385994596117942,0.0
0.09002196240929114,0.10606975053583399,-0.2898282759603925,0.34048786111345414,0.19318522759792997,-0.4315258769322604,-0.9905902739860475,-0.08694519533842551,0.8204081242383657,-0.9073158324804883,-0.03868472051179471,-0.04543328735849483,0.2631704013605551,-0.10689845996994125,-0.02534970804386478,0.0
0.0328521188486514,0.07796461318237134,-0.1604463440375202,0.16741876941790423,0.25182440538190626,-0.394586516572368,-0.984594390143021,-0.11944124762329661,0.9649460701714305,-0.8883951316893768,-0.07758646387481355,-0.06019537449267294,0.21269627642315328,-0.314234414183254,-0.015165887503269401,0.0
0.02955141555220555,0.12664966849026799,-0.1854068992627198,0.2515825760164064,0.23158856574721048,-0.42040995902012573,-0.9734372637139332,-0.04374803281569277,0.849421250196526,-0.8286320457526354,-0.11203765649827166,-0.13734249530031734,-0.02613781217531827,-0.22910856049643724,0.11259677361727868,0.0
-0.020213093268696268,0.11825777428046186,-0.12110026630407089,0.2859838307710898,0.2168150828184916,-0.3270367545811936,-1.0473415892943034,-0.05139959072815985,0.8293923475971864,-0.8375359097602298,-0.05483080734685887,-0.002472247178209583,-0.10143751484882493,-0.19537662830496585,0.12542680315375482,0.0
0.05835024533425852,0.10846659177277167,-0.18266078198105729,0.17643875709276563,0.21337159964351746,-0.37873980785613337,-0.9834217980665471,0.03360866246384651,0.9475932912344294,-0.7032517514467989,0.15764360364829544,0.05775486359580954,-0.09655487891667976,-0.05867601817034762,0.19758490441278245,0.0
0.08151976864270723,0.10793782892807201,-0.15261971398574395,0.22818932228372185,0.23598023289092543,-0.25114077984204297,-1.044426795529184,0.03783000904304848,0.8798941955935335,-0.8054959380711489,0.18128316996261276,0.1361396317554791,0.08175681851049779,0.01120377004441913,0.14466021697786022,0.0
0.08113267065451873,0.08986446717727223,-0.18936009742620113,0.2491546100141373,0.19698810229406397,-0.39454962214917816,-1.019073629804534,0.008969979469300123,0.8755211914473993,-0.7799611840626642,0.27708828417732734,0.19545862006454998,0.024146272981856585,0.04784796451265282,0.03705611819960071,0.0
0.16437799164876699,0.12785250429408493,-0.2806083949935244,0.20005143571598089,0.3131608709428387,-0.3924039304376266,-0.9527468133118444,-0.0025914112196160355,0.9506436783450088,-0.768138958117501,0.12418686189063943,0.11923037142061071,-0.042261646999068245,0.024264158003628054,-0.00537244695899617,0.0
-0.04455002264426847,0.05029527312867878,-0.2305447992030525,0.22132907332006377,0.2957845179382831,-0.4274297697895597,-0.9965532892035119,0.021150943890256214,0.8549979587649577,-0.754220106765575,0.05542725829939482,0.07874778783769838,0.0855695045017787,-0.046067490344580075,-0.032763683366110845,0.0
0.08939822688785137,0.10721918452136653,-0.1998288634888786,0.27193502806251746,0.26112132567109236,-0.2534572787531656,-0.9687943430138085,0.010667898439296164,0.9602192197545791,-0.8845232760624007,-0.14757370766392108,-0.010483346348085516,0.047804759226743515,0.03591541554471957,-0.07950197424769595,0.0
0.11907731584628405,0.13372751155288512,-0.1462020100643285,0.31737794014010823,0.20318235407444307,-0.41548341496480234,-0.9167502865916698,0.08377575376950461,0.9022193523336441,-0.7415840259446318,-0.026496580852722787,0.004593598608719219,0.007416911545037888,0.08940032141728416,-0.13580971171373904,0.0
0.11568065896050031,0.10502376200645447,-0.12324665687812278,0.24856286146202142,0.19213155523877665,-0.3235706211350848,-0.9759685493107696,0.1138751372604705,0.9878189213087706,-0.8067949885640555,0.012742491114691928,0.06440627359728122,-0.19214556981220293,0.01733894806797809,0.09273104606512483,0.0
0.08438678686282293,0.08550186144059242,-0.18852521390069082,0.2522128025968553,0.18580520714614393,-0.3176545645614791,-1.019394979959319,0.1080021659922766,0.9428591304575802,-0.7313441997865346,-0.040814444650001086,0.010510877210774802,-0.04760522873250303,0.07459352939305972,0.10144568909031298,0.0
0.016989813278142505,0.13079175219221692,-0.1360817047751676,0.18253284614143467,0.24576721411995714,-0.25117052999909006,-0.9503670282682216,0.09924569394885488,0.9642230087487375,-0.6778402381160564,0.10038745151426332,0.11486154439359561,-0.06992992380256471,0.020464411979913916,-0.004818452002134058,0.0
-0.048788534557162186,0.0756016972581651,-0.15287606733975356,0.23838171455299068,0.26328839265597415,-0.21196866314688806,-0.9791245566679821,0.18529885552607883,0.9678267486076475,-0.6582611118013185,0.06790166181065066,0.2827157552170044,0.017550537505038183,-0.11495916642555301,0.1798459899665384,0.0
0.05136259791044989,0.13364670930112102,-0.10816744694521187,0.25260313284442504,0.3101979794760504,-0.2575817673685139,-1.0787952927081272,0.22809867114949023,0.9578781114305427,-0.6722238747757341,0.05786277137884425,0.2526918743645924,0.007509451227900596,-0.18261317061311505,-0.026431330005183357,0.0
0.01969129242496463,0.054247993945890055,-0.21482114356501386,0.2678492476787167,0.27771639367160533,-0.25434330933098176,-1.051405476823452,0.18819447970683986,0.971987544913631,-0.5906073340338187,0.13268711607318223,0.23342840108091428,0.19840341489234847,-0.08225905716137444,0.11801031896404926,0.0
0.024623776127378087,0.015066204388925808,-0.2161069485320538,0.1986783853998108,0.2029990288189988,-0.15832975968845173,-0.9714544457751542,0.16253580489460515,0.9206697074143881,-0.6066284228862222,0.06594776808922864,0.3243005597339584,0.32082481070397356,0.023959747432297368,0.14881010557037666,0.0
0.0541695868697857,0.03893350323972218,-0.18901288419807283,0.23247434038851758,0.21710482314220111,-0.1830614149382583,-1.025322242906436,0.2401842298943047,0.9202796725910656,-0.6166758170595171,-0.01722213180863797,0.1054435292513085,0.363673765072863,0.021810199684466822,0.09827740802409732,0.0
0.034009565888579965,0.10979684787211996,-0.13396587177232588,0.13121843254902987,0.2636882424445615,-0.27857015150999886,-0.9704921681220467,0.3073626728798673,1.098458821972399,-0.6179585980905534,-0.11585164020132027,-0.022339587232027475,0.20309805183330482,0.09673080368403739,0.24106295478924242,0.0
0.07948952389741176,0.05057702602887984,-0.17372721424607687,0.2849233818804015,0.23730397247823332,-0.2505405609721926,-1.0590717824757134,0.20655773398109778,1.0089636277947864,-0.7292877481111374,-0.15778888337780755,-0.02741550836574655,0.18116705467873503,0.07495983125333705,0.2705100391335132,0.0
0.12788048378837397,0.11478729180885912,-0.1659717520935306,0.21442903867398433,0.2731802402302095,-0.15106669052166868,-1.0036737005208807,0.2408565293929014,1.0282550715402468,-0.5256045097307637,-0.07184817647870298,0.1364802456291999,0.004286021819537911,0.011371788989812066,0.20542019956665156,0.0
-0.04667037814184276,0.026503549219764555,-0.24327631665215657,0.296529010723291,0.3262658604765191,-0.2521882951677712,-1.0249230487215488,0.2506154297915013,0.9816862383582536,-0.5629871823658434,0.008923888813275133,0.190585342700356,-0.14878207406506666,-0.03338950804180397,0.11036348509123481,0.0
0.08439389351201432,0.16674580651389959,-0.2384229561920902,0.2977673851820475,0.23138113213201503,-0.12763656116644997,-0.9425008937314814,0.25378405500314344,0.918464753786663,-0.5113872107920867,-0.03214384310117701,0.23790723387315177,-0.24351087735370325,0.003510125922203875,0.027928451824062422,0.0
0.06197947482570779,0.11635144135650152,-0.20083021521647004,0.29835865503428693,0.17960537467126084,-0.07575229409771693,-1.049345169542005,0.22348229334113484,0.9511958682465187,-0.4285567528356204,0.18071252823464892,0.20999132035381002,-0.14171468247648197,0.063261621792653,0.0536641433257428,0.0
0.05111330942602237,0.151636440099782,-0.09406422642931427,0.35185819803123514,0.3088973031564671,-0.19146319737138812,-0.9535901545300653,0.3112608473508151,1.0541591202801979,-0.4852254895630784,0.15194512888188,0.0443041371891896,-0.06589732963788858,0.07578800352305852,0.19077864835911923,0.0
0.10958213304316407,0.12543283211728012,-0.2463956549005808,0.22725349610618412,0.3598518493193766,-0.13767572001353828,-0.918339962855617,0.39871856752038587,0.9791102913675702,-0.5140856379044196,0.18080284030628302,0.03839428451968058,-0.145554960813398,0.09178747860668476,0.06708539503466872,0.0
0.0715226303694767,0.11317411885777767,-0.18045298115515737,0.3780023840608999,0.3231899659670066,-0.10158592937221939,-0.9429128419623698,0.4559925310306321,0.9200323787153583,-0.444811996254219,0.13236049179125003,0.03456880191763417,-0.015082392666023278,0.15469411193281538,-0.01133038865669387,0.0
0.002576322590514546,0.07304155955204555,-0.11956882252340686,0.26712670691262813,0.3129158487873974,-0.042278977636862315,-0.9237443726033737,0.3433240757146137,0.9450027878855883,-0.4038245894589201,0.17128994162311112,0.06851383953156952,0.06510480246760197,0.07982788920613193,-0.30137854752066523,0.0
0.13420899189364083,0.10627688392156574,-0.15024530824185392,0.2005768351131898,0.3848824756006393,-0.1714892380177081,-0.9217663058939376,0.43032796267654577,1.0089393323393547,-0.38881729136355125,0.29244083886014294,0.12619100093137275,-0.007029874380440532,-0.10831467978003967,-0.32146555555292766,0.0
0.067195809874093,0.08842050700027067,-0.19508394517270292,0.22925507555455032,0.20510454692246832,0.01672702676017037,-0.9924776385601907,0.2951814220226528,1.0657557152164483,-0.4672920943196314,0.10074962841052329,-0.15274818077014057,-0.043818550250604556,-0.1231783883872648,-0.0765077458194196,0.0
0.02914552804824288,0.0458554513259144,-0.14075430988592474,0.24907376456392874,0.17898969731840425,-0.08396478387798775,-1.0359041660735548,0.3835077450357064,1.059676655014383,-0.36801337417026786,0.1377177249916099,-0.043855962590353965,0.013448001633948603,-0.2219786039324086,0.027110911939473847,0.0
0.023617581937289307,0.1084236176538024,-0.11062787194983664,0.228046054409543,0.31571263121719845,-0.06923378093369012,-0.9559666078814419,0.5151075377357077,0.9389003520955108,-0.3368480391602013,0.1609793427082807,-0.2617768984656312,0.049021064143247355,-0.20997568511356343,0.09140413613837103,0.0
0.06973330386340898,0.15716680501825936,-0.20152574565909245,0.27413138193115977,0.33374347465987136,0.0006310779234853792,-0.9167441127131084,0.4405618632660123,1.067655562734515,-0.3239834732737113,0.2255575714384851,-0.2851860532128755,0.10830711986092602,-0.24718617859971698,0.05288539888101705,0.0
0.11005646812537365,0.06850810279800428,-0.15585951415879812,0.2948610395630058,0.2327302772941654,-0.025320255213181993,-0.9286703315833894,0.4311393778185015,0.9732066900093586,-0.3992754029618195,0.15061945314561892,-0.2566932698263985,0.12791515068493278,-0.029716317934729314,-0.09472374355606464,0.0
0.0299329847546778,0.061837069758892395,-0.19946113946205432,0.2649384836025592,0.2352544788434904,-0.005198263630485281,-0.9740831129419047,0.45293296429408697,1.0686151387459089,-0.31126400752132377,0.10032617473598743,-0.24301422868912503,0.15009108366332813,-0.0018401886030610867,-0.17035343301694258,0.0
-0.020217636577370676,0.10073447003877899,-0.16250131385431218,0.27793454144797786,0.2759225560057595,-0.06330268063951741,-0.9282703380701091,0.5476576487037547,1.03723313378458,-0.335792818180957,-0.015317267665340015,-0.0021233441914568496,0.10377652800193243,0.1681884961982146,-0.11537279043971052,0.0
0.0040235127701003515,0.13110448678410738,-0.2947878873267777,0.3470664621465466,0.32521561550232586,0.013853367956029913,-0.8944786682508907,0.5092323287063726,0.9638218200833676,-0.322920324147397,0.0921053110126709,0.0032004422728374735,0.07319262560058368,0.235636032139741,-0.11755091962889158,0.0
0.12687426895733483,-0.022011967305146832,-0.11904722325838038,0.2513994527962409,0.2811001106000128,0.14847810644784135,-0.9806073519904215,0.5081396157089161,0.9360991888469022,-0.2245420836159842,0.12007590149243005,0.056806827731955466,0.08836979320941858,0.14299499951207406,-0.14128562620553936,0.0
0.07721741635063495,0.10243981935070101,-0.18311100819106335,0.2893638944620549,0.1949184951627238,0.09191223221748213,-0.9209477885565017,0.6179984450232506,1.0305301818368071,-0.2619617114530199,0.03138054159306607,0.07258527228657752,-0.005022762812166806,0.1742489905774598,-0.21352343788959147,0.0
0.058848539791672684,0.10824812669378509,-0.11424779413831111,0.3168516193348314,0.25721665061537136,0.0014257683466529364,-0.9480063268052555,0.5061592230686998,0.9575111169901985,-0.23374239943334632,-0.23656265867556736,0.1142257438210331,0.06331319754210843,0.04647553036800796,-0.15920809676830153,0.0
0.034708874562363094,0.13545087201776768,-0.19331138264737424,0.30878851864260387,0.23109665247853423,-0.015438408250001853,-0.8973351856458263,0.6325268728725423,0.9913194253942362,-0.13802426334164097,-0.08582912434518811,0.17795752133126058,0.21701132430382275,0.1823736225846997,-0.131996420320675,0.0
0.030372541310811324,0.06433397185726711,-0.22861961352503923,0.24615301199948011,0.3467396277334767,0.1340731168295585,-0.9503968939816468,0.5954583403787581,0.9664029918618515,-0.23726530918167404,0.002269805992555135,0.1754840251086618,0.20135487132326957,0.13911142099919724,-0.2267832393400775,0.0
0.1073710205072038,0.17337301199417257,-0.16132785061209315,0.17221922587201363,0.3405253481773299,0.15471978327194408,-0.9850346745476233,0.6179584222816332,1.0512713973410657,-0.22197428573583156,0.022749763023221712,0.18528428893922264,0.05785001455942104,-0.06864176981263362,-0.12424329719987123,0.0
0.09031209933325014,0.12427777444437366,-0.20520154615357186,0.31423780956835534,0.3236823896899973,0.1880585288227642,-0.9482727703063193,0.568472905932992,0.9730701098606416,-0.16096278721259666,0.15081133742015912,0.19602511947630014,0.11919645149069469,-0.1030667000056347,-0.042717468425709434,0.0
0.04808805624222226,0.16935109742048263,-0.18436516753949622,0.31235009906616307,0.3134890003398597,0.055023745237862354,-0.8823774361800714,0.6381734795716318,0.9400429934856784,-0.06180296753523787,0.18697278292790948,0.2688449676592183,0.3003235892745043,0.10008134295520245,0.0482625346161742,0.0
0.05861895519310046,0.06157678803299452,-0.19801446297253994,0.3777929810390206,0.2656452575112315,0.16243135385612553,-0.8141420198515094,0.6427438077168564,1.05821815167966,-0.15821779562504273,0.33229773506461885,0.12106230167163724,0.360542365996637,-0.029981048343609137,0.035986757416069694,0.0
0.10665601449280149,0.14903825514868946,-0.2095095115443229,0.22768251889716118,0.298742616710178,0.17354967341397845,-0.9728453486071877,0.6470438080062202,0.9654554801300608,-0.09783022946295516,0.19743644411216726,-0.0008669005186885265,0.29186464764030157,-0.011498596493113432,0.010962251860926857,0.0
0.1318170702476395,0.10570152731830494,-0.23248879783502055,0.3356779740146118,0.32989634607119744,0.1350858001986436,-0.9471217968181627,0.6333382400887327,0.9831598062230219,0.03205017164317667,0.24008462817711818,0.05320814407771155,0.39209711281216597,0.08868681184953404,-0.1750414269892232,0.0
0.09900305924552445,0.15232100575960533,-0.09415418746632132,0.2678692233657494,0.27271969606391194,0.15390734681593043,-0.9249490000536992,0.6268746411906719,1.0056442770681344,0.014727392384805582,0.19600183272936222,0.017833228575539893,0.3508070331893507,0.12024596399125387,-0.23838850127400063,0.0
0.019192404628963017,0.14552623126779995,-0.25045233045627546,0.330810844563539,0.29531813033793197,0.1385476838812389,-0.7924353934160028,0.6827716767153952,0.9622442319865709,-0.06394801663172947,0.19323061113735499,0.05478071678637902,0.4325387096578809,-0.0638971410462521,-0.22011094263846817,0.0
0.07730606912286724,0.13884509744016105,-0.17311990243171904,0.23340319057690967,0.3040815117002291,0.19737993812204738,-0.8729359140438282,0.7016294066323928,1.055893018434572,-0.03472784469729252,0.30987683119459186,0.05775963364812031,0.3988588249859275,0.04661903497836016,-0.4005504461061268,0.0
0.09622954029160599,0.14242536385830978,-0.1272754112341593,0.3104077982759841,0.37252701564649504,0.3095754364648684,-0.8820439737142463,0.6801429518776532,0.9711554562278483,-0.05751267301299251,0.20452544973002865,0.2539160775510001,0.2918997195729587,0.13845811016620269,-0.3077329739883848,0.0
0.0620376303671092,0.06996497377750499,-0.21428252659487085,0.3880185551453824,0.2487907490875088,0.28445619192539445,-0.9033267118815943,0.665562396592664,0.9184692001673025,0.10208664266234328,0.283904530916016,0.05939782711645421,0.2876472801792241,0.16773633453117356,-0.34429704952255424,0.0
0.08249183130307908,0.11142871342642593,-0.12354613972128198,0.36694511894463006,0.29098968831139477,0.2611973938444516,-0.8710052033989504,0.6980897705741588,0.9771403808707271,0.08313993120677224,0.09769500168024371,0.04685314356840228,0.2581907776681265,0.048430763463008314,-0.40982747741751524,0.0
0.09009319886841248,0.06077201201089334,-0.12178218765195464,0.3788539281145797,0.2565885194353912,0.2429762546102147,-0.7874794644376643,0.7116689705786631,0.9622634676801167,0.15957382119875507,0.1955917136499678,-0.062408785514787395,0.42072357730518334,0.040934492389805566,-0.23163199915792654,0.0
0.05476635962332064,0.09948673670642891,-0.17106660930930145,0.2995368612954755,0.29870590690791704,0.2912249847591946,-0.9052049398364501,0.6967775528040815,0.9334392069300812,0.06209245512994355,0.06459830409492981,0.030195406751093362,0.46973206467579787,0.3056248913448795,-0.2975575169690254,0.0
0.08957589704603969,0.1967018676049537,-0.17931041992653435,0.33073144652962644,0.2700332290497959,0.35301961813165883,-0.7601983482671856,0.7693859116150957,0.9053536862178408,-0.005258416656672357,0.16805296824780705,0.23439791668937254,0.3865952467600676,0.18899675487332118,-0.2792440821092845,0.0
0.05798921038749189,0.12979188819083806,-0.16001024146210993,0.2831931608904463,0.2507045579952286,0.28123940383665014,-0.8476789350901728,0.8153993501351202,0.9882689102993206,0.23111144510299597,0.1269551908873077,0.130460831244895,0.24846024814383766,0.18091607948369592,-0.2376133167829831,0.0
0.058338994448345914,0.15954377629431232,-0.14605492758617022,0.32052837863448913,0.31303782188145524,0.2524420881349183,-0.8916346881163238,0.7451135156384385,0.950747959756258,0.18408526132260108,0.09154783850984488,0.0186088644313587,0.33967936007718,0.033305449854775154,-0.17959587612604558,0.0
0.05344877781221391,0.17171856563612137,-0.26841591143679927,0.28369894177593874,0.31726755576063337,0.31413030657746566,-0.8811959193735933,0.8373429522897962,0.8876341824077673,0.11394343511923002,-0.0336491261469328,0.11186098584273854,0.28717696637983364,0.1275087262454889,-0.1971885733220638,0.0
0.0893462883174983,0.18904212597368364,-0.12050726007458287,0.3565829426659169,0.26122652437271743,0.35478494033933256,-0.8136102816449329,0.8291807711945718,0.9067450657330833,0.05715957225001994,0.15606632505233453,0.133841129885318,0.32696833030718464,0.15231675313114454,-0.2536191792515324,0.0
0.011006786152935266,0.2178905018128256,-0.1603875704880699,0.3296465875853025,0.30874152562700785,0.3282193767440078,-0.8921900235069714,0.7478708188578268,0.924778738122027,0.24318169707445156,0.014642415195541492,0.09770518297924288,0.2415808506923418,0.035680384454454595,-0.18400274902917457,0.0
0.123959613541447,0.10795220354473437,-0.19849982075481754,0.2976659724953851,0.308318363281512,0.37212820188127244,-0.8026655649382227,0.7808818222451586,0.9565719782343819,0.24982996704338456,-0.24257279636269802,0.19007227232309964,0.18805172384185215,0.05816628338457573,-0.20943012452081045,0.0
0.004460025465929343,0.15868573524842478,-0.21937692858565716,0.2761420515015377,0.3916037557938611,0.3080084966894102,-0.8665137402547105,0.7861380953701396,0.9435682394857132,0.18534714179335843,-0.19590345398255665,-0.05476464645351142,0.1813780574322958,-0.1476697491699906,-0.3636819870046868,0.0
0.08225136195173313,0.13141898063678883,-0.14479988745271294,0.27110509786299153,0.34174989152322033,0.3924189388078278,-0.7681730031202881,0.7956279651605624,0.8581937662733987,0.2753967310473337,-0.27642731955674077,-0.11011180330111509,0.1906707982011329,-0.10792945377354023,-0.3083065392926785,0.0
0.09065588268719875,0.20511249693153594,-0.16663417161933172,0.3124327882848467,0.27633845757277514,0.34609305123628725,-0.9030014424984757,0.7809065212026589,0.9131946783898448,0.3121662952333527,-0.41640240559183,-0.0016371602909701494,0.05589348755843551,-0.08466739833307221,-0.2440383450642855,0.0
0.06281945217636993,0.1846352523009818,-0.22620785125256188,0.3277582002938518,0.2536780248811466,0.39251303200801646,-0.7957505391954346,0.7873079521086624,0.9166762482115184,0.28548522191314585,-0.44548817101033467,0.051809464271603274,0.020207278252747686,-0.13826567217701274,-0.29261054027205835,0.0
0.15594280062574994,0.05228778712490682,-0.16274314260364184,0.30049226739644364,0.26820999621814573,0.3375234841543753,-0.7371682486831371,0.777316948639379,0.8859328339851884,0.2499374826205339,-0.2540409647258319,-0.0011701530489438214,0.01032370414516183,-0.1449533068665389,-0.22363518313867786,0.0
0.014031588714676954,0.12761104984952965,-0.1265744288844708,0.314077211129162,0.3007460879612242,0.3995320573217616,-0.7135218039782046,0.8955822792117121,0.9133504327269572,0.3118339552404351,-0.15624522049334416,0.04427632926808026,0.19261999754365483,-0.07726248675155928,-0.1531641751472007,0.0
0.02129043457482476,0.03143099653284462,-0.24836865173027525,0.29548546126228636,0.22225275017153673,0.4816507707742821,-0.7741212658460832,0.8305628986289876,0.9587159458325695,0.2933352625594872,-0.15985567623089425,-0.07967320298546457,0.11760968957423404,0.05054341690335161,-0.19443131466417707,0.0
0.07738612323887431,0.25311526198438494,-0.18888383511958368,0.3189873492326933,0.32312660708145347,0.4893552125199082,-0.8237319531579241,0.9603489759993107,0.8689027835616684,0.3864031183409721,-0.30256317688931467,-0.05598626368991223,0.20837585823785404,0.10005763469474567,-0.16614094234519616,0.0
0.03656255075654341,0.12155695969577811,-0.16993719177526143,0.413759211181931,0.3351012675063457,0.34021268028199336,-0.7910469616745575,0.9578372556166694,0.8242941069328773,0.34133103845161067,-0.13968847047296418,-0.0875881175338721,0.07323300517067066,0.12542982316835666,-0.16534992114765273,0.0
0.14858657350566473,0.07628518607631771,-0.2207545994568503,0.3106606523280474,0.40262210090218065,0.5059759448119571,-0.7191017033424729,0.7523928052737952,0.8799421276287634,0.4166961645514797,-0.07502195186858919,-0.0629894413368438,-0.022194010764094566,0.004000301555726102,-0.08808820534180065,0.0
0.025848577993291044,0.18156347423209035,-0.1274991371149701,0.3816348740553436,0.2725358876677984,0.41905638751584595,-0.642181002773234,0.9444073418598191,0.8281042739191573,0.4222990290508339,0.024916004952606832,-0.03240150730366541,-0.10102046259833844,-0.011049590207921045,-0.042549640288346034,0.0
0.032758333536836826,0.11484088518135821,-0.25893441693564434,0.2563862530978548,0.32281773489414045,0.5867562479132488,-0.7306054614326811,1.012070149306393,0.9179344947934212,0.42637966610977696,-0.011501200634962329,-0.006290064535197513,0.06458114066747285,-0.08069599551866807,-0.24090881281462104,0.0
0.007653041090490531,0.12312618979824916,-0.16081123110431575,0.3337677544724067,0.29482115931541586,0.4975263129746802,-0.676379335345955,0.9338719778213387,0.8128670640105743,0.4707982200204771,-0.029990300481199827,-0.041570331674680314,0.12834652038831143,-0.12144505116690539,-0.25597393053119494,0.0
0.15303579313595625,0.21526318937301064,-0.15644967517943745,0.3020649739367011,0.24523167380991448,0.5373727372766807,-0.7582373283844409,0.9673427362302329,0.9197211216537415,0.520821486590334,0.0587980992480035,-0.12168663871005485,0.01149371775736499,-0.147981568878766,-0.2739545028047997,0.0
0.07091573783175482,0.16255920362445384,-0.1986218994535538,0.3042062947608535,0.3110423034667746,0.4922161258645559,-0.6676657362789401,0.9660440336277727,0.8227486562074369,0.516240000244897,0.07635498136402538,0.009880916839116974,-0.05176293962176416,-0.1810152593712346,-0.14585537449961145,0.0
0.04852872506843316,0.16250477009002484,-0.1488158613395966,0.3790900403232727,0.30331756962709006,0.5989252952434949,-0.7231844670422874,0.9657370199375195,0.7451530554892587,0.5278742339007124,0.08191146185019424,-0.1600378158845125,-0.28787093996408,-0.2050804968408254,-0.2696892791496497,0.0
0.09159999898632655,0.13608963802315033,-0.15749491213609976,0.28130291002045804,0.3750918533215377,0.5698944190359629,-0.6562559592396872,0.9363206532326639,0.7666814656361073,0.552822650043085,0.13211680814968685,-0.2322199933792108,-0.17063617632004166,-0.10656991201719476,-0.43585572052193655,0.0
0.09918223908601857,0.11152210757942552,-0.21064889553574365,0.32968416293437014,0.35866550244733764,0.484021805836034,-0.6286378785848964,0.9347832947168945,0.7600444380262182,0.4842432170136162,0.04917291257104716,-0.22342742786921865,-0.015759884166756916,-0.2454349610152008,-0.3643526701617712,0.0
0.11686987833691373,0.13340019082529686,-0.1188455806938171,0.3355295111960771,0.4117498577216433,0.5110961120957708,-0.5473730343030185,0.919383874434322,0.772717344169136,0.5688582048626011,-0.07142664193271195,-0.08669057884044573,0.059139878044450686,-0.10626678989806196,-0.3401987392200038,0.0
0.10573604660097419,0.1573290655839414,-0.16339239653032592,0.33835368206525696,0.3196006300893381,0.5723633881618607,-0.6899746065091421,0.9412381720202005,0.732303240068974,0.5505158884177284,-0.10688039650543325,-0.038518366527283035,0.09748820736905467,-0.2123253564770951,-0.18428760837945735,0.0
0.11396711417420527,0.09178753345721688,-0.27301891333073447,0.29379554151095133,0.38083489159260886,0.5851626218740698,-0.5981191297831814,0.9628837748495798,0.7456795867638273,0.7679606165524301,-0.12460334454527949,0.08957201170043931,0.22976735364634623,-0.16198441013060433,-0.20550464132595628,0.0
0.0875083812989967,0.1399580038106481,-0.2019174099113917,0.30428706753303314,0.3268043919859259,0.5696707632064296,-0.6614047102241822,1.0528026052345352,0.705403814429565,0.630265036595454,-0.2106340495238443,-0.04591769002293194,0.16895349989142633,-0.029977612060235734,-0.1577743692362342,0.0
0.0812085905797072,0.1342523892277996,-0.16885299837524403,0.4679730158735834,0.3146930721894786,0.5769896090381527,-0.5991332729453246,0.9924447790613465,0.7344082363866047,0.5702712046280748,-0.3268895099406855,0.02105044926019758,0.2199958171323867,0.04923398407032254,0.07440976226689933,0.0
0.005138284173529337,0.1452577135947702,-0.20563882611412024,0.3885775111990547,0.3826063329440696,0.658336053903444,-0.5787548585415695,1.0323832117460083,0.692728204461915,0.5881061917665973,-0.16134153831202874,0.17473089339529155,0.08136711296315646,0.011361478116064107,-0.059683700495135314,0.0
0.0003030459567704147,0.10075468085658473,-0.2634516979581952,0.3715661008610695,0.3262151941662657,0.6411964302365347,-0.4879221827033752,0.9530287826473001,0.697397517071984,0.6359148722803429,-0.17830041503931957,0.26711249903070927,-0.1429969103229777,-0.048047396972736495,0.06084186634836591,0.0
0.07339501638833354,0.19530204701468407,-0.27415628587072843,0.4446548881916206,0.4120194224160376,0.6117835947070246,-0.6555456194475919,0.9632510827686958,0.7809084173681419,0.7514493785339708,0.029038559205085634,-0.021838210055872304,-0.3477562134314682,-0.35879641468476187,-0.009522498928227291,0.0
0.14605053950371244,0.13052510668152756,-0.12390916476053496,0.29652541732904075,0.33325245966966205,0.6480460046748766,-0.5554588349356206,1.0345808337141245,0.7248304271193929,0.6224957218933668,0.039510858364536196,-0.11338974189130085,-0.257282242829804,-0.29130080918177803,-0.18554025588205397,0.0
0.0880530118904388,0.1451672863524959,-0.23209484749747983,0.20405915936435123,0.36263305816262975,0.6857100968843334,-0.496665146622884,1.001898750112945,0.6435784391438806,0.6903326545665327,-0.044977951323220966,0.0395066817502219,-0.2809419042607605,-0.10175392118216396,-0.09482892934864706,0.0
0.05402824218408078,0.11651124529803106,-0.2091401990078912,0.32092299540081665,0.3015216026255859,0.6791348027006257,-0.5115810679127603,0.93379588251432,0.709028861048484,0.6176654642433788,0.020337735225101322,-0.08128318244558408,-0.22289591166787479,-0.10252530738410807,-0.12834592069809675,0.0
0.14512025748741159,0.1630355644521616,-0.1986339466488213,0.3557172500032372,0.3356150375246534,0.6582597875720267,-0.5344380600377895,1.0398089201963197,0.6761825077938398,0.6675260421967601,0.018182866883740677,0.019024779975923924,-0.1958400666769846,-0.0922780008951503,-0.18042755793615267,0.0
0.05600410233572049,0.19692917910713378,-0.1349460202065401,0.3051127287337325,0.3462459167418361,0.6772378072423515,-0.4790592800069299,0.9435031636536231,0.6722979237283571,0.6848558652924993,0.09396989164527791,0.04934960750281066,-0.1784873596986072,-0.05989823621730337,-0.20606713600105975,0.0
0.0844448352600066,0.17303075234321225,-0.2200402006591698,0.33218530409992236,0.40447969502462217,0.6828121281450692,-0.5946361027661277,1.027138275501371,0.5876388141341754,0.7577370930857426,0.19862177942024273,0.13770025732466715,-0.2084364759149977,-0.25393173177525247,-0.3375493292435071,0.0
0.035981741668404885,0.09994021875916623,-0.17218572384363962,0.27730287010056576,0.3037997321531958,0.8116239462167723,-0.5417177835653055,0.9747381851773866,0.5776163871236072,0.7092038587194456,0.05788206598211797,0.2034784468556019,-0.18024298180899564,-0.3198759038776249,-0.21321626145539613,0.0
0.08645789417972018,0.17395528856964507,-0.23429701522994253,0.3553027404105485,0.45236286000561976,0.7880385983893823,-0.47673893037099335,0.9978635809664309,0.545385916265805,0.7654153443828048,0.1662565612178693,-0.05171834110303461,-0.01776050316599212,-0.22426263177256653,-0.024081689859987543,0.0
0.055654334030142,0.2076782100727656,-0.1468530509567662,0.31446603723094696,0.34980762446671293,0.6863253519372495,-0.470050101860766,1.1007262935884987,0.594029722741806,0.7573491148620463,0.01967522132411341,-0.04629517271797391,-0.05465658984743313,-0.22397215841325346,0.09546408129990706,0.0
0.12687871058660544,0.24454668722663117,-0.17278362293481347,0.3126479461141158,0.378071336087054,0.786969717346486,-0.44635779775797535,0.9496977260578514,0.59332366221344,0.6939195368481503,0.18389322006018172,-0.03283877130938732,0.11914009521452917,-0.2335087816195472,0.1958825750971277,0.0
0.1030149622089846,0.12907944398455892,-0.18092783453659672,0.39444409437903616,0.3912439769690422,0.8303113301701353,-0.4418077049780839,0.9777834802506217,0.6567272954928665,0.7349206564128479,0.15272097316646513,0.02278555475574515,0.12272028797519813,-0.16423604961074642,0.0879902525376158,0.0
0.1386452800668694,0.1086495949307848,-0.262536706218308,0.3443143434978391,0.4583317294906038,0.8129108557444202,-0.4144769043493834,0.9459444121978967,0.592803054893882,0.763972269851079,0.02295057504030326,0.007953016751322511,0.10519860825498252,-0.06184820598597811,0.12732237060102214,0.0
0.07479872358322481,0.13933457052991371,-0.1996088670330386,0.3279005205285483,0.3306826616737402,0.7091783921894139,-0.45999569734434637,1.07603966053037,0.5082954823993531,0.7966014571701043,0.024636642664820976,-0.0392272439467296,0.1272972288989726,-0.021328324994354192,0.04610402728112037,0.0
0.010089400440388821,0.24578018956399295,-0.1372095840180191,0.29535162824269384,0.3364205946522294,0.7025285556573512,-0.4654180605355016,1.0590682405477783,0.5583986418263701,0.8406867832372541,0.15958694896766396,0.11875247445456703,0.20263391294248673,0.03335271365668465,-0.030620183532991167,0.0
0.1061838488568875,0.20435154456472393,-0.1835658457528938,0.32525245936748937,0.3959940060270071,0.7250163941446081,-0.3491511810889242,0.9376451155641267,0.615875854451418,0.8119561757296501,0.18785732745304215,0.17312808101242272,0.18047637543696635,0.06417094774253179,-0.023215555604686716,0.0
0.12137986060529159,0.12407059104504758,-0.24653639160578428,0.36274691449326196,0.4417326713200074,0.8467101818574306,-0.34107829197302436,1.0763157654278337,0.516985974667578,0.8743058614179787,0.030773612553161384,0.2012279273108588,0.20580461452037405,-0.06870755114290229,-0.18926031625655834,0.0
0.1200031172077731,0.11086132498093838,-0.19170255416216428,0.37943186344038593,0.3722112473063151,0.7762153976759687,-0.4073454784645395,1.0682002196238645,0.513968583595953,0.8378583350112715,0.022173953136181906,0.09716187313964833,0.09613784654008574,-0.028002886081477264,-0.07078481312159944,0.0
-0.008238377278515244,0.168377092983943,-0.25044984361706524,0.3021347747662838,0.3922477723749771,0.7120385223204616,-0.3924869872697744,0.9043061298820643,0.578745275733701,0.9467477139805722,0.13618601283245713,0.10134072450627793,0.05972311420966156,-0.055045562568573056,-0.15454298472834768,0.0
0.1957303575911434,0.2154353130822593,-0.12901565402068316,0.3037405084974191,0.42553815237085507,0.7704602187225049,-0.3539457802802131,0.9869691507411591,0.5051188575071992,0.8091820954932537,-0.21364261477398083,0.09945138566230416,-0.008585839483098191,-0.09246977335348644,-0.1853770867537222,0.0
0.12037596228619055,0.13634136467932878,-0.1769201141137154,0.34622538511843914,0.34869722908518536,0.8756491122032568,-0.2531066424322493,0.9970045491309258,0.427265646130565,0.9425453590871603,-0.1262049056275588,-0.007719418136497444,0.00025758129891330275,-0.19383443708967413,-0.2671705930970281,0.0
0.19220551163235827,0.16687604885832427,-0.1325926439350833,0.38299442371901626,0.3507745176931202,0.8614803898765773,-0.26569616635863375,0.9625403455415995,0.4776387907321359,0.9032734871413166,-0.165738246247793,-0.1300509626588081,0.07294406443284439,-0.014960398035064215,-0.18848807381712152,0.0
0.12811026655240912,0.2611408292976714,-0.10637840406307693,0.3916582068583806,0.3562276894548969,0.8762229618172834,-0.36865687042359513,1.016936823716657,0.4653419833664289,0.805964862204932,-0.14619466046845891,-0.2422063078084215,0.01978739971212108,-0.1025586950214291,-0.20701619769723467,0.0
0.19815522595703738,0.22275733540103015,-0.16252894105174676,0.3729224782403712,0.3427709607392824,0.8935797437205696,-0.3579489031335657,1.012114045934417,0.44083522702127304,0.9514903076023258,-0.10154870868292538,-0.12445013316479804,0.062226146676435834,0.12482970291668904,0.00610184700648056,0.0
0.20556197583609956,0.24891944253531695,-0.18345745715317346,0.327106510444329,0.29194210819652,0.8046080480230339,-0.3211553926741747,0.9683871245124072,0.4111352046674147,0.8779085211394766,-0.04470439133291063,0.01377750247122797,0.021184351380273032,0.16671335677110766,-0.03686902538105243,0.0
0.12461510024900586,0.27693837033984936,-0.19042592950845477,0.28426494760076176,0.3076253114026779,0.8849357574221777,-0.2619597774333542,1.0129091250928774,0.4320318250445915,0.9758234318462599,-0.14361817191545417,0.14510106208082887,0.07610717141578503,-0.11304927630307834,0.10811174882056207,0.0
0.12661332282987675,0.1258383282599544,-0.15233601677949915,0.34885742976845585,0.44999062212504204,0.8630022036418387,-0.2783215549971946,0.955262879787022,0.4095068872473113,0.9182016263252724,-0.09997544809457588,0.15839801311507545,0.111583321886524,0.06707843669679536,-0.03944251431509034,0.0
0.11436998836081566,0.19516481659068297,-0.29156787509269094,0.3623132780803757,0.38816622416267405,0.8996323973655811,-0.26070299675875436,0.9906828990772629,0.3058459662341034,1.0194713483043796,-0.12047738779347797,0.19111013080549574,0.17801640684567532,0.04951503409242421,-0.14241048366215925,0.0
0.18987435741978465,0.11129519971331563,-0.23535053539777845,0.3697482808530618,0.35305784798202106,0.8959805539595065,-0.1385952086897237,0.9479677064713535,0.453804793670041,0.8871475726677474,0.04397002959870128,0.13353806449601013,0.05202766164382511,0.11174306755174554,-0.06449373869916837,0.0
0.10557386711661423,0.28251486289458994,-0.2268136172372106,0.40422296840000077,0.4148007223879409,0.863209330022332,-0.22338250880751193,0.9939582889446822,0.36663522905536283,1.0032073819476792,-0.0751427882757437,0.10846816999697984,0.08146794125749643,-0.01233546074268864,-0.037629170046528784,0.0
0.17815826927985834,0.20202227030179662,-0.28549775781426556,0.3581910974785382,0.3749608957225531,0.9080404072873176,-0.1787667491586413,0.9203627606204441,0.42868643047262966,1.011265625494765,-0.03473541639203327,0.07850529153139535,0.06452018982393828,-0.1945428313872955,0.09695074907570543,0.0
0.18109706081757754,0.08190366081760563,-0.2002646960281052,0.32056389761169535,0.3956695543116737,0.8582170993409605,-0.18602947774303108,1.0308380686418843,0.2792155627102617,1.0678559561335828,-0.22042731291907977,-0.027407210415328558,0.06320902344482512,-0.2303721227281933,-0.08735508850165216,0.0
0.12035518243560026,0.1640221423366988,-0.1714977560841085,0.3755023067454443,0.33740199314053854,0.836745875594216,-0.11946109758422455,0.9631274646086981,0.3164408746564445,0.9971554255844439,-0.22023235507166367,-0.2854499870815761,0.11287754913507503,-0.09645432493161818,0.024894246019808858,0.0
0.08302425366557294,0.2426236775178327,-0.22654429363796014,0.42626905403433835,0.38890195253014564,0.9114188648382846,-0.1747343211802541,0.9640313918987556,0.257808845483224,1.003970925365814,-0.2176440808672982,-0.2572364054649984,0.03761404720239682,-0.023648105021076303,0.07742077392579395,0.0
0.11873485885430686,0.21775934259388693,-0.1861125250861003,0.39774118198342034,0.35350409757581674,0.8989319908739332,-0.20686383940852093,1.0321850397111905,0.28068760688862093,1.0066676587875238,-0.1861563083709362,-0.07753872309627488,-0.12272175249009924,0.11814091660788734,0.2853615111423988,0.0
0.21290710732450746,0.22608137170780485,-0.2079966573663431,0.36830811353647064,0.3657997394272632,0.8884632109964204,-0.17323190195709437,0.9550124745504509,0.2269603692099888,1.0047267228713426,-0.2187406997973954,-0.17658029293843042,0.03602454741470437,0.055917259362445806,0.1131639952633624,0.0
0.045913960189315914,0.18914096942968095,-0.2550174694879817,0.4120719360587896,0.3650333065921316,0.9663143586201988,-0.10931823551108887,0.9438711132556926,0.26061274727792766,0.8935333167997028,-0.27152804856651364,-0.13442354606361814,-0.08266284946019797,0.1105551987908802,-0.004118842468820355,0.0
0.004593352050304575,0.16396333667893623,-0.15686121513702694,0.40378810852991337,0.29532625918454614,0.9873858434193461,-0.21514641257014472,0.8463052661390391,0.22250917547123808,1.0359513809867131,-0.264441815718631,-0.03519426578228812,-0.017246691216241325,-0.07040983955562026,-0.060306923563066536,0.0
0.12034522635327943,0.193415047291637,-0.24584666982477463,0.34740205505031196,0.456637715821172,0.9129926387315912,-0.14018025802829465,0.9658622569050777,0.2860688390823904,0.9729859415219475,-0.15562184218561761,0.1246259694994904,-0.08048789335822776,-0.071271868730934,0.07308492223775004,0.0
0.12363114991590889,0.22658063866491107,-0.2003281946552196,0.3953788040746825,0.38033840050346196,0.9738404321042001,-0.045424136279788516,0.9894970491164415,0.25082500120424783,1.030894457341151,-0.016002162707460355,-0.20308949982549662,-0.2008109546453356,-0.13979286770730354,0.29685921882369437,0.0
0.12198328826187299,0.16924904484526043,-0.14820342336173947,0.3724360889434721,0.46033769006954806,0.9550984821524013,-0.10168527971497357,0.9062729127333616,0.31699508747770866,0.9632361804286991,-0.03867642621495478,-0.06644617510025692,-0.15544197457174244,-0.07639107591524125,0.28490168555470574,0.0
0.12433665539456787,0.23071730089571518,-0.23915784025328543,0.435789334025126,0.3683008202136898,0.9231375544723781,-0.05562786609528911,0.8566119445957282,0.12770959722365632,0.9425849629948346,0.05635978287454545,-0.0021379848691460215,-0.24038368157597834,-0.20404966799140345,0.2570520530778221,0.0
0.1850753682563059,0.06435052075912975,-0.2101621309195674,0.3872296282866575,0.41589634611966453,0.9009439566006815,-0.0928213589997258,0.927768715375805,0.23368429136073574,1.017511389785291,0.11390810106079848,0.07963227642930036,-0.28391856403338867,-0.2759017360536835,0.06060163041562738,0.0
0.10738055775959415,0.2705568804861953,-0.1132613335869497,0.432318889323454,0.3603355592838555,0.9771611770808142,-0.09876040422276362,0.8824870766883847,0.17079920083140693,0.915471876550482,0.099454523039509,0.08078136942589399,-0.13656504543632156,-0.3023027918147122,0.054695152745019265,0.0
0.15316411446198902,0.1809594797799094,-0.1745751260471077,0.3863312473431422,0.3549768828932266,1.0295888791159893,-0.0017572006240847149,0.9848249880097151,0.1813264918883128,1.088212055784589,0.032071196874472976,0.03199212591819846,-0.006400005635847375,-0.2086983103877034,0.07149758213616808,0.0
0.10823788411163675,0.21298236055258657,-0.23003470779745744,0.3316825394735445,0.4526075306641041,0.878236357228932,-0.016381103351004785,0.8963830196047858,0.11924412890490828,0.9729853391062235,0.04512817654136071,-0.09534591253119004,-0.03287974001757545,-0.14904431186285938,0.09493041672420094,0.0
0.14784987075280062,0.28754410564414146,-0.14978706180868884,0.4834994863196544,0.41630560179201104,0.9835096226608462,0.06136007411731906,0.9810778583702534,0.14051261329453807,0.9743610306270983,0.17247657228246702,0.0732039189257879,-0.038994579805149546,-0.2700940521878425,0.2579915000715388,0.0
0.1586251490745799,0.2533860562551614,-0.19286170470815361,0.28732826718369453,0.3376620721920245,0.9992829566701333,-0.004130782714289009,0.8777831560063212,0.09633819728576799,0.9976784023088459,0.016386778063320367,0.19278401857414618,-0.12353680999688495,-0.4040430218202805,0.07219510437868579,0.0
0.08823654005636591,0.16300683736903251,-0.30407366357928517,0.4136947364276921,0.4078142770970256,0.9833011779374896,0.045980049336757235,0.8939353107892783,0.14677642829760998,1.0195465074237025,0.09186176755385594,0.058532866043218,-0.1244070341716053,-0.3746032127683282,-0.06465049434290189,0.0
0.16456528399787212,0.15754754093345394,-0.2817064269947134,0.2828923629154481,0.47320091260120345,1.0683362948751178,0.013942605608630525,0.8721199490129916,0.04622411193094506,0.9646413018656151,-0.17166084188481429,-0.12977363440634213,-0.2908617051702246,-0.22465891856594766,-0.151554810005523,0.0
0.08182699073835599,0.25903137490381034,-0.17087662015479163,0.32894741406330374,0.33800517065844576,1.0612965326034671,0.06493810512141629,0.895880291558127,0.02675450490565226,1.0342058151116316,0.08745498455724604,-0.20966003986611056,-0.3071045973977641,-0.04022432440200274,0.030106772558576217,0.0
0.18513656148477903,0.25264835714241163,-0.23440899205905688,0.39237150277707356,0.4170101263517296,0.9709669340356568,0.11523750174962602,0.8592316351759164,0.0005698967712465738,1.0446047462178305,0.0752336326778582,-0.19595444493901948,-0.2986159030440795,0.03106377651033999,-0.023982720799361677,0.0
0.18038893034656098,0.3039316198570695,-0.1436555835047618,0.342439762165927,0.3769214566609587,1.0064643305859047,0.010125014936663984,0.8536330695872023,0.0757689356598254,1.0649682966615857,0.09891920532774037,-0.0046981471786188694,-0.430171362287951,-0.039069306746601584,0.13904764311726375,0.0
0.20509787908493823,0.18436028937662058,-0.17461566614057916,0.36969697443524185,0.4345906337802932,0.9849092275586786,0.055135413884445816,0.8358111778496067,0.08029121192501895,0.9515388626219986,0.06477559886248604,0.04203888536733121,-0.4033120096171657,-0.028750845676337962,0.18566936896337247,0.0
0.15340161305352296,0.16484718672074467,-0.21841344701133167,0.35699681069828515,0.42209101485263917,0.8797299249972415,0.14426722230984967,0.7831613826446019,-0.032215521172427035,1.0412776687351308,-0.04681669520645734,0.07689559700031058,-0.35007563022486177,-0.04762232462718326,0.18752753699250957,0.0
0.09036548845788045,0.25152096344420727,-0.30335191325372457,0.4243950913832991,0.41181477166321884,1.0425760803674973,0.1067161360768989,0.8392553884133396,-0.06348121999518139,0.9348278395986008,-0.10405322955253402,0.053393543319260016,-0.2455226406914342,0.02286480510669666,0.27839224810767416,0.0
0.14027497005000922,0.16420561722262583,-0.21595689230844187,0.3851390814765836,0.34556695218185424,0.9866455643493703,0.12263448176449279,0.8451143669959396,-0.02473706312401109,1.0321521171877635,-0.11059513449001794,0.26202710945251023,-0.1564323476043253,0.11136865972310364,0.24982040844426115,0.0
0.1304067537796987,0.2553082981968466,-0.23886844136080965,0.35636575219259564,0.47703337406001584,1.081594939533552,0.16566305129292136,0.7820926133536175,-0.02318452927500529,0.9607191633230803,-0.08887934496365654,0.1319047974127531,-0.0993124749560088,0.18375535244622684,0.17448480984495512,0.0
0.21042018733712964,0.2720914029081045,-0.2214548022131043,0.4337590964248632,0.40566673126874725,1.0831774356086048,0.17387578470836812,0.7397728580257716,-0.03933944064263476,0.9289850965722033,0.044468184149754675,0.0058511247231405605,-0.15558826132837955,0.17054411383801218,0.1490853152549228,0.0
0.1009654477652448,0.2461468983098683,-0.21156015173137194,0.4763207083251273,0.39834116001394826,1.0592784900308905,0.19645975133398405,0.8043235922272445,-0.10265667046129384,0.9330237308420452,0.1556847485132159,-0.14170438686056738,0.005780526397697633,0.23276799893094297,0.005006803565466067,0.0
0.13276905200388753,0.25667559944907054,-0.14933348558191295,0.45179063719661733,0.36470159527758006,0.9968350390120345,0.29360983624982734,0.7367786141252274,-0.08903779525803007,0.9562739963942798,0.051131610456318435,-0.05296220250045681,-0.007209750572624555,0.08760226505430936,-0.09140145511508756,0.0
0.1602712002747174,0.20280708909338985,-0.25084414290763385,0.4416908085491552,0.33092820698752023,0.9686135393526523,0.24545223765418533,0.7947952895717088,-0.15527223477672414,0.977092144639789,0.09313164104563669,0.04512231650262723,-0.11174661601640788,0.10186125387326114,-0.21220513415410147,0.0
0.11663352221926332,0.1700114547248731,-0.15926264167044116,0.4312276674903277,0.4336632424171394,0.9914092241606722,0.15276050804351454,0.7536840501569693,-0.08298109003744863,0.9261132684014209,0.1000317647433588,-0.08074979730834116,-0.08902868106032698,0.09071114909103725,-0.08133969553054879,0.0
0.09808123109666454,0.10366633145862095,-0.20806387599645804,0.427516415566722,0.30625605634345343,1.0431801149846025,0.19605962580437575,0.75193170103779,-0.1778788928162157,0.9583719281767171,0.08199435358213016,-0.04954231259776194,0.011415115333633916,-0.011717029130341228,-0.07831331618721957,0.0
0.2159881078622118,0.1912125668577268,-0.2232510805378674,0.44547227687711477,0.40769462188080063,0.9615557125196791,0.2630138785496057,0.661241829074007,-0.12224030088469848,0.9850318229077434,0.11456329672473077,-0.01727989728227273,-0.05394322059662417,-0.03375646510557694,0.02021929998926937,0.0
0.07450501264644942,0.2150240780996078,-0.2919694175272806,0.44983480745776105,0.3713442650546937,0.9276766313520328,0.2804435994117081,0.6205054497378186,-0.17932879583945444,0.880422084916848,0.0011536379016635206,-0.030654353776264347,-0.09436536768097378,-0.23832626229112147,0.09067806044766628,0.0
0.22420034630248545,0.23424970196026296,-0.2108485602663614,0.44675843059389375,0.4824764499561868,1.0284262597604967,0.2632707017276996,0.7444346247332957,-0.14900524339073076,0.9589064649707906,0.14785069581414517,0.033864325985629835,0.06793545842123276,-0.15808824303291064,0.25676465507370416,0.0
0.14835715025062027,0.23012018395696499,-0.17447077031513744,0.3948500193219776,0.48017826802291597,0.9599219640958685,0.3393896985281101,0.5651688545396942,-0.20955624129016728,0.8321023334472801,0.29065104728553903,0.08145627350771495,0.0801867202813362,-0.07385283624306685,0.363943135077625,0.0
0.08512229462965798,0.2640283443194614,-0.13413268219090996,0.35586760536881284,0.4216185577035785,0.9698808531803701,0.2759549576219779,0.7291424014941235,-0.13840711154710916,0.9298662112442402,0.24078191739949034,0.074954297082409,-0.01731068276676953,-0.16269426762395212,0.22107892470855983,0.0
0.1205792696015951,0.11180294123029665,-0.2610513737938057,0.47133967320592757,0.3758742301607794,0.8972280010550768,0.32471853676964824,0.6208506208822314,-0.15226595264344434,0.8475467351201448,0.08103982867203069,0.02295804639425813,0.23790476452911383,-0.08238800270614344,0.17979098292558626,0.0
0.17186137876220528,0.2203677770756367,-0.15812812751139604,0.41873613485240757,0.4707803701451666,0.8985361776990712,0.30051258858359925,0.5381183735946601,-0.2741108632062096,0.8247163529053595,0.2124177454805588,0.13078867789401155,0.30227102958821694,0.054912337710683295,0.11272545842646048,0.0
0.17931722522995602,0.2797485292302889,-0.21406021538625047,0.44165405370882194,0.47963104617785307,0.989218460102328,0.3365272876805033,0.5679896175077624,-0.1893503395368044,0.8712049955923095,0.1458011958341017,0.19062271264395383,0.2688703973453526,0.11450318838176915,0.03477390124567741,0.0
0.13691766522132115,0.15863205682508852,-0.18121455311974172,0.36925456868485934,0.43725902834086455,1.0210138014287016,0.326323848994353,0.6019027216624326,-0.2574210613209159,0.8547747862415255,0.14328496022335985,-0.018906527313287666,0.1604305154900188,0.08342034878142504,0.028388891439222356,0.0
0.1441462185511272,0.2551217040224378,-0.19872103375797295,0.3907016507147597,0.3993834374843932,1.0282619417437466,0.5026470095600699,0.5115615861976675,-0.26353035675570885,0.8062398244264927,0.2700853708610527,-0.13243161828437428,0.17109419377205995,-0.07684515376054957,-0.16546377823764263,0.0
0.1141010088655002,0.21778864481122795,-0.18997522783424,0.36999193951287856,0.41479156888164126,1.078622609706853,0.2949363417653702,0.5476731484098685,-0.3080616891344314,0.8830977179925501,0.09795638518234115,-0.27705508170422016,0.28651181091848776,-0.05143582491281551,-0.19057043113297467,0.0
0.18310667519868778,0.24457475101159468,-0.17227635433845906,0.44816641774105653,0.4123086312321722,0.978915518862208,0.4317724761191354,0.5993445586813507,-0.2446680718970582,0.887735993875997,0.12007402847619622,-0.1755984183234003,0.20756552612845958,0.054507785134937856,-0.08945623037785373,0.0
0.2568349311111567,0.18768521755837297,-0.17820399557685287,0.5076778973736009,0.4202333872883002,1.007452475559967,0.4430812441041499,0.4963471441543576,-0.2296355133316746,0.8202115637759624,0.2196792831022129,0.042884541405108154,0.22720561394368338,0.07987893537089241,-0.12318239783145189,0.0
0.15388255909607249,0.2570770522311659,-0.15024082648595566,0.4729010798908196,0.4495613985571713,0.9697487131134305,0.3614213034354917,0.5018493256558513,-0.41871435142852576,0.7329751661839636,0.10216172164030378,0.13517274500757104,0.1896400531131039,0.05039361084417997,-0.18773043724136113,0.0
0.05051872456714426,0.18218241974974142,-0.2708844131963929,0.43041331360231283,0.44601959857165707,1.0019610556391871,0.36924872899571864,0.5502178065292638,-0.412097849166035,0.7633206300481679,0.01902668052825851,0.13594793639415928,0.18220122637395078,-0.012374641593259642,-0.2468001930436572,0.0
0.1188497810051587,0.25156019960390263,-0.1720914191905047,0.4223399429789707,0.4798852232293094,1.0262355561027472,0.502328708143819,0.5030675511860203,-0.38462777215499405,0.8333059040629746,0.15894570984187426,-0.0007157353731390842,0.2740954684740844,0.06744167858897486,-0.19805306055250793,0.0
0.12270242051492553,0.34232698265600026,-0.2624336380343774,0.48316540037235234,0.4349038311200203,0.8993987595536103,0.3927912896863737,0.5002120014789849,-0.4134453025207871,0.848758218929001,0.010058483390492257,0.16226043509364516,0.22552334890316453,-0.004229925747383977,-0.17338934966725186,0.0
0.1889621725678337,0.2522175601573321,-0.2148996022523532,0.41683183595915324,0.4655971887007304,0.912393713304217,0.5294950743962012,0.5162336329203464,-0.29046351798956965,0.774868866958795,0.1460525268437772,0.02029713555706132,0.20718737075172808,0.05225066814523774,-0.1483463700935016,0.0
0.1144043995324438,0.2638016278085544,-0.2454169884160416,0.3112388977969216,0.44933953848015185,0.9244891497900525,0.49558516299851124,0.543580522898682,-0.41749288695580444,0.7241953498632235,0.06792068136075413,0.23028508869726944,0.32744486284924956,0.04301071362494403,0.007495851708018614,0.0
0.24933705941804013,0.24420765211665654,-0.2311375852017717,0.4613956678973856,0.42747779250572143,0.9654793092783925,0.5365357318264902,0.5416728495312525,-0.47473347257129245,0.7288271529397682,0.025557572601151882,0.1567510166149591,0.42910745570194253,-0.03450379950409616,-0.18065133225533705,0.0
0.11618839390337243,0.17600167152008103,-0.2708429480904546,0.47020690284671945,0.37608594352718505,0.9764810496533951,0.47009972169421393,0.4274862165799571,-0.4677798518030269,0.84011078565211,0.0956765705225903,0.1433697584515943,0.46834490109915355,0.08530227243913843,-0.28061788099827933,0.0
0.13808158645677343,0.12536398636874146,-0.22398833866432516,0.39346069030931985,0.46528827103750503,1.0641384451573297,0.5133815143530985,0.4104406347706073,-0.3785818182676977,0.7575105566200812,0.05104997464725376,-0.08315089947267923,0.2974575136490782,0.13166227281280513,-0.26606220549446563,0.0
0.1525744107404311,0.19097313961019205,-0.22703144000596825,0.4515490493603426,0.5293814549308332,1.0199199329223778,0.4527224049714774,0.3938943780420799,-0.4404934182390077,0.7216023070687492,0.02395258991020099,0.01547844987287382,0.32311947421275355,0.13686331453257192,-0.34608580935572353,0.0
0.13140542759475324,0.2996883060255561,-0.17488533655534116,0.4718230123692869,0.4180670038464266,1.016902517248395,0.5572500358833027,0.38232898320213055,-0.48018926714282656,0.7678067004936288,0.015816208531917182,0.076381319978801,0.3346627563883673,0.2135309149556409,-0.2680371537462298,0.0
0.19001077922257312,0.20971771264897207,-0.18883830908402321,0.5282721348304132,0.34180168825861645,0.8891735941748676,0.5713176804598304,0.3799703294811675,-0.4777802374841997,0.6095776676296301,0.012756273077795303,0.03992138397149329,0.09143018622272714,0.19208842235359616,-0.39152608945009315,0.0
0.16390028537862386,0.2465791185205425,-0.2066089243141231,0.5085594337385019,0.4693485401839331,0.9376793383212826,0.5586684925145953,0.3900235714287866,-0.5116302355390804,0.6481246198460117,-0.025279365360485966,0.011567618181858901,0.03367939892168944,-0.028934314638072778,-0.27138402412910057,0.0
0.16048861172997292,0.2432317389968452,-0.18995955740749293,0.43122882170384497,0.38067001884217555,0.9048852092615913,0.538840575432882,0.3723680025041307,-0.5614594362269941,0.6481488682735917,0.03865474632121736,-0.11660168367759367,0.13718585123295587,-0.13685247251613342,-0.09756827029121248,0.0
0.16351312834781323,0.19185850076263544,-0.2631505543897469,0.447464410327224,0.4230628029438597,0.920772778924017,0.5533986525490432,0.30895166779611144,-0.5753347786665504,0.6693113846689734,0.056505441742391374,-0.1441622222288408,-0.026843207427440452,0.05077824337263444,-0.07198697956406229,0.0
0.16865276559123482,0.25358263903003203,-0.18378615330481154,0.5047296624674791,0.5001840010377812,1.0077096239504642,0.5671131761062127,0.2901114581841303,-0.47119708835161395,0.6700103729998157,0.09755411163110575,-0.15901362443838976,-0.20567492852611757,0.11122528904664472,-0.13499230796441175,0.0
0.19915924210855124,0.2680265584102898,-0.16169707735452865,0.46226554875097126,0.4390703833853476,0.883968752335878,0.6214851115646054,0.4145885818929347,-0.5229535149932368,0.5758145838852802,0.017413695343253856,-0.11325925807087552,-0.04363067545100227,0.18106099503001294,-0.2915388633438969,0.0
0.27543972576459674,0.27912432839264917,-0.28600125282908084,0.6413218475704652,0.4130762670717135,0.8582626250605033,0.5700877297308209,0.26678508944031376,-0.5089310688105269,0.6691789950205883,-0.04825293472060255,-0.09826170061280642,-0.0026569203984499676,0.1122644385693199,-0.49923498200645633,0.0
0.21125356522191557,0.24965286612412832,-0.18015882153072416,0.45069349698665656,0.44277433280179634,0.9489006411941883,0.6817182066471575,0.3773463954856526,-0.5557151369111298,0.44745384971891333,-0.31359354310262283,-0.027822954934049272,-0.10254170657655282,0.0760631766667027,-0.3598252891137164,0.0
0.1623812008950354,0.28507060545768687,-0.21265436507957095,0.4628683943976516,0.5070860410900321,1.0181159898360406,0.7101595568716308,0.2318438607965336,-0.5451281087276569,0.5243617477952238,-0.21470733795957225,-0.17790679858521047,-0.05162837748100328,0.09833611213159124,-0.20078112236478818,0.0
0.20316941588409204,0.26243183336476855,-0.20546140341209715,0.5264689343345521,0.47428680858810135,0.8351732937007351,0.663652175718371,0.2759789973392431,-0.5589043492237991,0.6009438277430057,-0.19085872711918403,-0.27508310952120535,-0.03471287836389119,0.3105456209206508,-0.018811108455803194,0.0
0.16744372744838382,0.274343249019507,-0.15099372339620676,0.38361532669841036,0.4556175706650042,0.9212274721997162,0.6970768357228616,0.23626490813634926,-0.5801459309334974,0.5530368276730006,-0.03356121815200894,-0.3216608907632335,-0.018779235588371607,0.35660578701492085,-0.1809376363022766,0.0
0.2573744283581269,0.29084120988278866,-0.23699115065212722,0.49995393523694653,0.5000290745073551,0.8771212124662153,0.7467003238572583,0.21365500055694997,-0.6476754471095307,0.4610186051713081,-0.20021292463040163,-0.20345031334320282,-0.15877246737775902,0.3231392993328643,-0.07970982417678947,0.0
0.21732809642028378,0.27523259679313306,-0.22988788047076433,0.38364442606612786,0.48965462341246435,0.924454568590126,0.6903169229564401,0.11738523916308495,-0.601313247787292,0.5196964801847432,-0.22554677907480003,-0.1400146798696587,-0.19747733222238492,0.2338264368532293,-0.015436170226426113,0.0
0.17580725708026326,0.3283811979378628,-0.2695893939817856,0.39378455012545727,0.5056249206401098,0.8409242023327761,0.6863982709256125,0.26928742899223934,-0.6457870284221945,0.574859938056523,-0.15862663422307846,-0.06616553435204958,-0.12094899476841103,0.26361763110194825,-0.08026918232221597,0.0
0.11119446745161599,0.1751387903676466,-0.17888918600486925,0.36330677228916797,0.5339853657178557,0.8708133609270632,0.6657896442383874,0.15014831549351276,-0.7247079657311049,0.38317598227817357,-0.15106934293671784,-0.20392411802974134,-0.07640351253025233,0.21264224319777436,-0.13298584861454776,0.0
0.19518289839406366,0.33779308253353396,-0.2293022788125177,0.48580669795247344,0.5314086141164153,0.7672203720388407,0.7188416900908254,0.1831848248049202,-0.5864325146803586,0.4816952043486158,-0.03658152609366912,-0.15326225528664522,-0.17173701183419482,0.20756323947504524,-0.12056167103615385,0.0
0.15556865693305522,0.2809362528575149,-0.3563106326921118,0.46060733207571747,0.5404836899728562,0.9043451661950529,0.6707606680376573,0.1514279185957944,-0.5262011598908466,0.37528700499772105,-0.023500099361940502,0.08320199347839059,-0.12997580624338476,0.28785778692284814,-0.12609759144072277,0.0
0.2244295793148606,0.30974707202112606,-0.23610107852393447,0.40019750767631074,0.417049151962013,0.9053245226339793,0.7566889220866713,0.15565446041872813,-0.6772553041876239,0.4133555870688553,0.0583157628015174,0.1977193487685601,-0.04103929448801755,-0.007542482606187256,0.06391185986160283,0.0
0.07492502780111357,0.3028685256906002,-0.18320984949190125,0.4760286989318158,0.5743812403886993,0.8807731158241929,0.7301561528330105,0.10255512781580177,-0.5936356617827101,0.41514840059809643,0.09177833627146656,0.138758471839173,-0.12324681349865463,-0.15312640972664235,0.11906184123387206,0.0
0.12480299676799075,0.3011357148673507,-0.1827459436436513,0.446744537639801,0.42976980732597836,0.8259752108641347,0.7424900463640679,0.09906791444436291,-0.757482331669873,0.4016437779472738,0.07368205182925079,-0.0034203538833150193,0.002293758489562883,-0.10082913965516856,0.14420688768396578,0.0
0.25724715925776787,0.1941324309786824,-0.3205204446543044,0.5256358265541681,0.42426409036616747,0.8748722362966812,0.7710087550188556,0.1444559790421176,-0.6868641298323327,0.3258690395784392,0.12088039884903112,-0.11107696718069808,-0.15206972200322755,0.0031138850107574195,0.17754401730253133,0.0
0.19415243379684125,0.26850429051207575,-0.21770742392356335,0.3829426235624639,0.3953154427603316,0.8149783562899211,0.7670448641003921,0.10254626883541612,-0.6763936411879244,0.3845027395225241,0.19519119238868105,-0.05403506089895415,-0.21288383879614672,-0.031029500850062113,0.1182393572193268,0.0
0.17512663283022892,0.2556840094413467,-0.12204708279503419,0.48982756534634736,0.4160286959404692,0.8772970831985992,0.7739125208686571,-0.018445681911510928,-0.7172507058951008,0.3052503851088992,0.1381935270080913,0.07221632983918133,-0.22286718150731907,0.011434613703876332,0.058804986717222556,0.0
0.09832551708338093,0.31169218013389244,-0.1939343452828534,0.5494862647138509,0.4628267154944877,0.80030804647625,0.8488025801856423,-0.0004026058617539324,-0.7310719888965882,0.33244338871620055,-0.10956086721510311,-0.097991408489109,-0.1894239012467668,-0.01583284428077647,0.14724503577198586,0.0
0.13468743352124152,0.27648635840823493,-0.2554359351429366,0.4790602711460115,0.43277173973110555,0.8804553147635983,0.7456690290057543,0.03985253378452813,-0.7409596044150917,0.30032051565778384,-0.2495261306253005,-0.05672819330646843,-0.08043187573765002,-0.09073649390731163,0.08505788222887559,0.0
0.10976948271937126,0.2962218907631897,-0.1901753047414119,0.5559780836778224,0.499833357191249,0.815174558907454,0.8109097046485465,0.028658234281357654,-0.6989754477643698,0.24002983334380534,-0.22328210990463404,-0.14524766324252708,-0.06081602312296855,-0.007783384552802287,0.07139067787201454,0.0
0.23499276636028874,0.30061889028609134,-0.2673957774839409,0.45293666988261977,0.5530075247536783,0.7538841883814676,0.8376417591293902,-0.09687716961521643,-0.7959095892979675,0.2475255876407142,-0.11877527718985709,-0.09253373977921835,0.13095756797149855,-0.08845466687156255,0.1463278110132756,0.0
0.25496643337073227,0.29704267619257324,-0.26155479593359815,0.5446407930275253,0.5193626858525029,0.8710157286860123,0.8285831130850074,-0.11509720841608007,-0.8270159420480822,0.20522826872120548,-0.039462987356601774,0.04749655684668481,-0.026954557793460232,-0.03445817951329759,0.0951815424337466,0.0
0.3179151663408363,0.25516962140531224,-0.12746494173099665,0.3855132107571756,0.4354619378637465,0.8071890459979703,0.8404351653395777,-0.016339559557075157,-0.7249736707781591,0.17149406017099966,0.030001705031332825,0.1948986528997354,0.01717525496079795,-0.10809896504947142,-0.04573557057303626,0.0
0.30560234755415167,0.22964964130263515,-0.22206625044089606,0.5342744616160494,0.5323028604539676,0.7531280645795714,0.8826542608771282,-0.07789756067039072,-0.8301176604942423,0.2016784823607646,-0.1436871744599696,0.10856763244891768,0.04999146336781354,-0.24911326952078156,0.05422078741083272,0.0
0.1604276359529065,0.286532188968316,-0.1948597955897587,0.49356975126278413,0.47741317796029786,0.79621736719808,0.8038956975440418,-0.05267781719168977,-0.7851172987300615,0.22144377269226112,0.02208602639802848,0.06640027844405302,0.0193645962361865,-0.32351364498704416,0.11031674660832771,0.0
0.15023763942480198,0.3464892270530885,-0.12345124363827431,0.4711672179985281,0.3805145684947275,0.7029685086309845,0.9229460487788832,-0.052282650263094636,-0.7584137399130644,0.13070600371370253,0.09012671762664962,0.2545998870025148,-0.07820792441370195,-0.2643877268164147,0.15296666905205136,0.0
0.16034785068564125,0.27433206836029844,-0.18109753267778922,0.6006669600018959,0.5157553213318454,0.8000231928370596,0.9141354040005059,-0.11132962836995178,-0.848813591246921,0.10020890581108341,-0.053708241111244615,0.008648027970299649,-0.027254300384682517,-0.22428974385195782,-0.013816914934933672,0.0
0.24179409447418826,0.2212023921191429,-0.1602829677212425,0.45032848639394746,0.5416882318103331,0.7331640782109687,0.9117571041700403,-0.13326388059625346,-0.7949871890246457,0.08292549514920311,0.06831836185490814,0.04053576944293525,-0.10280286658271372,-0.22127864838699215,-0.07316548841789633,0.0
0.242701422092847,0.35134460459363975,-0.34820414577097003,0.4837513352522328,0.5021616908858636,0.8576287202077182,0.90629253864918,-0.0964094682366817,-0.8039756409640142,0.2110575249553105,-0.12421724048527907,0.1604720429294851,0.0147294614747224,-0.23032963073755272,-0.21392932549159985,0.0
0.13290809138973528,0.10423911642795522,-0.20673690210454448,0.43826654300680257,0.3378267588842808,0.6804497284377261,0.8035292866356724,-0.17854318659815804,-0.9037739146710521,0.1271522993281609,-0.16641415724640915,0.08223871798782062,-0.008223268048990961,-0.07416895408027036,-0.12894492450261577,0.0
0.19483108176107755,0.2254937328069385,-0.2858475550675928,0.5173933344941447,0.516390312361919,0.6548699973686462,0.8900174061699373,-0.23662859016198812,-0.8827323969865817,0.018329966749954345,-0.13608700179104136,-0.11360438654814556,-0.012970041178310354,-0.1452865623268451,-0.14765448940385803,0.0
0.23003383625085835,0.2924105685523148,-0.21016370040457788,0.42645053604850314,0.5707823173896686,0.6607967166594763,0.8716974435156397,-0.2206692525726553,-0.8511582540285265,-0.006584974886857553,-0.10286294308969178,-0.2013313712116388,0.046557976098667124,-0.2558392497061014,0.041238471396290666,0.0
0.20332881556619214,0.27223951764560117,-0.17787181976193522,0.5708765356668604,0.458860927352177,0.6748778777479114,0.9863135323018002,-0.24453291491482665,-0.8075633021822842,0.09092899781561803,-0.05232442699690627,-0.21361675146250492,0.20597389919651896,-0.4175217125668424,0.0069097960683891825,0.0
0.17870329796692622,0.3318124115230825,-0.19977473846739435,0.5442444743536119,0.5431579275381113,0.7384207892038372,0.8842575043950794,-0.270198531189923,-0.8543501635410979,0.03089351496203833,-0.012628914903997805,-0.13832552354425562,0.2664906277616063,-0.4008466333197135,0.07683353699385431,0.0
0.12250656837853416,0.34078713634591384,-0.11850481572549634,0.4635342436786145,0.40858495925469884,0.673162686046152,0.8775050568629977,-0.1531318137404365,-0.9332983807530119,0.07320384408868777,0.21597182091120115,-0.04458277135373698,0.1449468407793874,-0.17412661595308707,-0.007210319760169226,0.0
0.20479795376022858,0.31442078642778026,-0.2022017921279959,0.5208516509749429,0.4632131284594787,0.6683333584768322,0.9474623516733945,-0.21624041257278065,-0.8501147727524936,-0.07993499269615789,0.14697135077038115,-0.13086172865345758,0.13354739714893787,-0.07068817470560891,0.055034007289861415,0.0
0.22739138238440126,0.2911173725817842,-0.26005377126717316,0.5472418046066695,0.570099994148381,0.7236467846776071,0.9343783651818431,-0.24776273091867795,-0.9334282010191571,-0.03352118427554718,0.06525868366125165,-0.07745493676235458,0.06606188641939664,-0.05509831155228922,0.00446134174691807,0.0
0.26234578166210076,0.3142707656133972,-0.2095260756405659,0.5284092794244304,0.502215988099675,0.6900619372738211,0.8654761889502458,-0.24386178834579147,-0.8954368770052984,-0.10534044519912186,0.11847095573955199,-0.05825362009665232,0.12650262119473638,-0.013310879408089935,0.2056452832907631,0.0
0.13397860011259216,0.3376298997464445,-0.1882119780781258,0.536745704134886,0.5446343562342199,0.6732710807369281,0.922007723029981,-0.3341176823745198,-0.9746520427187664,-0.12225976616758404,0.028327063855860174,-0.11405649150588099,0.14535058623007824,-0.0047224294245492935,0.20245776448317937,0.0
0.2114438532914146,0.34450895283823557,-0.25095941136155975,0.4996485308739311,0.5460639723597039,0.5595118772625326,0.9319123266658114,-0.3116464543432678,-0.8781553014755618,-0.04651301300194691,0.06260696645899898,0.02839057274629811,0.15581940845797615,0.13565812061735275,0.204090682776581,0.0
0.3110496479627642,0.28786850640892664,-0.21045779687894137,0.4418326858220173,0.4660498292323414,0.7126144678572954,0.8842572746196036,-0.23342368948725406,-0.9276243919776166,-0.021163541032461056,-0.04594209722447151,-0.07013401531539867,-0.047296750104553975,0.1524519471933739,0.24278915043661034,0.0
0.1784478814032157,0.37181573997893175,-0.08740003099616292,0.5534491447800703,0.5624702026752807,0.6506801710216598,0.8812162455374878,-0.2687095659329902,-0.8997431025638127,-0.05720998009604314,-0.035414343277335766,-0.1692309393751786,0.05426789895910134,0.11015020420163771,0.18029110483751082,0.0
0.1804954285299445,0.3631363068904285,-0.17677812091960463,0.5065211700474942,0.5875457215944558,0.6480337100957293,0.9664982596947306,-0.3499092566347814,-0.9716972078568441,-0.1355778878506339,-0.1990085020328866,-0.26002254643974976,0.03176977956452551,0.10537980775750422,0.04222735900300012,0.0
0.20326089082078513,0.30999060864163175,-0.2607568614773507,0.5619860133224934,0.5516687275737548,0.627688456241173,1.0216596194090601,-0.4229584914680016,-0.9177470119174524,-0.18935630836220627,-0.3951174239188934,-0.14395851035940488,-0.08749587536890943,0.0015556183786928773,-0.021723240390434523,0.0
0.2049525188192439,0.25029733547579214,-0.11292293965165637,0.5312312017885651,0.5308167599708182,0.5311577880869776,0.9848986039985554,-0.46249452090998394,-0.8056038889201361,-0.1540479504121775,-0.36522214597121,-0.004574709440338415,-0.06733379683394108,0.10681554947219606,-0.058363247448511776,0.0
0.20685900886294312,0.31506900807554455,-0.2641772638995606,0.5677244093683332,0.5571664069975176,0.5624708387611561,0.9607683898568631,-0.44831261080827184,-0.962026568145852,-0.2126904386852044,-0.15077314424785898,-0.057969953477489886,-0.2609803788373294,0.19898311246563066,-0.11988767067757386,0.0
0.14308404881822823,0.2825054301972954,-0.1847636351516369,0.5644704253750406,0.5839689775254422,0.5986291624589677,0.9774105559467061,-0.48724133147005216,-0.9945262668525359,-0.2333081783575423,-0.0064384863163505085,-0.06216517427807988,-0.3676134172109995,0.2010118093978735,-0.1854468368031828,0.0
0.25236898789980083,0.3627513450293932,-0.24822690368542835,0.49578242922108673,0.5773177260443803,0.5233247593900305,0.9855396003068949,-0.35129360249925023,-0.9101205058474069,-0.23363193643314184,0.03136708669787899,-0.12087075454476681,-0.3872563990021101,0.07104570624814899,-0.19420773516734766,0.0
0.18983771646302924,0.3635339904973941,-0.2976145793075381,0.5771891174606582,0.5553014567457244,0.3620977419887627,1.0044417272046309,-0.4287185845695827,-0.9482379764080929,-0.2759794518887421,0.05758998416207128,-0.1292189177901514,-0.41073685695409784,0.05557264087673438,-0.041680807182735216,0.0
0.27308740929085307,0.22102957416514057,-0.09890529175537931,0.5771396107595074,0.5869479657705493,0.5429510765701859,0.9359047378262706,-0.4362835044689946,-0.9304024962249053,-0.2543450338067819,0.23103910051902243,-0.12834249308997617,-0.3892822464317809,0.007566698393965239,-0.12321755457137211,0.0
0.11851845826624796,0.30126884567752915,-0.15122904487475983,0.4576640208249795,0.5192552924333445,0.521465223538335,0.9811823484012856,-0.4444038701245922,-0.9382808652913077,-0.33137238604967106,0.1889772086876615,0.1514941806241824,-0.2836805536644234,-0.03705849155412158,-0.11430759585061775,0.0
0.19094640596193305,0.336755812350109,-0.18242817045192006,0.5306403245374698,0.5118193711492626,0.5167425439009918,0.9863181863621904,-0.5024329548726943,-0.9027759996492517,-0.37185927363163035,0.39771649501502937,-0.001963481238457229,-0.3411131481324987,-0.023444510073118027,-0.19617144092846064,0.0
0.16160584580488618,0.2695401273607982,-0.26025381695778227,0.4075925369356782,0.5204380915493392,0.5834699864111215,0.9988676709880686,-0.5450040387847405,-0.912868372985039,-0.3440830037759299,0.3148761498130612,0.039853033139812255,-0.2518059489640566,0.08933361629876135,-0.013402263894673666,0.0
0.17466892675863102,0.3117577628827193,-0.2884482979411709,0.5436493373392581,0.5696337038923264,0.4142769916117869,0.8875343457949494,-0.4769988472309101,-1.0509250118894116,-0.3633353551919535,0.2016281268221146,0.15623483972247298,-0.3388903145839065,0.14039756976062145,0.01119812733835494,0.0
0.27698640892517634,0.3590894927248762,-0.2623300803814521,0.6134792435498775,0.4799136774961654,0.39616460562860756,0.9240522564224265,-0.5483274139445037,-0.9278116504363919,-0.43699074296190676,0.1460784468928637,0.02736871892235833,-0.4657377246117561,0.13627710268758922,0.1079573344560175,0.0
0.2085033915732232,0.38065287056659136,-0.14287257990907137,0.5913375905518927,0.4960372838554896,0.4148266903954094,1.0179431280487614,-0.47558561968986657,-0.973610266548622,-0.4576038975469734,0.10189786971485222,0.061899936826147146,-0.13523988929861774,0.10003647352719053,0.1509198314411141,0.0
0.21809824686643223,0.27490056655133277,-0.2482477563655226,0.5017885188708114,0.5426059905241025,0.4933421413471995,0.9924576228113917,-0.5160003759065732,-0.9489787309106147,-0.4551555500755034,0.15556405810825402,0.10539017500889848,-0.11819158771903443,0.2111495700841009,0.14586422235330318,0.0
0.1618473456376904,0.28406669913213295,-0.2704132458052042,0.5303742120405617,0.5285059051686991,0.4589936211283268,0.949714461708932,-0.6414051169364253,-0.9578801578455101,-0.5523943889087439,-0.01063229401860745,-0.024112963705553533,-0.037473267840340954,0.29650781534362136,-0.005643064644804588,0.0
0.11537229020695351,0.2501345446814286,-0.23646480419318763,0.6785007434574116,0.536493326477263,0.439896164515835,0.9633786954511615,-0.615087198040204,-0.9868299985325286,-0.5129812856241177,0.19527549554243556,-0.05055698863840531,0.09391490844890739,0.24064339106252192,-0.10382947641477547,0.0
0.289313173328708,0.2886419979478794,-0.1747497100587594,0.5329075564211511,0.5011250386894399,0.3993547284141,0.9716559135792664,-0.6326924754132305,-0.9883430048936833,-0.46917091173766606,0.1424518642406591,-0.048921775914579024,0.03798102207868214,0.11833580619208144,-0.09537423801849404,0.0
0.30420850504459157,0.3448483953272745,-0.22639421978123728,0.5782861938553793,0.5496987832184392,0.4190158969723631,0.9963583030206292,-0.5227339926119645,-0.9879477498695689,-0.5434606323034981,-0.02831240535734901,0.07479326091483224,-0.046893189808948084,0.058932412324771505,-0.21417901989541205,0.0
0.07435761315536879,0.38165371843017354,-0.24113207717019705,0.5384987251277183,0.6154531524191874,0.4255344320506984,0.9693449096897069,-0.6113231082638847,-0.987508396729782,-0.5278442934578829,-0.15650701379466903,-0.14170336617338183,0.1147325840634793,0.13695189429530988,-0.20282877940162494,0.0
0.12681806558998562,0.3638481979012024,-0.24787407584544424,0.5435242588761678,0.5838347673749917,0.30081409018974736,0.9355347356584031,-0.6555533972200995,-0.9897512508745268,-0.457792698969665,-0.2777978409522588,-0.20221921355293743,0.04263986680623899,0.2564860992737061,-0.19825263566558857,0.0
0.2071344605357562,0.3343528502602049,-0.16502678698579157,0.54864266153526,0.5096517430151849,0.3672580950155845,0.936639149830155,-0.6720879449320543,-0.992725400760516,-0.4752272531313,-0.2371967286196831,-0.07140810392577647,-0.015446848778234122,0.30749388016891727,-0.18401367142276354,0.0
0.178316568875547,0.33044511404875504,-0.20810935591391122,0.6340392137696135,0.47071025542933476,0.4363998855935003,0.9977776669209403,-0.679125831387404,-1.0298582619035286,-0.5221479784343004,-0.21834707381277685,-0.07664439679814303,0.05781568518419659,0.10449734028771157,-0.23534386816132408,0.0
0.28054363503434415,0.252932258918059,-0.13918322504570022,0.5065857927765008,0.5045427083184448,0.42080016028880557,0.9960276186568395,-0.5912031058483507,-0.9572918397553822,-0.5979680010427298,-0.05730866179737058,-0.0580835320474747,-0.07889013925269345,-0.1648829904746114,-0.20617949733946717,0.0
0.2091030613218821,0.2945340015982782,-0.2688266526247385,0.5862247885595137,0.5462402231053796,0.26701191423902965,0.9694962230268024,-0.6310085087387907,-0.9630783154969174,-0.597864561276315,-0.08926926568511456,-0.10806091479595768,0.12346863253748173,0.17716102859723296,-0.3810862319471857,0.0
0.1879183231786708,0.33857662361318147,-0.15675455232568078,0.4978595137699599,0.5974366448547881,0.4264431593025133,0.9526909776061858,-0.6134837201872771,-1.127713934586893,-0.5799980713260341,-0.1447536069919535,0.05016381956143334,-0.06943302545031091,0.20497128729472142,-0.25606972777403253,0.0
0.1862134035938864,0.36629894058316764,-0.17414334413647337,0.6949017336396986,0.5632389422278417,0.34008630680017243,0.9783499095323864,-0.6988033503476981,-0.971320051840224,-0.5323378825681981,-0.02858371337644061,0.08489352816725522,-0.025076378270030085,0.1716315258405725,-0.1862207058108588,0.0
0.12881472571004837,0.3356186942985176,-0.16759140659288305,0.5682256478160335,0.516709431881157,0.3765169281218957,0.9468979365630291,-0.7517257139612447,-1.018833871664386,-0.7167272836363745,-0.11092354210621591,0.15871276336648865,0.010037847364748477,0.21274834225220968,-0.13737450981609195,0.0
0.2125027187648671,0.3864586010285979,-0.20561273777610273,0.587809729741615,0.5632114037723539,0.3442803799105542,0.9429253102121018,-0.653528656027825,-0.9613198688892817,-0.6683172867678618,-0.16074790358668523,0.057753487056177,-0.06383841137807479,0.17974217641896031,-0.1385227968340714,0.0
0.3153544887726355,0.38288963390685604,-0.1404170787639798,0.5052791173660289,0.6490867421570554,0.2963316802349357,1.0198517292548037,-0.7052473951469678,-1.0011631542469428,-0.5682931797994482,-0.30971808678575524,0.18213188026191088,-0.0042268260948273365,0.17845024947520743,-0.13744616328350612,0.0
0.19642315104104976,0.35248068348674244,-0.23957641494005671,0.5658371046942425,0.5450430537110689,0.26026532713453177,1.0349018835821853,-0.7378793641536195,-0.9330318497036003,-0.727945852614428,-0.3197403071300678,0.13287629428181125,-0.09863579402481099,0.2380605840363687,-0.15103239662725024,0.0
0.24519169147069556,0.3023199775861591,-0.22263688976361273,0.5981269839208344,0.5865716912514741,0.21352089052721476,1.0303537524560393,-0.7819431996636803,-1.0069926082600287,-0.7328617570725906,-0.5012061161682088,0.2443426437508362,-0.14031118831366185,0.2389036227591227,-0.19620783597331964,0.0
0.16106578317318399,0.2988880727647618,-0.2270375529248868,0.5809568403467502,0.39448465812443045,0.23726385645460712,0.9297512199012478,-0.7936056884760914,-0.950080356908036,-0.7767743460988047,-0.44087505480641676,0.1543696896406137,-0.13769866607223913,0.11961154013954609,-0.1719211661806238,0.0
0.2172084499927267,0.27228433626161713,-0.2694405769664826,0.5549229079185182,0.5638990935199178,0.25742715378275915,0.9207152328258781,-0.7996094745575252,-0.9604703413401646,-0.7179301912855856,-0.4572094281612547,0.0639322601189472,-0.005620587333589902,0.13705253979564444,0.05956282038766175,0.0
0.25652895711214574,0.3931254262968516,-0.19399685540005793,0.6108878581441055,0.5183211852726858,0.17888333311749674,1.0386619831624673,-0.7953556465826124,-0.8755015428033063,-0.663991925028571,-0.39376109777332646,0.1418043166743843,-0.12962552517412734,0.04179588166541004,0.03251944021632874,0.0
0.19563982581352446,0.30540371577920966,-0.22735109387817362,0.6336035391529544,0.5308492450787355,0.15443141130773622,0.9422216680424627,-0.8243647159498717,-1.0887309251817092,-0.7666710461356883,-0.439023897177269,0.04378998289438663,-0.013510642043684518,0.17351966403315897,0.05349760551344866,0.0
0.15729350461605887,0.41688916885988064,-0.23808573148505444,0.5898176922242448,0.6487443069502611,0.2611862717214163,1.046730495892817,-0.795635441383507,-0.999801523893792,-0.8134064737346682,-0.40631854397986755,0.08645019075977992,-0.06582678608060863,0.08317684446561463,-0.04985602276520088,0.0
0.20423053919251966,0.38604210549759166,-0.28754553466861815,0.6629143407890233,0.5983611540734327,0.1406825416541998,0.9954046742110648,-0.8788044986859045,-1.0569433906635046,-0.7713891246333165,-0.3363918688394914,0.16092559097285608,-0.21677901259270616,0.17815677640316682,0.014518140948278836,0.0
0.2570450257582107,0.364471280134242,-0.09502211041658497,0.6277536414746503,0.5046426775557106,0.15354091030702788,0.9687596226784564,-0.7090457921541465,-1.0008688495509437,-0.8069506440355181,-0.15224078395750418,0.13401295977757144,-0.3032195680496407,0.06302703288700147,-0.012454689186586595,0.0
0.24160563197032747,0.3747209546791218,-0.24059687109882855,0.5871603404648343,0.5413344435065259,0.1826332310127897,0.9859599217957208,-0.8222396347756871,-0.9361576662323201,-0.756908618835718,-0.05402319484455438,0.08649407824890343,-0.32277442063807027,0.06694493015756657,-0.15214426561837383,0.0
0.1903345848915767,0.3174579652642011,-0.2632584814675668,0.5905860949856713,0.6109495947139738,0.009760106225658233,1.0416195675681237,-0.7780433064764738,-0.9657132069270459,-0.8623306170415351,-0.0465255503524509,0.1349336747439846,-0.3907814227018519,0.1945136657825184,-0.1219419599058736,0.0
0.2531617635278906,0.2636417117819108,-0.19345151136423525,0.6344293643282083,0.532932589880079,0.1192109407957577,1.019215963888538,-0.8637020737549763,-0.9587679150510142,-0.7304412477759397,-0.0199014239147656,0.15614483749651797,-0.19993154670618282,-0.09296068483995254,-0.1369232518339476,0.0
0.23309857472582904,0.2976073754522731,-0.3044669912726602,0.62824408581027,0.5914373265746224,-0.016610474422675117,0.936180410948934,-0.7500883170134061,-0.9798739436385088,-0.8794436834930054,0.14095197088869704,0.3686960479144907,-0.02657650296147271,-0.019588496893533966,-0.2114599835516348,0.0
0.20781917887141388,0.32141309445872634,-0.2164940371375526,0.5349813785294514,0.6128990023039735,0.15819838445540768,0.9436508019762495,-0.8040164704835322,-1.0135899474164338,-0.8104324075801326,0.08918907720506881,0.17418392046796938,-0.1127118098438287,-0.07133944034281207,-0.04849989241375585,0.0
0.3272641779056721,0.30039762756159527,-0.22791580177667858,0.6619894047384667,0.6335079139231262,0.18399533335129709,0.9702930050757445,-0.8988728661042187,-0.85911704431522,-0.9084278998145443,0.01786976314890719,0.1984891451188135,-0.1451463223553431,-0.08814810157177122,-0.12945055389318266,0.0
0.3210223689879329,0.30007005935689524,-0.23096741969386939,0.6186586055213908,0.5991273642560933,0.05670010442542032,0.9297681358733847,-0.8575714383408494,-0.9389328238511729,-0.8897867819619476,0.10851104440945537,0.18668849626927744,-0.10255986236931496,-0.046775190691282706,-0.07355347595536582,0.0
0.3121018174835591,0.29073181368434237,-0.2563528987013575,0.588050216900924,0.5401511967416428,0.0006462400068292309,0.8770391718996297,-0.8796108775999227,-0.9254759969637194,-0.8498571572550304,0.06052300404651628,0.17094842461319854,0.1226214805403812,-0.04723618406565072,-0.006888397607136346,0.0
0.2032183117664135,0.30773288063277754,-0.21506884579719793,0.6262439240404871,0.543549389817019,0.06490323824697947,0.9039196840041481,-0.7446263171697303,-0.9614303521009184,-0.8498630774856261,-0.02176435030195315,0.06366483380938323,0.08768563312951876,0.02828425219870865,-0.08503950949804893,0.0
0.22194051627252767,0.29194581541675496,-0.21259329591879303,0.6967535061256354,0.5865015459694446,0.05321300388031358,0.9683055195727597,-0.9155805661416178,-0.8794911861283543,-0.9126356676374325,-0.07764324337754061,0.1861423134650224,0.0666209872612434,0.1111864505740303,0.0008816750335308293,0.0
0.2761348546600347,0.3453812897351541,-0.24670991655171629,0.6671797119354139,0.5089357822730337,0.034829219710703414,0.9288345165886688,-0.8558349278757647,-0.9578466363624024,-0.8933438833013225,0.075500284400221,0.078857105913637,-0.0903856278157045,0.072262746282165,-0.0029196315986922666,0.0
0.20286456331347177,0.3066980405803792,-0.15707979779497058,0.6269872175282606,0.49700891381521445,-0.008617358339713471,0.893803682189581,-0.8562859357881837,-0.9443171445107265,-0.9316376655567473,0.008117093120733256,0.08113627820247454,0.06527177076888772,-0.03479925795444386,-0.061872802766690604,0.0
0.262535626186235,0.3143823977952241,-0.2151841538419597,0.5815279663574282,0.6633471538043877,-0.023294723979055063,0.9720919555362124,-0.9535498433327853,-1.0004613892698604,-0.9376093315936159,0.1517319482514478,-0.0069506258264548995,-0.07862479395387806,0.06787442250591477,-0.13058185117213247,0.0
0.22174097985294897,0.33121285464061284,-0.23891919106161774,0.619511748637948,0.6330884504156622,-0.05745009125045297,0.9203588539915128,-0.8909458885882351,-0.9305256299744171,-0.8497403786022926,0.2792165877807404,-0.1356789805380876,-0.11886816753636772,-0.00309136477379697,-0.08985948370087155,0.0
0.21654522370109247,0.3633992984689558,-0.19122840038100242,0.6556620056186049,0.5853831583435539,-0.12455208096014234,0.8139700025577599,-0.9459690023280978,-0.8585750633102218,-0.9530806207417777,0.3515860038792026,-0.0832481079960424,-0.18378433916204995,0.012850318945857116,-0.09665032004975224,0.0
0.23171199185244903,0.4281737531851143,-0.26835000048839797,0.6012378711630453,0.6342043535691089,-0.022367590973757324,0.9107980553703048,-0.8865623549819657,-0.9372310768775207,-0.9561673447253802,0.3007774485472304,0.07657470757891555,-0.18811978513636152,0.00742828395532294,-0.07433423506038854,0.0
0.25176145000974115,0.3753006919185026,-0.19040214487597176,0.5734225852626329,0.5871925124880919,0.012607338122279453,0.9627474038764608,-0.9688461497047339,-0.8425551652807862,-0.9520203621105499,0.11233095764192572,0.045744211928879785,-0.09042541811835722,-0.07561149441628132,-0.01180907992019306,0.0
0.26957346154628636,0.337179273672604,-0.26530432815797483,0.6085110505387146,0.6758748980719066,-0.06826201162449937,0.9570171180885276,-0.9555172363730542,-0.9109021249759334,-1.0202162084228836,0.1380183706324119,0.0025231334309344343,-0.13657657536038892,-0.11431704342998217,0.20117102645395202,0.0
0.23836313805431825,0.380739553279426,-0.07129553981725906,0.7323438465764887,0.5786922627901454,-0.08785378881490628,0.9027713003827442,-0.9991133802915663,-0.8441592871044451,-0.9313619423451616,-0.00837681880433741,-0.05807788649536948,-0.11254698672312882,-0.22879926323683547,0.13920236846345316,0.0
0.2747480074317536,0.2896912576838859,-0.23786828448761682,0.6484637055128499,0.6290915981565215,-0.12543849688589265,0.9799156826039569,-0.9206344022503078,-0.9324180024823777,-0.9884010067463566,0.20290155725358935,-0.1745540462934546,0.052965517824577535,-0.16750768949583192,0.15308494664876468,0.0
0.3392784161755064,0.40431370678052525,-0.2221423893291008,0.5486187628286577,0.5478707981527235,-0.1753967841841098,0.8702866970713132,-0.9468074415843982,-0.9791627927370585,-0.9590177842036898,0.0773417371281467,-0.20789227256350795,0.02995320081698801,-0.08433605809260691,0.0950576674010182,0.0
0.24614378855333915,0.46083826019418556,-0.18241535860667327,0.5702193653075693,0.6446677932141068,-0.10768813887638994,0.9221625580345845,-1.0161981411790466,-0.8745033565906709,-1.0352903917818461,0.05699756022264032,-0.28143162619217554,0.02367180357464775,-0.017265595939648534,0.05765136847230494,0.0
0.2438729949200455,0.29434706216640294,-0.21526429242629486,0.6099123834050687,0.576541729602963,-0.18080817608614025,0.8925891482286338,-0.9768675358670554,-0.8735414487181744,-0.9529981647014815,-0.07857969155286904,-0.14351360169044117,0.16170289961567505,0.15488441228659194,0.05842874581686382,0.0
0.2171742647536845,0.3805388708441412,-0.2829154866252326,0.6203325714629014,0.5935285431505116,-0.18382388584668038,0.9364267417264782,-0.981270854611502,-0.9082912236014082,-0.8874126862018267,0.021014313044752264,-0.036026649216733285,0.2246871725985769,0.29078649691841746,0.15732667186506105,0.0
0.33266789446944256,0.3245006752762013,-0.20997469835601829,0.5200443450094033,0.5632181732504806,-0.2668692048706829,0.8929337353372386,-1.0130306662745614,-0.8512086029303737,-1.0313432938335556,0.018444623032205794,0.03435605725637372,0.3494324316024123,0.1512070977608632,0.22241980480340934,0.0
0.20461010856998263,0.3176291223762859,-0.33702702601346063,0.6546801547250869,0.5751455321065919,-0.16922110566942686,0.8567182943954074,-1.05759384030995,-0.9285502923109644,-1.0496568843122043,-0.04575640836705218,-0.021032389817407106,0.3409806239159943,0.13809905704261574,0.36050452472589,0.0
0.22077990359773916,0.30917774737739423,-0.15842084922234506,0.64389138060174,0.5837824039282574,-0.09627634535404361,0.8177156760548625,-0.9752206206892605,-0.8946654858601005,-0.9124074407031095,0.07007603671051435,-0.08364885075888594,0.15004226063990372,0.15148290264036487,0.29050176763926117,0.0
0.3766557549795317,0.352222811182389,-0.27069678730852637,0.5590408238311784,0.5742923220530284,-0.14281898863262893,0.8527990134754081,-0.9791512311526109,-0.7912463539853175,-0.9836735091249146,0.11954810710767738,0.010111459521395909,0.04356777192248362,0.17059407948807803,0.18414017994544585,0.0
0.2999475669401047,0.4140955989178321,-0.21372785141071657,0.7002179653760151,0.5520602936016927,-0.12148373937433164,0.8368229021658444,-1.018869209746431,-0.8560093920314968,-0.9665783460682241,0.13483807839678622,0.06713180702032484,0.18018503707951386,0.2549366147705681,0.08042957293398445,0.0
0.32401576232951124,0.35807858055817954,-0.16727250202745184,0.5549634518159565,0.5526107175175783,-0.28241525171568743,0.8124242888192279,-1.0664430274792296,-0.902127026195461,-1.0168975563141143,0.062146742701179244,0.07186188728363965,0.3000756664696289,0.21843220605426855,0.1240513711017582,0.0
0.3325322634719481,0.4893166759324807,-0.1600039418788517,0.6816828926257562,0.625844810531695,-0.20409045371507423,0.7846821583243262,-0.9787638955792987,-0.7701656706810788,-1.0138025415334555,-0.12148003435455015,0.023001596100021345,0.22917187419313736,0.13684480043263655,-0.22401138000469545,0.0
0.1890533279309567,0.4329649616278307,-0.244456508681919,0.6912917765817951,0.5176489932734831,-0.20238015830769723,0.8415322563555526,-0.9915586252634957,-0.861637820004058,-1.0792099701511306,0.19191038028784266,0.06964037546843599,0.01269959032742432,0.24910598464516562,-0.08458435425709399,0.0
0.28057571861702946,0.31621329677943455,-0.21434243229367653,0.6545332523147361,0.6646081229010317,-0.2662164562225279,0.8461632002804766,-0.9585921579751339,-0.7288745521271349,-0.9865750402611971,0.07818605231657243,-0.07741752922564579,0.0465529771233169,0.3315937135236047,-0.19881173612298375,0.0
0.3043082866538819,0.3162843530876014,-0.3368929833608073,0.5998009203943928,0.6523998229463532,-0.32233162614689304,0.8034444619399105,-0.9749129351870451,-0.8171473566001907,-0.9634185950870063,0.09310473377248371,-0.002037268588736707,-0.07627223320494439,0.43083206741465035,-0.1758972954798959,0.0
0.21180376668282716,0.46795719853309775,-0.2445332824455274,0.5980484080551918,0.6168291805487547,-0.32305664234798687,0.8473799800676795,-0.9840863842467319,-0.7934787915989444,-0.9832411838858565,0.08323986546699971,0.055517223352997525,-0.14399877266917716,0.26574094943386156,-0.11034454449522893,0.0
0.2846679110818827,0.36460293685241346,-0.17467614857798125,0.6941063701786993,0.6259069033963554,-0.25240606691993356,0.8631056326723405,-1.1038113902137947,-0.8088653599831523,-0.9863239989655846,-0.039470844276161654,0.1918194687651789,-0.2558557059907988,0.13274179025527316,-0.10931942046696257,0.0
0.27338308939422606,0.32294792818834,-0.20611915625434976,0.6798514487379373,0.5981971283473763,-0.33657446321891415,0.7646427626422084,-1.031497346858133,-0.7300966590755553,-0.9424482076919356,-0.26063519055687984,0.09993043670637022,-0.18288253944692268,0.03258572824589859,-0.14576202192056306,0.0
0.24587893882993456,0.4215520560464054,-0.20948420486752772,0.6698201433917403,0.6100190608796087,-0.22294498992863176,0.7426035078070009,-1.0131155507008898,-0.6750636718381927,-1.0151056440788413,-0.10113148566852613,0.06439297903130299,-0.14942377886135116,0.044078088148866226,-0.06955562849687996,0.0
0.2867743374396747,0.362763394238323,-0.18493667888743792,0.6066638397810572,0.6419522669747191,-0.3260705143747496,0.7929560607430095,-0.9708136505414184,-0.7815496571323501,-0.9594256480289048,0.05616327768789703,-0.10196763512338469,-0.08621154393214064,-0.03269637763053137,0.09574373380717524,0.0
0.2512992561419548,0.3911541685533263,-0.1684576651192294,0.6943407426779994,0.6463197384375332,-0.3585472900359626,0.7852940227767244,-1.0092603734204824,-0.6923687587226166,-0.87774809954532,-0.1347108687284749,-0.07627343318426874,-0.002706238865207364,-0.14366729336000278,0.09234708374170911,0.0
0.27466835348351615,0.3464386713981204,-0.20190821875750686,0.637075950016947,0.7120788451350235,-0.24519706105615005,0.8068018184385982,-0.997973719292339,-0.7814003320953575,-0.9944724597971724,-0.06989056376967928,-0.031062621578824754,-0.060778831867529116,-0.08946574039486006,0.20314854843520902,0.0
0.295688572163702,0.4353524261100456,-0.1731441191204263,0.6572280405295323,0.6226980375305589,-0.29130034217660733,0.6696610703037464,-1.0254276799037194,-0.682356558584248,-0.971254942200435,-0.23101945310035032,-0.07469570068354303,-0.04969921089080516,-0.04712018261006577,0.14922725182642388,0.0
0.29668931199216086,0.3002787092417818,-0.19326850025474562,0.7163036714375594,0.671282680602184,-0.337890539675399,0.6429283257001446,-0.9167461305555764,-0.647356038131059,-0.9252590077835208,-0.2803194418969006,-0.05438929638851859,-0.14605306119012212,-0.18312630588235496,0.3198253068137127,0.0
0.34055058589703535,0.29620963652951177,-0.17318475856302057,0.6165769966957603,0.5609797173465308,-0.3560460543084741,0.6709469026934304,-0.9501500838741005,-0.7700500061125811,-0.9691558473036871,-0.27321521803561605,-0.14611478083387672,-0.290328045375604,-0.09558745339921673,0.2063552400140295,0.0
0.41057656482019467,0.2877292255550412,-0.2466299424189641,0.7084285605635688,0.7229925871108951,-0.4272588317095157,0.7749918663251862,-0.9816871876036999,-0.725868221112514,-0.9475090844430418,-0.32500124137649644,0.073832954733731,-0.27909685552820895,-0.2251248986654172,0.26877571031008074,0.0
0.33358310803339164,0.35502311553241045,-0.2516821628352264,0.6897099169880094,0.6342297213732396,-0.38504835471023136,0.6175516173822645,-0.9742469986134421,-0.6519804833305811,-0.9004217253998208,-0.3270991117819445,-0.07732344053794245,-0.20612850707309796,-0.14354404919146718,0.2924514650995068,0.0
0.3183671377990307,0.3564654387854212,-0.15985043103553026,0.7104097322257625,0.6617595590313834,-0.42412562009587534,0.6138190466252711,-0.9606800851328771,-0.5993388788477905,-0.9500603719114785,-0.32227402210946393,-0.0588637141130151,-0.25210189020750606,-0.003231505961959119,0.0850461025346855,0.0
0.3547893077503079,0.36139910413120835,-0.23254699110308116,0.6382286796079373,0.689759092213783,-0.4585021076051762,0.6806930115143468,-1.0428106157123436,-0.6499838969482283,-1.0811806584598835,-0.23406014333134495,-0.1002033763765621,-0.25367241446146704,-0.020569019348209743,0.19136503906258384,0.0
0.29173742615168624,0.42871007175167514,-0.18503992083098253,0.6917102933363456,0.6322511360955172,-0.36780576523598535,0.6917633199744809,-0.9310202315538142,-0.5972024437720513,-0.9535742428802618,-0.3179569193321097,-0.009108291281236039,-0.20144521997697004,-0.045257511841629794,-0.10663422458889582,0.0
0.3416698115871105,0.38663862231040946,-0.22657749812153535,0.72349608395539,0.6143389431678776,-0.4376996146830718,0.6698298420235278,-0.9582379795492753,-0.6935110649561608,-0.9968394182746527,-0.24686786951731732,0.1705933362086503,-0.28434065236495043,0.023998851478282165,-0.13007622866820587,0.0
0.2293004254711128,0.3650412895810756,-0.1382026735403742,0.6361024761809735,0.5490068256936521,-0.4338409307735253,0.6657844657281347,-1.0221895943430626,-0.6649333249002116,-0.9645414546706108,-0.15222863868039016,0.13101913992481568,-0.40785231367994135,-0.15838917287487583,-0.1883382259218187,0.0
0.26683533840244716,0.44697030996466247,-0.21107769389017464,0.6317236441604216,0.6593167720267409,-0.5331369376683573,0.5824144839235541,-0.8755148966129567,-0.55393584143394,-0.9222191224399765,-0.1517579362223996,-0.04915693487599168,-0.26654088150522004,-0.052626695446723146,-0.05028652306295822,0.0
0.28721141849471143,0.3635177833704547,-0.2098462413156739,0.5587328308440854,0.5928456801594509,-0.52837868491999,0.5975697113386595,-1.0613612654616251,-0.6018838758536296,-0.887821087712086,-0.16425517398506168,0.1883045875339864,-0.32155783996025206,0.059231205416399015,-0.13889247461862853,0.0
0.2074867463753161,0.3539937298463034,-0.17867209301788745,0.6222766537102128,0.7012538786365468,-0.5300472682518956,0.6434548127959312,-0.9735748686264075,-0.5553386626277013,-1.0054311009852446,-0.02015922056369958,0.19658743068553125,-0.2556767814747395,0.028343342601803604,-0.260208162325235,0.0
0.27279663755961514,0.3806351908033375,-0.11951651844326126,0.6331037231039462,0.6814817914379927,-0.5521733901209829,0.580425441488009,-0.9323798252050837,-0.5540090497214473,-0.9577285422027662,0.11982963778156833,0.024400646999749642,-0.10326718939664636,-0.14375269049371447,-0.18705529160308326,0.0
0.38584479700053187,0.4527888186342131,-0.3058715930748966,0.7341280841533068,0.6677217788319977,-0.573428342960629,0.5277319243297929,-1.0256391527367192,-0.5317586091459955,-0.8799592451499569,-0.02529284266605822,0.02575463978608107,-0.09859746948215475,-0.04143741378953364,-0.18288516994105547,0.0
0.3586012611343041,0.4482028866502768,-0.19417328842430834,0.5944076656351505,0.6375410788600318,-0.5513511064758423,0.5495525198226331,-0.9516206850708969,-0.6759703824865793,-0.8346368732877734,0.10503848709813687,0.02350393294349614,-0.10991118691757228,-0.01099587840333258,-0.2734745276131948,0.0
0.33180078765340926,0.4125806857481229,-0.1864597499589491,0.7159836499022997,0.7396782165509259,-0.6127938579664921,0.5245346349080605,-0.9271941611247159,-0.4614419907984335,-0.9051008722162458,0.048998358410714135,0.0454303363213442,-0.12018907404940073,-0.07835900593199817,-0.37859174026970716,0.0
0.23279655610388458,0.4726900157559285,-0.2277446028517322,0.7404827075073752,0.6453102284805072,-0.5232002900510221,0.507492312903017,-0.9351558045282786,-0.5635734399004458,-0.9555901668943656,0.07618466058462249,0.03605093586949079,0.002843138830675024,0.04532213401770654,-0.19134375850775368,0.0
0.13225734821268326,0.40743408490266464,-0.24871436848751874,0.6200408401040894,0.5791954435043376,-0.5436165322842429,0.5393693412122127,-1.0033071582029534,-0.5092090047224199,-0.7981517024292691,-0.059452289784993825,0.17733426784880127,0.09404417478489344,-0.10024858858092442,-0.12439767014863315,0.0
0.232604400652142,0.47036538557798,-0.16723594535999714,0.737599751509326,0.5848532609113193,-0.534293282694439,0.6469639737065396,-0.9198070986378963,-0.5268482634572372,-0.8223078551544155,0.021887593736491948,0.15282923060824638,0.08317730438139231,-0.04295942686460908,-0.021830260862557113,0.0
0.4270837558334667,0.4624974511483804,-0.24602859711713748,0.633187206191936,0.6318880968646383,-0.588548987262981,0.5404606564656609,-0.9087398831147278,-0.47519388485797637,-0.98467129212897,0.11170498509848752,0.1372853296997726,0.19334958665020818,0.01818534568319511,-0.02034991027394854,0.0
0.32168373827860075,0.4023317606995876,-0.19155633017224458,0.6568337450526593,0.6872708238565467,-0.5921928491637221,0.5170232569696696,-0.9018167312746861,-0.437210290719704,-0.9459619424071477,0.016956601273941246,0.1139022232162995,0.06599216068413266,0.18041097438657808,0.009946741292071324,0.0
0.2997804003483149,0.4235072256429528,-0.18368358811432153,0.6589357024182242,0.6934062066465444,-0.6192258321459965,0.5060859934293825,-0.8945631426189444,-0.3711341107503473,-0.7872448950777952,0.19066233214244396,0.23306387047673965,-0.01184236005495757,0.15129167430693286,-0.21664825592874545,0.0
0.3405138177434433,0.38883156873007513,-0.17069179609226826,0.6572482345948052,0.7566360079705764,-0.7491368413834587,0.4603786026127652,-0.8959737301472034,-0.41061363068289386,-0.7786310261641713,0.17978131267793954,0.11216225773480329,-0.14609785145430867,0.09211597101992203,-0.14580731004502967,0.0
0.32736574618439607,0.4261406560350791,-0.2185730345498961,0.6819451419064523,0.7544020811747797,-0.6484578032653937,0.48477421819732075,-1.0015316014151945,-0.3367374680225547,-0.8664911361282819,0.0640854414232472,0.13238673224172592,-0.12085927693799063,-0.05689627110031614,-0.12471498752290631,0.0
0.3414642325143568,0.36638480199568485,-0.22480586097941063,0.6975648667259287,0.7118300099299748,-0.5503887971178038,0.48761515062712607,-0.9155581534696775,-0.4191121469880021,-0.8285911546892385,-0.023315285426077165,0.0008784365769841651,-0.21478141651513255,-0.07593487368141598,-0.2904445651225092,0.0
0.37562550790098065,0.4114306960324851,-0.17862782166970748,0.7332634688475325,0.652966699861369,-0.6434621337075955,0.5388094556980771,-0.8626508651939914,-0.46830117216983225,-0.7717967782445424,-0.10274166448883523,-0.15001553218260183,-0.19626138548078523,0.035332034644229744,-0.30248835328187984,0.0
0.23124711708238316,0.4841967893701957,-0.15212082420551543,0.6902371251839003,0.6387173861367664,-0.6339144784267603,0.3846720393233597,-0.882819399984208,-0.3731266603185355,-0.838748481810685,-0.002285004424942741,-0.26249135561382725,-0.28138664813685477,-0.005203613793907977,-0.2558745149377793,0.0
0.3602604786463742,0.41752408872236835,-0.2026958453698549,0.789602982009346,0.6895460802977557,-0.7633139462861133,0.4853787407167877,-0.9166739667663916,-0.4158540336368828,-0.8328219233048187,-0.08948336713373797,-0.13105916340870807,-0.25615229017571445,0.03400944425373117,-0.24445068897851768,0.0
0.29808177560595883,0.39494737521752765,-0.2467388527617742,0.7037654323779295,0.6559517791536308,-0.7209891186033502,0.3455453312165419,-0.8920576560256644,-0.45414045842968837,-0.6583203046423013,0.07801292750761413,-0.116761657183009,-0.2598625276418228,-0.03133418515614919,-0.2355151583056675,0.0
0.258055620429619,0.4218008137598918,-0.280525345019582,0.7358051430002877,0.7501738460534435,-0.7361886448929849,0.4763632628031355,-0.8202695240435983,-0.38194306332836897,-0.8180470079639642,0.10118158115614047,-0.15151474261248415,-0.11036581026378803,-0.01889512692562783,-0.31430689272053186,0.0
0.39686290512807443,0.3907906016656128,-0.17203829051108244,0.7525091857321764,0.601463930052991,-0.6656020578738607,0.4316959704271667,-0.8789386029416733,-0.3602287084579236,-0.7081525650910618,0.23957413999927596,-0.2050316572171456,-0.18144053161996432,0.12345589251894692,-0.2754957799474192,0.0
0.3597200088144259,0.4204238052630307,-0.2013290605664562,0.731590148835593,0.6548681272341411,-0.7711697292259243,0.35688267919957345,-0.738854357523677,-0.2737842201612431,-0.7236194732757242,0.276565074082075,-0.148219661886192,-0.22782915082042388,-0.05995624832628205,-0.23838921321999026,0.0
0.3783324205485003,0.3343654933429352,-0.1726399999822946,0.6775265644876891,0.7418450497750976,-0.7316936148327455,0.3724367803022974,-0.7981362723940367,-0.23485556826881782,-0.6238408885787903,0.25555108899237156,-0.07354272512866958,-0.11204162595252012,-0.0848736451271983,-0.23592731837242592,0.0
0.4073902133467709,0.44364240525325377,-0.258071350475478,0.7339589488693098,0.6842958545216016,-0.7269523058431344,0.39343795214701405,-0.8944970300812373,-0.37571397160054915,-0.7063088865931905,0.21449610320544304,0.02111425457827458,0.021587864211540728,-0.05268095145484736,-0.4055108266194987,0.0
0.3023803897424359,0.4411035776865681,-0.18144459386375247,0.6906073379723566,0.6905514141105914,-0.7133050703418514,0.3726300513808088,-0.7606332263278633,-0.2988939621657023,-0.7428395398935139,0.4365454925310431,-0.007437048560399626,-0.06414189061411117,-0.0877356088155444,-0.24913986708354502,0.0
0.35120009208281766,0.42633134851492893,-0.18182271647307832,0.812732335699563,0.7061474382544222,-0.7847167037242555,0.30009220541637877,-0.7973170841310169,-0.19488881951577935,-0.7175751167367749,0.45978089665224975,-0.047940397924529615,-0.09233246673412682,0.08280553049127043,-0.26868928865153263,0.0
0.3464242746395242,0.4167615616312286,-0.11781333673520114,0.6868503188372543,0.6270905675439987,-0.8562484304348801,0.280452088454113,-0.7528636694637068,-0.16780407662721708,-0.640799360074171,0.0162844249712068,-0.18364225128785144,-0.1251649142604516,0.2218576917408693,-0.16906201665340623,0.0
0.409356783921908,0.5390137010494676,-0.20948276986980924,0.7013279738893096,0.5905833211579051,-0.7361508614181766,0.36937939200899517,-0.7905714984465285,-0.2759382362292071,-0.605902848000793,-0.050861675356288945,-0.11379705226126188,-0.06718907405210474,0.22314930049006054,-0.12542277884030256,0.0
0.3215830863848549,0.3848783232661629,-0.24317994078942234,0.7406362550550886,0.7158599689547496,-0.7716457525568194,0.2969940485957742,-0.8235606442222689,-0.27353374871379244,-0.6554389622400488,0.10464010448258071,-0.10905782823263205,0.00042235974334055293,0.09620103178268635,0.06611372761706925,0.0
0.3133128034034489,0.4458289755656603,-0.22999130425261813,0.7879249112238751,0.690729956288256,-0.7590415205007914,0.28965703267909726,-0.8194408754938682,-0.2910277779572975,-0.610428534337259,-0.060502129930987386,-0.11466602440035215,0.09494763512438545,0.07685267565347237,0.08761998227206189,0.0
0.2945545284266294,0.411289433567654,-0.1279660008127217,0.7124676599518841,0.74815129640879,-0.8479615499075961,0.30740208155424353,-0.7723854514746425,-0.1399936057532839,-0.6807085902884354,-0.02226843371874769,-0.10743647135158914,0.08386877048424547,0.0694403907870121,0.09194703512482252,0.0
0.30355446241516176,0.4778562029350474,-0.3142821287597503,0.7522135329230648,0.6619100152241965,-0.8333671071771571,0.14395604422130254,-0.8494346935571153,-0.2419973422620199,-0.6094738288907802,-0.05702719137249244,-0.11712634925342494,0.16498219826908972,0.029459606218612582,0.1288081865156077,0.0
0.2915435494221246,0.532257528096273,-0.165952316839025,0.7087571183198399,0.6971242223389781,-0.706444807268697,0.23962709724877046,-0.7379741344584432,-0.2503707974385149,-0.5397100011491389,-0.06498970268154317,0.01444518756239399,0.11899507129586524,0.0899411404844709,0.16495283605947098,0.0
0.3566923902908541,0.46031217963095333,-0.16697313578526501,0.7480443637555194,0.7131831449899808,-0.8288320295320755,0.2720402021019966,-0.6759782459761879,-0.08254089032585539,-0.5422893628838868,-0.12093516128840401,0.09142223870168265,-0.10174560434067183,0.04365030934243132,0.01993884810225313,0.0
0.3844621724007782,0.4244067769377029,-0.26273634931039913,0.736757985442446,0.6875803967210794,-0.9250241241478752,0.2723250912656684,-0.7442340043737576,-0.12700770814549187,-0.5335231364579881,-0.0720045825007381,0.028697242883429775,-0.15113772634774422,-0.18534507677069217,0.044714727532658885,0.0
0.29015938082142745,0.47325722800209313,-0.14410360594148938,0.754341280385445,0.7726362367930053,-0.7715416607660495,0.25869797417555906,-0.6695337188315899,-0.13537063601390617,-0.6263872741585456,-0.07273962393310586,0.13410768702790268,-0.32182030033035836,-0.13771397762175008,0.08849929872856242,0.0
0.4447368717343905,0.46031122019146553,-0.23737853879066959,0.7512776133551968,0.8014881592667473,-0.8452735521392399,0.22666079676354509,-0.6858820911740453,-0.1280835409364464,-0.5852961859278248,-0.07031002795950195,0.1737585785912126,-0.4258232764011078,-0.1094435672258264,0.09751575786700087,0.0
0.30168219944683056,0.43376146899730905,-0.20493168903426576,0.711259807516287,0.7214744048076199,-0.8305518618560581,0.21985139026343917,-0.6845938687748384,-0.12047668696922074,-0.5237953411130934,-0.15997753315874252,0.060289742609995124,-0.5357465088147012,-0.1038990757747549,0.021774295308880733,0.0
0.34227333339681876,0.4985115963732767,-0.18520006188560464,0.7091241480737724,0.7200836355641757,-0.8676517155978517,0.1492812398422554,-0.6489769261828208,-0.07277461948608469,-0.5048991820708159,-0.16648707478090546,-0.07221322782528314,-0.40076148074034873,-0.015416683828562983,-0.08292253275843053,0.0
0.3620550523683639,0.5410774470624093,-0.20376973047694308,0.774382214626196,0.7353273951159228,-0.8742326011386871,0.05194680512079883,-0.5889727068030565,-0.08292795581167932,-0.4649028869449385,-0.1435844084795994,0.10344739645720016,-0.3521316730696701,-0.1351979850281357,-0.1196839594465616,0.0
0.42833874768687047,0.5128103083318354,-0.23384769531612268,0.7419902922126219,0.8029562737081387,-0.7919015469050729,0.15017836587169436,-0.6937076176339605,-0.06556284347008012,-0.4396201261746011,-0.2849487101912914,0.05605698561521952,-0.20245297013218005,-0.062063336673446635,-0.009587886459764522,0.0
0.507136736439412,0.4106208042497833,-0.12315568040007072,0.7033379256285371,0.7426580320466893,-0.8105759409927423,0.06443998732504409,-0.682898725601063,-0.04696062761551746,-0.4072680707660899,-0.16262577052035473,0.009006694318248177,-0.07075923370598067,-0.18137468496209314,0.17316194796571882,0.0
0.3262674419479209,0.4305105543358708,-0.24496793489423266,0.7176640500045195,0.6541119080034811,-0.9060267662308766,0.11096186437334746,-0.6148279800278483,-0.05461337308679304,-0.4140456459340369,-0.15038127018089598,-0.0043684184414796426,0.10707936832357451,-0.21111772540538082,0.2700428281614942,0.0
0.366346505973886,0.4787626321476625,-0.20238968264732152,0.6919676454620209,0.7156084143738853,-0.9083483643145993,0.07339289194574791,-0.6079171008266157,0.06338297622811656,-0.353676628199181,-0.16123993276499549,0.31401840532067465,0.07651618820829714,-0.22657297961766945,0.23309053036328245,0.0
0.37531504976489244,0.41123668838058974,-0.20345865815031858,0.8512817966521959,0.6668873300620257,-0.8782222917538332,0.06675709418922074,-0.49922474521125704,0.04780806205875743,-0.4294447710478497,-0.09590085357064146,0.0007637193580589396,-0.06739148927911134,-0.04558718780182999,0.41891242986464006,0.0
0.3544462911330776,0.47182061960176297,-0.29140258126408886,0.7653113698679741,0.7767580118369566,-0.9774588773075203,0.07584252478499033,-0.5710546646862159,-0.02722119195051363,-0.35526282560852795,-0.20008690190021422,-0.004894317012941801,-0.0627143014919205,-0.07543644988498441,0.2821836934409242,0.0
0.3790962827481312,0.46198095946793577,-0.14440776185143037,0.6092305478071507,0.6873807482692802,-0.91768349755059,-0.01790283081724374,-0.7399876997275229,0.0253774034007102,-0.42830060596135916,-0.21109929019117124,-0.11536154913841458,-0.0555020039661395,-0.07729934308488774,0.30384516609070056,0.0
0.409947521522137,0.4705842000513661,-0.1252715827928743,0.785212240929158,0.6864537586094972,-0.87348995378898,0.06696997105688263,-0.5379737916341669,0.07508177816354497,-0.3026489011291893,-0.029290038639764315,-0.09322807172368665,-0.2144060410248149,-0.21866803562017864,0.34154259947254695,0.0
0.48049591765028443,0.4338001860699735,-0.13626062755725155,0.7073428912792278,0.6340461896082563,-0.9744451770842033,-0.02716948255421988,-0.46135723556071284,0.13747960698230557,-0.22969243358361585,0.12209863958038158,0.05839372067307539,-0.09710499921046364,-0.10170154308990413,0.41782297911703836,0.0
0.3759700977105191,0.5034498645219733,-0.280333224694362,0.7480806765032718,0.7523638903951233,-0.9002936088418129,0.1825474058624207,-0.5163025340003975,0.09716952454395678,-0.2993367761639946,0.05465307798643937,0.0429542535468621,0.1458768390922445,0.045040721958367363,0.27187784965512496,0.0
0.32480815406689867,0.5047035521828065,-0.18202779463982227,0.7307234551750281,0.8441034574857973,-0.8245080741222285,0.0183398941249669,-0.4955964026454922,0.042168647489459844,-0.308896519173948,0.2178928965841805,0.2718834910442951,0.3144894690705279,0.2104347589320912,-0.05470609414496394,0.0
0.35798460595328613,0.4120860485328885,-0.267657755486007,0.7661966600855195,0.7263323148126972,-0.9252519351918668,0.15510071374433645,-0.5373128183217831,0.09747259040800631,-0.30519298746685825,0.059833170204035155,0.16884160001976437,0.4399539606055305,0.19155093223138342,-0.03241522029443761,0.0
0.3539153618618464,0.47285224352448385,-0.2691872615839741,0.7388706662644393,0.8700792935041217,-0.9262542131842628,0.06014595540540214,-0.6028906340906383,0.025021550193338973,-0.26102808293517277,0.06953614485708785,0.25685852823735705,0.28506428689656976,0.03329135222838785,0.008740105101308376,0.0
0.37100486422066337,0.5100548562535089,-0.19159178570646676,0.8280047799763802,0.6588186821213227,-0.8432635286982819,-0.0500517775901417,-0.43327584906591793,0.15705484492709376,-0.27842883607673435,0.28723421214648287,0.07045145705762658,0.03190069597230902,-0.10438413129626423,-0.09825784375983435,0.0
0.2922936137142819,0.49071158158566575,-0.26599272654571593,0.7823127702456422,0.7120162865185287,-0.9819248653990043,-0.046190881160166154,-0.37066676456386166,0.13785105502966247,-0.22994213201005473,0.17294020751042188,0.10074412488002613,0.30398170028243643,0.0026990239948700423,-0.16598960464670548,0.0
0.424888201699005,0.5419057256437596,-0.13417183381374978,0.711677447502918,0.7939420526995074,-0.9061404535347084,-0.059306925888990156,-0.44011658243773216,0.0419133443939643,-0.18877821956891247,0.08461338774280328,-0.009451563728725493,0.3525126110424296,-0.20726472334954454,-0.11491501166744898,0.0
0.42067551165565087,0.48638160820705645,-0.12053990933861572,0.7640842438868019,0.7676715494223724,-1.0901261958819688,-0.039941703582962694,-0.4792614943979488,0.2328279685289169,-0.16446879451043092,0.0077697535227600895,-0.09410524600483249,0.4267089439550132,-0.30069348619866754,-0.21324603421382715,0.0
0.41370259263687303,0.5428847301731666,-0.2327286243317831,0.7919213053994776,0.831277403561858,-0.8833785131288456,-0.15768065183993007,-0.4497784264931101,0.17641253798011997,-0.1061364392320708,0.08441403855589016,-0.11735676932130089,0.5261206089451329,-0.3683750418185918,-0.2148718997010623,0.0
0.2819177685109812,0.5471225404761852,-0.183930154676957,0.8074772748149368,0.79855980042562,-0.9694383047266848,-0.1516227714674073,-0.4410147601480006,0.20607868051333095,-0.16716172668829626,0.07755263846679947,-0.09530916376294539,0.481543080650304,-0.14226001674151445,-0.16698707563436055,0.0
0.3374293433626686,0.4573350282466839,-0.19374835843067018,0.7915728473510023,0.640700046191896,-1.001353722750518,0.007736392579692192,-0.4404406430023318,0.2687929875352002,-0.09751873500559666,0.10564719039055986,-0.21735238168464394,0.4824623025143049,-0.010627899113626604,-0.18482137038057858,0.0
0.30669522267976845,0.5119174490240581,-0.24840361569017674,0.7771191393095727,0.8030263521489622,-0.906980564696322,-0.20202286490774662,-0.295396089361444,0.20732243066260128,-0.1043291511433658,0.14829955838077347,-0.15489552656114877,0.452905263252105,-0.3816017536305544,-0.14811109864309294,0.0
0.37130088408510525,0.4142215553562747,-0.2236478882758462,0.7071338117103193,0.8155059372672269,-1.0239214118036981,-0.19988052879947363,-0.3725360963955493,0.2828084129050721,-0.049775924432966266,0.15636160353139159,-0.06724357397039728,0.3454414922895723,-0.34530500283769777,0.08317673911196627,0.0
0.3340435780562411,0.5643698000779372,-0.15763922524962226,0.7219145167677671,0.6666365517760705,-0.9796297449686474,-0.2435217016080713,-0.4176475021697022,0.2617614542747742,-0.030800160594751963,0.0860876842644544,-0.021921581707813123,0.26462318004306584,-0.3453510391847232,0.0453382154521053,0.0
0.32855760154698654,0.4317104520334021,-0.2141016959760427,0.8062561816444203,0.7445831846856349,-1.0939724731531577,-0.19349134774209176,-0.33191023222547855,0.32606527091903237,-0.17436996125820015,0.11585556665691654,-0.0036067753616325707,0.1408904565573436,-0.29577824855036755,-0.0742652654633888,0.0
0.40369732586992296,0.43895345925529633,-0.13167863011873393,0.8125726215565964,0.7933220181969384,-0.872245475436977,-0.18111289485690782,-0.30949414110492934,0.2755273503399775,0.012891072141798129,0.2075493678601945,0.0601792662806637,0.23820930525274803,-0.17297073827522358,-0.09645380258084303,0.0
0.37220273602298537,0.5723009572603154,-0.16161296233408726,0.7942026529898812,0.7566624404134231,-0.9304099426146887,-0.2237120817620688,-0.3006848989979557,0.4146644583293754,0.0446182621148993,0.19382441383022045,0.04107504307694195,0.23120469760591345,-0.13151817725576156,-0.13652681572563086,0.0
0.39375517096479307,0.4985500026031635,-0.1335077405454524,0.8363530464668212,0.7754654384680737,-1.0246722203430414,-0.2488880558005748,-0.3214229735812652,0.39449136134182045,0.024387463002977814,0.18823708634733882,0.06903336757424317,0.20074246218919814,-0.03047524365876844,-0.08305467299001543,0.0
0.38366340151165057,0.5608209671255878,-0.2630809782883201,0.8010034063341718,0.7811246588839663,-0.9782614002425141,-0.2575043460325722,-0.32791187985468256,0.28757145131092177,0.091384769826142,0.13845716305831812,0.0022205675508301104,0.15594546487120992,-0.06899438731148988,-0.28544716030178924,0.0
0.31055867100247747,0.4694983860902577,-0.16466299140350046,0.8705362336320781,0.6237659629543322,-0.9935345551009261,-0.2395763416187327,-0.3350851171664644,0.351187023715937,0.10289535168113648,0.03089819771022352,-0.20850716851743417,0.007045268897107798,-0.1140332979876883,-0.22039686232855799,0.0
0.3432625398642625,0.5466512099856146,-0.19993436898926345,0.792133275450514,0.7806680577472165,-0.9615320306798185,-0.2483545491886617,-0.236796906024759,0.32367686262620066,0.1142326466456686,0.07105550352349593,-0.1151545266673583,-0.037431339465155825,-0.19360222643130176,-0.27524515955440837,0.0
0.4487311242435593,0.44050178823524994,-0.10066860327624666,0.7620372361318061,0.7761395892675934,-1.008092819469234,-0.24560180388128894,-0.35331237572676655,0.41393231539470315,0.14028690989238707,-0.10999536090474987,-0.3445849475844786,-0.0277245149998348,-0.03310150777389942,-0.16335398781511376,0.0
0.3837958489552495,0.5296177901403507,-0.3025246813022252,0.8063207582967682,0.7455550130894982,-0.9615247563908377,-0.24509231544891555,-0.2600920190403554,0.3381115351940917,0.17503268503118752,-0.05936116991333114,-0.26472998769139056,0.039650784701969505,-0.10280962129173402,-0.30215836095367266,0.0
0.39661347391605056,0.5364568760200473,-0.11226967521543818,0.7811717786897462,0.7312304164464098,-1.0312607112863266,-0.3025994385471484,-0.14171686389848215,0.44421343076451814,0.23699363950667018,-0.013179363784693997,-0.07562438893071398,0.09995923134957471,-0.17737352892613206,-0.24496872032358397,0.0
0.47424629839246435,0.5100433666509863,-0.11947355074016956,0.8171847234506276,0.7808259285113687,-1.0110811984809862,-0.2661932670151819,-0.18632790232402074,0.5103580296601233,0.1862965104427187,-0.011206740374184974,-0.10961784388027929,0.09533490398389935,-0.2696558205894496,-0.2112000030261857,0.0
0.38247086582820694,0.5053635736660852,-0.26656577513417723,0.6960749179821234,0.6903693999250968,-0.8510254461329175,-0.30067264576279734,-0.23474923244338913,0.4082228360406843,0.18534846804406616,0.1338833093988886,-0.024846627510282868,-0.02108235396569136,-0.02153556361574352,-0.24702588601517608,0.0
0.4362980869724569,0.5154131100334421,-0.16338929329191954,0.7554437077708105,0.8337443551504924,-0.9311502251414694,-0.32663045039025396,-0.1594295047114398,0.4000204521588287,0.2540968063863557,0.05564450362105621,0.06858602105437407,0.09071387509306843,-0.1624491841368735,-0.33799832568505983,0.0
0.4884713859465949,0.5448903834598348,-0.153407431969199,0.7892467153625174,0.7787260644166685,-1.0124612382391995,-0.4024291891030722,-0.17723768924046723,0.47523909567297673,0.18758356586498334,-0.10729628972620162,0.07999926228375456,-0.03439260306064537,-0.21641504131589395,-0.42037336720491736,0.0
0.36790999917011563,0.5417484314529863,-0.18148881936887046,0.7805778552085224,0.7563481376524606,-1.0168215191359338,-0.4138039763961532,-0.13982756399541002,0.4732430612291597,0.20770908271760521,0.13727863172710453,0.17137163377313153,-0.013957420201029597,-0.22919157895460862,-0.2297799436328816,0.0
0.3919548578657033,0.47775987478554904,-0.22457946446676533,0.8997232466811952,0.820987617863512,-0.9822410043042296,-0.3963907760796348,-0.13753730181787927,0.47904589272991643,0.2960047083478393,-0.0002569693670928519,0.04505715011376467,-0.017937688094164028,-0.0984563205628205,-0.2598840390431686,0.0
0.4199298655842039,0.5454840068446877,-0.2584218306121787,0.7159331340684889,0.7765285960998599,-1.0120944620918604,-0.26931015538493935,-0.0089916897480979,0.5080899593979761,0.23681900217696406,-0.04109280675309502,-0.10964714701377698,-0.03423410805591957,-0.17934057236280077,-0.2729108910693862,0.0
0.3955272332958597,0.562266288880041,-0.1838582926222786,0.8200679667811082,0.795286996898922,-0.9655778734661341,-0.3816884760477583,-0.13357977725825596,0.43198662285876754,0.23854044546532177,-0.04706403746096589,0.045485216599334105,-0.18054449919302376,-0.3846091292796722,-0.22790370760776543,0.0
0.3905602557730491,0.4752221221669646,-0.17882075473061135,0.8574993022084049,0.818004295340908,-0.9330206373218364,-0.443069034274689,-0.022698197862707048,0.48016893819344736,0.31409987973384285,-0.03389831656867006,0.1734941658229575,-0.25406582373571296,-0.1715596742311487,-0.4041710847929473,0.0
0.3977740197974299,0.5255334748331096,-0.21909684306813904,0.7086995296730437,0.813754621892423,-0.9630267606202607,-0.3822664865775156,-0.004995100915131702,0.5572495201052184,0.3452940122329687,-0.0195795489374727,0.12014897550024117,0.0033718801142282318,-0.02082100144336134,-0.48720743515901976,0.0
0.4143657937899157,0.4980981670415258,-0.1270046777929062,0.7976131384129143,0.8630158639607877,-0.9248916333303924,-0.40836001787536935,-0.03229731736183426,0.5550604120133984,0.312503696529432,-0.1363300376975431,-0.004366966404834319,-0.08406030916998167,-0.039198094582235304,-0.3052706376485117,0.0
0.4141351587004701,0.5308133303243173,-0.2652248437159903,0.8570191075448417,0.8530039413121634,-0.9964643189602581,-0.405435776702402,-0.02690852802014499,0.5531332687922887,0.3667404318341887,0.06184372541019105,0.1666218820302457,-0.16937425093588543,-0.09188253734968145,-0.15952159771808416,0.0
0.46083360885009733,0.5224802507938864,-0.1854610798663057,0.82668802948921,0.8651703863805406,-0.9660676493822054,-0.40779657377342526,0.032301021232237395,0.5043916043696921,0.3964793666739758,-0.07424469091846547,0.14294851524826307,-0.1819685578943283,-0.19248136660503348,-0.03838386161425286,0.0
0.40566426625953833,0.5425860849708095,-0.1889748277928732,0.8485892849217633,0.7647176720760596,-1.0486867801367783,-0.5187371785712831,0.0026418777440777794,0.6179044643768445,0.42500717380927855,-0.1630813684743081,0.030278915798047673,-0.18625942143482604,0.03725241720134359,-0.008164773508592536,0.0
0.43702240237146633,0.5413995222534815,-0.1822375080917774,0.7587763847154687,0.872650667035218,-1.0217807547899036,-0.42897354088882544,0.06440549377262389,0.6538896976394677,0.43627018054825606,-0.11372322862089991,-0.11922840969753172,-0.0689355655139034,-0.06955499743817645,-0.12518893171951223,0.0
0.45539185743724375,0.5048088213650624,-0.20656292961486009,0.8696288907925969,0.9098326462979551,-1.0020489146695064,-0.40440261682595385,-0.02453013239211222,0.6292500678909576,0.43561528913980657,-0.05721764434106413,0.10173761132095563,-0.05341344010627709,-0.07182012487208823,-0.04742154925276661,0.0
0.3270742633560496,0.525490824016772,-0.17605570959384748,0.8106127557783827,0.8516177441188607,-0.9283424811103104,-0.5345338266350181,0.14022216038810822,0.6683243204028979,0.4671218772695285,0.036429262224697605,0.15493770178684652,0.10093076399323983,-0.04385053513925144,-0.14640977423827492,0.0
0.3274034990817163,0.47339855788293816,-0.2708142710198443,0.7453130777849525,0.7296021658588706,-0.9772256054455012,-0.4991047753937749,0.054130425773674454,0.6800124232130613,0.4700218597655234,0.16062044417642726,0.01009854511771166,0.13390131770332686,0.01527887303122781,-0.20140666523319983,0.0
0.45857049571956116,0.4816954337543118,-0.17703286069326243,0.8859547288427994,0.883647809466299,-0.9651595884923435,-0.5547097585976908,0.04356464330417447,0.5965100989900779,0.5409666348571904,-0.010810392987364137,-0.04930839853510252,0.033999894331222,-0.04839970681393324,-0.002295956718710107,0.0
0.42236695770783345,0.4801881940634789,-0.2775715863525068,0.8167795503799372,0.892946341023204,-0.9460691167636183,-0.44131921338052515,0.20085945054789325,0.7272766803474016,0.5005783878492621,0.09435710240782053,0.042726581054358566,-0.12577952622353528,0.12160306819552058,-0.07771933028424317,0.0
0.3998126124271719,0.5271658398009007,-0.260767683164539,0.9081351063498985,0.9151513577543444,-0.9863381006554898,-0.591660758046166,0.20675449941465807,0.6895991851398029,0.5287636650232378,0.17057763292869993,0.11603824364503296,-0.10724581137016784,0.18772846151373085,-0.1664044157972506,0.0
0.4122156442129855,0.5622172413998454,-0.2467255679431602,0.9251015774498044,0.7206447278557822,-1.0419641628561156,-0.6081300665486953,0.06306285792226057,0.7082825404625058,0.44815991470315086,0.1454162823875698,0.20865108759844261,-0.052581871533370614,0.1943610316923272,-0.09088590374110668,0.0
0.344626579992626,0.599967774838005,-0.16955802926166214,0.8325187259171754,0.8780725431681505,-0.9805627182465725,-0.6228528733912847,0.15354855485059535,0.6635715547539099,0.5661146269665663,0.21677178323129304,0.058602544944292206,-0.2159199685132278,0.12463765909526982,0.025073056258400797,0.0
0.44057428549708405,0.4661445371641857,-0.18088269437397728,0.8234182899228116,0.799854675357491,-0.9331470403403728,-0.540283597315644,0.15169530787669017,0.6984299095581223,0.5461651811788628,0.2870329856290026,-0.02399285719094653,-0.18697739153574883,0.14471972609394873,-0.06097170835124286,0.0
0.4685746525776421,0.5725587754359451,-0.09981594301613891,0.794063584680535,0.8529359291525411,-1.0975940552450523,-0.6099275633210774,0.21204834156374583,0.6855755189782783,0.5453487552055892,0.14823782660151513,0.025077944075206547,-0.3322171241574079,0.26243343491515847,-0.003911819867889757,0.0
0.40316763552141316,0.5456222838272486,-0.19728551330467517,0.8428015147071348,0.8784467854503649,-1.012694061324372,-0.5299592690102355,0.18987038009730148,0.611471655457629,0.6452928416593686,0.08050914043516114,-0.029725441136876418,-0.29274062763792136,0.09265562765237084,-0.11202508690003216,0.0
0.35761676326969805,0.5143542225497106,-0.19615292002908544,0.9066175193991354,0.9006066589048652,-0.8749203315388917,-0.4486422897247466,0.20347772413438334,0.6752454753207223,0.6369439457237877,-0.10419601267054154,-0.035125444838889734,-0.5293294406851126,0.05927684638206611,-0.0675059966901623,0.0
0.4039177741444007,0.4762450288412265,-0.24451626414740552,0.8985520906665477,0.8976940730285369,-0.9887853556850847,-0.5249482297246122,0.2785495870645701,0.7713750104045403,0.6570209948967565,-0.20581362959299282,0.07877454108312262,-0.5688719461477946,-0.004751766364290699,-0.11653359985465861,0.0
0.3941621683003102,0.5957710677515767,-0.24466617828448167,0.8833974809362449,0.8671968544571884,-0.8907782697699975,-0.6361372317145222,0.25783243736836287,0.7442267413710154,0.6328490292996608,-0.22054782071110943,-0.21455381815591668,-0.5902686648301539,-0.12981174589163344,-0.05169761970229984,0.0
0.4405089664785171,0.639514221285971,-0.14224506136198506,0.9250455542018579,0.9219176817757775,-0.9640001599341477,-0.5645968912362658,0.3173502441008982,0.8462940518832927,0.6524571560776108,-0.0743024097356559,-0.22777161404390905,-0.44709964378320277,-0.09023304296884668,-0.028736387328972553,0.0
0.3741011440511858,0.5077061714122144,-0.13745635168551537,0.8891348449486346,0.7842456763515513,-0.8941483175020772,-0.6935734089052784,0.20548320991071328,0.7472434482614593,0.6140222240137134,0.09396953056624074,-0.1443796467803392,-0.36288009809522176,-0.00023937349667957353,-0.014490597174998138,0.0
0.38176120323488066,0.6120961195362351,-0.29226009998486013,0.8823856147943618,0.8526644339489127,-0.9609058663523026,-0.6547883827927412,0.27724731280237763,0.8363649322586302,0.7280998790358596,0.23472883682462187,-0.06352198102767355,-0.24882377030339253,-0.06827069025748035,-0.12105647288383894,0.0
0.4424518919221518,0.5405901808144569,-0.1678356724501402,0.8681613891706063,0.8101724185647828,-0.9702479037623947,-0.7015661592210898,0.3736527708906551,0.6977626177222527,0.7185949176291582,0.1496678554348096,-0.13107084533095475,-0.18068727038680366,-0.08816252324877136,-0.19716815763822082,0.0
0.47116516700143607,0.5669889557374539,-0.17687134958751244,0.9375989013455592,0.7595073243277447,-0.922957305954922,-0.6266039808570937,0.3360942318836677,0.7394484939326517,0.7525303624211329,0.07049302126363524,-0.267884153187453,-0.30968122602644993,-0.14864221063986738,-0.330028935693197,0.0
0.5111745506751938,0.5395125610465066,-0.27341127587632086,0.927925179746975,0.8962673856474926,-1.0066464386262126,-0.7476313438793729,0.34937888768415537,0.7409182879080319,0.704524739038721,0.049987597186208585,-0.1459504787066653,-0.3106354426771336,-0.16690987707714067,-0.2807356222775157,0.0
0.4412669901091991,0.557274440503584,-0.274315714063373,0.8531438004934618,0.8562439190361602,-0.8575025260420494,-0.5935966476547141,0.36624929871565537,0.8014558289066638,0.7152744739735348,0.08420311186681514,-0.12098156040573492,-0.23575445010918958,-0.05094281300234564,-0.2941619305665644,0.0
0.4486100562643359,0.5731814437444849,-0.22827930779853728,0.911547144319975,0.7601557261759434,-0.8670057141114752,-0.6346262313864998,0.3483144200376834,0.7672840759307642,0.7445837477908032,0.10867945309921317,-0.018166787373570817,-0.2915142390156969,-0.04746860658277263,-0.2509272752883652,0.0
0.5080744489114299,0.7040851297638658,-0.19117070822254698,0.9126749189619523,0.9411466459286016,-0.8661625287765091,-0.7804414278791149,0.41308306948235435,0.8177547664911541,0.8524356730566509,0.026763603167411207,-0.05340332443122001,-0.1792802466919801,-0.0852012591255239,-0.22748395276606215,0.0
0.44766394853598,0.5334299298375863,-0.16398843518009598,0.814333220782514,0.8109796374619698,-0.9300626869426191,-0.7124330720388513,0.36820684758805683,0.8406267073571663,0.7640968274881386,-0.06747525074141168,-0.03796118151279167,-0.03148909237002538,-0.07661420168733947,-0.37111353361007626,0.0
0.4533584361164655,0.4667919071642384,-0.1777887865909403,0.9113218672395752,0.8985613715343428,-0.867147183752986,-0.7211668008511772,0.3253215305089616,0.839023909185699,0.8444349325329681,-0.05552007529935529,0.1436225699178718,0.02261584688877702,-0.09424679797039717,-0.4777004089772945,0.0
0.39059346448933174,0.523013465471341,-0.22730883024652043,0.8405968488387701,0.8760349825168482,-0.9271092452226389,-0.7129858931961129,0.45369005625952596,0.8221891566158452,0.8113908885868645,-0.04294206665941743,-0.008795263850865515,0.03925859482584192,-0.19790984934284772,-0.336213374929318,0.0
0.41725363433431417,0.5581094526144612,-0.16690466308507534,0.8829153002813435,0.8681505695344769,-0.8547055999056969,-0.739573652041958,0.3959873111317327,0.8449131374582366,0.7500524203298327,-0.0353411465711957,-0.1076167202823658,0.00048386883651690277,-0.1022454483559857,-0.2822948461315905,0.0
0.49663349298208,0.5578130762390786,-0.16158619215922293,0.8532361368496719,0.8464257724053365,-0.9694470396808805,-0.7746937004499698,0.5001821547222166,0.8437241725280258,0.8437671505620763,-0.006078154868048306,0.03411223250501834,-0.055447049194182044,-0.2032357715349376,-0.2470067802940505,0.0
0.46491743528111956,0.5836004617972108,-0.22643011261635976,0.8932786648681944,0.9187438178205508,-0.9174608672343141,-0.7553491171055873,0.5329368984301706,0.8490752603624321,0.7758327647787704,0.024013616463745776,-0.2539470992494357,0.00900389485287649,-0.2735471327549869,-0.25386126464107717,0.0
0.4875248727743953,0.5495155193785854,-0.20225718950386307,0.8457270131214579,0.8068409298943134,-0.7931260273033772,-0.8301867199289092,0.5023450185876758,0.8570970317230249,0.8969456780655847,0.07918305728261138,-0.2590789833481263,0.28304995043740483,-0.177427496428578,-0.20598619921168196,0.0
0.4597612455299603,0.5875346502671345,-0.24064299509366047,0.9148629269193663,0.9332396390414497,-0.9762582935541938,-0.838499418401712,0.567945332834821,0.8465881223100493,0.853587811016761,0.25419668114505845,-0.10634119110094527,0.50194549596366,-0.2670896995516728,-0.23454469279314566,0.0
0.4343352205800173,0.6236425205514295,-0.14533900596479324,0.9122929983716871,0.8804657389425949,-0.8602715061533827,-0.8025126846911226,0.47253080185599816,1.010096686890508,0.9100925423052201,0.29724079029429223,-0.2137262125540655,0.44927961429493124,-0.38952600302466067,-0.07392048879142157,0.0
0.44080869290365704,0.5474709509258981,-0.1791691999515218,0.8241883982946896,0.8393106789790097,-0.9107955667010968,-0.8117254062429783,0.4543391617719108,0.9988805170209969,0.9444281776955255,0.19194256992770292,-0.16037230949531173,0.2631517644653238,-0.35384634977503376,-0.17406128420505673,0.0
0.46942163854124935,0.6520229905247529,-0.24759063352073057,0.9322872914000387,0.8412034099248364,-0.8228167199845755,-0.9315477875565078,0.5301516232309439,0.9726834467496158,0.9063764982235797,0.2846414225383651,-0.14519665210109595,0.16551094898551433,-0.3340321407704517,-0.042512817609828765,0.0
0.4260603698993848,0.5189153382617824,-0.2879148558018479,0.9717738441535403,0.899785721921925,-0.8457955139771028,-0.7699576232991507,0.6375899930271645,0.8400938934212162,0.9235702848348374,0.1424819467184002,-0.19202761871294227,0.0992013590582836,-0.19921783065687512,-0.06621523522150771,0.0
0.41797134172775385,0.692226118436487,-0.17732149877260805,0.7499786231797949,0.7874861179694619,-0.8691675431898253,-0.8212272021904083,0.5753619995206002,0.9056981558258695,0.9351613548823838,0.1313109394313454,-0.05565091718221342,-0.07125709874085105,-0.15682641313626955,0.08092847651305993,0.0
0.5105053909593098,0.6253826956988272,-0.2168141086561198,0.9087663991947158,0.8979914453862724,-0.7973150193042965,-0.9309274677457128,0.5383682048461279,0.8867003590475807,0.9613842676206673,0.1274983992120346,0.10874480592628227,-0.3160295034484536,-0.32827989439470096,0.05809631119692263,0.0
0.5819059279737523,0.6346642726673682,-0.26518699117320804,0.8801159488677511,0.8467610146291076,-0.8554056500334632,-0.923242531973247,0.6060944962769449,0.9761123120374182,0.9980842876812274,0.025527306149494527,0.11343491411512027,-0.2412951589984359,-0.4077069200365576,0.14064396080976163,0.0
0.5190171275216081,0.5876352914720226,-0.20047602441002038,0.8495559948176529,0.8962462217348899,-0.9167589495252602,-0.8698489850764336,0.6417517405104599,0.9009248343923474,0.9520449934888005,-0.08151182524410287,-0.08103111877088036,-0.2871304371996897,-0.3170608278857656,0.137369731482337,0.0
0.4028501563631552,0.6084733631086763,-0.14158870840153653,0.9408886590019083,0.847322178411874,-0.815987796865479,-0.8798957433322163,0.5266497245055074,0.9469641617292229,0.9639108245820985,-0.0513130598053749,-0.0771998122057652,-0.33203174338932995,-0.3249359604380738,0.18373706408004775,0.0
0.44978779217722553,0.6785660936048924,-0.23735207058450936,0.9419438667606647,0.955736473154859,-0.8317752661099493,-0.8946890185261396,0.615037689750246,0.9549386050614648,0.9361224050443159,-0.020557338960260442,0.08765595332259035,-0.27330946716812954,-0.19761885353027875,0.3481170360918592,0.0
0.44381429046676724,0.4862915054634178,-0.2074170679348904,0.8238285255804205,0.8605993116587634,-0.6890226974872524,-0.9101133025748376,0.7189839643910301,1.0115093602490994,0.9036275172248449,0.09587031987336395,0.1682689336312524,-0.3002613167315996,-0.24102852031959057,0.2799669448132698,0.0
0.49660566925870403,0.637841757906816,-0.10610658891337321,0.9431098250017017,0.8067650837510969,-0.8347197729014804,-0.8493955346536883,0.6451364461533399,0.9736243547529801,0.9599262271319076,0.18784156551909037,-0.03747669394388593,-0.3366299149335089,-0.2096268220989115,0.2184450252394803,0.0
0.5417544931922558,0.533244243479946,-0.24982113056965077,0.9103537077740028,0.8033650814915788,-0.8286854193836484,-0.8445864888647714,0.7314112644081396,0.9130117669647753,0.9995094875745035,0.00895302968728326,0.1405378369142942,-0.1377163253280955,-0.10757538537418512,0.13604111224539567,0.0
0.44907635104322713,0.5922351854601231,-0.1659790096197764,0.8653361949795301,0.9846129271947497,-0.8243733487378541,-0.81160270383942,0.6242159967378487,1.0067277884949193,0.9464520066276151,-0.0359638445395315,0.1450565568915183,-0.1721561551280822,-0.009955627713639545,0.028039953014056263,0.0
0.3867655264616512,0.5939011699420121,-0.1779105266743055,0.9903307654447078,0.8939531329746065,-0.7807974530781256,-0.8469324637169291,0.6889385822175331,0.929473147626061,0.9323087410482102,-0.07540998488294261,-0.16952231897006712,-0.2682147905849527,-0.05505292785904971,0.051153444131371545,0.0
0.46096005722856154,0.634197958273901,-0.2381615644978885,0.909166989031092,0.8433341026330254,-0.830019174730286,-0.9397686040915509,0.7511481624526242,0.969514019377913,1.003376849484199,0.12294872993892764,-0.15616053953437714,-0.23640873314128852,0.09816230767442613,0.14653278030051092,0.0
0.4816252192271487,0.6083391102910354,-0.15816467420428576,0.9461736792826555,0.9144074455497018,-0.7005020892169729,-0.9377654626302627,0.6068681605326649,0.9834333603386987,0.9731575065077528,0.14257692875353156,-0.11409096407561518,-0.2868831539285055,0.20276085938839256,0.03063081137233331,0.0
0.5307963954631962,0.6036560230280001,-0.16951317793793,0.9606516329607954,0.8720670034451259,-0.8217132360455454,-0.8627092951352009,0.7249192263255186,0.9889644030240169,0.9773544099129885,0.08956981679204407,0.08381717484124708,-0.36489263005817607,0.24168765318795235,0.13594727042539156,0.0
0.4182682290211265,0.6199578157198888,-0.2521660531443729,0.9445130776134173,0.8385163677859062,-0.7293390129933441,-0.9550550745172819,0.8127791223529603,0.9949094389482162,0.9467969781178671,0.09399622940371175,-0.1041175700837971,-0.38114613745936743,0.022846855240955616,0.09850159055684893,0.0
0.4696083875580478,0.6997658563645068,-0.17770781920850076,0.9062855085050109,0.9590947904792952,-0.7275546239706446,-0.974629936872744,0.705784781988552,1.0083481269700456,0.8913949177119473,-0.011860025753266612,-0.1957271133128532,-0.3086648868639688,0.06481495944228971,0.1212298647224226,0.0
0.4170454383088048,0.7154599167570044,-0.2286570400839093,0.9594634992497081,0.945809693641163,-0.8054317086092172,-0.9031548978738926,0.6488536317299702,1.056069313035011,1.0691848809742488,-0.1020327935915985,-0.054719317911800514,-0.27536526842485304,0.08120828042608534,0.0269187149448311,0.0
0.5300172529938103,0.6222964640579038,-0.22475063189797811,0.9662371022365686,0.8323664147596155,-0.6899047438765713,-0.9573240606155142,0.753441134606744,0.9336376802750084,1.0646262343047843,-0.14309822790444954,0.08136489186910867,-0.06881971257454986,0.12971381940215362,0.13746691395619998,0.0
0.4802175222559562,0.6089150173602906,-0.15681506217241709,0.976986706931102,0.921438167964852,-0.6566112313935976,-0.8502995556506652,0.7961273459752797,0.9489705484708226,1.0373738457247115,-0.17716097453236496,0.10353130117779541,-0.268875656247813,0.0581637871189889,0.18846277608060635,0.0
0.4621956388526553,0.597505866882352,-0.1905038798143067,0.8682325285110878,0.9513760257870048,-0.7484493442694015,-0.9309525010442488,0.7372247025947867,0.9703435166635136,0.9643777885227838,-0.276546465898441,0.023459476618578987,-0.16807757718365673,0.2740478658313699,0.25202674428359323,0.0
0.419621437651309,0.5940059098740694,-0.16824322416023269,0.8920957251303473,0.9278986521275278,-0.683584110666401,-0.8334669311902744,0.7727285463807492,1.0463165461880595,1.0289372704783575,-0.31527953563844574,-0.0007857073766910916,-0.19931995584262174,0.12966121689531296,0.3076391979935856,0.0
0.45922363208551087,0.698570330825781,-0.15444294209032758,0.8955335338940607,0.9307589705000662,-0.668817141372223,-0.9643216446831924,0.8299338753783952,0.928054574962601,0.9813836757247403,0.0027338059488752897,0.02208205392712535,-0.155221101405587,-0.20362213046238903,0.29608937513216116,0.0
0.5342558286224879,0.5344792896105584,-0.21414083816230609,0.9711541389571411,0.993704611109498,-0.6508493836461591,-0.9671841091105925,0.8968967143677133,0.9976574232391398,1.047297587923871,-0.0594081288106245,0.10846747826692786,-0.15724626749571038,-0.16930049472875766,0.3342330009454618,0.0
0.49140073911579024,0.6650521485878494,-0.1118704802959567,0.8982748755173309,0.875137596422547,-0.6201226453662628,-0.9494297721814018,0.8716772295487946,0.9378522597361899,1.0195318597245109,-0.2350749591501064,0.08435394813074318,-0.12052951344378103,-0.0018873897267369655,0.15684709499406427,0.0
0.5447505658751279,0.6322222037912898,-0.1287214191993145,0.9103385682147686,0.8896336763836212,-0.5933380152600058,-0.9429494231066566,0.84805690747356,1.0354614217067055,0.9395709314728911,-0.2799116989497823,-0.05371227422860279,-0.30684644276384754,-0.07199141963523052,0.1995031418981116,0.0
0.5072282507020781,0.6084195928586397,-0.1998816024046236,0.9675886863622192,0.9183896221200162,-0.5563045364348373,-0.9197360194189033,0.806348050042564,0.9508085531701678,1.0382570620094669,-0.2995783452096076,-0.0831232514214665,-0.209917929777227,-0.12262584274002146,0.12689813146694984,0.0
0.4617719258078128,0.6553346708172478,-0.2117639516218959,1.0298254931567412,0.8837167615299368,-0.6316733130266249,-0.9330356991897303,0.7581672733674026,0.9343729452983595,0.9440660750727852,-0.15497209131487732,-0.07998100733980058,-0.06324682120944303,0.01546711101055176,0.19988855195721505,0.0
0.5752684567258373,0.6038501793895283,-0.2935592512874153,0.9001922385809882,0.9405511687091932,-0.6077653325400582,-1.0195741237290514,0.8839345177843014,0.9969763671876725,1.0029615872084192,-0.26432799060025675,-0.0945181906987168,-0.2841520955805966,0.14839741548877666,0.22770157865320748,0.0
0.5298641073793123,0.6389261615115146,-0.17710706612544552,1.0430590785042928,0.8794300427837909,-0.5061201639137212,-1.0415346478070544,0.7903354608803128,1.0431871126240388,0.9415687669256001,-0.0354132306217603,-0.05684383621702479,-0.09978486661756031,0.14446491130549227,0.21002515953569598,0.0
0.5300001048158024,0.6025752479553418,-0.21708569636443176,0.9872351066235429,0.8495548043608445,-0.6097204360807111,-0.9179095484714151,0.9106073569020824,0.9398628611619646,0.9982881829175227,-0.1837790929578078,0.10303272872892948,0.0004878167222352736,-0.0033885661433949305,-0.009068382856283114,0.0
0.5154101100762143,0.6595607909755259,-0.22232317007916289,0.9360631842562801,0.9081235193111693,-0.5918420285369772,-1.0339784791997644,1.0017369601552693,0.994337625266503,0.9812893363373205,-0.2754598655941891,0.046347999233903196,0.05885350064340028,-0.03369168148743977,-0.0027836268342986466,0.0
0.5169346129852256,0.7184458274552857,-0.15538609633372785,0.9831927561243352,0.9896780912300909,-0.5248447686406661,-0.9498812025431087,0.8679866976318483,0.8639922033453568,0.945983333537449,-0.19015758544162326,0.10088311530941235,-0.15492508223324472,0.11750595514141904,-0.051179708021135445,0.0
0.570076777375969,0.6184694059176692,-0.303004323986836,0.8842561334102692,0.9362073030253963,-0.5717021373535451,-0.9273115789321167,0.9283291987485502,1.0401754687843041,0.946872951244787,0.00341347610030171,0.12092418254745321,-0.17694901204134794,0.010514033732919842,0.02697628952848591,0.0
0.4541959701093813,0.6828526118256659,-0.17052204541971455,1.0014241730298414,0.9336252962054092,-0.5556171240498097,-0.9984453093690622,0.9616221675491299,0.9795435390751291,0.9579041347544285,-0.0002859018326048916,-0.06661109641725454,-0.1933297680814654,0.1864838627231,-0.03751021788978834,0.0
0.43309304959041484,0.5912818161853373,-0.12563288351059015,0.9194329622871479,0.9702731352885674,-0.5105042358577557,-0.9878463805293386,0.923954476845371,0.9405581679182242,0.9858272966829881,-0.022091082527802498,-0.021877936937640546,-0.18808246156485608,0.17358637940264834,0.048067618441199514,0.0
0.4221180493240001,0.6108643086449765,-0.24732722318606873,0.9858441153232184,0.9236931178369179,-0.5461034058974817,-0.9398682334449031,0.9542415678820582,0.8954946534984223,0.9990011273179473,0.28927046653413524,-0.29421671127306126,-0.31084222142265405,0.2694260950228592,0.15727845127624185,0.0
0.4268536103393323,0.6436576069479247,-0.11981318636529315,1.0494960743823811,0.950206412796814,-0.5450454088438464,-1.0099452850831634,0.87622686213407,1.0395996817053028,1.0522984328721015,0.438895572260645,-0.048327510260057494,-0.17099052690997435,0.1935948281266725,0.06747308574492687,0.0
0.5471327351737004,0.694266246891647,-0.17706515496748618,0.9619823934886479,0.938465357861865,-0.4635284128225865,-1.1099119363957735,0.9050912389416375,0.965606854340537,0.9874003400071146,0.4289208964797666,0.025440515859686843,-0.3236511770008016,0.3246952856206097,0.10658047383556736,0.0
0.41125614108913217,0.6599228416895204,-0.25528440785348305,1.0297352907892114,0.9767219053359781,-0.5580186920604475,-0.9875698375638514,0.930649850935061,0.9469835125734922,0.9571565875384548,0.2070181832637492,0.0550424853424593,-0.20445896695085275,0.12616927903602082,0.08038615437348584,0.0
0.4977777948060621,0.654579355114649,-0.19576406884286593,1.0521056131655677,0.9520815717976134,-0.44527437166329037,-1.0215450849689518,0.9602077467472366,0.999339105071075,0.937317486556254,0.29096105739284583,0.21141100366804705,-0.2542598244665403,0.17792077922924082,0.31867491109096546,0.0
0.5030473702932486,0.6315787667614026,-0.16481748080786593,1.0298896328902802,0.8710152272297835,-0.467442403580985,-0.9362939846507435,0.9191688504090796,1.0318306398831627,0.9033119624371215,0.3475474880218616,0.08961433358933836,-0.3492257790092104,0.00728114617692005,0.21460606413397235,0.0
0.5280606386037279,0.5761165609854988,-0.1865791180406554,1.0747501879887833,0.9659048779947329,-0.4523278409460264,-1.0632201145640257,0.9924914544819818,0.9833150509795348,0.9200974973361304,0.3143453349099324,-0.08606615390374267,-0.3872789320545673,-0.009892147653909687,0.2505221154238738,0.0
0.5879417304085649,0.7425808925249237,-0.16538428710420472,1.0097963880793563,0.9245463921704574,-0.42798835237221233,-0.9916744399483091,1.0742954668388949,0.9368736948717824,0.9467825622038563,0.3498172392539319,-0.08415649449363836,-0.36793256037249633,0.03596353004518758,0.1525512391489787,0.0
0.5100273281031458,0.6998493091529637,-0.1907888259388807,1.0022718575624892,1.0197089592878041,-0.412659120699461,-0.9863415111032772,0.9912391995203711,1.0359936867380053,0.8872006256423407,0.1392116233418307,-0.07832058343139475,-0.4225024434969165,-0.0878324056806534,-0.05002815585536691,0.0
0.508653111621519,0.6295140053026247,-0.23449892917844503,0.9555725649909331,0.9924779222796731,-0.3973222638689457,-1.0096798242812097,0.9320473199727857,1.0156228733961288,0.9464070246489529,-0.1868376507361329,-0.12273160649735149,-0.3393421111009749,0.009718701817579015,-0.054131968241286965,0.0
0.5065159516975413,0.6457107300905627,-0.29882297597038576,1.0309879681142047,1.0326708966356262,-0.36363932016376566,-1.0251013741967998,0.9630245537257264,1.0070910567102873,0.9602417605383617,-0.07272779300772729,0.05551982488585343,-0.29303333350221183,0.15548933866013867,0.025607900713325776,0.0
0.4973763580439701,0.8345173750603725,-0.2408386023029913,0.9156232373803521,0.9701469551555596,-0.4589165889360974,-0.9399892135960337,0.9467763343220866,0.9748179347452905,0.891691791481226,-0.1561423883754268,-0.10045336345517819,-0.38822683965203186,-0.1428458915110211,0.04534401874537943,0.0
0.5684772394885775,0.6425126966284053,-0.28020019163512816,0.9591291314518191,0.9948207472038414,-0.45792320709972506,-0.9735523978604789,0.9931478027261494,0.9426598702243157,0.9684460249876532,-0.1798140586341005,0.026738077526004655,-0.31422974258555575,-0.11509300505773123,-0.0014399895016929468,0.0
0.5123335006760725,0.6857150191944926,-0.16942695202966987,0.9851733955625747,0.9740843282127761,-0.3969814785892328,-0.950810371384838,1.0201435729414468,0.9961133427476204,0.8055256344935693,-0.007824543417672247,0.0015049924242169672,-0.4298552203759838,-0.23555291441612758,0.03433659090986232,0.0
0.4936137163051798,0.6972343773878918,-0.210996026191477,1.0416492312369676,1.0553096428912796,-0.4136774940128655,-1.0340558413912673,1.04707288742409,1.0426164701458558,0.8744956714311357,0.1450674447953208,-0.031868619929759257,-0.36778831770152864,-0.20960789734635385,0.026913667840609494,0.0
0.4861888551285962,0.6608565699883134,-0.2162790962318686,1.0480044073246835,0.9761672461546913,-0.36935939747496427,-0.9705308402549729,1.0620749959061122,0.9864811146627835,0.8789118519821404,0.19871101720143242,0.0699397844976229,-0.24721080672839885,-0.10041950304683794,0.06306857863800247,0.0
0.5726181343914145,0.7086969674370897,-0.11939437094289092,0.9239617535218383,1.0046451145403275,-0.2950327223906125,-0.9837021488362796,0.9579789162661153,0.9428984544296235,0.853483953964883,0.20676221949322682,-0.012155911358577631,-0.33843837155775647,-0.06834698712352098,-0.06950767646947231,0.0
0.6545445610870106,0.7158645455640478,-0.1250952817277597,1.0041153095731594,0.9315395707075772,-0.3496624603688461,-1.0130036263031454,0.9775287020149627,0.9112164384808386,0.8260295894788522,-0.008250815427922664,-0.01318099369151158,-0.4572040925081736,0.0214624701896146,-0.07653145481557608,0.0
0.548269450400688,0.6757284569289176,-0.1528825444425566,1.0798978762222025,1.0272620418292062,-0.3098327226555965,-1.0503360515946305,0.9732547106471741,0.9929650579880506,0.8419063149075011,-0.0751474352844774,0.07677783359795136,-0.5263752848236061,0.11230561440403597,-0.0672241904202582,0.0
0.5760966474742825,0.6935874985613174,-0.23704654629580887,0.951238046793549,0.982696856864365,-0.2790498301907585,-0.9747500629933765,1.0755587056856262,0.8559979965875125,0.8111509731029573,0.008116134149125341,-0.08541655636173237,-0.2986576984971401,0.18945162493972956,-0.019417632597146933,0.0
0.6328887152530366,0.7375374965844024,-0.21544579692051874,1.0147059628575037,1.015117907737389,-0.1842909393999031,-0.9672851235272241,0.9257425558837223,0.832186967270942,0.7979748133152804,0.15773750829676958,0.028829094208482384,-0.4284117829591386,-0.005826525501999386,0.025209700052670748,0.0
0.5991643144727985,0.5913397873178893,-0.1939684970633158,0.960320203134534,1.0710353902531708,-0.2758569313559146,-1.0004461587551705,0.9499722504465229,0.9700241108311484,0.7377072650103563,0.05309096373460581,-0.09695496564206511,-0.5042520462531443,0.12539260374161837,-0.08339700223928816,0.0
0.44862994642664705,0.5680266061738245,-0.20909938532454522,1.0543875055327125,1.004541408791212,-0.25942569883245015,-1.056838346323152,1.0737357610249145,0.8536038420962931,0.8501728302085536,0.0004379172912250748,-0.16126583522625804,-0.47024604745484094,0.18398504021593648,0.01684429511525927,0.0
0.5669683829156261,0.7671087180208236,-0.1828536366965442,1.0018800034951234,1.0176163154982834,-0.2303709136496639,-0.8663757859360287,1.0462827136898198,0.84158121205795,0.8425195149684079,-0.05030153806723644,0.008722705289839067,-0.5398302748090658,0.04302093044571241,0.0397183718093022,0.0
0.5710373433135263,0.6482113866525113,-0.15709791828988373,0.9785321205101993,1.0336772588089809,-0.2510890498721188,-0.9657499992366795,1.0750634770805179,0.9108515270541734,0.7515754752379391,-0.020041901366277582,-0.07554560021731295,-0.438658178083839,0.22395890668134655,0.16408060922623852,0.0
0.4875921776330394,0.6428532403118782,-0.11882500899528226,0.9873629323958881,0.9778808684158146,-0.2534552223610945,-0.9849614712207215,0.9293275784145276,0.8518661541608212,0.7539319629034105,0.15016207909841994,-0.1516336118670966,-0.4686679657002508,0.28012846338526826,-0.011342841036721563,0.0
0.6130967494258696,0.681675455129824,-0.20791140067287403,1.0139045066975625,0.9638063938487756,-0.13857605125456438,-0.9828745077436265,1.0005731271304048,0.8308663120841057,0.8206820436011961,0.1145368889719262,-0.0004381250602335379,-0.4889462614477764,0.08317252705892905,-0.06432433616090799,0.0
0.6069620491967403,0.7083720561558239,-0.16908887111342652,1.0415302275032197,0.9674535606745862,-0.14241762586097342,-1.0031535185660636,0.9245280370439424,0.8626562388402851,0.7752869792553558,0.09298326396165497,0.049754092964863716,-0.6395124042472196,0.047400186729362026,0.11602018680642553,0.0
0.5895904146580877,0.713629330958366,-0.2450880934484707,1.0595052670866134,1.0436292143975874,-0.21288633934220896,-0.9059093175515106,0.913454762688886,0.7944179809480196,0.8033846360263106,0.018497143192816243,-0.1608282012337918,-0.5051925043624689,0.12183047093950751,0.1031295495893726,0.0
0.49032355688808493,0.6520229709042815,-0.1869192208612622,1.0203681873146315,0.982140481022125,-0.11874489814467147,-0.9225370814769875,0.9962465148517001,0.8626982286750856,0.6614977508265851,0.06562230159950606,-0.044505073187060984,-0.6144351465118938,-0.0070378977753537825,0.12237462715612335,0.0
0.5817291975851104,0.7280214355040433,-0.13761061925148207,1.0171063665703581,0.953563106228947,-0.09503103110643414,-0.9426089804390035,1.0461460116393868,0.8717601445393567,0.7375063600888885,0.05193538858993485,-0.011263934742014883,-0.49683770292371765,0.07671392176538683,0.26589050609504983,0.0
0.6094947093062817,0.6638594699486124,-0.15300766805896787,0.9566670802306285,1.016500829001605,-0.08476747971892344,-0.9929729731930358,0.8854984949044357,0.7647454335724719,0.6631775381938415,0.010207940209573451,-0.05269232334070645,-0.6868746175343569,0.09957247974819738,0.289042335385448,0.0
0.5043531413425146,0.6100701630775194,-0.16263337340603976,1.0681161579298677,0.9572484842754975,-0.11996533183432882,-1.0017736640412624,0.9875142034787758,0.8345443446286962,0.6373298209889062,0.12640209932627974,0.05781823409927092,-0.49062299020741407,0.17106997092136367,0.25285540857482675,0.0
0.5956824536018962,0.6785412590533957,-0.10262487499337836,1.0570666199406102,1.038701995571709,-0.036892868560872455,-0.9506166510686649,0.9944539136419315,0.8234431702505093,0.7395760583386596,-0.0019875806782119337,-0.11562451512026753,-0.28464302233509275,0.1331382976018647,0.08252492986437912,0.0
0.5799450457780693,0.7143976765217536,-0.128528752758544,1.0268310904558662,1.0881428897905276,-0.1270867993691332,-0.9621329893896646,1.0242660848391527,0.7388705042923752,0.6313904183534644,-0.057649482013931955,-0.10236472663036977,-0.2787686415109355,-0.10000821838082484,0.07297574851640519,0.0
0.6479968855782643,0.7289134432604988,-0.1873034380666434,0.9815655341092998,1.055132049476664,-0.016782543678663178,-1.0232448981606141,1.0388309304649692,0.7980104245871199,0.6383747962406517,0.0069530183023197925,-0.13930032775014695,-0.32072337639001847,0.07986122222913677,0.07098261122778797,0.0
0.6432102873829298,0.674373171834664,-0.1633208578164773,1.0854019421031447,0.9843414011415931,-0.07538240971668708,-0.9160605973376895,1.0212842390226715,0.8541465639966216,0.5468228619996457,-0.07076403130574135,0.0714160122872992,-0.3077258763489859,0.00798504191509014,0.009171580823369517,0.0
0.5401723544316085,0.6869289726746662,-0.22434785167021398,0.9918037412345684,1.0439990471466432,-0.10325804044700565,-0.8511807717846096,1.0757657148474666,0.7453077751720909,0.5512067495334048,0.15936992845663453,0.05630516257958508,-0.384885744887688,0.027963113209882047,-0.04291882436677219,0.0
0.5381210064059471,0.8665170270454217,-0.07308366356188069,1.0035984869318764,0.9905096598579656,-0.048444632871274665,-0.8928721385624909,0.9077112499351572,0.7523771553704734,0.577353576976028,0.14003708641075874,0.11526104779958846,-0.2987411252930615,0.061884024613720584,0.1380282918211553,0.0
0.6005401812263763,0.7254846349209975,-0.2466771056353938,1.132909442781263,1.0561068996666183,-0.08009864887837834,-0.8685799001958745,1.0439180868012765,0.7790884773603315,0.4858558014959595,-0.014076773312860544,-0.06290117196678849,-0.19092639704641823,0.09780658866288272,0.027217584461607935,0.0
0.5297937077021622,0.7136951567414557,-0.19692115369236285,1.076925834164078,1.0328662439902145,0.011325865799493129,-0.8949665457447721,1.0835859078883856,0.7158885687232901,0.5710405616923765,-0.09986521498787061,-0.09397210418570696,-0.157419255164133,0.05571575870721858,-0.012580675881702912,0.0
0.5736660828153815,0.7207179668897298,-0.2008835087942752,1.117552831374129,1.0224351579203579,0.044541813332096766,-0.8980521462207064,0.9403340479652055,0.787857765277734,0.5366515433571442,-0.030847875043598934,-0.021403580162139627,-0.14669435053764648,0.039005008111182356,0.25174931600414663,0.0
0.6356278731074678,0.7137995382215052,-0.2683744294790377,1.0467814032219338,1.0131984828107585,0.009104818658389836,-0.9392536301581248,0.9839498404185074,0.8382409630347359,0.5488066974867148,-0.09234348965055618,-0.03557195694016082,-0.11111305492048273,0.1615029821938356,0.1392913924031517,0.0
0.5761306316914792,0.6480055397067321,-0.137703521791189,1.0813107536392108,1.009320805614136,-0.09136828837684258,-0.9380960137823879,0.9052307056965866,0.6960478822308366,0.5468674931800424,0.036085606702780576,-0.032318811154397206,0.08353956788038666,0.1921836755860136,0.17577274445158186,0.0
0.5646874958690719,0.7103614386849196,-0.14520692558175818,1.0289640429739897,1.1083965180073103,0.0048274316556268515,-0.8464132753107221,0.9105541249358967,0.7372752203436019,0.5054703206615357,-0.016664693385468714,0.08397304004945043,0.07867008329889336,0.021756429263409732,0.06419567915565265,0.0
0.610054544885114,0.665168972735276,-0.1643154480293137,1.0789442503456896,1.0912819174498507,0.03393524332185545,-0.8207573428698687,0.98149328747071,0.6316747239551808,0.427725769658535,-0.06380486271151346,0.05560394640915445,0.16617528187961475,0.019134546494869675,0.08407772214040604,0.0
0.6671928596727225,0.750323203738006,-0.13749511622378974,1.0383194064525743,1.0780929015871867,-0.031653426024171566,-0.8931763514787455,0.8670159595158562,0.8459753157149172,0.4541088305927955,-0.11297343750304545,-0.027729986116097727,0.2129955755598455,-0.07983139290941699,0.16790461533089207,0.0
0.5960894180165544,0.6682756456098794,-0.16738522000466355,1.1034069241875692,0.9732119088490764,0.02574225061707211,-0.8053430083674493,0.9777119035758609,0.663743023018664,0.407287053183605,-0.1109410958545517,-0.02126941688211633,0.12527937196068958,0.06814421867155765,0.23086210375223373,0.0
0.6459016539989073,0.76614225296073,-0.15838611080449314,1.0519023529628564,1.0984687493590664,0.16013323169854415,-0.8756066237892844,0.9127333950488234,0.779246235114643,0.2992481595800827,-0.01967500442188508,0.051389293444270276,0.13483092459719248,0.0417526235462885,0.16453618005956325,0.0
0.550517126331395,0.758584859415039,-0.25968189101190686,1.0758232604042035,1.0656484127683281,0.1901120149319374,-0.8445840305556007,0.9155680315095805,0.6444337540132523,0.4098223421240461,-0.033956220732089815,-0.010953345720526579,0.19161442850792426,0.13109447303170355,0.2085949839614344,0.0
0.5521903075639121,0.8114965420551968,-0.16455197299900884,1.0778036625222012,1.1243209150662643,0.08140637215816302,-0.9021613138598743,0.9424467072914953,0.6522028851233719,0.34972661180970877,-0.13829188438252987,-0.14369202600286593,0.141640098215079,0.014426051533469042,0.09716068004675496,0.0
0.5839180425404099,0.7187091757813557,-0.11582844164732317,1.1159039186649131,0.9363934859537735,0.16274457162735978,-0.8489278920402057,0.8811488186377544,0.7014974789743914,0.331360747369674,0.003488734309276126,-0.08269886071705528,0.22459371527449895,-0.14984889495049597,-0.07015815371740887,0.0
0.6438131929444584,0.7440693583623222,-0.16650434611210477,1.0330758021475146,1.0430918579723947,0.07317668567617441,-0.8198112253817149,0.8849884889153087,0.5376259178657311,0.3831677199766669,0.05471291452261729,-0.016963423177282735,0.27855698006038154,-0.3733320791796119,0.05756355678604574,0.0
0.5589998109770792,0.6961958234411562,-0.20499362976699834,1.1382655913772721,1.1343644103932848,0.173946914176532,-0.806020653146228,0.8767986398064074,0.6258538407632871,0.30260646686447273,0.1848773303994945,-0.06163119853523419,0.22478935603171765,-0.2605142938074354,0.04642131409406981,0.0
0.63958409892231,0.8314596344266499,-0.1513065042691725,1.011983091273606,1.187006253926727,0.1378047701541782,-0.820937856854987,0.9486771521010052,0.6212899184576995,0.3803046475803321,0.25011654794302474,-0.1384501166594403,0.2546082753140585,-0.06427311533371685,0.08443358563637113,0.0
0.5253422505802263,0.7104142402061966,-0.1759320045445874,1.1399576895445263,1.0419700000100076,0.14177582668849292,-0.9068730416995888,0.9900485839478963,0.6149267878336763,0.18400940717681602,0.12104725151946116,0.007638868439878155,0.12733022595760202,-0.15334003896824416,0.15827007212053984,0.0
0.6497129619760793,0.7494005635640184,-0.15557146398430216,1.0976989666827734,0.9737678622376772,0.17340040015301958,-0.856519502388184,0.8959441821084955,0.5946809597668331,0.2206405094966988,-0.01870199523174622,-0.15948034466684122,-0.014173775811019071,-0.06452894936865224,0.2482168296335462,0.0
0.5909355230067302,0.7759088028458248,-0.17039425309327183,1.011965289529697,1.1104834033466542,0.20816890348444356,-0.8293492301897418,0.8262073153875096,0.7284008106224508,0.2637080316307448,0.021710674306644827,-0.1027911140274543,0.1399490607966534,-0.17318678649815,0.2468021842098819,0.0
0.6416092808986646,0.806302669230474,-0.15518315974515995,1.1046398641795434,1.1481776395310903,0.1203419890009248,-0.7080797137415673,0.8851083572672395,0.6273452765909302,0.27817663763218625,-0.024747800616493763,-0.07577146632886295,0.14155441526694762,0.06650543252005642,0.14575785582075568,0.0
0.5839110212019069,0.7403166964337321,-0.16785775309057593,1.0830544828563187,1.0461814873316106,0.2830687365994642,-0.7891347870399908,0.8583296237315654,0.5370833261725148,0.20373408594822656,-0.09312119928845804,-0.13108508799303817,0.10088449932477417,0.08325713549027078,0.1554169824315116,0.0
0.6650315823363465,0.7747150674408546,-0.11595217034260757,1.064704577560972,1.0423298391577684,0.2201957168775751,-0.7031191353758408,0.8283011460503167,0.5122508495326162,0.18915452355638035,-0.11015261269351945,-0.0008965395100303114,0.12558032250213236,0.30764841671830556,0.26174411000562636,0.0
0.6191498522255485,0.78987236952305,-0.24570711130869566,1.0895052366658913,1.1603675110037859,0.24871223003149115,-0.6982541845927821,0.8554067713049818,0.5281382290725685,0.2672934558997368,-0.08556582281307301,-0.1890688205003775,0.33352911690651793,0.29070359248860983,0.3491967100864687,0.0
0.5886207080780693,0.7619762150300015,-0.20569672190343724,1.0426723331059211,0.9751517180155548,0.26432458794188146,-0.7719580446924182,0.8842831274701033,0.5280663917835772,0.11375001941012389,-0.16065869379091002,-0.0072550117055334845,0.302244249404458,0.3037830403871027,0.2107982245796996,0.0
0.6483663607369133,0.653622021993328,-0.15854876397572965,1.0482229801662055,1.0855153584377548,0.35049912108307724,-0.803311252600903,0.8951602863487734,0.47250518617606513,0.11924176843123527,-0.08253405300939516,0.03867380841423544,0.26758132870533485,0.179866121012693,0.22007817356402715,0.0
0.5740930910495426,0.7840653619096988,-0.22067835079953385,1.1380126601643588,1.1041261391394108,0.3767679846950518,-0.6609008132386929,0.8819765096767086,0.4894041492723291,0.1116451869808904,-0.23275125038057726,0.16757525729485656,0.2671414942531138,0.08651206491157817,0.05678863023818859,0.0
0.5491568106781799,0.7198823568633439,-0.10525098136110243,1.0911527661534117,1.0294573222209746,0.3319525937059627,-0.5998338446770902,0.816323803388502,0.5091732119219096,-0.016141230390181713,-0.39797974753175525,0.13483313302768846,0.1951997572313054,-0.03602591057609293,0.04440807395560237,0.0
0.5639473193026857,0.7796838949714283,-0.10913950917845733,1.045606003778245,1.1031353876448078,0.2528161802878688,-0.7390410046572207,0.8021599542589049,0.5033333442501399,-0.028067207777690048,-0.35699312347909,0.08160371292648048,0.36281810060330855,-0.11050776324365584,-0.018608020761171615,0.0
0.6355514113310946,0.77408364436543,-0.21341215883856238,1.1610486083175184,1.0522653595981453,0.1911163867584636,-0.6643915932912383,0.8407471397303657,0.54604163840485,0.027521101448450658,-0.2570418478825546,0.17743214086723452,0.280086787406073,0.011565180975575073,-0.06545423907595668,0.0
0.6214275891562829,0.7882810367264287,-0.22905257686037625,1.0680600403787992,1.0196481620296827,0.33403443391644155,-0.6345902200898229,0.7170349098650014,0.4956107562372284,0.041794531730214315,-0.16092421930260245,0.12184252107112203,0.09555305901508584,0.05840331718441367,-0.0488153781727807,0.0
0.6304489847274877,0.7962574253742682,-0.19532468127297153,1.1433696686811805,1.0908968867603603,0.38164891602060025,-0.6841356763711463,0.8176495986170454,0.4743105616374944,-0.0020861420517220633,-0.16647587752430565,0.23960451076951095,-0.004447270900792111,-0.0908660721199051,-0.0729969923978533,0.0
0.6464550391690265,0.6987644375415953,-0.22857255998927006,1.0614899113858012,1.09412068320597,0.2843245800228447,-0.7224170524093383,0.7962721600055757,0.3874244298695905,-0.05964746391620828,-0.06042227004254726,0.05662546366259791,0.1371443532838987,-0.017303105515865315,-0.10635245573248489,0.0
0.5358709416536698,0.6732246984778825,-0.2272503000437441,1.161631227415742,1.1205145372413439,0.38221282532973927,-0.7072428409749295,0.7503354968548613,0.42815941815590663,0.009750511509940989,-0.1837797711300439,0.13566367670201562,0.08677685353115921,0.05605820258076599,-0.10867969896791249,0.0
0.7940251921534639,0.712628544100531,-0.16317417765272219,1.1398141454853927,1.017079592472832,0.4610863964641361,-0.6883560069426538,0.7847605535658564,0.4168151879427263,0.04260665037821308,-0.0040135980570561725,0.01435356209846024,0.07899835591482332,-0.18054071182100043,-0.14919686956030134,0.0
0.5838975137783009,0.8442684993834638,-0.2210100335580708,1.1179387841133612,1.067025959841204,0.36028382696108463,-0.553817202215472,0.7911919704711964,0.3572784363092267,-0.025240930789149813,-0.08331744162511819,-0.1413923830045936,0.13098997641111293,-0.22642174743857746,-0.12002348777316482,0.0
0.6310002286751312,0.7945018657702034,-0.17740634045777587,1.1192381886449754,1.0175359469898166,0.34016805027265096,-0.6658999255288178,0.762211674809164,0.46978981189193886,-0.049233277359815336,-0.05420703468016122,-0.20718226816362478,0.1313253876374499,-0.20903057861269328,-0.18916026381089407,0.0
0.5811677958601865,0.7296703862527272,-0.16459547440841146,1.1554942450621595,1.0596893672518082,0.41837384023346397,-0.5604302787427686,0.6482065129161795,0.4483699076742473,-0.11048710421803475,-0.04067866397308983,-0.1691413614407303,0.3802021340484317,-0.15271903679392967,-0.09526872732904167,0.0
0.6238642152983794,0.8363977386590922,-0.13532393009625363,1.2354791617896976,1.0398732797223134,0.4438797081504901,-0.6169882340424108,0.7625776583706642,0.3065533201905247,-0.07632301852119994,-0.12706951067436673,-0.22365274763204313,0.3446631327515498,0.029596390493759575,-0.12566577733359596,0.0
0.6619180444100138,0.7567252085169826,-0.2004139937510343,1.228498704736955,1.0106097072660383,0.45753689892012284,-0.616395253487376,0.6604582689643473,0.3971777890183889,-0.1286827288646779,-0.06318408788742746,-0.09220086239373951,0.2120343816207383,-0.20252662420610476,-0.04988930425627244,0.0
0.6740077752894207,0.8931236360059533,-0.07117638341433313,1.2319844107812088,1.046112327529078,0.44141527372879724,-0.5817501476111613,0.7355624497650095,0.36015642852990554,-0.23549706963432418,-0.06177176337473733,-0.1541919972214143,0.22649335822188352,-0.12322066337553242,-0.09661753644835608,0.0
0.6248322942159911,0.738215683657142,-0.22940572511587287,1.2316834776780938,1.1326812104969115,0.4359227031120769,-0.52018701526743,0.5814520269509912,0.27653155628571563,-0.1430899433780551,0.0006034755107035411,-0.11178374048213205,0.24081059580900546,-0.012835659831077512,-0.11717671185846376,0.0
0.6116286815856458,0.8138396279512481,-0.13544314423206782,1.0284991175079257,1.0802674432107695,0.41003904976495253,-0.5196029728763747,0.7135497373887899,0.32263296751699083,-0.16240577954934382,0.16933350931589938,-0.10296537859849367,0.1266301297930781,0.04581857899967538,-0.17564595311130254,0.0
0.5561609887734004,0.8304554561542397,-0.08209279337124926,1.1686139967193103,1.0796693810948441,0.45749473472244556,-0.5065588260962295,0.6755878642429537,0.3023208420780855,-0.13335688385293992,0.019466581503306962,0.044334853576631986,0.07759897153560494,0.07702302599141633,-0.13701422711164818,0.0
0.751131212177524,0.7604049172803626,-0.21926881782154767,1.1885814725645403,1.077029234364696,0.5553269992892924,-0.6293573037745747,0.6708903327619666,0.24809300351148436,-0.2177573231598521,-0.13781786647327654,0.08684797620999317,0.0300080184951109,0.17585673292568388,0.000614171782581191,0.0
0.6372124341685078,0.8498364102833025,-0.17309962093026143,1.1888605953435816,1.1046847851473585,0.5364318141114531,-0.5389121187131447,0.5997886468032645,0.2951472534419822,-0.2648515408112033,-0.0682716162134609,0.1953328996236943,-0.056748510895669214,0.20973578539800786,0.12773099751210767,0.0
0.6470886399099895,0.7740612435132062,-0.10590492025046735,1.153324600969159,1.147417773520641,0.5444322786555983,-0.5363402808819248,0.6464423487180169,0.21448177320043446,-0.24356367631557985,-0.028363904175945313,-0.06740714406750103,0.06933668889651107,0.14243851007387465,0.06360271868811512,0.0
0.6319661770885069,0.6963772452495836,-0.12598821752152345,1.1234467624689572,1.0636958591691728,0.5205113380701756,-0.5098254446834168,0.585431453667739,0.23522401650309202,-0.32678346427132304,-0.08489169755295868,0.021167879350704154,0.15577104454548965,0.16823221309772587,0.08735143371924695,0.0
0.69306431188969,0.7562605141753922,-0.1949621246034699,1.2029936432823782,1.202087426257218,0.5512162600983433,-0.45382874399104367,0.540507913915607,0.2587049289303918,-0.29433013190486595,-0.0860846237612293,0.009560343197792786,0.3212786692527048,0.054048734065245824,0.06705742587180061,0.0
0.6403084554511521,0.8127949964694328,-0.1609346331524478,1.139016096537938,1.0527828106306827,0.5140068431395184,-0.5568951234319742,0.49028864262518446,0.24820300996913527,-0.31000831822947106,-0.014896961515531583,-0.036665330419077054,0.3142864963114408,-0.024580024245545458,0.21818730521656107,0.0
0.616033476863626,0.8934604202790408,-0.18696300465405746,1.2206350547720919,1.1002007025874174,0.6534610941558004,-0.49081930271051016,0.6201460691775939,0.2908965169238363,-0.35580973006166783,-0.040814996900228696,-0.05925656179760884,0.2652691572411738,0.028250520393502503,0.14612624742020577,0.0
0.6867230219551046,0.900346875801228,-0.1682308407339443,1.1072867409318075,1.1546443248058171,0.4951922530029986,-0.49676901874653945,0.5946009600535199,0.2686673738736822,-0.401302704689206,-0.013730530561337252,-0.009368535722596723,0.27707632194122866,0.0967125431287546,-0.043786129066534646,0.0
0.6862031909426629,0.6956786466039504,-0.0844570976998102,1.1652948435527255,1.163720842178018,0.5717292954184573,-0.46633111046047987,0.5450663969679493,0.19642979069100783,-0.37350576319725654,0.030451076031007544,0.0006226921823283098,0.26560223709073455,-0.12009570199682748,0.061726463171817805,0.0
0.6992190517624038,0.786871841268316,-0.11384478775238596,1.250429493229014,1.1162880307575533,0.5902601893791584,-0.5531515564415128,0.5093378918936968,0.0801077336038727,-0.3771361000768963,0.21652129214019214,-0.08586094436819602,0.13773417219357073,0.047097336065910655,-0.09500739479444606,0.0
0.625266223746741,0.7068188256787024,-0.08685961894991467,1.1923788393532402,1.1785982164812625,0.5612616831118753,-0.3555693821853328,0.47100874697142964,0.12087207714848974,-0.3972606672109413,0.21033261176877494,0.0056150507414620965,0.20209976138538852,0.005510193140776221,-0.10101816152649412,0.0
0.6755211504661873,0.8298601699194973,-0.28091495665462685,1.1966045738332625,1.1584137606027194,0.6160052412997051,-0.4459603760431594,0.5131780910401232,0.050542664337755394,-0.417533867317364,0.22256321737995677,0.036659933494686166,0.08762275759139211,-0.01742068317735878,-0.014302980225222542,0.0
0.6952507641095226,0.83012140318128,-0.10158160194274327,1.1255884576590653,1.1947035035066031,0.609914093344706,-0.37065495691954836,0.5236290127460995,0.06226375543025256,-0.5449027086356484,-0.09782123874830487,0.029986368540245306,0.071216374559662,-0.035036847871040507,0.008284231514001749,0.0
0.7395669630494178,0.784187975890333,-0.26180259497053865,1.1058865397271362,1.1831195733584308,0.6308132798064654,-0.45224738360333044,0.41728720547300463,0.11054955086544532,-0.46614740441269337,-0.23024879417764182,0.11384143567459128,-0.12887699735253813,-2.296952880992409e-05,0.017925801368917072,0.0
0.7084429115030693,0.7948743175189515,-0.15896683479999052,1.1525674794372025,1.0634346365314606,0.5284580253472085,-0.38989926598494107,0.38755414049915815,0.12103730095175633,-0.515663270080143,-0.004908653992183404,-0.014837778065674198,-0.14944132240953772,0.049424275340270045,0.10148055492400598,0.0
0.7179619090894943,0.8736830331029803,-0.1468705106388366,1.125362289231249,1.1385044922383083,0.638613720939063,-0.362539618450277,0.47624124530348116,0.039657557049073325,-0.5212930167812595,-0.10823549795341943,0.06297248764282158,-0.011769990271254471,0.14725376965221343,-0.01484476307246231,0.0
0.6793613410699907,0.8277348032985143,-0.1652112770670169,1.2369386700625207,1.1175174002428396,0.7185988414624517,-0.4007148504240652,0.328413006728995,0.008675845759519317,-0.5478028508086116,0.004627814760560081,-0.04094659159422222,0.0320219227228317,0.16582405986205176,-0.10452264347223011,0.0
0.6365464079036144,0.7904146291377182,-0.16378021165599138,1.184981849875167,1.1112773683039032,0.7431159210805395,-0.327499536041159,0.3967519116290396,0.022324497253891844,-0.5535074368445521,0.1603169339289438,-0.17047876841027543,0.17214251513137446,0.1486483254394265,-0.159871618093684,0.0
0.6237029203990386,0.8056853221558434,-0.1949640631597152,1.145720329894478,1.1178840185640282,0.6315306950819857,-0.23564072630271826,0.37731327998329467,0.14279018366298815,-0.4037071767465159,0.19197918994113766,-0.05156279915262768,0.286830562295453,0.2257897292264611,-0.11947700477014445,0.0
0.7163836269372614,0.8135575151376807,-0.13523628696222997,1.1825919037597183,1.1669137876861242,0.729230528927206,-0.38478943769624085,0.3516284809883177,-0.05188085492467772,-0.5516734799566672,-0.012424926181554108,-0.0006632447774426106,0.1388365157995638,0.1414311893675417,-0.09672015807185576,0.0
0.6804611221093807,0.6850150928344724,-0.1465471528867933,1.1763727617856488,1.1520725391014566,0.7133235892576797,-0.23871856001172323,0.3843241689806158,-0.016894619690721986,-0.6409276470137588,0.03965592079726844,-0.01511096561643048,0.221714201295709,0.17017397713184979,-0.027247009796990317,0.0
0.6920501344039194,0.791669617525008,-0.10418710082362524,1.2147538050332014,1.190616141172796,0.7109747613890937,-0.33219398183369064,0.3753110896762433,-0.061027250238509925,-0.6422563395065044,-0.17087198528184405,0.04965303387383435,0.19935502472402208,0.06660770450161103,-0.13113329003364416,0.0
0.6373131863720516,0.8153633566822202,-0.21190215769884121,1.2076174131354465,1.0845840564960687,0.6245758429761776,-0.25022894578271765,0.3448051406538053,-0.04818472999297906,-0.5344745110109141,-0.09270369290310251,0.05237299915750468,0.112954333399476,-0.06491729884123687,-0.07763744250381566,0.0
0.6743354546750959,0.7898141146600256,-0.16310569408407904,1.3234794091231135,1.1512971029776826,0.6575305034362786,-0.3458266494473926,0.3187584102582645,-0.14942992945984487,-0.6361416174894915,0.06087300134314705,-0.043201853962673266,0.2893739624362916,0.07447138370931988,-0.03826026395004542,0.0
0.6953355841948267,0.8798471243557077,-0.08174455208189764,1.2531883384754219,1.1770545235385357,0.7035160040895742,-0.27994197757649847,0.33441738577827207,-0.0602057828496923,-0.7406483436921872,0.009021459278110433,-0.02994915929962539,0.23974439842918088,-0.006735069895864858,-0.2765607131027517,0.0
0.6579002181122064,0.8283148234045717,-0.1464467514166354,1.2210849409788156,1.1840551535142252,0.7492636166080624,-0.2424072231206545,0.3646669908528852,-0.016485839102722666,-0.5718126930786918,-0.05808891529366951,-0.11552738883134157,0.2202587350290624,0.05033464872524646,-0.20535765514952944,0.0
0.6874018413440368,0.8224015016216604,-0.25681467650114187,1.2161740384042259,1.0984654421917879,0.7420120690070277,-0.235655831133336,0.30540230620930564,-0.08198792492217719,-0.649997298764202,-0.14756848683365267,-0.017016063770944688,0.028221033348798108,0.03594426944238158,-0.17348552440676135,0.0
0.7750698651851254,0.8720481089312183,-0.1328690003197002,1.178963691512331,1.1641603539954153,0.7766603836825658,-0.18049968461600238,0.29307368956271534,-0.07536619412509502,-0.6861107292212093,-0.10047531185264555,0.10477208741641225,0.03788933564560366,-0.003920025124381402,-0.03815917712083425,0.0
0.744461079024407,0.7852422950913671,-0.14856288207622118,1.195636419841743,1.1723038207892804,0.7761407248913071,-0.23544590876871674,0.21219529697605935,-0.1446135752155665,-0.714907606714101,-0.16315321985511827,-0.03407687952824369,0.029152959878545427,0.02918909269947756,-0.10763209730799131,0.0
0.651897632402355,0.7842921067709435,-0.17614754816678854,1.2977338270392123,1.123722192216234,0.6956368626130804,-0.18848956781119722,0.17831905324499672,-0.12541809898100137,-0.7171024959276341,0.042687205037674675,0.033453001783866954,0.07559098451381915,0.017802649605000716,-0.06753410610221869,0.0
0.7611467946451013,0.830016137163445,-0.06156469216432599,1.236075087140267,1.0851958239489896,0.717863420970879,-0.22811412667216446,0.21614031658473307,-0.2730280637856527,-0.6788620496389839,-0.025629094970666365,-0.00771377697494096,0.0680658015270116,-0.0627929438372713,-0.1121759892088573,0.0
0.716287123211798,0.9052768155917035,-0.10858665846845023,1.2599816946354674,1.1549703118307175,0.8147075121538414,-0.18288871620423816,0.17952250890050364,-0.2924227857352082,-0.7166436268975462,-0.04089480005129999,-0.16028047864342282,-0.05903988965184471,0.0500786412122648,-0.24876882303111084,0.0
0.7125432114835539,0.6893398803885942,-0.20205940175463005,1.0927608404758276,1.0884611722679698,0.7981682596290625,-0.1933380388336749,0.2315930719079588,-0.14521401005172246,-0.7646854136727773,-0.04459472776178426,-0.11399322769521716,-0.19856236015150294,0.07517698256205907,-0.19285612837415578,0.0
0.7552308740346424,0.8685598295738954,-0.14050573611002215,1.3114040123749149,1.245283580383276,0.7474199798084584,-0.18025502969378587,0.24492685737996148,-0.18633434596042098,-0.7679374031051739,-0.17070983783159227,-0.003318644636784246,-0.187682604316228,0.02927374730086438,-0.14292054266013504,0.0
0.7187874464130486,0.7589840842139607,-0.048734169810607894,1.2146707704988173,1.1828590004749047,0.8377562926773636,-0.11040685745005804,0.13445240964453406,-0.20605150902044045,-0.7815122460224161,-0.20719532240983946,-0.14386155483641777,-0.30879664224108844,0.04863790601940066,-0.20382555452647488,0.0
0.6380373944746065,0.7956722457950915,-0.15918475922802613,1.2695357609774094,1.240907670737293,0.7914510338898745,-0.05898188996334916,0.07740774049316013,-0.20318458472627385,-0.7975934505776615,-0.04575942730211896,-0.17483985635536342,-0.39174290218381047,0.04479071981103864,-0.3366257106731757,0.0
0.6860178678996646,0.9239238253842073,-0.2148042219800135,1.2196766233489937,1.0841587922049543,0.7437684944058172,-0.07036215871231981,0.10388203845143457,-0.3083718716995259,-0.8747957711066214,-0.042745301609368375,-0.0695930441434517,-0.5093613238077778,-0.0017173842817666124,-0.28798083737871055,0.0
0.7619544164858273,0.7932989986122575,-0.19559874652670203,1.1797978475697284,1.1741779678358975,0.8466380927186533,-0.05429728483295102,0.1753461529711453,-0.32728501756297024,-0.8263136255166017,0.0419285442787594,-0.03377114706920642,-0.3581953063975841,-0.10624313344300536,-0.16768098896779016,0.0
0.6783115409909227,0.7997865615185673,-0.19654418423307596,1.1939457259953112,1.1325243122745978,0.8720620440834075,-0.027547791078818606,0.03306088852767673,-0.295247317151124,-0.8334157274858335,0.08345615387301247,0.20702304971261146,-0.2587110478387511,0.13285426664698252,-0.3298708015135434,0.0
0.7172610775032122,0.8220925948500198,-0.08580289510108342,1.2007224729868564,1.16070429487158,0.9439069273409321,-0.15254449770444753,0.10632737219886704,-0.33974361264206265,-0.9488619411171036,0.09689654406569531,0.09804373814063064,-0.19959117748683025,0.1967251260177122,-0.4014086154142629,0.0
0.8066286534586071,0.9070635806440763,-0.11818574877543733,1.2748446325966487,1.1889554000097575,0.8948111029578111,-0.06212946909513003,0.051308328565563895,-0.27208703146846513,-0.8131245516760266,0.13064639784134083,0.2607375953231617,-0.1792040408311459,0.18393371064201908,-0.4294374401629006,0.0
0.7403016221865224,0.9008996466914785,-0.07700654314880684,1.2142123677337562,1.215387524002865,0.8618181980269358,-0.04213779362516638,-0.012246987378357117,-0.3145475749721249,-0.8398044196670672,0.08064159828373921,0.16022964590690902,-0.264860046105784,0.1329971100635852,-0.4355403383267208,0.0
0.7463797599680373,0.9254093322300736,-0.127963050777718,1.2327667822310717,1.2761435727907395,0.8994266516466447,0.020064076320855623,-0.03894641701199327,-0.29232591665221813,-0.8135251412305572,0.09338535353526511,0.08772913808752295,-0.2057262849554947,0.04316066870570399,-0.4355796100796605,0.0
0.6948895726862818,0.9655385520125017,-0.12185677280212957,1.2084625066829155,1.1619558616981398,0.8551074923732719,0.06887819376250517,0.003357564967334881,-0.35361052049740826,-0.9002928136510884,0.14311628095797752,0.30305658823754117,-0.09701234805454834,-0.04229728044544474,-0.3673516805231892,0.0
0.7104754339800221,0.8902857347034269,-0.16816858138856688,1.2976461184333379,1.2052338978008805,0.8973823104448124,-0.09320032983163756,-0.014996062797953215,-0.3885008151580971,-0.7663413638207047,0.016871463010290605,0.30811491398723906,-0.18507658318035974,0.0040300952589374245,-0.08370255308800867,0.0
0.7310106122943293,0.9029479611931629,-0.14061338162822512,1.263684934088743,1.1375022446823204,0.9387280855275055,0.015813404482752074,0.011199365108825104,-0.41001453357782375,-0.9251590377103949,0.1809853086755971,0.22460540852904842,-0.14047619065762856,0.04540948002380724,-0.015968089656486446,0.0
0.7280219932548585,0.8359660124229987,-0.19673105570917596,1.2060125162772029,1.1875307542506834,0.8504137904607525,-0.023504912331426014,-0.023618037212714122,-0.36858607516365743,-0.8927238898247757,0.09964617959733563,0.12162739178026577,-0.028624190381877496,-0.002379567607611835,0.022987252222088007,0.0
0.7131995128465531,0.9004748612086553,-0.1741255336633577,1.248197876391633,1.1977543133626518,0.9955949304699614,0.03992206200384049,-0.029629683693937953,-0.3818859218797972,-0.9552743224428027,0.010299802302046121,0.2697423172752218,-0.04452549479271358,0.05283965684606734,0.004348793336115471,0.0
0.7088279270666709,0.8980758478970337,-0.03760921308558696,1.1956875966600444,1.3000434635400937,0.9770417589006462,0.021301760807928116,-0.07603897665538817,-0.4233810838311531,-0.8877708694164865,-0.017610969739855105,0.2519953526766894,0.07601740728562972,-0.08924879068405461,-0.15980286016735945,0.0
0.7186690384637349,0.7759124951860266,-0.2542959069606072,1.2552333659653048,1.1140263263739338,0.910143605125804,-0.00734631455034758,-0.08597645687740062,-0.32560824815731915,-0.9322003834833346,-0.02110368594249486,0.25591380681495374,0.3405076483336357,-0.014662730099644347,-0.2483076991558985,0.0
0.6658993598052139,0.9686065170667489,-0.15462986511198437,1.313852206492643,1.229168649769261,0.9873050539246856,0.14523014848075705,-0.10197041359002938,-0.40886581544761613,-0.8964179704779804,-0.21000848329105323,0.1588061255675044,0.21325808545962777,0.08964494938348032,-0.13666081314201467,0.0
0.7282848776293216,0.8375532818148377,-0.16160933240232744,1.327897097505546,1.20738224384893,0.9861829092089863,0.05012203214776561,-0.11254398426506003,-0.44072794941455645,-1.018345222993957,-0.2876823523940438,0.01887782651959162,0.2090488840675884,-0.040202109787471546,-0.15628051678674812,0.0
0.7535381734868352,0.8959868308762038,-0.2665725129634196,1.231727507212391,1.1943736392774207,0.9469928565692968,0.11290003483164512,-0.15907516776437447,-0.43334255414938405,-0.8613979878280882,-0.12330928444504191,-0.09194367491172398,0.18642660969068847,-0.06655415985823653,-0.08521575505870455,0.0
0.7630681081670614,0.9291373645883498,-0.1471812829850207,1.2692532363989855,1.1518856579557357,0.9622877482042839,0.14725628875398877,-0.1150747607029213,-0.4474050804179059,-0.9003877921413828,-0.02468927480466873,-0.026533949431750144,0.039954223486115104,-0.09584048488571326,-0.011983612592786429,0.0
0.7569110756189582,0.8879182459353199,-0.24056945543641942,1.3099083832093568,1.2756682151774696,0.9890290495517081,0.11738543386921543,-0.22260002436021675,-0.5234108615153185,-0.9320268450954277,-0.024190250093266898,-0.1293718930481886,-0.1338438998032936,-0.0855150793168156,-0.09054175349184396,0.0
0.8152730830900117,0.9645663123977526,-0.04357875008453245,1.3041448293221485,1.1879991468551512,0.9275496926207754,0.1503506480127552,-0.13586636463495697,-0.6002667297857106,-0.9120549418659171,-0.015132873411349881,0.008620383293200737,-0.3503508436528221,-0.08097311525456849,-0.23160220981682036,0.0
0.6975631078973153,0.9031269646558808,-0.14251149575792174,1.3497756155134393,1.1926701380029243,0.9987155081259044,0.20222663994471404,-0.12002137334537691,-0.43518965686944633,-1.0027315407899469,0.11602535595047744,0.0913323416111545,-0.20223694159298927,0.055176117870991116,-0.20256491419499512,0.0
0.7420950827189063,0.9049872826568132,-0.10310676680326286,1.2935278558731471,1.1477369858877473,1.0045183898272918,0.19461893572721392,-0.13940810722269625,-0.5775270120114927,-1.0274150794627437,0.09913002456072595,0.023489009231639553,-0.32149394681341636,0.07871865397331854,-0.23143654537930022,0.0
0.6542627532334476,0.8581446337369613,-0.12135902473108912,1.2743161631106528,1.1653623878429624,0.9595054084500985,0.21742047733851053,-0.170736231343303,-0.5046721519285314,-0.9586941253096671,0.2127567333947597,-0.1142693266974643,-0.2763556889853685,0.2241449952637969,-0.09032135167834394,0.0
0.7712006051079233,0.8266145607341331,-0.1871584905382494,1.2958424647201527,1.3293535031609445,0.9977385129305287,0.2569826615642664,-0.27609672116171236,-0.6068015460612924,-0.8935057259918995,0.1493305256158097,-0.06713491627683452,-0.1836951908146937,0.31761730128066223,0.050641431780194354,0.0
0.7426111242187747,0.8880033014517157,-0.20402345973285424,1.2980331145371589,1.2616403978065214,0.95804823036982,0.20545026980226086,-0.30416090512803745,-0.5149994327569174,-0.9258281449403657,-0.006506236526931414,-0.011136747858739332,-0.2013074442776876,0.28809558458510276,0.06727530216303486,0.0
0.8069002721917679,0.952017032276382,-0.2178976088375118,1.3118741102772205,1.328149585436595,0.9819446887763698,0.1590903361342167,-0.27776598381712003,-0.47527056325215683,-1.0228491521046028,-0.026918322639880157,-0.0689012792114644,-0.010451623566900548,0.19888229198223034,-0.0390609529631114,0.0
0.7654014617279794,0.8822049953684076,-0.1337966573529082,1.3058774799910078,1.2384070854157854,1.0904053320327507,0.21757314131174155,-0.3351407141706402,-0.4652619529547697,-1.0856146328624314,-0.012276602563584035,0.01242242638144913,0.020762505847692535,0.13499733134912612,-0.05215347718326517,0.0
0.7623783418316634,0.9176438157723751,-0.055210404406698055,1.316195918516964,1.2533489638528676,0.9099538467620094,0.31088778452125787,-0.3102501385961357,-0.5758274838459577,-1.0566379424899213,0.0012402126687277634,-0.11379640398707788,-0.04014608045203988,0.2492447990653916,0.06997757203620977,0.0
0.6827745756109744,0.8926245629079026,-0.15730683220039865,1.2972194226979217,1.342712012368528,0.9935561567283754,0.2964337908375943,-0.28932664617759163,-0.5526783008582787,-1.012719969857109,-0.04393527495370057,-0.06558670206193133,0.05501807983687092,0.2273624432861007,0.16184721960975407,0.0
0.7332119600910897,0.8567242172036047,-0.15786596293738012,1.3394528272908712,1.1914589477145703,1.0274500399934945,0.34926915223474436,-0.3555449577520954,-0.6899497900976465,-0.9563892306474298,0.06510036831320953,-0.12514164135596406,0.07837898720357878,0.211971283054694,0.11717936571721185,0.0
0.8499292645783265,0.8669427438650523,-0.19694164825196683,1.2496219616393276,1.2373495651232729,0.9287066504483545,0.34584757692285095,-0.39068938470054027,-0.6109076172758277,-1.0670546278490245,-0.3212680011890121,0.07950208687982514,0.14371552653880026,-0.0009385368141114625,0.11625533167087576,0.0
0.8663792728729164,1.0213484988205805,-0.1603934165159455,1.383360090177197,1.316930092266697,0.9037972639283254,0.4016387303775222,-0.4263088548071948,-0.6433593514514798,-0.8910837660632533,-0.4146017758191161,0.21104743929687317,0.15045553524337818,0.19958332942655108,0.10396298825172413,0.0
0.8658742466678507,0.8285729505438669,-0.22471432908842004,1.302845733943062,1.2080514336979187,1.0252230182924837,0.3178275989917205,-0.33706891141252193,-0.6723596008530001,-1.10382789558126,-0.34698638474990073,0.19461764682762833,0.07984504182485591,0.15138800228229463,0.048446104531421015,0.0
0.7874010685500406,0.9721194867220148,-0.13385457738102635,1.3340943319883425,1.330129222736238,1.0074405050157134,0.30085970563589887,-0.39996059546130225,-0.6911148990831038,-0.9300663614858885,-0.44756136822600945,0.07624824913471584,0.06375699946116363,0.05946642310272431,0.0844836696204139,0.0
0.840660242745734,0.8876331950249923,-0.24769849461491833,1.3263021772864576,1.3095215472536934,0.9997217164947342,0.37903226475560003,-0.3076124253041533,-0.6688538295744642,-1.076561827067078,-0.3565855215167625,-0.13337767721344107,0.29495442992318316,0.08309427124896271,0.23235664757630237,0.0
0.8068016962560015,0.9754398525180741,-0.14066478648508007,1.2655877188037403,1.296958363221246,1.062950763771646,0.3918059929120668,-0.5448732442324705,-0.6989352548965819,-1.0378100192143884,-0.22560090021422463,0.06301299235407497,0.2538801981843576,0.08089039247284593,0.2979796379678751,0.0
0.8355965625939434,1.0267382132835583,-0.1568464050500152,1.3244842580151805,1.26376182322636,0.9494218745002031,0.3689579822227922,-0.46475455644164365,-0.6485796658948773,-0.9937262714048875,-0.10795716365448783,0.13446157489146401,0.11115697776383225,0.021143498136997417,0.35025174903992223,0.0
0.7739912648919003,0.8629978034238164,-0.17962907829587377,1.26812882017778,1.3727195838579878,0.9918223789768611,0.4252607217035241,-0.3745381184542809,-0.7118430110113433,-1.0749405710170814,-0.04787640592533629,-0.018606942836597473,0.16530997561965644,-0.044282381840159986,0.2018938335525483,0.0
0.828086007997034,0.9401719252144097,-0.16232464864460308,1.3080575566537456,1.241024916219231,1.040464344046063,0.41375896483655067,-0.4378188895777178,-0.7242957981713749,-1.0250710483390888,-0.1867961521568164,-0.026509770611773845,0.08260432700682041,0.09011961962053033,0.22788229709975732,0.0
0.8602591073035182,0.8742190704492292,-0.13556667078218504,1.3886771961483906,1.3113564564832685,1.0625830657775093,0.38280872617553796,-0.49406660901225025,-0.6386837673602741,-0.9978139161753613,-0.2657742344830281,0.15589211634396405,0.06806179956666208,0.09125096837168901,0.18231886198243688,0.0
0.8645595152272387,1.0076194206766529,-0.18049252004700478,1.3362240895790987,1.1915281368932793,0.9574096843499581,0.42062962494115147,-0.44641608162322843,-0.7540395076906657,-1.0487246334093998,-0.13638189545211715,0.04261159962426016,0.10839517235768259,0.23079812050981718,0.34948876572595655,0.0
0.9322942060014486,0.9593838665466456,-0.07837334862024871,1.3984441428377337,1.2611883376321666,0.9835571456230258,0.43052453411195724,-0.5520479495114221,-0.7199161202272412,-1.0392196501970803,-0.04651059629968086,0.005381383600423551,0.1234217672851472,0.2635499438132794,0.40310497708312654,0.0
0.7723313648217149,0.9002033731018203,-0.08158101059729295,1.3175046307643719,1.2201811181778275,1.0457823215393964,0.48474922616453103,-0.5148850812389226,-0.7868990749289451,-0.9916040608318176,0.09926295810126481,-0.13961760459582867,0.08311191966597872,0.23754229532575838,0.3397303215016478,0.0
0.8945120174733088,0.8869827823551574,-0.14787602842804293,1.4046091006218608,1.3240853889492714,0.995423403431248,0.47864789256475826,-0.5606783109247432,-0.7770187093185029,-1.0291820759904948,0.12326408031293187,-0.2247922686462708,0.040976266847694925,0.18361024021520916,0.35096926682059915,0.0
0.7888931736542288,1.051053994979073,-0.13432641331415557,1.3679740524399315,1.28123445653071,0.9805573302707155,0.5995184266531212,-0.6321082291544006,-0.854930002529163,-0.9811900943987372,0.02945866989075413,-0.25402127259731055,0.06065855660789093,0.21021745398385422,0.22692833943737184,0.0
0.7907563016017026,1.0115112759944898,-0.12182594619317566,1.325073074530243,1.3438049092917177,0.9830645754383535,0.4368429677350561,-0.4955134940850819,-0.8627448431190391,-1.0024829533170216,-0.12000041115791743,-0.09710170443837603,0.03384315698095835,-0.0442102259833215,0.13909840758943456,0.0
0.8234708427404641,0.9470236450032998,-0.1461343196786699,1.2700076368606352,1.3357670284097456,0.9394249387541285,0.5741904203418924,-0.5456563478935651,-0.786070404311119,-0.912783205106115,-0.2746443290988244,-0.14625485107628466,0.05584667974772646,-0.07273168317208398,0.12558522039058878,0.0
0.8545562862452356,0.9882030057130421,-0.20632470593517555,1.2313428795122494,1.2138702597693674,0.9776515840562714,0.5067145534129631,-0.6105960721251044,-0.8421419813383443,-1.0121523170732256,-0.023527997758280322,-0.12179558978886919,-0.13449264868901512,-0.15134822461162725,0.11465935126571747,0.0
0.80728288576016,0.9952172743946027,-0.1369518575315124,1.3589838995039274,1.3522067999578509,0.9732635988517825,0.5305936968831663,-0.6122238841797217,-0.8044679049285235,-1.0036381631337001,0.2720521051226633,-0.018062652995924057,-0.1901063693976689,-0.1637072961176142,0.2638347373179065,0.0
0.7716946588216759,1.048423076741979,-0.09349608454267103,1.4226417031617176,1.2475318080871625,0.9985604846368692,0.5592539191103477,-0.6434443379571363,-0.7700182468243194,-0.9600761936104181,0.17140560673057853,-0.04067150413166659,-0.21483737606981487,-0.24204021080040206,0.2361160355946822,0.0
0.8630221598244228,0.9744537794680789,-0.15079676480413434,1.4066554927714678,1.3728344218120632,1.0198485647977504,0.5366641599261661,-0.6926916802762464,-0.7928325522501941,-0.8713922360358362,0.21697491741630898,-0.004346165049005334,-0.0656478732434846,-0.1360025738948933,0.3133982019301891,0.0
0.8030227785346248,0.953092544826512,-0.10786123917649057,1.354556171896919,1.3274686967149738,1.0631279544516383,0.530937469780418,-0.6617005391309685,-0.8375805660136061,-0.8774826628356122,-0.06403752592705589,0.034913696222477204,-0.07022955080148262,-0.18510381637712892,0.32032766706262006,0.0
0.868945714241592,1.1098437470129405,-0.17898447271938805,1.4157290922259624,1.3174694112291359,1.0425571626809231,0.583381722826568,-0.6183180299340162,-0.827279097723841,-0.980745178856777,-0.12229134294305984,0.020619240909511654,-0.07418995420274328,0.02026486409676509,0.3472722822571711,0.0
0.8510442815528148,0.9879506663785679,-0.13222209906730742,1.3580151814432448,1.390373003351637,0.9736856828539633,0.6598208564197132,-0.6612123608895827,-0.9055393838575371,-0.9394699746487558,-0.0483612570292435,-0.0844247659575476,-0.05070198960737346,-0.03364998231492112,0.10309245485066981,0.0
0.8515151681260613,0.9564460785635404,-0.18445197417862302,1.411443477920771,1.292852156716621,1.0016338358105217,0.6708798623817628,-0.7648743667703932,-0.7854761683487933,-1.0182023025299713,0.03643687281831588,0.028885932275601454,0.22712353441617855,-0.19274466333217777,0.05931370888497081,0.0
0.822631969758256,0.8875042263316265,-0.08684172124436859,1.3263549842676705,1.3263549013042002,1.0396982625041247,0.6380360785242493,-0.6371260668029708,-0.8723909678015263,-0.9823510027723084,0.019381000342109017,-0.03226483299134228,0.19786328062261144,-0.18951391480744034,0.12774949069748875,0.0
0.8990899561511905,1.0171944568268758,-0.09076429567255084,1.382092525203309,1.3379511182612984,1.120653840945544,0.6186643794826355,-0.6599750244758942,-0.9646553698241142,-0.8723719476453274,0.06330584084479188,-0.07411293032903915,0.14764661847397895,0.11074481791372842,0.19407083254144708,0.0
0.8543224569833119,1.0044943432036446,-0.06580385324252938,1.4124691281696435,1.3413051399141038,0.9804931804074996,0.5376406440805601,-0.7189714104149392,-0.8851498909270598,-0.9052694453145637,0.1304385705951567,-0.08535922897214121,0.22791471367709915,0.2596072860555978,0.11070357556146015,0.0
0.8149075180438882,0.9827258022503318,-0.17502918776228124,1.3964978006120892,1.3113950929506248,0.9616896934633098,0.5691460134172253,-0.6500299581280851,-0.9649078729438666,-0.8672257832620471,0.0316860659470011,-0.14990617400459522,0.1241950119498821,0.23740900040859242,0.0966935131521541,0.0
0.8356849981362474,0.9453260717524473,-0.029998694667489847,1.3605497810025602,1.301062353437728,1.0381078598032694,0.6462615389091467,-0.6978945214590244,-0.8688805626502347,-0.9737162834492344,-0.04253570466169976,-0.07822491718735466,0.04846056232549256,0.04937697612351047,0.0465554344762389,0.0
0.8076941656329394,1.002430453739996,-0.09619315905658327,1.419004549794496,1.2948586071584625,0.990740094864882,0.6268057820536684,-0.8547794662861132,-0.9144721271921897,-0.8597259673086816,-0.09610305882877807,-0.18518913519864497,-0.07442351575209485,0.040150135046901764,0.04816473947512229,0.0
0.7360503504814712,1.0130261411363086,-0.19396345117910396,1.346725482626173,1.3886530105605872,0.9548791130242681,0.7088927008813346,-0.7585318951518044,-0.931582425506002,-0.9408762673684115,-0.017611945519310418,-0.16449024089914252,-0.07820873523940636,-0.004964664728035181,-0.02453814240369131,0.0
0.830908925560613,0.9367861592797777,-0.14699674576835484,1.3063519858212214,1.420670957774249,0.9500942049499371,0.5424905228369192,-0.8433735429531561,-0.9583430246237479,-0.8000035969715765,0.07385884048591113,-0.2375508202864159,0.04478296336155595,-0.047717618899021166,-0.26525259171528726,0.0
0.778800267420659,0.949527377910872,-0.19466917311104748,1.436639320206291,1.3784154976422764,0.9976097892720741,0.7643688060757053,-0.7821882488529677,-0.8608993925841212,-0.8705851311639574,0.09190544242809909,-0.15042147330257238,0.04049643255098836,-0.03397261569724806,-0.2624379250493554,0.0
0.8450940816782141,0.9466036483773346,-0.16134115330188217,1.4038636509701878,1.3362661494928723,0.9937860802106141,0.7283776440133429,-0.7659759765051308,-1.0300250387086498,-0.8789959131100692,0.13305805754807357,-0.025300683782467817,-0.05349692381595949,-0.12519822427572236,-0.1461866132805159,0.0
0.844954976224007,0.8926861447979982,-0.12474720132311562,1.3812124718342653,1.3352112425529423,0.9978580777842915,0.6025974920190514,-0.8165614034742301,-0.8824014613494562,-0.8346886214510881,0.09238776618511013,-0.023086275897044567,0.11630973778395931,-0.12855295240074674,-0.02005870820694408,0.0
0.9151783455561054,1.023930211832585,-0.09278115287245028,1.3801276081731015,1.2733273769411806,1.0073339843531044,0.6368886404125754,-0.872338595202695,-1.0216075054205656,-0.8183987024116317,-0.07992229106233083,-0.011468586519095748,0.17991388491280286,-0.1267991516679868,-0.062110182807304626,0.0
0.8760366714998316,1.0292593092674605,-0.15044767044480759,1.4384029498962403,1.3812546317066305,0.896887117841329,0.8354353636569265,-0.7854084403879573,-0.9380607163168696,-0.890845962716983,-0.18869681433027627,-0.05815385573085878,0.20800990472149217,-0.20233895058156748,-0.13122806044599897,0.0
0.8534393465746948,1.085956492877379,-0.12350168135381855,1.4347526577011642,1.34323730517357,0.8781537493877644,0.6518788856655434,-0.8067613447022712,-0.8709407051930061,-0.8629144345463169,-0.08669658698304882,-0.07217458190614166,0.20882859515685892,-0.10560866114703797,-0.18763451649362722,0.0
0.840817479097053,0.9599825367731778,-0.20110822739213513,1.4234303886831625,1.293363581753429,0.917573586508462,0.6595575019895337,-0.8059428043731356,-0.9572221739532666,-0.7919160466948874,-0.10654498343331331,-0.12854841047418186,0.3224026617155762,-0.1983863674712325,-0.15210586900319434,0.0
0.805495752790466,0.9417048723468965,-0.15709348216461536,1.4463194456175674,1.3032755357562482,0.944249496648618,0.7891370070549432,-0.7912457271584283,-1.0034568133838786,-0.750373238683593,-0.15675520380084518,-0.07945269143864521,0.1895689350786508,-0.09420780107068005,-0.19864223445829798,0.0
0.8727752303994245,1.0563751175480027,-0.1386219091006632,1.3680414458340457,1.3346839890971036,0.9014317791231528,0.7313412732450989,-0.8615975971352172,-0.9428228758263745,-0.7794098103846653,-0.08605329769170197,-0.1277190891821683,0.2631844002704969,-0.07970191647819955,-0.23428859393100135,0.0
0.857478700487947,1.0477726478389615,-0.08308452086246512,1.4404885702126016,1.3129633324027286,0.944930472213085,0.8175282311749653,-0.8358395304986566,-0.9692539905552259,-0.735529294356665,-0.13852876197977798,-0.05861579948220669,0.14501031758320795,-0.16817676679521618,-0.37117957723037365,0.0
0.8337956109548953,0.9581515276874861,-0.12151004746308841,1.3183084243031749,1.3823239406860521,0.9319911332909074,0.7576302138851194,-0.8580168892757437,-0.9778783968078978,-0.659039225880208,-0.17046373716918636,0.021088278394993124,0.07945159686215982,-0.34089827732309136,-0.3690443580690687,0.0
0.8048820047598172,1.0295732093727996,-0.12143906307485104,1.449481632660598,1.304036529069072,0.9514072134368765,0.7278048972625882,-0.8888737710681098,-0.9656597133215922,-0.7090233712594571,-0.16267197884723303,0.08810832826663165,0.2516942524163875,-0.2786161121503751,-0.31054045335611985,0.0
0.8194763947992421,1.0631637525719322,-0.10717143000646939,1.3880254366507712,1.4118690885175342,0.9810545353142547,0.6746854277225179,-0.8058414240339586,-0.966523542068334,-0.8360487246883533,-0.1702355585312414,-0.05817083729761879,-0.0015482973952098689,-0.2549365356912283,-0.3256304155878176,0.0
0.814486275266634,1.0604560694367504,-0.07030518249667972,1.419651047523451,1.3120640700563568,0.9751082867474304,0.7941640325822744,-0.8954278134714236,-0.9587665645641732,-0.6465620895184067,-0.2524182253922119,-0.019898158041953745,-0.043162525147338884,-0.11772231177261835,-0.24000974500839484,0.0
0.8325807907768423,1.0740182119012305,-0.01934637733774626,1.3981785492611551,1.2803674938768437,0.9555906252772972,0.8508624163651985,-0.9493865297826329,-0.9244033190940044,-0.6076688112544242,-0.11807338794816405,0.053383198918649996,-0.22313703098853732,-0.09763513126719121,-0.3292364810783852,0.0
0.8763685421393702,1.0151516817103128,-0.15784857825242146,1.5069232624472184,1.332196698119905,0.9755970089801891,0.8197524729612583,-0.9153385617916268,-0.9168817740043667,-0.6996758999836812,-0.12036516973404057,-0.012989361764179044,-0.09733120312803971,0.025236936852315206,-0.20416343935539788,0.0
0.8885022883839993,0.9932902062126319,-0.09728349807689285,1.48024974429618,1.3777973971713189,0.9753139174559786,0.8411803938514789,-0.8978043385591333,-0.9672168364361895,-0.6566642416273045,-0.06654596130421839,-0.0507597082004386,-0.0010659364109957409,0.1192626397488247,-0.1124790066261599,0.0
0.9315017270476814,1.0193494039481235,-0.1454676464913752,1.546243953455573,1.4306007322242564,0.827029907333694,0.7733320211527462,-0.9209744777907967,-0.9302894233663379,-0.5943195745866319,-0.08987380694502281,-0.20482578728742556,0.1140563317475483,0.2598097037811076,0.03854484093952962,0.0
0.8135799859877126,0.9107615622356146,-0.04851464715758143,1.42563564266092,1.2756037406126277,0.9285250475817668,0.9340747771179109,-0.931595718906322,-0.9590320553566406,-0.6365690627182663,0.13120995724636164,-0.2131621044754341,0.08909264764226765,0.3225712626741749,0.013959890823897637,0.0
0.7526364826947591,1.0658399284200597,-0.10976493464607112,1.394420276461313,1.403629556944742,0.8627354816433178,0.8444822925826094,-1.0074449205559677,-0.9789053899848693,-0.6375692739531679,0.16761632848342012,-0.17374945241040307,0.18214415752281032,0.2130486410547595,-0.1035760116743658,0.0
0.8480080432653379,1.1062332885355437,-0.13112320018679227,1.4984593013243162,1.4097499254152788,0.7593620972067805,0.7827496035155133,-0.8937239937189115,-0.9983405534328458,-0.5936583745918971,-0.03700093677936189,-0.3084974765515773,0.3058779513597483,0.20320995646354448,-0.049427098374011096,0.0
0.8953287647857714,0.9955378849984433,-0.16186153875594259,1.3934413476702723,1.3517176736801142,0.8749095676358051,0.8531625657637619,-0.9459203234756057,-0.934935400652392,-0.5967134738789083,0.0020179348992726,-0.40220400682370394,0.31382873593060556,0.2373849441832289,0.029080174349040484,0.0
0.8723149376648603,1.021436365974916,-0.12430746220687484,1.4287332935580357,1.401814878531164,0.7885024051526912,0.9014554012824657,-0.920316638173335,-1.0044810191733013,-0.6058590193255705,-0.050135172291172786,-0.3297725598967838,0.41291112121419915,0.11491007523639296,-0.14467192103445375,0.0
0.9413579098431566,0.9903601056092156,-0.17440082491982817,1.5125640345738625,1.4207832256664337,0.9358253329168004,0.8786149828058004,-1.038154915991062,-0.96655139740923,-0.5488852738970665,-0.08446651739031097,-0.2904257599092414,0.3066463099694163,0.03448877796861362,-0.1590111246455297,0.0
0.7994636203759594,0.9778613192016377,-0.08450326999420127,1.571022591731682,1.4627567759147573,0.8786261687381601,0.8418291277443988,-0.8702270203864547,-1.1149565102081076,-0.45434867644999927,-0.09478277489841445,-0.24985254338701635,0.23941379548340722,0.16839639744670004,-0.09181323090791409,0.0
0.9122338742605758,1.035336314040579,-0.17688197084760532,1.4610819266197348,1.3779306011371726,0.8275206086794733,0.9067558512278584,-0.9776114804483294,-0.9974580087344582,-0.49757515303413163,-0.1677876220018255,-0.18714784867737017,0.23908153598495985,0.09894646835779813,-0.08548059683789846,0.0
0.855673602438523,1.0620008685642812,-0.09542783809224445,1.4177948478872513,1.333998843345191,0.8192704051706918,0.8647964293320155,-0.8976788061081586,-1.0468793694766556,-0.5863189028978896,-0.34313847992165664,0.09129100522664957,0.3242554297463035,0.24834092389272328,-0.12256493532865509,0.0
0.9990858941581957,1.047998863717124,-0.06788224960623862,1.3997801367194864,1.321603629483111,0.833193756237942,0.9710403449972814,-0.9527926565964778,-0.9002080306291469,-0.518569213776725,-0.36783301836375615,0.1698629734737836,0.15679495309672672,0.3675832717695833,-0.26036110545570423,0.0
1.0395605611684289,1.0383820310930925,-0.05509539631245078,1.4372201314422621,1.426818404663674,0.7806157222851705,0.9026055301251537,-1.072723539159547,-0.9599330943038837,-0.5056930841795306,-0.3423049080708163,0.10043062745554499,0.06368391390198845,0.17274572530419113,-0.31782806479369313,0.0
0.9148207687396335,0.9682348138414626,-0.17480735609201753,1.4203610153574988,1.4697574069754926,0.8392343748789294,0.8841616841912825,-0.9501353123052099,-1.0916593425826493,-0.4976716004023485,-0.18343363003973925,-0.14044908290851482,-0.03220546546752581,0.24955349336537663,-0.17796255461113003,0.0
0.8484835332999778,1.0177368073883684,-0.051824815213632594,1.4648995391383866,1.4377946930719627,0.8386209300312092,0.8981548592415299,-1.0224581537462079,-0.9610554145590012,-0.5009901385074793,-0.2591184229353376,-0.04432293714767202,-0.04311473305643246,0.12088490553689951,-0.30213206327481235,0.0
0.8410256380469786,1.1110097864290271,-0.15430303051229918,1.4325816368642006,1.3782116748812372,0.7555836996193089,0.8909556272404321,-0.9307048684507393,-1.008251031685504,-0.43422418982207883,-0.2634944347301447,-0.06571091820440186,-0.05095835797244341,0.06920909954094008,-0.2573613654226227,0.0
0.9431992207652832,1.0497540802288416,-0.15640086460155195,1.447373785181798,1.3545961155106587,0.7681298090163208,0.8553266159872117,-0.9795526898778839,-1.0051081561990312,-0.3598819993576063,0.0259272345862665,0.042011391793766326,-0.07775066213925343,0.04361330397232889,-0.19561246297594367,0.0
0.9382498420486793,0.9931890212751471,-0.06239038265387137,1.5295585011283253,1.455092611171048,0.7891595951149613,0.9083585943026692,-0.9698065107472545,-1.065023667989607,-0.3543080527928802,0.016163522078458416,-0.10327437700095152,-0.12431799138540386,0.05170345875593411,-0.10635101119899773,0.0
1.0229279632396917,1.0565455412741427,-0.12050287684373331,1.4573576902649121,1.430573420575072,0.8133907055085983,0.8785863570237729,-1.053443929896253,-1.0475577187461305,-0.3395044524654235,0.12424624521225118,-0.06701833966720308,-0.19364917027163936,-0.14950818228895804,-0.21886411180044738,0.0
0.8617974861796464,1.149856738718451,-0.1620334338828366,1.4719863966950617,1.3501531099929875,0.803392223964834,0.9079827206608256,-0.9775605840710111,-1.0166435483040186,-0.44852871098631586,0.11603569594820004,-0.030048046126580186,-0.1756286631945003,0.012287862274852651,-0.053230438476099734,0.0
0.9273015645878611,1.0237638835875784,-0.11906589676600092,1.5119199096959173,1.346419477722693,0.7008184839944689,0.9247385714139251,-1.0161961450236117,-1.0615155190272387,-0.3443642345183403,0.3263702417480479,0.01612075413113543,-0.45704978918314254,0.045207453001527675,0.025036846362149673,0.0
0.88693531170315,1.031696669103513,-0.1385630160295573,1.536957489602214,1.4550619207536597,0.7121074366757438,0.9156316999788556,-0.9341552870394184,-0.966395775800238,-0.24563278317757897,0.13681717385196956,0.04295058287100961,-0.39142830461508443,0.08771044614161866,-0.012027977845157006,0.0
0.845841399757106,0.993757434952794,-0.07904741226273213,1.491982967217435,1.3519927347931702,0.7535976161835937,0.9868968527372578,-0.97245135629041,-1.0046742655844243,-0.24209187280118846,-0.01261116472926048,0.0451824202283958,-0.47844681505237774,0.09306187843574014,-0.0835005355765884,0.0
0.9487365461460571,1.104964380278377,-0.22775325044306954,1.535744823608178,1.4987498352803974,0.7751343683273713,0.94329938013207,-1.0616115126412369,-0.9311745577251123,-0.3623190518490682,0.08160631406178175,-0.14451407020371373,-0.46373981339503517,-0.024344939370659277,-0.023728037968019026,0.0
0.8611678707627908,1.0082130474739852,-0.02974931073541158,1.4779085388729776,1.3650042433914902,0.7121834360808659,0.9112468606146757,-1.0198714553761998,-0.9528287611009009,-0.20295827593871144,-0.17405137479140537,-0.11150074514305665,-0.4602562917905154,-0.04954722811989834,-0.015620586845322079,0.0
0.9276055087185134,1.1065441322288996,-0.14404512046272566,1.5682059405769462,1.408839642091563,0.6372475873068806,0.9286145478874417,-1.0581140020644955,-0.9021044419470123,-0.18537897189784996,-0.09871938845507326,-0.1689785687272667,-0.30929094876315927,0.02378619165137187,0.019960035901209858,0.0
0.9014741415917824,1.028637572103258,-0.1078708724602665,1.53549329058592,1.472661418750634,0.7429052230571376,1.0149688882065806,-0.9814251537052747,-0.9310685049837721,-0.2588555883773383,-0.00512264494887113,-0.24726880231953083,-0.23220146414010678,0.11256588911962088,0.0963342900363207,0.0
0.8991700268105257,1.0892856807359226,-0.10163839690530331,1.5686335011036776,1.4838935098998713,0.7685420461103172,0.9993576216139456,-1.0641268709830605,-0.9386165181142381,-0.24059409912856117,0.018014095871782036,-0.22802246554512223,-0.24109070799669832,0.05660714320341056,0.052760465948845196,0.0
0.9122071779934241,1.1354311091847211,-0.11114430724057467,1.5421949853398622,1.5506458811294637,0.6851784530188315,0.9194611855225967,-0.9976546278507765,-0.9813219032419197,-0.2012314499986234,-0.07620599353556083,-0.17389368890251408,-0.18270182384832803,0.01634768966859226,0.05341583785645719,0.0
0.8966685389438964,0.9751982712533176,-0.13739359741637994,1.5128929383643739,1.4178237519833203,0.6892696109854279,0.9914781790459227,-1.077969757565004,-0.9410451141408693,-0.2087606353192491,-0.07850324396036315,-0.1033214789189757,-0.0457901588625948,-0.01678513620506939,-0.014182818353624636,0.0
1.0068737608809273,1.0715931401351484,-0.16320845430748906,1.511150102344272,1.436317410210906,0.7651386252943861,0.9753441723965903,-1.0398885430374067,-1.0256845946188762,-0.15010481094833444,0.0020899779711116284,-0.1154008537756448,-0.2000580595510648,-0.1113150011777277,0.019539345471225822,0.0
0.8530693146796006,1.0644300531170632,-0.13258151235084092,1.5487625330565495,1.438182472998388,0.6603772820180066,0.9006732844714065,-1.0097791680546906,-0.9556006823660704,-0.17014433745681037,0.01640971971996613,-0.08757213647972345,-0.2106468483803905,-0.04527717268082242,-0.10272226380766362,0.0
0.8664056656706157,1.0350972128228955,-0.132445148043549,1.5895381551295693,1.433459799588235,0.7501966075747813,0.9888141196247588,-0.9308847989009127,-0.923939259448702,-0.05003944135454221,0.009644184255739683,-0.10439196906556494,-0.037386551520095596,-0.00802736723560291,-0.24726356715040437,0.0
0.9948341828836236,1.1133775047825785,-0.07997978275622268,1.4484502469311884,1.5939386183369533,0.686569964844206,0.8973922044444584,-0.9686255100744937,-1.0112390736269914,-0.15514941189034515,-0.10088172459072098,0.142032787398283,0.05985953245059582,0.0012813673150435167,-0.23669836375632172,0.0
0.9613223588284052,1.0440620667593847,-0.028336957514206618,1.4481497687370495,1.4357586926395198,0.6380184014132353,0.9494396150070757,-0.9755659170983613,-0.9077698884980941,-0.13428452985856712,-0.10414191321513835,-0.05657726525172385,0.13109980068136334,-0.06743345563749688,-0.2266349192086931,0.0
1.0253181887609237,1.2154246690394774,-0.14328145050045626,1.5091670570769413,1.4824142803129354,0.6657984367781081,1.0131431839912337,-0.9883441725704656,-0.9225530568355226,-0.06129942862010843,-0.11812374899047556,-0.10784040795796898,0.02825498095875016,-0.10912380131512885,-0.005686056762667646,0.0
0.9635081505299824,1.1208254604025938,-0.10579397718083998,1.554960914231642,1.51420359486511,0.591395982368865,0.913714233254186,-0.8845229717238712,-0.9799309349245034,-0.06580995137305903,0.06825149235139048,-0.08895305614534219,-0.029362872890075466,0.04890946814070919,-0.09263829263432474,0.0
0.9325819615996629,1.107325237965743,-0.09409710835993815,1.4744349682773834,1.4160265720351366,0.6113944780039314,0.9846713070380189,-1.0006647979782095,-0.9798765840083936,0.008237058986971713,0.024562421085451328,-0.13349042581752446,0.06155099115568101,-0.04244325750785467,-0.09763942992376849,0.0
0.9415974786029138,1.0930167484401099,-0.06890751757466929,1.5449207075983036,1.5577688202871152,0.6285895506530507,1.027053519124892,-0.9369841830891424,-0.9880836445526272,0.024842354887193788,0.04026833872036746,0.1185323139741808,0.03058173950764933,0.014557079900751141,-0.09611977428246617,0.0
0.9119020497499275,1.0307925290041025,-0.12108399576760832,1.503389002114386,1.4764831685407642,0.5834868447129689,1.0187854740538753,-1.0122662017911375,-0.8979134059249145,0.011136297867249071,0.00326785994746525,0.360268826867621,0.16520829036874277,-0.0013627575864327921,-0.2209404835040985,0.0
0.9378883579017271,1.0925881455142838,-0.18889168985611404,1.5625934781414499,1.425159165944129,0.5605232082666552,1.0423108633868372,-0.873792663226689,-1.0193352005043326,0.07866866983948989,-0.06961967329733307,0.14438886538723167,0.1166602981320684,-0.012729415616442644,-0.2291535523349254,0.0
0.9137035121938164,1.0831698556642329,-0.1803345460313243,1.462241714184189,1.4243319482815884,0.4955147696750124,1.0575598694202015,-0.9881161287692677,-0.8696898163326986,0.04629394517652859,0.04309071576425547,0.10284591642258033,0.18690657455937595,-0.07981152007277054,-0.3015553128700563,0.0
0.995819368861645,1.1705289231738925,-0.07877095820310454,1.5183544531923008,1.4248746884413936,0.5703077623943699,0.9331986700031473,-1.0265786499812335,-0.9512092279673873,0.14630202364160996,0.03043124735248602,0.1677515702113893,0.32081729261219394,-0.07271857306716259,-0.25131490963810943,0.0
0.9863466052531346,1.1256295157655352,-0.17211756699901562,1.6062878548417532,1.4890346014656153,0.5836719917256221,0.988672479536613,-0.9727170869562751,-0.8874459506151317,0.04201697839310528,0.18748584757159617,0.18496687011805785,0.4346026194896582,-0.17042527458959658,-0.2171913507933272,0.0
0.9927243385802371,1.0913405483785477,-0.0891282399881,1.5361248121971702,1.4800830163478744,0.6023308036725831,0.9734768363189946,-0.9624395864246584,-0.9789606727220903,0.2105305697584743,0.15947345741909416,-0.08967428276571675,0.258114800064878,-0.09203509654258477,-0.2370307841991609,0.0
0.8450393677218688,1.110210106105852,-0.0408473373172063,1.6059989582431706,1.4557450085909875,0.5685810175298496,0.9652117173281838,-0.9735989042166101,-0.8504217281682536,0.10603531772181107,0.22343651434749415,-0.01540586181471567,0.052362675312071644,-0.13629874074003448,-0.2505650077044892,0.0
1.0140583829633176,1.1002023715632567,-0.07406346285186993,1.5683488642272163,1.463688611835453,0.46995003138724195,1.0070953172083659,-0.9195509947454971,-0.8993797748815042,0.27344090732007276,-0.018154491041046633,0.19411819359116916,0.03300486971452577,-0.19854102351456576,-0.309987698757746,0.0
1.025719927912481,1.099470055172973,0.005140427053049942,1.6797534854091478,1.4346773215528013,0.5099132592323642,0.9824110682049035,-1.0403073056731527,-0.9307885563016464,0.2244546491469706,-0.05988666986360012,0.18392095030474567,0.013122998749060841,-0.05681344599833317,-0.2111336108895502,0.0
1.0665250380584677,1.2287102536343977,-0.11389099368246633,1.6327595038019784,1.4891528143495567,0.5551968735492179,1.0912398575185935,-0.9412839807104882,-0.8688474941939527,0.15424618364475817,0.05460745292085972,0.07493362390289714,-0.19772845487174295,0.07013890749438895,-0.2827591501294745,0.0
1.0262415682573305,1.116543358130828,-0.08808227553310476,1.5808813350100053,1.6022015428950958,0.38853065094968,1.0909257928050837,-0.9790676010747256,-0.8366278508379758,0.2697316820936372,0.007755441516780766,-0.025580238558662614,-0.12115581596916032,0.003223417803929464,-0.1873339266950477,0.0
0.9537814388854053,1.1408882323840317,-0.2505650422200047,1.5654432042314779,1.4885721066952793,0.43936999656273584,0.9112664402107358,-0.9147856563818199,-0.7771455411654594,0.31003149543792186,0.001937947810145003,0.07832304400676326,-0.10369878155698208,0.039901853549905775,-0.09853573370523565,0.0
0.9495717695477163,1.110499991387817,-0.16775466871780217,1.6467133133155976,1.501836462656647,0.4100808066337725,0.9096519705887967,-0.8860629348429585,-0.7757098429033961,0.2760589840792467,0.06513133071151322,-0.030637822030502075,0.05630073595699685,-0.03742739939262138,-0.027060234723426974,0.0
1.0441185792940466,1.212210979187561,-0.11626493001522856,1.5373443235122317,1.5619365287894442,0.40423068092678816,0.9980695787530375,-0.908850199557005,-0.786111659569138,0.2856685207260636,0.1349579497668315,0.021266242802207982,-0.020938321667860964,-0.11428381690233849,-0.06652681035542006,0.0
1.016684984367139,1.1333293471908314,-0.1784670719958032,1.6256035729852278,1.5344962430715954,0.4251801029569523,1.0352725845416824,-0.8825398825515105,-0.8524066565451556,0.3007307711760535,0.07712860980670627,0.1260227108331352,0.04181333963704198,0.021737832201234042,-0.06272027817982855,0.0
0.9480993598868014,1.1482353777166447,0.009172221584791682,1.5872855448832213,1.5408809505801038,0.38073896029305365,1.0386322376242538,-1.0314043132092108,-0.8149241291036317,0.3361567197239474,0.045405350758882156,0.13908899923664764,0.008247920866599725,-0.065517439222454,0.03777057094870383,0.0
0.920179550776312,1.081167830765353,-0.12097926368323557,1.528846201869657,1.4832423509477874,0.4475865494777352,0.9476173869638093,-0.9063119955506632,-0.8266562169102611,0.3672906429425681,0.2179290198815525,0.03628935019522994,-0.12319840767871984,0.14248811390433522,-0.0372865712965524,0.0
1.0137089799806625,1.078660410352496,-0.12171261995047322,1.6369556238437843,1.421063350480709,0.30736762392675154,1.0503806455163607,-0.8793319430666947,-0.7347707578930762,0.4156838768939478,0.21574199494966012,0.01839069037226898,-0.12434181459295895,0.1014259726299456,0.01827489779371059,0.0
1.009995788177755,1.1735117460515252,-0.15571484655296808,1.661491508200619,1.533885437136316,0.38022483060343365,0.9948908780611097,-0.8695257034546642,-0.8796552132787642,0.36440516737354,0.3132232381683294,0.04047933768705047,-0.22279902176912658,0.02823189750229542,0.1667445514925036,0.0
0.9451380166270866,1.1674574763471819,-0.013949001297326027,1.5908329926781146,1.4815046222936608,0.38557207922889336,1.0994492725181837,-0.9725553621512529,-0.7693517917842239,0.40157262859364573,0.24887267151348996,0.051625362077715606,-0.2610478537680029,-0.16736138478753876,0.34034330646984,0.0
1.0188650680536504,1.1379541283068888,-0.03296481049597706,1.5998338592767134,1.6310320205826385,0.37565642252340836,0.9952917502996119,-0.9240353020804183,-0.7441751010702846,0.3073562665136955,0.15272003957109154,-0.010425764973927582,-0.37213832590604295,-0.12707305579939163,0.16249713870194685,0.0
1.0527185775438048,1.1980176661471822,-0.030376480406149597,1.5749292518248228,1.4305437855535095,0.37994436208658466,1.0122529646413567,-0.8704175357476911,-0.6836371822280556,0.31961490545907745,0.17892253296875713,-0.12291871078269982,-0.41818271177877037,0.11368043580237658,0.0498825061877184,0.0
0.9166731321862542,1.1512926422923102,-0.07707782137740812,1.5638594504096126,1.5682497708319492,0.2773695614440867,1.030747762141292,-0.8077003833852224,-0.7737319231636991,0.49648807561326846,0.050654136973103475,-0.14250863773406297,-0.2717345839481037,0.20901046808183676,0.0011538814560977315,0.0
0.923859841224137,1.1344376833494438,0.00874648172600452,1.634651656363331,1.5169906010499163,0.25224276687335573,0.9087264101115817,-0.7884274653088588,-0.7362873143267362,0.5508578242370243,-0.11959093420714507,0.035787034635670775,-0.2636068184009998,0.21128165977729294,-0.008740134332583756,0.0
1.0139627262715365,1.1366810315444036,-0.10784523094063415,1.614544266547617,1.4676521364038129,0.3677527226703116,0.9910292392511463,-0.8590772006838673,-0.6952986553819428,0.42555050716505294,-0.2125061802305961,0.0649818749675682,-0.30575817457525967,0.09931918306965835,-0.14826905415583663,0.0
0.9968116430366639,1.1266155701121443,-0.11350611401908516,1.6300120910517157,1.4296275232498623,0.37289975264688546,0.9333743454288497,-0.7941135805632751,-0.7120227039418117,0.4801236321921943,-0.08415228919442735,0.18870403566978416,-0.22748757417046644,-0.08230113158198071,0.02075120019186069,0.0
0.9954116882471195,1.1619851705654758,-0.07989634169609168,1.5961896673217133,1.4697457454768696,0.2106619093666205,0.939441769432448,-0.8234473210749467,-0.6714220259705961,0.5316066787517206,-0.10897946498505551,0.048622267345466125,-0.20073184722867257,0.003759942661987259,-0.0013945844356091294,0.0
1.071520062645489,1.0864925891539405,-0.19610527966444485,1.623569053463333,1.5472334644371886,0.23494582237627018,1.0594971901095867,-0.8752632861069513,-0.6822101144699527,0.6063696128927455,-0.036432120887627,-0.009410258393758801,-0.31058599730755754,-0.0050807454299306885,-0.016624721696844813,0.0
1.0275656311026071,1.1788244381840187,-0.0320740536448733,1.535635067705634,1.586528908385798,0.2552325294094257,0.985664763764595,-0.7799440364723961,-0.6831678561592059,0.6259902210594195,-0.17713638041953678,0.020328971853583056,-0.21859454001291453,0.0845473454724974,0.019244572660082514,0.0
0.9761626120407595,1.1713721077561043,-0.0835207194044105,1.584628512482552,1.4778548839896501,0.24589667096392287,0.9344257976134005,-0.8242482978013063,-0.7275572272896653,0.603821119267719,-0.1579334207571671,0.14763470010617796,-0.2321573929059488,0.10549226759951405,-0.03686018616500576,0.0
0.9916732765097156,1.1685769096513678,-0.06765836106736878,1.5285682118294175,1.534656677409559,0.2843353863284043,0.9196040013024626,-0.8513342233537782,-0.6914594274441133,0.5585141405110882,-0.3027238339426379,0.03093214786621208,-0.263255837456374,0.1805424879020625,-0.05700815647341473,0.0
1.03741713053621,1.185188286194596,-0.08458870746824819,1.587548004852313,1.496380691985315,0.14872623563745796,0.9793663627498296,-0.7638459753522027,-0.7342908882945273,0.5111784691529367,-0.3071283925197874,0.14439128938364376,-0.40634699495301896,0.11303199900549449,-0.05685645301114863,0.0
1.0956439755134437,1.1425567104222454,-0.1626428960366802,1.5680309737003595,1.5394629127459118,0.16493028683802896,0.9740648885558344,-0.7502832725628571,-0.7222350807757008,0.6002751988771938,-0.24852083422902996,-0.09624347928615597,-0.4260374352953908,0.1076471888622952,-0.016763516215140245,0.0
0.9261160896725255,1.1094573451269683,-0.07743327262792588,1.6980318264045657,1.6003814471659816,0.13557772626520348,0.9219753979127968,-0.8205673752184542,-0.6959097807121092,0.6008610582655312,-0.23316680512373889,0.020306507066736437,-0.3028765834696242,0.11616789816716745,-0.10968660604855224,0.0
0.9835640136461525,1.2214234938678303,-0.05859594806274398,1.6651851004874139,1.5572115722076116,0.2163501310009901,0.8808533461690082,-0.7200357452521753,-0.6020448159856311,0.5835981217536071,-0.20822490982129715,-0.10957415145506774,-0.31531798141379963,0.13893570093961838,-0.13672285339373008,0.0
0.9385835338275185,1.2169078338829002,-0.07008181940684824,1.6197191511597613,1.5673531902329767,0.18800915822431097,0.9726629847479579,-0.7579493073587744,-0.6186905608598272,0.6962835328350511,-0.11016466760770458,-0.15179595324381118,-0.2584500771778403,0.2722571497486636,-0.08087678011713882,0.0
1.006637592450943,1.2736259015726097,-0.12658243936004215,1.6181406839861097,1.607276528383959,0.1973963975739565,0.863799142163323,-0.7351946693211826,-0.6349984371079473,0.6260429398012983,-0.07596897674237062,-0.01793460799040167,-0.0677938755047447,0.11931984738808449,-0.12526047516609198,0.0
0.9426736891415692,1.0957604461507957,-0.09659355893596985,1.6608966928609414,1.5153693980601712,0.10962147013764575,0.8996369387722153,-0.6308963331212283,-0.6195205010760533,0.7027444598335595,-0.09400258307684164,-0.09035240905904228,-0.05797563658412239,0.09965040203952305,-0.08276734052814178,0.0
1.0766191377861303,1.2271794060846006,-0.14920572416296857,1.5917219377569707,1.4985673756941325,0.04604674740127904,0.8251938714622438,-0.7735425108615078,-0.7105130342271864,0.7003310949208452,-0.14740829692134633,0.06221579483152834,-0.008313684812886545,0.10396651390077272,-0.02985208929648492,0.0
0.9902946264333019,1.1855524854890922,-0.12074172898499112,1.6331631056103748,1.5852443188674779,0.15314664678435705,0.9041928167387522,-0.7469906313496292,-0.5956813949383031,0.7766412485473145,-0.11529318090640636,0.1026359402093154,-0.08364133317999113,0.015197220144046827,0.07471610042424862,0.0
1.0363735530983318,1.1116293510898354,-0.07220444435040746,1.5946791855294395,1.5034695579041295,0.20403998979870802,0.9234065165248945,-0.6838262632177233,-0.5041687648064915,0.6621421327402668,-0.008253980434637667,0.13133521505271034,-0.12385040462745289,-0.05936196516886964,0.2871093360265238,0.0
1.0558204820591446,1.2355704446495743,-0.10580010305207672,1.601124943428272,1.6325027484212085,0.03817156136140436,0.8074635209835095,-0.5883639821772892,-0.5769644938264878,0.7693958734380852,0.02523976415774219,-0.08273379643897662,-0.14124635447709544,-0.09524429305629765,0.3371659591043559,0.0
1.0325764157780555,1.2114601861570973,-0.10767802139623986,1.56934926979992,1.507956324788512,0.04548221859637917,0.9803700204010571,-0.6657687145236667,-0.43698398022234425,0.7417732274980129,-0.10675781211797294,-0.0008716750640982984,-0.14161884196971755,0.06786007665799303,0.2069203815368507,0.0
1.0612355560433642,1.2592265669696523,-0.06944870334355507,1.7417372941200537,1.5458577966992169,0.06472468018674475,0.9226958169892384,-0.7379130215301704,-0.5438997769396309,0.7649054955034971,-0.19933962825044177,-0.1278292489166929,-0.20688762207010414,0.21600906428258576,0.15473145147120201,0.0
0.9965456834719686,1.260649255658929,-0.11313566092381422,1.6564101939430589,1.6382110408021322,0.000377622360180338,0.9386173275320179,-0.7382305276269715,-0.5488196623183584,0.7996178045750563,-0.11717126232921699,-0.08929006788033028,-0.1936979845520211,0.12137541801381677,0.0967954163880777,0.0
1.0102487426630808,1.20562950388487,-0.11517053780121318,1.64291163615277,1.5688157669793266,-0.009767102808848262,0.919746341074599,-0.6572300906923733,-0.5733142470501946,0.7609878542604752,0.005489048672137578,0.13867657221144442,-0.17884208942675,0.12521478033410194,0.11600622747505887,0.0
1.1003851324434175,1.2620988130351143,0.0019457489293199792,1.5645828478719113,1.5600201622866092,0.06478395871159287,0.7894241520242629,-0.6304299660006036,-0.5473259496476544,0.7815449191618484,-0.07473941416534075,0.056746184496306605,-0.19242257707764765,0.16157469719614648,-0.13164293290361756,0.0
1.0504768744036952,1.1385843724128868,-0.2083955274697599,1.6344849687678604,1.6240505468254198,-0.039651554939739306,0.7879505683015356,-0.575475137544431,-0.5277187386417816,0.8019194445173662,-0.08027437578390267,0.20385140849402825,-0.26494276549347817,0.2248003456518925,-0.0027911035499403325,0.0
0.99304839126594,1.2118409456132067,-0.04795272814241168,1.6870896780165872,1.6056394624432193,-0.08683824037860431,0.8753945381318845,-0.6253832630946918,-0.4849416315292655,0.7907374254983476,-0.15203330408239896,0.20538767069677735,-0.11467775061289412,0.12530675248228115,0.08903616481713449,0.0
1.033226069241904,1.2202970215406301,-0.019965826207733933,1.6175441709256566,1.540973955611451,-0.08085314202139562,0.93830384903503,-0.6665196393868932,-0.508206717354073,0.8446183228846179,-0.16739999509175757,0.06626642953478354,-0.03746636451258959,0.08455472171970162,-0.05477716397555234,0.0
1.0855019153471306,1.2129615992616511,-0.16464107641861397,1.761163770268321,1.593378765747584,-0.050995536484219395,0.8460047620325764,-0.545788846927056,-0.41527468012160035,0.8566788771806614,-0.06919810264614963,-0.13012104034824237,0.09320070929057858,0.1155296876293573,-0.05877618902242018,0.0
1.0238511586311436,1.2021854855802194,-0.15378980412731685,1.6466037958704594,1.5663010462600433,-0.01700921361222681,0.794265238659168,-0.5941989759336294,-0.3435336332768485,0.8806356893215198,-0.12093240084650797,-0.15367299005317803,-0.05604961374765524,0.22041541296928963,0.030553337540298188,0.0
1.098967821871019,1.2340315692518582,-0.08700321391215121,1.655991207090807,1.629831736224989,-0.008260905543557392,0.8649991157448073,-0.5983701681695499,-0.4812381469447113,0.821912262597337,-0.23616648880395363,-0.09776356579456609,-0.04126626727432188,0.18833059936809535,0.05780787490301327,0.0
1.072179400591304,1.1878300975701446,-0.1193087772495253,1.6404908126622066,1.5407755206466236,-0.16141574323406765,0.804959032305173,-0.46353333032313687,-0.3985432707326904,0.8521991002779373,-0.2926504150313862,-0.03444300165644125,-0.09318614285635138,-0.010378450108887244,0.18717543786581223,0.0
1.0936715847120482,1.1691138474726546,-0.1568076051044514,1.6825276711853605,1.5475619557445133,-0.11576055108888259,0.8626462775805719,-0.4102833225954208,-0.36439574081132153,0.8085936906619051,-0.22863457298161685,-0.10632548670325051,0.06295060365210438,0.024428012135881527,0.12787759775098595,0.0
1.0590307702670139,1.2358483812415963,-0.13663230106914134,1.6604006696017874,1.651901819761434,-0.03444259055654837,0.7870054641556512,-0.4735654103475965,-0.3790543390274094,0.9044759635852495,-0.2303606472096664,-0.051747366349091085,0.13512226974945368,-0.02723221169658491,0.09599314758484638,0.0
0.9587636502699323,1.2718705406926747,-0.09569372452235073,1.7256667485191077,1.6780293480730046,-0.14307449605613337,0.8013091969053867,-0.5315784579467945,-0.3874401482530335,0.886791457603948,0.024467361900917084,-0.19161207576179146,0.012041617477225486,-0.020445260659746622,0.10971857778750263,0.0
1.0859704864392905,1.258489984738037,-0.0792658758423112,1.5990299834253248,1.695571444325988,-0.03794042513673945,0.7980088897457631,-0.547072701526442,-0.38214497605068815,0.8988048757947517,0.2666599053123403,-0.10835594507190094,0.04472747178555266,0.057499142811234125,0.2336183929226021,0.0
1.0896191335728753,1.212775454890838,-0.04904114659454367,1.7248987862084815,1.621252042597862,-0.09769270385060894,0.8223732091979722,-0.3739366069571747,-0.3121641372546623,0.932820250970553,0.21036476212212682,-0.058009567937463806,-0.20969639818225677,0.0007346199667656872,0.10704476606301527,0.0
0.9113187661085335,1.2577160698908272,-0.05642768921395485,1.6859557682638406,1.5279392306414024,-0.15453339661635943,0.7457172336569821,-0.4954039403628314,-0.27380338893107825,0.9015357454692166,0.1410174446882812,-0.09930097841683586,-0.024821455353323474,0.09208097009918219,0.14284573290825298,0.0
1.0092961983045812,1.2659924391649382,-0.17637109976905402,1.779659557319099,1.6036324668794624,-0.14245349563883808,0.6524456120053266,-0.44106694171289174,-0.2555552168244101,0.9182218618644062,0.13834044869690998,-0.13826983107992064,-0.01980474313924456,0.10040734972620213,0.13320424552637486,0.0
1.1517783756231157,1.215475407617758,-0.1158957743831145,1.6629026800536162,1.6314846322415149,-0.09659845613711641,0.6953462011648959,-0.3525533887451546,-0.28445186029815756,0.8803525057385587,0.24777561835018586,-0.09092362035292095,-0.019362631900744803,-0.00030475569628120314,0.1848102950257286,0.0
1.0641003209688302,1.2057361783532239,-0.11016803431238258,1.7233368235743889,1.5597967291097778,-0.2019618825455248,0.7479911369366183,-0.43679419810766,-0.31815090209880365,1.003957244166029,0.09385696406020343,0.1285565912349829,-0.019993260201909342,-0.05012540938263154,0.2501614629444072,0.0
1.1252551218201279,1.1869349350168346,-0.013544927987287916,1.6347242932514805,1.677311426012324,-0.23721060118504833,0.7877041310241515,-0.36321699340835917,-0.259571495546991,0.9587036111686259,0.07744272781206661,0.145586108937682,0.002744244493416391,0.02273909155153525,0.2208569654239288,0.0
1.1235919121622275,1.2644420678944748,-0.15036035207088194,1.7404734596500655,1.6663605320553727,-0.28422611919111956,0.7734744775699484,-0.25603003774257777,-0.16615649223995574,0.9450324089037646,0.1262144449141055,0.007443153609857672,0.007425991979555256,0.13635493399219978,0.1367792739472099,0.0
0.9687556714661512,1.2649562707809316,-0.1182421889587818,1.6917867958113824,1.7181853592190206,-0.20211126404219493,0.8109987127293177,-0.457550502579105,-0.14374001176426066,0.949552290965949,-0.08990637809903221,0.10218064480733209,0.04173383898223597,0.1134834649609767,0.10149560741255854,0.0
0.9831823448298272,1.2602866257797951,-0.07776795994561536,1.728249695654799,1.5622182904566577,-0.18327672950403456,0.7013558559369661,-0.39443060547703546,-0.21249454931652567,0.9263532354016795,-0.1230792837888949,0.12415814538533884,-0.007681554177315003,0.2799528944488387,0.198692288691344,0.0
1.1117420498188737,1.2811550345634943,-0.10533298923960736,1.7331064729693877,1.7190203247108922,-0.18734099533328893,0.7060412539383352,-0.32308620345014727,-0.19233857062251003,0.9945680081458644,-0.1081424190269686,0.08136937783181977,-0.05764291244472663,0.41683463491081574,0.03888480733760402,0.0
1.1393911373132628,1.2443002665492044,-0.053512428716178936,1.7378471782938516,1.6772029926322602,-0.30557051683315894,0.6761195815771728,-0.3011245416982481,-0.2605825485438264,1.0516249475879198,-0.07782635503715275,0.08466354015067323,-0.032223410023425283,0.3191875999170423,-0.014666587482088093,0.0
1.1303729886913867,1.3135805960737044,-0.1203289271969227,1.7278362370968963,1.5732792167387095,-0.25669316790072433,0.6958887398670572,-0.2815321473373508,-0.15839305478080656,1.0903118867075992,-0.27439540498680026,-0.06103026004083718,0.0015416486653046027,0.2495799577173284,-0.14909672232799814,0.0
1.067639125594453,1.2151880471907355,-0.07398616405394201,1.6917399698921387,1.7494538060206613,-0.31095865317236604,0.6787609268189748,-0.37752366515857544,-0.14388152237736482,0.9970025253890961,-0.07477888082639272,0.024203094385026665,0.02722797177750697,0.19468558095128616,-0.03376840226173683,0.0
1.0948068125278696,1.2975769433507942,-0.07511127856289193,1.6075895696909648,1.7329884085392033,-0.2718885114380507,0.6154921902527124,-0.23641556383361945,-0.2168584574490928,1.015487378788909,0.10709896593479727,-0.06779103085587287,0.1407652679062347,0.23705408169942238,-0.1675508186485395,0.0
1.0231197638765561,1.2192062811400168,-0.05206367469725065,1.735450327341239,1.5971527960308904,-0.3487045582218685,0.6257956895059913,-0.18320177737115512,-0.14689642215722956,0.9431427535246952,0.08847429582058945,-0.1652954562395233,0.03881240201161193,0.16190552811817663,-0.17147419458076502,0.0
1.0977436821808357,1.3000329428170239,0.014245911469875444,1.700178509715413,1.5878204538147422,-0.37453920514316913,0.7054107678960884,-0.2058843891363494,-0.0920417153110307,0.9792826220824911,0.17803058749425624,-0.08372024645694928,-0.14347744263965428,0.23564937313621576,-0.13493075210594613,0.0
1.1469020964462668,1.3265233798038027,-0.10581639370859343,1.7881563502849456,1.7513414432364305,-0.3364521439658441,0.7097009269824324,-0.16583413810909153,-0.08258298703413808,1.005942913136507,0.2618638457402406,0.018396765408381234,-0.12941753912962684,0.22773768480148024,0.020954975413072327,0.0
1.1545699664122846,1.2984535270895372,-0.05135275097981466,1.7167089118898307,1.6699219680523856,-0.3635998285167979,0.593651928010917,-0.1229781441029086,-0.12005294787170606,0.9749917497704312,0.2636138757081931,0.02962036607668001,-0.017776933869500397,0.14970007101936395,0.021338370096663492,0.0
1.045249780040343,1.2820607398889807,-0.052977661093259035,1.7624953619416137,1.6828880933455066,-0.3623551242949428,0.5669819763657615,-0.21436563758808516,-0.13045792796253602,1.015222783613579,0.33582696666486134,0.27941275745522526,0.037599180310478444,0.08943691840527473,-0.05297260145428387,0.0
1.093778038194659,1.236864517498294,-0.044099305948630645,1.8303291814696556,1.6734608955715025,-0.390604446429709,0.5248340316887535,-0.2540371526411724,-0.10294514294290369,0.9570752701872176,0.1484713932584813,0.1076363857166456,0.10830420804442817,0.19757001255395923,-0.15750124806622945,0.0
1.1374563063275005,1.335997614092801,-0.014794161866461694,1.7611989993310722,1.5455022294334444,-0.3501592628267023,0.5667849755409106,-0.10570590100197086,-0.0855004921122684,0.9592696700036911,-0.03276490565799797,0.05308813675224798,0.04024537669154604,0.0594131339050924,-0.20286180710951646,0.0
1.1450385234897293,1.1849115327849151,-0.11099282519405393,1.7524046243016485,1.6332385233626128,-0.41950630783013004,0.5912954078928684,-0.20169851160236324,-0.09650717377722164,1.0232999255332096,-0.19086471055423637,0.20838737980842506,-0.05227858839488976,-0.0351916928205245,-0.14210270128640626,0.0
1.1097516590653325,1.2789238131901808,-0.09710649493849516,1.7783017406249497,1.6694059231809952,-0.4804193193963152,0.4475895100782485,-0.0760777860178245,0.01039406814957407,0.9702398663498559,-0.20636884721809767,0.023884604127160536,-0.17249759890029837,0.03879334561125422,-0.23370346118091562,0.0
0.9567969872094921,1.2877175004020407,-0.07266051880892196,1.796800542672305,1.7261215627936983,-0.3984556027250684,0.49229917645725985,-0.14573638219380067,-0.026979450867586838,0.9870208720062789,-0.07778201686744576,-0.027908542671810987,-0.08789092693843446,0.014837921242859185,-0.1665091088556273,0.0
1.0253520455034466,1.1962666828755775,-0.08843998806432331,1.7773723988962198,1.5846789309536335,-0.36075316134330065,0.49954973252024876,-0.037135451441125095,0.07933897326818992,1.0204040236726688,-0.1386185090561567,-0.056501287875981535,-0.03918153529038763,-0.08174708973702396,-0.20399132802964431,0.0
1.1158774388706763,1.2178239324848825,-0.09468617615736317,1.771810159385937,1.6667441302552877,-0.46012948082626015,0.519680439524954,-0.07986896546918522,-0.06962870097718951,1.0340774454632404,-0.07287077007612039,-0.07079650985879113,0.04623398450345902,-0.09774063307397163,-0.3266953604681312,0.0
1.099673164823773,1.331116303917354,-0.09595760500299225,1.7028076809219486,1.56001327233175,-0.42659771151697234,0.5344064561358451,0.0024857836797109803,0.04696941303060969,0.9828863121565845,-0.06991539002249576,-0.1665238428529802,0.166865170711144,-0.21823858084173176,-0.2447222660029833,0.0
1.1531644579984168,1.311853901779289,-0.07188668871371333,1.7156576067869598,1.7153295562097908,-0.581232172589806,0.5063331651173948,-0.08944596999479,0.00847700874864013,1.0343877260749883,-0.07476328200007155,-0.09627096307349557,0.2261777742368563,-0.23567932121478197,-0.19604927733356448,0.0
1.0874308491119167,1.2688655921760978,-0.0835864628445717,1.7871757497753642,1.7576200239904765,-0.5367525530067605,0.48156787887018565,-0.0071482587949478205,0.08024276451822893,1.0694794780628434,-0.19031715746581884,-0.04049970916773003,0.22539374250335764,-0.17422893412634335,-0.1841099627767935,0.0
1.1392377088607717,1.2932120335753592,0.0062545979639273275,1.7138188055004215,1.7274772808211987,-0.543818196798669,0.46653708456557297,-0.044655683403733076,0.05511600083550576,0.9689624518201777,-0.22091331995572966,-0.07154676078897154,0.17600867299220385,-0.3064487738919104,-0.03785706522864589,0.0
1.1241258933012583,1.3828641284810663,-0.10026774164551447,1.810363473101201,1.6834262172460033,-0.5757700475176813,0.5071018610649175,-0.0018483489556481002,0.05764993489578705,1.0289486039921079,-0.10256226186840584,-0.1660496565263171,0.1800077443960924,-0.3455455845380335,-0.1192925230388168,0.0
1.1013265974623003,1.34657944687231,-0.06532239082376314,1.868047868861951,1.634868188172137,-0.5709208034623864,0.5334777445229962,0.04618817179116727,0.08827765559086921,0.9860175271175273,-0.12360783616023557,-0.15443074028813153,0.17174185935315256,-0.3024013903371974,-0.02075862167325561,0.0
1.1261836680714927,1.386450430764984,-0.09122897654671017,1.8017865357161074,1.6369445377732108,-0.510916251727635,0.3650006553512907,-0.023639101961182483,0.16696423591287995,1.0005109330619337,-0.12965922214889217,0.06936951862806756,0.009022522527071974,-0.3623631576328579,-0.11988708934597476,0.0
1.153636850939638,1.1917605239118327,-0.07785217327198625,1.7077992963386714,1.6148153933634115,-0.593565699004525,0.31298667710636696,0.10816103344544498,0.10627137221155393,1.0078080825445017,-0.114906468901645,0.19286720214228553,-0.08019957293679802,-0.12413566931947648,-0.19010703728007966,0.0
1.1284435809213524,1.299102485335427,-0.12011106756022968,1.7529121115027144,1.7784245434742938,-0.5265779670369239,0.46598471020255117,0.0519083500170547,0.09955036211230656,0.9679083411026952,0.06905297370430487,0.06744248909197595,0.014800922697883481,-0.16352828492572713,-0.14202949683566746,0.0
1.0658794204670843,1.3138518103727475,-0.06808810390671477,1.8532049605467271,1.6933025280008638,-0.5206895577472389,0.42537577502430435,0.0632225265355017,0.18121940221704536,0.8868716422477219,-0.011439864461635557,0.05615273570602708,0.10041163198321228,-0.1261224582992188,-0.005331552296082065,0.0
1.0855144938101031,1.336893939131599,-0.1264120041370895,1.8198070176223027,1.701478886340814,-0.6103164694643848,0.4202768409407246,0.14499839398862863,0.1729382855691417,0.9255352802042032,0.07189365304553434,0.15148981998050662,0.08960638029270224,-0.28781539505457615,-0.019852546333230754,0.0
1.1182500705536575,1.359908805165159,-0.049992282038516966,1.7954667933589799,1.6017583508099904,-0.6936406398073848,0.45194846956289547,0.08267842332157765,0.21344907638484764,0.9850005584217558,-0.07787329860581234,-0.0176763349502978,0.19053067696146858,-0.1759001702437215,0.009368042802317508,0.0
1.1396343492999312,1.449917126891321,-0.023765145234828103,1.875660148591454,1.7214069499405669,-0.6052849946321255,0.3704115679063745,0.06255405772885596,0.16148740262107295,0.9895109060150709,-0.06543612622732224,-0.02701507190531287,0.11016171550065723,-0.3161314082552605,-0.06221610817082121,0.0
1.1506164183384517,1.343013206867691,-0.026350897030800235,1.8135624704252347,1.7707306617641259,-0.6119144494108824,0.45875380983173286,0.1724058254812355,0.17900628572870692,0.9444598653577922,0.10615647110081476,0.057796952801812886,0.06299297235756804,-0.1732264544799984,-0.11970948469039161,0.0
1.1420411935066264,1.3793582293862552,-0.08863799800541894,1.832154821316124,1.6629961487709066,-0.6954417082643163,0.36632867807377384,0.21945683686828638,0.16883986937088702,1.0116934422881227,-0.014437560088973164,0.10926670595762059,0.053562292549786915,-0.12324922608400557,-0.00025431939850598106,0.0
1.140179715612599,1.287019200470494,-0.08547823187906192,1.8266552604310522,1.6252522578615345,-0.540479609547158,0.33570749626706375,0.17333360814670018,0.3792104809829778,1.009971173029126,0.0412018522805247,0.034882587643270166,0.05541970599046881,-0.008999101587607278,-0.1352656824458654,0.0
1.23295918862999,1.3087007789886946,-0.004876070209005892,1.8086478007984865,1.6544228801528986,-0.6510581889660915,0.20363716418784295,0.19225100213898397,0.2637254791374208,0.9145236195895929,0.09183615225821354,-0.038886077812914595,0.09852194692835663,-0.1342531574180835,0.04206215837197744,0.0
1.2208889477554217,1.3487814912575526,-0.02495824292465998,1.8418331299013517,1.7307172034480198,-0.6873704688379636,0.23493001427349153,0.1983468653713884,0.24272014309633974,0.9414221140893232,-0.14177687924038718,-0.027467625952415836,0.11662723063820474,-0.13402562367708049,0.20031128465818387,0.0
1.0906774385255236,1.325928762889162,-0.1238968034459898,1.8626959209134373,1.6986295498582684,-0.5638305865842386,0.1413504586548734,0.2907822682950324,0.3334337840268722,0.8830301608645874,-0.07000403178347951,-0.15023598484037567,0.18275869082428214,-0.15623151554042597,0.03566719373786845,0.0
1.116506412210324,1.2771379019864002,-0.06510727627235219,1.7776144254691577,1.7116619413300718,-0.6780226906989075,0.2613153153900783,0.19816599541014307,0.36492362355919905,0.9010641031080083,-0.024492537747657975,-0.13610354385585238,-0.07702484907353443,-0.16698139537040763,-0.08420213754482543,0.0
1.1969282933963021,1.285488340825938,-0.10253409987149797,1.7991695536696122,1.7392885636958322,-0.6407700063444628,0.17082897582739498,0.14824987278271795,0.26983255329323774,0.9673943233434648,0.10441658911844741,-0.12020817861764299,-0.03062891494323823,-0.151992874961085,-0.13536920263897345,0.0
1.216042246764663,1.3206605520351613,-0.019046103751068855,1.7370055674590814,1.6777336908163833,-0.6830323381748584,0.32990510683749363,0.2088905815661189,0.34833728914838746,0.8869789368315855,0.0618672458038427,-0.15183207957744088,-0.21600532103153955,-0.17188138015962354,-0.14274358540416207,0.0
1.0699925381850248,1.3052001831860256,-0.057132487002839155,1.8274235384180124,1.8311403965588076,-0.8043038778995694,0.16499813033992383,0.24732918607113008,0.2806583469267553,0.8281145486209154,0.05460073211012943,0.12290671198571622,-0.16329586313556954,-0.09903176336096982,-0.1338299349721781,0.0
1.117728408958061,1.3116699730735433,-0.09624170155873972,1.8263112896843356,1.6988931955768123,-0.5992134434935151,0.3186255410932471,0.25884230568072647,0.3719118060192557,0.8867218270804964,-0.005755175201659579,0.065055013383275,-0.18495945074990688,-0.058535567682069856,-0.046754498381566756,0.0
1.2937470198872814,1.3861453432008017,-0.10277987435895439,1.812966139712774,1.7700077504092762,-0.6572903925493857,0.20405055198521446,0.36021347764951633,0.34363220677936857,0.9561945944716174,0.013085663163326641,0.17450053404748972,-0.0872802388822049,0.04513653573421789,-0.28322149507593564,0.0
1.1207961775806794,1.3536730047971544,-0.004615459605892568,1.7505028835926537,1.6526227099314472,-0.825355801713778,0.18210304821514728,0.4430356217380901,0.3807005872660953,0.8700327286863355,-0.04167547104596393,0.10212665236119615,-0.060625711465620985,0.008516147469711893,-0.0034663576358055503,0.0
1.1655981284298331,1.3439131385300573,-0.036102965439192114,1.86595421821723,1.7948019575599317,-0.7031672033962237,0.22099833035439023,0.31129643226259185,0.41684830114978466,0.8370581416505367,-0.10579843181137026,-0.04944537328242887,-3.985803958418688e-05,-0.08278180239961704,-0.061534306262875725,0.0
1.1524555532664549,1.3338931145136685,-0.12116832604905958,1.8587368736981285,1.7540531193275946,-0.6548270807948379,0.18121926359145554,0.42113840801431934,0.37761285392186117,0.8802741940423301,-0.11627328804629047,0.016907116222097708,-0.0729962102665872,-0.055476372860642886,-0.3072494004263523,0.0
1.263461199076639,1.3159362360875773,-0.09477829112870881,1.9058909634753436,1.8322849562155081,-0.710820829740147,0.10467593660717522,0.3022188354028027,0.410237004722208,0.8822148005912446,0.020905981426234593,0.1231668479189185,-0.005919960190828286,-0.003311302932786142,-0.3232587633387135,0.0
1.1114163725952635,1.3235543857196608,-0.05816647464667558,1.8262341529249415,1.7522446488686652,-0.6953843497600581,0.14894394228251023,0.3239153500147342,0.3894912473252376,0.8006472099339219,-0.12344620539790237,-0.04961935213836856,-0.07568481334880005,-0.059100874869643966,-0.12508965093185112,0.0
1.2843541929385434,1.3485833293766825,-0.006920236573707078,1.9210496688872163,1.750961233451028,-0.6967953679612876,0.0931939960027039,0.33194168727412415,0.545493154842793,0.8021109362935854,0.07930634849001816,0.01770618909415178,0.04430916622042175,-0.1986579955962302,-0.093773564760353,0.0
1.0888733951046616,1.427798813536958,-0.0013020521424096099,1.8646412992592605,1.7534908926540556,-0.7212442152472924,0.0024750735375838467,0.47098614494175794,0.48223223704508605,0.7702969875131088,-0.003970290613014453,0.10818717174107581,0.02904411422034888,-0.19466061658292136,-0.16794049817655182,0.0
1.2360662910836706,1.3639835125380906,-0.04491809221962286,1.8172724723959852,1.7499219530045607,-0.7350801272652798,0.05691199470300769,0.41169292797519275,0.528273441464902,0.7496960578561161,-0.030990847216221223,0.03461141541814852,-0.014682140396676358,-0.09054115993573209,-0.08584953551928606,0.0
1.2177427585930263,1.3676458875181086,-0.08831261983022941,1.8871141944802376,1.6750545791165232,-0.8040744611679841,0.036761472073718465,0.35206765593813844,0.46493733539241844,0.7082139834333747,0.07074334927920903,0.06626618330838686,0.10068601806529119,-0.11932974466374066,0.18873899647457798,0.0
1.2379233238014558,1.3809230761780578,-0.06199339229187177,1.864106839067489,1.7538135131815564,-0.8013906469131906,0.07749856102855515,0.44406885029439286,0.5826823188041037,0.7638068879346349,-0.01625139770698094,0.041056881696965794,0.17553143955336267,-0.02852083401438041,0.11765361121353042,0.0
1.2741771849421362,1.3883857131525994,0.027332892487554244,1.9093050275918722,1.7561189805458963,-0.7832915813006165,-0.004173531709195544,0.4726724473011049,0.5357040040236742,0.7525207400361461,-0.04135393041286092,0.206933421311727,0.15612268225337333,-0.019528164553207876,0.20904367093727702,0.0
1.2324857152822528,1.3866843609817547,-0.02617791722978307,1.8656570131418562,1.8368078045750695,-0.8248075429625452,-0.030626898481165107,0.4347657489045694,0.44247968447568675,0.750371187983001,-0.040957184044382755,0.11471372197996921,0.161089800499219,-0.2336861838773625,0.202670521055645,0.0
1.2040429406030717,1.42551400941069,-0.04006183787108071,1.9010144172485564,1.7806246429850117,-0.8569875841413717,0.05776710307454655,0.6835772702486423,0.6402851664169517,0.717709349237273,-0.02491623834951156,0.1999901433510824,0.26061763132014293,-0.15185266611063974,0.1740049792569625,0.0
1.1681735883465028,1.395911754094475,-0.08685222576462678,1.8384420044793146,1.8002338059696743,-0.8171924766726582,0.11229863083242064,0.4740142260983837,0.5162416927988793,0.7669926972653992,-0.014994639133602078,0.06411052441474345,0.23931004128292116,-0.11699179186102793,0.1563467249913643,0.0
1.2142667581485076,1.4750232819230018,0.0017466193633722746,1.9643416259966824,1.7959100960364507,-0.9032760043590695,-0.07346489129030032,0.4466611675660499,0.5975486875792543,0.6668340883027788,0.03636028576924897,-0.1081655417524724,0.40847162298427203,-0.08649556757204614,0.09789796109616275,0.0
1.192231028474154,1.2745661755497848,-0.16061349636453506,1.8292196866516184,1.786049612435524,-0.8551213277749189,-0.04973366931102445,0.5782035981923946,0.5863736746866728,0.7753275338355888,0.021425265467616698,-0.0435003935527548,0.46840066857406626,-0.06275563453733696,0.1317183532649033,0.0
1.112291416299812,1.4108509670673575,-0.13874615223315245,1.8388969177538095,1.744682703792465,-0.7522606142774041,-0.15717464872218662,0.4717209352311561,0.6332893051847548,0.6466379354535577,0.07873868701108665,0.04761640466831692,0.42042461317552854,-0.06456060298003957,0.19718158676346664,0.0
1.1946497974058081,1.3157830288416466,-0.05611033416273929,1.8137966714201834,1.7846538098172482,-0.8648318689369678,-0.11446207356276861,0.562230265793887,0.5985635544162354,0.5815236068115809,0.03494882549013956,0.017587589115509623,0.30844889583833046,0.02820760622124671,0.0061572302767706755,0.0
1.2183634873800018,1.4892810372003695,-0.017283602032629103,1.7908041003506563,1.7802856313136302,-0.8795548552664386,-0.01245358323371433,0.5051885955560493,0.6188371166167363,0.6672548582779815,-0.02536057657959583,0.1693990553858552,0.24254877860466573,0.11120732578280562,-0.021187626878220837,0.0
1.198776689945278,1.405733099612321,-0.10491262246769345,1.8531305804129599,1.8169976797832006,-0.8795122117022498,-0.053254700699815916,0.5109686602887449,0.726289552900872,0.6125410206395652,-0.09893801080352117,0.04891657364030516,0.17361618039408327,0.07380635745714505,-0.09146033482177417,0.0
1.1327099789815098,1.4627197618760235,-0.044322543003930265,1.8870351078116572,1.782083242872158,-0.9652859468532171,-0.07107362697987799,0.5901178786343305,0.5488310500895855,0.7034331591450584,-0.0645176713473093,0.16418000638250435,0.25404851629172065,0.17620323980848962,-0.08443885590482007,0.0
1.1996999731384765,1.4715724048040264,-0.10575852294381106,1.9404972219524483,1.7000422805370132,-0.9166485760656656,-0.03381729657664477,0.5794438225520391,0.7000163954686603,0.5207826299037961,0.27075123933520384,0.13003612906616996,0.1322755779809884,0.1758774851565379,-0.09851985823715487,0.0
1.1813590017350002,1.425718242559846,-0.09540008477160797,1.9540769619138754,1.7610031767827043,-0.9265128127444069,-0.08938850230185229,0.6181864424810415,0.6553217720221561,0.6372006752012808,0.1968951371573817,-0.003639467874639285,0.08637115752476232,0.09023054510140635,-0.17133511063659412,0.0
1.2495910361072675,1.385271650349654,-0.08252075295742937,1.8730843050076613,1.739509890789458,-0.8934795690639624,-0.0962777990581932,0.6105580695566523,0.6177801281302225,0.5204504822379832,0.16058521475749724,-0.0016694713230535384,0.24841456766241532,-0.05518388549889251,-0.2530472141762274,0.0
1.207930094248681,1.4949277118702298,-0.01146975849709777,1.9374936811114667,1.7465530408145589,-0.9566121647466694,-0.2249592229063898,0.6590233172363091,0.7261202692395621,0.5172842222168447,0.09235414204752987,0.11874153422442003,0.2058100281751003,-0.16758771214111426,-0.2558408453229383,0.0
1.264258840184944,1.4290324236574417,-0.006319085462352159,1.9802611665640608,1.74765528429792,-0.9112837147165629,-0.15263421220073525,0.6134789750269102,0.6083003526777534,0.48397020146385633,-0.08313217131472589,0.020723844030173542,0.06088665322459874,-0.29501227658420576,-0.30701380206611534,0.0
1.1846454860022537,1.3481519865303178,-0.0805663121319504,1.9227410207579085,1.6990153963003067,-0.8613117123643381,-0.18659054957716628,0.7102436602676755,0.7280397985701469,0.5231518721438408,-0.20067136169155128,-0.10808159361419722,0.009517768099127279,-0.1951702529476194,-0.22212948682545877,0.0
1.1695747618652508,1.437658342469429,-0.06031774767535765,1.9170299751790727,1.8173828886864012,-0.8386539704183663,-0.1330385992534837,0.7748039938143745,0.7122440697281047,0.4777797386779352,-0.12172247787292201,-0.07071765362628192,-0.060557521734929405,-0.28284046605321284,-0.27116622919421407,0.0
1.2084103461153377,1.3273156488492874,-0.024436490835522545,1.959218526417754,1.8468596361458638,-0.9323973076225472,-0.1821303604203233,0.6845747175304007,0.7264964906942665,0.4916236413395058,-0.18703476163811356,0.08426673031105111,0.09966413013129737,-0.3128893229243855,-0.20781289132517422,0.0
1.2506309793240036,1.4220934361256101,-0.10624751786941997,1.9513577087677814,1.8137190901256712,-0.8817836236853621,-0.20636790981792966,0.7422097070893149,0.6874111312083929,0.3901860299268467,-0.15085384810881958,-0.04685299835825733,0.08081799491050624,-0.1254655308765888,-0.19533473397307222,0.0
1.269553509774567,1.4413133499263975,-0.11848714583269358,1.9577079608057808,1.8592207149056557,-0.9251304458529691,-0.19462486665619266,0.7970651554161492,0.8049067280143196,0.42737879484344743,-0.028690553992670287,-0.07514805195751027,-0.1187073679596687,-0.25244071383437605,-0.16399388949632657,0.0
1.1529407220819001,1.4794983538125022,0.008871974752474178,1.9258930027355095,1.808610624730462,-1.0093390664307904,-0.1258578214415569,0.7099509792105034,0.7696126889170619,0.48051167123714617,0.10174633958353531,-0.19363526159117855,-0.19040573502861882,-0.1266700714436586,-0.3068210707934942,0.0
1.2649344088015182,1.493126783631638,-0.06186659560245804,1.955893196036076,1.8097062838946765,-0.979733212147222,-0.19992964807916191,0.7980170281810889,0.8056800431321597,0.3980550534820619,0.12440261176922643,-0.2578198019834741,-0.09299646173825023,-0.14859671763543258,-0.21464259622851223,0.0
1.1850485613509028,1.3780362930791306,0.007228893366067524,1.9725863583034138,1.8837701448624133,-0.967955616144286,-0.19758500534243417,0.6894359072918432,0.8345690744804376,0.48582801528307007,0.10321896688688452,-0.06563350905129914,-0.16764083656760798,-0.28402827501501826,-0.15964272142390892,0.0
1.2682540799290536,1.4437105250379598,-0.015623493869136425,2.023962672243512,1.818521806956263,-0.9142991315742464,-0.27721436117752607,0.8204720467338699,0.6635689198975906,0.29412486556307343,0.13185776001005506,-0.017635068661235567,-0.17006204484139392,-0.41853032653041733,-0.07502494963293013,0.0
1.2535582433170245,1.4459613878135618,-0.03644900587881109,1.9182018540885797,1.7529136955182738,-1.002775676511321,-0.20136717457586256,0.7517673600427146,0.7730447735611731,0.35710701813920476,-0.019453800513859615,-0.04178164996711165,-0.0013806105319411344,-0.34944287369440696,-0.09557380672572155,0.0
1.309041145240065,1.468468331040052,-0.07055857718184909,1.9847722658096976,1.8264713094604734,-0.9588425922408131,-0.2521947287941435,0.7690197253680595,0.8735956966969024,0.2818443392234786,0.0013659422662460619,-0.03681594067188894,0.04886653337560144,-0.27948453524495975,-0.10614667612348778,0.0
1.3830287054024337,1.4599548946063445,-0.06964327329823329,1.9410882204323032,1.8461180783112228,-0.9064808574027353,-0.33923023508349814,0.7467753325602258,0.7808131124613953,0.3246182011633746,-0.022347160606502773,0.0386968489346154,0.28546353821341475,-0.0638677557209753,-0.014738131730387793,0.0
1.255494757120867,1.3616197446261236,-0.036195879731609495,1.9128754767519816,1.8291412239682847,-0.9406961874736904,-0.34006031678516097,0.7944083733178952,0.7744061684867452,0.27528753572100867,0.11350398176151064,0.04651412974660192,0.3840995450962298,0.05053946439974103,-0.14696945471363643,0.0
1.1858904424131063,1.4922975177347648,-0.028253453577453975,1.917987125568913,1.7840095412699932,-0.9605057879106245,-0.2992636774672982,0.7360925585494722,0.8512577116407708,0.1993100057571709,0.07579667660752618,-0.0597563134066042,0.18035813410867324,-0.03684062645281248,-0.1954431724760617,0.0
1.2685650757367306,1.4727818241474138,-0.03944394471512513,1.988775671755982,1.8542146078625625,-1.0213968310381363,-0.31336894114360936,0.7882716437588023,0.8578678716270964,0.24704034468095093,-0.04003880795133907,-0.07881723715827481,0.01095487777181553,-0.024441468457756986,-0.10132821626935175,0.0
1.2596485020105088,1.411069525324065,-0.07412521509325126,1.9403013098445792,1.8231732579683964,-0.9830382758137685,-0.4282244012321417,0.8292353823710704,0.8829119881484309,0.2324359762475526,-0.11256687878140298,-0.1625457568734898,-0.1197882179345361,-0.1252921760675677,0.016911710397787827,0.0
1.2979353340108268,1.5536414829385166,-0.04331018826869936,1.9452868895857887,1.8031346229247152,-0.9391667903873694,-0.35984848775729156,0.8412106862294918,0.8220158945947658,0.2075527454537702,-0.07621141784855004,-0.06901215100254374,0.062113193343908676,-0.043025854758057286,-0.0726834870582255,0.0
1.2137599927182496,1.4677581383423872,-0.08034613258209775,1.9215476666571136,1.767913623913327,-0.9535368811107635,-0.33702074273851207,0.7967439002593114,0.8612864362284702,0.24758654323998483,-0.15090199991458844,-0.03184200736702896,0.13819842764234647,-0.14757148508881235,-0.0935319703896029,0.0
1.263202460308032,1.4498913965912943,-0.10580447676927598,1.9691901177019648,1.9087687967186497,-0.9759156662257028,-0.3947186701757316,0.8368323572108894,0.7837980292254502,0.12656659350798613,-0.07628057012758382,-0.1609191444752596,0.044662962909323436,-0.32169004662445166,-0.1031772643126917,0.0
1.3269831084484562,1.4235287042994045,-0.10129858466641442,2.0127309832760942,1.8024283566801604,-0.9692702029187089,-0.4357066785293519,0.9017371989298295,0.9027655544161118,0.15893058854111333,-0.1823228800536771,0.10258603027569384,-0.043294320188463034,-0.1551395776984778,-0.2787347101647252,0.0
1.2585434428900542,1.445003318121476,-0.09101993455264308,1.9812291153734305,1.9482166714798614,-1.0096104435430509,-0.4738694561152175,0.8963444813055793,0.9227373731388451,0.18125179681463632,-0.12280209424047761,0.0025231626271919744,-0.11126934083179957,-0.1307646814860248,-0.04275305057427173,0.0
1.360710088109481,1.5095588118761494,-0.029282351659054358,2.008209004647371,1.9290503254755142,-1.0086226415328514,-0.4053145060643043,0.7786822023111438,0.8527516519110033,0.16788759389535687,0.11415169664985633,0.016134349617451027,-0.14835804206091624,-0.11310343983904148,0.026597128161449234,0.0
1.2300548973466598,1.3962937996063558,-0.0058727211475409075,1.9137850824124047,1.9287735249221118,-1.0340623829292532,-0.5735266319887053,0.9245733129376907,0.8958601134793228,0.16668948343853243,0.04202226291694431,0.023481783686034777,-0.242015701940079,-0.19975554699917542,-0.011275456700987934,0.0
1.271499927308961,1.5406919882104677,-0.05813697227290743,2.006077879772692,1.835449801544818,-1.0678559488208799,-0.41383034709070143,0.931222809191405,0.8335629246408371,0.09751661798831944,-0.024268157677388887,0.17283418056124042,-0.14802706571582586,-0.2202067322758418,-0.06655016912065251,0.0
1.295991710905793,1.416834866942438,-0.01427342082063746,2.1223334279327615,1.907090339689861,-1.044891641924218,-0.4360248946468724,0.9800192817730511,0.9237936511449064,0.09419520618873065,0.04089031837804742,0.1939492498803336,-0.0823188498552381,-0.24977237961560173,-0.08035730278454004,0.0
1.2499122435615055,1.4487305985755845,0.011946640104835204,1.9622749148340566,1.785451390415277,-0.991013893486075,-0.4697519856068446,0.8527596855117371,0.9038070493526695,0.03610240578992281,-0.0496954001304282,0.020603950152850048,-0.14731839554465115,-0.0017060048207192813,0.17916723694214515,0.0
1.2728025928366729,1.4135991459322703,0.03761554575267012,1.9917591489130664,1.8406459647494475,-0.9556204614317728,-0.41000287508074523,0.8749172447978978,0.9045123257411586,-0.04255256102769213,0.017761495006108872,0.021372864436681495,-0.2008599850089397,-0.05018630958702488,0.08065568459454446,0.0
1.252019569486413,1.543049605663625,-0.02371731795027452,1.987846002792443,1.8098642838605348,-1.027312961585273,-0.5026530029617939,0.9028662529934415,0.7809890303979893,0.0466488681826529,-0.014284286633970172,0.004352877560217067,-0.28485694884151513,-0.009431385912652211,-0.05883305217100181,0.0
1.3571845662049669,1.4557152234213366,-0.03812352876639751,2.011301831777069,1.9620889657181604,-0.9068849273059438,-0.5979201941966124,0.8807363010887561,0.8739125196606308,-0.013036750937632045,-0.1894816979303717,0.017442473700826536,-0.2175380264163025,-0.0344203829517859,-0.03785585573970959,0.0
1.2917380818809823,1.4008092395089682,-0.11544781632174272,1.988905841955344,1.8334614580797968,-0.9677829931544402,-0.5662138745660033,0.8933477229363644,0.8870466800660254,-0.007008819266749587,-0.19395873319773071,0.16656516243492275,-0.3386274406954539,0.051736897350533925,-0.2916133576538754,0.0
1.2520290847716977,1.53478325199634,-0.01061393205229003,2.1072525664676323,1.954639071845785,-1.0063822677603185,-0.5474606030180126,0.9394460391270776,0.9072461772836928,-0.09657711534213223,-0.10731593376877319,0.10214285248774155,-0.193535093160636,-0.012056143879215366,-0.10786276203142314,0.0
1.2889678106241866,1.4022081137125992,-0.1134562900955976,1.9484989449986436,1.8802256562895459,-0.9878600099093258,-0.6466646748046727,0.9681984971126214,0.9727345961140138,-0.072858161511238,0.053642429658261354,0.037643865706530874,-0.020415368796108085,-0.08073289936850914,0.09991384694693942,0.0
1.2943477435491848,1.3996335633518078,0.01836397497795461,1.9927376625320203,1.9006572826043546,-1.0049559431435167,-0.5573343782166917,0.9618906019175778,0.9985473674639888,-0.12027861926932487,0.29880289116196856,0.00046480912131800084,-0.18078926374071147,0.03375534583812937,0.12448025579840605,0.0
1.3858886360302947,1.5199864512535763,-0.031610001983898635,1.9664841526463868,1.909358584172143,-0.9523396697110914,-0.5708679283690199,0.9784111678143806,0.9499720387763839,-0.03245987174244688,0.3012643515828094,-0.1289668515510762,-0.3322365714086251,0.029878280049227216,0.0758153531679638,0.0
1.3540867882116017,1.5191568568730325,0.0617976913597222,2.0458356047329356,1.8908035092170379,-0.953989499265345,-0.58916341348117,0.9052881241259584,0.9131859668119886,-0.25642710455580514,0.404023492678077,-0.13701604678467724,-0.2624891946512476,0.03537490111509339,-0.008334966880764363,0.0
1.3331111819763257,1.546510301967063,-0.028574636736318226,2.0686464964388462,1.8291623213996027,-0.9884607238291844,-0.6165702965697483,0.9460685209974796,0.9232966227768483,-0.15852091393587087,0.337217497514459,0.009197277878845125,-0.32934841538265147,0.07313712965616458,-0.12001486539572308,0.0
1.3479143022485907,1.4951167087149928,-0.04857329140235657,2.0888899043078637,1.9467400824795678,-1.1157396499746004,-0.6420062972972865,0.9437801843551183,0.9083271473082087,-0.2182736743801869,0.18852479552015322,-0.08211422581524921,-0.2895484509127395,0.15420949192453462,0.12250884725283843,0.0
1.2926002772109941,1.502417573657387,-0.08630024438069869,2.0634699743606975,1.905485587251791,-0.9709464859016846,-0.6510681510921459,1.0105113449561909,0.9025626481854431,-0.1763504659407165,0.16511980325893896,-0.014698799685762605,-0.38187666562373507,0.22766165733764587,0.15608315305808973,0.0
1.350492287218136,1.4893123368258046,-0.006226033645918946,2.0872221322760622,1.878428139684309,-1.0224670406881518,-0.6871196681626567,1.010030416877143,0.8596299980050711,-0.2771506195879219,0.32760022646672327,0.059294588730042064,-0.2668021532813312,0.2401283683863234,0.20027124747257685,0.0
1.268628336086426,1.5215611471284627,-0.053443263188063,2.057276074699623,1.9837903118667555,-0.9819044871362769,-0.6395275970729426,0.992528360027562,0.9958991914463288,-0.23233717431664563,0.40297352659712593,0.16739112473127687,-0.4146154337971095,0.2013868808198939,0.19374949995538993,0.0
1.2700436037394556,1.5507783458360231,-0.04869058970010912,1.9488305120488902,1.8429424830868109,-0.9950849561833337,-0.6412728280674264,1.053093959297848,0.9744851758192622,-0.32934368487260474,0.21494469172834405,0.19737891940461472,-0.21496341642512515,0.21216878376644455,0.20341841708735922,0.0
1.2394821580556727,1.4964929695069853,-0.025678593660516374,2.08469737053313,1.886903446265786,-0.974540835923166,-0.7304810646569637,1.017593618139384,1.0201732921947884,-0.26044614402407473,0.2302329751242528,0.03133761187413123,-0.3178022191010794,0.1797642926573608,0.0983494091719944,0.0
1.3131430191481042,1.462286079301666,-0.07210296723359022,2.0523533220231163,1.95871037552166,-1.0182084602761652,-0.6635661283005807,1.0189811392978088,1.0737106542571777,-0.22770653285787953,0.24473637306718907,-0.027140627193295862,-0.33804143607363024,0.246522602293096,0.2122091263405162,0.0
1.311370903223923,1.5002206601066936,-0.10287723063212821,2.0335442314067587,1.9486333993328553,-1.0353076362845826,-0.7037119324800593,1.020318222866684,0.9108648053163961,-0.28972053726388636,0.3089634032053651,-0.04802742759463862,-0.3100550988339671,0.3170666966836049,0.2779724244469738,0.0
1.366697446324439,1.462553254950134,-0.04219153058197179,1.8694655782286884,2.0045684251325167,-0.9440996763327834,-0.6465821984057969,0.9725046208204002,0.9790343049184712,-0.37775709651704403,0.31645538565365605,-0.23082731609964413,-0.38580792673666026,0.14512442682324264,0.22765195402568703,0.0
1.3718509662316143,1.5303380067842411,0.0838652501339158,2.107792644739401,1.9361653130662593,-0.9865046367703734,-0.6913587762236119,0.9827638613862179,0.9971928933272441,-0.40288667826717145,0.1356827484388877,-0.16618204186153307,-0.36779041511233496,-0.06447917213922937,0.11238558462705747,0.0
1.4183796489682388,1.499653376433606,0.055843036425099246,2.0792584096212625,1.937689791529485,-0.9122827596381248,-0.7688298007698653,1.0671511670863432,0.9705623311424184,-0.37715136524952864,-0.06462957410831992,-0.1525393053588714,-0.37779145442610795,0.09113427027070414,0.027823499734674337,0.0
1.377926654530037,1.5281014513262596,-0.02503045528729996,2.126379658043642,1.9947318793605215,-1.1290787683190981,-0.759452316962915,1.0944617407911494,1.0207123271884304,-0.460203219834524,-0.09082718559329289,-0.10147484499051078,-0.32446898425949666,0.031128222630998438,0.11246994843100756,0.0
1.3850766990696426,1.5322810877491297,-0.10313530472056213,2.095426148148742,1.9436788406149037,-0.9304164800442906,-0.6410836019690989,0.9631071467931183,1.0320186731955567,-0.42100966129427153,-0.15698540798281088,-0.03158554915947911,-0.14816357125821095,0.11698569830012977,0.027261941911028723,0.0
1.4230647327010228,1.6000151262785671,0.005674204941052804,2.061804964211297,2.0438421169440675,-0.9612586544019285,-0.8065239904033608,0.9375936131555352,0.9256388134037195,-0.37047896632663313,-0.17677343339448517,-0.0973767482730127,-0.31951982962968417,0.06050317419975009,0.1626540086194065,0.0
1.3779989644840607,1.4629231921139083,0.026155925034716365,2.062752903808124,1.9880021080233488,-1.0982099095479205,-0.766148073858438,1.0474783405972279,0.9570240994237171,-0.3983710828657925,-0.25317823814352486,-0.04091586885030216,-0.27742973461735454,-0.1200357787764379,0.14539901144692455,0.0
1.3972997230263182,1.5699638931266753,0.015414755729067274,2.009216082015879,1.9735042910138554,-0.9379803866885511,-0.7823242503931924,1.0743493350630777,1.0235117938877711,-0.5268471119311632,-0.17666165701470465,-0.008971205205347447,-0.023176573107600906,-0.09421143148387139,0.2989215607034492,0.0
1.2474045560944689,1.5411424276152546,-0.011413629035345369,2.0476070013761336,1.9866959533005646,-0.9374789803879837,-0.8347009067551417,0.9659142899660876,1.0011337459011633,-0.5101984621690355,-0.03570164424573155,0.021189728483754434,-0.13622685088436676,-0.22166716889104934,0.18864020000706205,0.0
1.313832717438375,1.5880645586745497,0.02247836905912612,2.0765395729686817,1.9711880879219612,-0.9365076490368526,-0.7685427079544236,0.9965906149217,1.036415531374842,-0.4965472267858093,0.14185483689172843,0.19265881095872028,-0.25766936388345285,-0.30073579550827395,0.24936359580282053,0.0
1.2336597409338264,1.4993347194367699,-0.03511069379804455,2.0162647884649245,1.9491971522516494,-0.8773226348563542,-0.7579988795084741,1.0314508697427234,0.9822790458368907,-0.47621862130583764,0.11703309092279655,0.016835643605646405,-0.32933204855162757,-0.19206391572171125,0.3719794675395353,0.0
1.4193940827970195,1.7010177960161788,-0.042461348617051045,2.095239894546227,1.9549815287084182,-0.9678538264114639,-0.7546513230008777,1.0544970839214378,0.9667778341976418,-0.5490967859139673,0.143322113998005,-0.014752240440550842,-0.38319717852415247,-0.17646469148935331,0.5089060942173446,0.0
1.377751356835267,1.5625824647564992,-0.014432639295757074,2.0805099222393992,1.9017826351375577,-0.8793239617440023,-0.8247603406330077,1.0832156941437054,1.1097113026194685,-0.5129996910184399,0.21980103466955186,0.015541139054592772,-0.2927151681259198,-0.2272098663559349,0.5816460345056893,0.0
1.3372677520322687,1.4911276320440077,-0.03812231253229449,2.0521143714937633,2.04988801902707,-0.9667130612689966,-0.8274236516403137,1.023332767674874,0.9822505782742262,-0.5311821753981325,0.10907276957227433,0.07252905951825948,-0.46454591474229556,-0.34632538426177095,0.49635012960218733,0.0
1.4237474020812864,1.5631422387822507,0.0018161285330463746,2.133535949853153,1.9219683793513793,-0.9906306491668521,-0.7992614173413242,0.9205511021029902,0.9841110443007632,-0.5267454124032698,-0.042772084743540134,0.015618974634142222,-0.5091035965189933,-0.3293585210054026,0.5095452569337817,0.0
1.3214089458404554,1.5914397890980565,-0.07819021384574945,2.0133266761296302,1.9628376881766338,-0.9764812574107151,-0.8608481977726745,1.0059370069478513,1.0244834409737213,-0.5793234671267506,-0.005844940612773374,0.050871314956524485,-0.3679593500573611,-0.07872725051620755,0.30185465957979607,0.0
1.4577226564108308,1.658371739914628,-0.1198093624756732,2.0871424897963404,2.0705580612562753,-0.9851090194707601,-0.8021078419446046,0.9601112381799686,0.9072497870417251,-0.5122213293658933,-0.1084500017040187,0.11310322932850644,-0.12403404371763321,0.030765784828868763,0.3991875653358673,0.0
1.378317612474078,1.5804731327899393,-0.0018349612661201845,2.1654306618502384,1.9122690302766807,-0.8975076240189955,-0.8267251263867046,0.9880780857830923,0.9899870716494158,-0.6369328751949557,-0.020791930711654083,-0.0888306051970453,0.15957514922083765,0.05943238987709202,0.460391061147008,0.0
1.3555705952003683,1.5730608862734754,-0.028465432331808822,2.143976406300754,2.0308244697746316,-0.9826221062334596,-0.7760641229162175,0.9708584223429868,0.9773566171621737,-0.623087106524387,-0.11882965217989967,-0.12605153273998956,0.08331467689096156,0.047203030874321594,0.3725387998443084,0.0
1.4010198247445522,1.6568425035125107,0.017828488172355723,2.092478289711427,2.0205436897931737,-0.9655797514286523,-0.7410988019991633,1.053589811666312,0.9956570829264307,-0.6377402747029829,-0.038116757715824706,-0.09482324297982725,0.2033344576075405,0.08549631477090272,0.22360982578645897,0.0
1.3336607449930784,1.5739104786102343,-0.04564334638978888,2.119568845171989,1.9875173647584807,-0.905664613389731,-0.8842506513527314,0.9663544646102257,0.9931748967154118,-0.5697724218616893,0.03084480099436229,-0.05536183712972386,0.07954403971508951,0.23892615067391243,0.15409405292981734,0.0
1.4089336929057292,1.6102794917660854,0.03272730479855917,2.071110109320734,1.9757161251276814,-0.8764709158989707,-0.7936093465406767,0.951890921759744,0.9338848591554998,-0.6181003623101753,-0.02484089359836679,0.002552250414787627,0.0715178709547628,0.177223028611786,0.16816648841664708,0.0
1.4257127560544154,1.5410715145750407,0.06947256533147797,2.1011789611256395,2.102751908615971,-0.8768687792845188,-0.8829288165633783,0.98180300345867,0.9423776150714904,-0.6938674725782056,-0.04760770324876771,-0.0010190882062491471,0.15060005711074018,0.2113771451372174,0.2209905607900237,0.0
1.3989595669479278,1.6518399770667653,-0.099228626421902,2.1913516021431123,1.9656475470027905,-0.7832055717000417,-0.8583435217679012,1.0021439771815714,0.8780417009338259,-0.7423241654065963,-0.05511904033854229,0.03819443739118498,-0.01426541214123278,-0.08986738866823807,0.2202381212619792,0.0
1.3878450167300806,1.5895842930525923,-0.07244703334708075,2.1745629753591245,1.9468257258232162,-0.9487982387828069,-0.8589963015765754,0.914173388649683,1.0093274777602568,-0.7680505491047844,-0.2535260261445993,0.07926957810518524,-0.18836808615119136,0.04066104274759118,0.229765153061941,0.0
1.3847964929274734,1.5969831519846185,-0.018003212826934768,2.13538945288468,1.9736552206209979,-0.90822115322812,-0.8955207109146384,1.0956644734161802,1.0031675679880274,-0.7405184444048456,-0.0812693307464081,0.020806467557360625,-0.27617438599381783,0.05445656147118321,0.20086913019857994,0.0
1.4372677877305746,1.5750539511881612,0.12084600425336184,2.1442461603906584,2.1063752093571106,-0.8890333680322329,-0.8647883995875147,0.9676535392087341,1.0017385107710628,-0.7404862671877089,-0.16744018307788222,-0.12830662943788657,-0.3673152340379266,-0.024157118994110334,0.2946579360575545,0.0
1.3775203716275064,1.5821045211658338,0.02032424044203042,2.1860257022504097,2.054277521801623,-0.8945247688627715,-0.8383722158752491,1.1217805142981263,0.9772336082264824,-0.7418954755770968,-0.32641800746139615,-0.16413743916659823,-0.2905711581680542,-0.16247266297626362,0.3572523542478649,0.0
1.458641186217436,1.7048163740251434,-0.07470612542946051,2.1547021998259432,1.987687556380416,-0.7844135875737087,-0.8395322298048568,1.020044152902309,0.9561739680574516,-0.7517778784978305,-0.2568172211549463,-0.08251902140316822,-0.15929224108426793,-0.038270514845722525,0.3413051646381139,0.0
1.514400670478702,1.5526910668060583,-0.059917593053752785,2.0955222384693055,2.0437332098596253,-0.9632808371640458,-0.913623887812447,1.0076069350267773,0.9039781132764313,-0.8323288870400062,-0.19244578896230782,-0.07465303300807902,-0.22752687991613013,-0.15268659075461105,0.22009482970596844,0.0
1.3969473341741057,1.6772268349014028,-0.007531258572430198,2.1413824587024854,2.0074401409188583,-0.9607924997918491,-0.9099837595553729,0.9852228668932841,0.8604854846642752,-0.8471469315872395,-0.16630760392959815,-0.1123878353468937,-0.15815296294375894,-0.23371494951710367,0.189190023379587,0.0
1.426795517957766,1.6247915387329002,0.004354329566976491,2.185883665957817,2.0407952530054247,-0.8847095008770685,-0.9964376599031878,0.8257819613134038,0.9849307409925059,-0.8037586310529581,-0.1251664014799377,-0.11385924568840991,-0.1257340743215892,-0.2961698663504489,0.2896952823928697,0.0
1.3813552189512206,1.7023652755143732,-0.007430607145159938,2.126507668633843,1.9230050911678174,-0.870494983534867,-0.8591034254960752,0.924227036090317,0.9665166010387644,-0.8521157957769084,-0.06310616004256761,-0.16237653068532232,-0.1359862468921524,-0.29663336936308243,0.24837758982664962,0.0
1.4312594769583857,1.6002491243157781,0.053318718503206665,2.2204567475194046,2.067173948958786,-0.7950458972672436,-0.9469536165352123,0.8962896500119315,0.8005770002429516,-0.7964014619222523,-0.17969200786622141,0.002368265484805024,-0.3329943659481113,-0.16411438142895002,0.21480034872430534,0.0
1.4027106017162432,1.644122888424657,-0.026379628388236376,2.078487459181515,2.053193342294218,-0.9419308232397166,-0.9088340765477312,0.8927699650141588,0.9523497150292406,-0.8014944170392757,-0.06013320205078718,-0.03744090209883588,-0.3344086983663518,0.00769672725268522,0.13771866180952816,0.0
1.4432407943908767,1.6305064427726959,-0.0018834000559802035,2.10363431330272,2.1312402948011493,-0.8675039568230699,-0.9035161340277826,0.9227202118681145,0.9533636134223067,-0.7856736948697584,-0.04453452458445061,-0.0437161215369408,-0.40511757509332347,0.09065374541848925,0.11578258471088315,0.0
1.4179562977985556,1.7103374440519854,-0.022618454196165615,2.1375265892633744,2.1121010568731435,-0.8101726066224557,-0.965875747028512,0.8899193567836887,1.0510747195918713,-0.9720761300041983,0.06411807697796482,0.01278496000279265,-0.26312206416778916,0.22893535669760373,0.009988009271869852,0.0
1.4087365835363514,1.6424726566496803,0.012106900655189715,2.18652527741006,1.9798510485708434,-0.7987433727951728,-1.0051442151029244,0.8835245971703429,1.0360006846589997,-0.8041407486940462,0.03199146095326902,-0.13453857574713346,-0.35587757170099,0.2534621633796089,-0.13554211521660786,0.0
1.4558026757998042,1.6259332313155839,-0.0136910886734752,2.2281212664025642,2.083782241391203,-0.827803720835089,-0.9584964503737082,0.9327111429950684,0.8736686601847031,-0.8845187174104012,-0.10177489727620039,-0.04716337688508813,-0.29584228772955223,0.22995205803181268,-0.04410346484223941,0.0
1.4620998449205473,1.5788892199380629,-0.08979293877382764,2.11671368622391,2.1261445075569556,-0.8332159233745777,-0.9922604140050532,0.8889307297294349,0.8421310883474152,-0.8543832421750882,0.04749586711855322,0.018616560505887052,-0.19002745433864354,0.07081654409322553,0.14790524131614777,0.0
1.370961871042266,1.6583635279978435,0.007218194504411539,2.126393412171889,2.1722669333828737,-0.7342904864771689,-0.9396120989900385,0.85110950556024,0.9438379790987366,-0.8842202321827851,-0.15907126822815992,-0.07324947072236992,-0.303746063633046,0.12296514253954821,-0.12735313207741367,0.0
1.4733934820052133,1.6558107367104753,0.05424753335452235,2.086308908903924,1.9677875766876434,-0.8277859873019358,-0.9814185169694332,0.8611671399072233,0.9235220213808837,-0.8630836408057471,-0.12567851052091367,-0.023389267233305346,-0.15924015643006184,0.11737978175700711,-0.10903116153903723,0.0
1.4313533861715684,1.6789203857121688,0.009091118697367284,2.139394787419905,2.066759490127225,-0.780948960576495,-0.9132601718837128,0.8862203728201369,0.921755252974226,-0.9686550559434706,0.008463470792778996,0.025361994867506836,-0.06238386275043832,0.1115326346796812,-0.051026020557251583,0.0
1.4967226274122019,1.726188837590111,0.022697811348589534,2.2188603465372,2.0110152751091475,-0.7773915492901773,-1.0025257236013512,0.8896093083472532,0.8798596661834935,-0.9158068222558071,0.06492029403616106,0.23245506206968258,0.13801479224262211,0.01771550700541974,0.003449324266308944,0.0
1.490239517494548,1.5821128167238594,-0.07870361322885178,2.0821221221888044,2.05814133158205,-0.7552771120295827,-0.9978965567879253,0.7835368341309736,0.9106763289460347,-0.9544095056456324,-0.11275943054556252,0.21986024987119074,0.07856157028979324,-0.04458190354700792,-0.07320203832723893,0.0
1.4445881224623693,1.669687515612042,0.018529166464804746,2.122216364513338,2.08855586763069,-0.6973105499842294,-0.8561359566133158,0.8461909794483133,0.9038672416373756,-0.8691338563952572,-0.21814121333618958,0.17124131442088952,0.04921861241326037,-0.021421219970995282,0.029738656800041292,0.0
1.4196115507096172,1.6794844126052,0.02229885425785677,2.1354511885447804,1.9125275568656273,-0.8045674074734529,-0.9987248795219636,0.7790578244519277,0.9188048271537597,-0.9420074059941337,-0.2551004353015233,0.029325671781076007,0.03806588178760475,0.02805883355615903,-0.010514324496130212,0.0
1.5061704862983127,1.6696236779758638,0.05502707802213526,2.168784261857797,2.0166184519589265,-0.7467729394234419,-0.9361700099201336,0.8068652000650549,0.8383788302946339,-0.943725774236987,-0.18480128071001095,0.12112713135389666,0.059922509099364,0.09974273506381942,0.08644247596298782,0.0
1.4977307655905894,1.6029821140195588,-0.0029732147803377624,2.1530000400049283,2.101055172523428,-0.7234345606230415,-1.0375976236149675,0.7818164744046658,0.8227281340549841,-0.917476635882664,-0.2447856890808577,0.08112981396482859,0.042039391642712656,0.019097999646787454,0.03806885620347821,0.0
1.3988818826853415,1.677065539877624,0.06104229611310422,2.196747998484965,2.051780854822109,-0.73324610933489,-1.0082405709955604,0.8751923677939262,0.848287160355484,-1.0053385924057092,-0.016634482299355186,0.1150921909153915,-0.07174095196839766,0.05655376115759947,-0.08930041834545405,0.0
1.5221460048485929,1.734497267765036,-0.030385311754376802,2.122191185172775,2.087072509857857,-0.7465383935491409,-1.0658416034693508,0.7792766967446072,0.755044158788285,-0.9069300786458518,-0.143135261856583,0.1512200848425338,0.09446668115733012,-0.07997154719649258,-0.03448038258191143,0.0
1.5024658761167233,1.698406079375379,0.011729491048599458,2.229435098898881,2.0904692733621957,-0.6490710456812658,-1.0493597194473796,0.741884351038786,0.873803805607942,-0.9320224477795226,0.06749622683107839,-0.060649896502675285,0.05240534733516339,-0.20491588215217538,-0.013876806992774871,0.0
1.5152872091450407,1.6439932365279928,-0.14171816251451036,2.1603895839290774,2.1055378340790885,-0.6906986358521249,-1.0334937145774206,0.825914361819325,0.7687547821468116,-0.9573615544928882,0.13420901989520462,0.0019957408353752717,-0.12949554391210732,-0.31869242157572986,-0.12541703042683208,0.0
1.4907187118055365,1.6763125029542423,0.022444945161517342,2.188413222906469,2.092469109457901,-0.6747476490499141,-1.0464909898063444,0.720770643272668,0.8840479917702649,-0.9874634628964974,-0.10059987316700861,-0.03475761450194367,-0.15962452192661208,-0.3506401722549666,-0.2116619266863552,0.0
1.4438546327467823,1.673076352625884,-0.029916641056837688,2.2333756013437873,2.0896638548836126,-0.6577712350910825,-0.999146271393346,0.7335111640052373,0.8430056028984033,-1.0124089007935229,-0.08002689724665565,-0.09490893604289191,-0.18277744389483414,-0.1554674472819556,-0.1616637184086908,0.0
1.5245703239712054,1.7168894936903256,-0.012311572300798535,2.2117424876499285,2.052161442155849,-0.6078290820409868,-1.0452314878708489,0.7261884516361753,0.7333753882372598,-1.0467938602042033,-0.07135619192611853,-0.022655732508449218,-0.2070229487832574,-0.07597935675827602,-0.13348180895299447,0.0
1.4638379891013458,1.6575650943478937,0.035529564533241534,2.2874694797636317,2.0256698659293013,-0.6355112057896914,-0.985799414103007,0.6846256489444497,0.7515394069856562,-0.9748546984552157,-0.020891094829328015,0.06695746155162684,-0.18647753433645922,-0.109251802790926,-0.19507392146588864,0.0
1.4529950072046403,1.6687331457133492,0.014326360996033013,2.2349749942389234,2.10245461070578,-0.6071588280692061,-0.9428556585460762,0.6997039150972322,0.7032503313823646,-0.9667359191894149,0.23582857124083417,0.053725572342388006,-0.10649578481466118,-0.13247521266431855,-0.1722186248057667,0.0
1.3960258092488518,1.6524122768815672,-0.03387577238198354,2.16789036255079,2.0319295026063506,-0.666321074954605,-0.9110359206160864,0.6685334238017687,0.7411246863614384,-0.8965536501189937,0.1812888765065023,0.12147253200614247,-0.09426908490575779,-0.17160083814541077,-0.14362537963342428,0.0
1.4698523625390019,1.708301713537935,-0.08514045155065639,2.2615167127378006,2.128979843375629,-0.534811708780562,-0.988132783969694,0.7658445564062153,0.7668552229594522,-0.9492732843422376,-0.06886740279895892,0.15672774351167112,-0.0793563020282378,-0.010416091711656361,-0.17196564547858917,0.0
1.4378298556414948,1.6299283366286457,0.0002870726982940174,2.2554550355770853,2.071102723413379,-0.6152385269336053,-1.0039513186418356,0.6793540783971842,0.72205385157575,-1.0210119517722782,-0.007122973895038208,0.2195432820004105,0.2735086506022212,-0.029555873175560583,-0.32756363749428585,0.0
1.542838431610915,1.6603944968249698,0.07903268077446206,2.2053870063569114,2.0813080143445544,-0.6323643486659933,-1.001919322516274,0.6302580237217061,0.738125709055504,-0.9664803124458617,-0.1285579303196467,0.3673997336475249,0.31054757044258596,-0.020016519136685042,-0.013181631394768578,0.0
1.5326327689948975,1.5847760279314151,-0.007919346756755267,2.2013121938661873,2.021124056572733,-0.6293017575460426,-0.9843967090223631,0.6216666706897853,0.7436894960452736,-1.018657699141094,0.048148514323736846,0.2349355462691612,0.18156551916254873,-0.040680562693825216,0.0593204724187502,0.0
1.5031626428401774,1.7942389585935623,-0.011909087045149494,2.236510131813387,2.116828595881886,-0.5225097243579415,-1.0008041970093082,0.5697108611326787,0.6678616178310228,-1.0198664540605022,-0.02413522360409673,-0.06253166747494482,0.1430278737052698,-0.03688630676461856,0.007244531184001528,0.0
1.5095438992233345,1.6939672051258465,-0.044628919175612625,2.1634247796455806,2.067248888223277,-0.5709602514285799,-0.9804221487449762,0.6723212264514519,0.6421806794074802,-1.1169121150331967,-0.019463761207076057,-0.012128235649547542,0.16012310378244543,-0.04140287908669652,0.17877912660890155,0.0
1.5052555425550467,1.7579744504060022,0.08248844228267836,2.299866908714856,2.1548275518104254,-0.6082618538622236,-0.8790323385480723,0.6921952419984208,0.6570537262257813,-1.056017866083779,0.05493787646661629,-0.030954253014648936,0.11698508447646301,-0.11262510188315156,0.1983775626420386,0.0
1.5420140854085935,1.7731033378603085,-0.014856692602916943,2.222950189298142,2.1064413195197886,-0.6111252583790943,-1.0457316989837575,0.6302648875345453,0.717921687473992,-1.0621340264248098,0.11140147467802372,-0.0459394722626512,0.12192268362148864,-0.004615752918208982,0.2044133426462799,0.0
1.5338497130777813,1.5921480324280026,-0.028477264947151817,2.286897175018131,2.0956252123189576,-0.5334306907923231,-1.027645206816047,0.6088492633513692,0.5861866521616373,-1.0532408937605005,-0.09696732389610549,0.03132499168292452,0.07903825532620348,0.044535186534138245,0.16235526332493982,0.0
1.5484536194533702,1.6294540450388408,-0.05257614604585194,2.259920275897042,2.0769262021822446,-0.494138402803566,-0.8442713485988147,0.5301157091450811,0.7389707878090532,-1.0267147527446046,-0.11150603926875782,-0.0271285723729785,0.019019927836565115,0.10991440332179164,0.10130993698722732,0.0
1.5559174125184314,1.7391640576179885,0.10718346041391462,2.2287745473486735,2.156829397224709,-0.5825310878972676,-0.9086120275233653,0.5144909358506466,0.6746237804490944,-1.0297095627518806,0.042212473990194344,-0.010149329173486715,-0.041178330693636925,0.037060267182636844,0.08897218767814316,0.0
1.4506942907240825,1.7305006012773547,-0.00036698317545816664,2.242803813701895,2.061133175912091,-0.4473129888512397,-1.0467347534233669,0.557032064514545,0.5975500542895807,-1.0059124790941938,0.036242146114739845,-0.14926130612052435,-0.034666770817556036,-0.11484874290075445,0.09409365358749397,0.0
1.4988364190775825,1.6651170537244415,0.06769103318224232,2.3282558917249663,2.228322290542747,-0.5378612319350804,-0.9139227211894743,0.5404653048989002,0.6070674897924889,-0.9470620728781762,0.01755485785137125,-0.10915743743340701,0.1038089516102848,-0.08417922416371514,0.0372410148154622,0.0
1.5186322175560787,1.73741084656129,0.006250844498370472,2.274875339340073,2.120006229453863,-0.37809377184067783,-0.9658268309390281,0.5404934877062133,0.608988289630848,-0.9943912395728819,0.10731759309811262,-0.0637564858141099,0.24023052387986193,0.14836220489650465,0.29049086916244166,0.0
1.4433577084666338,1.7747099325017077,0.009314788755489993,2.310008338721752,2.107900821898213,-0.40246836473822656,-0.9774183480797509,0.5685342924554638,0.651308996594651,-0.9903288781890096,-0.15486476640587094,0.008524890052611568,0.24527524067799,0.1307642071389355,0.19057573315367982,0.0
1.558658104988552,1.7149391181942242,-0.07707060990866516,2.3200017479702533,2.1177150881411477,-0.4844056593076561,-1.0132295804923919,0.4605236314137651,0.61390514992872,-0.9917427328879126,-0.05320950988049067,0.12294604456698012,0.29704610271839466,0.0462979282530808,0.12836725801651014,0.0
1.568848116421007,1.7614441610761622,-0.013577745236410914,2.267072909710294,2.1531773043690734,-0.49656260878193165,-1.1160078289666444,0.45956255308461946,0.6345497048131004,-0.9601635752189277,-0.00871837672992505,0.027476266234476285,0.06975801456576036,0.12241145031061992,0.17357488152812675,0.0
1.5209869089711012,1.7408005782236595,0.010212996365979611,2.3370579780288634,2.0805976173650365,-0.4704299152827719,-0.9468124587226809,0.43821564795412266,0.5744339429813671,-0.9616078082901377,-0.00198906352133467,-0.05386476945933712,0.11631889637030796,0.07611955030670635,0.14894674219752263,0.0
1.561013538740694,1.7627919287101474,-0.025434504052909798,2.2929543130038414,2.13401508889616,-0.3530718068784591,-0.9670482358353426,0.5266083673221489,0.5198499434707395,-1.0216438335843827,0.0239478206800802,0.10446068736071965,0.1180814746663817,-0.1215613084454272,0.2722208662843466,0.0
1.5496885219549368,1.7547062594204759,0.029184346101107435,2.311264877705967,2.0367853822333255,-0.4160286168045394,-1.0117156973630896,0.44474283795544073,0.5391037640956683,-0.9365359384575022,-0.061346224248677236,0.09796330474758584,0.20551525134795037,-0.009401891561391151,0.2459708926421678,0.0
1.5234530659067604,1.6444212616698035,-0.07058630884708005,2.28301657058381,2.120273303099421,-0.4647355220020186,-1.0166598555947803,0.3509996918728048,0.5333130701561368,-1.0208330687387288,-0.15510041180042167,0.1287828946376486,0.15392357347433255,0.06838825930751963,0.4617348459069195,0.0
1.5078182711944639,1.8215159140984223,0.034844761157972894,2.229059320902269,2.1959261736318982,-0.44062751735951616,-1.0577556900594078,0.45169088677193947,0.422055529262549,-0.9407465126872323,-0.02703327942243651,0.10707239456813114,0.031039598161218013,0.038193654633993296,0.4279562375094459,0.0
1.5012517405704655,1.791673009193964,0.08282356037916384,2.263003021803237,2.173265402436401,-0.3344095850756821,-0.983635166956756,0.40771700767166913,0.5497739523449721,-0.8770414611883475,0.02391138518687509,0.2210694938141256,0.21236295369143637,0.02877648239844903,0.1826520227993933,0.0
1.6087246060028368,1.76194669639864,0.04172306357296725,2.3925047769121064,2.1612270813251895,-0.30698896471119896,-0.9529713888235529,0.3642037326109567,0.5106438358677498,-0.8874645826086742,0.10893752224888544,0.11122560751349933,0.0977144474590056,0.030934086539600263,0.3199502723049517,0.0
1.5680000404084034,1.7116725380926006,-0.06889711230823815,2.418567181254657,2.098772836595228,-0.40003294860340816,-0.9765207738958257,0.3709678660442316,0.3918969470643081,-0.9358342243631753,0.04995479045817819,0.20725564944504699,0.07234581244470137,0.07829096440862313,0.1482893332075654,0.0
1.5038024128734264,1.7208800492758156,0.026845863816252973,2.299167010932492,2.175103671649117,-0.3164349695333666,-1.0649067228985096,0.3658524898756593,0.44962587557644046,-0.9697343528413955,0.08372520315877183,0.272853189990953,0.11176885241863893,0.14473883280998318,0.14116908253859037,0.0
1.4218600678549254,1.824130882597654,0.08052522941678147,2.3011728732433863,2.189623062973507,-0.2674532080019642,-0.9180382294299572,0.2989511117037209,0.483794758521411,-0.9821598868515011,0.10716991623389627,0.11448058994305799,0.2573085213173416,0.03503239028721257,0.04930512462840239,0.0
1.5578811675494204,1.8007717485627452,0.043808694932857994,2.3042593277564842,2.2632079290456373,-0.3648294965184804,-0.9812432820403837,0.253633120168652,0.4776977773722349,-0.9358399315801855,0.23878082853180457,-0.056026906260867454,0.2666887034794697,-0.03343408795293851,0.043785620939730756,0.0
1.6132573873566454,1.762397434949366,0.07527661588785699,2.2903269816974867,2.097728078138222,-0.27221692743553044,-0.9572291894599624,0.32930299172501676,0.384818998128173,-0.9151641107745784,0.08064863322144562,-0.1737757728347215,0.3633949890734681,-0.03271337130463436,-0.08484994960208761,0.0
1.5079501306533283,1.7763372815223062,0.05478251394788468,2.418057609446457,2.1923919636139444,-0.2986553495347548,-0.9578075584804073,0.3523116893959417,0.43887199836852164,-0.8270033565144184,0.012636654670947219,-0.1354689702381963,0.21284984805430346,0.032796093392592165,-0.12160075668826083,0.0
1.546669328424839,1.8866228322384888,-0.04823829837848574,2.3416154803998497,2.176796005160192,-0.20028527415111297,-0.9967207514554454,0.2958651408693025,0.39814401871004823,-0.9091344637856387,-0.061451660312158235,-0.23589725294140512,-0.007385391964357668,-0.007746673239067026,0.04989118757271187,0.0
1.5552903044428823,1.80765661385942,-0.002357101486735621,2.3121940918726627,2.2440773990485186,-0.2704480389233698,-0.9369828969460355,0.2632003495935183,0.39282384672360815,-0.8131686380957244,-0.01090431543027922,-0.2199567778280909,0.06433320736058136,0.03890887467989706,0.07129813035587229,0.0
1.6870888624153735,1.8003743740796492,0.05793370671689555,2.3406241929293157,2.1992450439001354,-0.24650023610795357,-0.8852689366090722,0.1811988870348984,0.34897232997229405,-0.7861548061280942,0.0010986955759212328,-0.0649184986509721,-0.03729521618461873,0.015506952354981465,-0.058156733993205846,0.0
1.602620419060722,1.7169325549774945,0.06140004964385827,2.2834578835687993,2.1937398604910108,-0.24103570827447968,-0.9174960478368671,0.2037975495127648,0.34657422097931007,-0.8170624062334223,0.059190995994782926,-0.32661411704639964,-0.08538975550867908,0.1079402388604421,0.10971586629427166,0.0
1.5352298453389166,1.8203029724894124,0.05699612337892558,2.471396544068267,2.2500391598651337,-0.22885466040176533,-0.9318898317133901,0.2498382782097729,0.43801794140339373,-0.8721725145639034,-0.11861927264805225,-0.1336320382451187,-0.04931519983349987,0.16994900571098012,0.24544724014711156,0.0
1.583423113022741,1.8013308268379065,0.04865003963865444,2.3528784087852634,2.2288311473841644,-0.15507764125125098,-0.9404056449836828,0.22748089468216667,0.3415153205721655,-0.8605623551934194,0.01697788678959533,-0.1735865728133198,-0.09287074029052075,0.3066642553197061,0.09691983130399347,0.0
1.5172332359869043,1.8018036682086505,0.06100986600668676,2.260005751547057,2.235081756190232,-0.06666379924852849,-0.8707403966404409,0.1775924826605332,0.37043161455992635,-0.8033014331145124,0.023224983953557862,0.11644898958929577,0.0393941840731913,0.18397585516656415,0.07397429116717223,0.0
1.567574318996135,1.7269172044772283,0.05914340084610144,2.3551371167673647,2.2280662428967375,-0.06310903578687069,-0.925626109927421,0.23284492415654032,0.3548814182123068,-0.8433916629858006,-0.08078353257590151,0.06264154550040579,-0.09815667320306576,-0.04517620039515227,0.062283365638977684,0.0
1.5882865360349314,1.827196785732826,-0.008108960256629723,2.4072973396221906,2.2773307190986,-0.209911392118184,-0.8904871076132268,0.142307329319043,0.30577896254042986,-0.7658147978536437,-0.06291017126637205,0.24897539153419698,-0.08897772238320488,-0.08199441289887502,0.014955597848229453,0.0
1.5857497316348446,1.7158255365235122,0.028808499365885035,2.3186385530046736,2.155379411636012,-0.20374670382400042,-0.858449827809239,0.06905420838560562,0.28678574405755086,-0.7729539496465856,-0.01833478144433938,0.27527269303554086,0.050885945367509566,-0.05808256012069198,0.07292928209820447,0.0
1.6268399170205536,1.7977195383909526,0.007851921907935266,2.4899228647478417,2.2660564442867024,-0.04450254368019904,-0.8519406336851564,0.08543364229519207,0.2530454341322715,-0.8481075393725901,0.03998433840452591,-0.0889157455456876,0.019959547448091686,0.05179381881762374,-0.028151141434472074,0.0
1.6032829160032174,1.7820734203387358,0.06579907066640206,2.459622320607607,2.2918573826560573,-0.2364129458488139,-0.837427570573011,0.019830843190997524,0.3224067334493218,-0.7870876847893445,0.019738444989362235,-0.03346441243216111,0.16796078052063634,0.045566387035280376,-0.11388298188332033,0.0
1.5225220295704038,1.8429467250990015,0.030662595234579967,2.4320244422622532,2.223855390637656,-0.08163643870279519,-0.8076957577571175,0.07612891573770984,0.3112287592652569,-0.6532692797007646,-0.21659890704451096,-0.03966238600069065,0.05978574685381391,0.08081075381129965,-0.13815320007961518,0.0
1.5934130418072527,1.8057086525465944,0.07125198473869643,2.458458440452958,2.139811963556079,-0.028173969150183345,-0.8618356526774577,0.11823057335544353,0.18937660194504613,-0.6987127798080787,-0.1584094620524132,-0.08294736807131366,-0.017260779136247455,0.17327390147459093,-0.2906761858502437,0.0
1.522022935792685,1.8488323923830108,0.07390154990143523,2.380276781652374,2.2217607850786445,-0.07547409871062413,-0.785289662224955,0.03982170644423192,0.22469928903390585,-0.7361448805728743,-0.08619049115438057,-0.1385020856402285,0.016479657086673406,0.07805950264434569,-0.40482602136807677,0.0
1.6271803141595,1.8056855491600021,-0.006454984720209722,2.4263613093786462,2.2618565555753256,-0.12139275375475088,-0.858607694219125,0.04268819038200998,0.17339032422075423,-0.7306683666885728,-0.03498006763206426,0.043948275727624414,0.21624594197086666,0.03845765023168762,-0.14657639595369593,0.0
1.6437424306490007,1.7906580875624656,0.055646824417074206,2.4061881293925773,2.171422425279611,-0.025844697245629742,-0.8460007483296514,0.00408531171435042,0.15228037760909874,-0.7579385998466096,0.05521461781296572,0.09999841352391114,0.1847363355751339,0.025272532331284965,-0.03589555936156576,0.0
1.5962652309780248,1.8044180325446337,-0.07173995616493485,2.3874989653387613,2.192670598420233,-0.01852182631454449,-0.8615247469675528,0.016036709800286146,0.15855466904942084,-0.6893349830048358,0.1008141152964181,0.05528369596757171,0.22161600360558475,0.14861791320654827,-0.12696510414452583,0.0
1.6073080666410997,1.8121049650766738,0.08024437144767962,2.3781641030491043,2.2636559349454424,0.0024356848869890348,-0.8354055607672697,-0.014225444395864534,0.24643631084446815,-0.6592791832477938,0.15455565641745567,0.1592861872948891,0.12433542233062353,0.21348059108434142,-0.03711239649518221,0.0
1.6428707558808313,1.8329510560706888,-0.02114160599266353,2.3388628121336303,2.1425310568241427,0.0748190457092298,-0.7261976464295172,-0.1351805362461037,0.14003365405728846,-0.7040651975957051,0.15547836519559577,-0.033098368468180664,0.03666311751619532,0.02961598696833387,0.11958985585031365,0.0
1.6439541254621954,1.7751571912379598,0.07168662084413731,2.3829134840743813,2.271274958860555,-0.029104450177661025,-0.71225194663567,0.023277246674857914,0.11746055694622967,-0.628156619716323,0.08009151016262903,0.08295803774167419,0.11471265342295961,0.016591246116176548,0.05614265222847427,0.0
1.629844354189202,1.853607113282092,0.05384495664521386,2.368099284362574,2.229266058590081,-0.02985634825424097,-0.7615063197247898,-0.017959065365883937,0.03240910903237233,-0.6466156326376752,0.0027535781332436796,0.098561789820072,0.16741107782676823,-0.09078887940965222,0.011727234502411227,0.0
1.5932313824101056,1.8015640835617188,0.056057709272774134,2.373363226450529,2.192755030926477,0.05425369053017067,-0.7504037970904047,-0.02792315899208972,0.0679971492841262,-0.6279097911488499,-0.13904070310218297,0.06580629304268999,0.08688325717284469,-0.04006185148635892,-0.08852454788449157,0.0
1.6866734323518675,1.8174534672316158,0.015079305068103486,2.3776509908953916,2.193712257755149,-0.004067762797480438,-0.8444594815176546,-0.044035645900399434,0.1051493753837487,-0.5521009380374451,-0.18116798256734118,0.0711267372694392,0.19300714504985256,-0.0822064111314384,-0.09194209594972858,0.0
1.6289867496598485,1.8799982485971223,0.04749889013300332,2.3629255468872357,2.2915802618565406,0.028669562792034267,-0.7759233270324294,-0.11394836047953621,0.026781661518325416,-0.6385682725638712,-0.1417499479236074,0.09952747010421281,0.19042385726583538,-0.10030912985701358,-0.09673830821567422,0.0
1.631187367791263,1.8844505984086932,0.10582519462104067,2.494158915568733,2.3285908668209747,0.1052418975868035,-0.8372746808661894,-0.07931461198655182,-0.02123380479520629,-0.5870117523854611,-0.24208154755644223,0.055403868896799845,0.0808854929870636,-0.11447566124591915,0.09246899920088789,0.0
1.6149885565851942,1.8426134551345492,0.010798048939828678,2.364603646909171,2.316587439538048,0.09994100455319173,-0.7432117496883103,-0.13080265948103878,0.09063985186373921,-0.6059433884268642,-0.27162473770112944,0.05536449220822018,-0.03600042476965033,-0.15685884530678632,0.23051998543976204,0.0
1.6277705281002302,1.8094687435576158,0.0451333716482768,2.404203232299339,2.2283056913790817,0.18151432824566893,-0.7506834183068216,-0.17564920586831317,0.08301129701448401,-0.5801850095304107,-0.16173250216659,0.042394350549672846,-0.05315478000210015,-0.011360608382962684,0.1953091585740519,0.0
1.6577713821181996,1.836611248551297,0.013641872112899113,2.4253376470714576,2.270892319162501,0.14383284037009877,-0.6890205205044682,-0.09134439794569786,-0.10287306181561684,-0.606613801195061,-0.23550210987018638,0.09101220518845082,0.04673952109349366,0.169159391133764,0.142478241307899,0.0
1.567106706849691,1.9642453637793522,0.09108091154577674,2.436760729647804,2.2292961545729546,0.09169932688856179,-0.6971818665553682,-0.10528048455305883,-0.0747529180764749,-0.4367050081263252,-0.05802918736690235,0.027005403852665456,0.08690365446630319,0.1806337646193619,0.06197622986694249,0.0
1.6495922506434664,1.8704799863540882,0.051833280783317615,2.3815783545180826,2.200256820398779,0.09844007515932586,-0.8047630793640994,-0.1481177071765934,-0.04022147232002307,-0.5334375619684589,-0.026438897377804256,-0.014621008270521447,0.12092547067883992,0.211591258386096,-0.1281353512290911,0.0
1.660713153568754,1.8442148453577671,0.07490550882995917,2.410834418581398,2.290778811986729,0.22415408022917677,-0.6178466294754505,-0.10977664641995252,-0.06650382591877001,-0.4979789830899841,-0.12323598057742002,0.2176936975970633,0.08993584218225359,0.0160952762259082,-0.055548066514391245,0.0
1.6619089695914886,1.8610338822183439,0.09636781555282703,2.4248009821373966,2.2944183926056287,0.16284374888494732,-0.6501137168717498,-0.2266494318928068,0.024228880864532468,-0.49887050074933803,-0.042089462184837674,0.19034757518102363,0.2701907557469517,-0.1599995444289066,0.07180007582162934,0.0
1.5731307916845607,1.9005695106027916,0.0421386500257713,2.322772166169445,2.3001591085377795,0.15320943634506137,-0.6352528158391427,-0.2632692618969614,-0.03404273150132876,-0.4926996772901333,0.041335959051530424,0.2904082180534576,0.15451216030142675,-0.027567205144058568,-0.0973730608091452,0.0
1.583460621105781,1.834446121465092,0.06319832185149127,2.4971087042388764,2.3784507995464854,0.14893518829006736,-0.6188399077233698,-0.27313308444519824,-0.04507329321035762,-0.41060444264421925,0.03113931015242568,0.1928455677750493,0.16558939323652055,0.07923089064498477,-0.06967979023242069,0.0
1.6336832684258078,1.9301868777818878,0.008484203988192815,2.3969830779199883,2.375650858732596,0.20549528709363213,-0.6446616796773251,-0.28569477760839,-0.055430307292067084,-0.43033127037197,0.16240556942924986,0.17325450312093127,0.22559819755312635,0.05177784484275163,-0.07857632819805588,0.0
1.677037843213879,1.848539353130875,0.05263950140586674,2.5261838961368714,2.324084650448552,0.15215746527847246,-0.5568182814827347,-0.28075479350718946,-0.1634196030968208,-0.44272430190564965,0.16104974832616634,0.056549780334717525,0.23270609131604894,0.07559263380936715,-0.03650026826127875,0.0
1.5812135608834748,1.9856394752131161,0.03870727577221759,2.5315337646635006,2.354766480018166,0.23247448869041307,-0.6439015150726878,-0.27946883025940317,-0.14595485987194498,-0.4114461112387297,0.12301528240673529,0.0944582656663699,0.019782995771844197,0.11955579348859849,-0.09437905537048527,0.0
1.6857775133584796,1.8950733298416067,0.026003670459034327,2.4848695557805724,2.3272402960240397,0.18120622735263262,-0.6245272835005664,-0.3117895682895816,-0.1193753896215926,-0.3750973611514033,-0.007923616924095822,0.009617341029966212,0.25079656925961136,0.1453925583187904,-0.26297777752417967,0.0
1.6607601584751603,1.9622414789940434,0.06919276023187297,2.568080536169971,2.248173292200962,-0.01994953552871397,0.02235276118254466,-0.0011834284689997213,-0.02857795294138836,-0.0270709598445531,0.1416073141511074,0.350714127662538,-0.34177490656865767,-0.10803948124572621,0.28223677618643017,1.0
1.6446040294121207,1.8873882584291286,0.06875606433651048,2.528558811167402,2.223623628837327,0.2314269066878689,0.15176826957253717,0.2545671318296585,0.10715540981758073,0.1769400549233631,-0.0403326919934246,0.048282304385269904,0.12935118942618481,-0.4767902537114258,0.3742736757850871,1.0
1.6618653203667682,1.8758744112886294,0.08813755285142456,2.4555373653328,2.2553724497156087,0.4633030028909644,0.4716953182063308,0.36969499393195504,0.44398587041820725,0.4412672354779729,-0.2572117247255179,-0.2514521001975864,0.3641325379229485,-0.12455598615736925,-0.497777417235088,1.0
1.6781025522564919,1.8784313415656704,0.08531486008364442,2.5506596282634115,2.275880192855979,0.7216313097896399,0.5232114408574939,0.5679211962414057,0.6807875773320666,0.6228576904718905,-0.17740568191957903,-0.38418237520048537,0.012697589466523948,0.2934756763373098,-0.2606437032905842,1.0
1.6193840813195413,1.9195627361701617,0.08670209075199851,2.491883285882004,2.2953160243580504,0.7378226374654956,0.6518223683098785,0.649405747171861,0.7121982202541078,0.7076499828322697,0.4212098951210003,-0.3259648042548258,-0.5238870379762383,-0.3016095384469868,-0.2678356467808695,1.0
1.6267903357094204,1.9505206273750642,0.0850180906774085,2.506942218466042,2.266697184375316,0.8799070958359849,0.80253447430863,0.9095506659561897,0.8671903491454861,0.7513478899962389,0.15899405836474648,-0.12961028544233752,0.04599332353361617,0.18074054438981665,-0.16040775297415683,1.0
1.6854082553764849,1.9458087825851313,0.0037332519424750354,2.5374295497569435,2.2763628136007843,0.9219862095618361,0.8969652460090979,0.9529442758497176,0.9195715830368361,0.9890970437575312,0.3047672014286909,-0.2642342027437793,-0.06509799521029151,-0.14613644310527785,-0.06424002636526001,1.0
1.638150596181322,1.8818260362562995,0.07520840834792455,2.501126404897913,2.2759053208241244,0.9191675057203933,0.9487857597967413,0.9974343325354783,1.0505060018814008,0.9953886813673848,0.1148257693847362,0.2127354040266938,0.09684923061491992,-0.17249852725702378,-0.04695798848664515,1.0
1.5819011906051,1.8521554119993786,0.07690944298678717,2.521404889384312,2.2618461662288336,1.11186798173487,1.0131042092747458,1.0519955013964482,0.9796204077813736,1.1253494735367453,0.2583828324628437,-0.15152048096677886,-0.2779319690541173,-0.3211858344165453,0.1228699634338383,1.0
1.6801241025675175,1.9502608974102447,0.038510456673775936,2.5092864403178305,2.275380008005172,1.0442981077358613,0.8939301045696926,0.9968692329318704,0.9906426228966894,0.9654663302354828,0.1919218014475904,-0.04053501837727236,-0.06180216498543835,0.408285363949652,-0.12424084733761734,1.0
1.696648157530531,1.9230089650754438,0.07592846467685632,2.5170396800168655,2.2808217222669804,0.8759076505892177,0.9600466615844306,0.8794962656318215,0.9648041248302427,0.9307864446453877,0.04252081742348745,-0.04746009327406209,-0.029384843821882608,-0.24255452089728027,0.007627002593370965,1.0
1.7090777181241232,1.9049707708084302,0.08207773085163594,2.4893175242824324,2.2937379717117223,0.8687439345820805,0.814794343235003,0.8501942663838753,0.7534605853854892,0.7140384117188943,-0.23491468166439586,-0.12585030355840665,0.3554940276342719,0.0057650001185103866,-0.28627284671152115,1.0
1.6889504780848492,1.9559867150608838,0.10933590280038007,2.5137162337535637,2.2922184571924213,0.7165275089170291,0.6573231000828578,0.6263628494014505,0.6767248445825746,0.6397640227844146,0.02470895016933991,0.12760155672904525,-0.38022248931899594,0.11516039198299198,-0.009391461414210754,1.0
1.6951914326373791,1.951510801733183,0.059431245908505376,2.4733971124077025,2.2780399575749644,0.4680730752705079,0.49415982851518403,0.5116083081670332,0.5875041835885022,0.5400207981161724,-0.315767164550905,-0.06985069034367966,0.024979276582849992,-0.2512453082446398,-0.18812585329370723,1.0
1.7063105073932596,1.937959463196731,0.09891555926289072,2.509638296460558,2.27881763961485,0.37304660626512515,0.38532137987320464,0.33139873550119536,0.36779841492003557,0.29808533938466936,-0.2764526929318545,-0.15015184325552627,-0.1439808563714939,-0.02017439339567599,-0.20830160349845814,1.0
1.6924671991006912,1.964059142953745,0.06347248816971038,2.4698133458536353,2.255619760223343,0.15305570532597657,0.06973296452440421,0.1687358458669574,0.10861383635800795,0.0588747930332075,-0.05140788728624465,0.35781392287949915,-0.04315201244094318,0.30728460845045075,-0.15476491209591184,1.0
1.7038557482990997,1.900615505735248,0.07430373312845763,2.578113111709699,2.2949758902563824,-0.027387638735225647,-0.03220114502792222,-0.07588900190625253,0.028957371519782144,-0.06473217509152654,0.07883265509254674,-0.07925282485777772,0.28579826336545106,-0.10722221785264062,-0.3530491105331052,1.0
1.654883708464172,1.9673951009183217,0.0836443773979654,2.5292507047529758,2.2831071934036453,-0.2809432460812034,-0.28627047124168137,-0.30619890627235935,-0.2901943308238031,-0.3093578802050472,0.18214628703712277,0.3055195110134082,-0.061306056639081015,0.20224088877724306,-0.39262184653910304,1.0
1.6641323392562999,1.937466638926116,0.08508096764019409,2.5229267882651567,2.284469437005022,-0.4377918302139704,-0.42682589417113,-0.4341636666732018,-0.5528429854406354,-0.47160483368013423,-0.5848912815859894,-0.11527671071512569,-0.3366786185113524,0.2129820434627323,-0.240336917901426,1.0
1.6940189144926605,1.9766641098772821,0.04604139186531084,2.467348787200908,2.295955586763783,-0.5729995817763494,-0.6977634082011217,-0.6889866733556683,-0.6323976961443413,-0.5720236828271654,0.32274985985260873,-0.1575746708724465,0.2044753972009275,-0.2683778357284838,-0.031274640199662945,1.0
1.7083562910157868,1.9584528290858905,0.08622270295393605,2.5589727125113577,2.2922061277748007,-0.6807027755841618,-0.7616964368006054,-0.8852556990371118,-0.7540998261535427,-0.7280668550059949,-0.0210113842606915,-0.1196288001514781,0.1644833021968465,0.06646044395276544,0.22153902712019227,1.0
1.6936295806717503,1.9186016314886976,0.08245464833133948,2.530967536646744,2.298017696014453,-0.842637430986418,-0.89767270074364,-0.8971556731681231,-0.8902125548716733,-0.872349368259786,-0.22530535584187417,0.09060230907906175,-0.28878142731796325,0.33914241542422924,-0.23076780426306323,1.0
1.6895220207735773,1.9069011335688693,0.07933819872259455,2.5469397923385064,2.271693491631441,-0.9020678731463347,-0.9495144452442086,-0.9012311077481739,-0.9833419691705808,-1.020585415430217,0.5714735104613808,-0.17485230482996628,-0.3048004281060987,-0.010461330761641113,0.04628141147373148,1.0
1.6569570417272477,1.9337386062077324,0.07965300503286686,2.59129318472809,2.2933978653535494,-0.9703184737423166,-0.9671871774946849,-0.9432769434924962,-1.003845731570124,-1.046416574379444,0.39666477717050025,-0.02072681318274314,0.05800825582906869,0.007540666148331522,-0.11056554127600811,1.0
1.6965905666297973,1.928001140776417,0.004027998611866521,2.561794254094146,2.291231704351064,-0.9516736885913448,-1.0895558011605124,-1.0049709715959037,-0.9879286631120054,-0.9385277823174601,-0.015291863898109373,-0.39273754416494444,0.05566484177833763,-0.47799765044740883,0.041751327503832494,1.0
1.7825009582722153,1.8596963717617387,0.024318792778629167,2.562390103388301,2.2959904106705746,0.5127275880480123,-0.3075756568656372,-0.6473762428811667,-0.5093900318286048,0.13143080275256697,-0.01843706483991331,0.058517420691267336,0.26058147588803465,0.07865455926396638,-0.0653549792267519,0.0
1.7228296025698377,1.9152870322549214,0.14791221098812635,2.543439752672944,2.3338123967727857,0.6381099907014587,-0.2937588522428527,-0.660785554650829,-0.5860196940957392,0.13647423361160343,-0.06622565490514687,-0.03813051986815974,0.2535189715443424,0.1779704960174354,-0.04999506711012367,0.0
1.7211789664206285,1.933236761570653,0.003414304440361657,2.538927914877385,2.4513972154309074,0.5414675771881713,-0.32471712746359915,-0.7081566327070682,-0.4966669107078983,0.220065375499366,0.11430960291486206,-0.03113836319551529,0.1180528512653983,0.22930702552856846,-0.12078393272490337,0.0
1.827294637183015,1.9406580184156357,0.05746861109224786,2.5107251549170875,2.301096820730674,0.6709727343068594,-0.2771762088658637,-0.6795372108586732,-0.6416684157702496,0.1510970370108332,0.09190044655485143,0.0176475715361432,0.08276070365590411,0.24699966118460837,-0.163112184359787,0.0
1.6844575649587175,1.9510605878241034,0.05353448306650194,2.599603780724336,2.3874203081908436,0.6138953136393039,-0.19802903057469995,-0.6110760843572699,-0.5667417534734328,0.222097313031133,0.10776049590964323,-0.08167983611980713,-0.036697553729433216,0.19013646938233203,-0.15461638590543328,0.0
1.6946780318205257,1.9005862509522142,0.023652749149053985,2.62978974267022,2.4083111279044935,0.5980096915057326,-0.12929796465386145,-0.7511897864980541,-0.5580121970252975,0.1350496498124764,0.018472604719280472,0.07901326720372082,0.04514675243871533,0.2965931584581377,-0.14958507919942451,0.0
1.8466394782109432,1.9959508301784277,0.0164366617088344,2.5192461505360275,2.4345969077681318,0.6618739223878367,-0.23383267511125413,-0.7480638606278258,-0.5472992571464185,0.355862597243551,0.03554039608380983,0.05767504791531237,0.015796048064647544,0.22095252910711893,-0.3336090596098828,0.0
1.6934160646250838,1.935666883440435,0.12358294240898063,2.5532843977307076,2.410798090016908,0.6071913423140034,-0.20091962274759778,-0.6580974984421424,-0.5597694197833567,0.22798329646812066,0.05001692197718422,-0.011531951851025173,-0.04738563383372212,0.26903061958230323,-0.39211906247038636,0.0
1.7075536726213312,2.0177617484843298,0.13189431044045882,2.5155746603482627,2.372464971119952,0.5972840124699306,-0.19367084980095411,-0.7493691547900316,-0.5718053350571077,0.2018715541832336,0.06188052418455476,-0.19814001653088648,-0.08678609524588944,0.3887277404199281,-0.4984093510673328,0.0
1.7769350200552851,1.983430512796382,0.035421691712883854,2.6206069286081926,2.419177614273066,0.5793288097181767,-0.23573611566230784,-0.7675426849059995,-0.585152874988403,0.26820050324629946,0.18516445201872034,-0.08445519380776226,-0.10977071770782632,0.39184780883190856,-0.4311031773980284,0.0
1.8436711477922114,1.9777386857096768,0.07786344427245541,2.667888877106506,2.439852113114835,0.6707044404947576,-0.21277731856352633,-0.7666483871112002,-0.5990738104854617,0.4250644383501471,0.1497872101317402,-0.10449788054116924,-0.1017556948222739,0.46752293355941155,-0.33328245360522873,0.0
1.808267719222852,2.0885822574870727,0.08416970472554307,2.5526956783757537,2.4050875411647348,0.6879052731450698,-0.2240075112575412,-0.8654695820628471,-0.6972329761131965,0.3053312039801129,0.03521944407881575,0.024916720923296512,-0.18674186499369605,0.3493782680723357,-0.27411852668827386,0.0
1.6967815786835687,1.9752665828503593,0.13777602066042843,2.57029467120459,2.3382711490745187,0.5983338632482341,-0.15574644708232915,-0.7172619898722841,-0.6551644148701453,0.31746660058450477,-0.0705812649075468,0.13831061891621788,-0.2554090170125334,0.2764443850673843,-0.1665059538678357,0.0
1.7479868771226312,2.030720465127701,0.05673691674157453,2.6125844986310773,2.4531895962446177,0.6546576059983372,-0.038448199315496784,-0.8000877558717946,-0.632414498630622,0.3499023648029623,-0.1819434752742663,0.3781716131782655,-0.21726114360863144,0.08608197294647274,-0.11520449161588389,0.0
1.7548883872446708,1.899435836811894,0.16982486848368727,2.7110032207327706,2.390221065499785,0.7030230665509491,-0.25065524208110435,-0.7787903556092464,-0.6338610984687331,0.43534077850962605,-0.1871393849198552,0.2782016406385667,-0.18231027951442683,-0.11039128529700623,-0.19916665883498308,0.0
1.7734209886479106,2.0463892989830255,0.039644520926284364,2.524194262767585,2.395818733670959,0.6308557551611695,-0.09648997385996858,-0.8960068046116801,-0.6201271044308316,0.39221775632706535,0.012578004936096232,0.2735412421479925,-0.19967217024039455,0.02667690868975514,-0.05159464525417208,0.0
1.7675162932897537,1.962030149291042,0.08679683224024916,2.616416114754527,2.451034786259887,0.7000635003807613,-0.18083842906545933,-0.8661073857381613,-0.6469240087808895,0.39626980500489634,-0.015555425768160578,0.18383239037454746,-0.2625265924273081,0.026982971464992504,-0.10769971789253543,0.0
1.7144914381528562,1.9371014700330131,0.1858149968019085,2.578340965039654,2.4664634705548685,0.6888857268542845,-0.09512542490482287,-0.744617242640049,-0.691735156140437,0.49517486566169455,-0.05764072974867733,0.14948410340988894,-0.0953433144394144,0.06832465762027465,-0.19300259784504462,0.0
1.814526688865815,1.9736203887300903,0.08801182314119219,2.685485183605502,2.442667288833694,0.8181116941359272,-0.06481527472403348,-0.7951320023130806,-0.679429479139816,0.4875083290616239,-0.03273254611578344,0.036702415521854936,-0.10358618911438977,0.08414910820856994,-0.17925733726740167,0.0
1.7347685245257025,2.056534618889754,0.12494738165886973,2.7249153311622543,2.457423525364498,0.7578683088432733,-0.06800554832976581,-0.863750055365074,-0.6881611173394261,0.4345410371971356,0.06940006957981416,0.139158395281943,-0.04303142186189904,0.19564821435468738,-0.24123275400861957,0.0
1.7168996535018013,2.0935241906078432,0.08121136010360282,2.504372531668911,2.312881911194,0.6617297536832356,0.02509974796659733,-0.8198041671339332,-0.7919495850158805,0.5170831643116179,-0.12979823279421052,0.15819220316882807,-0.12885808336597293,0.04009266633373956,-0.1628153590652968,0.0
1.6402592509394747,1.982688503153177,0.089573838586834,2.606031801246238,2.4116550157222774,0.686069650738904,-0.045089064308585815,-0.9008569152371534,-0.6839522853563248,0.4612945474169413,-0.1543755218484703,0.21523112482596027,-0.16347778431175136,0.15501499264197593,-0.15125570545159586,0.0
1.6331177566065374,1.936969040573713,0.044560739550539415,2.6190434750306957,2.4080211003931953,0.7578845956892982,-0.09667390258622208,-0.8607006315431881,-0.777299001451121,0.47810606791184407,-0.19062242814915592,-0.07152833077171905,-0.2295999520174917,0.1377318021509141,-0.005351297851100695,0.0
1.715910966615807,1.9466038975999487,0.06348135934536804,2.6178755185328164,2.534057736649342,0.7589889062252921,0.06452359418749272,-0.8994457916854457,-0.7744041190565368,0.5094991767516056,-0.18546133212881197,0.028369003508904103,-0.11891396544950555,0.19864032277267454,0.13019140406789606,0.0
1.854699639877963,2.0019641322237627,0.1304266358730289,2.5940103141835973,2.455790969026938,0.8322797087648437,-0.05305449856962761,-0.798769866955559,-0.6855770133639373,0.48273494869514905,0.010538185673077932,-0.04139378264980399,-0.04475770032776881,0.3018338784891409,0.16885052785434745,0.0
1.872999221489393,1.933301140351845,0.04766527506443978,2.6394331346706355,2.511687394120463,0.8457425921011645,-0.01422949833912266,-0.8553112278600153,-0.76761291370317,0.5396915993822914,0.07815084254757688,-0.07961768991752004,-0.035781595626609625,0.1421551891777817,-0.001025956400764999,0.0
1.7805951264893816,1.972191830823611,0.10317688355509591,2.5480989214851015,2.591290011311533,0.815465920701433,0.005444300820829848,-0.9454522112787653,-0.8191662852238595,0.5316437702905045,0.09364325952556234,-0.1139890123736366,-0.17019544451074414,0.09355390902499808,0.0867898392324402,0.0
1.8611358582830864,2.154484186825778,0.12434288226231807,2.576015161010488,2.4673565110236018,0.7922927647955876,-0.04010240649434251,-0.9983650656959254,-0.7399089255331396,0.5852185083440621,0.020967612318536714,-0.22781264102614832,-0.1602111222506432,0.16976422650053025,0.15562585102236098,0.0
1.759266054549502,2.0761363718803616,0.07902274425624799,2.565990056186177,2.5240625011842996,0.8023149703400858,-0.006887491360731891,-0.9628309049062849,-0.8664571167472885,0.7076164900293366,0.13495320986157286,-0.2687029841928562,-0.23613892001113002,-0.0025294078177802437,-0.08134690434971159,0.0
1.7713763030528655,1.9894824729073668,-0.0014594968776261569,2.5330160285750667,2.467567117471802,0.8401719837053376,-0.002594320996290811,-0.8598786570933434,-0.7074501411640262,0.6168210621181396,-0.015849886910482155,-0.3133376954483942,-0.12077394844478553,-0.03589883883993418,-0.15875854936913605,0.0
1.82393519729847,1.911717751378639,0.12181540691055265,2.5985862642254656,2.323508721923817,0.8683182985212995,0.07865956737324431,-0.9474345397697491,-0.8055805316185307,0.6207113723879895,-0.03173890437421002,-0.28216314440477247,-0.026746202134817654,-0.23506695054993,-0.09815386402895535,0.0
1.8128860438075558,2.060268428711395,0.1817138503869365,2.624337802010907,2.4655809977041745,0.8259510568562113,0.06758582886487093,-0.9063473212986759,-0.8456343118604848,0.6834150000567989,-0.07588351473358157,-0.3257336306139867,0.13408994945514324,-0.1697561592460727,-0.06818969078860639,0.0
1.930408080669838,2.0717321588967677,0.07653749036300392,2.7094562990373157,2.5181696716341584,0.8157776954513617,0.09566004885536998,-0.9494423642529797,-0.8091580192425344,0.6494174765153575,-0.16043936969577335,-0.11955691419148512,-0.08788756361782037,-0.15416297900166656,-0.01728781855249014,0.0
1.8598681089179132,1.9740176363777548,0.08615777861065556,2.6822996084422472,2.4592914558301846,0.8654470221400862,0.12056380022656987,-0.9452669050538868,-0.8970400673690992,0.7108541292097785,-0.10260015740870747,-0.05022173323357906,-0.1769829519930307,-0.16514686567101244,-0.01667614540545327,0.0
1.8602652888597575,2.059952980893372,0.09348976153947858,2.67290962996717,2.5021115855733833,0.9396111682042119,0.1860965820921854,-0.9166081000828237,-0.7923887654842852,0.6726335998724684,-0.13566427913794304,0.08779214747971854,-0.17338499654073522,-0.19892639688072505,-0.14001626947322354,0.0
1.8538459201299686,2.0848913076957367,0.010703245383400853,2.714168122130224,2.4727105699400953,0.7811567561953967,0.18614761222285856,-0.8217309314228358,-0.8880988745206508,0.5871786663894207,0.02671916967759863,0.016584202658332305,-0.23628170897621453,-0.10090125472244799,-0.12949104504285364,0.0
1.8202874472141384,2.0440158475712416,0.1447032599898754,2.7035915896561233,2.4238560236041047,0.8116579662540049,0.09880550690432666,-1.007948163128213,-0.9441199237175302,0.8008235985228808,0.004792291950408836,0.1369882680395725,-0.1993456094479179,-0.1350866591946721,-0.22553079850814067,0.0
1.8059472108411232,1.9829995341644029,0.07660901661173729,2.6353239636599213,2.402247891099316,0.925053740345273,0.21219282353895774,-0.9271281664157005,-0.8088197196649402,0.6669985796301497,0.09570322657797518,0.11496510913295567,-0.2370487565708137,-0.06999361862596762,-0.25282011118164244,0.0
1.8067346897684387,2.0427026096442815,0.07834062453121589,2.538236778410575,2.5590549761387558,0.8868852489392577,0.1493066857608082,-0.968615430237333,-0.8157400430685665,0.8406741686451689,0.08813922216752546,0.03077086821068991,-0.13431837795024326,0.06442486590300893,-0.3129537145702072,0.0
1.8559124122098667,2.0377171624928727,0.1530954745776336,2.6671411846608537,2.452517750548199,0.8702371057758622,0.21541330069547787,-0.9140432292284484,-0.9437697773102683,0.706841341628244,0.16514318975895576,-0.2516972673960084,-0.20262020610159487,0.09506536008543112,-0.2372201554611273,0.0
1.953452268751107,2.0147564287879747,0.025367990471860044,2.652528439528991,2.5047803323648714,0.8956597208664542,0.10879298655931419,-1.0059772668418243,-0.9646852380989364,0.7363086930198919,0.11019627727842032,-0.16761976991831465,-0.2817819140278196,-0.06618058620099111,-0.2786021485158887,0.0
1.9090621793118745,2.0702241430919224,-0.010160061016428135,2.7106866708858375,2.51838285004316,0.8646082303790927,0.2088684760464733,-0.8927966321636891,-0.8822820291517431,0.7639702591828987,0.10491604433640354,-0.2736751706299705,-0.19639291111494026,-0.05732210881584903,-0.13846067630997919,0.0
1.9495357748185533,2.091461497431407,0.14213210724637523,2.727433122070304,2.479626863547132,0.848182650704054,0.2600454203715522,-0.9928848542408717,-0.9027077821323543,0.7589882202689471,-0.09307808551624878,-0.3159545356706483,-0.09558277116553163,-0.11528614932160053,-0.17439764737543625,0.0
1.841169445006715,2.116695965104875,0.0831114883282223,2.6939266156622246,2.5037387634263624,0.8856972530161608,0.2278660777827644,-0.9880826570388138,-0.9334819489706017,0.8817969616018262,-0.12830848565411757,-0.2254574467888869,-0.2780675417361958,0.02249198919325314,-0.16186878915514832,0.0
1.854512284535546,2.083164485809293,0.065268713717791,2.698492528431973,2.5097236638807225,0.8732770171710211,0.3050509906480259,-0.9498364715432875,-0.921447637378119,0.8147000131047106,-0.09282694324648784,-0.19352663231383418,-0.31889053641924425,0.09060344584344877,-0.056781540044734166,0.0
1.8955062756747396,2.102615435488857,0.03786032302579774,2.6793798649075065,2.543982902595371,0.8899182087964279,0.37349019048528465,-0.9909161278532663,-0.8925129083202773,0.8028551430492086,0.0010381427264994775,-0.10543480718618436,-0.2902650728247611,0.039932549654969805,-0.05599910370113755,0.0
1.8984410649424222,2.019780332212914,0.16776599236486223,2.7163675315006137,2.554609795073659,0.9175512770182321,0.35798832639040756,-1.0081708679083907,-0.9904900314673911,0.8281065684214899,-0.13816455058332594,-0.07732474539816399,-0.33208206739123314,0.16620395241788932,-0.2603060247899977,0.0
1.8946884047572412,2.16532859939844,0.10915745178840154,2.5933175031578877,2.5508413606029805,0.853082191752977,0.23953669287842383,-0.9719526137008319,-0.9040534513616794,0.8660095265233222,-0.11760369531969858,-0.053725962258180764,-0.08980708423056077,0.24099192795419294,-0.09536364051293228,0.0
1.9227677512434096,2.112791274540186,0.13035964390467542,2.6893593620188643,2.5349663873761923,0.9548253364302612,0.3506915211043705,-1.0343463835347082,-0.9729368051062703,0.849528649095801,-0.18894114707160747,-0.017500755686483755,-0.06533369752007531,0.1275785182578594,0.057025430673190616,0.0
1.8922104371111474,2.097925674423201,0.0005582021776541213,2.6874925423841542,2.6068270570854133,0.8954688990835596,0.3564217608479921,-0.9746056510746891,-0.983393653552539,0.9228129791388316,-0.1976396661202753,-0.05830038919918846,0.007524041475136141,0.3083621358032,0.03297596713781318,0.0
1.8955604135633548,2.211375052545405,0.08293581734606083,2.673447950696172,2.546487561724315,0.8704423147303277,0.3598143269604669,-0.999660655308641,-0.8777886479645557,0.8465628925267664,-0.2123978525307369,-0.11944610869585903,0.02024555602600245,0.11150323312590915,-0.03488584529466816,0.0
1.8142077400372376,2.0477110091432182,0.08297759667483802,2.8575402963061785,2.559828910327378,0.890322701885452,0.34637454025732706,-1.0253454891441778,-0.9128738449841141,0.89077094869199,-0.18610733441797642,-0.010787776250967579,0.16874412025926805,0.09687738889296381,-0.06706267301788019,0.0
1.9120035607306334,2.1816154992961088,0.06971622619066316,2.820175383947074,2.5612988144083197,1.031120974741854,0.36586119775934417,-1.0768970449249224,-0.8881061241782628,0.9377132352356086,-0.049100979497905095,-0.11892056059350707,0.09525156233591078,0.1777609340171582,-0.046882761404176916,0.0
1.9414384822228496,2.119312064846931,0.1551893482016923,2.636423668333858,2.5939837077239836,0.8484287356005412,0.36119719037699316,-1.0676246351142824,-1.024100691238673,0.838560353216531,-0.12883527851482343,-0.08942268810285178,0.1464921177600034,0.2581849733466975,-0.029159516870075897,0.0
1.9718769859305263,2.1003566898925055,0.16457092830609904,2.6996126782913845,2.4798179358588266,0.924236025191024,0.3542447182763108,-0.9825174943925951,-0.933461310578657,0.9866576135327056,-0.10164519888686155,-0.08917104381684526,0.2640151898285701,0.12616708751611738,0.06225749371900078,0.0
1.9307729150997264,2.149392660846191,0.16967273329267163,2.7371097125071073,2.600440468103302,0.9642374379885247,0.3931502554592449,-1.0283533925981474,-1.0359756485688465,1.0072286752861561,-0.044520785390519714,-0.057652633073078614,0.06410100350915013,-0.09872678394492979,-0.006542900475898367,0.0
1.9287112152972226,2.020630388753642,0.07121217198611907,2.687373822880684,2.5375912031995917,0.9223595224824198,0.48081027194674253,-1.0326966895610956,-0.9296315960790098,0.8575951944988942,0.1284786993472435,-0.0720845310683755,0.11968038853210075,-0.1829412669188804,-0.0851721503147344,0.0
1.8799119359558698,2.171781005468438,0.005782515777827749,2.7928366929465485,2.731157393028573,0.9374079362446398,0.4659567062859416,-0.9953883005000698,-0.9272552414123187,0.9246953122534086,0.17379399407827023,-0.09445489323680124,0.0266836884658979,-0.08021380977446303,0.055871320866153,0.0
1.8935369668363649,2.0593756272417316,0.16256190580614188,2.778361765417146,2.5296688351384007,0.9447071728871983,0.37238994181347806,-0.9468717602449763,-1.0100440043183814,0.8994680712388665,0.11980763368413395,-0.07598632265065666,0.20157322232648225,-0.10949173729944937,-0.04936919753554956,0.0
1.9400613481822229,2.2512833766729905,0.1617064088051563,2.6864531032565884,2.547005105029611,1.0408286203961163,0.46097085387349956,-0.9338888441197322,-1.0282978131095293,0.964977620941412,0.12254076055072431,-0.017145813056034166,0.11563082259916513,-0.1240390223504502,-0.038795391745723086,0.0
1.8607361208223614,2.08894455245581,0.1594315487321094,2.789836884569681,2.6721522583114456,0.997522490630632,0.4795435821229858,-0.9494575094279246,-0.9877910772825426,0.9782309863655984,0.03324391838966263,-0.0007453206914643726,0.07781064569619883,0.040717654892653984,-0.02573624646373747,0.0
1.8448975732904618,2.0639369224636743,0.16134032238340518,2.787343963044539,2.6005625028299915,0.9886191757971088,0.5270733283521817,-0.9326091317369509,-0.9684426349455979,0.984305619922407,-0.06707401298498591,-0.03609492976488683,0.10003706508644566,0.08742478676197374,0.19375547112042477,0.0
1.9474817701344633,2.169218065491239,0.1532212588918777,2.7506972089975883,2.5698789000303632,0.955231674399356,0.44780013319098205,-1.0559723622647503,-0.9998399375976048,1.0119637330370677,-0.15984378666198348,-0.09960342970683814,0.19444504844965527,0.1923625698121989,0.29360912735241546,0.0
1.8888940505882,2.100228585658996,0.11419670422536156,2.7055173985873737,2.6359637911330998,1.0466363117345685,0.46349798205965154,-1.0264100633495399,-1.0060567713333557,1.0275794540624832,0.021578187686924488,-0.17559265239609118,0.03952727945790932,0.19557564855284915,0.332203617446738,0.0
1.9406893261081073,2.0907250744543595,0.1351052450599675,2.7323610182233122,2.542992687139878,0.9742729544180488,0.4984118879557444,-0.9591303932285563,-0.9513035478318725,0.9544521541761475,0.24845726861473147,-0.10452047986971394,0.03621453991615836,0.1993809778063495,0.32545072297076644,0.0
1.926783858008174,2.1982727705795853,0.14128334654834393,2.823688844189394,2.5281426196955272,0.9368303929711372,0.535748998985916,-1.001310218385532,-0.9783186833334381,0.9462334169590765,0.10727059773707498,-0.17255329838088518,0.11651611975554967,0.3605370415207442,0.35034461384041393,0.0
1.8570866078554746,2.1466655605967326,0.10753968204507915,2.7772045343443543,2.569073308960662,0.9633360311831979,0.5693387241125403,-0.9942737157819515,-1.0578328829095407,0.8919785323153223,0.07024064675998132,-0.06828908943706398,0.23618120442553453,-0.06242046514927424,0.22971752960316455,0.0
1.9073091628728844,2.2362167133538082,0.13574436217548277,2.8233663614096076,2.6343844015310585,1.043318120605992,0.5930255754448579,-1.0186818806453328,-0.9552844737354779,1.0638828466956014,0.13490064890839795,0.0021756289618105745,0.227209226552508,-0.04134779268448988,0.25011433517410414,0.0
1.9078384396546535,2.180663787985211,0.17115130372300227,2.796421968120182,2.5799336499713212,0.9341973511809656,0.6732142807973578,-0.9166806704705874,-1.0000619579927028,0.9295240667306914,0.06564104713542063,0.09902392790695838,0.144232406370191,-0.06628007085270791,0.22627415727172953,0.0
1.8919774768208173,2.205015794977313,0.11579817778474719,2.8993569558591883,2.709733368317583,0.8966023631330159,0.43136315918268986,-0.9518062233698611,-0.9764551188071036,0.9499199675144905,-0.015413110390914829,-0.15976971231035966,0.16226870314312408,-0.14709542381296986,0.3597248844610017,0.0
1.958037586003297,2.1070858954932867,0.08551144386420509,2.888758177317171,2.6017953723841893,0.966976457657569,0.600374618121065,-1.0018045010436796,-1.0325352049917509,0.9636185187121228,-0.04969054578452495,-0.207904451546352,-0.10251888351568464,-0.06775766578669039,0.23417357446135625,0.0
1.9367802854365097,2.1102856375821886,0.16417716314224567,2.760536729039284,2.610296100124573,1.0073029508080071,0.5190951332494214,-0.9735093257252111,-0.997276195242028,0.9899040124666667,-0.03696001576006895,-0.14829997845650464,-0.08822012016150142,0.12086853879582107,0.18367578858120417,0.0
1.9456822755863166,2.1821005180514614,0.1399046748724254,2.7985338784194944,2.6761257890515613,1.100787934361281,0.6302826288663197,-0.9001878533171218,-0.913712791820731,0.9909493623129859,-0.02246601703641615,-0.17870187335360155,0.023828988784092953,0.08537563760176278,0.14796450357628113,0.0
1.856948707808024,2.113470661774316,0.09977516012069068,2.8180470109982045,2.664849243025277,1.0184680927193697,0.6507804707923249,-0.9067299868081032,-0.9849996675289833,0.9614719866594168,-0.08511199845363643,-0.10149250107141627,0.04511638970499783,-0.1699783280748079,0.00888833452866894,0.0
1.999209077200485,2.271373661196213,0.08997332768626667,2.7563136724696817,2.581327032684078,1.076141243885726,0.5897286078266508,-0.9576667577909331,-0.9518238993266518,0.9728287803670621,0.06103722862608668,0.07849305989533951,-0.14995703923291773,-0.024211942110484358,0.3043999593698729,0.0
1.9819239532349697,2.1691220839150427,0.14823134075443262,2.666962412633299,2.6149735643753345,0.9993286078193055,0.5596233734385573,-0.9583147695418495,-1.0496294934548456,0.9900994097022197,0.16929830979472502,0.1111382657037686,-0.13769270480410792,0.04563945664397985,0.2692388963609333,0.0
1.9506264382778171,2.1337762776908584,0.05630610878638666,2.7634302238022865,2.6473678343310403,0.9903817717784258,0.6407090384423225,-0.8790565076503937,-0.9918076778575616,0.9430258481960925,-0.04257532995708105,0.04220957809951596,-0.21777626411966244,-0.027375372946153276,0.25746584075921297,0.0
1.9417295008698958,2.1826996940639902,0.19859253207376432,2.807101639438257,2.625632886507332,1.0562834302199753,0.6496489733793857,-0.9686930297872463,-0.9917702535251054,1.0039527789450873,-0.2636159947225718,0.08941594159824395,-0.2955241799577265,0.09247402731058287,0.3924961311778522,0.0
1.9446532888181074,2.08752169744624,0.13549394034423548,2.8511614100966867,2.6149823398034173,0.9886275021285151,0.732012436376394,-0.8890385101372738,-1.0543603900035057,1.0306817817636174,-0.23549980920483612,0.011251207728165069,-0.24367306483722315,-0.13912317723862194,0.3229178442563471,0.0
1.9882645552961589,2.118039439950268,0.08899247390099516,2.785117133462734,2.616584540977697,0.9756499528442535,0.6686707927030494,-0.9011123787034233,-1.0376303701980785,0.9994852307058789,-0.05428244120112455,0.184188193464509,-0.3256598132659544,-0.1822455599591998,0.24344807579364897,0.0
1.9803688977283922,2.1745973429296455,0.18352288287984253,2.8684888942339772,2.6574398452873393,0.9850027225125529,0.6934124966266788,-0.9131170127248248,-1.0030493979864716,0.9574166196985278,-0.2513439773898219,-0.04129040999925217,-0.3250037685480028,-0.03954925013795049,0.18225960326744606,0.0
1.9456634985112318,2.1956829539303735,0.07415679339553988,2.802846016277168,2.565610144532688,1.0240719746797116,0.688925989119566,-0.9381762103521293,-1.0103075570641311,0.9557860219286622,0.06713898839118776,-0.005073032197119076,-0.29719125783200623,-0.09156245327297993,0.011072675445617991,0.0
1.89344336730461,2.209237555642928,0.15255272547398113,2.855225727063409,2.6670959553829188,0.9429444609027207,0.6612253505967853,-0.9130322301299849,-0.9041270759414842,0.9508817721661351,-0.11824472230911873,-0.14156674590941434,-0.41465667811109785,-0.03452550199822892,-0.04075616878599173,0.0
1.9481735312176638,2.246452996843333,0.17035445295587545,2.8271713071674727,2.5993910302903216,0.9583474612359351,0.7390877735165136,-0.9008279069595148,-0.9980340760494469,0.9266272505841086,-0.2494433592346219,-0.03147232999615445,-0.3919879282356907,-0.1431303961585317,0.12153095358131767,0.0
1.9502285695976647,2.193763202923683,0.16202090381947562,2.7878598696129346,2.5592829333641096,0.9787377273967196,0.7433103847399827,-0.9052042062686363,-1.0975948713461972,1.0583388341735227,-0.21377635158566213,-0.053611365417052526,-0.40856907136908194,-0.08065408428196465,-0.024503220821388158,0.0
1.982052276803351,2.232704937246269,0.09672292635643723,2.7815030105141245,2.6537319138220172,0.9856972925813585,0.831502195307283,-0.8759820187397325,-0.9486728108237827,0.9758885827367202,-0.06991758953143645,-0.10601800125507088,-0.253324633656111,-0.11761890369636527,-0.0298655428865343,0.0
1.9424279750377724,2.1850051934669152,0.08591995842075445,2.775985989731999,2.700453185855617,1.0435744206751691,0.7589820604363836,-0.7871052900842445,-0.9497735100563247,0.9547252418957539,-0.15269345135089646,-0.07222596172188246,-0.23892457858029628,-0.02163212459724853,-0.1266783215590911,0.0
1.9908972035244352,2.1824490574769033,0.07891323417912705,2.8960710191892054,2.517515299002525,1.035223007052981,0.7520586238541377,-0.9561876681614268,-0.9413245357481663,1.0137478475487618,-0.06410546169160464,0.05324846946268665,-0.17425239823163075,-0.0027757589277936923,-0.1866305533381718,0.0
2.0921836255184623,2.1386166879359982,0.1290719426682446,2.8853017616273204,2.7568883315591757,1.0600647064238957,0.7412212407530634,-0.8369445826141119,-0.9893861590524741,0.9703057419132886,-0.2646581045374273,0.048225341571929536,-0.21188940785319282,0.1588928918435563,-0.12113013674293929,0.0
1.934181475138845,2.2699485295938664,0.1305377641910976,2.809235928253379,2.6996868679398434,1.0564555727023652,0.7960277073861493,-0.7545445132670944,-1.0061845299125975,1.0049645309806359,-0.04009077169281555,0.03346548425619641,-0.21087652975656468,0.16628955937641782,-0.25493247820849246,0.0
2.0247351547719,2.172462568074089,0.18097646572946943,2.846355835266977,2.7763686382093486,0.9664482838358589,0.7293144971235376,-0.7412942502274237,-0.8920399072771278,0.897798242911153,-0.07948543640923955,0.01815802230116386,-0.18409413347451284,0.1754569669079641,-0.08643070974005895,0.0
1.8782795515854813,2.1579688835268014,0.1979575643982168,2.865850397360943,2.630914653568817,0.9992693416491604,0.8281847051005164,-0.8573669724182031,-0.9976474664466055,0.9500121662983926,-0.009452794056671557,0.1819161567470255,-0.17309406540432667,0.14432378849581878,-0.053074726617399676,0.0
2.015662830050233,2.274151712662634,0.18874850307704122,2.889390156575506,2.6502380331456523,0.9698767832309809,0.7456368919162017,-0.8610855857024808,-0.9711969915165547,0.9873593961795561,-0.0915906203570919,0.24848103086258694,-0.031300345360685836,-0.14142058672749253,-0.027191906861153033,0.0
1.9673797502548491,2.243149184810273,0.07587293536767149,2.9404267550254435,2.726217007990418,0.9776283435016622,0.9618919645755653,-0.7917696930443112,-0.9993736378299956,0.9573416957641105,-0.2079719847655636,0.2255543118497833,-0.142133275879903,-0.2116823319098844,-0.06241168373993131,0.0
1.9587674305545089,2.2764277947288836,0.12114645163270826,2.853512887935976,2.7485143663307507,0.9211478632452187,0.9761835385032491,-0.8055392035572496,-0.9467124165235847,0.9531073949535677,-0.10852569241375196,0.05612210727791046,-0.23539160695297903,-0.09626127321453115,-0.09533733465912447,0.0
1.9268270110128263,2.257342516243595,0.2399688309358023,2.928156663818269,2.6955119570658734,0.9380628160256235,0.8479423610874698,-0.7708417621123187,-0.9648608530361982,0.9571920466995298,-0.14564408871639287,0.09145772904076237,-0.11194473974004358,0.13255909822753426,-0.14081704051557262,0.0
2.038158665020133,2.387457757258393,0.1499666042214527,2.8261247503786167,2.7162462599780497,0.9934373671273048,0.7817453069087839,-0.7691643898715995,-0.8990900552379237,0.9598979689871213,-0.12020803219231928,0.15079558826332445,0.03398104809159286,0.03595983836366019,-0.08859590182890438,0.0
1.9723081986336501,2.210628515316755,0.08890294562312971,2.8129301938672864,2.7423256616458427,1.025102346620007,0.7944418106277761,-0.7036983851588775,-0.9631901758591026,0.9409865177237484,-0.12964942908578309,0.33045135898403133,-0.1104522081729644,-0.10681008759390362,-0.08398330534869672,0.0
2.012724232867911,2.0979327693122842,0.20636719677837753,2.9160736415014608,2.7847134498101225,0.9497848243449597,0.8335556755665959,-0.7759077825509284,-0.8921459046819353,0.9238302317372373,-0.2013323172825264,0.01528382090167385,-0.07652573189283006,0.011387190347427176,-0.0780754843899886,0.0
1.9779905102545001,2.2523647988814086,0.11981971372075045,2.8696169439655934,2.714779512469182,1.0516993187005423,0.862276177723044,-0.7212515449748027,-0.9077056951683197,0.9106801654774255,-0.16798030737126515,-0.15282803642936985,-0.0815653754524349,0.022021328777689853,-0.10808388293223402,0.0
2.0748816466122646,2.3259427550643115,0.1599549071188743,2.8710110954245955,2.7682772245330978,0.9122424611440232,0.8855505141229285,-0.8352025336511348,-0.9221623263215293,0.823405232045376,-0.1007782578674856,-0.1932879407625123,0.06278681967897873,0.13937970875381903,-0.09617806855117486,0.0
2.000590690769397,2.1744107340585384,0.17422380292255993,3.011785909995107,2.7419470546869524,0.9766024149643654,0.9071150991245817,-0.7533304846159805,-0.9174537951646082,0.8985899555211436,-0.05773552759961075,-0.17734930829014564,-0.10286022562724795,0.05403183577164487,-0.10063713831323658,0.0
1.9235338617250501,2.264597322008805,0.23853086596773793,2.942085320923677,2.7847081785192507,0.8767096410670244,0.8097560622244452,-0.6886324998866525,-0.9139345212108606,0.9484176741404481,0.059354324143378955,-0.09115286955260193,-0.12503613198547123,-0.21164441795368305,-0.205857582288399,0.0
2.073323725966925,2.363150309881346,0.13552553126665107,2.957466934069047,2.7574829990020358,0.9069526571604309,0.8521956795351481,-0.6990450352415596,-0.9171998044491438,0.8367533631994738,0.22159910593774326,-0.2821214965100474,-0.05115693454703131,-0.13700050280335424,-0.39334177363461775,0.0
2.064126384691606,2.2358180279352204,0.17751780368687942,2.8879522187191538,2.6364494741246927,0.8949129244058794,0.9086652653787765,-0.7696206737451068,-0.9400445164944731,0.819701187523798,0.10633943719977473,-0.19467613048310167,-0.13373594471508837,-0.18570743642459042,-0.24899794369158074,0.0
1.982732741811701,2.2147952843833103,0.07690287424759754,2.943242610076492,2.7022044817080944,0.905837337546403,0.8610378849788279,-0.7130763798164722,-0.8962690619244792,0.850534025680972,-0.05066179087908371,-0.24726157691944128,-0.10195051653352989,-0.1206016066179342,-0.16256312365406317,0.0
2.0424069465488497,2.226908783679357,0.191723155962814,2.987548232476366,2.69161609062203,0.9011606806971887,0.8748649125965291,-0.6719264321354553,-0.8133414327716562,0.8858391417092562,0.06665331093212512,-0.02643633621289998,-0.10768178376034347,-0.035472321867847365,-0.31291696836365995,0.0
2.104063986792009,2.2952124465552113,0.20145168780878078,2.9664788011063417,2.7508576488739696,0.8643187452677757,0.8207029946485875,-0.7291470761384631,-0.9189680506605474,0.9536436650631812,0.06992926714842868,-0.09790471655350029,-0.28597525983770716,0.09962082909280125,-0.21675143266758629,0.0
2.0091947656924227,2.3940521925699443,0.18667372850835268,2.9410222294669137,2.6850657752751816,0.9542382133550846,0.8920361494864782,-0.6185973373147862,-0.8719630536495362,0.8457909561633663,-0.0051483227911962096,-0.30090904754272557,-0.3399718028332617,0.22508258381788693,-0.2549505007050334,0.0
2.0553338595628055,2.2610871516687787,0.0611891808291635,2.913584314302555,2.7757868819119853,0.8404261502385022,0.907250913676215,-0.6099423291733479,-0.7426236720672981,0.8608955267203139,-0.048142466133836014,-0.23034450768740228,-0.4980232354104035,0.15620611855570862,-0.3137597010225761,0.0
2.1120722562677927,2.31156219151529,0.12379586201903954,3.0038807399294267,2.7642547017767174,0.9920069571355832,1.0396657572666295,-0.6621682911608717,-0.8054207328548374,0.8221442430825445,-0.05580615519761219,-0.23642085883760625,-0.5084774204733378,0.0807120581119388,-0.23091475395114905,0.0
2.083372828310991,2.3408766291187377,0.23644755439789758,2.996861467357311,2.7786911076466727,1.0068484741736143,0.9647637402391547,-0.5253102904352176,-0.8671955634898666,0.7321463092771041,-0.12973495166844012,-0.20279065035493787,-0.5300356417045774,-0.01670882495810455,-0.17905434552858357,0.0
2.2444496157134135,2.271444324424388,0.192138717098825,2.9286201945536656,2.7290106866847137,0.9050525491313998,0.941211740161417,-0.5973508447271035,-0.8290719883240295,0.8077928148998031,-0.025877051200305645,-0.11324425352881563,-0.5277646599253285,-0.01964903552981615,-0.35869312602473125,0.0
2.0341236302980565,2.2609691124932807,0.20095264682318204,2.9478005426162217,2.7615044782007914,0.8634855750939552,0.8985607816700057,-0.5751794493410811,-0.8635631251954301,0.7518666521785602,-0.013349774898809376,-0.12404080720525948,-0.5504219235853769,-0.06520490286314495,-0.42065139881991637,0.0
2.0628717351037436,2.3286130554666022,0.15832905482337672,2.9645088975878457,2.825350592227879,0.8286335444676806,1.033843422266868,-0.5800417677962172,-0.803939793625825,0.702926886285493,-0.17145060882020005,0.0016967191748749055,-0.45059503175566534,0.11563942818246478,-0.38421325301356474,0.0
2.0486200061322712,2.262721686797676,0.10189660142434274,2.907420000794589,2.6863287763962234,0.8975022350798136,0.9021991826327845,-0.6700630969665711,-0.749385597893798,0.7032568590597595,-0.23823488082738287,-0.1249785043021782,-0.36232926226436424,0.2088799295246141,-0.30170440942448745,0.0
2.0891921395863777,2.259423355869082,0.13677574018513192,2.9887593878403766,2.819559750309877,0.8687360352891655,0.9678103719000407,-0.48731347475805126,-0.859786460361238,0.7105154457545297,-0.22927925049257736,-0.018713043161812257,-0.3014970543312835,0.10340558876549387,-0.20192082811628703,0.0
2.1057210067989796,2.289901564162276,0.17414445190108682,2.9973343831591284,2.765466497637704,0.8024194881853489,0.8652624059880055,-0.5112481713639309,-0.8525498206185534,0.747721886507982,-0.09144752790017054,0.037142994125179817,-0.27648668467640336,0.10078175755561204,-0.14504412734964567,0.0
2.1890977211566174,2.302432718227132,0.16846540636372911,3.0221423783872075,2.715481024167792,0.8552286814925768,0.9384142648642972,-0.4897349277741381,-0.8430503762239615,0.7075737101372405,-0.024772428322642016,0.0746707106656782,-0.3206387677497485,0.017375861918798946,-0.13513290282593968,0.0
2.1139195077153574,2.3007174282088028,0.16816764603531964,2.867453705330607,2.809079005403624,0.782423489049788,0.9330879684588537,-0.48585678005047717,-0.8062687345392672,0.6465340440798578,-0.030225350214465114,0.049449654725700475,-0.29106448472640256,0.27010757754729586,-0.0805689006024239,0.0
2.1312824759558637,2.209225799396302,0.16477427497771133,2.925740630951265,2.7260907863874704,0.8673266273497083,0.9830840249971061,-0.5257548505837111,-0.8559292106704723,0.6139750382620408,-0.06716795112034152,0.14283921429855073,-0.2048055998670678,0.24620304637022686,0.03057098442933409,0.0
2.034205069822554,2.272001338708576,0.22630657882526856,2.9574011277049497,2.6818428165722015,0.670433997820671,1.0670185039075344,-0.5045869322886918,-0.8207099748565512,0.6698450174444321,-0.021615022622197493,0.09057868387318774,0.01347448850029992,0.22347733155105842,-0.03972013847908387,0.0
1.979945526601547,2.3067103585049664,0.19270514120496227,2.9696661012908687,2.800758216631734,0.8805482380485934,0.932030094992901,-0.39043319367764684,-0.7810490189684561,0.55910979517208,0.04980688469671499,0.19072730115823025,0.08065123064634445,0.35355925607170585,-0.011672615625806824,0.0
2.0625022433006452,2.2729458878422366,0.19967425813443251,2.9666048674103362,2.766752286421866,0.8655698059239282,1.0350321276212295,-0.4663632212602659,-0.7244121345849776,0.630457923751886,0.13077902025451724,-0.0024057793896813395,0.07164656572998697,0.19471995103729955,0.01302698528562069,0.0
2.045908515851956,2.3577997288583026,0.15143486961841504,3.0145418602923297,2.738922555063427,0.8808502710200988,1.042931465118902,-0.42551608369141997,-0.7064679803825765,0.6491644646854066,0.10434023395760912,-0.07736872955842608,-0.11052347227494456,0.2830411593791533,0.029789721438817345,0.0
2.150162890069927,2.3338601735125915,0.15408962419546224,3.03665651099947,2.6923987521811883,0.7858249800109725,0.9244070685458425,-0.3945797852408824,-0.7577751891481904,0.6059917401540631,-0.15498666963520197,0.07433450426009296,-0.1743600912736201,0.23205963668155374,-0.02224023906764599,0.0
2.1259337846353312,2.3622482066011137,0.15500988647045044,2.9480465073356172,2.734837401774149,0.7212540805120782,1.0484662794803212,-0.36718423886712764,-0.7260127796819853,0.5740738543173237,-0.09534718062132123,0.16492969047730105,-0.21893668261392035,0.01850726272573569,-0.08891135484645063,0.0
2.0886143213053874,2.3402503339267393,0.15940464558523343,3.0380771108200317,2.807324736709433,0.8116579527801834,1.028334331825327,-0.4222049437620914,-0.7058033363651841,0.4869473945691107,-0.11980095935580963,0.037411720007015606,-0.20207449014574255,-0.0028344083818653207,-0.015090051023455467,0.0
2.1174844823775656,2.447909517856631,0.13989523095726086,3.061661604990866,2.8615917590009396,0.7547188257821963,1.0052407825847338,-0.42721420805309623,-0.7051951911848404,0.5257306532456695,-0.13445667999023708,-0.0729976530954575,-0.27962337635658097,-0.17061188345363207,0.07119234421096882,0.0
2.1525804947959775,2.3046193145634932,0.2877021326905847,2.968915539490238,2.8325116707740166,0.7874447011533452,1.0296430699532402,-0.3280103327797953,-0.7240842226746358,0.5809630873739126,-0.035041873058112474,-0.09679191143390631,-0.124687062953753,-0.06520403757500916,0.1969576883805063,0.0
2.094281991348807,2.337733156035438,0.2863179912714986,2.9613817935291675,2.8167702241838604,0.7633973524421985,1.0278054329304132,-0.37508427664390276,-0.6631523209480076,0.6259032735560752,0.10054920242106535,-0.047159995845360514,-0.15907284678713726,-0.028779620290151926,0.20656301197300006,0.0
2.0870721600849795,2.3363542133389523,0.2792823929391313,2.970112836375187,2.851312303673161,0.7114384886950361,0.959065482510042,-0.3227471840599849,-0.6533771278252377,0.524089776367027,-0.028106423249161128,-0.20321614437417224,-0.09215933765147255,-0.07392344407396911,0.3206929406789283,0.0
2.0706231325402893,2.2851981173791134,0.17933320299661296,2.92254256160483,2.7979015905887543,0.7422225408234505,0.9617797643991306,-0.3850108936813097,-0.6872191596659325,0.5337906275916369,0.05813732594409177,-0.2215343334308108,-0.2797404226425326,0.08061912165446647,0.35586611041475325,0.0
2.0616280856734464,2.32254907838832,0.17421083851453095,3.080643341120446,2.8126579129915017,0.6943683539639929,0.9600699552293728,-0.2770663834787023,-0.671973270596783,0.4259743863034826,0.13287483598655916,-0.18168751422683357,-0.19348468634788735,-0.010956354572208282,0.2717889240749469,0.0
2.139905311887497,2.3538103183385877,0.20811414992596555,3.0102015466196788,2.860325363272879,0.7765833651298413,0.9865075571972265,-0.28844658443466226,-0.5584321910171514,0.37258287144625407,0.20348057498968208,-0.19324796785835435,-0.12143315594358356,0.07477333600148987,0.18845849160986056,0.0
2.1019621509872763,2.3116986093406697,0.16542725038864653,3.0933301851804935,2.8863690325283784,0.7184539593390713,0.9575634608548549,-0.3184406524835795,-0.6263065355022492,0.4256116701265924,0.12185802426526005,-0.07555568063717354,-0.14086313667787742,-0.09582656122247009,0.262012204450466,0.0
2.184788650502176,2.3120847772291033,0.22896458184263369,3.1270984945062805,2.7870872934066218,0.7304258735353065,0.9718572827499279,-0.29160735414248146,-0.6223232331510541,0.4991910618780938,0.1844005025565052,-0.02037319763243024,-0.26023080538197674,0.04228688282418441,0.03163773274563356,0.0
2.157016552939669,2.3389341174242313,0.21016327396422693,3.030776173028195,2.824592141587316,0.7338963844359563,0.9886219796611175,-0.2729444309325144,-0.6032583790040941,0.3856492437310215,0.273001152672836,0.06423327974220973,-0.33675593962259404,-0.006759884459846301,0.04599222294289006,0.0
2.1592264253802402,2.3616180691546433,0.1813870649454478,3.076668852237888,2.8145455785654403,0.8016881646040379,1.0620901679185322,-0.2282218187301635,-0.573503703970972,0.4018506588748895,0.16390837693879093,-0.08980607041062325,-0.24228347317905372,0.032722996862281695,0.04186144747117618,0.0
2.158625023987686,2.5491738550367224,0.13331809803910935,3.0638222291623762,2.746459873503743,0.7046006782828346,1.041061627978984,-0.26990075926877033,-0.6015440188849013,0.38342881664498957,0.3331655525470837,-0.11373483851210425,-0.1447912174911653,0.10024010483658469,-0.009959807461114044,0.0
2.1504951785271866,2.412155468680272,0.08635740408549002,2.9733809612654123,2.8945397003736595,0.687169723923411,1.0029649640686003,-0.17243755302765407,-0.6324186998129442,0.3307210593383854,0.22696945134035768,-0.1731335058204393,-0.17335977377947584,-0.015431180585732715,0.20992113915676208,0.0
2.155384770191908,2.45245192299418,0.16324742948507326,3.132642591063267,2.7798556191414194,0.6729579462040296,0.9815033385026232,-0.17167399035806918,-0.5527171088020693,0.31142307672905045,0.15987978749072732,-0.1870896754752972,-0.27014136084494433,-0.0830879316402344,0.1365495156950097,0.0
2.060307480181602,2.3915432804340044,0.1779442759742611,3.0432185936801153,2.8185712710448976,0.6813986720872119,0.980331998963147,-0.1288051469123972,-0.5274202949533053,0.2847790483001015,0.22526573324621776,-0.12711688210258457,-0.011755322452576267,-0.07324857074864033,0.051174688202307514,0.0
2.148680253106565,2.378687918534155,0.09791972741403894,3.0985514256926927,2.856509480420235,0.6881929269211242,1.0032519580158483,-0.15143931826038604,-0.5976418972976533,0.2721450409837663,0.11418534685714707,0.012644099195644617,-0.1688037557987712,-0.29623873937948625,0.029445269497277465,0.0
2.1664595815188843,2.361462926837852,0.24754685194106513,3.144155142373581,2.9000227074327922,0.7201924519762081,1.0108983619211402,-0.04899450244979582,-0.53483271961881,0.16472912958998664,-0.03906329222963084,-0.050967108169042825,-0.14844029813710197,-0.30187756835341584,-0.038357918457609205,0.0
2.127153699073532,2.3554064055626305,0.26471115500758136,3.0909095684604315,2.8767375132692394,0.600734632223304,1.0243358639439168,-0.08894564001634214,-0.5180790729019099,0.34046151028518623,-0.113337278920707,0.1736047100096642,-0.014883466294152742,-0.38161130215277383,-0.09040425771573934,0.0
2.1790256620412087,2.4273909176450355,0.14989395743152056,3.046529604629478,2.879099420130239,0.6624571985462012,1.0945770591482489,-0.0627693472537794,-0.4341592740285488,0.19030371798072884,-0.032338074243124425,0.15029683035487434,-0.04606312455404865,-0.3080838074918242,-0.03628024442031778,0.0
2.1075849612474387,2.449661896225745,0.19418804382390667,3.1465056364868715,2.855990898530028,0.570107266175393,1.050574834796106,-0.04371183596633439,-0.4601094579984765,0.2882357382474571,0.043904581581701504,0.05614632450995499,-0.12046834746850821,-0.32783311919093966,-0.08138245092129359,0.0
2.2831823380324576,2.4778722357606147,0.16533263334145076,3.018890528745426,2.8680325212161666,0.6125395858800063,1.0520068973903536,-0.11157344434845869,-0.4515573787265928,0.1792774897348902,0.06657784698598265,0.043599002496103614,-0.1271356936389128,-0.384835197734958,-0.078247198687094,0.0
2.2023594484102165,2.3358784851081675,0.28782925315122265,3.0893577550988525,2.9076009972060284,0.5774182361944461,1.0367010868665452,-0.049789811727723905,-0.45626941701317275,0.19914890097428437,-0.04786368744105976,0.015336005894367311,-0.17436858920924148,-0.28450822909393014,-0.0234090645307852,0.0
2.2852296750913537,2.432390836364432,0.13731036225087836,3.1110534196684267,2.872912608134783,0.5233914040488465,0.9856914857016684,-0.05007550687773155,-0.4500238325899319,0.1546666799372147,-0.07512986897946516,-0.1019502809462276,-0.031345025593583084,-0.2726658720907094,-0.047153033702826,0.0
2.1187427589402477,2.4718639257062343,0.30080025773262636,3.1295283999571737,2.9027526393414127,0.5087053218437666,1.0323046575971144,-0.04378414988440116,-0.37986021967670697,0.16337255939616946,-0.18856851034650488,-0.023262677398663195,-0.08164788283827934,-0.18831594295753012,-0.14097334058913302,0.0
2.2074292156397703,2.506386669166028,0.1315750640665918,3.174988928460624,2.809278760529969,0.5590461370958008,1.0548497102338321,0.06996375747573691,-0.36998740345424563,0.10493972035741214,-0.2056933018092717,-0.08879082868801758,-0.03567513225324309,-0.052722849381048695,-0.24844085851926206,0.0
2.080259648068618,2.380819563422014,0.18201532821362063,3.1174476129240154,2.8976142668931026,0.5975634670292028,1.0180379259095367,-0.046966855673821965,-0.3528236080839444,0.03685801694282473,0.0041662196083822045,0.016053806804045473,0.03747772374896775,-0.07203631363883217,-0.3726484096951924,0.0
2.109670064681707,2.4240824597687713,0.18658368444223086,3.096107274329158,2.877378243316418,0.49242455534861845,0.9785019010370359,0.06960850454713977,-0.2776928912574051,0.07689114553850925,0.0016018386267812555,-0.13180525756039313,-0.0014720831342251092,0.08737900084318934,-0.34735948599029864,0.0
2.114497973637374,2.4263465084263545,0.12661807147872983,3.0943989112157855,2.825166113353961,0.5370446857766625,0.9539847024529925,0.1457549835006264,-0.35138885144135745,0.08432532642135832,0.24731986677473083,0.13763721920523603,-0.11424307441598118,0.308358200028947,-0.20933004951477924,0.0
2.1833818401063656,2.4308701898217544,0.2346160470646445,3.099208426310934,2.8589060732704437,0.4308629784963415,1.0968380731237066,0.03778454605833415,-0.3902024125244182,0.08696891866868109,0.171057591835106,0.1782158674186911,-0.0899712423489302,0.2664803144921869,-0.12409955713710419,0.0
2.209435774695151,2.253515779038822,0.06499013957426522,3.0831042323245086,3.030376069628485,0.5436457650947135,0.9627976705078543,0.11851122632276585,-0.31873930700624553,0.051898322939977315,0.26822197643891466,0.16529818772409954,-0.07176897669461453,0.3188507188518849,-0.10698291612414135,0.0
2.2089951660375093,2.515158044856842,0.2252850697556287,3.057512056222826,2.8812578192406946,0.5811493489109971,0.9322627428246603,0.12906275539740186,-0.34332685306469934,0.021738847886277547,0.04400567286404719,-0.017331584523532867,0.01396762225174445,0.3670844549523545,-0.09525663951092188,0.0
2.1267585720132796,2.3860760589663927,0.19299669989420015,3.0995477175993957,2.9178976765112723,0.45499551991471726,0.9935832480573004,0.04792204409268932,-0.3173782975155496,-0.01933545950321234,-0.025065813082124862,0.06754427727998247,0.07318829576372321,0.34959313254521673,-0.13547991613822152,0.0
2.2510028205624466,2.473748754830234,0.20601706044827062,3.0619847441341084,2.876784879267702,0.6086674016740131,0.9274439468494009,0.14209610239628978,-0.34499424189354566,-0.06755522592756079,-0.11475292416444688,0.10847951955054569,0.0527715148459727,0.34363986884413683,-0.17730338373142684,0.0
2.117051478008677,2.416508455095777,0.2516792581056224,3.1372781532844787,2.867058244512918,0.4041768438647272,0.9856535993693316,0.0825887938006798,-0.22898544013630265,-0.0710814801094309,-0.21044297388276473,0.20710632181595884,-0.044869940088411234,0.18357536767302257,-0.2775630435813051,0.0
2.263134927686572,2.4372447330066267,0.2504069039627862,3.0651195979468446,2.9244236564028934,0.4296898752595975,0.9553333790332996,0.17350438013554498,-0.31319022467941765,-0.030680195219436115,-0.14453816893984142,0.11197156689365588,0.10093218206307389,0.10615500250909116,-0.38439201515912114,0.0
2.1905342506709147,2.45162302094409,0.19468044944904178,3.0716149400925867,2.901973267950765,0.3747059692734124,0.9988881004075876,0.14789598496143805,-0.282338176028517,-0.07113926992215375,-0.16718955202664035,0.2827405968143414,0.14848991442853404,0.15580331298860156,-0.22043020206597286,0.0
2.187809842234363,2.436922770982347,0.09937413229008868,3.172213515696525,2.9556988271741376,0.40598521763352513,0.9785690141760012,0.17718437991622782,-0.29228472443586356,-0.0490986171087487,-0.24003279203191014,0.24099370945571963,0.1673090697999068,0.12920276156016466,-0.10661032750330908,0.0
2.1909875305299384,2.528900409070459,0.24915129547656661,3.112940211555008,2.860029682822011,0.3818566640846398,0.9093489609260722,0.18521104700047106,-0.2974446009983825,-0.04462236739623779,-0.21050112433128051,0.058705584476687334,0.22211333665875893,0.17892291275732664,-0.23611182935240038,0.0
