Channel_0,Channel_1,Channel_2,Channel_3,Channel_4,Channel_5,Channel_6,Channel_7,Channel_8,Channel_9,Channel_10,Channel_11,Channel_12,Channel_13,Channel_14,Label
-0.1057319922157382,0.046452235502995605,-0.07330988318065561,0.06086487614358304,-0.03014950014118456,-0.5766302858113597,-0.9792165981888798,-1.0120284401586268,0.9820523059560098,0.13188742299300335,0.0,0.0,0.0,0.0,0.0,0.0
-0.10703510807789676,-0.030374333805714512,-0.024648761126476022,0.011650113002910755,-0.07013281320373649,-0.6622769939978996,-1.0552671434031649,-1.0517796352685642,0.9841608535496252,0.1554265646513471,-0.1184594549863049,-0.02307050149837318,0.04664666501796464,-0.046273667922555405,0.00503545725176729,0.0
0.027646097611472714,0.04226313682437471,-0.005265901676792984,-0.031612192176772705,-0.04637899308882573,-0.5473680721875775,-0.9002830159245567,-1.0154947106428809,0.9926722264234438,0.07731480196474076,-0.09493572313309868,0.042764090280735106,-0.03226458179082396,-0.04952899180842435,-0.05866149751677249,0.0
-0.08475132096343593,-0.049582373884020994,-0.038039382429256204,0.022808074253302807,-0.04604028218009646,-0.5995966637053044,-0.9976190497179716,-0.908241112117022,1.000266201069621,0.10105080127355687,-0.020975993651523764,0.12149715865926251,-0.0023009327195717445,-0.09773477942157117,-0.12901128026750916,0.0
-0.028586857363723822,0.03490888338414191,-0.06019894647705875,-0.01055866387268161,0.034351829339310865,-0.459432512908438,-0.9577375109110546,-0.9757437243852626,1.0405008852972537,0.13599471620729747,-0.14756487204199328,0.007516798751112594,-0.027171608162929867,-0.11297204202100164,-0.27741173670572505,0.0
-0.01764447254562028,-0.00255315395054449,-0.03622473721582935,-0.116153028081068,0.05422629600698156,-0.4465591554398884,-0.9869102572521429,-0.9678607526014265,0.9214094806653996,0.12705267444626311,-0.12087883077531857,0.029923233590818527,-0.20565426852853055,-0.07176417188020329,-0.2261641787618743,0.0
-0.03152295431310594,0.021377080597386685,0.034527426149339936,-0.008250730333343921,-0.05314333550545348,-0.615540118959838,-0.9397803985717748,-1.005197529343394,0.9246213877608341,0.12942617110685667,-0.18646399366477379,0.08567760063671738,-0.34110798185945995,-0.12997313909281138,-0.3032460735521169,0.0
-0.0018223960193064648,0.01274952340625564,0.017400180866428118,-0.0427846679748799,0.014125947385222208,-0.47653975936685306,-1.0205009465346129,-0.9717061591153263,0.9235790736371142,0.062463040313164526,-0.1200604840711334,-0.013484997345080761,-0.2262872332071902,-0.060797044472514127,-0.5304159767175215,0.0
-0.051800902290048134,-0.013636822159373604,-0.042025498016987434,-0.03369913690805993,0.02812191409367324,-0.5157348068309905,-0.8533585340043899,-0.9918494878712403,1.0029669456036252,0.07536234879663818,-0.0335314538813436,-0.00023031685822361495,0.03826092715825924,0.03960447116742547,-0.36929681332816067,0.0
-0.06079664989289864,-0.05623110737360913,-0.05717385767437244,0.011354880882952464,-0.029070165765609814,-0.5416468651591304,-0.9200616968316152,-0.9379848720016197,1.0280414960801323,0.12908395500825964,0.04996243081467096,0.044534127672319644,0.021462708477071886,0.15863514775905324,-0.3291016610099146,0.0
-0.013067903173062289,-0.049133986760506176,0.05300181092835659,0.10765413289284201,-0.028353267137155063,-0.4825063703579255,-0.9161551356784057,-0.9707557978831169,1.0388146612827591,0.02972778477756823,0.020140324208168976,0.07289483488025511,0.02416762802750054,0.056757797486303496,-0.3014844787342216,0.0
0.039745074970676024,0.07548163025503524,-0.030088730951644833,-0.007972284152743266,0.03576454320273475,-0.41636403890007606,-0.9805195757495508,-1.0563146326708557,1.0435092385847613,3.53815636501241e-05,0.1495187995295954,-0.08893742480996203,0.12813987729894202,-0.015014163092502142,-0.33997211832465113,0.0
-0.0690871779201805,-0.0005413067476153057,-0.016013441084181075,0.032854985275480024,0.03407683804134035,-0.38104239205859647,-0.9061927559106444,-1.0925777059276094,0.9917337137627541,-0.06120328480437083,0.025149518534345924,-0.1271799678931926,0.15181851586763995,-0.08311258460875877,-0.1750125476313351,0.0
0.0545064579717142,0.0037639659141005485,0.043704166798790536,0.13343879829606228,-0.04188014882194604,-0.4455499237821523,-1.0046801306125908,-1.0869582078799478,0.9739309412545212,-0.08463298621996666,0.04431669320550082,-0.28987226745032113,0.21675243973236125,-0.09443242557312263,-0.3163946567295149,0.0
0.08696051929898971,-0.046237049650189085,-0.031967671575934095,0.04597488670852508,-0.0784005591102325,-0.5103757980693351,-0.9822663257009722,-1.0425275970394323,1.0602508910718431,0.03320179118779073,0.2020885719426843,-0.26925639074118535,0.18842679223441997,-0.09642977674946628,-0.33959274389595107,0.0
0.04183638697794015,0.01771773424554559,-0.08971125659693606,-0.06265703399728001,-0.019575912399549558,-0.5332751980632023,-0.9197255107383999,-1.0327671767671005,1.0051719349223835,-0.0027346597766767806,0.024747404659845096,-0.011164057960928286,0.16604619262987877,-0.1539299232114617,-0.45075061505554415,0.0
-0.02165700458177199,0.1619591124099746,0.06632143716737562,-0.025914515827011066,0.05261816704153578,-0.39111609055029267,-0.957361034585219,-0.9888102146680275,0.9879297398508425,-0.045030173450371684,0.07735966358721033,-0.034670000005297,0.07461110835101303,-0.1297980683324136,-0.23747295383564074,0.0
-0.04871574078791569,0.032769179875548594,-0.05579989733439382,0.02526402703054982,-0.03278496234813182,-0.3723751670345576,-0.9510829252560209,-1.0149437489509516,0.9474984504619481,-0.06033699150900308,0.10556641197320316,-0.0769316390228316,0.19573898183933092,-0.15282771060542383,-0.06291369798367363,0.0
-0.028503576197442634,-0.02799259596419306,-0.03374211790742606,0.04726272952719722,0.09181953944121192,-0.39198626029802985,-0.9575570251805514,-1.0116527414601717,0.9064363931215307,-0.09315120156142795,0.1246941230157734,0.05566028593291602,0.09548579576490202,-0.3079657899511228,-0.07540858272650464,0.0
0.05893707436569694,0.048511797215212635,-0.046583785749987734,-0.021752539950000822,-0.013044482215828443,-0.401836180755082,-0.9178843573082023,-1.002585821100568,0.9657094251635654,0.0198319172474377,0.10027457071009663,0.0031931276359402766,-0.015442536632367762,-0.3049937544974177,-0.19152372365628423,0.0
0.044429104695831174,0.049086230798128926,0.04664236796763532,0.022105411933038544,-0.055378957594804185,-0.39573391127212626,-0.8574600386110183,-0.9761422215680234,1.025546521986052,-0.10514244092811319,0.24333302293219145,-0.15322018306915694,-0.1002623242635699,-0.15484363381336524,-0.2483934029690399,0.0
-0.018688500068991816,-0.07128567761659534,0.03742156474677287,-0.06923599137952027,-0.00593646088009984,-0.44418582733120154,-0.9165336834992182,-0.9471634181443611,0.9962405769600561,-0.1320848448165124,0.06591454843151144,-0.2620738077141357,-0.0869216909490565,-0.25646291692906176,-0.28909597644139917,0.0
0.017017337465180516,0.01648227611856326,-0.04559565472382787,0.035785021505255546,-0.010289990595470326,-0.2872809285550925,-0.924890847715522,-1.0206932401743989,1.0128634948666457,-0.0634996443581014,0.1912319415344909,-0.18666398705459786,-0.1529379956867842,-0.3166803814185408,-0.12613274048540307,0.0
-0.0018242334162386423,0.001602967920842949,-0.00011846599151901782,-0.06054214933523642,-0.07033097481693854,-0.32580349466039,-0.8925533669789676,-0.9770952811575072,0.9354364569233456,-0.13266853565929546,0.09160462070610444,-0.09726194316144096,-0.16803190344900018,-0.4812564410716821,-0.10192931213527981,0.0
0.007933059654398784,-0.03689407009362962,0.013715059478749164,-0.01260454694010585,-0.15136126341487202,-0.2774467736741044,-0.8205631402397804,-1.0346199818733215,0.9336858717622828,-0.16853048101308415,-0.011622907948866702,0.024403886701110683,-0.08320948366248682,-0.5488700622524103,-0.028571019998663225,0.0
0.13969556425720442,0.07814145213285292,-0.04385646758473474,-0.05908402862298299,-0.0034726408130360455,-0.3138859756923439,-0.9641391727400278,-1.0762828329082323,0.9137372251310089,-0.19972768110680472,-0.041417162530212104,0.11011514514558936,0.013263697074580569,-0.4400974329624856,0.1339670206986546,0.0
0.01965532349543532,0.024703840709902204,0.002475266732561248,0.06914064713451107,0.1224463630318577,-0.2692211440970899,-0.902758558387515,-1.052048041411874,0.9636331288971751,-0.09849722720773132,0.026409104439090853,0.03387984687687179,-0.025350149944663287,-0.4358167000003943,0.18201775305936252,0.0
0.001062352141188945,0.06576636318012118,0.052492372447543616,0.02505043723228072,0.0261343277165018,-0.27972537933777,-0.9301637132255842,-0.9836696697606377,0.9460581274611476,-0.021328791142308776,0.1311171724055593,-0.018373675716878497,-0.105310315957359,-0.35385415910513124,0.09914818104354581,0.0
0.07218408944201896,0.07890112364699409,0.09021602912402708,0.02097729118285905,0.03507009152789652,-0.2928479803966159,-0.9043580528358468,-1.0197346360614716,0.9962043228820938,-0.06259811304240702,0.1262976210905043,-0.12704675514857577,-0.05506811786709315,-0.2847574793191241,0.14003300223929455,0.0
0.02262290146573399,-0.028307026100081626,-0.04241287175908878,0.015592530283345198,-0.025816288659868698,-0.2909336861861434,-0.8202668034343007,-0.8916998767604901,0.9852074953870423,-0.11715737066285684,-0.007594414617893064,0.061471668195598364,0.053787954125405206,-0.07984129247759195,0.26915607212152787,0.0
0.02529461259117514,-0.002212053608329479,-0.15049887131125386,-0.04347312328448681,-0.0030402433525405165,-0.23696040905548943,-0.8701677647456987,-0.9508089742019452,0.9766116154098154,-0.16311335224367865,-0.01646039652789602,-0.11605449639397611,0.2569085083188373,-0.04946186994795007,0.3705008720797883,0.0
0.011014901497902022,0.10152080208209852,0.0036713174785419182,-0.041996112783509024,0.005333021680985002,-0.25313140171810744,-0.8875391043282584,-0.9364033258521309,0.9610140161759111,-0.11055252246326905,0.09089666157111982,-0.028659033152334784,0.185261645924521,0.021809154890205816,0.41144013859130024,0.0
-0.0021974570296139084,-0.06486965948518048,0.08484322800284251,0.024575968284914117,0.03842179568743854,-0.19929502938738752,-0.8829092399359638,-1.0781275689122063,0.9336575157174845,-0.1740473539697586,0.14421779198498386,-0.15466157854532486,0.13017567410892678,0.15297397356558914,0.3221351173552934,0.0
0.009343039807914923,0.12610618595995743,0.008838021220043513,0.02746212035646129,0.03272260498877309,-0.24515756973441372,-0.8525107339094311,-0.9358168551599573,0.9482439432108762,-0.2210485815905617,0.005532066544476202,-0.18652642590986684,0.03993300566742734,0.0845084873440857,0.2795549197797076,0.0
0.05651497838569318,0.04116314742110241,-0.029318577785516612,-0.016619114527805366,-0.012899113069131957,-0.19176233476716845,-0.8852611589627883,-0.9336057255705886,1.0177610746648034,-0.07267524319701232,0.09161485910199428,-0.16464000686924973,0.06388322698157553,-0.01747224708842242,-0.056122605712378315,0.0
0.04463976731257614,0.07893528642824194,-0.12558224846671753,-0.0031210217176033494,-0.019980746806331228,-0.3863934526529925,-0.8660585826622992,-0.9557453960612711,0.8931895681197096,-0.20400446667817532,-0.03790871497441966,-0.2547352718043714,0.2107616260279437,-0.11063470671004644,-0.12135305656754437,0.0
0.01241783739857176,-0.08276424838111184,0.03103258495502962,-0.09818871431344242,-0.03955201177383683,-0.33376166091173004,-0.8599428279333675,-1.0330818867452292,0.8902078243970892,-0.26347572673014036,-0.1106502055279497,-0.11815830549039327,0.2555066009703357,-0.058669882393951205,-0.19554824029178025,0.0
-0.009072567915325742,0.031130624221151017,-0.08735859188042969,-0.006197475727089807,0.04471414119711347,-0.20922894681895501,-0.7476129905441712,-0.9775081027192175,0.7892638439265527,-0.27887082756253057,-0.06532680868764079,0.008228344155825074,0.18738562931706917,0.19492141195348917,-0.0561027367610296,0.0
0.10323861597692277,0.048853428728231466,-0.03275963510734041,0.020723074018049858,-0.03556409557384991,-0.19077524173325686,-0.8539905646957258,-0.9960303668394723,0.9235276887343458,-0.27339352629178293,-0.047179067291590965,0.06227694175432197,0.019662559083720887,0.005807278212025591,0.036828157768112615,0.0
0.00859801599081916,0.020762394080814713,-0.05873696311772098,-0.12382537387695992,0.007053445678551351,-0.13686562004808245,-0.7656092129243874,-1.0278564249242568,0.9001649845322135,-0.23412032924109974,-0.13032416853286308,0.042783244020601005,0.18103279890457827,0.29715453657180807,0.0585039112782131,0.0
0.019373809984557563,0.04471599561935484,0.043530192379961634,0.0012992643676500333,-0.02791245009585778,-0.17753639334477855,-0.9039258042679394,-0.9807975277367748,0.9923389514619138,-0.24163561902141364,-0.055727757097180586,0.15737122546484292,0.059446928933781604,0.2890989251330964,0.03740430582717172,0.0
-0.04347939008262507,0.03424667680326761,-0.042191374541964796,0.04102149405447306,0.038570672873826026,-0.20364927177181633,-0.667725840195511,-0.995485576127793,0.8403869531624666,-0.30456443703913705,-0.15743565656517444,0.07179053441653202,-0.0712321623790741,0.23436102365210656,-0.07345813074583521,0.0
-0.024420810767176115,0.016754014346928428,0.007941829882361522,0.010888759502922006,0.018824208806628853,-0.14509359547675799,-0.7783171071673973,-0.9554200403259615,0.9355762232933255,-0.26956205427552565,0.04696395135804682,0.0892389047190551,-0.09401599410263538,0.14794732271859584,-0.27293236697931383,0.0
-0.029656861674809316,0.04674936242656461,-0.11710688441672923,-0.05046143526877085,-0.028603699923573006,0.01380970729138159,-0.859117962108033,-0.911638406127963,0.8245792773315939,-0.23843867599005839,0.04373020336140753,0.13056549729249645,0.028352411320272844,0.15357974814681158,-0.18297538876905578,0.0
0.07637450938268617,0.07355584434136714,-0.08468211846818899,-0.025300619137064755,0.03862142530382491,-0.0761252063362429,-0.7581590977532411,-1.0358712731869355,0.8614482834625139,-0.27043741159212015,-0.07848577976206968,0.05084939497492323,0.14849036019446224,0.22564616443273378,-0.14663758892740697,0.0
0.02290390960179909,0.07212939388148087,0.006377044610097846,-0.004620563266146508,-0.08018857285923103,-0.12340438382089124,-0.7296792410843849,-0.995938394708092,0.9225748562531432,-0.2883233008290097,-0.15197600435229686,-0.06269952344937493,0.18809991464344814,0.3527135484095071,-0.06532357637865469,0.0
0.05797710059685624,-0.05239333784466517,0.0505834059955347,0.046798633611313825,-0.01272772251464374,-0.1896879584378828,-0.8071680112727578,-0.9511263724055721,0.7951202501762795,-0.2496489695922235,-0.002106415999193978,0.047312514644595,0.1394773723569032,0.49455830188155914,-0.05101231924741668,0.0
-0.012416392892682562,-0.0037672683106366282,-0.00265273865580188,-0.015722687169843062,0.014351229483463316,-0.0828138720980573,-0.8012929064135118,-0.977478257170286,0.9122932995312374,-0.29239593690211285,0.03501148254505034,0.11912278104906673,0.1490594658609891,0.38413141012405294,0.024964160409240203,0.0
0.07705588928074052,0.04872071523651249,-0.03737464672224369,0.018690022243960366,-0.009668438477787212,-0.06665702898471339,-0.7520954258517615,-0.9691570538034273,0.7953054294096158,-0.4049357544199679,0.051335369299200406,0.16443111012991007,0.19964586551626168,0.3612408477786578,0.0466295988538783,0.0
0.04623163929141825,0.13262097403600429,0.10577841202210667,-0.07539038742636786,0.07042111453826065,-0.11187302582812925,-0.7926729620113223,-0.9654826157246651,0.877781378647255,-0.2972304862322551,0.03985936736411607,0.15151605019234082,0.07092994547796773,0.3049684083378788,0.06953306407825688,0.0
-0.01022623864005305,0.028001756404983574,-0.016411014866642423,-0.07717932375015164,-0.052339052035972965,-0.051536847501637395,-0.7484711790831456,-0.9181156131055606,0.8005567584024218,-0.22336860868960162,-0.02785366867871481,0.02591444456656447,0.040141094007095784,0.2145121027038504,-0.0213729735646701,0.0
0.005274319437277353,-0.00997746509238994,-0.040354569753149924,-0.013158931432624154,-0.040839500592308474,-0.145729250551873,-0.6668080717110427,-0.860680553454461,0.7317222478447529,-0.29004270533918813,-0.07163624390753404,-0.09033275802008153,-0.0811125499111128,0.18657205596335363,0.013920374871112612,0.0
0.12015980133868231,0.014002525912369033,-0.02375163650537951,0.0014444607730445657,-0.042355913016298624,-0.07312239206092959,-0.7817782520265442,-0.8638215173704384,0.7994307721694903,-0.3318212284825183,0.018505861652639774,0.000925950755374591,0.1523584908081981,-0.023383709524816387,-0.0009532358719295288,0.0
0.03307005126451417,-0.013222575297403363,0.023633939736190455,0.07335206262911409,-0.0406065660186602,0.011293145231593249,-0.6895335720387897,-1.0376136236119744,0.8344466530219296,-0.40867546873154625,-0.10593241022395185,-0.14992217797692053,-0.04784147259548745,0.04322413913500654,0.20031153582573416,0.0
0.12172043621761026,0.03572584908190969,-0.022622403129441474,-0.061201172610782575,-0.010894911591582153,-0.03420013275529814,-0.8029537070337274,-0.7954738877377261,0.8992328953885493,-0.31248054070653974,-0.09089679832590658,-0.09265994560984493,-0.159409352044608,0.20460194800151177,0.27077644477465357,0.0
0.05569279066126833,0.004057879714488195,-0.027382259452916093,-0.011948943343691946,0.02948764077819055,0.008718911345430567,-0.6424843079530287,-0.8582403553544394,0.7872564692050389,-0.3797163172782593,0.09734612670743062,-0.2500277680730426,-0.09932125877128294,0.127486378179749,-0.014696861602159106,0.0
-0.026411251745398816,0.048717210946377446,-0.07586747755395108,0.020925699467789497,-0.045460476324127495,-0.03202942185533933,-0.745496626596242,-0.9281088070200083,0.781676380195781,-0.313009508613481,-0.12100253107487544,-0.2186414428027562,-0.23317186920019156,-0.06520607710065356,0.006271757067857157,0.0
-0.0003346371763273473,0.09204210517691658,0.069120459358391,-0.04587092944592306,-0.013266609333668586,0.09744063999194451,-0.6916260660210478,-0.9104063464305335,0.7965684197057737,-0.35194919884704384,-0.09267766728135335,-0.15665912814355978,-0.1263481538253223,-0.03892031223104003,0.12163304734357994,0.0
-0.024977277233021594,0.019388628819559366,0.05378929073288301,0.003287751342968815,0.012038160327951589,0.058435764070273385,-0.6605557850700446,-0.8361058658469837,0.7459665836734989,-0.3436951312136392,-0.20400157427987142,-0.2986459451365387,-0.1152286897248122,0.03414440991770628,0.11455088816591905,0.0
0.03742010452372919,-0.10541867604965532,-0.025825458427292395,-0.04784886430150141,0.04027380243276867,-0.02267133246703567,-0.6786943846158431,-0.8960806525631306,0.7578211222478731,-0.3568231189693618,-0.05526197611935886,-0.09897673180268457,-0.02955757049250536,-0.028799019053974403,-0.05378580731839862,0.0
0.06151652677519086,0.005873522892665798,-0.049204182154779647,0.04273921098278066,0.04819271028704646,0.010539289157457998,-0.653904597170088,-0.9332609223254003,0.7631498113950748,-0.3738354217795729,-0.011787215946018916,0.0373668289237684,0.08093779727245624,-0.12190897499210004,-0.25490998548281574,0.0
0.019577746270301136,0.10114593431997271,0.012095441046063762,-0.024633618053904564,-0.0846332217261044,0.07325575467857795,-0.670657887836313,-0.8907814038392414,0.7384098760590906,-0.3230458293556452,-0.00287059739700729,-0.020234309743175468,0.004147631249410769,-0.1895966291613213,-0.349999335803895,0.0
0.00695619574453922,-0.026308706388563356,0.039940104314971525,0.008112556590956607,0.04979727774101463,0.09112566539053443,-0.6575070343171171,-0.9282003639803019,0.768991236862795,-0.3847080290113896,-0.052022512569316365,0.09033601627916713,0.052410741579476276,-0.11677436884941197,-0.16803269502888812,0.0
0.14665758721269237,0.05971137910762576,-0.03939949305258665,0.0023400444956314607,0.005200135166032023,0.10755818765313492,-0.6682690601686232,-0.9665007742028817,0.7202527834858955,-0.41329238990788236,-0.0345230749559548,-0.047779601899910096,-0.12410677557971568,0.027382161121845272,-0.2734717952365019,0.0
0.10011233960341379,0.033739751069642776,-0.012310043874573441,-0.008620484510803102,-0.03709815079868094,0.10363894557768699,-0.6570379710039227,-0.8562131141723311,0.6779723233396241,-0.3891261647816409,0.043594742042995085,0.0760220576474395,-0.08540248725929132,0.011256689757649747,-0.2839700372664848,0.0
0.047296125125752125,0.0047765182428342184,-0.08218629816757911,0.019990416738070737,-0.014421485684152083,0.09087149830271385,-0.5683065398835371,-0.7715441448676984,0.6982233110193442,-0.40725019080891395,-0.054698468623219434,-0.013708627192276834,-0.09159385699944274,-0.05298792391194462,-0.2066134226662995,0.0
0.12526280278128307,0.06110578688850578,-0.054931924119923356,-0.06459844619960983,0.009056384452068855,0.09230034269232446,-0.6402247240340792,-0.8279460979521401,0.7334338392674552,-0.4457273697895753,-0.04499795024692656,0.13066735050105535,-0.11626286413329764,-0.10862069889790532,-0.19041900149402335,0.0
0.014948179603363296,0.11120940489823147,-0.09285328804951529,0.026524595809093072,-0.016337291462987305,0.19883752677769578,-0.485818989563257,-0.9245830878588802,0.595433795036927,-0.42662978109451605,-0.0691658923495002,-0.05716627520515545,-0.07908923063438915,0.0044136049063412675,-0.28351605694319704,0.0
0.017717415747051445,0.055737371272968766,-0.07732048459075597,-0.04400163764098205,0.048635114645929685,0.12160049940572563,-0.5703030452172462,-0.9198610478023149,0.6111030364454789,-0.47134621986020947,-0.14170832593968355,0.030838887668947018,-0.05466761125901527,0.003201089822926679,-0.30244775401549323,0.0
0.014078793820419856,-0.038428217778895525,-0.06889594433165805,0.029562264511845165,0.04493287492245368,0.20348609519049632,-0.598544165570924,-0.8488688367029458,0.6920241803861213,-0.35327023736119506,-0.2366050203071433,-0.13803111440304483,0.05499055863562623,0.11144285948701935,-0.41495677070590303,0.0
0.05753995760943231,0.059961157198883765,-0.0798164758815042,0.07526797340176924,-0.01228721319851617,0.12857310704423283,-0.5493939621003988,-0.8306403445370046,0.6648928684564244,-0.5647541412498643,0.039405220698557175,-0.06537901005398765,0.09002268452395996,0.1764376414546776,-0.42352592286069296,0.0
0.02491215232039365,0.05121959557042861,0.02389060159800042,-0.03234110965331057,0.0677097806873044,0.21401560412566412,-0.5423387667362489,-0.802485882125521,0.5242967878316612,-0.5195843212913305,0.08423333685827114,-0.0628663111413004,0.1432082404355245,0.11650894409950933,-0.4357028546449872,0.0
0.10979190617296511,0.09708826272107263,0.03616657883775946,0.1106703893749333,0.059211989913692,0.1602289811488834,-0.5926052362370564,-0.8298013611070363,0.572295234612064,-0.5218769036293458,0.0625209615761646,-0.12310972035991695,-0.012871382276159846,0.0009441866117334413,-0.4738484686799782,0.0
-0.03309193309574985,0.05744351128089487,-0.11681037261336834,-0.04542506211018813,0.03270586859340178,0.13571930106519547,-0.5067315224496355,-0.8332484808589857,0.5304671335762069,-0.5015531394486887,-0.03325990261260005,-0.14142925327856135,0.02076368675339696,0.09178907309863787,-0.47727719207635433,0.0
0.045475306399613745,-0.011909310426396286,-0.030997421016665954,-0.06840958771489601,0.05389351636466215,0.19807390183524065,-0.5298346001367664,-0.7925148668548474,0.6845204151536147,-0.517382033812076,-0.040608262168669584,-0.18511431013579852,-0.13893463650363921,0.1281698556163473,-0.31599611298299296,0.0
0.02749981165886868,0.013197750406717883,-0.06449980305479405,-0.05100252534468329,-0.027361502499841418,0.20574161968711885,-0.4500693606615193,-0.8086511312099394,0.6255975906101929,-0.5120899564577069,-0.037441040434418746,-0.0805890924332997,-0.06430593829857789,0.11792500150199825,-0.24543009061499357,0.0
0.07948486572825944,0.10307438488033677,-0.05765282467316067,0.0410646970351966,0.06126833732515457,0.2598072616088383,-0.5622442047631694,-0.8051211352711158,0.5061074264339545,-0.525067417572114,-0.01166419282496711,-0.13238214464596243,-0.22730695661162587,0.1774902193281841,-0.2545739419293915,0.0
0.0942630085454256,0.024489600538728014,-0.08912467237353454,-0.051453035546031776,0.01721277504753501,0.2494834999615313,-0.5157085696568631,-0.7660579987072563,0.506075354727491,-0.6034568261693487,0.11071376122767222,-0.2778083617379619,-0.21328894289546046,0.25514944958244523,-0.1442483731887214,0.0
0.04173500081632969,0.12376112526832145,-0.042074612294473304,-0.0026467377773154183,-0.08884567266704527,0.31019105433912325,-0.4097706220834592,-0.8231885609438961,0.5309279743188622,-0.5892328637489573,-0.09742000516324423,-0.13598673093412053,-0.13919440425394167,0.3344664455294564,-0.11449191101880969,0.0
0.060967446098599665,0.04547860263744979,0.025072826694928833,0.02814012912688602,0.03537743103589451,0.34927205060253796,-0.4309352456963769,-0.7411901247077644,0.5588873778115262,-0.4928043329093182,-0.0980112146729095,-0.015849378509123005,-0.28142904928245815,-0.006998138731243053,0.04451608045198692,0.0
0.05095648546176749,0.048190985257710026,-0.07696063544445372,-0.07576014324750718,0.00021067174880418657,0.21185689492990042,-0.3990914091655058,-0.7740587302876054,0.5178866857829596,-0.558071035036218,0.024556907675796352,-0.1269298033580548,-0.2355232368193511,-0.022060306800284157,-0.06287730784664988,0.0
0.1533786085758589,0.0070948871188336315,-0.08643254236625222,-0.010584690596098225,0.03829064653952917,0.18960408020894187,-0.39747712949448794,-0.8643693572928136,0.514658607390064,-0.48644728694496553,-0.01762509374486232,-0.029467003066540744,-0.2573083555720056,0.13899661039455685,-0.16949260002314398,0.0
0.04733368061496507,-0.0040196523207515,-0.028952827192981485,-0.036887708057250154,-0.00871646034669972,0.23971604134302643,-0.4677008230669407,-0.7594229634122489,0.5537111064051874,-0.5223408124883204,-0.21298607198079994,-0.06149159636506111,-0.2920052914651957,-0.07227432412599219,0.005065914784715797,0.0
0.07982320208364438,0.0580547681227263,-0.07396438819014499,0.038245520605073774,0.05310647116585206,0.3112439679543785,-0.37534076520125215,-0.768062260049479,0.4685952910329661,-0.5160000452614779,-0.04686930335488006,-0.048957445959319404,-0.3179258905845619,-0.09472914481803826,0.0018750229962872789,0.0
0.03935566659442046,0.08171866867620133,-0.05514921542210975,-0.052002544413870616,-0.09504786814743661,0.341630160987377,-0.3813838062495033,-0.7964989814039619,0.42671401230418843,-0.6142137694001518,0.0369738559465376,-0.09366405103911782,-0.3002056219198581,-0.037515266370018646,0.1489268786236583,0.0
0.05248984615114777,-0.04283918722932585,-0.007152702023797839,0.03384913789447948,0.02424129987866932,0.2644619431337535,-0.4235849446686741,-0.7247370333872942,0.5302650379743309,-0.5451647338110814,-0.001689290341842762,-0.13200407262007202,-0.19752923051621457,-0.03048198378392764,0.14772324610092333,0.0
0.10187449140117082,0.06237761274274116,-0.09432877996704414,0.03973505821530106,0.02122402085621091,0.3095563040681082,-0.3436089593765927,-0.776924875034242,0.4498571999781603,-0.6645757369102455,0.021589414339407743,-0.21787462301059307,-0.11684219113300987,-0.06328960572466155,-0.06919093940020965,0.0
0.0604379801085424,0.04448857310557153,0.04595243079696658,0.01391530896880571,0.009383379022903385,0.31524035731007033,-0.4541945021230341,-0.7164774804199688,0.5820864682659002,-0.6782385146277439,0.23043173670251857,0.07230694349937852,-0.12085928962133731,-0.22541451372414975,-0.10399972666013704,0.0
0.10112909736050033,0.0866369299609544,-0.08195050925902221,0.013242399179570128,-0.015859912548822068,0.29142317524009415,-0.41317890660442846,-0.6915977679239065,0.4422806451323399,-0.47491138608909755,0.06664116738723301,0.12061732232811576,-0.08352326914685011,-0.19065002893190844,-0.21099757829570426,0.0
0.05723529886831421,0.07610306921735999,0.06546228980371178,-0.040757887502011106,-0.023978092334933122,0.3083590477587618,-0.36186952911604087,-0.6651761197980185,0.435819029075344,-0.6581888676763108,0.11011749980350538,0.020608250708854484,-0.2092110513801211,0.047430668469665566,-0.08652803714478655,0.0
0.02871372076428417,0.08433515295268873,-0.009170357029341058,0.027622195490384333,0.025827602289592695,0.3781094948599981,-0.3416067694113447,-0.6171395942408744,0.5151286004587955,-0.5418937180070375,-0.12451240249967974,0.2794630969008647,-0.14254407204711025,0.07150876010985924,-0.12404858773947552,0.0
0.09154128665899403,0.08491418082704275,-0.0016789183440938174,0.005589325776098532,0.010854338715823149,0.39266902583047447,-0.3897214302552835,-0.7297295959518727,0.4354352277259081,-0.642410378030236,-0.09396809440433972,0.06840212776527599,-0.036494874451529186,-0.0957684009587732,-0.10405593629019147,0.0
0.04875134745329854,0.12529359517712674,-0.029618522651445132,0.06221668205937032,0.01988403335976817,0.32419057324824485,-0.3138881825687518,-0.7238267009640643,0.4309257541596738,-0.5863065137787765,-0.12153602377944021,0.08982333284016947,-0.21343504877806158,-0.10088935097056978,-0.13383716037138094,0.0
0.00862707325804958,0.018371369990993064,-0.11323739725277443,0.043641618810553715,0.0007942308472999957,0.4304143874652342,-0.31819610032680307,-0.7103304720536608,0.4418245691557632,-0.6547303400621738,0.00377046761561918,-0.0003107122363685891,-0.041604988992511194,-0.11477612583097324,0.09068588955783054,0.0
0.06842133320120622,0.09378779357886113,-0.05932826210003486,-0.06964608177298677,0.044387819760764294,0.4228801428965625,-0.2628720724002719,-0.7858031653132538,0.44113052755197457,-0.7699997549386337,-0.06271496689802791,0.05240234655838707,-0.023016147873818463,0.022007260972950943,0.10629990117937214,0.0
0.07068066485542428,0.01637506468532724,0.02219345131509362,-0.02129494471531156,0.025377686767979656,0.4796506828708845,-0.3170692098746507,-0.6911063745512456,0.26860095154508445,-0.6890719061795977,0.02076938315414098,-0.12742780216190142,0.23085083972584727,0.15403248943721454,-0.06774355899884224,0.0
-0.007271621133035561,0.0977632460629012,0.0348989171305087,0.0771255141260023,-0.023404334114885926,0.41534425810292047,-0.2578727159280889,-0.5670006235322704,0.4347817910631878,-0.6289837825790845,-0.05379210552873631,-0.12605323172483077,0.0597599536092597,0.13049168248186596,-0.09770151048321314,0.0
0.05867729939321575,0.09680740393599632,-0.024980737091528666,-0.02651272955969089,-0.04661039855840926,0.5061709966292155,-0.3741329189213017,-0.7009550896031682,0.3617913468119729,-0.6873619164252374,-0.2140720004675829,0.058824469366892826,0.022135866577797612,0.1363930003065691,-0.20335143621664983,0.0
-0.012577092097363601,0.0841540117408209,-0.03797842705581653,0.05516419342275131,-0.009674551850178027,0.47744164384581333,-0.26379906451431906,-0.6630265982924077,0.27836053772769553,-0.6819421969325368,-0.022930729839027525,-0.04890695156675245,0.04002745489249877,0.23639124301470693,-0.24863873548174775,0.0
0.09290216760515961,0.07255583006455434,-0.17332819187379064,-0.030632457691996667,-0.009112577338460558,0.3403776685342457,-0.14961075399510348,-0.7216865844671064,0.3279614710794891,-0.7549377788687403,0.03312362204133512,0.22819887536164726,0.04436038403022225,0.304851335950838,-0.19038469488728266,0.0
0.06141522321095956,0.08470513036070092,-0.056664754239551716,-0.08638228508932685,0.016736541291889867,0.4146694426376612,-0.11089339256280867,-0.6353090069903222,0.2907724113710594,-0.6685914294888611,-0.0037704048444138737,0.22095001571149311,0.10535487483610935,0.43458590463250424,-0.02368055428238508,0.0
0.20682021336674822,0.06190845309000413,-0.11785114385009571,-0.024263275105078225,-0.010818630147608305,0.3785784214555845,-0.1786574913639367,-0.5797555571618185,0.3130676737088088,-0.6636281675526932,0.007143138811706083,0.17029837239493661,-0.0017039422445864205,0.30484123416451375,-0.06590665699290879,0.0
0.12514337368926895,0.10383188090815179,-0.048683978142930906,-0.017364771317272015,-0.004288904807609177,0.5463011457677132,-0.19840691232994495,-0.6279418800477793,0.2922995798074965,-0.7608580559029801,0.1151783773173093,0.10347033574794876,0.05230929761731459,0.3892429469680013,-0.005227407145894689,0.0
0.12123301444324902,0.08875353951555023,-0.07245888059386768,0.03708178094075751,-0.02104424849784791,0.5964986734854273,-0.1768769994470109,-0.5673495409891312,0.34055855126034207,-0.630987743464475,0.017239011381526566,0.17951890255440653,0.09089005591333413,0.440947322836161,-0.05555299879544229,0.0
0.06882462267745042,0.05658482722523581,-0.006979358360890857,0.050460495040979055,0.08782247093881994,0.49357623253410876,-0.21264700868416436,-0.6281904195719339,0.21784168241980728,-0.7586465332887637,0.05254459052438097,0.12377792902713614,0.20937386545130823,0.4475268942111635,-0.12266122848173067,0.0
0.11300078216025236,-0.01641092983795095,-0.07648431963991963,-0.012024478739236635,0.08329149906690735,0.5718758816832853,-0.16140400608696284,-0.6431501981287586,0.22196019464098982,-0.6295638575277036,-0.04379668274747281,0.02857609728120513,0.07832198695111976,0.4747408358625318,-0.08208826353144558,0.0
0.12945516870643373,0.005269945042220663,-0.005670340239250858,-0.058785758261656704,0.012645952740843744,0.4825871841985716,-0.08074331163726955,-0.5453758767294423,0.2827941761052178,-0.697260292858515,-0.08494552685258898,0.01704874128011382,0.0360694645248978,0.29257416165475025,0.11141520474589268,0.0
0.04141631786209784,0.15189384174765908,-0.03665159237771232,-0.02373683343374325,-0.026091286465967783,0.46865267335890226,-0.14429947973288135,-0.6196380899318769,0.09648775039552487,-0.7087092544081085,0.04258836079188507,-0.023433953526294227,-0.025444887657868353,0.31442719197801683,0.06492456742148418,0.0
0.04167165285128333,0.0477062269571011,0.004565067203215194,0.08489746192328194,0.08785885039727549,0.5128190483261378,-0.1295258150985883,-0.6176505962121326,0.21792046684025804,-0.6759077065706286,-0.13904697296053437,-0.13464876759988254,-0.019576701455389877,0.41138082739805054,0.15701121061776496,0.0
0.09025373915866615,0.043347921730024046,-0.058771466514452,-0.04328639447846872,-0.00013737238226215528,0.6048087452838439,-0.14344284933451842,-0.5515888166991254,0.23129128319461986,-0.7108919720120925,-0.0021124586444413312,0.07409797383221028,0.10352571158577414,0.20667951876507223,0.20833646351708762,0.0
0.1490321265733166,0.050398873055694876,0.015402788511610317,-0.028536708801634288,0.014661974236421998,0.5814734125095835,-0.08682598065452761,-0.668598311630586,0.19139943470909518,-0.6665427714412266,-0.07072807814885826,0.07143618968327896,-0.026353618775892942,0.03464575922605401,0.28366064459004825,0.0
0.181412778076752,0.022078056122355555,-0.03526925276830249,0.01752290480710882,0.03856212632786139,0.5731405157356502,-0.13670622827944215,-0.5238753150175123,0.15194260489972053,-0.7218933195794398,-0.008670448929410005,-0.0347154354854108,-0.099817208715767,-0.05801246339756656,0.32554094795590266,0.0
0.14704509632302706,0.09521282385999799,0.02993581420245149,-0.021404232031239187,0.011288202163024995,0.5430447421572813,-0.06520943840111748,-0.6303290720483259,0.16286083633054713,-0.7151028975264593,-0.00022958735828410362,-0.15076162236164042,-0.27742255344580985,-0.23039936643293982,0.30512039649036266,0.0
0.05418305343247823,0.13422933850379715,-0.08213496187087174,-0.016485051488924096,0.029119426204568994,0.595560245660553,-0.13467318876350037,-0.5600579590486826,0.11964894238493089,-0.7794526616824842,-0.0052241752058921585,0.015498862745757763,-0.37862067386153947,-0.05202109963738347,0.5129150616868005,0.0
0.2256265533892554,0.06129714287496163,-0.04502055335339153,-0.06389094647342794,0.015914547570274808,0.6616160023494516,-0.02460987092492281,-0.6371006718846592,0.16521655919216538,-0.7633441070545601,0.04632564270526522,-0.09217170289977879,-0.2796046991922218,-0.2809588008285722,0.5701315225342519,0.0
0.08062219732865694,0.06358139683527256,-0.12311245003108867,0.0104268236649227,0.037412302781868606,0.5325700765254076,-0.08789545735686144,-0.4560035812269658,0.20728381035189708,-0.7529063428718601,-0.024381633805365156,-0.12282904871597208,-0.06659914783727985,-0.12157926794965779,0.6798230222021996,0.0
0.10595099656607995,0.015573121404735511,-0.0336869685681212,-0.008157022587406998,0.04303634262940321,0.626542854050551,-0.0681523399296195,-0.47138323167563273,0.13162797335203025,-0.8044250442170559,-0.09492361681153623,-0.02672262967432877,-0.016100886542829373,0.06344612957063342,0.3969086951591829,0.0
0.08765363720196395,0.0866681703154695,-0.06531299093007775,-0.004716898709127776,0.022932443695715423,0.6746448511879884,-0.0007462376386874053,-0.537592296771969,0.07472889508969408,-0.8418335058775175,0.07482047594826455,-0.032655229983966944,-0.08991828425089111,0.18045316062422315,0.3229242828872208,0.0
0.0693754362749446,0.17649679598486162,-0.027441802756125365,0.025223538620406397,-0.046245904429625236,0.6966016443678632,-0.0072739513409038805,-0.4859007226476199,0.13620997036426638,-0.737975444123036,0.04606992205845824,0.051303730753345836,-0.19030709272016938,0.21191183059099697,0.30134574634371697,0.0
0.08509646501305355,0.1020667699809016,0.0023581760500697574,0.018862308723867304,-0.014639532076131955,0.6399195074033999,0.043714005897451766,-0.5133827763443286,0.0802559002876946,-0.8010508583780204,0.05571486199430997,0.07363278195515427,-0.07921507493722953,0.21882729332314638,0.3003814877712669,0.0
0.06164923022513637,0.09440976026431383,-0.05965722006611189,-0.047449307295890655,-0.044771236802270735,0.661572847350671,0.023597805579221053,-0.3822841045536155,0.04034742407676159,-0.8324766039487033,-0.01564856733945289,0.03550844069380758,-0.163284225450244,0.17880672805841394,0.3586944811703,0.0
0.11284800120711246,0.12610702521349865,0.0016509907212468658,-0.06881158705931169,0.018515490026444686,0.5673910579864571,0.03096126817072202,-0.49021291164786357,0.10875650558621887,-0.759697234395441,-0.0980907448734052,0.09441541283821446,-0.05722673863542663,0.18436006147342335,0.6652730675063654,0.0
0.10548299456828136,0.09185791419140428,-0.02571363070144602,-0.035850097633170985,-0.009142242388033227,0.6520019392788641,0.10492547713579858,-0.4363270665698321,0.012142385524450855,-0.8863643243780085,0.10620570945424965,-0.035730640587806034,-0.14738124742204625,0.17268491199394242,0.5622637253983772,0.0
0.005986310405643971,0.0726747100688383,-0.20437800091677025,-0.0705134236300906,0.06454355006252936,0.6667001002691312,0.017903612799161507,-0.5818598104968886,0.0010909903067463436,-0.8242742027200269,0.06308676262369996,0.2642596130582395,-0.20520172768626965,0.14267588414170185,0.6353395996210384,0.0
0.12436883396550077,-0.02501975311802737,-0.001949870523892984,0.019993182945561617,-0.010173457216819334,0.6989300514658835,0.0682502784566062,-0.45478421999317126,-0.032747351680935725,-0.7956567443805099,-0.030308639017014,0.29431742942445616,-0.09068691485019985,0.1083911536103741,0.5919712833020124,0.0
0.09802973885652894,0.030709953366387988,-0.03804667351301802,0.05155564623469581,0.05958851284998874,0.7607803726200077,-0.010358732320498554,-0.45185407629657154,-0.002214509516200537,-0.8087408445582759,0.12202950252593328,0.1622136621702681,-0.31060782708222145,0.06040026227465523,0.4694692340099435,0.0
0.034682097741277194,0.0525622100053509,-0.07683292316752163,-0.023704078156706908,0.056652608232093594,0.6239738265499829,0.04018003427556343,-0.42000092496006064,0.033826517093439645,-0.8585494519822792,0.163403884515967,0.09788922582003194,-0.12621803442477764,-0.06577224222846277,0.3889449810002984,0.0
0.1847849146019193,0.15534143658188632,0.04891779971146738,0.04399194473797627,-0.04916839477309568,0.6788944486810681,0.15612089628476036,-0.4523082544746923,-0.01647412066746396,-0.9357629943176898,0.19112811500426302,0.08489101926953796,-0.23162046704842282,-0.040245010372193704,0.35509179974814337,0.0
0.09279411915836615,0.11730105444831046,-0.05971157396851722,-0.1206326998208173,-0.0391544187836627,0.6498994080749889,0.04557467429132627,-0.3770153206590538,-0.013904945677267057,-0.7687207143761537,0.10304622776562092,0.07769091408595957,-0.22816018718358277,-0.05060218031083885,0.40262286232915334,0.0
0.0886466608368419,0.1317862165135455,-0.04498037265808922,0.010256838411486485,0.06057715762251172,0.6947321192573396,0.09459729194328795,-0.396851791802982,-0.019812529579439783,-0.8403961223008531,0.1204622025655475,0.014216341261995148,-0.2956475153228548,-0.00312049523215676,0.46051135167804214,0.0
0.0353157654932656,0.10360083531349457,0.018986868851112372,0.024884736095521096,0.09181148575156692,0.7266361632374619,0.054587504457142846,-0.43913615587155097,-0.06056103398459943,-0.8796008625872378,0.017067906373144107,-0.03714251840925733,-0.35017170031580885,-0.015981146074962743,0.3741619850956127,0.0
-0.004901570920613441,0.1168789700866247,-0.07444175389079129,0.02949165718020858,-0.04751428386885936,0.7577771601064239,0.11311240737494324,-0.39951814653158646,-0.1276734741449104,-0.8349047896208369,-0.09189634340596478,0.042538515539675914,-0.4469137243685374,-0.09914095060850436,0.27732379240234256,0.0
0.07423016633620574,0.06749110760741545,0.035443960252865905,0.024955422802280997,-0.07167752277037731,0.7438050942787747,0.2223042811351908,-0.45372238266818926,-0.10246201911319101,-0.859215289973813,-0.014464857083819088,0.018233058618750762,-0.3776231164930382,0.06248363379187433,0.34939691894255864,0.0
0.0793315230298224,0.02778148251373131,-0.037789192636249205,-0.06672292941257196,-0.007096398691903195,0.6888684235181334,0.20231726295681246,-0.4105814818721738,-0.12731142994803502,-0.9294308347652163,-0.0463520902193319,0.02748560241396562,-0.17321181279600742,-0.0025059420338944746,0.3449902924989196,0.0
0.10071020967360705,0.008346716788981245,-0.13113279966793223,0.03601942021374495,-0.020650309154175477,0.7276134762190948,0.22906822134424326,-0.27323080970570734,-0.11293700312268308,-0.8418684589894423,-0.06741616341327718,-0.026305922593116923,-0.003179503628501029,0.11420196285335388,0.21150123150739777,0.0
0.08487687563269361,0.054023960515131274,-0.07766320050246264,-0.03526832281926553,-0.09755382822209888,0.721236735361156,0.14548219850248384,-0.27075391399747983,-0.1771982429487447,-0.827857886821941,-0.014666076822868107,-0.2322724698185922,-0.0415363997853183,0.28700468518880173,-0.04089385629113346,0.0
0.12462183104263409,0.06106692235302041,-0.10882741206752389,-0.020524998087698892,0.03132789896297093,0.7435771978429336,0.1619797926177596,-0.3089998301541941,-0.16861390722306263,-0.8887622851963287,0.11589664717598969,-0.30963120386765,0.006691296251426317,0.2824542633208365,-0.008601088423453793,0.0
0.024342012847830274,0.034078938517954044,-0.03147866230878661,-0.0668563422089638,-0.024808582505441906,0.7172170087244308,0.22241097026782172,-0.22542826406659366,-0.12061562191085154,-0.7290852975875064,-0.0628783954324292,-0.16908255000514377,0.2573377421214532,0.3243262185485807,-0.1925942321551921,0.0
-0.0006788359837281432,0.10042770647930453,-0.07545770532286342,-0.16076221389485496,-0.03625475599185069,0.8352438023772022,0.2614418028601783,-0.26741161915577405,-0.18724358096400287,-0.9037154937915649,-0.09290830382338336,-0.11694054170790172,0.3224045974278088,0.18286136798370428,-0.15088955342481059,0.0
0.0642501233380785,0.030566627655939746,-0.09483885463267362,-0.003633257014128882,-0.10059631926468855,0.8042237663461766,0.20432165217557446,-0.2905255326079042,-0.2708360543833686,-0.8335721300721448,-0.13227174131374983,-0.07312337698927887,0.24772860011061246,0.17572851306085865,-0.11549735876959133,0.0
0.07187044247357874,0.07908100881387116,-0.041039786044109926,0.08613018644565561,0.04564312869774456,0.7494767753655879,0.2714325947456383,-0.23427492171814865,-0.31268935267719433,-0.8825920043410836,-0.13526477305821635,-0.09679125139514191,0.1797454432826107,-0.06630613566774474,-0.0616918339500388,0.0
0.04968073834343867,0.01758034132287467,-0.035883722664207154,-0.051137027676395455,0.09488750693987894,0.847183126873561,0.25330855026606675,-0.36320922408173606,-0.2276607236819211,-0.8854772092526617,0.06130028812223119,0.07520518124070608,0.10625403417529469,-0.18281039369491156,-0.005825347181830871,0.0
0.08836313171677243,0.1586924304694824,-0.015594579323632826,0.0767827084551536,-0.05000379075353232,0.7983289492462274,0.23049400057527514,-0.34070077847136093,-0.23475548671794533,-0.8406599820817946,-0.017212685879296905,-0.08352485232438903,0.14790734630717128,-0.12729616759936757,-0.056793483285232246,0.0
0.06719722268310332,0.0932440607004088,-0.1287673858000344,-0.10371083307724521,0.017017377422209646,0.8217467550933747,0.32946012406196684,-0.23770357058489,-0.23558558785986172,-0.935266954838891,0.006794775422060851,-0.08138623802770757,-0.01888657029567334,-0.13777170347844842,-0.16007109534238412,0.0
0.13413215188967825,0.030248492139835367,-0.08162788414756075,0.08431893179917843,0.07390156975610881,0.8917976534757174,0.2371393404014574,-0.1884886744144838,-0.30509249304831293,-0.8783439328940084,-0.11816191098547088,-0.01500707874684827,0.08783614652633923,-0.22748234784431604,-0.10623782334390335,0.0
0.11947888451758205,0.04481073421973669,-0.06945874059212304,-0.04760857016963728,0.07344698545943572,0.7497668950416237,0.3351954132254038,-0.21372832432549893,-0.2916996802355645,-0.9854928788385487,-0.06584771024616608,0.1698901711904035,0.29619108201468247,-0.410141380009463,0.04004216356732973,0.0
0.01929188530907215,0.08798418655823415,-0.015886003249677864,0.0138404511415816,-0.09064255638866368,0.8130750196622881,0.3220255583329881,-0.28264527399821027,-0.33693116015728425,-0.8833444022370087,0.06444373899183875,-0.04839993717947175,0.12919152389735966,-0.2960286876483096,0.07672119705007693,0.0
0.05941407512783369,0.21678491008201767,-0.010030063374969894,-0.038206803439701204,0.0944198979462065,0.9767078779389753,0.26236134762077834,-0.28303534521765983,-0.2804047722034011,-0.8771934948796047,0.19886614651960682,-0.08998661733577079,-0.0072789784232343835,-0.10949332385496963,-0.013746149375000433,0.0
0.13399101663633126,0.06608529235970642,-0.023333634793126813,-0.04815540885952621,-0.020274406450463436,0.8254480266226453,0.34119631589572313,-0.21802344171984178,-0.4524277708393353,-0.8995738596184205,0.28184804170153516,-0.07006416984179187,0.024922877074373472,-0.01201351170509378,-0.03423687597152677,0.0
0.10715903203925964,0.19825218991940216,-0.04337971032314031,0.05136899660063954,-0.0014448844701226739,0.8053110999980504,0.3342093386267551,-0.21441854630768814,-0.28963965776244605,-0.870403019552972,0.06277498993412599,0.030885704335131332,-0.010442714717139506,-0.209916959792168,0.1472821602856464,0.0
0.09540597626171168,0.08673020191241299,-0.058965428530562636,-0.08529884447802295,-0.030995707595160262,0.914228189538865,0.33992090358638705,-0.2011346010051488,-0.41051483357637003,-0.9062538491763676,0.1609130369860273,0.03032703659327032,-0.045595035206206405,-0.173682800686168,0.07275843823042026,0.0
0.09524170000509866,0.057827555332916496,0.0044321111886232376,0.020071436053799935,0.025187321676296635,0.844412120272614,0.43183860094307736,-0.19511642976873325,-0.40723212339286907,-0.9048666578013933,0.045740848389260236,0.06057515612260404,-0.08994323849385033,-0.2607203144818264,0.0578952665451427,0.0
0.14384653703810937,0.09418432957248722,-0.13518938623469115,-0.05482643553061026,0.02982809664096179,0.9563736012508892,0.31065669595433665,-0.16506716007780764,-0.361829803037341,-0.9557022603926428,-0.10596827757671631,-0.07466138155665136,-0.06655062068376678,-0.34705024529556117,-0.008938655322375831,0.0
0.14916005179991879,0.15854005839255225,-0.04146115954935699,0.004500177418752416,0.011670063344065156,0.9584393833274495,0.3271680368702913,-0.18593043119784466,-0.44407801687770065,-0.9243310390139148,-0.1888857078247137,-0.1684835483999589,-0.14062155957903044,-0.35088985260600664,0.2367768697773495,0.0
0.09672193963953439,0.10941748074054644,-0.09924404789469204,0.04371407990436536,-0.03879844064891377,0.9013774755257011,0.4260394266942189,-0.18242804435747947,-0.3663796032231652,-0.8970324242124811,-0.04127393519297011,-0.059188950905575584,-0.009375934890296339,-0.24781376041588732,0.08017409314450855,0.0
0.15085020939961064,0.1589038445284344,-0.06251685208417815,-0.03497541322020711,0.024874760522727125,0.9264567910342684,0.40402146223553503,-0.14578213652308722,-0.535236098264738,-0.962716273860996,0.11410966681899681,-0.11664353053999416,0.0018409214896172683,-0.07712886285334197,-0.0563353053553928,0.0
0.14703624944816354,0.13161041408428076,-0.15180153674225716,0.00023338331575949688,0.04991835363011704,0.8408160575450573,0.4664626988511186,-0.10293151896881908,-0.3691475331238057,-0.8962281556988526,-0.054782572469218416,-0.013741610366667933,-0.04650593056517694,-0.02696167637647988,0.16225811646682473,0.0
0.12662968593558072,0.07621466776078653,-0.025043203362637455,0.013469187535380952,-0.013271475922450936,0.8724199778506126,0.42929308206394495,-0.12229463202376571,-0.44307338617379505,-0.9582607797346092,-0.014401457911310249,-0.1380325324921858,-0.009146792102270512,-0.049258775070019356,0.23740031609631135,0.0
0.07590288599490172,0.12226335838206001,-0.09585702339441343,0.01715603037064802,-0.007445219704123741,0.76814432273513,0.537123343285169,-0.09974416944307253,-0.39373707571529404,-0.9477796448565201,0.19412564317894995,0.08947062038281707,0.020134363206288083,-0.08474489626313658,0.15045748287475383,0.0
0.09210196656999224,0.018674140137725906,-0.08937975495392113,-0.005959866081481159,0.04715617593899174,0.8484474034675713,0.4560729447389293,-0.17040264810976705,-0.4971291937635024,-0.9623848642007922,0.10516553751168661,0.0438710795368662,-0.04407863644219311,-0.13494506063069442,0.11077848482012012,0.0
0.10884819748768346,0.02625299748818738,-0.10239248818514783,0.04829350246006748,0.12681079014627145,0.9603941046663828,0.4449530468798688,-0.029788168403902554,-0.46495222533473357,-0.9051927084443115,-0.09987354580217331,0.05522317520210558,-0.029325173206629994,-0.07178843375904903,0.08035098208902824,0.0
0.11738394655679407,0.10534655666661012,-0.022044394957541263,-0.0019006101493149455,0.02589110409704299,0.9721728930954238,0.5176580829574385,-0.07939428844350033,-0.5378993977697135,-0.9286858550341903,-0.08523741767153263,-0.12739401169268255,-0.0797040668090567,-0.2964781731732572,-0.0839314804037289,0.0
0.12971003061685596,0.17119281070225706,-0.1316153049757346,0.03866204983070719,0.016425732768636,0.9485197032722341,0.4741181534987586,-0.09475214267679034,-0.48466436575155064,-0.9598987075181974,-0.008583061655632891,-0.06815995808440557,0.009274908643824381,-0.20451597528448323,-0.19805863743083496,0.0
0.08715183996265374,0.1724013548497994,-0.06750888075651804,0.0681405400579744,-0.07978266284435748,0.9437018222361473,0.5342917549159779,-0.038607819974083434,-0.43132493523561,-1.0061976232690202,0.12006681210886037,0.03273179807532788,0.08466345917793708,-0.08298940695146573,-0.25566907240222714,0.0
0.23053773731501973,0.159634614695226,-0.08005949575694823,0.06194642082029772,0.08096073703445446,0.8855350504965025,0.40578897873301684,-0.028905544849176963,-0.52510134484776,-0.9592792339775913,-0.07996186916157841,0.009900171255397478,0.1855981186288797,0.08495501172918653,-0.21716687679958563,0.0
0.13313126378537904,0.07694584051293396,-0.004825610141961666,0.006747028930606537,-0.07288069782953413,0.9300476248067256,0.5605207965047864,-0.03064944958817906,-0.4980915630618285,-1.013605734258679,-0.0035123010848710987,0.027361987146051932,0.03878295300697002,0.24873192016054685,-0.07359293483459552,0.0
0.060219820049820606,0.18814772506864005,-0.015095956822013964,-0.028235748330159696,0.09794191758557223,0.9109194031835409,0.5134553946017018,-0.010649367463804332,-0.5501956544279153,-0.981018938993157,0.0531590017481309,0.008462736172093786,-0.02460241478566979,-0.0006232369049725683,0.039031270220576814,0.0
0.15930533735662514,0.12783845810457312,-0.018871701623183752,0.029762005863890943,0.07054588869299162,0.937174866951777,0.5244433613487994,-0.07322185720556883,-0.6474973859752094,-1.0114446939747166,-0.002679362271354478,-0.04256803402740818,0.05914372608667859,-0.08784112857696645,0.0737789991839449,0.0
0.10253667363198946,0.12432970169545593,-0.09300263344680904,-0.09924101996907227,0.05955591833455053,0.8709743468489959,0.5080002821202961,0.059226077982024505,-0.5840010184295644,-0.8820427854468762,-0.08229900881177867,-0.026257408523578402,0.021150530706788448,-0.04051951463215776,0.06006500694998179,0.0
0.14710167172934926,0.20536989009202733,-0.021881059546462096,0.0002763279605883335,0.1101970486021348,0.9578283739430431,0.5311828575164433,-0.08126577862576581,-0.6083205229030095,-0.9699628558516683,-0.01239594645733045,0.03621207790765494,-0.0013384919023290143,0.019116697210077305,0.08358242949183163,0.0
0.13054755478277133,0.12477487003906955,-0.015415563451817875,-0.0446880877802345,-0.0138635646450442,0.9037738743610375,0.6137888022674685,-0.05973459474038371,-0.5727111493824766,-1.0192131743292174,0.016240762352414027,0.06643596122769016,0.12060022455980608,0.187889908685425,0.13197363601242423,0.0
0.14085893903977822,0.0503860590449262,-0.009317378413402098,-0.07430164704600827,0.037541759291458345,0.8844112517063488,0.5308665813729001,-0.013436975944575434,-0.6539868861522092,-0.9545069021676453,0.08515893155250252,0.027274824732237437,0.04921956643167023,0.20806750520525208,0.04159048598938335,0.0
0.1472723477358289,0.20487685952999202,-0.0789243077541392,-0.004752760327728257,-0.04936188349200511,0.9969276812837745,0.5813139606213479,0.041942242032618204,-0.5877291542555144,-0.988505639894657,-0.11853191150802439,-0.21134482363027657,-0.10702126062087423,0.25642007528328103,0.19384869901876414,0.0
0.13558822621393743,0.18930303858347913,-0.10391090900820281,0.006209497806764835,-0.08301069517065054,0.9283185844278073,0.6817596817488756,-0.002249197927880829,-0.5348225714579488,-0.9325142365654868,-0.1382479323691994,-0.07523933286316661,-0.0008030004206743407,0.20502690819666933,0.16148297330147005,0.0
-0.009140443173058982,-0.008634278747624374,0.019791576438066755,-0.05460590062366351,0.05936518098292761,0.9356604856745728,0.5414985302504945,0.06318497217128469,-0.5859295210980229,-0.9711647253599273,-0.01261315885130683,-0.07123873618333545,0.020649130222993445,0.2497776292510124,0.08662612778047328,0.0
0.06660096526740841,0.1563852917036146,-0.03332969099903285,-0.004653914431125857,0.03431436052884781,1.051792179869532,0.6264785565866741,-0.026474887410638366,-0.6674596692572403,-0.9316383201494729,-0.12085173672405433,-0.007734102768074347,0.12519258575676395,0.3137812269739329,0.19103235383116507,0.0
0.07146856708323882,0.0784227869188037,-0.09695217261065142,0.013553857039035402,-0.04109029171778389,0.9638253237840196,0.4864786727786072,-0.07133160472631955,-0.6587172275307563,-1.019441177273685,-0.27439117944883673,-0.02934895974672761,-0.00755814207556757,0.30047728788768246,0.03608519134893712,0.0
0.138544236265268,0.14293431242568355,-0.08472883379128104,-0.037186187049732054,-0.015281186803700567,1.0027281334072924,0.551528583963893,0.11656651650655683,-0.5874450686771043,-0.9727817798131497,-0.004895608269278512,0.007612456769162376,0.19462725423834057,0.31324318373031135,-0.08843813355047145,0.0
0.19007588616524926,0.15429748472349342,-0.03538045875181218,0.018518122572340742,0.04122975398050089,0.9751799691280647,0.6546833857963044,0.0807388512916051,-0.6398581698337019,-0.9533070305444618,0.08482795091844024,-0.11914788429647526,-0.03932911838964953,0.41056731624049836,-0.2954370399422005,0.0
0.1762796402499934,0.07997541549823217,-0.028019799488216427,0.06420675308224416,0.06661846893007586,0.9650202757714382,0.6100494818126267,0.12736941801161972,-0.6988815948841812,-1.0513842061571732,0.10918098500750363,-0.015183300683919945,0.07007560085418962,0.37622553635040507,-0.00203482585294823,0.0
0.16693309394744885,0.04273796660273624,-0.07403142678882729,-0.014392258486835263,0.030896786030567436,0.8312897265770791,0.6359880836825115,0.14087303796624687,-0.5647831375080383,-0.9986108760512941,0.06402880002176703,0.04371216625859667,0.052942750056671,0.360281029516578,0.15926176684628823,0.0
0.13172848468123527,0.1504630485482604,-0.020757335693586745,0.04297136103258087,0.04131808360976483,0.9448272150712604,0.6796578578269816,0.12127229356796203,-0.6778771199500245,-0.9821333194835197,-0.0421262913360915,0.04601893126296321,-0.009947591380893822,0.23297619505879785,0.06538003959969733,0.0
0.06901982727741697,0.11066771951133667,-0.051670988768507835,-0.01944706486369326,0.06547948340711085,0.9635923530752696,0.6781681920501687,0.03746604644816831,-0.6729638204205571,-1.0126114535650663,0.09933201362841211,-0.08896119601652216,0.1695295394300918,0.26073492819667743,-0.030955037644312254,0.0
0.06669050705119958,0.0408972441436935,-0.1185664117220315,-0.03859296576502897,-0.053138220501670955,0.942918024358404,0.7838328183469184,0.058871700713908334,-0.725470644953584,-0.9033352266034043,0.17127225351756975,-0.03196041940098264,-0.015551559990444996,0.22059998247664944,-0.05727603694875939,0.0
0.06107771856626555,0.09602289837238767,-0.032502051945693285,0.014580252432415806,0.0315000995353025,0.9714431161692164,0.7387587289609518,0.11666660011796268,-0.6963365074023042,-0.9800709729568029,0.21299920648071513,-0.15402831951334633,-0.06104355096030526,0.11138757440652568,0.010366152150119018,0.0
0.10507831755253909,0.08290021644268683,-0.055516157452153755,-0.004434949981539276,0.031227792222121867,0.982675780083648,0.6147242365572372,0.10238478608513521,-0.7369828973998006,-1.0445442819440176,0.11613429460610966,0.06756339991734357,-0.08401489188197275,0.2070514802714391,0.12928711860710784,0.0
0.15311671951577197,0.09513993892855171,-0.008927650901404266,0.019090335079203172,-0.061203027690718406,0.9690545057048,0.6667745296464401,0.19444630769637572,-0.6588546810239805,-1.018588972040449,-0.024656828848719253,-0.01736730101922672,0.14261595556088205,0.13102808286809078,0.0027159377294461023,0.0
0.16553312909673037,0.08240356431153516,-0.08974226589601436,-0.0459240655833335,-0.0030160123131076667,1.0022570735977148,0.6632095638817671,0.1486941077293741,-0.7640716458985294,-0.9741833636397436,-0.11282137198549787,0.04121724517698149,0.16132966009210242,0.22551626597011049,-0.021995277495811212,0.0
0.1639461190409657,0.23585873870399227,-0.055023987287198116,-0.09485058654539522,0.07739847875083358,1.0847090554560948,0.7169101242106545,0.18985813050579156,-0.7207914539697067,-0.98782550796576,-0.089061865896041,0.17950910874928375,0.24698994602748187,0.3404819461693664,-0.027472430831428953,0.0
0.16315299198512662,0.09262976403870075,-0.1230474146406356,-0.03146011786747297,0.06960387590211539,0.9597033763688492,0.7638790684051108,0.21206125172714715,-0.7137368463274865,-0.8946531271018519,-0.042434000780214066,0.2382369958687679,0.16202470544314262,0.3381903590876842,-0.030489798185742014,0.0
0.2039064831131328,0.22921139950297342,-0.1157743028378619,-0.018622609937417604,0.10166755209824051,0.9606687272829768,0.683895641692379,0.18522769333141273,-0.7851649722966604,-0.9799291454319173,-0.07626760798165665,0.24427150017878496,0.03105620779808764,0.11008719824151919,0.11481984817424883,0.0
0.18652811982410655,0.15880881079656448,-0.06156397211300517,-0.05642359826618078,0.08326707635243424,0.9667261447228364,0.7742435118101294,0.22091969305942039,-0.7927741942628446,-0.9249636368812789,-0.011825061882514018,0.2171172304181424,0.1507567080922881,0.09788115319961392,0.25961935513377055,0.0
0.10729279586009803,0.1942805926251971,-0.10785673791331728,-0.0702616714373641,-0.01906001861836425,1.0473459109207772,0.7922593440071714,0.1692093077596415,-0.7854179025211839,-0.9685117349590736,-0.00018061302344815275,0.074391338249791,0.2617222316299494,0.13791279337920698,0.06305943684090262,0.0
0.0925695436162568,0.20710252973400461,-0.0826791060994535,-0.11464853897608007,0.0694266228980699,1.1068823247189128,0.6698611699804933,0.19665602878370492,-0.7493576753243265,-1.0665006617402657,0.04094520049169015,-0.04474309259306412,0.22979068251934454,0.05809711170389677,-0.03901261120319188,0.0
0.14485643771042775,0.14639179324264825,-0.11400192035348491,0.011684386965089118,-0.003934316429218265,1.0396247270000227,0.6944002019498632,0.29686226205957866,-0.7486884296851142,-1.0436381654548557,-0.11140060739248975,-0.020383496393894578,0.2037885087823162,0.001614756754028078,-0.05697712345965549,0.0
0.05705498637759979,0.10715600854434155,0.02487762181269324,-0.05020912738565846,-0.020655600544120946,1.0455746207493015,0.7277488150022097,0.16996739572186348,-0.7731044556816812,-1.0380692083643828,-0.08926002588515106,-0.14381912972177643,0.10916551372738179,-0.03604863185595817,0.06909484915299557,0.0
0.10198282194496058,0.15754567435658115,-0.05831652735914658,-0.03132518136061632,0.09387925644483726,0.9430791527799861,0.7502608561431006,0.3159121625448605,-0.8059569997539623,-0.9264112976602532,-0.053989413352160856,-0.2923423558270938,0.15829783048930102,-0.004803813255239039,0.04040517285719526,0.0
0.2217573653000398,0.10468566830403545,-0.024678822713843585,-0.08778574664430633,0.11839183907713557,1.0064200261595062,0.6887303285291029,0.33139765338350125,-0.8179693118191254,-1.0367636587948932,-0.12699120731569646,-0.007282658267510511,0.11466478371677111,0.023000964881856458,-0.027365758620505824,0.0
0.21069759372508934,0.21601310815353303,-0.04763022535160541,0.028555700292514,0.0691022932106774,1.029672867048168,0.7920373279204754,0.1543413815563467,-0.8766423013815808,-0.9982180774955003,0.007289944985731184,0.1112561714554677,0.23321440298604515,-0.06390150035517256,-0.14345344285987735,0.0
0.13244214292885645,0.1291424883933082,-0.0812361876354327,0.027612096017231427,0.06657645135118746,1.0116857000089743,0.8335952456670654,0.23045931321675733,-0.9038125935615432,-0.9009404352460619,0.04319083124033293,0.06997643683874878,0.41679525866728345,0.14676794230738838,-0.08029991043477644,0.0
0.1662622130475596,0.18383895001682538,-0.03571995738414756,-0.05782081083100786,0.007201574135800585,1.061954148442006,0.7176384963962348,0.25296132514803876,-0.8589260957496808,-0.9155022499151237,-0.02051225260760345,-0.004394528701133646,0.35137290888794365,0.09117682000922986,-0.05590038816180284,0.0
0.1845414427999337,0.18553733689569418,-0.013545867071212553,-0.05158057177698157,-0.011633917480372999,1.0226905137373874,0.8183264106614749,0.3942898680083529,-0.823411785074628,-0.9818183259802122,0.018136908172741713,-0.11952234746175268,0.334372385869553,0.026846346954035052,-0.1290054997454299,0.0
0.16177532241279338,0.20779469721761656,-0.06881138889289702,0.00477429230719489,0.043528439781005235,0.9439079410140264,0.8760097776131511,0.27784251766032636,-0.8798577429713791,-0.9498713594174107,-0.1324944915503429,-0.026068866093565318,0.1280189199660362,-0.11585703630305623,-0.1167986192228799,0.0
0.1345869279497765,0.0991269048283828,-0.020293156447121815,-0.06664761942811001,0.03765781335532396,1.0306140459871402,0.8580272395745172,0.37389771826090185,-0.7839716483289283,-0.9515935505383359,-0.09998154358677994,-0.0029980970244679,0.16468382052056815,-0.06283616171933533,0.02119060410825993,0.0
0.1910308998589763,0.15979444726331624,-0.013341406369006305,0.07083348699363583,0.06978014584031303,0.9273191380907986,0.8799708220859352,0.34607629326350137,-0.8584534561626391,-0.9592575044799211,0.01197136697958548,0.05458900720669522,0.2659603762104551,-0.12572854476481893,-0.12642405889872926,0.0
0.1560330493803583,0.10619536717777542,-0.04583115087291096,-0.05704845585297743,-0.007267237896150254,1.0057685336499502,0.823956047126505,0.3063116892591612,-0.7977074076275885,-0.9996623387094905,-0.04931116885403429,0.0986055392514533,0.28764313570909006,-0.10958847541382151,-0.18613379685893083,0.0
0.15334120311952676,0.19003780793083758,-0.13039305238929652,0.007622907320854279,-0.004620176777601105,1.043541816442043,0.8407327253355642,0.39073632690687976,-0.916498258533317,-1.105622604261933,0.011078014981226472,-0.01971185416388193,0.4852777759827779,-0.14072654164660925,-0.24951687045414894,0.0
0.17404495730009276,0.09885965354917928,-0.04257606798111174,0.005218539059713432,0.04103273226980281,1.0251097836496126,0.8090994707123307,0.3886646800654496,-0.8947016853071406,-0.9765473150553768,0.031371866349100413,-0.08162612392118404,0.2734871890123259,-0.27655251685001736,-0.2255840491538525,0.0
0.18816997478896968,0.11769699431625992,-0.09760801262639429,0.01996122629106119,0.010296543827254364,0.9621611513174244,0.8853919654101277,0.39964215679815784,-0.9980483537080245,-0.9975847625077825,0.09241623014785477,0.06259959117050548,0.18982015698719368,-0.1600495221665958,-0.244471032549403,0.0
0.12408560694583987,0.21486234258137218,-0.031186867287816486,-0.018399108183722063,-0.027425737716649898,1.010522685138498,0.9258564332609847,0.46571127115729966,-0.8326419878441588,-0.9818980949828324,0.16322180704400258,0.2820233683758498,0.035149112887113074,-0.08126919165087815,-0.1875621147177056,0.0
0.231823522859917,0.11947211716257736,-0.02836361869084042,-0.028906549132815134,0.0020938239530427435,0.9762231677172811,0.7958667182110702,0.42299963914265504,-0.8495453440275051,-1.056857395580336,0.01397658224749633,0.3037655753105706,-0.0803133899452183,0.07004283948044793,-0.21756839610657255,0.0
0.06877293820505262,0.20598255123836057,-0.15694298922911679,-0.007693186357538545,0.08750681952420028,1.0193435577479144,0.871965678841306,0.296243097865377,-0.9607667753911873,-1.0431115423705837,-0.07745110454270013,0.27255548482869624,-0.11594460793419381,-0.10750731045072393,-0.3130708739792688,0.0
0.14675129577322532,0.11298740633089699,-0.1118418445725367,0.020304850561264957,0.028748931077756775,1.0304576904462586,0.9029814654171999,0.44180500394269023,-0.9484145462619255,-0.9978751999757163,-0.05595095798356402,0.07016502005169156,-0.19301840031620898,-0.12694931492278008,-0.3419890190567559,0.0
0.1373231886086667,0.09066509256380878,-0.011118307554775199,0.07606987095361817,0.048860484599509466,0.9498414567917616,0.820767081359741,0.3301303739518696,-0.8443537682249691,-1.032477720422291,-0.09343578609897432,0.033067914036832916,0.046671947133765074,-0.03246113631052183,-0.26737351199078996,0.0
0.12213458358390757,0.14597779286935966,-0.035551287416447856,-0.0014783589914448194,0.061819065132503986,0.9707155545805619,0.8078165741445186,0.5143591651469216,-0.9836157610928316,-0.9491818535514268,-0.07050690802203766,0.08214245640939599,-7.586002118524504e-06,0.1260038937148767,-0.23149191394852653,0.0
0.10329751918843477,0.14823826915864546,0.0020175802965226933,-0.09242970609919314,0.04618736243854935,1.09113836970701,0.9247649089351415,0.4536399778263254,-0.8757253433350806,-0.9992873610009986,0.06504667435339238,0.018016980811625803,0.06995095213927464,0.14009717560165696,-0.11590467426771987,0.0
0.14521088656840808,0.21056236002108883,-0.02438278099249227,-0.07759132906922891,0.03903204114314316,0.9761078887784066,1.0351328431379392,0.49818570320630196,-0.963120312650324,-0.9380737967255776,-0.045928027626981414,0.14832681736320388,0.072373059930256,0.2592474810373412,-0.04796703058113437,0.0
0.18254131652361294,0.1403713455750985,-0.07362382696014767,-0.03876405772732543,-0.009418687230928091,1.1026165031012976,0.9796727206674606,0.4893918044792854,-0.8054382675602392,-0.9341064919949652,-0.19390807817584632,0.2706414572237376,0.2072735419111785,0.18324878371553457,0.014791480094289843,0.0
0.189765654818774,0.18957169769671997,-0.03682624492882901,-0.042208270910900306,0.0998604139930297,1.0567209324346396,0.9630314702610784,0.5043190024522831,-0.992134241305429,-0.9698054154038327,-0.15452573167879377,0.20779002316642783,0.1496674558815561,0.040101014530086465,-0.07889222532565492,0.0
0.0750471237866912,0.10790917020451404,-0.16689714167412906,0.017494308964324336,0.03205457929093411,1.0290296539874233,0.9268690073555866,0.46091435213169746,-1.0147681776130868,-0.9843234888290401,0.04502751297117891,0.07986271781010673,0.14463018404716155,0.030887139789130755,0.08316215619467585,0.0
0.12168810060141773,0.1301037756859463,-0.04036065135966105,-0.027768544150406325,0.05665836771689531,0.960708900194475,0.9805255865401458,0.4630366859048459,-0.9623253168741839,-1.0076762381244073,0.14434493719410338,-0.028949703899895853,0.14344813001213622,0.09861662736412583,0.13785541403082885,0.0
0.1410223821150882,0.1091009847564928,-0.06037988806453323,-0.08734481731603636,0.008667492231997677,1.0062429791577763,0.8807206154208939,0.4321880148268987,-1.0236087223616925,-1.0414324485849633,0.22395984698597654,-0.07106337261760234,0.21956500014175714,0.2974630966326621,0.10923123687427987,0.0
0.15319559196055887,0.2772190312349432,-0.09644824949082222,0.030046409712766828,0.03768577882537084,1.0583028529047485,0.9017011748721272,0.48685762760892554,-0.9608944634656533,-1.0042783008382579,0.2551888083529592,0.09175435792178359,0.13857309893962258,0.27320130602777115,0.02601751079716158,0.0
0.15133043160552742,0.21647511310180423,-0.06128099586734715,0.03702443079411384,0.07662755586607928,0.9915055557068455,0.8717623697407119,0.4254859181746711,-0.9260977420281556,-0.9686726247855452,0.2865668719409319,-0.07127584795539044,0.16833824322663543,0.1589634649514033,0.07426488275621884,0.0
0.07412441917874542,0.15212102541558914,-0.057138200870812984,0.08113765958066291,0.005497284794909775,0.9726225277122683,1.0339532219436103,0.5347423351362857,-0.9835326571563915,-0.971793866576173,0.22890828278176648,0.08047806882625222,0.037901083698060695,0.4388207919616476,-0.040369012005295746,0.0
0.1369802877241316,0.13151537587678097,-0.07496862494846478,0.05215172480359676,0.07045360487910206,1.065075066682837,0.9244196032385648,0.5048697744941976,-0.9778543530236619,-0.8511934321215935,0.23792445740317442,0.09100862205816643,0.178691356819932,0.4261431661943399,-0.08989714158712475,0.0
0.21167902558550172,0.11237790172854123,-0.0813510064878687,-0.01064254587310982,-0.02078858819242021,0.9590113547233441,0.9380782510782831,0.5659693405750719,-0.9634847761306586,-0.9616877752581897,0.0366879494837723,0.05839745113904694,0.17720024244463892,0.1384978264281495,-0.023387414049471575,0.0
0.18628966168065894,0.13960527871453476,-0.0987583477167128,-0.004050301611055317,0.032730763795906795,0.926172392341305,0.9496235360575552,0.501297968891343,-0.9217417638146295,-0.966299315550214,-0.011520168941297194,0.15314394562534248,0.17463925554021945,0.10451861476721147,-0.04828167493455797,0.0
0.24231803772773167,0.16598201903003054,-0.10651586766186012,-0.09662779790392495,0.07687757482804816,0.9940084435315967,1.0100601145042414,0.6724729248924882,-0.9562595341960187,-0.8842051886204677,-0.1272609609784744,0.16305596698128325,0.07761399038796774,0.03422299748552621,-0.2788926283344971,0.0
0.11527785306881672,0.08469928366071251,-0.04474948494447645,0.07950702389445827,-0.015227541223206055,0.9926851200338624,1.0015892570721534,0.6213323981625212,-0.9730624989478529,-0.982536080664354,0.2020129030542726,0.04270059964111926,0.1797886060776834,0.18072209649688464,-0.41359473294547294,0.0
0.2497851400087076,0.19421055689177164,0.00670136074564659,-0.02077403105768556,0.07390323362234957,0.9855365060073857,0.9688092455134911,0.5737398678002962,-0.9811078471924879,-0.9130181756797264,0.3091436950846659,-0.11849672118488412,0.18643944758687156,0.21669512460040358,-0.11234436576140788,0.0
0.23732814988632406,0.2376527724849672,-0.06032293534405511,0.02093968636909635,0.03139269548250728,1.008058539103813,0.9155891230193122,0.5730287469549512,-1.0244543778195379,-0.9630695430839595,0.21076683467391244,-0.12129455130311234,0.021032873105828548,0.1484467645340961,-0.19269429071048605,0.0
0.20117677887318205,0.18324843379745553,0.0412218486114952,-0.054259722448062056,0.05489728462655408,0.9093578543602369,0.9627795516550761,0.7085127307164157,-1.0455090996470804,-1.0321794128057897,0.10986016147902389,-0.14688066398608374,0.004931619461283742,0.1817269136400248,-0.17439616965210653,0.0
0.20781669410668868,0.19291399572442774,0.021804563527263843,-0.005991322296807924,0.0761357267595287,1.001747964230015,0.971932315414547,0.4826865575690867,-0.8954534145895735,-0.9642773944074575,-0.09030812479720683,-0.18646048238445972,-0.02889717034820051,0.1468111831365833,-0.0551787101425083,0.0
0.08890870497113033,0.1252325319579527,0.04149754238148041,0.024862597619283996,0.03952676994061822,0.9540068038514246,0.9591084510045064,0.6377432140093864,-1.0755159081764343,-0.9233724921612139,-0.1833544115956356,-0.3398005078164875,-0.0989323213968542,0.20625810990748236,-0.17197611988048203,0.0
0.15597400674162246,0.15374275396887122,-0.06794189776042187,0.05000818974434453,0.05990610126890398,0.8592515202514854,0.9772017918043174,0.6139761303754966,-1.0631381610722554,-0.8831161464491651,-0.3402195263259604,-0.10426130571857013,-0.32112076311129345,0.2060404915261148,-0.017824006397249514,0.0
0.1632297780157097,0.2655859773451471,-0.043173074840047725,-0.01790282282284414,0.13774414006561836,0.9596563258861843,0.9772679200714045,0.6142774208880906,-0.9741149519951723,-0.9844769413327195,-0.2892324578074949,0.01816490317702986,-0.15852557489040203,0.20288025901260243,-0.0168897590508204,0.0
0.13941184756141745,0.15533920925835293,-0.01131253173778305,-0.02048275649368853,0.06834204682284088,0.9475465254902867,0.975512888582386,0.639983018995704,-1.0290200186896878,-0.8721886555492439,-0.14830190668164722,-0.13839519803922995,-0.15069477577632492,0.1689480865102226,0.04767913091578658,0.0
0.28957357687519514,0.179365501355272,-0.02972594093164858,0.0524788312185479,0.03434995223550458,0.9422170598654006,1.0077751520313192,0.5875325602874794,-0.9572741585591253,-0.9905817501675563,-0.09477843603629509,-0.1030460198707649,-0.11731946910657616,0.2290680427511407,0.17971769918899247,0.0
0.14713578925261345,0.19842499081960557,-0.0286484446178931,-0.034517358993277916,0.05594612021600723,0.9416859115378428,0.9035825335849628,0.6221416939909211,-0.9358941478806535,-0.8966155568139583,0.02573476574691219,-0.05080678632087325,-0.16751757574731346,0.3057247114802981,0.09326660441718317,0.0
0.20556232730663695,0.23701896779060408,-0.050645136652741354,0.0031132577807345095,0.08507686102491502,0.8933428818156361,1.0530292336517788,0.6479523394141637,-0.9987898428525988,-0.9804638073677537,-0.04520552229372911,-0.05769139188517437,-0.22954887436823002,0.30584654654431687,0.0383259335504367,0.0
0.1462702579192642,0.14563892931129377,0.005348537506847863,-0.05439493949561462,0.05887201931785535,0.9950488610025681,0.9609717192402848,0.6828315002505484,-1.0797645505785884,-0.8689164495445924,-0.08554205818547819,0.14533252287027312,-0.3239874216580919,0.3026319346844462,-0.03730129430106625,0.0
0.1256431225644248,0.17919805187582952,-0.11005971939812245,0.004346239343237364,0.05673203335529296,0.8610654084324332,0.8958300611078219,0.6218899275156851,-1.0244464871420917,-0.9450842010037088,-0.13822842395171067,0.21223018422056766,-0.16077211181801818,0.07773002164229464,0.031496433159828585,0.0
0.1603652182784004,0.2007017322480279,-0.10235767194361202,0.005255601920674982,-0.03566087467622604,0.8793871417514459,0.953525146682215,0.6202606657467192,-1.0445257282247293,-0.8335219911197562,-0.03416824132107171,0.2009446304703897,-0.16086993362824464,0.16918839095018287,0.03132607820612639,0.0
0.2410194050085752,0.20863270671330741,-0.04173006716559909,-0.019693403006359727,0.0829688417046816,0.9061105916959247,1.0052437418974733,0.6221631241216637,-0.9884451278685279,-0.8741295076699499,0.15800568835438739,0.18706390237731682,-0.11978484767326818,0.17879183434631568,0.042116876700969,0.0
0.16225610365960372,0.20632142156956984,-0.05667946978142906,0.12720650343367948,0.1040308031296822,0.9476337253762345,0.9656192981557264,0.6769898117649698,-1.0319623840276182,-0.9001214151480579,0.07810134226679755,0.11868892940551419,0.051524582422375634,0.23343190084725357,-0.15858381012457243,0.0
0.1390847397226249,0.17851385409834042,-0.02003430268195392,0.03668813314613188,0.06818389180588069,0.9478140545328296,1.0376945515887472,0.7034051649333168,-1.0329942218337964,-0.9615341317680166,-0.05716924587556175,-0.055115365096427574,0.19840276944510787,0.07476913937831423,-0.22186370245590337,0.0
0.22349553053500015,0.21312888131196658,-0.038803430825703165,0.0731845816561919,0.07930297584265811,0.933531875269626,0.97558245454971,0.7089035937506577,-1.0705226225006597,-0.9119913035371149,-0.05324956543978576,0.0898293614792835,0.17203186049071903,0.17767786761069934,-0.028292946236066874,0.0
0.0759177755171722,0.18235805674184574,-0.08244979100744879,0.012314886990974267,0.02968837690072131,0.8628904835252041,0.9386430088273079,0.6937688675858867,-0.9796634413708754,-0.8944445039357749,0.16840100477642037,0.027042554135043095,0.22623526447200204,0.26920698223474904,0.08655970989252283,0.0
0.1614402845205554,0.08659526055694068,-0.13213546322043637,0.06972183896304424,0.05060284581077314,0.9280352457837123,0.899887783210459,0.6564725535165151,-1.028103043721119,-0.9267962866299865,0.10696201387311503,-0.07778778847615075,0.147973831418285,0.21932901569088756,0.1662577126590008,0.0
0.15895650557036992,0.15037814971528954,-0.05180923831013948,-0.054583966792861635,0.030128756702666664,0.842108207609995,0.9463845986627287,0.7771579855412337,-0.9532118582621895,-0.9764037737406646,0.036944551739798985,0.09975953374751868,0.11594746570947048,0.165192354411615,0.1875636941317863,0.0
0.20773643266042655,0.1609574027177719,-0.07787444352762891,0.024287949768538826,0.14909469834587627,0.823237310922369,0.9930785383326007,0.7202627391750343,-1.0216700266765093,-0.8701590212511279,0.001523136851183455,0.14716000303195972,-0.04083667659444233,0.2743007098365821,-0.06701364585586483,0.0
0.22799956729988474,0.2058329527504493,-0.06171962150384537,0.04032619811641658,0.07013381409601524,0.9289310950966654,1.0389862427261303,0.7018079335920012,-0.9697296091391087,-0.9119326230967685,-0.09579282268069571,0.03230353917073278,-0.04159593219201261,0.28518652290042157,-0.16568327625234003,0.0
0.22280793988822245,0.1797851133368952,0.015094246997755065,-0.0734875339559253,0.028485956758090007,0.8113120504459331,0.9954798425166542,0.7647422742141116,-0.9505002312774081,-0.8666781068007516,0.20308372863521654,-0.15990215633138624,0.17528516853020298,0.2571632294174752,0.0017665700473374346,0.0
0.22018146565781405,0.21120946573911906,0.04043022517607747,-0.06328182476397654,0.0019209046133293259,0.8678227811281773,1.024715732935147,0.7908052724084805,-1.0107234860533911,-0.9105370248831063,0.14489225581167967,-0.2634535124241513,0.08785592710537393,0.03096499209842346,-0.13505684183718178,0.0
0.22142309820763173,0.17289468063603647,-0.1375272878133446,0.07279897535265906,-0.04726006072397533,0.844042300084423,1.0045418550464162,0.7875075569158009,-0.9853136511619589,-0.7705592938132994,0.007240865941900057,-0.14304416968572634,0.03512551370811405,-0.005007369091435888,-0.27298911759895395,0.0
0.23067025651004097,0.026641126816168537,-0.03149791366703834,0.05284481696738007,-0.004161286627731096,0.8763078512968584,1.0331855254483804,0.7561467710740558,-1.0095340810390068,-0.8717008415147529,0.08297332964068527,-0.12809951489020435,0.09255941939279153,-0.0923504125858188,-0.15162017633484423,0.0
0.15316026774576696,0.19159709387180837,-0.028234586590349033,-0.014944493515348461,0.03967538491783045,0.8145458115778575,0.960299882031616,0.7526236736822308,-1.0401531624302478,-0.9115383067631195,0.05082956049229674,-0.11466050709067072,0.05565931154689947,-0.14785820611230932,-0.13608673330546575,0.0
0.1547836797484051,0.16385799469914072,-0.05439434088679884,0.05140697759868008,0.08371203940639843,0.9097989624017702,0.9590859171608842,0.8321790684924713,-0.9820744646524966,-0.9237549137556239,-0.05133306505844748,-0.12049546931129107,0.07200135536958246,-0.145734164894249,-0.20767531088657634,0.0
0.3616385259351762,0.15889417992689187,-0.025569355607339684,0.048034045956271046,0.1449467591895414,0.775235656054443,1.0132699445564788,0.7931916984209215,-1.0101209973462493,-0.9236234825495574,-0.16153557798400217,-0.14586908819037195,-0.009547816602078894,0.012811051630653297,-0.039145064337060165,0.0
0.1542515207902541,0.19478598837488179,-0.1063075119362655,0.03649491474148012,0.03330299621526149,0.8187481422879505,0.9982788604713553,0.7527295797226021,-0.9169676755139105,-0.8110176414887105,-0.19814612581990124,-0.17085655663204158,-0.027643876805143255,-0.09221239166683784,0.10491868328843576,0.0
0.10197719482336279,0.18035237239562563,-0.065890532198219,0.044181440497995064,0.05232160083764413,0.7725898443199282,1.095254008309938,0.799904913783802,-0.9495827731659042,-0.8933476996929821,-0.19934297298605042,0.04680134177561289,-0.20154617961444976,0.08261739110690842,0.04019391292682491,0.0
0.16740064046181094,0.22948016690627085,-0.05934385261418641,0.02507652616927792,0.0029685711261644016,0.8344047235510547,0.9861913961852143,0.8155025433941389,-1.0217601190995729,-0.8280438774491409,-0.17040269540314204,0.04886895318591867,-0.17201989640722679,-0.01816466580199065,-0.06697558493759256,0.0
0.23109852141165316,0.19863717043278586,-0.08457822102787707,0.01823621247837654,-0.031068559880434665,0.8189331424120053,0.9891803317682296,0.8687005385656167,-1.0342978163566743,-0.7875055781775177,-0.1218664462244326,-0.010973123019521705,0.0025831371437660677,0.05062755887645636,-0.1140349591517436,0.0
0.2592076208539033,0.21449168693776316,-0.010676626455798893,-0.10797585529850628,-0.045826370512811535,0.6905006045565051,1.0461313073936171,0.7849361548801735,-0.8508468899185089,-0.9349406968071163,-0.12030709373225273,0.0809681878608185,-0.019436772335889016,0.2562247545395876,-0.13232799176159218,0.0
0.20343090901544258,0.08077270313545908,-0.0846216911687602,-0.03509151728541931,-0.010955179788517434,0.703412216536434,0.9084441790714796,0.7587515244150941,-0.9733286332560479,-0.8350085175823524,0.06747257931037291,0.21873560590887983,0.14923912740143624,0.07565950121592124,-0.24057926597468227,0.0
0.2481344685604458,0.31187220281633954,-0.028967550449064957,-0.0050772078234535105,-0.011655947053528709,0.819095237007548,1.0709928281565966,0.8302209043533548,-0.9694437812366319,-0.79790373925612,-0.08352489449444055,0.13467069643513715,0.14882619330692848,0.1162047894862476,-0.30640701102079076,0.0
0.20994051970528588,0.24602162955085252,-0.051172206481275094,-0.036994555176811536,-0.004007331420536192,0.6892655888824316,0.9756139544576209,0.7876008369613036,-0.9289728998514386,-0.8774910487387085,0.02046811418583533,0.1942895930297318,0.1012038119681443,-0.021802191743190535,-0.26281691735286145,0.0
0.23962563588385946,0.21378192487297687,-0.1385091431837979,0.018587853523668624,0.011579081987720737,0.8340391922144846,1.0081425883527977,0.8518494477426974,-0.9911635474037205,-0.8762336054137873,-0.08862046216672122,0.019925712836325146,0.014638794655314272,-0.0019231459617303527,-0.2858609800421313,0.0
0.2830653969997427,0.1783717718406112,-0.013823069497317618,-0.037363365482646085,0.07259440728391788,0.7968644389960047,0.986207389300308,0.8845638311100116,-0.941704745609831,-0.7300551941128759,-0.17898143691509122,0.15961690732768577,0.0005092941044925487,0.1893902571592318,-0.12256255043468242,0.0
0.2953904619081297,0.23395012345932334,-0.054417991247214574,0.006148691480366723,-0.024427808123959047,0.8314193816863863,0.9683909447797187,0.8235475449965167,-0.8787415092560883,-0.9006490487234424,-0.07250424011487183,0.17826657448089922,-0.05408689214948175,0.10528040971132104,-0.1915322273491052,0.0
0.265683998516264,0.1927860865613207,-0.0675322506836176,-0.018192666636223924,0.06261937390307563,0.7191453536564832,1.030894282327815,0.9046386117824511,-0.8756125677926669,-0.741758541358254,-0.14935451765051694,-0.027115715806981175,0.03320538265336877,-0.01519615215357735,-0.2088033086523849,0.0
0.2033148637696065,0.15511892439095915,0.000771935167976294,0.031142634508104845,0.025269460362019686,0.7159448364703741,0.8650521654213874,0.8930012896738441,-0.9337966092384495,-0.730824621380212,-0.2138040888565605,0.0013677601370156098,0.2015054375201489,0.05404712082654776,-0.2752611692896234,0.0
0.1923450033408784,0.261814418795156,-0.055060531299445326,-0.07568333433113442,0.034655105800211236,0.6633326238941074,0.9691324807510542,0.8048489234685355,-0.9198772952250003,-0.8242555779625652,-0.19551767767667724,-0.0063023082995387145,0.2558536665860836,0.06717295254543972,-0.26084818443216173,0.0
0.1155211377366715,0.17466671178296095,-0.11092588397503472,-0.03412997815578491,0.2073835707410254,0.7486789070462109,1.0271344634461386,0.88230270266268,-0.9329579290936989,-0.8710338985149688,-0.22378474065517168,-0.10930347798415684,0.24297651362331085,0.0356054203994676,-0.10740966980843186,0.0
0.27527066522545396,0.28844682487670525,-0.0742198356802502,0.04104573886848023,0.09153661224888776,0.6783210643471289,0.9266981733151359,0.8533727181064459,-0.9132313704227608,-0.7890358862079715,-0.18859329815636008,0.05726085596323151,0.17271443076209142,-0.034914884816074646,0.09802489667703979,0.0
0.30760828911983096,0.12628523895515537,-0.03987647235501078,-0.00338628756369359,0.08456964746308109,0.7437563217714355,0.9913957775158827,0.88895009688397,-0.9167343817713658,-0.7363154132450979,-0.07445551632483183,0.12221479086314364,0.1388222430835874,-0.04608959151649627,0.0475663833808742,0.0
0.14119386096206943,0.22984393321942692,0.00966112963137921,0.05835137981176404,0.08910998420581874,0.6196377603677079,1.0063792071401887,0.8813683868532117,-0.7700158395336197,-0.8278197879265105,0.011956259189487325,0.19910090273709474,0.0073105511510145604,0.02790187540095402,0.022159825430295113,0.0
0.2603336193951593,0.2007634966489342,-0.05681783248007708,0.05263065961708162,0.04068035939523265,0.6346584548512733,0.9941532172705863,0.9011321462563969,-0.871001460052884,-0.7638592558889927,-0.09212493063859464,0.3754136451363816,-0.03732464107843112,-0.13336059699508485,0.02437021652884795,0.0
0.2176541441824932,0.12405494517019451,-0.11279129205199556,-0.0818084108679771,-0.004184149050926386,0.6182282935860313,1.0074391827595668,0.8365338375860083,-0.9270301237907639,-0.6915253891270248,-0.026203147039193006,0.19591395502864148,0.16621098935655054,-0.0781413532116868,-0.025874222786272046,0.0
0.21755120031137498,0.2562834473731346,-0.12464005422842218,0.06111465689462701,0.057953465451693734,0.6659568614534258,1.0304123049788811,1.0119642324032327,-0.9290017170599811,-0.8304464976504672,0.14942291432040888,0.16518450880624608,0.09764142404207346,0.05412949566001449,-0.1654812359272185,0.0
0.2109945836590118,0.19759220900953656,-0.015039564430268437,-0.010904969181312466,0.08985942384877624,0.6307522783440553,0.9644464762637532,0.987646524646521,-0.8483863593469975,-0.8066824434740836,0.10778759058041212,0.17745258699552696,0.18703138003575764,0.1058886405913157,-0.21051542495953113,0.0
0.2736116539331529,0.22408692735975427,-0.14532964545956478,-0.007222858110838816,0.10746783280479125,0.6463126304760417,0.9304044449148113,0.8546542969428205,-0.8318617190993427,-0.6724664645994972,0.12025026113196054,0.2001864762523006,0.2860500135533922,0.10439012118327361,-0.09500867787356586,0.0
0.21966314797041395,0.1613509775538506,-0.11469633688439676,-0.024341162070880225,0.018653977082014786,0.7455480966477421,0.9903767652686505,0.9301359503630401,-0.9067300665907475,-0.7708541200741832,0.06726029191319795,0.11053562238541617,0.30084864165505293,0.013900026968834606,-0.0908053107260069,0.0
0.2876227185023011,0.1397253403466126,-0.0777921674867239,0.04231436205694679,0.07032052924585802,0.688869257192377,0.9883235727733197,0.9499947017466761,-0.8223884741614785,-0.7246444342821189,-0.007284230680221868,0.130427057097311,0.26785187839042407,0.0993570055498267,-0.07968856547851398,0.0
0.33294229139070164,0.22423513255970406,0.015441058370194868,0.008975652502208846,0.09638061691333985,0.6830571969398135,0.8943908373711738,0.8709643964720489,-0.8344434715338842,-0.6839014153948431,0.14693394513452987,0.1917267705228604,0.31529330491254726,-0.0377617934388417,0.00012483938817310636,0.0
0.2516696004615886,0.2451250163217764,-0.0627746043300835,0.002011243802481886,0.03311924394734471,0.603259042076917,0.8020846224562845,0.9417949225163469,-0.8817906664842486,-0.6685134092518259,0.012868234483338944,0.10034885235329244,0.44419680981545706,-0.06674041293645264,0.0880838970010124,0.0
0.23765027559265875,0.18923931042798722,-0.015581988962353521,0.07294508256094376,0.05096565028669345,0.605877425555691,0.8804601704928601,0.8711365221327733,-0.6959185498022384,-0.7481404839062388,0.00836422988611801,0.006489336303998859,0.4519463936851274,-0.02422269839848519,0.1884531680996644,0.0
0.23231894640880507,0.17855110981215508,-0.10354221501406127,-0.025613555444193185,0.08673032228495366,0.5537344008809508,0.9687795135959063,0.9379296876459952,-0.8095848558111268,-0.7001652995967232,0.0849464358355876,0.0256254341577408,0.2865830233328419,-0.051240104466746164,0.06894810784508665,0.0
0.28162619345692064,0.17402960533609718,-0.06841130749819135,0.03271628795036168,0.030700359101866873,0.6603555237384824,0.8784198389080948,0.935785830372518,-0.8625226556485283,-0.6276016936688353,0.10683293222686174,-0.009577481866345303,0.2258478064544713,-0.12415157826200449,0.006871070513885823,0.0
0.13231524239590092,0.26454891089877275,-0.0668759770227417,0.007118407592031115,0.037413352789121994,0.5625688604534598,0.7753947179058539,0.9444583518701046,-0.8453067372050933,-0.5891972683552092,0.15734566324870514,0.03620452822218692,0.3208421530647708,-0.1603135898727433,-0.295740496712415,0.0
0.3067835609838257,0.2754540243126299,-0.006463961496661091,0.09252484024760586,0.06673377479797359,0.4801428402368493,0.971473731695834,0.948577809326374,-0.8171416169018728,-0.6485607812883595,0.09572637553114884,0.18044956486102504,0.11825563136977996,-0.13625313284867743,-0.2071708121325145,0.0
0.18913557239108336,0.1607095379801607,-0.06122603783544535,0.0964592921821163,0.117517967101821,0.5632105990893448,0.9314036786371265,0.9458603160325624,-0.7653979535962645,-0.7166248461606383,0.09073367174775787,0.031225615847922383,0.08212907949966076,-0.10850371736022052,-0.150704546779163,0.0
0.1315143232067392,0.23122645304558645,-0.043638275324035615,0.008020798222689307,0.05593705205199198,0.5875076103459764,0.8681793864730462,0.9967259734314897,-0.8272883738530326,-0.5444388434356526,0.08328627508887865,0.059743900723226134,0.19797840248068088,-0.1356534136177976,-0.3475767022141528,0.0
0.2844294471872473,0.2350899467014064,-0.021457255309256712,-0.03474786097021239,0.07416913091886684,0.4670703067226824,0.8996210682957758,0.8487130421664412,-0.8831946153782765,-0.6836609567098098,0.033428602193437504,0.08984866855067519,0.21704861576196294,-0.24066147649765546,-0.3543183565406782,0.0
0.17878648896138732,0.2849507329742743,-0.009328159835029048,-0.011602333172211758,0.08017745379414395,0.5951133628176996,0.9001555336524146,0.9929735074083466,-0.6990440970143414,-0.7087788958459899,0.014657273080914789,0.03362413572616166,0.010819795144857702,-0.03628943621293662,-0.15290054346332968,0.0
0.1635535827458136,0.22149667944399454,-0.026532062926256376,-0.02265307536504014,0.03606491039742606,0.5033474835414523,0.8950714430590229,0.9858267850673978,-0.6965486218258086,-0.5849903282765838,-0.008927315431202865,0.027719303706338346,-0.15704650112827334,0.2278269113707187,-0.15845031313089686,0.0
0.2069091750190141,0.2256804603035414,-0.11631051294222444,-0.031993838562841534,0.14940155480482015,0.5195218068243832,0.9433354398413382,0.938581284871347,-0.7118467835628824,-0.6903243351683929,-0.1207724950899807,0.05523738331912592,-0.22669801358850714,0.14713379348467354,-0.21030004482853254,0.0
0.24116972490862684,0.15758397840082333,-0.07521679337915779,0.062094295495557776,0.034244580138119575,0.5292562915482377,0.8503908550061431,0.929389457018253,-0.7799136978570403,-0.5854463273904376,-0.07097493777543576,0.06873554971775257,-0.06497033489395376,0.11190859421040569,-0.14783225278301831,0.0
0.27817734449145737,0.1827205066651028,-0.039858242635051395,-0.011174821440015838,-0.03596951155104962,0.4528558265309321,0.8409483932714061,1.0786675782451283,-0.8169823710400744,-0.705641491187232,-0.023160279362796566,-0.02424703245392601,-0.14608937391075655,0.1742041831250316,-0.256666748290712,0.0
0.2870716452935678,0.21242137309303427,0.026627509298988744,0.06223759685594184,0.1026778428758142,0.4623552148790971,0.8603355117655906,1.0019905567821656,-0.7210306814591186,-0.6173225133719953,-0.06753784161785205,-0.032772318058209765,0.13356122999977,0.19242835283209758,-0.002820742940847637,0.0
0.18687069413003143,0.20125419099306152,-0.15627443786309808,0.0035747444273465656,0.08907315335670894,0.4668389644360478,0.8909382933795567,0.9289444834926085,-0.7896282709340128,-0.604303523881372,-0.07572786320672344,0.03393955499667131,0.07222810471293492,0.11611734940455412,-0.0046576496668237115,0.0
0.27842559816482615,0.22726073276477965,-0.05038447477263577,0.08325963223711713,0.030015598018480416,0.4904700021598053,0.8830966680441426,0.9967257115448248,-0.6311518977507352,-0.5418410609474331,-0.15107110995215836,0.06894089877986478,0.0589075100243904,0.06647395879369042,-0.14139087435397676,0.0
0.28745036739685675,0.21086381739312718,-0.04693000208426434,-0.007436027388344493,0.09802754097386514,0.4300057262936662,0.831663099048476,0.9762557851945033,-0.7265190668546165,-0.5783920082785383,-0.1624056795633718,0.012735252352565677,0.016534406859563165,0.09597040941439018,-0.21213925638175193,0.0
0.32506547897149607,0.2635110221018858,-0.03828414555096449,-0.005377951864074471,0.03766904547350792,0.45478718151675673,0.800214807696146,0.9393567273731962,-0.6949722327819948,-0.5812721697827662,-0.20971468913872116,-0.044513069382558786,0.09202326561603018,0.19011713922798815,-0.11339846044796506,0.0
0.18509244396396352,0.28462907541702176,-0.01801899431561352,0.055455742183836386,0.01071271348893367,0.4314600379254718,0.7089903100452313,1.0041171654745806,-0.7402703882300035,-0.5502445067164017,0.03587443815690122,0.11975433003938457,-0.013396035221163116,0.08701269761990643,-0.04002529011353789,0.0
0.2637478458861197,0.22618444679967042,-0.04959508464524175,0.0967212696102149,0.21257779468295096,0.4540537828108266,0.8875531125492415,0.9886061373965868,-0.7394889632310858,-0.6054360074088063,0.022521271189787615,0.22644757113563146,-0.10148695212599357,0.06553900749646632,-0.09197466175277844,0.0
0.26553461903977954,0.26408781262595404,0.027326343482641235,0.03461108868326162,0.11114037278625366,0.44086559535480213,0.6814081620318807,0.990508044230442,-0.5978762525690555,-0.44713158244373463,-0.18209975685382887,0.1208756968446548,0.12931513057234834,0.165804499099718,-0.08048487531252387,0.0
0.23643530254050463,0.1793582833334984,-0.08181723036077658,0.06305833017805497,0.13058392000560387,0.39569399425120927,0.6715109394610355,0.9618331862206705,-0.7246470962613766,-0.7031006222388585,-0.17438210395600967,0.2062048715710058,0.29083778708858243,-0.08937007513957096,-0.017364254273303084,0.0
0.1957932101226913,0.34298569555501224,-0.003757544884787814,0.04370319981589315,0.11959174060698867,0.29600015967489907,0.8853244168688884,1.0061301383211672,-0.5466176803648629,-0.6427651194105752,-0.14400544323565587,0.14052866625753965,0.36394280166735155,-0.24996002524342315,0.03644991764556552,0.0
0.21646802889282737,0.20772154053995218,-0.026251670543337394,0.0005869578948289877,0.06169789678096635,0.3806961869111664,0.8062359959883438,1.0060050549700394,-0.5925165325044068,-0.5675123043605022,-0.11243501393450248,-0.15435635333510983,0.4799580138150923,-0.26750599365294603,-0.053647919679516286,0.0
0.28245608115165427,0.3115397917234518,-0.07599564456976285,-0.013789202796955224,0.09150457600445623,0.3418523980093864,0.8125486956202965,0.983991062586375,-0.5944550291420896,-0.5771736794048774,-0.026471942563120868,-0.2923467991415181,0.3684218320567698,-0.04327277904874349,0.0663670823036599,0.0
0.34082141101317165,0.33061919352534097,0.013048987368115397,0.06110732341357496,0.06129006145797369,0.35118298091587546,0.7241986116443971,0.8967918589758708,-0.6011601944844156,-0.5840441040105903,-0.05915761450427488,-0.12257711355621931,0.26795407749368394,0.009381496467154339,0.014079217273226793,0.0
0.1895389504119228,0.20979708678819534,-0.10802112749809799,0.058067229829871676,0.03173100932912795,0.37222530392973396,0.7856570169821145,1.0137204305794734,-0.6073468178361556,-0.5668978003870914,0.10323238112401212,-0.18984348685476804,0.21176729972452069,0.21313294240001915,-0.08623913133210659,0.0
0.18398621074532212,0.2754832507713796,-0.038985938948044384,-0.0548056919011552,0.12734601227938197,0.35925485954010095,0.7209795529303252,0.9552750467479358,-0.5888036329773358,-0.48048639019536354,0.1859443639409587,0.0015663107051520492,0.23721271612139266,0.027869438583463885,-0.30498936452948255,0.0
0.2159065201689496,0.37786135503257384,-0.022119500533468093,0.1055112518264226,0.06929120035319267,0.35200338864043196,0.7748205303533361,0.9868362179718132,-0.6366212244785493,-0.5383257631797068,0.2825071163665024,-0.12791357222550523,0.09958370760451284,0.03256863461887452,-0.17125505338350877,0.0
0.2832205339152689,0.2351550614787425,-0.10441997433820353,0.008453106745318555,0.09170298379718697,0.3717938707282629,0.7346623951677226,1.0490272622615917,-0.6157283936872825,-0.4944625734020384,0.10468530744597576,0.006906714116446458,0.008512471183925091,0.06637799669646474,-0.1102208958145507,0.0
0.27312623311196704,0.2571400204886181,-0.014658250241098222,0.027172156175214495,0.05275097930981535,0.28159674817715263,0.7599105943832781,1.0963515369366486,-0.6299930070767639,-0.5516276528036845,-0.1742824074562434,0.03627380676519154,-0.11454083832348515,-0.10059066781059572,-0.15747150579890926,0.0
0.2634383342614774,0.3696519438518111,-0.08244812949525043,-0.04309335676828946,0.06395955475810908,0.3653710991147072,0.7642297776095197,0.9123809590345985,-0.5395217275701709,-0.4366211399821971,-0.052647318269302336,-0.012731180794698031,-0.1295927907704176,0.04769716761969972,-0.15489782814164535,0.0
0.131850415124573,0.2747703689293255,-0.005738766049495879,-0.02116847766084992,0.09088685594948841,0.33251974962450137,0.6939574020552133,0.9800912620435351,-0.5921504034575482,-0.4890864098382769,-0.1443189943969135,-0.030784189748407187,-0.01993715072241517,0.07811447666344026,-0.21315597007911452,0.0
0.20796887299900868,0.2618448051990803,-0.009831024466059896,0.06529455560504852,-0.0013802943566101622,0.39618127188295404,0.6734862393043993,1.0256335656684044,-0.5363328514941069,-0.5026447470407718,-0.12030794855355112,0.04011106329608044,0.0626807002309532,0.044823160377224516,-0.11631247754428667,0.0
0.19932196328871904,0.26072447513172703,-0.07379574701355336,-0.0021895773207658425,0.0389207964409099,0.2651294377738606,0.6979809281842295,1.0018360878664878,-0.5265279875860279,-0.4352494502484733,-0.050407960724875495,-0.02693143103317125,0.1588636741019003,0.039372498978834075,-0.2202706882118627,0.0
0.3011473299079723,0.3148721673667497,-0.06737003966689173,0.08751576176126238,0.12127326543321552,0.2626925766450231,0.5950269859534685,1.0320209848145554,-0.513872364422322,-0.5278716301680624,-0.23474476824557594,-0.04255221630355548,0.21538005348861974,0.09171138076374626,-0.20808977978468696,0.0
0.24845747074635138,0.2805703453503849,-0.009098377637561671,-0.012405517484623832,0.1371219221178454,0.25493593313850743,0.6984710677869961,1.0521761687818199,-0.5327651754415327,-0.4541786386959995,-0.3018649644446844,-0.03745910280909602,0.022623249150701408,-0.06813649637831386,-0.11510398551050745,0.0
0.16884302657879025,0.26531810469255807,-0.08162398908717243,0.035026972418476604,0.04410903423757839,0.2063449896399951,0.7134671368875695,1.0125733181902974,-0.510773879267114,-0.4143105357585099,-0.4149335064329892,0.02605373636965196,-0.007935885596272941,-0.04397905043682197,-0.05103995512674756,0.0
0.2669251006189386,0.24275969903163197,-0.09867977875715493,0.14490705177634056,0.05810344533348413,0.19684424125798738,0.6895343377881408,0.9363229379896236,-0.5239150196761018,-0.4021070747570622,-0.3034843263720247,-0.015785557728688754,0.02549308410944984,0.12243961399910896,-0.12960202023938047,0.0
0.23615941515274425,0.23727233229255157,-0.022971097327932052,0.009789819183809077,0.17498998437420393,0.24280898378829885,0.689599965388397,1.0087004378756776,-0.39680140436799827,-0.48175305709867394,-0.21614271355698986,-0.07051493441113965,0.03698436405067734,0.25559654559749806,-0.06002952066494039,0.0
0.2186201510111728,0.33973269583208354,-0.0032803294915372677,0.06325994540362835,0.036089899324171136,0.19715173577314848,0.6773355536324261,0.9965218861633316,-0.48518179983880827,-0.3563901446873041,-0.13933795335167903,-0.06369852866546427,0.16330589302249135,0.2928699559295464,0.009788353946024467,0.0
0.25790886562423426,0.39444723521926917,-0.05385753187736982,0.04198606940159651,0.07917868367757105,0.21673066618954015,0.6191885405417422,1.0014042398055547,-0.4214522836575474,-0.4598172895101836,-0.229919165807848,0.03839657597151116,0.14724983056273863,0.21146424389090057,-0.19345838645932953,0.0
0.25407233507699073,0.26470064899730505,0.006613533628820431,0.038396841045751744,0.06863783482318925,0.28579686103502905,0.6596544151899695,1.0404139229097744,-0.41455830061319304,-0.4113356621384967,-0.13138553310241396,0.030711584793710073,0.07189192318005128,0.2452999574554116,-0.2685523503488293,0.0
0.2289544940717723,0.2951597769941472,0.017203182216516823,0.017027527164153324,0.1456602303657331,0.18316171870881826,0.5823926614258368,1.0511602277540844,-0.35876500326600635,-0.33636660763080245,0.025533160567900254,0.04648785127855157,0.08216123852403706,0.013479441420244098,-0.3154841672014877,0.0
0.309876625701843,0.3217673971456637,0.05657361674409653,0.05255502861839563,0.0851195292211345,0.2767947456539144,0.554782353976757,0.9507237696586323,-0.39235928082923327,-0.38860332328284997,0.20639108851527838,-0.16461992613405085,0.03294119438402782,0.019764878192181305,-0.21276226963865022,0.0
0.321429781696257,0.23866361671605088,-0.0428374834375781,0.057208201896360486,0.0618067214328352,0.15736244734237692,0.6696165635255518,1.0113210380452782,-0.3768802932739892,-0.36993047733761686,0.1461202963653297,-0.29857968595822515,0.03647259475728996,0.05769825522346038,-0.23759274279032838,0.0
0.2580931706680722,0.194390163273206,-0.010008530754939134,0.16042759294819614,0.11731042336208246,0.083710771591247,0.5510625234346942,0.957473706912952,-0.36778135032807574,-0.29369801487956243,0.05018914314794096,-0.29186031973058973,0.08167158317889549,0.09047213992475242,-0.14597701514641861,0.0
0.27682338935583667,0.2878989561211688,-0.08264790282454945,-0.019995397753699948,0.11567066794268949,0.07543830758626698,0.608797343151896,0.9628689864203498,-0.32381144986843174,-0.3643917797668602,0.019368796381573294,-0.23820354152873535,0.3585905265007381,0.07507244882058946,-0.33540340338268204,0.0
0.30237121088737223,0.206109533186984,-0.007683980985610919,0.02101239529033812,0.08501379734070437,0.14797472149030932,0.5586222341485353,1.0523069142272183,-0.32345926586574436,-0.3347340103230267,-0.1054348178760047,-0.09857071899616984,0.09387181650783205,0.0236650719378639,-0.1509072360859054,0.0
0.4059947907703419,0.2826609825714361,-0.07238498979552613,0.03523410170314316,0.13793917351196616,0.003073071165546476,0.6681525453650784,0.9672860276101908,-0.3468722706141796,-0.327053986569006,-0.03749023451424541,0.02113909311369476,0.1057442876961836,-0.004328181315768211,-0.2516918573676795,0.0
0.20878907678642994,0.21094215790104864,-0.03267119546504566,0.08386047259664682,0.08514488626021727,0.1291099134028737,0.4848083898179424,0.9852313348667884,-0.15159167061241746,-0.342525007478449,-0.058698154474840135,-0.023317727288485787,0.05279288784554525,0.11973623042257381,-0.22400583284632605,0.0
0.29987163683438645,0.38644453681332064,-0.03530789078063191,-0.02827578572324868,0.07577149742204412,0.06871473314982317,0.5518406630131848,1.0432505158876708,-0.2620155352581964,-0.2901666559845456,-0.0031236788792619458,0.0008047208129385464,-0.050564509283865695,0.21154994379624292,-0.10920240654136289,0.0
0.3339280713002749,0.24572334454445255,-0.08337024114953795,-0.002054253095875015,0.12177801289056374,0.0691117427280627,0.40133423367698656,0.9571298661501093,-0.3466579314226874,-0.33605695752039616,0.04745319524368716,0.07660681790047302,-0.19207699751517016,0.3360082404685268,-0.12805268654135804,0.0
0.31239855727704585,0.2602748434099881,0.05194164873317275,0.06692960132721555,0.1646928356280723,0.08267404717425976,0.5001295184562778,0.9766632813526536,-0.3398350782515118,-0.38858781693807154,0.14249411672176726,0.08218286369684791,-0.10783214807378848,0.32154722738394614,0.0419391599839395,0.0
0.28755605364397563,0.3264097580593188,-0.03377316246863095,0.09688419420326705,0.13310109655489863,0.03459923236101417,0.4822458697514845,0.9298868562645374,-0.26894642251582035,-0.33321407193762453,0.12306936720100624,0.1494022747883571,-0.04632729645188544,0.29939560606738663,-0.0790387057558182,0.0
0.29249189178544954,0.32415689551766286,-0.032897712534321714,-0.023387314087711608,0.08885852392667279,0.03437577246994314,0.6169243263887929,1.012337678972663,-0.36497299850886245,-0.2918186328667225,0.059592571805520675,0.25163879011801926,-0.11254351389221873,0.2920976118910392,-0.22832051269662157,0.0
0.28755580261294084,0.301990725690502,0.0137476280023692,-0.012945292559203833,0.11366049199628284,0.07521605412151215,0.46981742540650634,0.9942079545617568,-0.2780542469038532,-0.33771011662857553,-0.0031511861517220102,0.03826720092579933,-0.2147084843012229,0.2473546895088669,-0.22890312519808273,0.0
0.27783306838860033,0.2894233911862048,0.03492986959859744,-0.015010752971174643,0.2102035117081455,-0.05565534213047428,0.43843288170068073,0.9331890928603894,-0.1745988628900305,-0.2622363920827496,0.10872207391906805,-0.0632147037363219,-0.22257080070657892,0.26690019599558906,-0.09372713466360946,0.0
0.2443341546526951,0.3471472517057723,-0.08714874032907757,0.07104699791479148,0.11758070925351628,-0.04755035987555281,0.4243898070806465,0.9459140237430144,-0.20781412489538145,-0.3162881504436883,0.1792202878296889,-0.07610380036930693,-0.1605100905089966,0.05796812060834686,-0.16450730202981684,0.0
0.3056022112729996,0.32838052482469576,0.023503691052891677,0.019323792577085747,0.18180043348063252,0.10511496594333375,0.5129519231302939,1.059710234828956,-0.263692015406774,-0.26555783580612863,0.036053497912530444,0.021442820257099378,-0.0991690256220753,0.09395584178016174,-0.2610220961773502,0.0
0.213125325777437,0.2947935963251622,0.009210206396060232,0.07672722100898285,0.09401641907249368,0.04392369090457192,0.37783310942696213,0.9995018812745384,-0.2000349381640325,-0.3395545679896522,0.04136028993892264,0.06699622869955274,-0.22221353535441873,0.08847111291484361,-0.17420547502169897,0.0
0.20447795835622457,0.23146385298478714,-0.06967830700367558,-0.0036717634509327857,0.1248906268084504,-0.08591165486005369,0.5305036633694111,0.9292279386601259,-0.18336216610103018,-0.3380296021182476,0.14969059592352663,0.08842065446048308,-0.19544172824332873,0.1838196797237216,0.09426268668136165,0.0
0.41917702721736105,0.25143496230489654,0.010739334213154053,0.009141519169090964,0.11270793125398965,0.025149963152798636,0.3319462792774003,0.9722231136041597,-0.14357997573331774,-0.2963065121163887,0.08267622666548809,-0.10254955986844971,-0.16321201246979927,0.05652359653524472,-0.009901167818847895,0.0
0.3587830405842574,0.3040098133409793,-0.02145649285976453,0.057583410976190276,0.08548622628520902,-0.07373320501110181,0.388027714810704,0.9211222327884588,-0.12556769077769103,-0.2072062230492119,0.061429093538165405,-0.09299322496519469,-0.08046961725024945,-0.19052090937989274,-0.2519666208340596,0.0
0.3212603395128215,0.27673729108376205,-0.06452155552931939,0.0692406827006474,0.12500388583549357,-0.026244403573555695,0.4021698998194889,0.994435689293214,-0.05129522944152015,-0.23733745609222046,0.054385164230772,0.009149474423876966,0.09369256903015687,-0.22253025086921835,-0.1314991486280226,0.0
0.3435191033871394,0.33168499479509095,-0.10947010441353122,0.06566055806479262,0.12963673894389366,-0.18656020489234354,0.35081936303413036,1.0505925336055866,-0.0969131732091206,-0.3377913250000579,-0.06614179938395283,0.12182607128530307,0.18008992943067686,-0.12192715719404387,0.029512000086034995,0.0
0.30445760923000653,0.3244763278024255,-0.04371255638652395,0.056669953878109865,0.14005660926446653,-0.07746293063377052,0.38827538038715853,0.9090492538102698,-0.002369431663968233,-0.13623751108505755,-0.12843165438135695,0.13507318623340953,0.20422039173136555,-0.1783294928875765,0.014531336517373228,0.0
0.3298688043120098,0.3172681689086256,-0.08024877207718215,0.09322517705413955,0.15635526812388856,-0.08320860768428467,0.38363428554456336,0.9621873670806812,-0.04320493998035859,-0.16533147012088387,-0.16686560180868817,-0.065116419271976,0.1934708294053851,-0.20613660512967277,-0.13038617598836483,0.0
0.3452638857752636,0.23997822255185147,-0.050821052154892216,0.010791090934304588,0.10233747789085432,-0.07795461455023982,0.37301100925324193,1.0245453692912347,0.028818192159381154,-0.15220028157063487,-0.2012667802683269,0.0627819118650508,0.24286305470420888,-0.26621397690209136,-0.2093070510934354,0.0
0.3614016807646959,0.3367284191009743,-0.0022270963757087467,0.109118346668867,0.0030079238597725405,-0.12681361317129727,0.36009020580467954,0.8123770780606347,-0.07740400173921415,-0.20633536488139192,-0.11802454495660625,-0.08351968832905357,0.11328080386035211,-0.4593944054690056,-0.013355391413927414,0.0
0.34423402786578683,0.23783269939878515,-0.019676030306665655,0.1369812876641807,0.1451050081315322,-0.029472198067719432,0.36902250371975504,0.8982230964752091,0.003543702724573737,-0.15565531259943985,-0.17349607873321163,0.07172131016438682,0.23432880762361305,-0.3286897407097923,-0.0945302991202997,0.0
0.28165168244863636,0.23598817086178644,0.012124557813677342,0.09830738094043562,0.1452098925279043,-0.1262702168636326,0.38941533168284914,0.9790562746873636,-0.07313220839653967,-0.2132464988531549,-0.15401826106376815,0.049758035527617116,0.2464489817030105,-0.25079964827638,-0.08558242871358,0.0
0.32579673259543823,0.3441107341383993,-0.010933953856915344,0.0007299746074543173,0.14448708617884823,-0.1047471549947917,0.25762204147601614,0.8964216570452885,-0.015483931699398764,-0.13825548621199052,-0.017257123998351734,0.09858622316411828,0.21371960013231833,-0.1389669053498232,-0.17228626995247345,0.0
0.35295873009925083,0.26389031941113006,-0.11229272924218353,0.018874919002636756,0.026324533382348997,-0.2026338114561502,0.41296646238253143,1.0221112526336145,0.005191912476116695,-0.1339494539185431,0.15735573764411517,0.056932505795734334,0.17268863218293576,0.0756001513548175,0.018014027892299694,0.0
0.25539884868623736,0.356937293568726,-0.10400116303896226,0.049711165484984395,0.13439483336131217,-0.063034025556322,0.31898609849647913,0.9418081384874277,-0.05880128483708819,-0.21855515618737292,0.07907701253705644,0.1295704827190548,0.021114573011333668,0.014556195831083737,-0.00599266576458489,0.0
0.2271246477807204,0.3522196486223201,-0.035781071037817976,-0.004671246500286372,0.018210166380665013,-0.10451459355672588,0.18220529784144637,0.9834868737823829,-0.014888977780336501,-0.03456688864477071,0.12621383128705424,0.18719623298681665,-0.07717278779443762,0.12001345304232097,-0.017933967453097104,0.0
0.32368211009895625,0.26694375648799595,-0.08390535394452639,0.08764753742784322,0.07982738648701004,-0.13071937331863737,0.18738390055855647,1.0415228270046482,0.012228100674958869,-0.14302063495226472,0.1941912608208486,0.06717081075139122,0.02789693542796305,0.18676338070776927,-0.008393789780839872,0.0
0.3173822160354993,0.24496335185048235,0.007504334515905965,0.07113407944319095,0.0749001726850389,-0.1001889971667381,0.25602692090408985,0.914371586689865,-0.0075768819859585584,-0.05514935887350375,0.2290543830420591,0.1476636590540532,0.11665735516916513,0.23269912722023747,0.048450115487596916,0.0
0.38423945155152334,0.3431961825333922,-0.020918228166252793,-0.04723581171621301,0.02034289722062975,-0.20598615928907457,0.2497652090940727,0.9774108860419096,0.07772293514861747,-0.154370758096587,0.07030530758854596,0.1311692359935748,0.12073256931182483,0.1705515981562965,0.03687897492904452,0.0
0.3605756827458193,0.20582930106940556,0.00042547042134930685,0.07318213695829415,0.05280506297369976,-0.15834179903944962,0.29878080497384757,0.9300299061902064,0.03656297594362345,-0.04450241000294321,0.21079024340970587,0.09303420867170534,-0.07562571603025908,0.09007261080226678,-0.12936638339388004,0.0
0.3163183712794966,0.3178451780679786,0.006347681575517954,0.13841330536343716,0.07701369775572971,-0.22208503325378362,0.249535584986808,0.9813991120384575,0.07677834143028654,-0.16187339629228514,0.1830670800732348,-0.005289010407301523,-0.1325295475292189,0.05653596538424985,-0.13249995347436477,0.0
0.42058005868764525,0.28934862067672784,-0.07292259268444845,0.04502929798124734,0.21846291224603978,-0.1737201085691741,0.18057486343459436,0.9745145462203437,0.10426346213873187,-0.09374418346545041,0.22952517463154742,-0.12958700228232856,-0.05642614226583801,-0.1403632758270418,-0.2528945268485715,0.0
0.30227875378928326,0.3701231284025124,0.027491980062291095,-7.633803854460719e-05,0.10355949463501506,-0.22601217077426325,0.16070506031043924,0.9177013914536807,0.09566273860621957,-0.0931707250759289,0.07571730968487914,0.026033115211135494,-0.1542115249453096,-0.19374090142216635,-0.18759937405843627,0.0
0.28641246572758594,0.2710023604536955,-0.02632769375227238,0.03910551756451532,0.06764906196459175,-0.2950445538565468,0.19091097856706563,0.9217337069228952,0.12483546781837417,-0.01639554157725158,0.1470885885724566,0.16967633554375733,-0.14601319221184608,-0.16931435373105702,-0.31042265083292986,0.0
0.2859223669380402,0.23575114646765002,-0.03812373315221169,0.04425345045660415,0.14779070612052014,-0.23892654493302234,0.16189385641502174,0.9079061882518145,0.16975079992460823,-0.009933960220321836,0.15861443389823787,0.10900034940301506,-0.2777372440624534,-0.10352227944371512,-0.15805488641906862,0.0
0.2850360197793773,0.3742160355050377,-0.02415536793794507,0.013546458561457447,0.15419438791291004,-0.40515834602041617,0.19613838733489605,0.8849188472651196,0.10808012718797089,-0.028495092153539684,0.25054484101877417,0.025225426818842996,-0.23145107904755993,-0.0994834550031376,-0.08343858593105727,0.0
0.3783088722626059,0.31260947956006846,-0.09034617854598956,0.014352868208347545,0.16022033839772495,-0.27341222802124604,0.23184130468104075,0.8641784103625747,0.1564250241248502,-0.028267054375746253,0.08040363436164832,-0.07894212402441425,-0.2745418956234408,-0.1639628858407849,-0.2105266045226889,0.0
0.2699627731551394,0.5086532906300338,-0.025970395477998228,-0.03190993243369464,0.11434724397986377,-0.2547845921398713,0.1368770195896014,0.9154010628139487,0.13310549331391341,-0.0591036120251946,-0.02187616827787131,-0.07774437967832794,-0.17886447866032673,-0.15169926997274544,-0.3720722937873857,0.0
0.3469046688188613,0.3974031360264426,-0.06969805738035183,0.07850015543255243,0.09526863995325943,-0.2526553498277142,0.11603281805876603,0.8759321915171232,0.20230344379188567,0.009104594820481635,0.07820625059993555,-0.006713188531044169,-0.2896827807607748,-0.04957825840939439,-0.2990419789032943,0.0
0.269571303762021,0.31437858169971417,-0.0032237497587379073,0.042068541965779346,0.18147342170569808,-0.41893169285393783,0.08822949862351503,0.9550334827689035,0.08421978158221062,-0.10014141733910273,-0.03616265653242282,-0.015753619237261145,-0.4053228827460821,-0.2724621721587669,-0.24194767928759042,0.0
0.3060841125254937,0.3423273223401845,0.004997859220454856,0.06034240144536689,0.1470214042100944,-0.300027796801885,0.036548394965268335,0.8936234545407373,0.16089042321669417,0.039585600688337504,-0.01748981798477524,-0.05287256525199721,-0.3916902764986063,-0.4664006274158845,-0.045965822564730974,0.0
0.3237843545059473,0.2735056601810591,0.0503981536823906,0.15680156746565166,0.12424163938247083,-0.358166512687671,0.10173006149670036,0.7058428696435692,0.2688777203400359,0.021399794203349885,-0.20447553541324898,-0.008620720352343902,-0.3267909429561083,-0.4009588571218626,-0.029459675136647497,0.0
0.3141039630247619,0.3752088073862799,-0.0716767407665114,0.04723563426008464,0.0885598606631808,-0.3678077500261454,-0.016918450383954217,0.8427381343485162,0.22577663660991257,0.03040910114569381,-0.2588841768355823,0.166646443359724,-0.28282191418860647,-0.3900030078879839,-0.0708727701856474,0.0
0.38326412167967644,0.3985197910576069,0.0009307152834944314,0.031798286991036415,0.147940299564844,-0.35355698759592663,0.06675811163837617,0.8647191412528394,0.25432350562571515,-0.05458986435419916,-0.27902966292823533,0.12380890271273523,-0.3102009727624766,-0.292873323751092,-0.00963397495631644,0.0
0.2970346676304602,0.3451898211836312,-0.030339418125068386,0.03942331009148135,0.1263595248918572,-0.3829716460321802,0.15380038470400895,0.8295021709358443,0.2797025689167555,0.05902590255512759,-0.3794229978933983,0.08784928276981523,-0.0333873952974347,-0.19003686172479173,-0.035853437407083556,0.0
0.4131174457057138,0.2987174258033075,-0.08370138944664846,0.07083352772639179,0.14945085709824046,-0.43948335833382113,0.03477270138240009,0.8369153819500367,0.31449616753029225,0.07566159575231007,-0.23822963486963372,0.04071421002847949,0.11412415795161693,-0.10179257850997407,0.2763382206811062,0.0
0.3739259237008373,0.32458637961276576,-0.008715705770894085,0.08750083664097841,0.09665839615570351,-0.4105826276679707,0.06007991493939163,0.8997351681089732,0.3536146790891537,0.046631189470391014,-0.047754065175473495,0.07157940986291768,0.12213855524337248,-0.03528968593961741,0.15356742626865139,0.0
0.28113354950628155,0.38182396319541645,-0.009771466814680685,0.11643802531214678,0.09836708766075017,-0.34321060212844867,0.08136659053515946,0.8770898475648312,0.3294258047796334,0.053309309643036686,-0.019633840572339346,0.14900164975217717,0.01921747677961025,-0.021520985857499036,-0.05296067677563615,0.0
0.35488948453043806,0.358631034303052,-0.03304206906439532,0.08915067032102993,0.14018262506011758,-0.3539246170692362,0.10590029712675343,0.8512802296115938,0.31806240134477654,0.07442116609348448,-0.07599219646441624,0.24270352629102543,0.10508040820995038,0.053854702965217584,0.1097407931667508,0.0
0.3451639526125366,0.31945886656292327,0.03524165617453254,0.023966405084713843,0.20687830609872176,-0.3892435208029589,-0.08799171205169938,0.8312324913664935,0.4151448565642735,0.17026293388836575,-0.04540145053338552,0.06340510460033306,0.3354081395023636,0.03750551930797337,0.0060514023383760746,0.0
0.2994873175012012,0.3209501525453059,-0.06091084643440774,0.025837527774281124,0.10596743338478776,-0.37738783514933794,-0.014294212381246663,0.7551734528507956,0.4624543333640707,0.03917923300109082,-0.1157003237319427,-0.22005112424618073,0.000365639301226961,0.12049927066092433,0.057363430648250724,0.0
0.3586824045042252,0.33416579882476544,0.06931092288244668,0.015245624001355401,0.15490855578641016,-0.49042352584954635,-0.051912172163260745,0.865390062951964,0.2925866199630537,0.121392696680929,-0.07828550742046624,0.034713229400719026,-0.1376968951944269,0.09755899202600758,0.01815521430372901,0.0
0.2968490820972414,0.3567925279060228,-0.010233246968573348,0.03876286699099646,0.13715772060570725,-0.39071618309379413,0.007840119926464488,0.8665331965998742,0.3934264879539614,0.12028102859047497,-0.045214255485821586,-0.05218587522582775,-0.011702466337746423,-0.031858243907488745,-0.07777282214131602,0.0
0.3491815904290544,0.29236931027344365,-0.06111343445738281,0.06913216392809328,0.16079187755021374,-0.45561494346507503,-0.15594309407520132,0.8573772057029503,0.30486574784384746,0.09296963031795677,0.05254629103425527,0.020585605535281118,-0.0880818104966596,0.06234229808585438,-0.08659810456492929,0.0
0.3975580819601122,0.3306826245135461,-0.000900467599289273,0.09253341631791964,0.12673888289008323,-0.4706150739520163,-0.0679678130950645,0.8528230677822743,0.4002472190811099,0.11283891162992732,-0.07115927978890553,0.2752420032329424,0.022584023348774657,0.08617479802355454,-0.18099841032666653,0.0
0.3376853144996491,0.28993658719086246,0.0101916056024722,-0.008828342755164365,0.12917654954937588,-0.4945325554789328,0.018675650745234626,0.8010361314911353,0.32682379456071814,0.04656522535013176,0.005325721994413869,0.0636654074696486,0.0062333846418717795,0.17027390657185976,-0.1603386265504151,0.0
0.3520865322186045,0.37266611443207714,-0.025414976579892994,0.1700146405689342,0.15436170673534805,-0.4289278654411742,-0.012052162943573919,0.6806260593954356,0.3987969735418874,0.1480283433980753,-0.12391269672412923,0.2783415321851531,0.14247592625096966,0.30426866764197874,-0.005368930889630086,0.0
0.334140019043336,0.4061801451058056,-0.0007875674887212261,0.18463272712816708,0.1696457223708891,-0.5216640074517748,0.05667226640610164,0.7827996433376431,0.4439817145201083,0.08585637194173398,0.002264383284970417,0.2757002948633974,0.04744512783198254,0.2720034055248423,-0.005236759077729182,0.0
0.3507165946664025,0.3742048973900717,0.0631517233024932,0.004896140635843538,0.19291843615360402,-0.4740586107942648,-0.04723879836453762,0.7681319443297372,0.3558940689978751,0.12637165944720222,-0.11835791134267638,0.14429145095801538,0.06721228124361886,0.31401468531092946,-0.127405404425749,0.0
0.3600028514076803,0.29014110928139314,-0.06817083769820392,0.00749687962864673,0.159955535444191,-0.5077829129927961,-0.11547827969232452,0.7501606952906696,0.44545192410321793,0.22463764827481075,-0.1455630341959384,0.0840936858669578,0.02404482785123232,0.4203243049248492,-0.04617412527328013,0.0
0.2466636288805923,0.27512140962181464,-0.02239530863351393,0.030049494427884543,0.07535241924946888,-0.4986601324722861,-0.10660523481597219,0.6666519278710004,0.5257194251887551,0.23911626144159764,-0.2484843826811053,0.020546738701728427,0.10015287229162168,0.2322524882870777,-0.06055308653750438,0.0
0.401505084121572,0.4006427668081957,-0.12140641965120956,0.0072960697466858265,0.03958218879256861,-0.6101281315522581,-0.17435654388222313,0.7478124814681049,0.4643564689401971,0.2738733365447179,-0.3014607080295315,-0.02796347970997918,0.09266818250681039,0.1037901396249564,-0.11630606308913077,0.0
0.3997304508854168,0.3626523571144782,0.05784580267951292,0.18947723379286552,0.13359291026739012,-0.5712886421007705,-0.17479507400966635,0.733950080622956,0.5110513378036889,0.19438565759799642,-0.10808677267663583,0.00023949843853796407,0.21653874142142868,-0.01835611005758743,-0.19602983825769937,0.0
0.31522968034442683,0.38956382818651086,0.04655418492143738,0.09203976338038705,0.06621760404045164,-0.49999973925988006,-0.16122821448364275,0.7471045761053717,0.5111142681866299,0.19842430643594297,-0.028937543416828346,-0.06835280879127285,0.2064467043140542,0.035241717972210686,-0.09494327738429689,0.0
0.3667657437413721,0.32152719575853356,-0.001086396388290202,-0.03179066763019975,0.026521026259195515,-0.5332354473995919,-0.17971738710677398,0.7739695095931287,0.5549609444459235,0.24229327636976886,0.11757072119122379,-0.1553733594097327,0.26415420172349724,0.15875896695704683,-0.14936751243564617,0.0
0.4031424612756893,0.37185381970864845,0.003666410000368679,0.10878354353507046,0.05928396538653913,-0.5065378346228706,-0.1808609138118094,0.6872822750559842,0.4671048591693291,0.20686839678394084,-0.0441928632744371,-0.1620527608122283,0.24132402064785974,0.11146734521912395,-0.08972668772199939,0.0
0.33447101043565736,0.32764032580315483,-0.031259771906187866,0.07619242901376926,0.14760143599917605,-0.5688642312259602,-0.2057213747561793,0.6806083561373597,0.5776201870427482,0.12334740286441966,-0.1232681143976296,-0.20226664908172987,0.3224857254646407,0.1620661403159963,0.17778292251266453,0.0
0.27686539923335995,0.34293673559395216,-0.005310842633099062,0.05576753606955116,0.10288237105116288,-0.5421155394207469,-0.17103496294766576,0.7514622004216521,0.6096226439434539,0.19682933288596116,0.024610612335113635,0.06463097446753238,0.3276292533599216,0.20042868451163925,0.13093407126196632,0.0
0.3891476234745589,0.3780344330092166,-0.030595541874929313,0.09050916245381205,0.1459169540992102,-0.6824390299207537,-0.24648954387598299,0.7121218624606687,0.5717874077537601,0.22735764464497746,-0.035080462530942984,-0.04540538118578451,0.27419551626684574,0.3788606118606989,0.06295429021949334,0.0
0.3428294601517064,0.26157927007647463,-0.0012855812525173916,0.14542718568830776,0.18217103094252973,-0.5181954487135109,-0.16063256943686632,0.6952574831004451,0.5835165890247271,0.20886699683097593,0.09234465176620381,-0.071074800825649,0.31438639093057824,0.38582878397989473,-0.038556663602400246,0.0
0.3937661153687366,0.3708868346481943,-0.06577043937299624,0.08056389824843127,0.1470030119481164,-0.5908191736796772,-0.27861489278179447,0.7175170799171232,0.5758980695164543,0.20373980234017214,0.19891241294496323,-0.021171506723114488,0.15626341835012197,0.16544904290725315,-0.01736108503070463,0.0
0.29941011023714603,0.32811555609953724,-0.003010843437335077,0.11399823867152596,0.19434769000612676,-0.5742225552636787,-0.28532729259642114,0.6833948025140305,0.5752084775816255,0.22348051759406523,0.25918518315509587,-0.10297674997711323,0.19983475304441836,0.13062501768470708,-0.020240086957382088,0.0
0.3666877015685205,0.35138125385580826,-0.044886781845068356,0.0454755565735274,0.1760508227187814,-0.7541053700683484,-0.2762149432125137,0.6332635622602635,0.6492282882281222,0.26180001509786627,0.05387796508896131,-0.19366166023359416,0.23670675611105046,0.16445696389018846,-0.08362183953118543,0.0
0.24698964266166923,0.44395008922702084,-0.0599292251222723,0.16818110128676744,0.18961429462279394,-0.5537613206884561,-0.26238232278480045,0.674889833060255,0.6101004894782949,0.3067253741306354,0.11331862498520207,-0.08925890405380477,0.25121592947512655,0.11740087719962534,-0.09291918161016496,0.0
0.39060202161369906,0.3845551425996593,-0.11447092931799871,0.10582176410509574,0.21544184951430778,-0.6221944716348838,-0.3578070507390287,0.6398635706581508,0.6052614841713329,0.33847556794655087,0.04425654605802355,-0.10670568051780632,-0.026753981329399323,0.11689798362143952,-0.18917152071488308,0.0
0.40645847262837786,0.34237764314864855,-0.04147573844895235,0.08438577730471165,0.26303293917379367,-0.6632638685238191,-0.3315364607537055,0.6803339722296255,0.5975173669185526,0.21928408742154037,-0.061290377648447775,-0.09078739438210157,-0.0582823598711638,0.02632318018501792,-0.2478338213626521,0.0
0.39561612019150943,0.25548581980476326,-0.04363515113311835,0.08253367487042489,0.049525638781353604,-0.6792726488616452,-0.3838008217856933,0.6160374235368458,0.5839734381158559,0.39506247109674075,-0.10063161131565132,0.009130513802322639,-0.0789556394692027,0.04358816904587848,-0.24373592235852293,0.0
0.4209717472914209,0.43254186629551966,-0.010777535629855181,0.1763621351179987,0.16123633523856126,-0.7009208960998781,-0.372093656836144,0.6060598320754902,0.6884302264498094,0.26639892851071967,0.016162790212073147,0.054283957964084716,-0.2174210932738861,-0.05919222231120854,-0.07338027570448338,0.0
0.32222745463310787,0.348544525877887,0.0755398227236625,0.11644467002414596,0.07355952893082503,-0.6617879502035381,-0.31737262933915156,0.6190233151199543,0.6555569287686045,0.3199926070352559,0.011590954394878424,0.14617624228352466,-0.16452760671812525,0.018219824662990797,-0.16585139895911966,0.0
0.4665797393270247,0.48396321462903014,-0.011385508628895442,0.1253814838161948,0.13948634261294798,-0.6594291518436252,-0.3422151765816807,0.6928843899986741,0.6420648993028322,0.2552375096399395,-0.06093470134167031,0.11500521337491468,-0.04105157049964875,0.05025577441243603,0.10729244336230043,0.0
0.29933661919206656,0.3376230047710781,-0.11942261980588728,0.0788721113996314,0.28560076454520344,-0.689217821847065,-0.42058626306069424,0.6528745466206756,0.6499766892871083,0.31323105214894625,-0.09519867791129388,0.09007617570737975,-0.03096747808936161,0.1319732076612888,-0.025192135680938005,0.0
0.3972478844931072,0.28107519800713054,-0.104899854389505,0.17172311527553155,0.14072119239069047,-0.6231814739491057,-0.42745686729961496,0.710379665934089,0.6642770314227904,0.3959558673568284,-0.0028927233324504004,0.060564065583155614,0.12168383382415225,0.1770363835458506,-0.10443011560537135,0.0
0.3343114182632848,0.3299936336683711,0.007414126480767664,0.10066130644440988,0.16158208806582713,-0.711643658964128,-0.41777332775606163,0.5758481074024551,0.7253191418573223,0.46160295635487175,-0.03461295400788687,-0.06513306919622902,0.13270833715882668,0.03817994020107368,-0.13651505908235917,0.0
0.4140921347304417,0.406063908999839,-0.04630826530639974,0.10921886366957714,0.1904693879401469,-0.629040901458428,-0.4557652907794815,0.643335230773214,0.7294569135941711,0.3156108402093574,-0.03639646029170671,-0.004380542209241695,0.055657964283834356,0.11302742602787147,-0.16964167293292365,0.0
0.38789870414474026,0.37009168733167275,-0.10701699460533949,0.09886075377687685,0.11712808107780978,-0.7752643389269294,-0.3730948929123735,0.5309872096924938,0.756779501091553,0.43953045812355346,-0.093868618654848,0.0308326582864143,-0.08092659184642803,0.013070577823463103,-0.163531179996662,0.0
0.39541138492507827,0.38601289646360987,-0.08614210741248882,0.06863137051051295,0.19953057861181728,-0.7111873015116155,-0.4106648612436257,0.611740376516124,0.7665311301112318,0.302732483025887,0.016958020873138906,0.08104660297256529,0.023252316041883644,0.0695608899281217,-0.27178773982272275,0.0
0.396957981297628,0.3467845846807756,-0.09446130785023728,0.008749683405252201,0.10745320010735582,-0.6606464878273473,-0.3755838236408495,0.5550718299504384,0.6556709457680165,0.37385580107198274,-0.023915696950087807,0.20070791285514802,-0.010646329504543129,-0.013128380830120044,-0.09543248324980891,0.0
0.3783974831525693,0.31075745707577873,-0.020156939939755907,0.1750514363598809,0.11882743030442758,-0.6986376757439239,-0.4360003992595665,0.6165640271813342,0.7099971954628612,0.41772503984143977,0.05622410994336377,0.09538486925030046,-0.1345311486966988,-0.09447641184425608,0.03234531151267432,0.0
0.3779656608302943,0.36887664016460675,0.029980701982974832,0.16650516301058133,0.14452956519436372,-0.7972204467952801,-0.5438970024714866,0.6251063119602547,0.7844375960758286,0.3517183707689334,0.05822590633214487,0.2412345752911465,-0.10413231212245007,0.02089390057628518,0.04222417807222689,0.0
0.34650333883342976,0.38061999022131854,-0.01827829266016577,0.09987683415785195,0.1029751151160271,-0.7056629228250137,-0.47647604621733564,0.5209551199102309,0.820766647819771,0.41294669654055066,0.1195132173593176,0.15249774605867084,-0.15761860485359708,0.1496116870369708,0.11974876472536211,0.0
0.44627272835902565,0.44078451684970466,-0.04351492706766469,0.03951244010301957,0.2059528562668136,-0.7195962650182929,-0.36747994564443026,0.5745820594284524,0.7118445666301803,0.3991795142975967,0.12882739886446082,0.18435245390618502,-0.13633690060057208,0.08026624977859653,0.15482558055700302,0.0
0.3221595368329202,0.4648517085413241,0.11895785615134542,0.09253405697033251,0.16851708173898833,-0.8259303052601563,-0.4866838626025634,0.4768742250646006,0.726310381676645,0.34258234179114316,0.17985343082032668,0.17498104071991247,-0.3892930062191581,-0.03836121422117744,-0.011797145482395466,0.0
0.3635889022595773,0.28616662006456894,0.005030898019174106,0.1779144764109869,0.13632237970734626,-0.8046600869091421,-0.49509248353878593,0.5609028803955074,0.8376707958446691,0.40220742381875607,0.09711599167999246,0.04642521842970759,-0.22329662255100385,-0.08178454558913165,-0.07040683061049857,0.0
0.44773487452690325,0.34389709789430256,0.06223483245926982,0.13720763087124666,0.17840792000161274,-0.8387608714651683,-0.4759674067248085,0.44657431109615653,0.7502724872491383,0.44908509870432045,0.2169688427642037,0.156428848439812,-0.11996519938575267,-0.14934358960911293,-0.15354514581045767,0.0
0.4002751041818288,0.351541590986538,-0.02781717082199872,0.12425254566649604,0.11682991240746202,-0.7754338802342922,-0.489290566761434,0.6000821056897336,0.8123410278077333,0.39250281372010976,0.05633649092949915,0.20966352951909933,-0.2821729223934713,-0.08090605435694649,0.01940557552407801,0.0
0.4025196030738928,0.40753091266346797,0.01235035471308186,0.048373130410378745,0.24200937727809085,-0.8551674493308945,-0.5013211525794506,0.5373907570108338,0.8242754704904477,0.5037986568329268,-0.007842714826570826,0.16805572639890162,-0.15766573774440767,0.0073792411595963725,0.008572929263747267,0.0
0.48819823980681276,0.3613006170133533,0.06008430602107697,0.15464543977290895,0.17757503291002302,-0.841059677376456,-0.579004012637343,0.47043348842272636,0.8507092139570709,0.4633928576865183,-0.028146821265890735,-0.14105458045570846,-0.2365359584114327,0.037863616326064144,0.09453770935442027,0.0
0.4293705204914897,0.29772451798827737,-0.08160953815114576,0.12455752580963207,0.18630996749605466,-0.8520617048056683,-0.541658503712571,0.4423476723867632,0.8954538586568142,0.4527314987092717,0.11501873974776033,-0.07161264184181415,-0.28165885441333416,-0.024700521028861444,0.014056092106089685,0.0
0.40244079240011,0.4114267184317,-0.10122198651846345,0.073609142122096,0.11366418498262837,-0.8071850604444395,-0.5076535684368199,0.4626009708434121,0.7822330878101801,0.4548948577175723,0.1981314384713358,-0.13990210568494227,-0.3298489155984784,-0.009621998937201419,-0.03516918724593989,0.0
0.40495549486872745,0.41145521890784487,0.05799836693434122,0.04702100915645478,0.28309550880223877,-0.7538589432066665,-0.560167848980259,0.4995750429055439,0.8590323964976497,0.49761346247219274,0.08740736598198584,-0.1684885757522895,-0.23889580445678166,-0.03034296702404189,-0.1178498165559097,0.0
0.3699662417014272,0.3642153774340565,0.062136367856382324,0.1431701225560011,0.13139214591670692,-0.8356947772023763,-0.634617032382135,0.33924522246281763,0.8505056722059823,0.4545686177048908,0.13955467834502464,-0.07913408700888212,-0.1413895181574597,0.11296889449538325,-0.0823317191251921,0.0
0.3142211043778869,0.34907125228736735,0.025957300888848647,0.10489429116902095,0.20178544532339518,-0.9077317520554764,-0.595135132895862,0.4388339867650849,0.7741909067328107,0.45218193528977746,0.012970360941251716,0.12237996420929866,-0.24058852424925173,-0.03536445062311812,0.05040717598085119,0.0
0.3331822961578582,0.351037366116585,0.018037055063099605,0.14836427588339535,0.13984067757238597,-0.8212423349888429,-0.5267079535220347,0.3898623481214323,0.9070457822808123,0.49141785739228716,0.0034280678151850565,-0.029583553916187777,-0.30926153817196456,0.01181639976840794,0.05670465242420426,0.0
0.26044656378528214,0.45926391867949284,-0.0571227510486901,0.1097053946323835,0.25353992104549,-0.8627728037416235,-0.6622011803815817,0.36551482109020517,0.8235603972235723,0.5175033657699455,0.1851144070215908,-0.24797410277090745,-0.12108066464299036,-0.06824033143328656,0.0538140164415895,0.0
0.342234470415038,0.30419677427170944,0.14073916603904726,0.10538539060156081,0.20136620727148852,-0.8037311067853581,-0.6219795863747564,0.3490387602971401,0.8428594631301469,0.6147442051349125,0.24531529267307492,-0.06221727123431689,-0.0579122090841248,-0.1357938205648545,0.09092301634729924,0.0
0.3822508372311897,0.3692921025494385,0.07283145098121865,0.11585302500177369,0.1529900608838738,-0.8681423783740607,-0.5735669277964457,0.4516278733563902,0.8968835593895811,0.5134049118737779,0.11353629096906506,-0.1834805076462575,-0.03318867861778308,-0.35936213459389715,0.26235725972691215,0.0
0.39121916589535144,0.4453382518755447,0.011981033054568057,0.16791829753483686,0.1882098892711054,-0.8478606981281422,-0.6459693637110977,0.347912214876421,0.8732635685880124,0.5304943813393843,0.11973129753151762,-0.2212012886922276,0.004796597283701125,-0.3429138309478735,0.17217750541822707,0.0
0.3922272684055989,0.42765517477904164,0.01721852309608874,0.11308873875750476,0.25195893635210864,-0.9271496190473973,-0.6189505328151845,0.40846264501042845,0.9310382591940145,0.5556703505393565,0.08975583469887184,-0.022270508784022716,0.06842437969616558,-0.3178791641507246,-0.007231179068959787,0.0
0.38763965117032284,0.3787738752945801,-0.045863638269645485,0.07791836729258628,0.23920168933009187,-0.7792256546792388,-0.685514012265006,0.4511547998893672,0.9044039497206504,0.6089631251750379,-0.04654388453560857,0.0758011367781556,-0.041030899291111776,-0.1680101157105255,-0.024167420781604713,0.0
0.2945270676561499,0.47356103804250954,0.03909749921126251,0.0042815688031150045,0.04821888517068343,-0.8413835392132382,-0.6322853023771434,0.3559225819669347,0.8013146890376269,0.5666330113190623,-0.14165155156806467,0.017921843276482007,-0.12223770492409217,-0.26789625441080667,-0.004221608365161722,0.0
0.43929243197528184,0.38464343898787945,0.00282554971699199,0.0869634878037445,0.2413779299183976,-0.824878789950974,-0.6386497025360632,0.38469267070172064,0.8961087126299961,0.5754867222717389,0.09403794478717563,-0.09695164675076678,-0.009243629185566288,-0.371575313249598,-0.05824868054174658,0.0
0.41619225254741055,0.45273129498301157,-0.010575775626758932,0.1890415502003008,0.15078283491307712,-0.9149962912304862,-0.6189773504698735,0.3076093456116312,0.8774694066736053,0.597780172503211,0.003358817239249995,0.10187267615091478,-0.05318878014280979,-0.3261509040607785,-0.053545379278426355,0.0
0.3579553568938778,0.3750827785231674,-0.0663289834804328,0.1624273360225211,0.24411570658327308,-0.9211578718322913,-0.6707106662876368,0.2983409351497192,0.9794747990618271,0.5405532575306845,-0.0719983756878632,-0.04528605447413035,0.06756591599487628,-0.2108781173933321,-0.08493108410162822,0.0
0.45347064627385986,0.3951479243584481,-0.02422526627593665,0.07321584113522463,0.2045877580583109,-0.8895174994305731,-0.7139535955189346,0.35222002744166586,0.9257919839248419,0.6063007503676457,0.02396940969644911,-0.14655701966462534,-0.24936377990563915,-0.31152030859976665,-0.24236530498574693,0.0
0.41209697343713686,0.4004169260441434,0.03471827256265844,0.13494797021205443,0.2259001955552892,-0.934268705331836,-0.7658818782994339,0.3416451138845514,0.862127336703242,0.5367413650532549,0.12659886239429305,-0.18105879108985165,-0.48045716762883955,-0.34812144472840734,-0.06660761824513092,0.0
0.40335599861806243,0.4245441720950299,0.010643005474399458,0.11545017460028398,0.23001819363800619,-0.928481895425523,-0.6723609044625042,0.35551061186244126,0.9551560245345357,0.5688615454625473,0.21401099424740333,-0.3043754792344781,-0.4601014360523717,-0.3568283529516111,-0.25824534362662044,0.0
0.4182422205392407,0.3891525858469459,-0.07137144081531314,0.1031833079325534,0.24410572562203253,-0.8834044385203526,-0.641720232775607,0.2843131746445734,0.9797945023678666,0.5310701567158098,0.13494190091604588,-0.22422149848422435,-0.17323580667641345,-0.36955951134016973,-0.30775418181073055,0.0
0.45159924088820963,0.40319559886846273,0.08260593507403839,0.09435021549911812,0.22505795626179395,-0.9800776191327699,-0.7037410321689669,0.2617897497770126,0.8614258637067921,0.5314822997326973,0.2733387718892626,-0.16455522667827632,-0.1621610800696792,-0.3718226217665322,-0.2417082960162399,0.0
0.43760858998980584,0.446153119234359,0.042325746991996226,0.07850874900456034,0.15854784936295663,-0.8830922035811001,-0.6419665448225746,0.2940977611406632,0.9739632319451063,0.5680855634975011,0.24027639386753608,-0.08868218767164744,-0.17881911326515995,-0.35120773809243927,-0.33627340802061373,0.0
0.3986981015968296,0.39561631024378413,-0.022040115406063016,0.13743016972761798,0.22188469443856706,-1.0475773863311395,-0.7327967306036259,0.2620805516023299,0.9657709627829284,0.6368194213508541,0.23119984330456364,-0.0679874845062391,-0.22194838408417317,-0.4444589347158596,-0.17814671423013875,0.0
0.3267674267215426,0.430055428257152,0.013912955489952911,0.07762654123745026,0.24167365066483293,-0.8671027003923824,-0.7632695542479405,0.22156708376840184,0.9997379871782371,0.5947411595982617,0.11165524994830486,0.05010334091286601,-0.2244914322287477,-0.2708043085585151,-0.13926980006517187,0.0
0.3992063591568222,0.4241825831936751,-0.015658891168763824,0.22311737930682818,0.12256821109422472,-0.9531291109365881,-0.751036443914292,0.23100077166612965,1.006243182847573,0.6524657800021172,0.03718132518545743,0.2917386918597756,-0.3539161643718154,-0.1715501952972398,0.0041724441982718685,0.0
0.31559167728120335,0.4608416268290552,0.07751251475308236,0.007916695475759752,0.19076396570114965,-0.8557553652198717,-0.695019787231501,0.21500502350544806,0.918311315263283,0.7169993777205294,-0.18596330573876835,0.22769245118420772,-0.1733738564771729,-0.1383181135529915,-0.026845493402151675,0.0
0.3921260050116968,0.48000543242970417,0.007408245551597076,0.13258004738057647,0.16044169420998355,-0.8989941082611042,-0.8634451032567169,0.2847681860513328,0.9507987456336977,0.6791819228098493,-0.08720415597182518,0.10315763461924088,-0.2757918731816682,-0.10550579972162755,0.08326768763181269,0.0
0.5113125502613705,0.3562005406069601,0.013442737086282026,0.16077554397402938,0.21594321842118128,-0.9621146157170908,-0.7411479958634994,0.19849514260361578,1.025771377223793,0.6332615743791997,-0.21007934927483307,-0.022216078289573657,-0.2604174453206052,-0.17421966817843643,0.16132850851769884,0.0
0.45061809504310424,0.4743045740559437,0.02784327713649873,0.06546659294740112,0.15603109966128412,-0.9293115705046895,-0.8013939381302874,0.09225163898203403,1.0167023007999487,0.5899857258113642,-0.05719941088435776,-0.18867899463080867,-0.3173958530936816,-0.052275632996894375,0.1906952693546869,0.0
0.36941186225021505,0.38128872598461205,-0.03928120636452981,0.12780765450069143,0.12118066757369007,-0.9009649156779094,-0.8180094312515332,0.17814358078627748,0.9321753542790305,0.7165328063109487,-0.185683591741191,-0.17372389857580928,-0.24927506609281921,0.09468220984144296,0.11076503493827743,0.0
0.3629623531981619,0.3712553009073897,-0.05761816126227273,0.09554008534406337,0.194189427042527,-0.9382420090213482,-0.8256682714434417,0.16528991527944376,1.046447607506431,0.5755428598266377,-0.09224622605125721,-0.14279232828176602,-0.3194077651010342,0.15390970012821628,-0.03051618347330523,0.0
0.5093187283194222,0.42397114422904714,-0.03961542281716843,0.12995001288587021,0.16243873280863463,-0.9865068221710419,-0.8816254379052919,0.1858314146372237,0.9247915878699012,0.6915467637000057,-0.06297133395544191,-0.15812403713597817,-0.26578005389603726,0.12952092617648217,0.06014760948108591,0.0
0.4535895563153392,0.4723141992811904,-0.07352818733780708,0.1568893137591629,0.1994432520189585,-1.0598124164165166,-0.825373000260776,0.180599690048728,0.9765104362857076,0.615829591972213,-0.1534913210896957,-0.1397173569150187,-0.19282214891737012,-0.13748493885717816,0.1412294899290709,0.0
0.4280743852413838,0.40160502146726823,0.010013727425304996,0.1536299577036245,0.2091196732610875,-0.9593061523598119,-0.861112347176545,0.18996118771103235,1.0692137727601527,0.7373640839931633,-0.12601174780428803,-0.13551716340879305,-0.2178542023330746,0.02274714456212197,0.11715533111898548,0.0
0.49060848133829976,0.4598154388083672,0.015306437278215245,0.19020514523117188,0.2341342818633505,-0.8650956083560688,-0.7804805664625047,0.22799376642387487,0.9218959267631301,0.750043562658455,0.07821267920528642,-0.33366689983122155,-0.29532797215244133,-0.17639620697750552,0.08935882094945818,0.0
0.4514473908793627,0.4086148253232428,-0.04803005321044469,0.16817868393749133,0.16015942164622926,-1.0603857951896831,-0.8625166783527085,0.0902466459714347,1.0380234794265426,0.7413971279000517,-0.11793523963843847,-0.30159659671403394,-0.20808923305194796,-0.2807661694813228,0.02914354585535265,0.0
0.46896032870225995,0.4528819588684277,-0.05809630133582114,0.06793405616418971,0.16769510541547356,-0.9202609952119664,-0.8266058614842786,0.058310303539476416,1.0978656321619964,0.6327641318848555,-0.07728238377191446,-0.2706927104594533,-0.22416312625881918,-0.3634185309066351,-0.017425571895151773,0.0
0.48164573333088256,0.48801582968297474,0.10094000701349805,0.13518272027603037,0.26571728862463884,-0.9877450541307359,-0.8061401694869372,0.058071597147211454,1.0215353018777835,0.7356666366375213,-0.07468221267280171,-0.10963135156874798,-0.09692850047300976,-0.32183478036102364,-0.08660364169333222,0.0
0.38800484419705655,0.4474527368132303,-0.018550783691859286,0.019853191052629407,0.27172176823926725,-0.9920652747439206,-0.80224950127702,0.1383734572805584,1.002421176321057,0.7832431334427129,0.09652165030848597,0.04078011447688873,-0.10225358224343774,-0.2837322782605211,-0.11916321993080047,0.0
0.4336550753309918,0.4097892013195176,0.012962733480309357,0.05091830199081336,0.1951797415247317,-0.9920670907190043,-0.862923291747855,0.0626436835662105,0.9946774811207817,0.6818880103957925,0.10049513048305407,-0.10821926151032071,-0.20252476410259818,-0.1408769993795055,0.015109348279213175,0.0
0.4033987024036412,0.4187233142979467,0.008338591969368123,0.06224626963619051,0.18755656360516304,-0.9299760816204392,-0.9498891039619681,0.07594751286199891,1.0621984429385738,0.6320632915659266,0.15297068047394038,-0.19258707426220173,-0.23386736779649003,-0.19925662858161053,0.005339928469737987,0.0
0.44753655975349527,0.4471216981532105,0.04475044749392179,0.13285116991221807,0.20120847628579827,-0.9234380609798344,-0.9270058415785313,0.09014457255571363,1.0075808560507629,0.8387679363996743,0.16379262788064805,-0.030584756058310153,-0.19781649730576117,-0.3138897429298763,0.04631815418347659,0.0
0.4930071512593554,0.41723133623211084,0.02939554992114537,0.04309271020789553,0.16551780338390237,-1.0116586334860627,-0.9075518653764395,0.08520216199313918,0.9847380229607241,0.7618423728218232,0.08034129229296873,-0.020443395703265005,-0.2749053130699295,-0.36128276460642494,-0.015342074908917883,0.0
0.407800017492299,0.4291412638831327,0.010990144647415323,0.13025007926246313,0.18341444961590114,-0.9854549675951655,-0.9142575483626592,0.051658774630637595,1.122458141890169,0.8226689796887788,-0.04202956999120219,0.19886191734564465,-0.03465315797872806,-0.3090028276277707,0.028908954708114665,0.0
0.3447172435428249,0.515856977821937,-0.022516855205214896,0.16984045868170938,0.2442141198942469,-0.9711229550681992,-0.8824626532819473,0.1226802776223428,0.9420018104324578,0.7305832210301245,0.018140185503588653,0.2503246674699472,0.0056236370837270365,-0.17589962387038865,0.06511262908205714,0.0
0.4859078757125445,0.42457306005518697,-0.024578835135124204,0.10700418842938754,0.2514319985419644,-0.9450713743142027,-0.9761115820041919,0.04078967054925792,1.026853314260749,0.7540098125016057,0.018797691060059317,0.3288609773062733,0.12174568864004937,-0.11624614534254207,0.004698131442331853,0.0
0.5090477198256848,0.4346131853013607,0.005031192536777439,0.1503319341975742,0.2362257744294192,-0.9841475733650042,-0.9553609715126253,-0.029731372212191846,0.9720431723063676,0.7552157496392425,-0.02654577147754674,0.2838061392211585,0.13154764234901864,-0.1510821406525984,-0.152228943097448,0.0
0.4931024818209423,0.4708620868700765,0.052522591024374427,0.17790579414562896,0.19216513708368307,-1.00924740646439,-0.8914743756844458,0.07320523277885677,1.0804662144496269,0.8491730090997776,-0.050368057586414376,0.006482479345450043,0.08914306637444899,-0.0830212760377893,-0.15999836135600268,0.0
0.4376383692052427,0.5102652330558614,-0.03791452654348994,0.11164239035575099,0.22424060950580038,-0.9957832274758063,-0.845926290568586,0.08325192494908949,1.069177494564963,0.812598991807163,0.003573449563058856,-0.07144033046836928,0.05783549725721708,0.013952173019421574,-0.10371435841984442,0.0
0.4408931191864353,0.5188964427038072,0.00475398250439105,0.16369261115657152,0.2521704866977855,-1.0373111649491444,-0.963172155697258,-0.05617633195111289,1.0300901983562845,0.7520898940271153,0.09397036098070595,-0.07963561229245147,0.2339446919785287,-0.07528713884995969,-0.014050828855501338,0.0
0.4389942862479784,0.48691154670335013,0.010122712391842224,0.24524090205816132,0.2062195056757348,-0.9764036105447903,-0.9761635144160759,0.03837648020769697,1.0061696815885666,0.7644865910643349,-0.09949488106417834,0.012291144206446183,0.12347239315275697,0.022655494079579994,-0.11997241094878008,0.0
0.39556437550016027,0.459921387396718,0.03325557898182581,0.1409452342320558,0.2926634193175114,-1.0248421119510485,-0.9161196761928191,0.04035089329507717,0.972455319759638,0.6928605525815766,-0.21566372058554006,0.004440985750113343,-0.05602530368002197,-0.06474900111995498,-0.14110540463352117,0.0
0.42734236416238663,0.4381237779699136,-0.05034938842816192,0.16743759432939848,0.1993077374789486,-0.978576589661273,-0.9272807672085236,0.003743205884797301,0.9644070061730683,0.7907030016847807,-0.22940415468479664,0.06829725807603303,0.09235736997575383,-0.028566940536128606,-0.009129770332108086,0.0
0.49556149349858475,0.4454877630069679,0.09770305641601978,0.09156449125424374,0.21131949393372457,-1.056308521583736,-0.9773117808712339,-0.10714022056740292,0.9587828437957489,0.7780846836201312,-0.2182263814322225,-0.02545218740272616,0.25320333867384087,-0.07177591441184386,-0.024075635734060366,0.0
0.5051118987812957,0.4631518868317469,0.04370594464702326,0.10769422557395844,0.31024357175734313,-1.0548601743933494,-0.9720067113567601,-0.08959425423874862,1.06207305309089,0.830165954441418,-0.08391594889108372,-0.04089309496085273,0.048426455371606864,-0.11236719191527969,-0.005717265004208501,0.0
0.42591023761750607,0.4856484304893626,-0.05802126789373732,0.16820076307817985,0.24439573426923522,-0.9760844063016254,-0.895664523947805,-0.017923927639112124,0.9230289030992105,0.8006238305048424,0.049172972080702475,-0.08870484997613168,-0.163579147143732,-0.10373311529530044,0.2009896570001957,0.0
0.4735107188545379,0.5250504784485877,0.04621705467993555,0.1367508979326713,0.23346109679416133,-0.9514673647492212,-0.9861909633045813,0.0072802641747270885,1.0583255944959058,0.8054919495120816,0.08392875704706498,-0.05969611638878971,-0.06551419324695086,-0.1971436893376476,0.12102283777749043,0.0
0.446171071423816,0.4711309881916898,0.00856934847125142,0.1945656924739521,0.3061562866576669,-0.9670553267342042,-0.9137345044518698,-0.0381774907754787,1.0648753450427906,0.8924052684903756,-0.02351924739253171,-0.05929815513486622,-0.131688928427815,-0.11483059866971544,0.13455702144034903,0.0
0.5310808001377086,0.5512291360832061,0.06307124850087387,0.23552913960778277,0.23533930710056955,-1.0139923905519472,-0.9247440446724456,-0.09328993084474778,1.043139032259623,0.8647854757659544,0.08094804646599729,-0.0701200703485127,-0.04838819601020665,-0.2400862049503098,0.17971573171423622,0.0
0.34276251801079904,0.4466928076283872,-0.03580739391723482,0.14151950484939863,0.21481157029929823,-0.976584890299605,-0.9564330377062059,-0.07177594156930424,0.9927975570076194,0.7938009862979957,0.20493198725134,0.08660305109012252,0.03562271127598348,-0.1495063144088245,0.3184075844432682,0.0
0.43899036850524753,0.4633760385901021,0.048164437268853666,0.19162650365888995,0.306678006116898,-0.9322110645065006,-0.9911111641985288,-0.15275814979223346,0.9869658356551935,0.8251459892813333,0.14538136160970636,-0.1381786246429948,0.19038401988843306,0.03893259751895725,0.23205856752142412,0.0
0.48346699346482847,0.4569933217612644,0.10784198579710931,0.14789873897845005,0.268607720525869,-1.0040203733529722,-1.0616820465980485,-0.035556757240546466,1.060877387404543,0.9388388107693182,-0.009290330454738205,-0.05694982680522442,0.21311915985916308,0.062392206864233656,0.1146944297706326,0.0
0.44286493295061957,0.4695411323905744,0.06872570577692047,0.1639750637061368,0.21734035833139043,-1.0548213472452739,-0.971099156384365,-0.2716559183233855,1.0315196799907957,0.8597449497152626,-0.0004903860750856571,-0.1051773454334428,0.15562779218841738,0.17080428526774227,0.06039385815951825,0.0
0.44010303119336047,0.5108807929236946,-0.034158496239707306,0.07639095161527058,0.2379815581312563,-0.9547846996258714,-0.9010710347878197,-0.16471954488916818,0.9176335303334083,0.8853852955743675,0.03800119933648022,-0.1314587833617467,0.31522791159206603,0.01736967994853464,0.03903060593487968,0.0
0.4515277450917724,0.4330818456070062,0.06579742090147662,0.08400153822471622,0.20489254956710107,-0.989040800529317,-1.0047083875205622,-0.1483798365712139,0.9307944389119435,0.8178175479397364,0.04713750715106496,-0.13335989001583562,0.1376138320647313,-0.06904598762615707,0.07078070723232227,0.0
0.5059172756633772,0.502329897848107,0.031133526676696326,0.23782058257745065,0.1393552600736204,-0.9609104230872053,-0.9930434210276643,-0.05540649845149698,1.0110274948463165,0.7373072464761102,0.016070204016281127,0.004543962920473307,0.11997632225203428,-0.08586460007984115,0.22311346782953695,0.0
0.5045257901031983,0.5131323966578287,0.03695831072525966,0.15626606857191996,0.21079485488893107,-0.9422411852024132,-0.8996488393258233,-0.13742943585784073,0.996033200351548,0.9116043756013847,-0.009255512223226093,-0.06581431446313848,0.03254019575281873,0.05735740114284256,0.2673555474187717,0.0
0.5019008033057986,0.5092179316976556,-0.041910086155536375,0.17937389714301435,0.27412287731273544,-0.9615231188165808,-1.0031483636965395,-0.16255058201443082,0.9208222591541453,0.8762246212508702,-0.08490687917805986,0.004538420072835447,-0.18903524420957227,0.030857114976262142,0.24703377656609316,0.0
0.47194103032153545,0.44042353692315017,0.033437169911844714,0.18374516740093855,0.26363378709827057,-0.9922572492615966,-0.9797138714278365,-0.24054861948094625,0.997301101962038,0.790061965738011,-0.241461919439255,0.10182342510912788,-0.1877412557493406,0.06845497006625023,-0.07847504939551692,0.0
0.6026253916789344,0.40715300234568635,0.021030321486943563,0.029747355540391332,0.2462200973290971,-0.9610650375421239,-0.9307640205732932,-0.16416692712985137,0.9480129265612809,0.8396618214456852,-0.22746220807383324,0.09254692092905907,0.0018078327766126723,0.08224967570462792,-0.09316383306476557,0.0
0.47914890361678214,0.4592001463715895,0.05658981411587605,0.1121711611085964,0.1576438444828434,-1.0538381178971314,-0.9775323108281924,-0.15821993016423963,0.9717862879602701,0.8756765408256706,-0.21607934827197045,0.13831718529913878,0.03216205112080727,0.17014571893280883,-0.0857308907470481,0.0
0.5379742486267582,0.48891277867801325,0.06784531054456851,0.09213539354860198,0.29961496134224125,-0.9939381128603423,-0.946182584318091,-0.2025088169554575,0.9779332084905233,0.8033364949035477,-0.11514471563094156,0.1258143215480788,-0.020416975741710017,0.14229552712439053,-0.12749898218270883,0.0
0.4071978964110192,0.40550132873437306,-0.002688572877435687,0.10823968801885764,0.2305422033036998,-1.0348243062185454,-1.0778178518641197,-0.22404824442558302,0.9424946458281447,0.984172212131406,-0.012544589816924731,0.05069619254322684,0.012706841392404456,0.12017444832338398,-0.2784064535416728,0.0
0.476718699820321,0.5428855578858266,0.1499835550962405,0.20184177945064014,0.3128932309781297,-1.0221614473197447,-0.9022990182129154,-0.1051474397884069,0.9383112212296291,0.8547661529873923,-0.10528958646544,0.2032520198236214,-0.07785644558648244,-0.08947738103711994,-0.0890662953796168,0.0
0.4834102914694913,0.47013552946462744,0.10687899242017233,0.09453118729858762,0.23180906533697387,-0.9720591850991541,-1.0289851000323302,-0.1779171997517778,0.8873564387734499,0.9093501548002288,-0.1012722072402201,0.07859145040593646,0.08487526757499428,-0.14001138081244138,-0.09427218727549003,0.0
0.47997849464672593,0.34240837924235823,-0.017816588550286776,0.16754641930723527,0.2694140041537215,-0.9860344200009834,-1.0394511448717243,-0.22794282195045956,0.8388662552955337,0.8839909523232068,0.07404832927506731,0.05475862788215566,0.13528298008994266,-0.16944373983358824,-0.04447171387652454,0.0
0.43477602378865143,0.46975301524321544,-0.0006837976634666079,0.134910726813595,0.222354356404551,-1.0125685739516281,-0.9936932172869264,-0.32498007376418514,0.7793038365895187,0.8575880526468125,-0.022206177110091173,-0.02565913250083074,0.17531920089375533,-0.34038433808197444,-0.026368991616931594,0.0
0.4359819055271368,0.49830860098752405,-0.017129362111582253,0.14982650646432427,0.1838354318682923,-0.989881850047862,-0.9558060558110921,-0.31972149657855037,0.8595296359369958,0.8387389368075688,0.15092579094312636,0.04771422127158731,0.20264808378957794,-0.23260333994551305,-0.04596066025485611,0.0
0.5537807479644694,0.5595785636015214,0.07501838415315462,0.0693453155195254,0.2710891553469104,-1.0861470429687041,-1.0001506887660643,-0.23162889032571551,0.9059280406793442,0.8847813689006807,-0.06420210634754699,0.05566203378814031,0.15568567089718185,-0.24892500408096402,0.07039354632125673,0.0
0.4318876114743976,0.5064049426287912,0.04851279796590826,0.09448484649833411,0.3279486384713004,-1.0162807570496024,-0.9324703781344137,-0.29416087683422437,0.9331751444931786,0.9284366935372725,-0.08310257606753027,0.12363237239742622,0.43418933071731913,-0.30436238858779047,0.0698326628366885,0.0
0.37788517576854597,0.5483447915226701,0.05471856218808707,0.18188718724376646,0.2513331856484925,-1.0167926790084418,-0.9774546254372553,-0.3684166765518285,0.7654253313819389,0.9221775385866068,-0.07687951892495323,0.07029551712428087,0.3291081033942615,-0.26921334172410194,0.13000764912986645,0.0
0.5906417480592081,0.5109160881827683,-0.027496957555043597,0.18566832021714225,0.3161275827696274,-1.02430159871886,-0.9385993126921139,-0.336656705010458,0.8673524766884138,0.9404730106440201,0.06037268901325751,-0.04837803731863489,0.1700992492147127,-0.23070154457534223,0.19862068856763776,0.0
0.40673754379997873,0.5120237040218317,0.010262034634998786,0.11975717994629545,0.25345038658042934,-1.0097114175559523,-0.9182400359399282,-0.28898576369329326,0.8678631381757788,0.9702831577315346,-0.11547284721193316,0.020799732745536207,0.08708602442196392,-0.132269021578687,0.27097702907996024,0.0
0.5202154023501443,0.5138391318234438,-0.031041819874324347,0.13336235115210537,0.2773379513087694,-0.9564391598595704,-1.048316219713247,-0.3626446720380241,0.8952748254825401,0.924586537517539,-0.011910596428074932,-0.002885884934330939,0.08277814105617481,-0.34036357375303505,0.34569589737751466,0.0
0.4842250054215281,0.5794264125527875,0.1357287626975466,0.09708287967380753,0.2972878445829814,-1.0422213010559354,-1.051372993116947,-0.3554621474452297,0.924661540769477,0.9534644085911872,0.0317937183174858,0.09232817808703801,0.11483740309143141,-0.32232992733779925,0.4136232874265411,0.0
0.49189195907862854,0.5162558196550715,-0.018991471443473087,0.18266880273913325,0.28407597394153283,-0.961821257751062,-0.9851083379254713,-0.36352851954314935,0.7637327356159286,0.9291474851820539,0.039994511958914084,0.1157058841901162,0.09150835424883236,-0.3155809570893661,0.49606777794263573,0.0
0.4473879509618943,0.5308263763699005,0.04505621299344714,0.18961699789269995,0.29703844697712795,-0.9607154528287375,-1.0301325219393265,-0.4057503500565994,0.8565952560111986,0.8644984804032272,-0.12361828777126166,0.15438554140815075,0.12064746819679435,-0.5066565313538336,0.5222885710750949,0.0
0.5086160450298531,0.4561236921706704,0.047101489770017345,0.17206786144018177,0.2913401013761432,-1.038624272639489,-1.0150466820371777,-0.3512218037258935,0.8529233242459979,0.885977297123097,-0.11445014758369554,0.1502642030534565,0.009879914269793219,-0.38832755463520285,0.4514493907568407,0.0
0.44753311966941994,0.5151996739241792,0.006480439107350258,0.171293505941156,0.27963602095747264,-0.9485097682415617,-1.0264586594367457,-0.41779447238983364,0.877499108630169,1.0402267653432715,-0.0610604596955518,-0.0007796279498981651,0.011966126972824901,-0.19614379710403168,0.28589254130257047,0.0
0.4412097475103021,0.4995056269610763,0.03404049189877724,0.11996219060800331,0.35578083669605287,-0.9333211441839646,-1.0078043768183926,-0.41139498648565803,0.889583743822358,0.952979443231904,-0.12097785656003765,0.08705088381521285,-0.03038256930017673,-0.089555642463851,0.2656565819525377,0.0
0.507305995814731,0.529742045817381,0.04640043686248234,0.2176396322956305,0.20140473320789504,-0.9138567163459129,-1.060914315967866,-0.29887136575112105,0.7864195591986295,0.9941989629300964,-0.1422853393866429,0.015446321673334436,-0.02648105636460109,-0.15178910576846869,0.3732161954717771,0.0
0.4939140415199378,0.5113651335551188,0.012826629637478666,0.14153480527320034,0.172350504385961,-0.8689389475291202,-0.9304481130525915,-0.38739404648948667,0.8065875129678433,0.9221360835324104,-0.013333654963141386,0.08448567069489804,0.18215107361953745,-0.31698220894464224,0.29919232336372237,0.0
0.35285244340617683,0.5628647572660852,0.06559409290550633,0.22126707955518726,0.22746788437902907,-0.8571798901790575,-1.016034552660414,-0.42028732301436994,0.7779603256322495,0.9500593832255907,-0.07025963158110142,0.08537689050773188,0.13914849412944355,-0.38201768420167503,0.3411990218050317,0.0
0.4944997577250628,0.5926943686275603,0.06461473261211849,0.21134153929497615,0.25369788316369585,-0.9367738941413002,-1.0465510561984888,-0.504478567584467,0.8403402709498158,0.9781082793119439,-0.14398936349009797,0.12977408039068644,0.02702341848243235,-0.3348453790881019,0.28684090813028124,0.0
0.5091408960277302,0.4797923340806372,0.126203169308509,0.13077699079983268,0.3482198105252976,-0.9728238494747486,-0.9469201152130741,-0.5038617427563076,0.7948144257444142,1.0138356136399904,-0.2183022768457341,-0.05116342331796671,0.22159203252929685,-0.31172169940775507,0.46394808883639227,0.0
0.5388451267312226,0.465178366378846,0.08258976843330426,0.21280883387076677,0.24922180567354119,-0.9389369704659601,-0.9548640052958519,-0.37849396713172717,0.7728334991102017,1.030901940011632,-0.17961136952601348,-0.04223335493117761,0.22664933176573987,-0.27504947170479604,0.2821089928728106,0.0
0.5547739159720355,0.5113188559235801,-0.005834609129390073,0.15312433514465779,0.24666105344135605,-0.9400863387112349,-1.043080721958967,-0.457140627302975,0.6367537958804966,0.9345781174125809,-0.04599010507176267,-0.14576321341254028,0.17480972116286345,-0.23823981689393245,0.15140751542378444,0.0
0.5185144988092808,0.5512403003773836,0.04576016602477884,0.19619406512185827,0.21885864545807746,-0.8571792732055958,-1.066949773454315,-0.47121013454998856,0.8238423926057902,1.0401424829915618,-0.023449132421718734,-0.2409938683529601,0.055315171349080414,-0.13756719696688974,0.17049524203279404,0.0
0.5150118625176372,0.4603985735811256,0.06095224227156693,0.19411809786006085,0.30240645118067544,-0.9421886086465119,-0.9988150021016152,-0.5469160354623055,0.7006463350321982,0.9777209344023555,0.06363397710134468,-0.051275485661124234,0.07059957157227524,-0.3101635525025086,0.2758273393851032,0.0
0.5274937457119848,0.45935360086233257,0.02520741619182361,0.16820128894869846,0.22160756304418838,-0.8916783911523157,-1.0677217645630985,-0.5043558471250614,0.6986595377425819,0.996770068144355,-0.05935012485195688,-0.12417507632078009,0.16201008502449712,-0.3041943468659756,0.11891970273894392,0.0
0.5678330475021819,0.5361488074620522,0.04696612386524005,0.19431966258857744,0.2889105270219059,-0.8860532685208802,-1.0195501286525464,-0.44952097803471747,0.7624575408068174,0.8868382564323886,-0.19938181197444466,-0.08649301264558833,0.14401487531780205,-0.16320726852889716,0.05728504035075674,0.0
0.5156381747814652,0.4340876290804484,0.13069459442006692,0.1639233139011838,0.30232207858698945,-0.8336426446153471,-1.0489708461752163,-0.5453589829079544,0.7251509336413733,1.024210200789792,-0.17118065910757832,0.0060928976460091,0.24141581599888196,-0.19125964548289598,0.024240731070827554,0.0
0.4701328875342359,0.46703765189939195,0.026044504394486516,0.1634813291897014,0.27944136099200406,-0.8906192346249034,-0.987573335749692,-0.4987497731469243,0.662286629909416,0.9769682062739025,-0.1871452683848111,0.1629486480191842,0.3285307687005736,-0.051105243660791375,0.06512504992933744,0.0
0.44316656627164414,0.4997499964402734,0.053163579634293044,0.1435999907044706,0.29666065281262666,-0.8439172171008575,-0.9647423401089591,-0.49257507881886575,0.7753152362628286,0.9594037136394339,0.0160313876722417,-0.06439059935600996,0.316843294410074,0.0463330935169587,0.09355315457414673,0.0
0.43454388559054596,0.4741666569870634,0.0842062309135839,0.13977766767247476,0.23544038723954608,-0.9361933754775866,-1.0420869410049,-0.4793357040622184,0.7463478547688287,1.0034606350449462,-0.06509322958179632,0.037786082748893106,0.13294443364593128,-0.07299176980325947,0.09633492541901542,0.0
0.6454846382159756,0.5793586777633943,0.08928919707170668,0.15828238481059448,0.2518796916707824,-0.7503082644882493,-0.9509144321268012,-0.48790501549458903,0.6454583950319146,0.9546613044321487,0.17763079716220342,0.0757194668267909,0.26726584870837555,0.03482026396369668,0.1527336426853036,0.0
0.5470264556107131,0.5743664125994346,0.06969126448222986,0.22235541308245854,0.24650665708323333,-0.818030105631278,-1.0258026839278844,-0.6494351743215597,0.7013041855004719,1.0405517376353135,0.21212345302606592,0.16301942329464253,0.33777153996824016,-0.0623869161016509,0.22760204492883487,0.0
0.5254722046580175,0.5273058414516949,0.08326907101506023,0.06058810092866884,0.27252008956488993,-0.8625051395321728,-1.0789648507967968,-0.5227123832758356,0.6778316811759217,0.9766517279404422,0.26865087964657786,0.1610586102805381,0.35307645576856483,0.018203605944251237,0.09790954585278035,0.0
0.6038731299392617,0.6160798423500374,0.023294440783823943,0.1764476131652569,0.25800589352006864,-0.8781324829076772,-0.9212955105008258,-0.5738004682737776,0.6090630095159385,0.988344948663581,0.4399064232866221,0.10879929350382157,0.20910797702117412,0.1387737667538375,0.05556695662241893,0.0
0.4518094792750351,0.5352673888588643,0.029140284431756293,0.22116271440829868,0.29773169803015564,-0.8872686195868053,-1.0147800153359692,-0.5451109904889226,0.569021231777497,0.8646679812923997,0.41095036920343236,0.09870282620703358,0.11754046487269833,0.21979235750421833,0.07480283015827133,0.0
0.5274783938301528,0.5994500875303962,0.10892685051151116,0.1346858796448543,0.2759703971003866,-0.7831993606089871,-0.9944514673936561,-0.5020251292481483,0.49983333009715114,0.9951701403829745,0.30549401527218983,0.15849312713940267,0.17369874758537995,0.3494387386291309,0.025397307242717132,0.0
0.5297243185319201,0.5571899132307253,0.060141992393439876,0.2510448108123071,0.32812617331172633,-0.8038214965469772,-0.9133437864354501,-0.5849699385090478,0.5931915810740447,0.926392427171117,0.206876278372969,-0.058966011348010855,0.0516572333801253,0.44945360080024466,0.06193535748658755,0.0
0.5118890590377277,0.5324800631095793,0.032174085048571,0.24611918038703418,0.24445708486113474,-0.9094165420244326,-0.9903787110729905,-0.6126142300908415,0.5680839450905357,1.0157503915576729,0.24556179074097134,-0.08464877188283787,0.029648764985192453,0.399375049828787,0.07126399415070615,0.0
0.5278272197776523,0.5184822556156842,0.08672384689537035,0.15385242797215898,0.25821058265015734,-0.8052978350107837,-0.9504736789269943,-0.6357506601611448,0.6293910362751802,0.8958855245087137,0.1696274281968929,-0.07172354531662793,0.09183873198690254,0.4504040594601801,0.023408352361169296,0.0
0.4877005976627593,0.5529859826653155,0.13812398602789877,0.192590015069666,0.3178692100608642,-0.8888254145493418,-0.9056625647964138,-0.6373112121995603,0.635611406810505,0.9995805867361128,-0.04343648076517913,-0.13100859756337394,0.05228766828854176,0.49125619950868193,-0.006099982098458495,0.0
0.6110752638864716,0.5416766864414347,0.04899194788097341,0.24058508906036735,0.25680799225361617,-0.8650959488107239,-1.016073767120524,-0.6463509105880524,0.48054430236129453,0.9197637500409456,0.05813303004093629,-0.13495087121796848,-0.05120287047267117,0.45783100256901016,0.012823189210008322,0.0
0.6294997207539994,0.41825243819185776,0.06866657344508427,0.13894538955038552,0.3441021699335226,-0.8421991394575272,-0.9900671330492633,-0.6660872936467092,0.5203380338383959,1.018642157093602,0.10132957676087659,-0.03243993291791704,-0.049866721126247474,0.4754569290434172,0.008777456774647271,0.0
0.5313673802193125,0.5801820577030624,0.09487120950841607,0.13683854880211208,0.25002724087331557,-0.8560990093236615,-0.8926774602602721,-0.5851189982055893,0.5829738787209693,0.9750190354780459,0.08497224422187731,0.11148261786739327,-0.029933448904015662,0.23989404987228052,0.09356460703549681,0.0
0.5718781148607344,0.6020555163586515,0.08007656765826363,0.18323624565205576,0.36664825789467254,-0.7505125476652581,-0.910217451494566,-0.648119479785486,0.6187623263499675,0.992703350111871,0.16547491068606268,-0.048862969092642525,0.20134408654062622,0.3286405025431063,-0.13733259138158016,0.0
0.6016983191020172,0.6208988444826905,-0.0075495678530571875,0.14718829864203045,0.3008135537181278,-0.8179222827592019,-0.9249593293966605,-0.6370707729172893,0.6532872119553287,0.9891364977182564,0.25931174589018824,-0.10461591713032728,-0.12700405038667134,0.40409379041285776,-0.17920114037665671,0.0
0.4863939673582007,0.5131111230462699,0.17986679076393577,0.1707711721704856,0.3249534779722948,-0.7584402298508555,-0.9627190404793872,-0.6132328022760565,0.528766145067231,1.0658923482923792,0.017113681043854717,0.013700806958043946,0.015937315931847565,0.5078264442290635,-0.27001453078177007,0.0
0.5988016513402286,0.5906723282913177,0.004056373364558982,0.17622277335307257,0.34590826315395323,-0.7984289894234987,-0.8410822945903407,-0.6479778773489655,0.5106792950539227,0.9466226171094438,0.12788728818408923,0.003041468222600276,0.1711072604228565,0.5467214100431742,-0.17785729217316043,0.0
0.5839793718201516,0.5076457906778138,-0.05131633807660653,0.25932929526638665,0.2712307541020748,-0.7525299664760309,-0.9230018043452686,-0.6284966746687313,0.4898347816830383,1.0548043615750078,0.039608289484260414,0.2391328873977242,0.4703309332320153,0.4702403760308242,-0.14555317801409282,0.0
0.5613575695938355,0.4995592343491014,0.0463686173496837,0.2018670022858357,0.23017359666038703,-0.7756274184979604,-0.8183062372317338,-0.631664788750549,0.5173175234244213,1.050690358261352,-0.19020045669819508,0.0933649014600465,0.4966385078793511,0.48859582100307686,-0.24222273573728884,0.0
0.5467260943281633,0.47982353115430354,0.029382313156577487,0.14007458011176946,0.2627567203602929,-0.7474427069825118,-0.8593612043585533,-0.6475228517057238,0.41772189648272534,0.9850941771535991,-0.04823644042609909,0.10251529534791769,0.36977599184883386,0.48200538057299125,-0.038168617261676724,0.0
0.53468731710259,0.4554529700168761,0.12490721364942214,0.23256566033881873,0.3926275177711737,-0.811964894522958,-0.9083642864270604,-0.7066081884296064,0.45685335849155856,1.0528674974037682,-0.012198388908187724,-0.14047386584452579,0.2713469624013498,0.47541215579461715,-0.06340940296139519,0.0
0.6125158235392549,0.607874899819581,0.17844929330637235,0.27092114328260963,0.3283226787683791,-0.7375778831527409,-0.8471534527315819,-0.6674854627535242,0.5234252144041278,0.9327026197548137,0.18045977841156963,-0.030319241977273315,0.339759594100037,0.4708192861671435,0.12528588416657122,0.0
0.5889386540773718,0.5105057192288607,0.06895784569543571,0.1507777534471818,0.3344474977756198,-0.7453298112125547,-0.9270799929101845,-0.6128294433451911,0.5073829794646607,1.0117380832127605,0.00151611491819989,0.0040601856443495815,0.4071531575336902,0.3069924029010247,0.10018870695194633,0.0
0.5834046102756526,0.6431536738342921,0.10104685352583699,0.26357423624298415,0.22653527462992998,-0.7789944939813389,-0.8293379434569117,-0.7144935153165052,0.42963795102062746,1.0330063343448683,-0.002903390014080992,0.03222281244186549,0.30878515168459186,0.2713673314964757,-0.010188599902674594,0.0
0.6182154964513831,0.5628443211319831,0.037630907637561245,0.2086475690870058,0.31756522099031054,-0.7650812944843868,-0.9131233643038655,-0.8237192451739807,0.4348044990114019,0.963856559324825,-0.08557734261071644,-0.08953943952515439,0.32731597170173293,0.19968914086969175,-0.11066492927617011,0.0
0.5096101743943489,0.6280347386543998,0.06317313052370879,0.24223954020330996,0.3019471486047106,-0.7504265659766055,-0.8404151328445901,-0.7391432265709539,0.48614899320555505,0.9236164314210162,-0.17245592367766327,0.03906277243899878,0.2668343916818777,0.16918971522947274,0.00870023119523805,0.0
0.5027344407733354,0.6028750098166231,0.140004198348779,0.12387458062242954,0.34561977892455686,-0.671848726600092,-0.7690885322823673,-0.7150127688796529,0.3390762087847081,1.0025910911659965,-0.1639692739290906,0.08452153616698972,0.11610543227855502,0.13583322580918947,-0.02736509517806384,0.0
0.5494652590266514,0.5469118710686715,0.0671919604439363,0.18995588673809596,0.3327997215924976,-0.6582077761530478,-0.7853081323515414,-0.758498101081251,0.31893631219082186,1.032562441392459,0.017579222602764802,0.04877959425618327,0.13477637494172529,0.0694249055472571,-0.13416109363449155,0.0
0.41662138953452765,0.650550356627785,0.023844325532765172,0.2953072109608518,0.21424183233055288,-0.6482058102182592,-0.7951667243565134,-0.7181835756608846,0.4245727527077638,1.0180726930794524,0.11269236530208107,0.051381153537206056,0.17690329304520094,-0.08034108834356962,0.0013722743586911113,0.0
0.6444607534945146,0.5957574031132773,0.0337947865626451,0.15647146654345725,0.280736618926342,-0.6728709838235087,-0.8584604118697714,-0.7545999873574879,0.47003172795512993,1.0357749718401044,0.0783701557731049,0.08254266153692415,0.17047085927881966,-0.16632308289990555,-0.07694507735983468,0.0
0.5126397028494885,0.7096598448508676,0.09109922892432716,0.1859908754650531,0.21947779213814822,-0.6426020898246735,-0.7377688919491603,-0.7745812723159655,0.28382660271182136,0.9230757165772069,0.03143534296801157,-0.08031199863970948,0.09790568419363091,-0.26182707947508493,-0.04994028387307857,0.0
0.532105397164286,0.647477878040774,0.08988106780117082,0.23089346312827919,0.30277792662743575,-0.6349386731877112,-0.7360961377180312,-0.7882141371922626,0.4197764665918905,1.011336235472256,-0.1334005451500344,-0.10376131809431872,0.13572949563681516,-0.3223654827960333,0.03166734179094565,0.0
0.5912051733880228,0.5851997878993838,0.12321682326627809,0.22945579594762464,0.360144315191,-0.7126338691747958,-0.8117831784978832,-0.7790879385382109,0.3313190522255145,0.9731231647276103,-0.10212372260955058,0.040818852582172646,0.19294741716767275,-0.4846319462194566,-0.178147343799988,0.0
0.624942734040555,0.5749249175333855,0.058145524818971166,0.26174599809320204,0.28957388598318634,-0.6393798724933788,-0.7979878554902905,-0.8068155626405539,0.18025281641840368,0.9986690562159631,0.19551572138387147,-0.057571961801330014,0.3755808683961181,-0.47555989498641527,-0.3182161163462197,0.0
0.5799961158020113,0.5452024329990995,0.07644073786103789,0.27101884642665414,0.36531531423909447,-0.6375019882584686,-0.8096519867025125,-0.8466958987864156,0.3006386571724795,0.9612277806765056,0.08387901639582894,-0.13624359125211846,0.33130531158441634,-0.3775864932391323,-0.3976115673487468,0.0
0.5607010026059178,0.56654378046136,0.02961455676605676,0.20610721596284096,0.29966201041730073,-0.6459729013329601,-0.7073633683262697,-0.828778765022811,0.25845995736720184,0.9877942963724977,0.05960426984152642,0.032227310468565806,0.26765592374818414,-0.2631741723585173,-0.273742143732612,0.0
0.5641921160595581,0.6250606231615219,0.06692222091615119,0.25308987681620565,0.22603277034710306,-0.676341872031475,-0.8444941909622591,-0.7070492129661015,0.46504336419356435,0.9999675314715538,-0.06579208936502504,0.045374369522244724,0.04641487563852456,-0.2927536293251579,-0.18237526863154008,0.0
0.5853642750540172,0.5950184857400989,0.13889099680083894,0.29871664550732996,0.36791939287966324,-0.619100466015595,-0.7529919269975203,-0.8802149702866887,0.21491854842238922,0.9714318128534618,-0.07161618887016928,-0.07906217367210516,0.007454269579391191,-0.28322346483344113,-0.18010056065552532,0.0
0.6041500087377616,0.5171719768651039,0.14360954476259857,0.18919370432608074,0.2694056290544767,-0.6462838364450216,-0.8174908405271828,-0.8359521121585324,0.27387184690682753,0.9731347437141128,-0.04308875657723734,-0.034942595441876535,0.11808406910681521,-0.2842884304848727,-0.15815320126537777,0.0
0.5877336994582844,0.6365093353249295,0.1210651521735907,0.13930562404740393,0.2955546950425764,-0.5241015613959905,-0.7898628106506594,-0.8253005648866851,0.37831543941895807,0.9059334115116628,-0.025247217416338258,-0.012708059292492562,-0.0685361637690578,-0.3895514927597306,-0.08301025651091493,0.0
0.6372428033595319,0.558145443798663,0.12307150855701418,0.2663995191889628,0.3035484850599036,-0.5490890531051693,-0.6656173682047946,-0.704775117029268,0.23324586130484762,1.0371458726741378,-0.05365850152737615,0.11179690742328015,0.02518220403013076,-0.23431813041175664,-0.049731422535841535,0.0
0.5092942435120589,0.5857581534354397,-0.004131932484319603,0.1884746712540817,0.24474644117588193,-0.5809533925867125,-0.7687627071218943,-0.8075811239752485,0.1930633705383831,1.1148525874972453,-0.1348187905397171,0.1945829349770139,-0.10247790925836536,-0.386914192466824,-0.21068065948689282,0.0
0.5420287060918283,0.4989366774821944,0.13718238350894402,0.16105127156468307,0.34024684560574847,-0.5212227580824746,-0.759059914956448,-0.8746416890440306,0.1970864493345765,0.9503877229079487,-0.13604414243577762,0.11805532008457464,0.060078068381475766,-0.473945111913325,-0.358145324202835,0.0
0.601434926964454,0.619952558523633,0.10485411187440222,0.1965658635707117,0.2901020221232511,-0.6112802833556135,-0.7579564268328507,-0.8264793396699059,0.18732491749864838,0.9700415846803068,-0.2959694018331509,-0.0004862366543736396,0.014117125279707023,-0.40299532231193397,-0.4602538040176568,0.0
0.6056121249815997,0.6522569523333999,0.04002433719217591,0.24483432726996512,0.2373162024191139,-0.5200370598801293,-0.818513274945786,-0.8531815295404407,0.10130614728815833,1.0134052923211672,-0.1639726105881811,-0.0718732956677021,0.04984935650641928,-0.35359921251689913,-0.24798322125159883,0.0
0.5770104765450266,0.6606883000968303,0.12476813333561249,0.15041966273754642,0.32451609332751613,-0.5979657233895187,-0.7420203476582107,-0.793270835405912,0.12857538356020867,1.0391122828331383,-0.04262332081728047,-0.1300192953926246,-0.06219716120465069,-0.3854184948390143,-0.40187911730319603,0.0
0.6139300320796945,0.6286259341611684,0.21622030549334792,0.20394818106878754,0.2622991290321146,-0.47437085827197706,-0.6529807655454121,-0.8569349006517664,0.13998702597315704,0.9108656488803627,-0.25661239897705584,-0.029391428827377435,-0.02458572310263502,-0.3415528700268121,-0.14338787075703113,0.0
0.5222032345935625,0.5943704171104747,0.1031111576880364,0.2986357566937065,0.32215360655820385,-0.49058035790698895,-0.6601011645872229,-0.926381886304566,0.20482990670401321,0.9320485816302446,-0.06570141757533507,0.0748584226978043,-0.07826799353101303,-0.31430771489614573,-0.2211213236517517,0.0
0.578153645124296,0.5061908594371908,0.17690644536518874,0.18622309104543017,0.3232896379462814,-0.4042571111715729,-0.6719851761397457,-0.9152184017038363,0.2229688220262041,0.9789802077921435,-0.11574377990926632,-0.03867342935136886,-0.07734114668755435,-0.31605378691983455,-0.23171235965122056,0.0
0.627842502463315,0.6221421664845495,0.11690754145364725,0.22899896850360796,0.3468523044468004,-0.46744101749014266,-0.6994342700628252,-0.8379613962840082,0.17674602701061132,1.04597031894741,-0.15172778396842823,-0.08154525318845054,-0.018228515040473472,-0.32126771745313126,-0.4378583914880549,0.0
0.556154499962295,0.6565264911286155,0.14473595284088564,0.2740999797364317,0.38863325661350817,-0.5409128164742936,-0.7536725808875232,-0.9296148596704579,0.1058921631786471,0.9016038909710168,-0.03722007804323364,-0.025557577603989454,0.016906490403414066,-0.3273821401215655,-0.18152465598756112,0.0
0.6450484177793061,0.5323892799039247,0.09359969231364819,0.17147368446500613,0.30572374970573396,-0.4804627940645084,-0.6404102372030649,-0.8983823025049454,0.06656725373687084,0.9189645175783341,-0.12646155210358695,-0.12639045462377235,0.00773816536553897,-0.37048552425594183,-0.33038177951728176,0.0
0.6652143076274392,0.6824419220618512,0.013203460258923078,0.2360003590754561,0.3626011662412747,-0.59118695275271,-0.6116836818109286,-0.8288333874404031,0.05794408761684487,0.944129041658359,-0.1731454518889759,-0.31522226829143163,-0.05756097563616278,-0.2668129796048575,-0.11417773700000189,0.0
0.5944877752860237,0.5568677488227839,0.10614219100056639,0.20933878206282508,0.26048457262463565,-0.5721854554686568,-0.6692037009652765,-0.9559294757498368,-0.024770942953547634,1.0065769026363034,0.028266173011023743,-0.0014715448787855634,-0.11777563975344152,-0.2047390169664335,-0.056577157077542184,0.0
0.5594603774781316,0.5612643744744799,0.1576803245155433,0.1570117664731413,0.3742358999736475,-0.4429327054972475,-0.6350844722400685,-0.9360444019444437,-0.014825197496237903,0.8818211340461957,-0.04230325911064854,-0.10542233411906275,-0.11587618685883448,-0.3775489060582775,0.05466493216405854,0.0
0.709390739655052,0.5811966654669168,0.13937206760021395,0.21736657175122479,0.39610825567253954,-0.3741840587881136,-0.5631978605372943,-0.9060945575008461,0.023792337088600762,0.945048906739486,0.0021594997837776665,0.0019880994222036125,-0.11072736444384794,-0.4860714506220788,-0.008021520944449932,0.0
0.6094275791960928,0.6551113809871725,0.15658633901905897,0.19712259143867433,0.28924259797952057,-0.45141388849847025,-0.5885734832415787,-0.9071117334023139,0.0007155299691134764,0.9258115621831394,0.16325622088217906,0.0023741371008207737,-0.03829182292012373,-0.4927103671012919,0.00166656150173533,0.0
0.5856446101335769,0.6453629303944864,0.14608345566702954,0.2292158313456597,0.33303428818034225,-0.521694430458543,-0.6575596440608027,-0.9990487936221197,-0.00116708185643552,0.9576684225889276,0.060130996401497674,-0.07235129628355272,0.14795510839432024,-0.16123792269345388,0.05063941665701216,0.0
0.6450329548987681,0.5844765325996781,0.029897733128788948,0.1725111866586593,0.30766737048958415,-0.4721347453325575,-0.5096296978841138,-0.9602746184481064,-0.06315339955675013,0.92769339342414,0.13718973063283288,0.019841699566096334,0.06533434089238252,-0.10759534342726447,0.11197697956697714,0.0
0.5716266940810133,0.6671980489505346,0.013864195990338987,0.20475602129842183,0.39360025737423954,-0.3717082078985873,-0.6187504385148854,-0.9136037627453959,0.017384766308255056,0.9353920567903966,0.17960899844224282,0.06207893603184341,0.04253465491718312,-0.11020914679620014,0.245754498450435,0.0
0.6408301873917852,0.6408178853718518,0.1280890629575188,0.19202453257661045,0.3399074291768134,-0.2787603130237316,-0.5931248120080223,-0.8226777307820283,-0.10668503363646242,0.9286084446302935,0.11813368425091858,-0.07201033229024181,0.1432724554325149,-0.1343688475451935,0.32927100240631746,0.0
0.5454486098787906,0.6956499314232314,0.09293177556337429,0.2804575596186552,0.3395249020956398,-0.4094379896349429,-0.565022211601927,-0.8669029861330138,-0.031293024459175284,0.8970639792515878,0.13271982103148627,-0.24511956234309593,0.05092747481621822,-0.16813518941125932,0.2163070009076274,0.0
0.6318288983382687,0.761063778319934,0.09775546302401282,0.21607115759736747,0.35580294883284835,-0.45458043384727553,-0.5611422417378343,-0.9734671316919477,0.0035304282890919123,0.9452131219288255,0.0978396375247956,-0.03658874598202817,0.10029502546319993,-0.002121947506724453,0.1476434557399679,0.0
0.592426688675243,0.6096546410475321,0.05812087063944451,0.16473895736767785,0.3420523751743695,-0.3208095555791074,-0.578632643493795,-0.9692100306376517,-0.09439516420909835,1.0186608096950465,0.13917568982151077,-0.00048110107955586304,0.12596572182507149,0.025018521608848897,0.15602778676854878,0.0
0.531274367698204,0.6744011966943452,0.0672504310043256,0.3052493735442399,0.47582997235457,-0.4026973371412745,-0.536362908481107,-0.877939446019835,-0.09926697688711407,1.0301087369011335,-0.04619184789682011,-0.16635373112943166,-0.06752806727055179,0.07879823541326614,0.19192008803144583,0.0
0.5545654432187805,0.6336797539201929,0.12866592276955394,0.24577767324633346,0.3943369887349343,-0.35108536200764767,-0.5257407520052887,-0.8667954632835331,-0.10368049505883592,0.8894838500804282,-0.11644379899319227,-0.11663609473486583,-0.2338253861661729,-0.09547227773122312,-0.00979225344920312,0.0
0.6100500850653203,0.5908869769395799,0.14686559758382867,0.22071886148066222,0.33180453305823265,-0.2561250390526322,-0.4644517075455852,-0.9025304272066734,-0.053410397826275824,0.8712601653270624,-0.2304051389633176,-0.07935294693010998,-0.25421743749437975,-0.19683122581543677,0.028942108771335656,0.0
0.5665303392556192,0.6265553413477984,0.13921102460280665,0.27809233515510995,0.28920455986705146,-0.30488494476331585,-0.5379066203405667,-0.9379399000716279,-0.1995756847350017,0.9304557120968219,-0.4492071363114951,0.07862073236779504,-0.20873552057641603,-0.16807792712888592,0.1734812147065425,0.0
0.619853869490161,0.6132334907789136,0.1014673758893625,0.22284298409168474,0.38459237683765785,-0.3091284340483372,-0.517278197602262,-0.9437938596806709,-0.07676646316024668,0.8507949582959597,-0.316512534445424,0.15892310041322877,-0.23479426469930478,-0.19690127884260272,0.13371713538399374,0.0
0.5639192808647707,0.6078092189207376,0.08313407441226134,0.34523882048647214,0.3829897804483601,-0.3393958570253204,-0.49250790037090153,-0.9127373785835666,-0.13870273448768675,0.9034973567563928,-0.10469304209643442,0.31389461097954785,-0.13776778438095139,-0.2323002088310104,0.1395872051712273,0.0
0.5855779253930364,0.7095786091159806,0.034966785864482916,0.2675621665557784,0.3123319972597486,-0.2722792962921904,-0.5819366376743511,-0.9774510092279076,-0.20964980652091988,0.9089057516109751,-0.13926520675519136,0.34795441319340664,0.08852551136329159,-0.35742938514884964,0.060319644004751205,0.0
0.6161858102222816,0.6275271287557531,0.1556747781430738,0.20533994702889294,0.2881222644332884,-0.3311659713360189,-0.5038224635761569,-0.9603706646197286,-0.12749358670633792,0.9796550554949403,-0.08021268279819463,0.2776458425031745,-0.11072576364718215,-0.19808802789870927,0.17995658348733481,0.0
0.5963967501073196,0.6089740949820768,0.14463809120596008,0.33592827889734134,0.40164915284194447,-0.2783325623153145,-0.471818611030319,-0.9259607440872348,-0.19399566047436032,0.8878515201887385,-0.04708899399691843,0.23638990052064687,-0.08295730204175245,-0.05476683309465487,-0.013517202560244773,0.0
0.5748027233901818,0.5498787826673053,0.11507797966147587,0.22977839807754066,0.38258561427438276,-0.2847777285095803,-0.4428995696063188,-0.9638493225858903,-0.2001747702590252,0.9348338186226148,-0.07492081004563028,0.16084541592639193,-0.09111100731164537,-0.14501452210114574,0.0612752261115915,0.0
0.647170451258528,0.7751921044191641,0.10360793321430721,0.27935382027036004,0.36130797135588977,-0.23763430702936922,-0.4214644484402891,-0.9109063803915375,-0.07366813625751012,0.9165783537823405,-0.08549448244220295,-0.051390483746376975,-0.039371549689731875,-0.16429863504652542,0.14839272734553025,0.0
0.6413120295278775,0.6161160798348203,0.05905201624482915,0.25764298459721774,0.2558841189964975,-0.24093980473052373,-0.5014949569330274,-0.9614861527574021,-0.23910404863183063,0.8393117783660273,-0.06933047591030002,0.11160541948844238,0.0673159390736826,-0.10942239204850646,-0.005523766923247242,0.0
0.5692238983141277,0.6876818080884736,0.18554081900760544,0.2227781871104309,0.2627727712614648,-0.26805037038162594,-0.46219432139003747,-1.0112793474167237,-0.27217986780927506,0.9388946598981258,-0.015250118628480872,0.10562456366020023,-0.022210808098584132,-0.08035097432639243,0.03308299417443927,0.0
0.6264444297492245,0.6691013999531501,0.11816200404506057,0.1617209232362799,0.3180091954758034,-0.2465134346565835,-0.3711933623501794,-1.0008751756305667,-0.2567111968831363,0.92805065052155,-0.15546424126685296,-0.026114951844004544,0.026573859752686644,0.010628966694533587,-0.015547293233993575,0.0
0.5633051103528859,0.7366612892320864,0.07485937630193888,0.29765131313315435,0.38318745550628974,-0.2401326761867909,-0.4366799963524766,-1.030351157665558,-0.25802308887043435,0.8928274038949203,-0.14016504117063674,0.10633599180948963,-0.08937272691618468,0.1420527472195122,-0.060310366577487326,0.0
0.6274231783268436,0.7295266166440617,0.1397685703956521,0.2931886630291415,0.3519643557941644,-0.2687796026633795,-0.3961585769902693,-0.8298535770470858,-0.288512230810845,0.8511768814635965,-0.12703718960121613,-0.19253706011249078,-0.08392053284679911,0.05456121282435554,-0.13915689864790198,0.0
0.7213949690959044,0.6768974195334678,0.11484266274658511,0.2976764143403791,0.4150455603212349,-0.15513371206298937,-0.4024442299193503,-1.0454156325062787,-0.240780430119091,0.9309232049602026,-0.17398467191046982,-0.07011627661376325,-0.005298434433210972,0.15035709637642528,-0.2093297528893199,0.0
0.6722652719274673,0.7401404259260734,0.10277915702639509,0.2933541883109645,0.3154978527682786,-0.31043512871507656,-0.4182294120186764,-1.0291573569319448,-0.2504773448745742,0.8853232179277393,-0.0746567337184131,0.06991273156572742,-0.03297678002348169,0.1076066310259446,-0.1801352346936777,0.0
0.6677998943760756,0.6782617067926362,0.12082556080322847,0.30832365038907256,0.30270888908663907,-0.19884477542981682,-0.29131801271099533,-1.0246812064629391,-0.349561665085374,0.8727878193043455,0.014198310098570303,0.04714090934753973,-0.04094215195901161,0.3045354082105105,-0.21358808945634394,0.0
0.5871683194271716,0.6808541141137219,0.09644082949704788,0.33620945828071347,0.30864711642876286,-0.14510926734644095,-0.3541473256230721,-1.0527861832274752,-0.3781951621083395,0.9149854500771984,-0.010161682498703993,-0.0815383622900375,0.0760036924751375,-0.010985839407112064,-0.24150248435434638,0.0
0.6949314649502057,0.623491958579535,0.10801118309374849,0.25749541130535575,0.35933025778236105,-0.21100479601230834,-0.3294428715327764,-0.9245559387695423,-0.3086468259800966,0.8485789737079433,0.07341196372795881,0.012370687866658125,0.1266044364131422,-0.10278268160856348,-0.31381564822753427,0.0
0.6221670049328091,0.6853678315749291,0.1448380572054146,0.29602114295523035,0.38977663386912875,-0.18506599239993077,-0.3748207411208253,-0.9619625804236219,-0.3785310779864772,0.8962375212346212,-0.023766582802971455,-0.15081478262054157,0.24511118818940342,-0.20374653275734156,-0.29176704154974376,0.0
0.7221428465841199,0.6332479059229503,0.0987771708663975,0.20429859276733228,0.3233999925346832,-0.20082598496185297,-0.2333238810644162,-0.9032567553860142,-0.3406989377648322,0.806971761755116,-0.0751872868638681,-0.27999520069078176,0.20914792108218258,-0.1058903927424902,-0.29756119735102643,0.0
0.7094182236088217,0.651951104915237,0.09231922979939902,0.29084661499503994,0.3367636338857059,-0.0997971929089614,-0.2969845749211614,-0.940215768450443,-0.35099646298373394,0.8610003817410965,0.0028764684345903915,-0.1848072968071668,0.158373342266644,-0.09482187486570527,-0.4111446892053485,0.0
0.6210168483015889,0.5917775406108265,0.1306397038774792,0.35169623543668127,0.35835508948060274,-0.08513841188096695,-0.2585083990649103,-1.0293217137972548,-0.38071863094032543,0.8895094108156226,0.13246770150280782,-0.23243139421851955,0.10722870140534214,-0.055541727637962696,-0.42191562692810003,0.0
0.6498567258397036,0.6042473563883006,0.23088052441854565,0.2609859777459909,0.38047796704664333,-0.08168765872880125,-0.3651266567237636,-1.0431772775785888,-0.4972222573466235,0.7715163777983586,0.17193130217390667,-0.15934881538606036,0.015861293757436196,0.006313805712007015,-0.30610518762589234,0.0
0.6673205216745041,0.6773284306769519,0.07771123121406842,0.2661899067084011,0.36518167823952397,-0.0611850764478413,-0.32154487519651176,-0.987911536783362,-0.3915531272960326,0.8034332045120062,-0.032947094399816176,-0.1182523135294613,-0.08955920568658116,0.12025034151238287,-0.23096043190512525,0.0
0.5407488341099081,0.6635278172052147,0.12594791950908077,0.37002878838749087,0.3564153565082834,-0.03301246623953157,-0.2508542053369703,-0.935780928931512,-0.4098938634185622,0.8844596102679914,-0.11374389487020142,-0.017004257418490994,-0.17828216938417654,0.123865801429644,-0.26456985005218725,0.0
0.5824632887427109,0.6366551482809379,0.12406686871946546,0.2998917728770975,0.37674486792275325,-0.07382519795942033,-0.271496058918788,-1.0475139837263774,-0.38026874244089853,0.840345110752398,-0.09189396115750183,-0.12938230334808568,-0.2436668231381037,0.011439146863972252,-0.36862097960072954,0.0
0.6505570263350882,0.643317167587647,0.16048082270346337,0.242540343579275,0.413341789395123,-0.03564984217731656,-0.22813454630886557,-0.9485878119516238,-0.4393057763866587,0.8167443727032859,-0.038120670561814625,-0.08201081449827043,-0.25251631478620384,-0.02001060078627717,-0.37125511477015916,0.0
0.6251899509379601,0.6300742557207288,0.13523946311608975,0.21524540763496186,0.4795608052187529,-0.02945882095754553,-0.11508282484378318,-0.9303901063719833,-0.48366137693996136,0.7507879443905546,0.1724313944638856,-0.10289671869483552,-0.3149676570534419,-0.03914620109636496,-0.42946897076069646,0.0
0.7304526918656893,0.6276384813114678,0.194860848199392,0.29173673930493077,0.4482879965743613,-0.12106374690620976,-0.18052435550298024,-0.9937849021286772,-0.4490060820657733,0.7412601454096699,0.11066003648698837,-0.05517968730647571,-0.2777192475009221,0.14054490256536034,-0.4054018502583967,0.0
0.626026559745521,0.7131408978323596,0.221693230491844,0.30552071085680516,0.41178807559370734,-0.004206580319201583,-0.2123322282602145,-0.9321332972570295,-0.5056251617382604,0.7059633710592487,0.05565907882557301,-0.06259525649070743,-0.18457464918024474,0.11934817052865959,-0.16666763710899885,0.0
0.6479521748412362,0.6722737628900703,0.12079578328127116,0.26224982468348074,0.3582635503464496,-0.06396691673946167,-0.1312734327967172,-1.0122584581295415,-0.44854019558439173,0.7433118426776762,0.013470061109286252,-0.07993839840556254,-0.17333372563291183,0.11209442949271403,-0.31454639368170656,0.0
0.5910314764259623,0.7149600181389987,0.12254577348693195,0.26354506887997037,0.34262819790282706,0.021959161595244758,-0.2564927667442569,-0.9569191690952584,-0.48535216224480826,0.8303670965250916,-0.1513963060640058,0.03605576839383655,-0.06991281377787402,-0.0216016062753943,-0.3255635094099939,0.0
0.6271767668830499,0.6574400181659794,0.1286896862496476,0.35918317675938954,0.32475526670471905,0.0739143682033626,-0.11608028562408951,-0.9948375951694723,-0.5232360972549014,0.7239021017641711,-0.03357290548426045,0.0029075153002813166,-0.23054812513886147,0.08269890679170888,-0.2407786392294351,0.0
0.6499970739227943,0.7311805625957357,0.16856296924384076,0.3652532922964156,0.29023045474161074,0.0016406797340770595,-0.19525643077412277,-1.010186742141806,-0.5608908714331499,0.7058861030317498,-0.019756277996873715,-0.0017927486425040092,0.18238885676412547,0.06579627550837798,-0.19483423239801756,0.0
0.6109930892183324,0.5749738108387918,0.14432839183527896,0.2670225311028583,0.3979378040961338,0.0399810419345321,-0.09055911625552096,-0.9806165950392882,-0.598884793614067,0.8557870074786978,0.028352792262165645,-0.0931341286546963,0.23388725437056915,-0.062142411926477355,-0.10439868685337571,0.0
0.6463205875387308,0.6902112149029893,0.17143569097174713,0.2541452279836591,0.3563694356775019,0.002096282574823579,-0.0945813757505642,-1.0363635122928916,-0.5086855090754596,0.7452131384928251,0.010790182558228244,0.09076969390478014,0.18097551714485854,-0.1568120108178121,-0.020489681635760287,0.0
0.5900125436581197,0.6741492940607974,0.1529429510705567,0.2408114111376986,0.32129406982225417,0.034374247682396754,-0.15466856712040056,-1.0733097665827342,-0.5581474150050699,0.6869514083896419,0.20615867896618306,0.10406104122965311,0.15294024750588986,-0.21129677447899126,-0.0194333687699799,0.0
0.6787191014087245,0.6701086107166786,0.10265769482252725,0.24069350218688657,0.43358024643389176,0.035866677178139086,-0.13689647671378571,-1.0229446375011488,-0.5820263208523361,0.6949634537648298,0.1358482265209251,-0.10572654839654068,0.20065558708907402,-0.08373884608676672,-0.033007144773797396,0.0
0.798478868219715,0.690259235010651,0.13304520432757294,0.27653416926955976,0.4078622090931575,0.0946023556924231,-0.008171189227238362,-0.9441527463941237,-0.5216512714794767,0.7506019462536464,0.04053364781172679,0.11824899394679847,0.07484592396964995,-0.02005403316028917,-0.00728374520046703,0.0
0.6989493124575132,0.61521911045062,0.19771545708062846,0.2747194184429664,0.40831155192367363,-0.022447947602865295,-0.05535746962604235,-1.0685402851831083,-0.5877533046287388,0.8008275896950381,-0.0917325238615429,0.04976677675062244,0.06610543432985717,-0.16212087107543738,0.02385691891343803,0.0
0.6976031000910522,0.7461249523713857,0.14749393525063265,0.2731425471250047,0.4195039930298613,0.0624500994457253,-0.05452416405218834,-1.0939705536510016,-0.6494356867055873,0.7449258171407411,-0.10653366180123448,-0.009342438994626522,0.18817801742014992,-0.24590050378757686,0.0702576728170981,0.0
0.6841894331668139,0.697553788596195,0.28256616021394565,0.29682885193376196,0.3398100547723576,0.1891786284576475,-0.06178325676106998,-1.0112927764093262,-0.6333610808565043,0.6895211541531352,-0.010071716080848211,0.19768475442313813,0.0029754096293712617,-0.14211636857406992,0.08198679718489134,0.0
0.7643773998234575,0.7153269953729167,0.1661386751582253,0.2829010001028702,0.3843531331171163,0.0482021973979713,-0.09710765457976991,-1.025813394083622,-0.6282060421958704,0.63599618212932,0.025410604064140363,0.1446750879145081,0.20640609644130334,-0.04048315993590733,0.08703668038163376,0.0
0.6334543598880787,0.6065627292622219,0.14797086125079478,0.2750195161282759,0.4361916201416237,0.17881024912530658,-0.054088329563286644,-0.9822121228482685,-0.6123765961373514,0.6625887223021314,0.08046511968796823,0.1394258267018943,0.04838730673458641,0.024061503474772886,-0.008330032458399111,0.0
0.7243707001472504,0.7412828887391042,0.19491740445034672,0.25521228063939577,0.3644289689603428,0.1478640858056247,0.013531525102331219,-0.9696760601656059,-0.5651794692885721,0.6553355162531244,0.03526243362622147,0.009677260029035337,-0.018993257604128344,0.015390620296975632,-0.086570260800251,0.0
0.7388379280679972,0.6568200710608718,0.1538832035750889,0.29348603591481404,0.3098656115285488,0.21756411340727028,-0.007439877552849373,-0.9446145642974262,-0.6835695657297108,0.6807121207861856,0.10441139702938296,0.09480618203976224,-0.07826841777628524,-0.12827901749968604,-0.003146643854404288,0.0
0.6220482532868893,0.8274954925553931,0.12683447539722079,0.2929616672610511,0.384820337898656,0.13399960452302204,-0.06506068405588476,-1.0386830722768676,-0.654943768838703,0.6942648183175522,0.02709190011217926,0.0908666937968106,-0.1367501278317224,-0.002195427108735701,-0.11459606440657559,0.0
0.6399968840545972,0.7698865330769562,0.18145607446442547,0.2758498183960267,0.39634871848696807,0.08469220127584726,0.031124684449377327,-1.0986273277510878,-0.7198226715103108,0.668500781441582,-0.04376592940281371,0.06560801845074904,-0.0718750271054503,0.06070126925445194,-0.13958610760715406,0.0
0.6759470742771772,0.6983852387173864,0.2583335202155699,0.32360453307328946,0.37936636919144967,0.1389545445018021,0.01544026693259118,-1.0038287490061901,-0.7325705574915179,0.6951305452460541,0.02910633154075015,-0.07108523253233848,-0.15915809400512948,0.08682818913401062,0.13400690893950873,0.0
0.6455591549115033,0.6995233146424997,0.10094892469386077,0.36750737381805904,0.3484036061120491,0.24566527545838546,0.047811609535247324,-1.0244524819475176,-0.7099231786660302,0.5951771188005004,-0.03879401965213691,0.028343216389821645,-0.14870779137330575,-0.03552423130813223,0.005321224915170175,0.0
0.6798043337745967,0.7866078913277864,0.05043434159747484,0.3141571783753518,0.387918927213277,0.2497357093679376,0.04426174378018776,-0.9579300933737078,-0.6626876905287098,0.6469775804038848,-0.016496286905126202,0.23428166831486125,-0.27734670708184295,-0.17974873027548638,0.08267755237972146,0.0
0.6152640723307968,0.6091038745646559,0.18013118709605563,0.3146177275164757,0.4686431571382632,0.20807169200405015,0.07533572567076693,-1.0171959055411641,-0.7278810443842441,0.642340167509161,0.061261148738842024,0.12914490289219416,-0.19460965861067317,-0.28119773157563,0.25728107198359546,0.0
0.6811891721303005,0.7510619576391697,0.11409625444452297,0.3608240878204577,0.39333933766902734,0.14440748659965194,0.008240639677449632,-0.9621621441640977,-0.7152276616389547,0.7114245942382488,0.08433373442767951,0.022801893555639316,-0.239558879925828,-0.28906638388457334,0.14270129111992214,0.0
0.6646315196433827,0.6749468632437361,0.06599503755317063,0.24409048809901357,0.40428970903615424,0.2278408932439203,0.12979091176492602,-1.0441946774183897,-0.6850233961980408,0.6216870315822022,0.1078568269957377,0.08559694213384485,-0.12641278906833087,-0.22000602485606563,0.09843154663825487,0.0
0.6472169301111146,0.7102241579575096,0.07426311757982135,0.27947846289717004,0.4964340610702458,0.21030579562745585,0.027222675438656613,-0.9388786279702858,-0.7712367855155712,0.625142318148975,-0.04714666256409028,0.15513713457796469,-0.15585370104515675,-0.23044321478604649,0.0769010430295635,0.0
0.7823028151535231,0.7510316282169366,0.03173583796592991,0.29247190431431586,0.4495112110484841,0.3057742802728171,0.12932624493411066,-1.0432215687465431,-0.648216433418465,0.6060471417825338,-0.07254093781742059,-0.0793222106229864,0.11358405400685352,-0.22557894961628486,0.14594451462968705,0.0
0.6737675444721143,0.6809101437755006,0.20074592144548603,0.3243303324816731,0.43952783258303707,0.2265223319171186,0.11557870738565675,-0.9610386229151862,-0.6616876173670331,0.654428350868365,-0.07698218787738186,-0.0009646220399837299,0.07022680003243621,-0.2174533475868883,0.19873709381810234,0.0
0.8078723248892973,0.6480969659879384,0.12481951681566508,0.3257809351903093,0.4038247838655809,0.24316157358143747,0.13914309018441529,-0.9514107062410184,-0.7758057311806947,0.590269369849877,0.131608258331016,0.16733068677479493,-0.1471880040701685,-0.21135662213164627,0.11927809989783071,0.0
0.7664917951404466,0.8212673516743523,0.2362904890784091,0.3308047734781322,0.43974636983289056,0.23511998869662298,0.1636703680916033,-1.0305124146899582,-0.7682302191894043,0.6375567182709332,0.13625352709447258,0.2036211513511829,-0.21564891504305117,-0.1528804018381746,0.035478395550237116,0.0
0.7304055661074791,0.6781503441265779,0.17620598819082953,0.350044132199118,0.3359645871651483,0.2761032655203766,0.16660096706240338,-0.966899037967469,-0.7751000520371552,0.7152472795538133,0.07624750598674497,0.1577497262764141,-0.12040494424041871,-0.1680994536607584,0.03222196371845367,0.0
0.6223742891192545,0.7024762325751602,0.09822654726684217,0.2749697605212317,0.4321620262675569,0.22727801403789782,0.19074758521896737,-0.9229311874090387,-0.7563362780961619,0.6505803478379084,0.19361674264007026,0.19405098689254519,0.06890213779991132,-0.09657753496285996,0.014667283087426517,0.0
0.6972300248482666,0.7432382219259183,0.20020814198324038,0.3471040645065754,0.4062041120438061,0.29858860037110463,0.15934099208686053,-0.9588729473860459,-0.861105649231205,0.5771515064875139,0.3258971818946752,0.10795612340360153,0.029486841998912886,-0.15520457145271488,-0.008192657921988544,0.0
0.7781862969745303,0.7798471315487779,0.16633892996881394,0.37376843347343836,0.3651727852580631,0.24988905764251834,0.2099096075157432,-0.9410548760960001,-0.7363634570397063,0.6434588624068013,0.3076125219275335,0.019193444525498565,0.26846203087577947,-0.22054681722456917,0.05076998460002189,0.0
0.671567153698675,0.7891175863742295,0.1464259334198656,0.3203219867200807,0.489525905597812,0.4108632159403153,0.2593374303813712,-1.0112567521559699,-0.8322775329790981,0.5530728363265156,0.23740592860428816,0.22538420575624513,0.15323351990625955,-0.23600817158640738,-0.09857597988147948,0.0
0.759307401459463,0.7221348559651901,0.19343819131163859,0.28924679458185143,0.4066557834030574,0.2593306877186354,0.12389285808432356,-0.9861822743781025,-0.6819665323138488,0.6124665188816819,0.22098471194364921,0.04867251599337086,0.06979805829699282,-0.10405531975308424,-0.1033816851495942,0.0
0.7433050400301738,0.679985048586208,0.15948738208318772,0.2964199302122293,0.45595074641881467,0.38736296692876526,0.2527151608628585,-1.0197698691050043,-0.8912717318864681,0.6024666478178948,0.19846864997867178,0.10758771039637963,-0.0006743657275219486,-0.1658260570473773,-0.09535087488081878,0.0
0.6517979617089346,0.7627760728511292,0.1430620300589125,0.3174967304719095,0.43396821604673064,0.33995400266298126,0.2502264948436243,-0.8766296049869327,-0.824462114050445,0.5962441667911279,-0.04325166159059368,0.04548829994127318,0.06345974466875146,-0.1293948037133038,-0.020408829333964644,0.0
0.7233183796201961,0.8032453110991044,0.144569941862586,0.33859501990894314,0.3229852925739325,0.37968405713369185,0.2333327314176713,-0.9358259418977583,-0.8478277154967128,0.5006955728397839,-0.09032700323792943,-0.10304013502887244,0.13919218068498684,0.07557106029861992,-0.046356400031235076,0.0
0.6709915425186381,0.7414526131914033,0.16768972081338537,0.27542117463773086,0.3832377537739457,0.46243810920470474,0.2712649958922444,-0.9854691031484778,-0.8302684226693446,0.5225767293499762,-0.186514470626875,-0.006892389579577052,0.17528415928869495,0.29610100656086313,-0.07198057041155637,0.0
0.7648617214306103,0.7792357249429793,0.16951254606392457,0.2598230686893521,0.46595540186329804,0.458275863990192,0.28094670628543583,-0.9749200575076693,-0.8600960831061012,0.6101828089932371,-0.34851996494113696,-0.07421336890030684,0.21496938812299965,0.09517839243361717,-0.04109352777676069,0.0
0.7434111581502117,0.7190095712035768,0.1619964399499279,0.2454445973779598,0.39059846442693447,0.47845447964953725,0.28551915854998694,-0.9387188429252837,-0.814878811912219,0.5640641748005121,-0.21297374743591402,-0.150330414421944,0.1872557122851342,0.007129373539811995,0.18638712646443534,0.0
0.7620374989589646,0.9205420005548268,0.12987487832937056,0.34373250675270783,0.422499890406231,0.3664000043752972,0.29923343009261333,-0.9152745662945082,-0.8856541654216604,0.493884013347453,-0.0926247803073524,0.15731930618259699,0.25381794382585715,-0.1281691874079525,0.20241864438761611,0.0
0.7648088893175585,0.7675904032197135,0.14053729251861716,0.3253717837336574,0.45290719990549944,0.4793750879311051,0.3844872426416698,-0.9689080045306833,-1.0001153846370596,0.5817741715434132,-0.05739971228019565,0.17508195413539673,0.21886638566462607,-0.12351173824934325,0.11724890771789348,0.0
0.6515655006547061,0.7464232343950704,0.1938214991523528,0.2515335474453926,0.38647940622291804,0.4994270706646868,0.2938575421673243,-0.8710554544894112,-0.8525557070632187,0.5000660605467561,-0.12592339080214862,0.28617793608161557,0.2589889972200522,-0.21676310993577405,-0.07353337734377935,0.0
0.7112478515348596,0.7319845618544685,0.17813806893282783,0.3529607463204215,0.4572989723221165,0.4770904123655635,0.32715759678268824,-0.8670756231383452,-0.8780700778207966,0.5801688086881702,-0.2417343746744125,0.25602612217655885,0.3476074502559057,-0.1535155845904555,-0.17542121802690624,0.0
0.7779971458400667,0.7725581939412441,0.1186144086360891,0.3485375019913839,0.4062450397617738,0.5501818950492036,0.2935497246014545,-0.9229324614328792,-0.8763337384440363,0.5149842076053206,-0.043863375253959835,0.22001402350250218,0.1855454722698348,-0.1974500893601068,-0.23130817271433834,0.0
0.724415620678589,0.7943205197370351,0.2007388037770909,0.2531568901271188,0.4017296565081824,0.5204362941647297,0.385296540224154,-0.8623798914673555,-0.8496726912004553,0.4451781841977288,-0.042819596964663045,0.2745895043005188,0.06850783103143371,-0.2105494227672055,-0.20357892465782207,0.0
0.773186684747023,0.7538630226525493,0.14786528155008624,0.3488017616262582,0.4100844533347736,0.4716780295197676,0.36053097364370507,-0.900657191681342,-0.9699977910668063,0.46555041314349316,-0.09993810069188214,0.004199240121281117,0.22125829427091764,-0.2786684182011679,-0.1946140696307074,0.0
0.7204692301919712,0.811811052693794,0.09012437663918182,0.2922038861237004,0.35438516986990404,0.45215260289337955,0.35064222502033543,-0.8354244350179709,-1.0171151824132418,0.5196181236577632,-0.0474394609101456,-0.0383274384148831,0.09155044117507141,-0.33504830265240904,-0.2130539726099996,0.0
0.7408615764960212,0.7546744077305217,0.20128256327520674,0.33198892459614293,0.43949060651947114,0.4634358018925824,0.3924787303735735,-0.9427821609579714,-0.8849116464815522,0.5245148028415436,-0.12821498127433453,-0.17097447120330977,0.28073171445636924,-0.19123519718977675,-0.25621002720541963,0.0
0.7149934333745165,0.7799490528971982,0.19459787255655128,0.29585626015071154,0.28123536760276135,0.41747769236021437,0.4016837178082904,-0.8427602081496011,-0.9767119110888081,0.44063318929961665,-0.11916109653205056,0.0009839009672760746,0.19590717919787085,-0.14056550476040258,-0.23706907779434677,0.0
0.7666893456220549,0.7202534358988134,0.16260609642670132,0.32634776484768296,0.5658033254819763,0.5691992729407482,0.46298358060684264,-0.9480946514465326,-0.8601416284321213,0.5220150530567762,-0.27792307536187844,-0.16143860529828458,0.1664349840219303,-0.07763580015085149,-0.36791106866065426,0.0
0.6833419365085298,0.8397830444578511,0.1998131134084496,0.25737994519663737,0.40527251534997244,0.4603330577685964,0.4183573706823056,-0.8429825645758516,-0.9158760343908647,0.43669573169945797,-0.4190771537522642,-0.12032225975432816,0.20887725018798736,-0.12001342546182807,-0.46437269840689055,0.0
0.6928309485311497,0.7618300075637245,0.23656436189771599,0.36505520795987434,0.4916868245106439,0.512632225754089,0.3774245888193451,-0.8658826292290461,-0.9137213795198844,0.3811434874531159,-0.25777791720073895,-0.191927950832379,0.4352399861058345,-0.1384684467014428,-0.23400210387855516,0.0
0.754145983712283,0.7191279654807942,0.13941475068826206,0.31841163248026505,0.5024866229562875,0.5878454927300236,0.3932236791564748,-0.9476202010792741,-0.9378309761507782,0.3715255667810892,-0.15938130352484012,-0.2582133791336281,0.26905792874117795,-0.1663265805876516,-0.277143035793699,0.0
0.7012834155062608,0.8669277792593195,0.1646989058509616,0.26826927330396744,0.46271314696489513,0.6015784802457198,0.4779331557902776,-0.8358088237553319,-0.9400988491918206,0.39002029974059943,-0.17900621216607343,-0.15053771398945984,0.23664285614246447,-0.2642042960058998,-0.1390529993585265,0.0
0.7637048260013212,0.7057806594157503,0.16456744634349632,0.4221744656296499,0.4139392026947032,0.5657585292700181,0.3490986385577777,-0.8607761733913649,-0.9943779037666709,0.44786523274125256,-0.2508491553224511,-0.1801018640779186,0.14720059844200578,-0.34149977894570704,0.017248173687834795,0.0
0.6406631455869455,0.8206089763176321,0.16724760882315706,0.4062816887192053,0.4253827165090052,0.4980881932904476,0.4114423952232853,-0.9590417526556378,-0.9485085868495071,0.4181152376576519,-0.13295126182744194,-0.34236904034493304,0.16662421622308532,-0.45555556648220735,-0.08398863676185168,0.0
0.7127848109458295,0.6513376935877712,0.2587136291248563,0.33848651469415053,0.40217805656579986,0.5892162781083186,0.5220835626449638,-0.8885562987847814,-0.8865009647859855,0.3795569794598403,-0.10505544940610352,-0.1299652875593582,0.17058423924155475,-0.3819451488935252,-0.12823977315229096,0.0
0.7276428881731,0.7896752206914582,0.12485155977174439,0.299554784278523,0.4535309802041396,0.6570854062239352,0.44658872796871196,-0.8928756642176465,-0.9647462857968832,0.3366811813655383,-0.04714511833483473,0.08210236818887519,0.20778214010652843,-0.3540115362552093,-0.20720223766752272,0.0
0.7020410940273514,0.8102256818916266,0.25401350815676654,0.3173161014089592,0.4509983998012637,0.6286823335747364,0.47467555979971776,-0.8985572140332609,-0.9953391901736471,0.4117982219869204,-0.13721030305695872,0.10845205143900216,0.22321698462043155,-0.2855275440141565,-0.3647147415893782,0.0
0.7152676459148761,0.7082460304286581,0.16706158879064423,0.3695836455182233,0.50870002478362,0.6254268395496145,0.5395124198871686,-0.8467148222045116,-1.0728011338991763,0.3114516584475404,-0.1618501104652802,0.12488130815566838,0.2746291657656129,-0.5068658521070699,-0.44381279826904585,0.0
0.7651834829937683,0.7554372904742611,0.16320219956224374,0.34931283344709446,0.4630497968864124,0.6272303534189478,0.5796616080717304,-0.9482291239679543,-1.0282997723290837,0.424636412976154,-0.01155373884196255,0.14800250380196753,0.11390437537157766,-0.7056229453023832,-0.2513479981619555,0.0
0.8211545933750237,0.8004212106905055,0.15499323236137685,0.30494015623896487,0.3859202021912151,0.6162720452419193,0.5043580774691968,-0.8230293858561241,-0.9735816793582805,0.33500678791616245,-0.059208233423996615,0.10225690214787679,0.21785386599526255,-0.5623347703180006,-0.11459769281593801,0.0
0.7379914080549131,0.7865343587815434,0.19039936606659383,0.4425336897089256,0.3803246547029626,0.6346559716002261,0.5642040028063607,-0.7399934637298136,-1.0043413130923402,0.41705982623672766,0.032741971263661386,0.023390757615530902,0.17071684982250804,-0.4422244973550205,-0.03836435148223936,0.0
0.7927662627945484,0.8393502213750048,0.20093525971300383,0.3512977702205927,0.5197847871676481,0.6387138525864788,0.549895855769259,-0.7367438542035248,-0.991322972435221,0.3495642998467652,0.10300872541775541,0.1025770954082945,0.20820380060911664,-0.4792387508997172,-0.02240879102239425,0.0
0.7357901119461119,0.8201906261772501,0.2805593369237981,0.36018108361106665,0.5485449443877637,0.5694127917879405,0.6761232024109165,-0.8332169826488166,-1.0081821785125098,0.32809929819673483,0.15154122432427852,0.12326554137580002,0.08412151320013488,-0.3694662433392386,0.07340763156913141,0.0
0.7796677982759053,0.7653515574901175,0.18816429988329308,0.28864190433896875,0.4645875573140561,0.6352155339710757,0.6046427133051149,-0.7726553134851836,-1.0029663323192983,0.26810461812518166,0.22543306823929204,0.18174960659594508,0.2879950449986857,-0.4066188851074907,0.0980397774582378,0.0
0.7013464693377669,0.8464115337276182,0.15913087520814298,0.2978056723349674,0.5494180375212212,0.6629688320622713,0.5618224187157912,-0.6915351487319885,-0.9468638313244605,0.28654714715566787,0.12846526147939624,0.2568323314676423,0.20532233131566235,-0.3435619580392294,0.02920823228561977,0.0
0.7246483263189772,0.7632846498371588,0.2939763374641876,0.33833218298006046,0.4822143545437087,0.7021359768026199,0.6422991199221341,-0.8299604161099111,-0.9866403729682782,0.27697422272181416,0.0547696426026902,-0.005618541064377508,0.08940249738617399,-0.2974908520765006,-0.0947378051101279,0.0
0.8314447168183232,0.7258874613350446,0.18062418992511267,0.3831604642428983,0.3736970775864851,0.591631186978713,0.5613080612224737,-0.75890290579604,-1.0067203108976999,0.3245507654254643,0.02404869562356981,-0.14904688389171517,0.09649405126443522,-0.30842952448726235,-0.28233052786227064,0.0
0.7927455586071963,0.8906594237679054,0.25356181894657004,0.3721240291818403,0.4693374916417277,0.6489880518790808,0.5593975415356573,-0.6942094796103707,-1.0632889850861709,0.340919022059673,-0.07775709184291665,-0.08446867635976284,-0.1694360584193182,-0.12193320317467227,-0.051353373882581294,0.0
0.8057904912962726,0.7927012362557025,0.2363419005688958,0.40623630571418634,0.3660434791185606,0.7378851133165523,0.6378835016417259,-0.7473943178707675,-1.0430509702108923,0.2776963100764046,0.03399035805445394,0.005004425794750293,-0.037320667977211064,-0.16281489576117197,-0.17684685220888607,0.0
0.6920382771371275,0.7761344823230794,0.17834585172492506,0.3551856298744312,0.4827351162963378,0.6920633396287764,0.6497217892770383,-0.7445698464920159,-1.054163277651859,0.3020897623504308,0.1125558272338449,0.08337372773560607,0.07525756220922238,-0.20005357020615033,-0.12821282340914092,0.0
0.7645732279865434,0.8439056505854375,0.2242758147399724,0.31722221112804816,0.45927350280692275,0.6511502094056245,0.6385417550682074,-0.7784546566822982,-0.9114784656924981,0.27102158497265333,0.04554482961363399,0.022453674578179195,0.27907903567762815,-0.3705135044818397,-0.13426005436718874,0.0
0.7723086536065844,0.8589663753227188,0.14934481263679858,0.3148974638483253,0.5072703630836749,0.7513508357954706,0.6240482329449332,-0.7525721790086519,-0.9980636688247603,0.17729474642303777,0.08710865441328927,0.1867714089738092,0.048175204934977456,-0.24392928530210478,0.01749757900534253,0.0
0.7918783393848483,0.8670274420014177,0.22734697284003447,0.4183009128910623,0.4667069360105372,0.6526066128717174,0.66559812919019,-0.7129691680910591,-1.0589346175252952,0.2342454679199618,0.12196517276992802,0.1282452689880525,-0.002929624303103895,-0.14164554998276832,-0.0973085465215409,0.0
0.6968229913872083,0.8477701808089178,0.18855891024240523,0.337012810825949,0.42297545081898513,0.7566534151348691,0.7870911928725174,-0.8003167826845264,-0.9917731873732998,0.2596267315593358,-0.007483740046506454,0.08225646051565755,0.03178251140990427,-0.01811587472092889,-0.02305017452323261,0.0
0.7935549283390948,0.8097108501944045,0.21034260094297216,0.32760001647595727,0.5033697378314749,0.7468065296273376,0.5930350158736218,-0.7508312869191135,-1.0229004124535261,0.3187587362395863,0.08850831197284537,0.004419490309318555,-0.06728889240596223,-0.028627886788854324,-0.18218183891941417,0.0
0.8468528621775516,0.836410491289663,0.28516377401449233,0.3270634802712611,0.4878418234451854,0.7309001797803933,0.7635763033862524,-0.7445323107474251,-0.9530998625987062,0.16489471667135958,0.13580711612636032,-0.053975499106007116,-0.13831096870669762,0.033015569653708346,-0.09431876232545931,0.0
0.6779396555322001,0.7845461034023513,0.21892188119087388,0.4136022167071822,0.4499983003035907,0.774118335330797,0.7014504346563188,-0.6773964906067134,-0.9926366970361067,0.29889359452908526,0.1513470749321537,-0.07885765981902265,0.010823599104692647,0.009190520623993576,-0.20584078065221112,0.0
0.833194854290757,0.7615079102149609,0.2809030056138091,0.4047038564890224,0.5470564984248212,0.7376672893444666,0.6420479275511684,-0.7646476147796799,-1.0938417930111584,0.2270842185053846,0.24407385183592226,0.027413944803657303,-0.04898423447979976,-0.02904224127228853,-0.02581701915373341,0.0
0.7164891387438381,0.6957764209371395,0.15978679229176396,0.3229447843339091,0.3988183483684312,0.7783589571413218,0.762980455755415,-0.7219475253129837,-1.0459102670332665,0.1809179856928296,0.22823589452415244,-0.02066251859601778,-0.1416632407531119,0.012464047431318855,0.0008650920157127276,0.0
0.7776081870844596,0.7578425470520482,0.26812527031751754,0.38775012715190327,0.5273453222457815,0.7256028987903412,0.7641483723887664,-0.6816086201861452,-0.9760640822909867,0.14940207981237705,0.2807804798946375,-0.03150994204707241,-0.15187629327198562,-0.06932110979933516,0.03367946403722845,0.0
0.8222801504718094,0.7398745378095932,0.21720273123712944,0.4178452946659388,0.45769729671646836,0.7766551159531084,0.7842255577266796,-0.682654727795336,-0.9596273797404712,0.18135403718558754,0.15227048865043774,0.03776791277208909,-0.08981017336199867,-0.0097221883576031,0.18210066307785744,0.0
0.761268063963399,0.8809955598491422,0.14750940371508592,0.4216386643866241,0.49027386464851186,0.8101392251167715,0.7101474227729984,-0.6618324328859228,-0.9454684393440741,0.2536473000689116,0.028307993467940815,0.06019971340552253,0.13255001193637891,0.0983039670869767,0.08925545110487726,0.0
0.8022460831861526,0.8176654189279003,0.21452162555698806,0.4301557673833048,0.45758554657846634,0.7950698489206628,0.7447096057990652,-0.6911440181179749,-1.029004918004279,0.25552406254943116,0.07158730754988167,0.0828106624020542,0.2785624980011211,-0.051107078249778656,0.01874114495496694,0.0
0.7687427984218631,0.899578490387918,0.2730135123672553,0.47431631399651986,0.47232737211169235,0.7926905123797756,0.7485636363039799,-0.6598517526155956,-1.0296934224564276,0.155324425902973,0.022675808842440186,0.0114215695495423,0.20585924842417716,-0.08826068010287447,-0.10417900832388959,0.0
0.8612300925551853,0.891464175906655,0.2815515368804599,0.4055701296749784,0.4489273051879006,0.8407739472300636,0.7363729901972439,-0.604027538834648,-1.0049731468425773,0.2200985831365787,-0.02291920504359258,0.031061844279781266,0.18665312326483063,-0.11044282062976797,-0.3197696006704406,0.0
0.8432409649561994,0.7877051284078338,0.1562082789371021,0.3854617671576497,0.460097241689222,0.8069449913773644,0.7915013312038295,-0.6227922238032957,-1.0046549794398678,0.12255271621417209,0.09922938054513525,0.11309601673312641,0.1941269264084614,-0.22673338343278185,-0.3812573834643311,0.0
0.7465647824210664,0.8310695811376744,0.28293422142650076,0.4039913946847746,0.5221198457672611,0.7984416768386342,0.6964231563551653,-0.7047379536801484,-0.9528986677898514,0.1968335026815818,0.05094210388125398,-0.013585007904386354,0.09363184515785408,-0.28643437035366426,-0.25323231437528076,0.0
0.9173896467416989,0.8497817536051683,0.28433128358733945,0.38929699484402175,0.49352028111333235,0.7373470017289456,0.8089554128674387,-0.580827510733531,-1.0427818783483718,0.18142192377145858,0.0893013726894748,0.010581783017813418,0.0023299727390848624,-0.10761556526175003,-0.40005314347119425,0.0
0.8923474529737191,0.833181244134702,0.2634509071345455,0.38021014155686533,0.3803011793083716,0.7789690952988169,0.764607966093866,-0.6348713861285538,-0.9287805591078011,0.15697016506003098,0.09923845115267954,0.005789450012431909,-0.10663462348619888,-0.10364203101481805,-0.1549767198689768,0.0
0.7791338616357801,0.8326586624917517,0.22112345304845932,0.40377891513859043,0.4651212630351189,0.809463526929156,0.8305459696630901,-0.6597811178920402,-1.0041883212276403,0.11198295856510336,0.020868909282941113,-0.017698599121721705,-0.011350259332035442,-0.08748820989653044,-0.2702508309817049,0.0
0.7468083275937496,0.7625088994806204,0.17630891183262046,0.39491386383367244,0.5038955002815557,0.780409104954838,0.8690736899740337,-0.6045269437285383,-1.0004118757489355,0.09120679999680091,0.13219186111027756,0.004756306699640646,-0.012784345289023894,-0.005582932774153462,-0.38458488962058546,0.0
0.805318858757994,0.8689269638614909,0.19101307396568776,0.385459370903786,0.4735627568656933,0.8927917044201489,0.7576550906052629,-0.5689138803200512,-0.9786170816062845,0.10791390173600958,0.0917244022675852,0.04926502236753536,0.10659810275385574,-0.006485672886401724,-0.3094636807234557,0.0
0.7509039775518902,0.8270214755162647,0.22053980285872576,0.36328640808251766,0.46268419820047546,0.8374502098673677,0.7624893456468687,-0.7069828042119243,-0.9941775788884621,0.1166319121290613,0.07785313387498484,-0.061618928207034865,0.12892434909510747,0.16805080849369267,-0.272834265048119,0.0
0.8536804710693107,0.8428341868552696,0.27410564699376283,0.4242735475747313,0.5060520862432739,0.7545981520724718,0.8361619282110534,-0.5414842251591181,-0.9201630423950953,0.0972082337441543,-0.08846010322557957,-0.02366174931934873,0.10119947140626406,0.1313384007003745,-0.15593827015220307,0.0
0.7463298007414667,0.9007270696125607,0.23055053416166832,0.39457444937722347,0.6045456146611629,0.9040249138337354,0.8039370309307396,-0.5574946481277614,-0.9931788775083067,0.09772146002900589,-0.006035144363274486,0.14338442012254085,0.1316861427751399,0.3719976096268485,-0.14517573065290168,0.0
0.9003375527480679,0.8791798092370574,0.1949961805673056,0.35892580565056426,0.4774693064477461,0.8621913772169123,0.8351552501523568,-0.5779355859967081,-0.9684508125212966,0.03817148989555526,-0.021052581697386913,0.09724438634070313,0.010516190188246233,0.402478550518485,-0.19650832809438434,0.0
0.8004864655905559,0.9776752521832947,0.18301961429431782,0.4247507914156999,0.5493019409105936,0.9333195230182004,0.8179797290880488,-0.5316903489273258,-1.0130087319849184,-0.01659525998070467,-0.0951420882841427,0.031137450414386328,0.13066934774817712,0.3812729897002712,-0.282507544630394,0.0
0.8447597894554492,0.871062805130382,0.19280099938794884,0.3770603154366625,0.5074112157056007,0.8780732030277879,0.8501725681736957,-0.5576547834141653,-0.9734218776580629,0.047330967425095086,0.02299328257541304,-0.10395824932841631,0.08326114738058361,0.4022212727270915,-0.13068078282570178,0.0
0.8602580674633952,0.8493564375941361,0.2249488757902287,0.42377881335189893,0.5051691549933048,0.9217920466071043,0.8352844400925988,-0.5950749981057428,-1.0211909289483108,0.029686390486633664,0.0467636769984817,-0.13075790507419963,-0.07923252693193829,0.41134811902718343,-0.3156656481450151,0.0
0.7978395323435173,0.8072959326488598,0.15904174520900205,0.3688050094181069,0.4539951564455467,0.7862150984164177,0.8539493147647005,-0.5407081991307147,-0.895483660411156,0.024990588122656518,-0.016324173343078036,-0.17092639763694428,-0.08822985129504271,0.446471850288061,-0.3266626275022341,0.0
0.8736237996816982,0.8915777029444293,0.2395701875899815,0.3923331409496374,0.4848311442753029,0.8858116738766408,0.8779400866710892,-0.5871205241600252,-0.995079236287805,0.04374717522132253,-0.058216311077502414,-0.0459955904239317,-0.21862372607884348,0.35857116690130214,-0.23309582123079292,0.0
0.8101914701220558,0.822531816294964,0.2799081549578898,0.42014547737219465,0.6677904201409338,0.9411405993109296,0.8852604331414851,-0.6225211323779346,-0.9000279017103037,-0.03681957903972924,-0.06171195433111307,0.06075917610784561,-0.19159902400370063,0.3500678815852466,0.011645236055395497,0.0
0.8159320362509878,0.8868428935420578,0.19779375080035977,0.40294115934172625,0.4183550664791438,0.8416385884206032,0.8259687990813925,-0.5628639047594246,-0.9551179635373407,0.015572344337341991,0.11132265588235367,0.06931714806333167,-0.3436919544877507,0.4034808721892126,0.038719319614626865,0.0
0.9349177437830736,0.9322436729888999,0.20404412105577338,0.4642018437698158,0.5212706586079731,0.9199850644866009,0.7667471036835896,-0.6412376382050715,-0.8811429203230993,0.05932061773070368,-0.025809839254402486,0.24932088034734737,-0.1222256408142256,0.3426723122895335,0.05882090699630488,0.0
0.8780474586807318,0.8596241477625529,0.2650616130743706,0.3972189996082693,0.497618469407,0.8953770801057334,0.8841184857218293,-0.4359789047601408,-0.9264592408667802,0.0014482053400299948,0.04248038654990753,0.2495723943440931,-0.10909280912011089,0.1653979352230947,0.17420244615194064,0.0
0.819156814990464,0.8482180785121671,0.34184540893307114,0.4752117429036717,0.6132870759712771,0.9750838062870824,0.8733819726222973,-0.4180314759448748,-0.9247282388861322,-0.02375554699424576,-0.10964610828260693,-0.0009231832178815402,0.03439346384463875,-0.04283535366667457,0.10076425631952579,0.0
0.8282779281389502,0.9291075782399042,0.25018362691602003,0.4027477952748403,0.6088477610132228,0.9964102374177882,0.901180947774532,-0.4559350249989301,-0.903547289903516,-0.08587231905978726,-0.03896544614774565,0.1591869239855495,-0.012192879734639384,0.0640837441486827,0.10420255373050982,0.0
0.9533024820152707,0.9380330860080228,0.3234280253570141,0.3940404987199721,0.4397971856695901,0.9305852017609847,0.911444193773563,-0.5109545084771057,-0.8930349967570264,-0.076346810968959,-0.027292154572800376,0.04951775859507575,-0.00441269007596689,0.08815431394828085,-0.029240333507606173,0.0
0.8344402852965624,0.845532636047207,0.24199887140276444,0.4524002491440739,0.5757896945600345,0.9678380927102986,0.8844470157985357,-0.5215086085753615,-0.9052187771547571,-0.1174888835613783,0.07954683311777261,0.005561530887373982,-0.08694080821590196,-0.20500406541049038,0.03386461865037627,0.0
0.8230715609986219,0.9235318631314008,0.3001519300442757,0.36911806763822613,0.5373055039979194,0.9631590427421513,0.9283793699241673,-0.3938708091003307,-0.8292548736496019,-0.13610125948931578,0.035876491471477784,0.10563960764257951,0.003010112276676996,-0.3235914460693212,-0.05403834886677449,0.0
0.8847979315357755,0.8768962118730566,0.222115538492708,0.4059070474513156,0.5469899435320268,0.9623408869191618,0.9508952565606172,-0.33323839720090087,-0.9393414391839701,-0.1412921328915399,0.01375944960948673,0.08049974603292812,0.050513591215192756,-0.1929834031317207,-0.039872976615120355,0.0
0.8352634136731532,0.8864089844270492,0.20644997183131458,0.5043098021877925,0.5251872265874148,0.8964478280806601,0.973562809708859,-0.3794307834782554,-0.8986132869730242,-0.13806058490307,-0.06283655461432276,0.06265215308981605,-0.11032840791844492,-0.24087102912226843,-0.034365147513328274,0.0
0.8694639116677608,0.9372896160147884,0.22605152815397253,0.41641430710117744,0.567283100275955,0.951118781799667,0.9881375359480398,-0.39810387664913977,-0.8627678283643845,-0.15398182040154823,0.03517043630162882,0.1016374232305525,-0.01782399968390641,-0.17762539121081733,-0.06595870970288235,0.0
0.8519021334008096,0.983690930982044,0.28165740731908234,0.3973854282021462,0.5551960070266841,0.9709610318013462,0.9881902765880538,-0.37436561417541475,-0.8261728387908087,-0.17130465779661685,-0.0017897383065305084,0.07041899881024428,0.06317376854686468,-0.1871267863332969,-0.1246504248172887,0.0
0.7646827820420667,0.8601862538574127,0.23998521374733156,0.4382916632550283,0.5184826657454035,0.9619325053349592,1.019492723502775,-0.4361368622917979,-0.9231873546115269,-0.07651283127003711,0.06953879769740291,0.09365586389008504,0.036756547897579414,-0.2538175879397267,-0.249740648537393,0.0
0.7886803529043875,0.8865220960553505,0.2784488534329414,0.39452736614101847,0.4731459728423309,0.9238609088579882,0.8570061713399985,-0.4767754752231183,-0.8909700831276156,-0.1581825663503585,0.030997559480194725,0.05468277814527281,-0.11469904131632408,-0.2881693837902122,-0.28904397301389706,0.0
0.8425993809686574,0.868353916770884,0.22029870340233307,0.38592144409011025,0.5604240868971809,0.8915135941663025,0.9392627046306073,-0.33212966404170513,-0.8042484512981026,-0.035029531980308365,0.06668437635789631,-0.2056112626659984,-0.13402608433054464,-0.26130830415439116,-0.1768192662769281,0.0
0.7803976376252943,0.9620381888890017,0.21660762651053572,0.40870955403503384,0.4558829537145068,0.9600565104410802,0.9122632808252874,-0.40607342291346016,-0.8709490240563078,-0.19048792692355127,0.13817036222923615,-0.11908462833769178,0.03543654333472851,-0.1732782959107766,-0.1795727967369135,0.0
0.8677111992273179,0.8378034158539799,0.25088926871343925,0.42478907635650187,0.5461582044425756,1.0013841909546664,0.9014602657262002,-0.3958312367208041,-0.8890681029354347,-0.21620443774558373,0.06942612608904537,-0.08129331543067002,-0.059411609823122255,-0.22597102465837773,-0.14866229861902433,0.0
0.8609389181772938,0.9534147235775186,0.25750822613908975,0.5350420363982318,0.6236573730960036,0.9456030084229903,1.067069429163871,-0.31361201576754166,-0.8898083603945353,-0.14328366734753364,0.16122955151527868,-0.030892768435957244,0.025644986373612642,-0.34324937825016744,-0.07201821288087798,0.0
0.8633188846670952,0.930086429250384,0.12505056289223632,0.4808763626568128,0.5546510944015408,0.9190849488401963,1.0035553345890356,-0.35958760912409465,-0.8037965046865486,-0.15949939718148773,0.20137394328056846,-0.07875732526763143,-0.011003109220380555,-0.2093554983564629,-0.12402639148615012,0.0
0.8793812634276083,1.0296641716424277,0.20730577927883317,0.41505080468117694,0.5768918022437645,0.9953705572362309,0.8885767907296132,-0.25645260881395676,-0.8914630259304852,-0.16435381275772487,0.2499413866228412,-0.19656958849837605,-0.009833679089705106,-0.1380356189589247,-0.08443238580817372,0.0
0.8356823434100654,0.9429203605725882,0.2304476596866431,0.44096547014717313,0.5583148756844583,0.9168379883019866,0.9969508467540514,-0.334083658654972,-0.859066368123794,-0.17161224920348167,0.27521626019825995,-0.10749594051650677,0.059281688443862966,-0.22563462423649897,-0.2587413753583585,0.0
0.8703744742965998,0.8417970566765823,0.25455784782660124,0.35697710356968604,0.5085098466289767,0.9762194830781342,1.0310655304430074,-0.25110931487109045,-0.7682340883458079,-0.13048730141446901,0.3916346930496932,-0.04566441493234505,0.013990031943831228,-0.30549504807519823,-0.2657903405901788,0.0
0.8428793194656897,0.9661099012867498,0.2281504899458329,0.4116343007182183,0.617328506168155,0.9469234197368765,0.9280790321897533,-0.3521875126594555,-0.8403766984231786,-0.2529818439277521,0.22005419179231864,-0.017659555131837014,0.2250762396710771,-0.2934355601649048,-0.2529847686144025,0.0
0.838701163998081,0.8901799338357835,0.25621959616648,0.526524391455496,0.5043357917797313,0.8471971157342089,0.9619807621607468,-0.2527512587988188,-0.8776891024379262,-0.1709238626601188,0.14369333233837062,-0.04957322797556303,0.1802140105415711,-0.4208421645485254,-0.22322147466251338,0.0
0.8341421609974351,0.9562260705533006,0.29039675883369814,0.42874571582815174,0.5602421339408327,1.0438132851220547,0.9662790915513146,-0.2775363415934313,-0.7523992734747672,-0.2691646549452553,-0.057990785351736435,0.025146864966505755,0.07954074533374711,-0.5180765951347717,-0.29110986236766134,0.0
0.8749355598692506,0.9499854424661432,0.2475055683227965,0.41321174833639834,0.5392246276177227,0.9136158209413499,1.013788586491217,-0.3221625330853844,-0.7221330982059718,-0.20218111654371668,-0.04815871460788062,0.025431341192725332,0.09492434703976368,-0.41860013454448014,-0.23669110452409275,0.0
0.8351261478972432,0.9284547430642079,0.2522784625895247,0.40665833749328184,0.5931968456285153,1.015328101107362,0.9747043856616727,-0.20801100355914864,-0.7288987740599424,-0.18653343738469597,-0.04918992339585136,-0.02877437833863363,0.054542420521445104,-0.3104741716692161,-0.2588761057887171,0.0
0.8414263125373262,0.7756263141389995,0.30759091916757036,0.47350784025536696,0.530711253359838,0.9793597807764688,1.0009402747813725,-0.2727071865201865,-0.7401114780289535,-0.2753313977193821,-0.08139724378245772,-0.04365641457955303,-0.006626394210968785,-0.08217575414619246,-0.43283944972789284,0.0
0.9092348835508675,0.96961356760507,0.22448722379671884,0.42965282679727784,0.6004222973214766,1.0057162772497714,0.8760139490786982,-0.35504808428716933,-0.7482797716128908,-0.1876783351282249,-0.053775903068120495,-0.08632154192021807,0.055586919060194556,-0.053669769985086796,-0.5716400850945899,0.0
0.8684818435152705,0.8949475135993414,0.2848378111453067,0.31137694320807724,0.5777852549437549,0.9666105897690046,1.017931411691589,-0.2599675859318147,-0.733564376695827,-0.2588707892169472,0.00851480884697045,-0.1476381575825501,0.01961621767704777,-0.043064849519905773,-0.39824788715493453,0.0
0.8797106303139612,0.8783624944086129,0.22814944668326234,0.451150887684329,0.5430951957676649,0.984143452739541,0.9235295912148613,-0.17726985895508152,-0.7590135007737404,-0.16114792676534861,0.0868820943994097,-0.1808527210502619,-0.07706819617721519,-0.12627865944567024,-0.2906357179274951,0.0
0.8957900924765168,0.8747220468905761,0.27351649660637944,0.414876174179353,0.5148098755189964,0.9583362949092318,1.0095468502094573,-0.2876868153003511,-0.7072328498983602,-0.29930419961851734,0.02215631822831709,-0.13887329620248995,-0.3036258059910069,-0.09647790724668442,-0.15667018776973346,0.0
0.9396133555338841,0.9739659990683437,0.23365882920585285,0.47183984331159207,0.5682234053996225,0.970853152113798,1.014067889249687,-0.27995937094778084,-0.5837551837621505,-0.3311409558387529,-0.014893388131971348,-0.17714387395409187,-0.31578243238010295,-0.01249244726805647,-0.16882353420421045,0.0
0.8043221854853109,0.8603386688992957,0.27578335099004475,0.375626224748316,0.6150316787595438,0.9211906796434937,0.9180791368024779,-0.19523927726087761,-0.7624149670693987,-0.22342691405510925,-0.027768180599972107,-0.08341952390307697,-0.3510416742945489,-0.15069894299106185,-0.024305229568368822,0.0
0.8778322175010497,1.0241029427322599,0.2429827486931117,0.4088970934283641,0.5810969537558834,1.0619840326026493,0.9966812068768419,-0.2394704762009679,-0.6033830980614031,-0.30440772104011227,-0.0711559302649887,0.043752564026724186,-0.37782961548674915,-0.19364753951442717,0.0800886595277581,0.0
0.8455050076175854,0.8968352610072329,0.2718235684983511,0.37317022519150733,0.5152915895012604,1.0135228143723867,0.9110548471871556,-0.19902364889988616,-0.6176158850890096,-0.26544668255018805,-0.16360621090212477,-0.07374346244429587,-0.29935612406568796,-0.23718510244349045,0.0937712037439638,0.0
0.8535280115689204,0.9881248841275801,0.3852870662280246,0.36712581429698277,0.5692781843304147,0.9897269975684864,0.9554280689977586,-0.20504770705667355,-0.680799499078604,-0.30760568474218275,-0.0971260222125925,-0.14224959669569406,-0.18891010910627548,-0.12769617852675058,0.17447658952931905,0.0
0.8099964556614067,0.8652868906380002,0.2577279920971965,0.39534796112387716,0.5842120491747875,0.983935462797328,1.0327326349245256,-0.22858741676307484,-0.6962590972820396,-0.3499348767992228,0.009573489701162105,-0.12530153305841787,-0.14652125935497268,-0.1109830923925054,0.19361268163549938,0.0
0.8812871165931432,0.9675058247410907,0.3329355481080436,0.46980583159073097,0.5649317996880416,0.9191561427037315,1.0023301864431273,-0.26666506719556193,-0.5452581403044033,-0.28061777711917757,0.16090188076388545,0.06379716690058616,0.03143945082752188,-0.05407593216465018,0.23818331560764663,0.0
0.8575467870775042,0.9995035336006852,0.3047261298763163,0.4772004366601126,0.5496810254759135,0.9698693693706698,0.9477263722533802,-0.2707665595188495,-0.7253648973635283,-0.37629512263749093,0.21426717242808924,-0.0012955862923949638,-0.16524314906544785,0.08484709608243787,0.31749860345538217,0.0
0.9709188517029819,0.9469704453490693,0.3337823720751635,0.4673654935681188,0.5740683328705765,0.9959469395571565,1.0255059453614146,-0.11934864196087736,-0.7151385335764915,-0.3301142737752598,0.11842798133523495,-0.047456113703535155,-0.1074130031720675,0.23313449291066474,0.36688499908741135,0.0
0.8939654133226671,0.8971676711875218,0.23659990593232338,0.4172863764577427,0.506470844680307,0.9916061563627631,1.028398637604681,-0.1440723562760934,-0.5932421015507796,-0.3537468764782383,0.11665044533892127,0.12595461051549292,-0.04412157578380378,0.17717343145599085,0.21760658756162032,0.0
0.8713017382655087,0.9614960089241474,0.34225666187808995,0.36890354886709853,0.48756528971477475,1.034318513380549,1.05044206327528,-0.13034156117062345,-0.5410347555343092,-0.2601447591428515,0.050236958091458325,-0.024197147357797225,-0.1621088103155612,0.05917676042041904,0.1702810868137439,0.0
0.9903772349006137,1.0150432288965545,0.3254348480585734,0.4267406996523662,0.558906148410619,1.0033964459383633,0.9032130464316085,-0.13213763539023937,-0.5729827074655351,-0.3591000913708026,0.0677406202456231,0.020703757364592183,-0.05058871438098682,0.1612667544931956,0.13775587590021843,0.0
0.941368563110789,0.9647260311521303,0.16284467863558783,0.41902193794376824,0.5527116038023094,1.0376600253502108,0.9877711716010152,-0.07859007847547034,-0.5673711838080244,-0.3187189014646252,0.14888456848435586,0.0022955185270017425,-0.04442895785620085,0.15504054104745596,0.08938434569404406,0.0
0.9247529412708586,0.891242079257266,0.2565486556153704,0.5101025385122616,0.535830007174663,0.9629322807488541,0.9351794406322566,-0.0667170090989723,-0.6349316141252408,-0.39892075553498235,-0.018621231318192863,-0.008098357378846425,-0.05913569990547407,0.09270333552016655,0.13167749711389493,0.0
0.9106043772661164,0.9156770564802666,0.26277500257825076,0.5210415981986769,0.48365373789937505,1.0409259264431328,0.9248969619065383,-0.060537358972186664,-0.5341540953032181,-0.453640296333629,0.14306938587006743,0.17316942338539093,0.06143839713518033,-0.006645821328887969,0.0521888376007427,0.0
0.9246966891793398,0.8782886597451556,0.4280546577472155,0.40782635886889385,0.6005655761008056,1.0340552175332498,0.9149488541758883,-0.15252675934586438,-0.5747996645713482,-0.30588672091216795,0.16141503561433354,0.09899643176730673,0.08294601885120918,0.0088190417089972,0.1701143000517223,0.0
0.8718627870826796,0.7918118154220091,0.31616363630140104,0.3992072968269859,0.5039500964120196,0.9298971162279732,1.0137339002924217,-0.04490674712525454,-0.5085774316963662,-0.32681143271987706,0.08215754493965022,0.08898357830688507,0.12817559574139395,-0.06637526730497087,0.2395318801711362,0.0
0.8423635884661907,1.0032440190396608,0.22471249032434282,0.4857644436170227,0.6290529441044895,0.9927969820314541,1.0829727930693576,-0.13041510724723673,-0.5874215104606432,-0.35138752516554644,0.05632959938631827,-0.13973864046333903,-0.08502301960291307,-0.03927430547028912,0.30411041092379776,0.0
0.8907221995802114,1.0538454870167695,0.2105433685397589,0.40881299135932836,0.6022167736438978,0.9627938163897668,0.9819207938130576,-0.02977948025840993,-0.5319633040236423,-0.4521724510403751,-0.11219665397103176,-0.18328570392129373,-0.13441412049432228,-0.09289636270684343,0.18717853241425975,0.0
0.91963911631646,0.9181085326601368,0.23072743774667492,0.5116134120570714,0.602247402383722,1.0253632266419073,0.9145889106979506,-0.04884480900799361,-0.5525843207819422,-0.4240417897180942,-0.05126311132264284,-0.18415815797427498,-0.19595343518129849,-0.11634994090831567,0.1217197102003783,0.0
0.9582484598083563,1.0397124180169264,0.28384791141661797,0.5280166586662034,0.6503128279993153,0.9897986028380283,0.9466870689255459,-0.14098228485111014,-0.525159598138472,-0.48182637677204543,0.10679289767292759,-0.13473143460785608,-0.26486325288540646,-0.27216982757962793,0.23943901755687252,0.0
0.9275824906756515,0.9990401348648185,0.3940707434521614,0.4880310170295904,0.5782980412282805,1.0427923772427117,0.960349218734973,-0.08635563778438662,-0.5216136525309403,-0.44730522712734566,-0.018209604509794933,0.14432877903494365,-0.14053717332447574,-0.13717713894755096,0.033425932382545126,0.0
0.8503997124605546,0.985896264852038,0.3466978892980252,0.45372429557040816,0.6461149055175417,0.9206084469322546,0.9783484906384379,-0.004468549879302144,-0.5221045813026177,-0.5039783142411487,-0.1155478464243264,-0.025485781424851972,0.046608295449515016,-0.060465930282044146,-0.1857768601312095,0.0
0.9769719311899829,0.8859331205006248,0.2928212776471514,0.44822975538540116,0.5961627851898837,1.046846582250894,1.0713092413058307,-0.0935245347815553,-0.4639986330477151,-0.5397295023596737,-0.021089730802058226,-0.11303238861273582,0.1651728840613928,-0.06266896739874311,-0.14554745942521813,0.0
0.9776149942781498,1.0287316094545769,0.30847401663223895,0.5589224131621526,0.6112216438663248,1.0616703278598396,0.9367395452535546,0.04889320261024607,-0.4083538892931198,-0.4850797412297364,-0.16888371380114628,-0.009477955686175411,0.044013944328296334,0.07049006998753836,-0.04437429539808874,0.0
0.8929389564964237,0.9723976902064314,0.27649909881413004,0.4677645418897455,0.5676140739419667,0.9424263166433605,0.9371251021771828,0.07951070446622262,-0.43549550551199545,-0.4492795950089139,0.032690885799428804,-0.039188455026915016,0.04079678785464966,0.10834609099231572,-0.11651495335563587,0.0
0.9262016101061201,0.9826581863079396,0.267875503924775,0.41487584124487675,0.5712089128446329,0.9231243367036,1.0342624883886273,-0.04634068124609675,-0.43043969138284177,-0.5362292288180153,0.08321739870117294,0.03019029552654516,0.07468733675054262,-0.006320856541462194,-0.11977389429519135,0.0
0.8711732560356755,0.9371124668348028,0.3895929208339365,0.41279530519029384,0.5590374064822385,0.9529748829635203,0.9516924586207055,0.08815527406336282,-0.4417137295484607,-0.5299379497730201,0.09543940033401391,0.09059446146433348,0.057653109688776016,-0.08979957911576168,-0.08263381998374449,0.0
0.9548730966550338,0.9974372657557558,0.28040547357943335,0.5557822341183261,0.6746301827292244,0.9997015996279215,1.0300465809200396,0.02883334835392351,-0.39859685923915017,-0.5262580255530457,-0.052411032599837315,0.10849602524844086,0.17010754106172335,-0.15915518198301082,-0.040402159582044905,0.0
0.9110074438483672,1.0252026730902575,0.3621131194433714,0.44784703726778663,0.6020791978582485,1.0238609986823954,0.9644599946621957,0.12193139356036353,-0.35832366019860196,-0.5657994075137815,-0.005675523675744407,0.008578725726787195,0.19122521032418907,-0.3261527765763579,0.057421220239761955,0.0
0.8761122378897526,1.0612620203804684,0.34234372771371757,0.48723155751912206,0.5922617255270785,1.021654683368677,1.0142143906283054,-0.013462421757039045,-0.3615304135778721,-0.5147173775215432,-0.07734047565380789,0.02136171730798364,0.25217868710142527,-0.2087952867314094,-0.09367804342757834,0.0
0.9269233191316666,0.9359760740147638,0.3226060265516568,0.46209600454866284,0.6640198322088965,1.0240970272960916,1.0659253356778593,0.02200091257421296,-0.4556141836626191,-0.5417694639386801,0.06063189245518395,-0.005890835739488703,0.23391932064587315,-0.1095123258846035,-0.13653853764697882,0.0
1.0138968763795266,0.9485742100791321,0.30030187897460675,0.4873033156929171,0.5405126466180363,1.0792280088661537,0.9353695236339097,0.15721199831355376,-0.3465913263940797,-0.49295771792252513,-0.04270105536949876,-0.019430085800009544,0.2517409095570943,-0.09350360473024151,-0.10934970472387597,0.0
0.96848933893375,0.9379452531949177,0.4076119695088105,0.4750965622585544,0.5453721288569047,0.9637162446386397,0.896985131400316,0.1130011614049412,-0.3985997286467058,-0.5285257067690925,-0.005247408117778116,-0.025673203581278455,0.2504227774385886,0.0892466332555459,-0.16068220003218142,0.0
0.9494956134087392,0.9885348894963624,0.3754400753082205,0.4359033266721384,0.5903738868956714,0.91896315858931,0.9980605270626854,0.24184588069219398,-0.3255383776880805,-0.5924241781467416,-0.032733721527037685,-0.10381007444921193,0.1563956475912536,0.20547705632072466,-0.17072696511555624,0.0
1.013457855990976,1.0451164729579345,0.3230933129939923,0.5748374496357821,0.5576335297820627,0.9230416191558516,0.9964624962617987,0.05647686683192389,-0.3248036989010477,-0.5938483625864485,-0.04180810104916234,-0.16556407856291927,0.32183582125456944,0.2388718162132212,0.03553873920754072,0.0
1.0191424338183717,0.9296966424071607,0.38746912054507215,0.4574226005045296,0.5916931370174402,0.9842904206166122,0.9450050546739691,0.16997067984097305,-0.36004169961901367,-0.6803024307230039,-0.17663933680279648,-0.23380359804080253,0.301153418361531,0.017747320696589686,0.02252087147467874,0.0
0.9277777971340373,0.9276314418048647,0.3467531391832452,0.4696407224753142,0.6042572162393206,0.9224595383225844,0.8919234322139762,0.08675066537114465,-0.29140551928519687,-0.5679287169876981,0.003304514581057641,-0.1372477002635374,0.2695939013553956,0.00055647768904569,0.03844656818664061,0.0
0.9355002755967092,0.9950171302065224,0.3442795745752196,0.45775231029943464,0.5964412044027408,0.8983467770690526,0.8885603968054955,0.13497046619765424,-0.28155221782541395,-0.5534688081679624,-0.0716435990262597,-0.11455082466889821,0.2966365144154004,0.10362200609468802,0.15193971824317637,0.0
0.923182905472929,1.0163297222304353,0.3644141712993344,0.42894602224129275,0.6487334567248199,0.9236031392616562,0.9844699939533392,0.14916725519892374,-0.3069022182585375,-0.5891221101550687,0.08596842779426106,-0.07984046868747532,0.07352456041000571,0.08998553017782138,0.23911329402322368,0.0
0.9509478127241329,1.0341773446577434,0.29920618005692934,0.4871860568630037,0.6521763146353325,0.936422446268114,0.9494141866405447,0.08220557619442595,-0.18944607293987342,-0.5480007972247679,-0.04896580034686273,-0.09814658420814554,-0.01491344585986619,-0.004741075624854624,0.2967649083375911,0.0
0.8981788245326187,1.03791898514797,0.3611364266869803,0.506606758462533,0.6160117808085785,0.9291858144402924,0.987177261265955,0.15757938277711803,-0.2837233232073987,-0.666827051486142,-0.1436898302524265,-0.1627212740534704,-0.10271070657088303,0.043838149363592795,0.37411194869626857,0.0
0.8742058948585893,1.0001434509604077,0.4948312149391686,0.5140859734028774,0.6106414589077187,0.9776009466843711,0.8714210346142847,0.16972420420899492,-0.2005671737565527,-0.6514503227235624,0.1284937892599587,-0.15769114144003094,-0.1057301418093007,-0.06993721440245992,0.4123673700927901,0.0
0.87268289275517,1.0493531613364777,0.335016372198542,0.5229773392532256,0.5471650696242175,1.0066553121247104,0.9427002049110258,0.17375145829737182,-0.2692885646821588,-0.5691125367468586,0.0448655028508864,0.03179753578155714,-0.020620237199675692,-0.1436639821537795,0.3063597867043036,0.0
1.0184822034177912,0.9160732072975812,0.35500752842792715,0.5371016933362605,0.6242237586856175,0.9421537310461761,0.9089526993541903,0.3087149209061806,-0.2821579953280372,-0.5249786634556741,0.1852111316543809,0.06721421329971591,0.030221511762145093,-0.08705467154868873,0.3262501936485226,0.0
0.9323586694850623,0.961520038061656,0.3194479322749508,0.5576926148428547,0.6027081520208301,0.8990480787214676,0.8682999320973466,0.16795476410460453,-0.21667991344046456,-0.6468174249178048,0.15608221216704926,-0.10128860418286666,0.049557462291770174,-0.15248030482168906,0.2293627970833056,0.0
0.9648916719988895,0.9118345633393159,0.3298396431473296,0.5214438063068481,0.5788514432739612,0.9704049490880844,0.8705493335311749,0.2659627568600994,-0.1946797483264474,-0.6622597888477874,0.003123605921204059,-0.0757045586495007,0.04410931595525464,-0.03259701047135824,0.11203602570494911,0.0
0.9063498287221432,0.9852376185293569,0.3237361064700026,0.5571977173094822,0.5981372352147319,0.8616937390650415,0.8975038974104979,0.2850987204144382,-0.19375235604735785,-0.6298832973607736,0.19755773626963985,0.04364432184688221,0.13902420554621892,0.009442708541626623,0.08225884658424695,0.0
0.9480824978969782,1.030835760194926,0.32949378967029136,0.5366874413417532,0.57408242363908,0.8619709239276857,0.9662259553212865,0.22117252018442435,-0.18412043260350022,-0.6544698569441013,0.07763136871282716,-0.20815688157486356,0.06673612046509719,0.09521088152454944,0.003936613418605364,0.0
1.021693880932317,1.051571947816172,0.3552001564278059,0.499658728208564,0.6872353738154658,0.9035890632459127,0.9049241935498352,0.25498462381928805,-0.18897081734516163,-0.7181999827254347,-0.08999479673207174,-0.16163324692719058,0.048157926238802815,0.18024710190326876,-0.05243744307127448,0.0
0.8982218851043619,1.009510252836829,0.3079854925834796,0.3924947547587694,0.6681188174849498,0.9266062688756131,0.8295700591895874,0.3467127136866281,-0.13911440689169613,-0.6888789377355286,-0.062121163201304376,-0.1775133241236243,-0.025844925942663986,0.12426024062956298,0.14898467303236287,0.0
0.9830519651216739,1.0278641934504416,0.1936883639245479,0.46663127317487363,0.6239322847331501,0.9104926691053522,0.9354085330114343,0.26974473678675515,-0.13296925654528183,-0.6852075022306818,-0.1892458210845842,0.012055215316713136,-0.05649746941980744,0.03178151779195647,0.10290406570259504,0.0
0.9394055444042986,1.0990951024166948,0.287218195929953,0.4890562460721162,0.640993573383049,0.8901259924618996,0.8410824894966151,0.3140705763445185,-0.051215173996416105,-0.6323647237697665,-0.24708905320553223,-0.18980410584242438,-0.0030448523015487172,1.0422061610705635e-06,0.07277771185975059,0.0
0.8667621435840868,1.0605909982480286,0.360097808287209,0.5429342658026898,0.6250475410042756,1.014448593089386,0.82258937602952,0.36245297151004136,-0.14795048013436976,-0.714261953800908,-0.21086488380278534,0.20071841646313746,-0.05013113986741384,-0.017784387843060592,0.18118003471132718,0.0
0.9151784889135998,1.1279312877270673,0.25636540920757883,0.4968642005796938,0.5393923705744884,0.8969845709265446,0.9032451475231985,0.35962238626458615,-0.11116316458694286,-0.6257229577345311,-0.1415086653060198,0.050830015590531755,-0.1485164357451282,-0.10429692601129198,-0.021121902099523443,0.0
0.9393052856289659,1.0190552934150352,0.3334011341305405,0.44192776205319856,0.6084882566056928,0.9526244648239378,0.8131255979105039,0.29858735939762865,-0.08045829110458966,-0.689867732705594,-0.06885636221446445,0.027965169648401875,-0.2264563894779888,-0.16347496075373935,-0.07277689862610436,0.0
0.9410169175174096,1.1246960564872186,0.3798562676265388,0.45879661700187674,0.6910288717553041,0.8645846914769314,0.830863895250538,0.2624267517997757,-0.0809370784959215,-0.7019305139687203,-0.06320129198040408,-0.00611080238001321,-0.13344730297325735,-0.0719336508959215,-0.054988588460167916,0.0
0.9981362277195931,1.1008190565885543,0.30515506035733125,0.4958306737125114,0.6446296714823487,0.878838471926086,0.8108458057360509,0.24950610706066245,0.035781541559815826,-0.6984273475259776,-0.044254325326584465,-0.18173126233661968,-0.04336133679248358,-0.04815020386980596,-0.0625290308101516,0.0
0.9411425648984338,1.03155518917861,0.36234131107835493,0.4895193558447915,0.5444134330000852,0.7876471690366413,0.878764558980293,0.34278810953168737,0.005211394361117713,-0.7824181084517802,-0.013100465573038638,-0.12917357669062293,-0.009501659254570565,-0.06679118611732456,0.031204974768350796,0.0
1.0549031048442645,1.0411352588559843,0.3877720066430136,0.41029153067210994,0.7266082172239473,0.8423389218855762,0.8986030286482478,0.29434361976846013,-0.010830844265488686,-0.7272460114091807,0.13427393039924543,-0.17560920400651625,-0.007910775712288447,-0.19060567905456982,0.18285894633313418,0.0
0.9800586129629786,0.9080637529217882,0.355095797479806,0.374451450127506,0.6088682725718568,0.8378719345475866,0.8217333181148931,0.35632354419236506,-0.010633767664195201,-0.6777042507932495,0.23769763163085172,0.010208061564832407,-0.2807378202994954,-0.24240941546371386,0.16559420451510176,0.0
1.0088391363635383,0.9592924126518361,0.3246677757153271,0.4794817871604684,0.6804830879388969,0.8599186594003458,0.7057192420695905,0.37727630842603394,0.07862954015331992,-0.694564296225221,0.32377670792604557,0.02914093298655934,-0.16704342200451155,-0.2271902529623325,0.24736840683656097,0.0
0.9587949522743484,1.0413356294516396,0.42129426454769875,0.6063376089666591,0.6707100957760798,0.8408739980332951,0.8249483532095677,0.345623287095946,-0.0054298050180727475,-0.778996960545303,0.257090014236821,-0.020914381022203422,-0.1038516492713795,0.04571565258661284,0.19742876187174022,0.0
1.0537911704146838,1.0468727750981273,0.3574124643602458,0.4773921776258769,0.7193380604303832,0.8481017096090272,0.8070610397000085,0.39278488026558034,0.018289463161529955,-0.7124805562503811,-0.05337441111779134,0.0013048079768981837,-0.1435644214349388,0.028208459349955063,-0.048464079488868106,0.0
0.961201826998045,1.0278097031909645,0.40110050725970187,0.49736388670293546,0.6306351418901943,0.844740095993539,0.901172918043536,0.30227561676147335,0.04728131200211548,-0.7375261027655752,0.12315634439069637,0.0674656964433052,-0.07600296223900233,-0.005118308765732105,-0.033846041121030714,0.0
1.0114235545795678,1.0342642723060023,0.42177723000653916,0.4580253520547081,0.6767703821863204,0.8959836444422921,0.8018076286889532,0.3969118231229374,0.03695120237174885,-0.7393431998402529,0.024820266855049518,0.0028651795837544985,0.003244082846200362,-0.03690720430229143,-0.10952624534937946,0.0
0.9933755473360958,0.9690497846103773,0.42026866547940517,0.547057030254889,0.675920278651094,0.8377054744206436,0.7605447390580854,0.37868989717384305,0.14578240449260835,-0.7208100560929273,-0.06949272196485384,0.0650622152651737,-0.14987814607271147,-0.10920890768251404,-0.10914682302755073,0.0
0.8896616423792378,1.038566005489411,0.3259796681164808,0.49962105946133656,0.6044733223735771,0.8506930055301807,0.7809771196718944,0.5069553412965524,0.04899905515858397,-0.821956272083725,-0.08394229049165731,-0.13027146659199385,-0.14089419137431408,-0.20374807734160716,0.06937249212620075,0.0
1.0014580095356094,1.050432361416649,0.4132717738646274,0.5158572168860364,0.6434020120538565,0.8025084548423419,0.7278544756284157,0.4667719619322855,0.0987844356639289,-0.8274874844157425,-0.0517513715622077,-0.01865240993789309,-0.3302833981143032,-0.24210539288438715,-0.08356878661719759,0.0
0.9923085005785984,1.063380028351603,0.2920944618867978,0.5024662251629307,0.5736186158831142,0.8543551155104007,0.7200338140477363,0.46094580907015525,0.17522653296261959,-0.7067948219652991,-0.008927813223826818,-0.10631308092941996,-0.06597833416175997,-0.42681613858917233,-0.12047864040767023,0.0
0.9893472646987432,1.1104229078029897,0.4546292181083705,0.5836474732901662,0.6470063492280227,0.7935561318180145,0.7958304177985638,0.44971258150113497,0.09366305890896619,-0.7712679707779396,-0.011831446138307528,-0.06728011832106004,-0.1973363767472256,-0.4064788588990313,-0.23221002620625775,0.0
0.913476291485473,1.1227544833303997,0.37613897083276787,0.5782487913239145,0.6639494826826543,0.79072434422989,0.7889426293193875,0.4246983535417634,0.13799360691195223,-0.8188333761357379,-0.10242223724569896,-0.029472226545722006,-0.27188139869970557,-0.3805730336104168,-0.12822037428759991,0.0
1.0330559858596684,1.054942823040754,0.41790954853315154,0.5347070351742331,0.6427833129927824,0.8124622178046994,0.8238147849212784,0.43316484028039576,0.19876924251641953,-0.8047561309305118,-0.15328704449234504,-0.2833394918730126,-0.03763708033588653,-0.2809229232228982,-0.11051671609235648,0.0
1.0366857487879144,1.0834416700118816,0.34123014687102193,0.5615134024359177,0.6978516636789494,0.7365082778034789,0.7625372871307837,0.4534064082773025,0.2826351718302521,-0.8579468241565683,-0.1584578299555347,-0.05653532910472764,-0.1706297962868882,-0.15628418050403214,-0.12672687222455045,0.0
1.026365096916739,1.1230319916218863,0.32913615702070204,0.5035541799964012,0.6614950042287292,0.8593551221016207,0.7744967993934084,0.511204867293613,0.2520048716206654,-0.8163086806257789,-0.12947414078364047,0.027488152293594942,-0.22757779563345484,-0.2134542955173859,-0.0562022642919737,0.0
0.9366506765679886,0.9744227497617394,0.47463645938862814,0.550338146535965,0.6217150609452701,0.7376131268547292,0.6563845818021976,0.5506943793779727,0.26509813826242556,-0.7602003815666609,0.025569315241403157,0.10723331970983152,0.027862355604356293,-0.19450136872197094,-0.2400827082681636,0.0
1.0247674418123054,1.0020162572988796,0.3388780914742367,0.6502063502922679,0.5899079756830569,0.8166039609687676,0.6801555783339908,0.4812526056705164,0.17124092187929765,-0.7553562626137857,0.07364362680050515,0.041937403783549196,-0.19260543051534035,-0.029646847217709993,-0.29153319786724274,0.0
1.0093497916232714,1.082826025578664,0.35539069221834624,0.630616049348939,0.6723617877867509,0.7892562940028117,0.7524457792535244,0.5368769394454485,0.17807384320021608,-0.8601860657760955,0.06012865353718612,0.08063765599138077,-0.0022462763674462594,-0.03936942919364195,-0.2806609581567115,0.0
0.939755595720731,1.0742091154301052,0.42558426218443635,0.5741996865560659,0.6845394249886189,0.6861568395175432,0.7327236190091806,0.5856561502485574,0.2535565492144061,-0.8456259929196464,0.06695755298389158,0.04510992029516637,-0.010321762952699104,0.08888530753224921,-0.2957067540463334,0.0
1.034906201209988,1.0218806502248445,0.3543708580062404,0.5377824128061264,0.680500873523028,0.7025996392474859,0.6442005624922856,0.5343216716747875,0.24316236351654766,-0.8411677700453217,-0.202578422876107,0.08991539242172238,0.020821638705781517,0.22911122709978257,-0.27311103535895176,0.0
1.014770320038617,1.041689660595485,0.41619822199427225,0.6317624960916036,0.6752312483628193,0.6985280744245107,0.6537769313666113,0.49482880739749524,0.24312076161635807,-0.7847705199293422,-0.07928234575434644,0.10096643588743286,0.01860609291208157,0.19355732201748455,-0.14378774029574554,0.0
1.080373561237269,1.10496170414718,0.4586167914997857,0.5400100661809452,0.6852224546312057,0.7007230924059509,0.7400385756019314,0.4888167342507576,0.33401487208969416,-0.8851773734180829,-0.20813320273465202,0.08606398820093535,0.03231548497708335,0.16835031719056198,-0.04044275504612958,0.0
1.0456970573092155,1.057447699147666,0.41253285432599285,0.6041577869895306,0.6957666684386432,0.7291505473225068,0.6409122986476052,0.5820845652412382,0.2540091246116434,-0.8878161874383954,-0.04324087607018813,-0.018001991095500332,-0.08445269216550724,0.007280263635158907,-0.04754466189008929,0.0
0.9566240063907886,1.2110665589478502,0.3957909883149654,0.5632227913485529,0.617756346296299,0.7554553505836021,0.6380311600931814,0.5406564438798249,0.26507257961752884,-0.7458932262985285,-0.10363700204440172,-0.07700218685788512,-0.25977633267691874,-0.06890532381789942,0.021683617161065594,0.0
1.0398352833734823,1.110397012603576,0.3080889957211922,0.4751604911029058,0.6411987156208282,0.76528617988573,0.6670049264569993,0.5342434252867767,0.3089366886452498,-0.8527359473356172,0.06708550081028446,-0.10990182732757992,-0.18103012513459432,0.12919559760318083,0.10819869014502148,0.0
1.020101127118122,1.1538192759936403,0.33992375213907283,0.5090964078079148,0.6285447276297648,0.6677790711424729,0.6298516336411284,0.5839257164607341,0.2996061596559781,-0.8509629345424992,-0.07895843460274778,-0.05052804513643619,-0.08147151830791675,0.10030195699271054,0.26104421072606376,0.0
1.0733869591229661,1.2025927241594203,0.3962007233773733,0.4396155348672086,0.8103731787007149,0.6591560376021259,0.6867689478756999,0.6058409041387346,0.41211204533843826,-0.8609994313817113,-0.030764358211185183,-0.14019125852981568,0.047145468642703844,-0.009860593013595306,0.2518851917523946,0.0
1.0095656809322977,1.0753468018110817,0.3803960852409441,0.5535114297077052,0.7127280399920112,0.6587393669725808,0.6199106181882144,0.621236638872974,0.2689817551566408,-0.8188843344355995,0.01854669500724615,-0.06937901501319114,-0.05304056767780219,0.05972848150997198,0.22351260028314457,0.0
1.0219199629307878,1.0848007318224746,0.44755295046380383,0.6099127579262026,0.6616916712389709,0.7227651173245337,0.6591784377122965,0.5711901675562615,0.34597797862608837,-0.8159049345564826,-0.03711040531645414,0.07483295974928286,-0.15294610557930072,0.06725858515937794,0.0884527255680492,0.0
1.070160197536967,1.0740428429486848,0.44666197342937075,0.5733041518236489,0.7344518593871598,0.6261305770434344,0.5703225806582949,0.6155570885393015,0.394725345343343,-0.8605169711164502,-0.11719580803610402,-0.03266931446840329,-0.017833693439666273,0.058909735184085245,0.04768661403571627,0.0
1.0462472999676322,1.0879916485573666,0.3595240971274758,0.576932548047614,0.7177826044216966,0.591711251401453,0.5552230567888392,0.7270005306377781,0.31487675099375867,-0.8711781175992102,-0.011020931790481095,0.026661161590692237,-0.12385973240165098,0.020379918727773498,0.04916503359616071,0.0
1.0303197181052783,1.1393277440793497,0.42813669065803156,0.5123457983634901,0.7284452723862836,0.6028333992381335,0.5740938643768114,0.6269787077275056,0.4265606468689373,-0.8613880360909489,0.060255052329830514,-0.024662387835185446,-0.278764444334324,-0.01859542951433315,0.24123251570211887,0.0
0.9580391479306809,1.0594659134523576,0.48974786885069505,0.4768231173255375,0.766383165211556,0.7413078329427374,0.5014400925804009,0.6898212644555575,0.3811263072147611,-0.8159564862924675,-0.027885455376502437,0.08366958687301651,-0.16348882682914517,-0.04669159242543118,0.5041521391714017,0.0
1.022882681418707,1.0709743848686373,0.38450438277637333,0.6299084589332525,0.7270783562578993,0.6335535963462126,0.5751203116359943,0.7096046857219959,0.4330133570050562,-0.8521538282807696,-0.12786501555065063,0.07102240988494402,-0.22680983866073878,-0.23998541597085657,0.5270011674790802,0.0
1.0586240816860513,1.067250746957133,0.33915388316476325,0.585620569174573,0.6739058882518145,0.6625626265072003,0.6106430264005516,0.5969515344196157,0.49022329221337757,-0.8611686681280534,-0.10409201633846253,0.12047870662994958,-0.10918145479402754,-0.18957806916232495,0.5315220544964129,0.0
0.9842530432200037,1.1777893196133378,0.37788943803596026,0.5268288405894402,0.7156947328806238,0.6243326905048258,0.612105183226526,0.6714661298384119,0.48542531677393097,-0.8899753420028326,-0.11735347888577136,0.3099574549897052,-0.06621714161793608,-0.0935173511566764,0.46811571328226814,0.0
1.0396693391246985,1.0798807040923788,0.4706927800869601,0.5814939825276072,0.7177132935305217,0.5991826496523943,0.47755907148239396,0.7291320827475286,0.5008565303229265,-0.9072412454882987,-0.07068743414617729,0.24441947287125382,0.017783374261302665,0.022879646519400693,0.1829618775274912,0.0
1.0018389140586517,1.1781932101226353,0.41901617766455146,0.6981630295668931,0.6204553983183828,0.5529871945586277,0.4877933156497735,0.6602750229452223,0.5093373217698793,-0.8576229495676195,0.011064392084242675,0.215179146387008,0.07705096904989335,-0.05908225691501273,0.23385382177582326,0.0
1.0078434267603575,1.2122175787976763,0.4072518559959664,0.5951215363976183,0.7055839406000054,0.5953257036757306,0.5828216070537325,0.5964067977160169,0.48180532432251716,-0.906586895982697,0.0766062562332708,0.13375381864826327,-0.028681380222875627,0.017965268273324064,0.31039177423395825,0.0
0.9687093276142464,1.08630423632586,0.4127692203671318,0.48659875710856276,0.738522739175457,0.5107717948884067,0.518352059742127,0.7846200300275226,0.5174851659970611,-0.8415849442035035,0.04724376256727361,0.014529165841029881,-0.11962059859494822,0.041460632088148375,0.258308793720591,0.0
1.0484919943527369,1.1676594563010676,0.39572407366443385,0.4789854818903638,0.7002219641570848,0.5759786337864532,0.46561181020796777,0.7475361057107288,0.5445388446855651,-0.9369717921360584,0.05389450094690143,-0.018603962279229818,-0.019128402164183267,0.13541918994613186,0.31550682353645365,0.0
0.975975774566705,1.186434742103847,0.41895272868933847,0.5337184920358735,0.7002992854718331,0.5918573431838423,0.47257436539177416,0.6463760533393903,0.47910332042031667,-0.9369273878427975,0.03773616645039862,0.1724741338202064,0.08065039380931102,0.14364753825538656,0.31667240140425457,0.0
1.001638765250229,1.1334193534728727,0.47872780782337276,0.5910586055268221,0.7163458369574577,0.47830070446945855,0.5248682676346448,0.6617337242692778,0.545658666307239,-0.8874478569525112,0.04730228204012221,0.008236464744024216,-0.05044130484666111,0.343033090479378,0.37163859633339086,0.0
1.0099992373770257,1.0900954630019168,0.3709663234110753,0.5273005719169831,0.6541723852196336,0.5083276952078087,0.3904455707393042,0.6730564369960235,0.522519697639265,-0.8988329540799395,0.04926848854669143,-0.09988500708162223,0.08069103002925053,0.38008222285395454,0.3874232220834731,0.0
0.9783567025101143,1.1078771305945478,0.40352907008902444,0.6188347809405063,0.7813065067988417,0.49779213176119513,0.4231243074411943,0.698646386371832,0.4878271917282431,-0.8711726618375859,0.03783489056091734,-0.08287911317538765,0.12093043873333209,0.34482489510915215,0.3866755405551245,0.0
1.0316850650120837,1.1168143634287804,0.45824736782554265,0.48376688819449876,0.7093509869458089,0.5423480466712521,0.3277292892862982,0.6707436259917298,0.5372673038809213,-0.8461802845883327,0.14662545186009684,-0.06601994614837367,0.1956146948258944,0.39457218926691096,0.2713274494751563,0.0
0.991837776425762,1.1083380851012112,0.4215869226164806,0.5137513295855826,0.783139835067823,0.5174408565059068,0.4244254177316755,0.7381988725056375,0.6231313889147306,-0.9305989834056073,0.22226694072143865,-0.21688200894926363,0.15231728847846995,0.35144625543322494,-0.03272845052169823,0.0
0.9490307336953604,1.1106945827040362,0.4008829371438521,0.5455491953024657,0.7169549954660669,0.460242741792812,0.40215752604539823,0.7104656151008446,0.595025347359148,-0.9782000802023456,-0.008919527833894325,-0.08800443061662987,0.2045393583799151,0.3498968481530214,0.16552785512551477,0.0
1.0058771190166351,1.202344175735086,0.38096194590605664,0.6283039826326362,0.7133651066548126,0.5186121417057591,0.43112865128629746,0.7897602756124137,0.6474419641596774,-0.9643639881237881,-0.012623523522156527,0.04067600885877608,0.03852639454367254,0.18750525781489757,0.2150431512605995,0.0
1.019900128317698,1.1544068223087787,0.3616657240262081,0.5678189838862725,0.758025434776951,0.4479221857121608,0.4172614955614048,0.751827845098151,0.6922677424942207,-0.9203138018263624,-0.3123575831048277,0.25608798830731266,-0.0695343713845285,0.2313033664062054,0.0279851367108441,0.0
1.1149952193286539,1.193729709820238,0.4731789936195771,0.6090574085037619,0.6787944564088274,0.43393283969474916,0.4737871606339751,0.8138244928336742,0.659917112965481,-0.9595748929398252,-0.1287298599466003,0.25693346774310777,-0.020676227741909414,0.16117761702269948,0.16165664523236628,0.0
1.0097874795956112,1.169000545949848,0.45877308392785277,0.5548963301644144,0.7073341706643079,0.40701891518732514,0.41577739212982695,0.7750142252608315,0.6100727133273613,-0.9682698392371372,0.09386484379129698,0.21051197474007108,-0.029698515604986563,0.2401256143958243,0.26839279898128043,0.0
1.0561179648803118,1.139469333699256,0.3857007935421086,0.6288118971981695,0.6920649774216653,0.516785466681037,0.40029825334527847,0.7642648548602551,0.5404284936366154,-0.9201768779209544,0.1708571070588236,0.1872031245907024,0.012633930119901406,0.24770881077690476,0.1327939123055122,0.0
1.112933602281312,1.1290006356610234,0.4410249834161671,0.6762885087364323,0.7290703558088991,0.49045644226390744,0.3643184843015312,0.79463402950443,0.5543099134278369,-0.8866821907767651,0.16307795598644328,-0.0033353408261306977,-0.011916546325926813,0.25329378980734196,0.27410873539134273,0.0
1.038833747972565,1.1798448325885487,0.4436911051701668,0.6241966896237696,0.7421376114072883,0.38705056797302545,0.33062355609574196,0.779016065308335,0.7016475711119478,-1.04118928016317,0.1832465750402516,-0.0588198621192663,0.0023224650278136187,0.3388019158798614,0.33253706809435346,0.0
1.0886717694306374,1.2149003772334175,0.4444115999438498,0.5337926564163695,0.6636087810320982,0.5028046191098741,0.3605197630100267,0.6920283788899726,0.6212724673771336,-0.9365031051573633,0.11947556585889972,-0.06649555551115582,-0.044956105079929934,0.5390078639710633,0.2568424507457691,0.0
0.9964944122552378,1.1334696477936748,0.3879526980504683,0.6517609824704627,0.801233167598089,0.4617798707630223,0.34782368198746166,0.82538884977059,0.7417648123264831,-1.0142307269644788,-0.00869990342124774,-0.09082028658303176,0.14865652082450334,0.3271606335421096,0.3722406912506313,0.0
1.063570991724939,1.2023724572729602,0.4277542689014563,0.588435266415794,0.7611346274695933,0.3956140779042437,0.3387635802619491,0.7449046561932621,0.6311167128587346,-0.9290857435155522,-0.025063089969469408,-0.07222648438618717,0.16044207265944557,0.17989082746616347,0.3498726516301822,0.0
1.0615935367595963,1.2708497608680018,0.45639758703533906,0.58001650560707,0.7025112726236062,0.2990898325928232,0.2771191717225628,0.7847576154038222,0.7204015867075102,-1.034334227427136,0.08924097224781315,-0.0873955975161308,0.03750684876469498,0.03013806998153537,0.22322585287189448,0.0
1.0454165139812512,1.2273384877670475,0.49529852807537267,0.5979324180649221,0.732892909339621,0.3877695930712272,0.2474858009472789,0.731283937171076,0.6454053311282713,-0.958046263459065,0.030966890745636626,-0.1428020422099433,0.14100971292008116,0.12971159919888214,0.13441364120139504,0.0
1.0170213205778256,1.1848404012312455,0.43230138477266317,0.5294377952551064,0.7251653948236955,0.315025753749814,0.3088828167289065,0.8843213065328689,0.7030517734872844,-0.9089208392119873,-0.05386874178393358,0.044499553399761874,0.019049909132299897,0.0740483595419357,0.17447069757662104,0.0
0.9931457077629035,1.1543608703595543,0.4345059251724362,0.5488964792865343,0.7548003128882619,0.3823469092829781,0.2514307389700011,0.8390704467984164,0.6607498700185,-0.8939220616910939,-0.04144238826152349,0.14880644831778353,-0.04240615748108682,0.026039423064872794,0.0064153994556769844,0.0
1.092571590490962,1.2238455084177629,0.5090997845602756,0.5428592915727356,0.6922672396053748,0.3329839883674167,0.30788007988518507,0.7856457210538985,0.6698151907882581,-0.9296255068262249,-0.025370756906612293,-0.10774988118071807,0.0312477315187945,0.001882551022404269,0.02028204165666243,0.0
1.1357278477972013,1.134925508987397,0.40362307765481614,0.6011315769253546,0.7980965365597401,0.24479648355805267,0.20458680611656926,0.8306168094794102,0.737441359024988,-0.9600788550751049,0.01925281795287414,-0.053527953019233375,0.04365071035465001,0.014659933532242405,0.03805212510786575,0.0
1.1381819470670616,1.197557272006807,0.33928389524478064,0.6729263768774397,0.7881363934895309,0.29559613582242616,0.26453516367737256,0.8655138074902569,0.6794509150471117,-0.9517287450313981,-0.21401580056981376,-0.07628746663431983,0.1262941279053545,0.053117436462196875,0.06057639659488051,0.0
1.125292221516079,1.1710098431344276,0.5284583042669491,0.5849334006333556,0.7910195585466928,0.37778816626888667,0.24806260399359892,0.9616316886718381,0.8329328526786868,-0.9771016499659945,-0.21977367122532027,-0.3045705937694821,0.15081642893435182,-0.00462989019286935,-0.03661302159030759,0.0
1.1776825329319296,1.1506467276173327,0.32679990066180337,0.5557999658668039,0.8122836879344734,0.3811343610728903,0.23345072176408724,0.8798569164438174,0.8052695244101519,-0.9840845607164724,-0.13489949268431622,-0.11310984900786278,0.22106858473573887,0.05899178521664532,0.17092600440342173,0.0
1.123832721102342,1.1799783350402882,0.4018623513841042,0.650871564653646,0.7471648929702708,0.3144582713018979,0.246623118773167,0.8679122307021917,0.8141818330476277,-1.0110312091821778,-0.2963411846890394,-0.10979059783145655,0.2803237332275375,-0.007083676625903368,0.0801416040597524,0.0
1.0884140382385465,1.1699296174758909,0.5584812021157293,0.6402933317701169,0.8049942781197977,0.22459565915939644,0.16813403528230908,0.952335190080118,0.7813948885996984,-0.9565994882778999,-0.14464128382670174,-0.14078968266551056,0.18794133329328913,0.01718211553489423,-0.026130496348102855,0.0
1.2016512243562238,1.1463362906552172,0.48111042801064346,0.671360829954398,0.7978843281007135,0.2707149324798476,0.12985310007321893,0.9177079788455801,0.7502839359928574,-0.9498534028185612,-0.07670972277857668,-0.14803880362144656,0.08246953230041544,0.1624282063073427,-0.06159715422031715,0.0
1.0949244551273054,1.2150096546556466,0.41879998263732143,0.6727091876987631,0.6892660512802093,0.1993638127794684,0.2512337812801642,0.8357964966911976,0.8227987591824235,-0.9349317299973102,-0.02129160460824252,-0.05551528877194709,-0.008144404928217011,0.06962509902601452,-0.08060670205080184,0.0
1.0995290532957587,1.1956866726314628,0.4947730460052551,0.5999587089742053,0.78397436411917,0.2870335833056559,0.12747024523465428,0.8424152581878934,0.8606387250451644,-0.8904232368251505,0.07519881212310969,-0.08442945267511656,0.028604101391235814,0.2652534173933556,-0.0885666473552527,0.0
1.063863296455678,1.2460255718849576,0.4862611149595538,0.6888638992294484,0.8294158700205907,0.14110438929083075,0.13890223408439223,0.8944670681861643,0.8422742118615238,-1.0942448509225802,-0.027463770051963196,-0.13110516721331317,0.13477173655130703,0.2502837188410921,-0.08193362601252835,0.0
1.1507767947690741,1.2136707581612285,0.42475282993097296,0.6273648686299401,0.7392891525635857,0.2291147789918239,0.12547849360768654,0.9817294598590358,0.8068630727341887,-1.049396563260993,0.16669909615615056,-0.07955666318692885,0.1726657817528479,0.3410531371216161,-0.103821843470662,0.0
1.0589955814029723,1.2125390626686232,0.48124726348162783,0.6457421598396307,0.8081745183112103,0.23410267714344396,0.19405630830889758,0.8580428589671582,0.9080910336937074,-0.975365204514311,0.061669023609417714,-0.07418091933109577,0.2740291188828371,0.2212786180542532,-0.030853522663958258,0.0
1.073853526535299,1.1354292540611084,0.37498341042337335,0.5215319036068559,0.7850769138281315,0.21358934796859527,0.059895887571806083,0.8387666908818594,0.7847729922924781,-0.992865241025168,-0.0742007397050274,-0.07323220284684645,0.23790293385575323,0.2031529747688198,0.02843562975890832,0.0
1.0779129136925174,1.1822607810500836,0.4193672203716615,0.6586427963034531,0.7267409390972728,0.2399742098964387,0.05243537816516196,0.9581529557184051,0.8521223084569285,-0.9602318315476781,-0.03244077314014711,-0.10475562934631844,0.12723519066738453,0.19790215276006617,0.1880721046212253,0.0
1.135447413513921,1.213687622097515,0.453241628224762,0.7463917048203013,0.7982256302615439,0.25606160502298503,0.05615116142524326,0.9732322988922044,0.8191601786230122,-1.0712531860382066,-0.010052018002092718,-0.006261047436205966,0.06870214165310082,0.1277932835826466,0.01684521458223609,0.0
1.2124009196156114,1.230274742273921,0.5328716602632027,0.6188629572702566,0.7799551205877926,0.185827171076912,0.07469521855916851,0.9252901954881994,0.929386891209955,-1.0492325468007726,0.12276884380293755,-0.0685942433718882,0.10153243440566333,0.1818172717245184,0.17179558700591202,0.0
1.143395816756575,1.2516444118842007,0.511414046961278,0.6428702329164718,0.7568013595840042,0.20466357800880783,0.08689992971475159,1.039797119648428,0.8940641870374323,-1.0790938266712025,0.09992200799859122,-0.0023491930640310438,-0.05001009601392553,0.15391983127568806,0.0979637234427547,0.0
1.1330781572419266,1.1147940082578158,0.46302105116422076,0.5796819967650396,0.8781449107762542,0.11154518636461491,0.007529270309094199,0.8761415860559805,0.8619357793333493,-0.8915370217289282,0.24512955344408516,-0.03321044138271028,0.01911787009208705,-0.00047402876869395705,0.13523723203933014,0.0
1.073204571127869,1.312007314346171,0.562418823725403,0.6977785594911246,0.7662605702683648,0.18692250596287663,0.025742093518032826,0.9204476988242107,0.9038085552057907,-0.9910328619903421,0.1815927647234524,0.06417025759457635,0.10310956403613815,-0.07679798567515744,0.11717323808004337,0.0
1.0899954717381328,1.311953073123587,0.4166654761265655,0.6643344157179705,0.8207297585616662,0.15662360792090624,-0.032256832995091966,0.8087494200231108,0.8489821165887234,-1.0042857103980527,0.050663119736813075,-0.0784444912109788,-0.03441088620093659,0.0023709657345861584,0.256441680445483,0.0
1.1338611533800211,1.2033849726868913,0.4428712428368595,0.5819415926799577,0.8034789911890848,0.2457627805762213,0.043348218090643056,0.9558469270913904,0.8709773583771772,-1.0304626763580718,-0.016560187458042587,-0.10810317658068241,-0.07603118746989647,0.07118396542462625,0.08842733421215268,0.0
1.1293455163531418,1.2569357020652772,0.4499265128653403,0.6787953864522811,0.7239171127901783,0.04336741420693732,0.013002764870756366,0.9213004304768736,0.9262407507187502,-1.0320788895060158,-0.17265590412849052,-0.22264531031147186,0.010957692410891715,0.07622615482270234,0.09105374853455309,0.0
1.1374682213007414,1.2125266915161501,0.5200535451779271,0.6885751219672702,0.855841219900588,0.13304419367252626,0.00023879683355585574,0.9142237725216792,0.9014377850739249,-0.9759682895051294,-0.20101229471160986,-0.12694672759025327,0.05565578007248077,0.04586763832286593,0.2220368287080019,0.0
1.052042395106581,1.1812899544845221,0.5148480898045869,0.6659988543044,0.7969814961778117,0.035853358916368636,0.05252993645135111,0.8795282504968382,0.9502578390350876,-0.9439688822055524,-0.12359048109629674,0.015105629636562229,-0.0024786365283049963,0.0881731969538953,0.3593408375930047,0.0
1.1454530859331529,1.2976016987352552,0.4456578058784458,0.6602856765598352,0.838073178273121,0.06875747316588599,-0.04281107471577879,0.9590124158541963,0.9768837637278083,-1.0108369557704817,-0.09206863727645453,0.02244319728907451,-0.09530140679052802,-0.03932953275496184,0.2564363244509722,0.0
1.2011858156878752,1.1667471206827844,0.44751306725928724,0.7161770858586733,0.8556048124786775,0.08089713300406369,-0.01369982654385396,0.9938739628352017,0.8975052398547436,-0.8405971701790628,-0.07646157204059605,-0.026399326455944453,0.02922016817158403,0.10082359572757,0.35484528708360785,0.0
1.1994446093113686,1.1940832044621352,0.45771697640723213,0.7100643291899402,0.8480835161644704,0.050903350831859685,-0.11998680702210883,0.8990664209412704,0.955538496998022,-1.0537935005715222,-0.18075286484527947,0.07591662954340132,-0.16206917425381492,0.028676481664997304,0.3704684818348213,0.0
1.1392999476356749,1.2228159974087156,0.42582630761084556,0.6445558932260262,0.8210932994758963,0.07974480523760498,-0.10317806232827667,0.9613554044249316,0.9112919851015394,-0.9800194248448751,-0.23233615014141878,-0.19740966268809576,-0.20711210845798242,-0.013627125106897457,0.37900487117107934,0.0
1.1659300003815802,1.3159241786088727,0.4407902899833796,0.5896516415416158,0.7982411873408339,0.09250713340309488,-0.09258762323336467,1.0296505979440702,0.9184323024522375,-1.0380286140781128,-0.2730853336956295,-0.19901262598489677,-0.0333708193026695,0.19677120149411406,0.3213916089740614,0.0
1.1875204646151925,1.3307970023583333,0.45126021203297106,0.7459206480024522,0.8695182717548797,0.05370353274730155,-0.1641229009688671,0.9063676993538171,0.9716774036276901,-0.9927800436870029,-0.15000228975711252,-0.175607194482909,0.3032314063779103,0.02522753289598756,0.15440464227113254,0.0
1.0395557862556368,1.2671734071834937,0.49120297845326827,0.6217820292998117,0.7657963398815524,0.00480534733662058,-0.13350660117824392,0.8931963756012161,1.0833646426789634,-1.0405902854097975,-0.18996482006433413,0.046617541860963924,0.24141706293492693,0.022767123366837748,0.21879347353598427,0.0
1.0664770428545467,1.3035555292302359,0.4297784431104525,0.6649049522466707,0.7521136681535895,0.013373312292116078,-0.10894996753073784,0.9643673845524693,0.9750387941492501,-1.1238858130300744,-0.2929615213891856,0.15177451245720533,0.12888172924880642,0.024896951811891978,0.2324359964827033,0.0
1.2927143174459852,1.3745782520843328,0.4570083923433234,0.6773498716830515,0.796914852149431,-0.001793938849488393,-0.15849584229021044,0.8583698188000914,0.9606074777700019,-0.933105912270274,-0.0834563643764471,0.12324701817389436,0.19158234692209175,0.11132220000052755,0.20212858385782143,0.0
1.1794686253509101,1.2058665926568433,0.4620772197545225,0.643338280956394,0.7870493505555739,-2.0995754168811167e-05,-0.22050578430882062,0.9996605929213286,0.9497209400907366,-1.0511579537222633,-0.1534905297272618,0.1519926123353291,0.12042801773434444,0.08079765107034886,0.32026930655574115,0.0
1.0823137674956609,1.25829306248858,0.5689182605624383,0.6305680623293635,0.752036212956199,-0.010097552360943007,-0.1946677450911511,1.025651405925199,0.9994959148320669,-0.9865436251397156,-0.1135185923983519,0.081136631339445,0.12563784043328952,0.09583625787382265,0.36037979689476113,0.0
1.0878160595082702,1.1971320123042188,0.48451637304872786,0.6878798053559986,0.888450058927253,-0.019317182882607586,-0.1751421013901319,1.0424083532485422,0.9151525309626359,-1.0432365839700897,-0.2169228869424829,0.06050040128272387,0.17952782574200127,0.17036437543580268,0.38595208077887344,0.0
1.1911364975897265,1.1992481520458997,0.5661178130971789,0.6829417964200715,0.833698182336446,0.09194395130961264,-0.2132845243111157,0.9237192651418908,1.0276256375940909,-0.9947462040531226,-0.04645673623255642,0.2782424534344164,0.023159252593087182,0.21161263504397812,0.1482121462464502,0.0
1.169670713307757,1.288701945275303,0.5250917022632821,0.5989962950907717,0.743295967428818,-0.04351882966720279,-0.20029859803645142,0.9654068210210041,1.053130465637956,-0.9415208676265505,0.06852610657004055,0.25345656673372086,-0.1956340378356569,0.3264708575854365,0.16395466431499722,0.0
1.1341369842966489,1.3077430863905442,0.5840122949404407,0.7179736054203286,0.7324251977712944,-0.0378896217390282,-0.265051383316554,1.0613127679312295,1.0057189869679144,-0.9560850131057242,0.013587107333405773,0.10755674108985788,-0.1222296026467865,0.29839879295887695,0.06318749404450863,0.0
1.0753113821355345,1.2731265890265986,0.44025890345038593,0.6447965986830124,0.9259855877388959,-0.07254016575773488,-0.21147758069044298,0.9114122757636907,0.9867901346182946,-0.9624726068992868,0.05204648613039645,0.06223378083422226,0.061090647610006085,0.180341744984596,0.06105210214496309,0.0
1.168433782171137,1.3763877766383255,0.5090574627765669,0.7137571687292177,0.8254893959546251,-0.06325434078066668,-0.1669076493991842,0.9659181699066979,0.8340350762968118,-0.963288407840499,0.1127422375410457,0.23270159326807174,0.1742818188916855,0.068975809962797,0.07201939189690745,0.0
1.2086418196543394,1.2197592342738783,0.5357756650507656,0.7439710717739086,0.8863050840981683,-0.024439127090591928,-0.21336708140629818,1.0235831145031988,1.1219397613446134,-0.9720032318617641,0.17592976938390292,0.04437162564835022,0.06809310421305531,-0.055072255458416805,-0.01623064241239279,0.0
1.1207187027020264,1.3129095235667052,0.5290846076350038,0.6642394616633804,0.8385083099859151,-0.04325426453355269,-0.2058146814992724,0.910908573119867,1.0531344462109788,-1.0343657048960009,0.029058580551725527,-0.08915439198288455,0.08897123432558657,0.06550446017007322,-0.019899453328527043,0.0
1.1898391342336005,1.2987999725754529,0.4737426234699699,0.6490246638241933,0.7837652533027613,-0.04136544123805133,-0.24695641167293336,0.9502297811013671,1.0165287725672167,-0.9791770658722326,0.005585372342093111,-0.28185493967291514,0.24246879139571575,0.09049191610921233,-0.10713732910917298,0.0
1.2300714119633738,1.2961865839229028,0.5094932222682962,0.7232834377651665,0.9681857786177923,-0.09689119195171614,-0.21214162007166898,0.9298884086803673,1.0111470431203993,-0.9967049462455837,0.17383057790873135,-0.2520599990594202,0.19042485264206424,0.23308508782972945,-0.12135413955412101,0.0
1.1711083061894128,1.2839224299719059,0.489705833434241,0.71879053762183,0.9541105937207632,-0.08281639898476252,-0.3750791365567464,0.9501858416932505,0.9062576413099097,-1.0681379273872889,0.08616080153227129,-0.13048711980369848,0.2225248115706761,0.423827284282427,0.09587861070441075,0.0
1.1139123596215865,1.2924006706427515,0.4171605392116691,0.6928466118664253,0.8283377159470724,-0.12225840350790744,-0.2843190904042898,0.9129196196869138,1.0059923322274742,-1.0176467078551021,0.08784012458206267,-0.12509256402010163,0.17610638734059902,0.21141004583917866,0.10955771191480745,0.0
1.1427397644808248,1.196200757224731,0.4728657495073144,0.7447577460729141,0.8384098867340954,-0.14493605455761738,-0.19927597945221187,0.9950940029132757,1.0099752093920151,-0.9419366670298516,0.31187741145771686,-0.11100387139897827,0.19692081770282974,0.13070918034072013,0.09723368197773502,0.0
1.2186311238622098,1.2559164403420429,0.5212712928322037,0.6957255958245002,0.9018597182764305,-0.051601209273597015,-0.31562164439541013,0.9742011451566785,0.9996447350967552,-0.8721847746071063,0.2856144178434703,-0.16422198968054766,0.04651299780185446,-0.08637987382704991,0.061965012164480734,0.0
1.1225507127079593,1.2737695733464423,0.5236234063395244,0.7615441398821916,0.830945331285548,-0.2566850694011588,-0.39697512406826213,0.9366221964483064,1.0250516185774996,-1.0263125634207906,0.3156447548942627,-0.051522072963763474,0.22590033098058399,-0.277196474070999,0.0201007784486276,0.0
1.1146931145559973,1.1937758453263014,0.48807843417948793,0.7153873396509535,0.8539089603058805,-0.22537886209968272,-0.4035486139632431,0.8929166919943141,0.9279240557572466,-0.9680294693803282,0.18905880916380238,-0.20957577145965606,0.33490470424630203,-0.07442575312018246,-0.22034793939726222,0.0
1.1494316635122541,1.2777318781081093,0.5769415583426415,0.6963810063916702,0.8548443985307871,-0.12966864018986293,-0.3122336354953791,1.0586721428252328,1.0022004303205123,-1.0521740218309772,0.060304131437070085,-0.0656939974274627,-0.009684325646252046,-0.051731813041684366,-0.22352519325924267,0.0
1.2010544120445545,1.262503319991782,0.5102961788827733,0.7473968236979215,0.8328842444749577,-0.24536681121521667,-0.4428247814466342,1.0610017399701466,1.0914164590972821,-0.91210674592656,-0.09891780871152159,0.0874696907819154,0.1831911720617075,-0.1908633051458147,-0.361115831370149,0.0
1.2374277277880887,1.2701192894011362,0.4323684424065256,0.6940728034103308,0.9211888466529696,-0.2033244531597233,-0.3653365620182693,1.019184170060706,0.915981778044764,-0.978331001697385,-0.000601019426782784,-0.05860060460748323,0.23636746938004607,-0.20097264403539356,-0.3067006247322864,0.0
1.1654892580237346,1.3274962212427655,0.6028443372977165,0.6619062519483857,0.8154627254860894,-0.19679100871382033,-0.2807718226054651,0.8598245963903811,1.041785887236126,-1.073415583370862,0.0028823589593584896,-0.0173111106415837,0.24797149945918195,0.041773613382134644,-0.039741296177445984,0.0
1.1415813947201443,1.2295372730366938,0.5299791867694498,0.8110613234452461,0.8283294560051689,-0.1774339509408013,-0.4114440286971452,0.9449126766849034,0.9155168061197074,-1.0158232313491362,0.015858078604525386,0.16792500258429446,0.270017441153905,0.2065217830374195,-0.037713086677647015,0.0
1.181435974588128,1.2806484645255032,0.5875911844734947,0.6270032122100027,0.8253883820206932,-0.22382435413558774,-0.41314032396263606,1.0346780618995504,0.9964181446048967,-0.9992377469834981,0.17336657038125375,0.1347572487780115,0.46261621656930096,0.10133249516276896,-0.04857561466357389,0.0
1.2283038373581185,1.2379273007902765,0.5130144726437179,0.8208284587829475,0.7620344920140851,-0.1747024628410958,-0.49896463938277696,1.0463816678266908,0.9471196578603491,-1.020103632170219,0.19100206409966886,0.1849190082130363,0.3533017427404442,0.19583070027036747,0.016929497961215623,0.0
1.1241195952633722,1.3304707835856497,0.5494985307281696,0.7582905192284305,0.8253310307086158,-0.22254668564614505,-0.46963102700301174,0.9101590174118921,1.047118442029368,-0.9222038943333504,0.2597064746928085,0.2106169587638882,0.37276636951154496,0.005235044172448466,0.12998351800664715,0.0
1.2320504585206564,1.2660822899783664,0.5870326097569275,0.6177823096398738,0.8397516279910852,-0.32898644280003575,-0.4296157122252517,0.9762842658617397,0.9625791923511693,-0.931258984616077,0.2055669835475738,0.1513031377482609,0.3997766112294808,0.10413858598779797,0.08689314443452445,0.0
1.1623809763215036,1.365968077781936,0.4897650989666548,0.7687850677772933,0.9029215084607953,-0.34093403489315266,-0.4009096432837189,1.052493428462447,0.9641995785229618,-0.9865333039917618,0.003761207299386754,0.03823229892376885,0.1651266182157988,0.19775488259589874,-0.03553553186301529,0.0
1.1464122789703475,1.3272579715080157,0.5319677716122536,0.7060112037120292,0.8724812837989332,-0.30807059478967025,-0.28915819221112127,0.9974280416207497,1.0396064218041694,-0.9615038156125698,-0.07947561395484166,0.13642862242075426,0.014527373735821164,0.030668964996167114,-0.11597833530786078,0.0
1.1853386241635901,1.38141197759238,0.4640902004626114,0.6813716798705478,0.9471287285064823,-0.3178090656789197,-0.4262728346834658,1.0120108564965677,0.8904759252296608,-0.990758519746858,-0.21782909507472217,0.18041746890339605,-0.10774749225519661,0.18420694605183505,-0.009366793683031713,0.0
1.1933753598459695,1.193219323393962,0.5001991081074453,0.761376593520145,0.8240069440869686,-0.3911990257883305,-0.48978361076093024,1.0604205819227388,0.9423499026399031,-0.9995489741243178,-0.15568075707315693,0.24391530389002125,0.013522979150881534,-0.004642072123354407,0.09680531257480032,0.0
1.1837419969877474,1.2378137375434504,0.5305757007165478,0.781391731558969,0.8262680291275186,-0.29357632652105004,-0.44681977356904656,1.016020378945862,1.0256766197097977,-0.916733739706352,-0.1562656377044206,-0.08825143744198571,-0.14048193830394917,-0.08261582503202299,0.20881405074958548,0.0
1.1791730338758697,1.3166454027202374,0.5478944070698287,0.6673441398596336,0.9484134323333473,-0.3840667437949659,-0.50555810156742,1.036680050868028,0.9277061881747658,-1.0109230192164333,-0.08732692666439282,0.11726846326984491,-0.26210295441918985,0.021266282080878218,0.24185286460427943,0.0
1.1849951752061034,1.2843353633594783,0.5477821429171197,0.7569369891386811,0.9424754219661255,-0.31944746129985163,-0.5681842202762558,1.0272085354560743,0.9863931906928831,-0.9056970738526608,-0.055563904590379305,-0.1198936265321466,-0.18920188330985857,-0.0076553160092984705,0.16776957200965945,0.0
1.2022164314883668,1.3041552910077043,0.530779863656752,0.6611892719035621,0.8737822589366288,-0.32308763018776854,-0.527624284205725,1.0068615393570803,0.8791330918642801,-0.979619550873207,-0.05956495936368847,0.12478785210719459,-0.39079557455494834,0.09372469564248681,0.17521035063602702,0.0
1.1500995762642907,1.3138130539865107,0.5515673618284426,0.6889135209437602,0.9220052574051139,-0.3923916018027316,-0.5576558584357905,1.0443913430515905,0.904624970832694,-0.9305648893900621,-0.07650711316896386,0.16925098804362657,-0.28118069079416175,-0.0609530346684074,0.04891207095840128,0.0
1.1851455776880373,1.3250309695300782,0.542615600454345,0.683323863477697,0.9312476580885741,-0.45964774823293836,-0.49904096445394863,0.9367840176301315,1.0959230650475345,-0.9510436209970933,-0.02134802684332867,-0.08564633685470144,-0.28777350897821874,-0.06399072460340327,-0.09811995670591886,0.0
1.2593114527062699,1.350429998240372,0.5578743676358602,0.6994605449681233,0.9450637474366659,-0.33056783913061893,-0.6107178299846143,0.8981616453677215,0.9128696298819112,-0.9648486515664714,0.1122162198551027,0.001479937204128777,-0.1324302647329303,-0.10398829624471044,0.035189394991583425,0.0
1.2729717685032051,1.3277881563397107,0.5418287282636883,0.7490267319407523,0.8041797008212797,-0.4319667017882977,-0.5275918326947421,0.9853304710090837,1.0160045579477632,-0.916349619974665,0.046241484991202855,-0.02290702338373483,-0.06577222302452328,-0.2029087668115358,0.20749666324419816,0.0
1.1595704211417253,1.3046477679488961,0.560534647931869,0.7682662002994353,0.8199058643173581,-0.4359052551542812,-0.5769529319699698,0.9439395099418878,0.9807246854405185,-0.8528756146532166,0.10104161216357654,0.03370619599879869,-0.06778802886295932,-0.011633839049243117,0.2836892477112055,0.0
1.1372302024103649,1.2539269797853891,0.5819435814515794,0.7980230764285162,0.9663522936258885,-0.4971949207888779,-0.5816625466968972,0.9331973613420061,1.0332817805952066,-0.8264540110923092,0.15292329779020955,-0.12294609536023873,-0.03587350802693284,0.20554417365068048,0.18981934246697543,0.0
1.2411563263069947,1.4125272392236399,0.5732612187056172,0.6495483667016935,0.8255885362035538,-0.41481130666260063,-0.5306855638970203,1.0208372577611553,1.0122188767298257,-0.9690231825828053,0.20304392382216635,-0.16982420607962703,-0.09439523249855077,0.13913390975016762,0.2245841898433636,0.0
1.312439264298969,1.3260895176874516,0.5565813451103603,0.6438707649611513,0.8407042055829699,-0.4020684254723192,-0.5727541356674433,1.0661676986302577,0.9645154080565621,-0.9183140730284637,0.27354723910031287,-0.03716856905333632,-0.17570534917378394,0.11056342719988592,0.4980909675608874,0.0
1.1401686728105218,1.3779346989890295,0.5895726938147433,0.7396056064760868,0.9137608329782156,-0.4369156713237722,-0.5977050380138144,0.9636211124024265,0.8645816141944234,-0.8767536869324358,0.17978247213531204,-0.03341463532477319,-0.12213181992583755,0.04685139713061945,0.281779183274937,0.0
1.2349342450099747,1.276380863260586,0.5375845207314691,0.7120514597646905,0.845728910164266,-0.4587327356838856,-0.6455865669210147,0.9623132170371405,1.0159114717486137,-0.8600501793872579,0.1466937992253333,0.02582155097266445,-0.15580321095334282,0.19766665076494633,0.24788610852441836,0.0
1.2959959643953887,1.3492534157837035,0.5587375516764587,0.8003967908212144,0.9089874251283365,-0.5079397255454783,-0.5778489350524139,0.8711713144965243,0.994716927164693,-0.9297048756160192,0.06139028837022461,-0.09213508951791374,0.015318248110033725,0.06979618926622348,0.34605578152614414,0.0
1.2207735762300853,1.2425711172839224,0.47904709312061866,0.685039076644735,0.8675410359974761,-0.4377046392965897,-0.668321705534658,1.016855540231354,0.9376417830897162,-0.950770356616621,0.12474067163488456,-0.14236421541019575,0.2160920535429037,0.13364997743964305,0.43295812819238433,0.0
1.2118761880586804,1.3307897926739962,0.6477333830091464,0.7381811427037833,0.8961986082859592,-0.5033651934796357,-0.7048629242892434,0.9629992769146019,0.9066712313811159,-0.9540473712118518,0.11425647944549165,0.014614391057075668,0.15174137110742042,0.24000772839296824,0.3185664273085014,0.0
1.2278428246088149,1.390282085914395,0.5801648535247211,0.7112842113385645,0.8635930279575466,-0.4959144058218684,-0.6874710229864159,0.9033141023703982,1.0137726765259178,-0.8999343485759954,0.0938956998616028,0.09897673579876692,0.09430885835597923,0.15345262548142655,0.21482895450162884,0.0
1.2817956020253511,1.3561670301236115,0.6684392361685548,0.7325605695139066,0.8627938361405276,-0.5536401843055792,-0.7178433604615877,0.9696903115243832,0.9505594792105998,-0.8660511861713127,-0.04465903430026683,0.0383806492586623,0.11085682049294904,0.1942411723915448,0.09779343235234346,0.0
1.284111612665964,1.3634710255516087,0.5725745324465384,0.7346465264304277,0.8900732978303169,-0.5874338260757004,-0.6089318373394854,0.9902942801858502,1.0214249698553526,-0.8514704187976627,-0.0506037706147751,0.25247754235538183,0.18385739254009273,0.09702883435891008,0.10659662569206876,0.0
1.3055885958194358,1.3701308774181775,0.5373392313512394,0.7430982387103027,0.9003616317280178,-0.4246107493941425,-0.7201944230711379,0.9417864313403721,0.9825724559163757,-0.8966432842590902,-0.14990192478072092,0.08227881106169929,0.07409142645969059,0.09820833002587209,0.13277226229137162,0.0
1.172758066793305,1.3381712787328177,0.5885735613180765,0.8221733753503778,0.8628810635331282,-0.5726280088264663,-0.7567331369312023,0.9539048393250793,0.9060924472769483,-0.909880722801391,-0.2699833803779865,-0.005939703784048456,-0.0010347717893653963,0.11518313606846217,-0.018400865814952386,0.0
1.3219344521371097,1.2735730871489523,0.5344822788787651,0.7815712251595305,0.8136650753254273,-0.5498341682750226,-0.6385924717193724,0.9864765994805649,0.8500776775223973,-0.8196138365833494,-0.3292491109390926,0.006564540512354089,0.029731013648226556,0.19959658513007666,-0.038471661900676565,0.0
1.2971471099825298,1.3179408397066215,0.6062501968318391,0.7826463811816371,0.8412116405157843,-0.6328229861885043,-0.7247976753691133,0.8951330122646446,0.8986176419704502,-0.8591828235369339,-0.12884797423774716,-0.03771277554943638,-0.0804974440091362,0.2724797948830039,0.05762577391155121,0.0
1.202154049154716,1.4048450346958556,0.6366092068702065,0.7258956349854637,0.9132001539728672,-0.5936474285095927,-0.67767799836288,0.9801780583514156,0.8045722453071414,-0.7936448518901846,-0.04366929108848623,-0.06202496848446351,-0.1037534991902143,0.22107016527417658,0.055185024001915314,0.0
1.120554289435899,1.4384956462972567,0.43664611100711687,0.773442314067409,0.8887075197428607,-0.5255859512901182,-0.7172063858302657,0.8991744841549193,0.8662534925369489,-0.8257839243096318,-0.14275477868816497,-2.8441149950236833e-05,-0.02440225998752759,0.16004264113801608,-0.08955737563152988,0.0
1.2705848904870776,1.4301253213556238,0.5655981914451222,0.7295191076977783,0.886130989885581,-0.5607233089496197,-0.8116727232917913,0.9214803332340559,0.8693401388811739,-0.847947695967514,0.014652617005384574,0.17611009258867844,-0.06794445432440897,0.22222032341855685,-0.019147675744795048,0.0
1.1960918274259662,1.313927946646901,0.5346369801725985,0.7446778744072344,0.9230948971692631,-0.5572844717819856,-0.802266535565459,0.8914890002354182,0.8899516306994182,-0.875028546791038,0.04097500172488457,0.14431115242057238,-0.0013305771753061996,0.16857303371854554,0.09285042237204763,0.0
1.3710458660585771,1.305324640965324,0.5877741993000813,0.8108221538070395,0.8376321022515474,-0.5101757486661571,-0.7641509890870909,0.9112822014017528,0.8281749120986883,-0.849846642277463,0.0388352309319794,0.03277506548510639,-0.02067950645747755,0.12248676624381256,0.1843516878542077,0.0
1.2984087930701493,1.3802829271930241,0.6225772924236007,0.8003545331613962,0.9092232289864978,-0.6597871824742415,-0.7047534149382724,1.0046313903879096,0.8608554086819715,-0.8166746114527339,-0.08514635416866556,0.15649251565303846,-0.014098745491257489,-0.04247779843225616,0.26136693577654674,0.0
1.2302370745822218,1.3286809058700741,0.6567673738302362,0.783109352982598,0.9917819120018609,-0.577827224165326,-0.7587264392231624,0.8910119507146593,0.8620803869718299,-0.7446704518071854,0.1774426300821467,0.2009925064441836,0.05275555123483161,0.07701654819589833,0.21732659813905192,0.0
1.3003171962266502,1.3123428250381801,0.7028324074463808,0.838603196639805,0.917402643822078,-0.6048136183567185,-0.7605353396293383,0.9055227192965272,0.9128933526709184,-0.7023785459055476,0.282454092943177,0.03820318457372934,0.11889715301681253,0.12050338100617596,0.3788623471572474,0.0
1.21742499455926,1.3798777320905824,0.5754580959720326,0.8122418625041019,0.9284948444897871,-0.6766704536534149,-0.8153956816929518,0.9443393289453698,0.7296818449826374,-0.8293458027370907,0.1800959113652807,0.024581237414030614,0.06513344236261873,0.050252975910901554,0.20030379543737545,0.0
1.2508941843604007,1.4413224116229368,0.5462589508415909,0.7090926378234546,0.9408846800907921,-0.6313966594411384,-0.7954692936700236,0.9064738088243628,0.8376455453067648,-0.865728463422055,0.06834510204153398,0.18170851283401893,0.10867518069397546,-0.11185334582922792,0.31972441102666416,0.0
1.2988419013804338,1.4123126209685468,0.636757391876998,0.7694091242364433,0.8841121062539942,-0.5801049718252997,-0.7888368044643731,0.8249399981468387,0.8219672121132325,-0.7500325187464353,0.07552889725208611,0.17503771955824252,0.1363753268880447,0.0354314760690458,0.417713905890979,0.0
1.355261630150171,1.3671973099856984,0.5924840543543398,0.7218831650008698,1.0140687785920115,-0.696362465403843,-0.8360785562119282,0.9586200549218006,0.8562262330454994,-0.7542699340078204,0.014697054641828633,0.10906757631986055,0.0786269299744822,-0.04337750705258438,0.2279802384058939,0.0
1.2261994835723606,1.3876224562614048,0.6193631436192621,0.780235319167156,0.932510607243451,-0.65503298711861,-0.770689802173064,0.9534008200235766,0.8633561276355701,-0.7775564193794807,0.09717258814437607,0.08472788228357483,-0.10039586391207983,0.003686919510124606,0.17622603840894344,0.0
1.2976705685838812,1.3639632574610014,0.6232777031596454,0.7880700459506412,0.9671071526003951,-0.6651079264396512,-0.8256014521694436,0.8912629579702407,0.76963634417861,-0.8557618428357515,-0.0159046980708858,0.08375423625907653,-0.28630954547091225,0.1426553979126641,0.2966338161324683,0.0
1.231411153206204,1.4218642304623597,0.6248241466975398,0.8521356471102252,0.932182494880795,-0.6518799376431814,-0.73650505845052,0.8836112481053738,0.7822071458306824,-0.730535993648387,-0.07926911873099142,0.04249247245123361,-0.12142363519171769,0.1534308151617762,0.30776453654965774,0.0
1.253596018704751,1.3630673546737841,0.5317762629629577,0.7763449223619583,1.0313971856969504,-0.6746911752642212,-0.7519393399504932,1.0292533775439727,0.8255105162328786,-0.6996461093576036,-0.08806692051055198,0.06795284377973433,-0.006683950796966293,0.07735586491612861,0.13474129602785712,0.0
1.2494926566554507,1.4119681744023331,0.6017306900071181,0.7775461308188426,0.9373987903787445,-0.7441829119952913,-0.8480641641127699,0.8105481723117963,0.8068730143883922,-0.7765837238611988,-0.12309943880194155,-0.03826633537224549,-0.07396675225576595,0.16891410012620206,0.2848407389186421,0.0
1.288644781354629,1.4149864301385178,0.5485098874372428,0.7438279995371638,0.9962166990454574,-0.6054235161045636,-0.8645939625481086,0.8860981644232563,0.7890966244161632,-0.6377505090774951,-0.025435164266981856,-0.1203259457564346,-0.03458044395221197,0.23318687109796138,0.5864358820186188,0.0
1.1957286544900088,1.4363217864720572,0.6156822832611492,0.8718359574732618,0.8934439515075449,-0.7404429550609875,-0.8788476410847904,0.8702375651515952,0.796541479215307,-0.7520356616857886,-0.11194851093171802,-0.17428536285617774,0.09242793381661923,0.19351521929924304,0.3971722973259118,0.0
1.3660299192654826,1.4310364271941365,0.5423250889401978,0.7452299613847762,0.8732925552849126,-0.7649550774565462,-0.8705528236736151,0.8925080907480494,0.7196189127698375,-0.7795320932366321,0.11182098952034637,-0.08875984169468137,0.22748387553331123,0.09431890140332637,0.3536768024586628,0.0
1.3021248830564358,1.3908396086273194,0.5426740905185867,0.7051244061093287,1.0160634417598238,-0.7356442726611929,-0.7797022980538102,0.8674642655853699,0.7247530419228038,-0.7822355709424511,-0.14577648947964894,-0.14669403418441693,0.4114009478036552,0.1454271234897621,0.21545211535720393,0.0
1.240844136066072,1.4464405619651945,0.6701321637404019,0.77737857576965,0.8969130912523486,-0.6894281335787826,-0.87783057921642,0.8338051447030566,0.7335351828499349,-0.7292670845906899,-0.0012029224328665294,0.08538569633342169,0.38453152374514726,0.21756889774582566,0.3536878082676772,0.0
1.2464357090833396,1.4019887123176027,0.5516574742858088,0.7208629767623453,0.938792341745569,-0.7593360866204559,-0.8304437447884804,0.8338228598545034,0.7576680734078945,-0.7296211057542209,0.19588175564858468,-0.12839951866862642,0.18937464182114927,0.17472599363326882,0.35738780308477,0.0
1.301133761046294,1.485491711959173,0.6568584474262831,0.8009037014869448,0.8864933776079424,-0.770363857400318,-0.7693020439046505,0.8651739278015335,0.7160100641728805,-0.8491709473302486,0.17165214935352224,-0.020929784278794744,0.18199659200114887,0.0230594984255528,0.24133397019326186,0.0
1.2717589614565372,1.415308715690776,0.7384115880639796,0.8285862170139161,0.8941331428787531,-0.7378940383514924,-0.8035910079746972,0.9451422835803116,0.7079446204404574,-0.7438816167740239,0.27123535224179574,-0.07562668078684268,0.25628476394024147,-0.06080475604116517,0.2654615264872764,0.0
1.2176423662097586,1.411342969238759,0.6267982984344967,0.9409912692574224,0.9700974059541135,-0.7605579057784659,-0.7935640129811041,0.8379792393975077,0.6719704816570405,-0.7001593078792728,0.13336191075913623,-0.007812327810444261,0.25225890376492405,-0.19700761471001868,0.3806898566132155,0.0
1.3117933936326764,1.3330088062519718,0.742387153739833,0.8396427742869746,0.9477276481025684,-0.7279168952148264,-0.8558223288012092,0.890891980312786,0.7739060485857335,-0.7743959885693419,0.0980342975344223,0.05287421111338805,0.16967653649284561,-0.06369271933583619,0.33937224557454443,0.0
1.361997223298272,1.4157555843811058,0.6662727382778393,0.7443758144197696,0.9021451498652202,-0.7944882514487791,-0.9284877842423658,0.788565529344752,0.6712240192537847,-0.7971607885552849,-0.030074158762375437,0.03856270360544791,0.12368745328837054,-0.24636471082761516,0.24100651490286948,0.0
1.259282062142902,1.392127967197995,0.6034211875805189,0.8835492871184457,1.0070849071808468,-0.7979312310698491,-0.8323020531359966,0.8137928541631364,0.6488751575077337,-0.6185288460404788,0.041302145121160275,-0.038888831373374344,-0.07612226645772391,-0.11299458509429303,0.34167838316105537,0.0
1.2507931064408881,1.371281777024458,0.5266202651651655,0.8226811320571216,0.9952322974469986,-0.7979594967006652,-0.8902517546762913,0.9506579822967546,0.7559681079189543,-0.7740684753118645,-0.06724552084283386,-0.13693159259964516,0.15989155225473708,0.12121294756102825,0.16555049097582272,0.0
1.2521143439719213,1.480502818281333,0.5996210356647215,0.8568089609326619,0.9385651084494537,-0.7726864140818249,-0.9218831076232057,0.8708283333015447,0.6215620376138365,-0.6312716070469022,-0.05004182275149825,0.0512566283656065,0.11692668258781566,-0.016752845529065113,0.20450432083232614,0.0
1.3560291698930547,1.4124593852088756,0.5926971089943631,0.7644583965720004,0.9711413269206765,-0.7562590155789669,-0.8774176330581205,0.8545957405134668,0.6329376030574642,-0.7103154188843347,0.07773376906126156,0.058825446650702905,0.16439721846852642,0.029052813137631157,0.3726290506084895,0.0
1.2399942468437524,1.360196094157877,0.7055214109749021,0.87983189688871,0.9202240955696919,-0.7733581101553378,-0.9513640618396149,0.6771195489173611,0.62900515940684,-0.662810336031194,-0.036861846999885824,0.04232135961956525,0.08326069197456659,0.060504808368488226,0.31817546462906887,0.0
1.2854863441263742,1.4695336533800423,0.6231098409165899,0.7989509048217399,0.8689849776900498,-0.7458575690316844,-0.8925045378384919,0.8716895563331859,0.6349759080583977,-0.6468538392248864,-0.09126658928388279,0.08940813735106587,0.015691466218838747,0.16586907352397984,0.3033246072471221,0.0
1.3296907480014617,1.4132210577658026,0.557390008138438,0.8106657641285349,0.9398056185418728,-0.8276682014610105,-0.9419505003129643,0.8475678949915681,0.6378563982554268,-0.6441208343572515,-0.06994897285599336,-0.025362981098127187,0.11334823108323869,0.2608937018475265,0.1224893699786063,0.0
1.3081280012853052,1.3481384195722284,0.6002767937525936,0.8186545752732319,0.9449180794147343,-0.8940357583918975,-0.9427140849077575,0.7684259774662655,0.650444143240778,-0.7174822853263935,0.01869753488190378,-0.023670925037606864,0.12062420366460934,0.08809257059927025,0.07807528554772634,0.0
1.2743837294557954,1.4481570886415644,0.621760999499391,0.9300930187634123,0.9107480774470534,-0.8780656111952567,-0.9288913652550931,0.8559586049664696,0.5776785356724516,-0.6923333018489621,0.07581858368993481,-0.09684567933878001,0.3775590374041621,0.10686497916922968,-0.018372390426900212,0.0
1.3031944039190213,1.410355225922093,0.6228204163305577,0.8449989596728376,1.0498888708407679,-0.8228047349664699,-0.9489631439242432,0.7973784181941249,0.571057440343812,-0.7129519127640815,-0.040034279222442,0.05147673910139348,0.3650931258616896,0.12477373276943392,-0.05731292919932074,0.0
1.2979726175658737,1.4452100492580788,0.6937747767529041,0.8130795665282603,0.970285295279847,-0.8646745689914637,-0.9203206574387266,0.8318736879237053,0.590560213600603,-0.6736977674561664,0.033025017172391244,0.2489745470060787,0.23666497475358358,0.14651054441350547,-0.03325579457329143,0.0
1.2854535691499889,1.499271098941022,0.5720333115751598,0.8018682983191774,0.9553709951993429,-0.8325656680806551,-0.9771323974510664,0.8409412907758731,0.6047802766157326,-0.7891707770042827,-0.0019117819204912748,0.22361022168552033,0.1019282464625891,0.049690614400677166,0.19931964027911403,0.0
1.2894551225087676,1.5305802527944914,0.6687159040409889,0.8365227412403916,1.0467485686125642,-0.8555513301402589,-0.8938025527976102,0.6678530214174286,0.5284928402496256,-0.5819105324951799,-0.04496470865370972,0.3331141444007993,0.10685330647404552,-0.15039196963141802,0.10536097023196714,0.0
1.2840784749584992,1.5415743641497552,0.6040166693312368,0.7619497502357415,1.0104772012354186,-0.9513284668597369,-0.8541348226692003,0.8697541762361057,0.582524817368032,-0.6607036663394146,0.222757472895736,0.21597310284988866,0.18063164526527462,-0.28913612810397477,0.08588473247475682,0.0
1.3647389739101694,1.4015729661437233,0.7105913687425177,0.7653245270426369,1.0285335909851676,-0.870142057860156,-0.8531993676422992,0.7337740645522387,0.5224143634044206,-0.5850599013996699,0.19643569732602822,0.3399688455429427,0.1529551118157601,-0.3421028966651254,0.023890714669514576,0.0
1.317347075260135,1.4555939137053349,0.6713556977629732,0.8166834567815813,0.9703130230629852,-0.7589217641016628,-0.9327036716581613,0.6386480704845088,0.4203763982497881,-0.6494940822455,-0.08997344130215358,-0.038087063015046996,0.1119933866809713,-0.3087119078191578,0.20624979519384798,0.0
1.3415338951077087,1.42210922599194,0.6629073065167315,0.8265703354812803,1.1104157078624102,-0.9041586562092643,-0.9785162496685841,0.7002197199364049,0.4736156531316321,-0.5677336925792791,-0.07109671126382636,0.02894604581092309,0.06940160124606273,-0.22142044552382856,0.27995099224616243,0.0
1.2383011488201539,1.4100396686204002,0.7354257307816859,0.8498239200239364,1.0508796663332383,-0.8630374165756851,-0.9971810226806769,0.7580323400860359,0.5182138915897617,-0.6586330195529012,-0.08762593868111387,-0.06322558952003066,0.13273164267846527,-0.16105056582304972,0.24785241149801188,0.0
1.2893161290852186,1.4479318294579766,0.7099647574245419,0.8522568783539475,1.0401908457995885,-0.9641303777866578,-0.8565457228081246,0.7275338178691895,0.5849146774938746,-0.5669653873029158,-0.1231111583073913,-0.07376843851123052,0.1614231523651759,0.07536332338012133,0.3572560293370134,0.0
1.3335576103537345,1.47165895814628,0.7007486995432982,0.9056436861573927,1.0243245040361233,-0.8623983062502439,-0.9596159340334038,0.6495841184859038,0.4760584475156445,-0.5805266686144339,-0.1214980551796172,0.08948767406122549,0.3301127426378295,0.032935291448199434,0.4305600207462046,0.0
1.358527177842642,1.455821078623589,0.5735266024498278,0.8589039766047081,1.0294130874678409,-0.8226141978921262,-0.9641800946297069,0.6449178619455527,0.4556673404144441,-0.6256356449167899,-0.04264310251760446,0.0722269293326457,0.23730299245366004,0.05395342867064419,0.41380245896462386,0.0
1.421431775613211,1.531904520027809,0.7554031736708418,0.8339908675813157,1.0588145356819094,-1.0221040873504996,-0.9902443780849622,0.7310316077842154,0.43606169930017924,-0.6686645936292259,-0.06670216987701147,0.11655138300514072,0.20145964903280442,0.0759427311281908,0.3090456118039038,0.0
1.375667531655101,1.5374575330244222,0.7228271100961748,0.8726983787972851,1.0268135697073704,-0.904033375527638,-1.0301089968914634,0.6930366434227535,0.4482070737140379,-0.6042774659361015,-0.1251183436115641,-0.07315772127646869,0.24568195761665393,0.1950861633664469,0.21836626210799495,0.0
1.3507732753742345,1.4804193987217353,0.6984344585247834,0.797330108011077,1.0293982967526862,-0.8197087342216762,-1.0095858775058648,0.6682780865089444,0.43798311996469924,-0.5215739242067012,-0.20474297566014715,-0.09281202342779644,0.24498306237270556,0.2169695560940964,0.18505461000942106,0.0
1.4666994772240862,1.5192489615990379,0.5855692015899279,0.9120182330104473,1.0700463104354774,-0.8669045399261226,-0.9675244006691635,0.6328616160198267,0.46529996130765894,-0.5464044057173755,-0.18824156805123798,-0.06513462400466086,0.23254075884996858,0.277322094421117,0.21150103220899802,0.0
1.3645033148828978,1.5021781297280778,0.7239903066743842,0.8653574638208502,1.0730571662072936,-0.8735002262244322,-0.9366309360979536,0.7308503687964978,0.4508658312368362,-0.552660015192954,-0.05391184459815061,0.001127874099831394,0.22827963773646956,0.24843117949998136,0.12408026541692418,0.0
1.3403395401853104,1.4546200562374554,0.6683104446308449,0.8303692824794391,1.0084517120847132,-0.9947812551908267,-1.0271205424836485,0.6385214164902093,0.35205426390120154,-0.4810599124961441,-0.03970057410362571,-0.2736915021928479,0.34380504916464744,0.18820506155456027,0.0573459347357851,0.0
1.4057455018102218,1.441537476352784,0.6686081547625676,0.7868674746748572,1.1395695860550787,-0.897454415087075,-1.0347195784086554,0.655351157548191,0.36718787386019514,-0.4489767337656613,-0.08108365150839186,-0.2259543594513105,0.3619026097632498,-0.12710659825580434,0.15507379808471278,0.0
1.266869594453084,1.4703750285224375,0.6675124122062671,0.8273878823785408,1.0420299211693345,-0.9719387399464416,-1.0321807456902488,0.5564392440026877,0.4253782731169065,-0.5890984940274054,-0.16470912375243632,-0.06018640587604415,0.3406766246136316,-0.0073270782765570835,0.046223919458262736,0.0
1.3458932968593282,1.496382387533788,0.6972803160529918,0.8796098100991636,0.9881286657208391,-0.9320203924665702,-0.9324336585609049,0.6654812385969864,0.4081402510014276,-0.6049156959516545,-0.17155021949662386,-0.17811847680637266,0.39044802423029384,-0.10146871221717574,0.028856127295551724,0.0
1.3297040748771973,1.445352926004451,0.7377645406098592,0.9296447267674613,1.0475476465508864,-0.8372381607797705,-1.0048774104122769,0.6742035777195577,0.2803373916723242,-0.5083019781641748,0.000639022047581414,0.003566613083166817,0.3976291404106154,-0.03066116971631297,0.12095447044246015,0.0
1.3475782520299102,1.4899330822094878,0.5728635958220889,0.8527420083914623,0.9985586561053857,-0.9905757168704528,-0.9803341378672848,0.5609361531738093,0.26057640810627186,-0.5641095727615115,-0.03141634795196187,-0.0023197991823587284,0.3711123526570643,-0.08359575327237982,0.10331242488645938,0.0
1.3919008591231357,1.464217689083892,0.6873204854795794,0.8602076309650517,1.015771713086166,-0.9121211738612525,-0.9850128935968421,0.6241643673397462,0.34784189278021943,-0.4731666111654214,0.16974069799515246,0.0512664410147887,0.19933082887480724,-0.06377644925928334,0.02189330120106138,0.0
1.3660302525678267,1.339892358092493,0.7147667733887496,0.9050051467677511,1.0051454678318428,-0.9004093411864716,-0.9951671914945387,0.6168721126989551,0.34942645944083994,-0.5375753862399868,0.15430645785874395,-0.07597468853990218,0.1388675880828465,-0.10601998437801688,0.01278575033710155,0.0
1.3039324969612038,1.4565269433303545,0.6706929745986276,0.9105386956697996,1.005008694250504,-0.9478204212939917,-1.003736596882329,0.6381482135392005,0.3193523221232941,-0.4603502163185544,0.07688987773357898,0.09686866962354176,0.11139672048931266,-0.15819726455093308,0.2668356333773289,0.0
1.3954007290248545,1.438468409807167,0.6397767836297482,1.0115232108106624,1.0857512058562178,-0.9665067852648808,-1.0689961890909239,0.6895133172624665,0.33908695462275734,-0.475839929721717,0.07563387539215687,0.2010001239732534,0.05217382920216458,-0.2657383849258568,0.232308664227435,0.0
1.2972023107856687,1.5178298264198453,0.7729607148467179,0.9058308233660787,0.9894604498635741,-0.9592041596186027,-1.0032870550813366,0.5562434584814953,0.3848051953967902,-0.5022701804288378,-0.10246486962013987,0.24805518007554683,0.03417354123175474,-0.12956578169269317,0.1524222798664553,0.0
1.2985339754343366,1.5376467250793118,0.7201649979014495,0.897730819335705,1.08148239220107,-0.9173284518655185,-1.0458889654738146,0.5892913264019761,0.1941481454295665,-0.45775515821942925,-0.0428728081926453,0.15198037916161553,-0.13169910569158014,-0.04424488505289205,0.06894392897192919,0.0
1.3367894625269954,1.551688493774593,0.7017679264295843,0.9072099414929975,0.9574608844062671,-1.0103812140916477,-0.9509907121054907,0.6143240824058359,0.22497229576404432,-0.4004546125107854,-0.11246510643495132,0.11818642819038425,-0.1249149826477877,-0.04681032426486591,0.06115273913090057,0.0
1.3469983325937,1.5162616447964716,0.7216759615573335,0.882783257854943,1.04812345174233,-0.9026638777930964,-0.9537174182573482,0.6229391971582843,0.23980462065802777,-0.4646195414648524,0.07634895251078622,0.10908738908213508,-0.1529859731294727,-0.052123187503871585,-0.021374741635991727,0.0
1.3731076877125505,1.5231021405537282,0.7979896602239196,0.8423259813533122,0.9984099300697775,-0.9320732837615685,-0.9089941171742777,0.5907614718412874,0.2989239104040545,-0.42159382134583795,-0.00956589623423914,0.17009092864797876,-0.0960408868427676,-0.26848749497434404,-0.1138345041054072,0.0
1.3169101785907398,1.5156589871796227,0.6544076419115248,0.9330188409335887,1.0469588819211286,-1.0721708918239687,-1.050643918562141,0.5283269732262375,0.24639818338577682,-0.44842069558779046,0.026187874239798778,0.17878541973029216,-0.09777035838757474,-0.23187871362840853,0.07235151153211837,0.0
1.4289012843278637,1.556560078543198,0.7415426339166894,0.8648644613589535,1.0394983098798702,-0.9097445644315766,-0.9948162642923873,0.5612860651206886,0.29289495927412845,-0.3813846927305206,0.0809677812753969,0.23571562364048687,-0.04893232163474365,-0.20190366925154568,-0.06607794665475912,0.0
1.3185134150302797,1.5949038568315372,0.7817756910277829,0.975747566936933,1.0565166108687647,-1.0657224749151881,-1.0496953624118128,0.5949530521123627,0.13301788352531244,-0.3153038349162265,-0.05619604907669137,0.08798445951173728,-0.18353969731911446,-0.13392474780582914,-0.004687057067620161,0.0
1.351824741186343,1.5124981743904788,0.6815646685822513,0.9681490320002925,1.0926880511278902,-0.9593755735459554,-0.8651738473757672,0.5587880681156685,0.191436402068735,-0.41731186893925726,0.003714420789473427,-0.007548973734618929,-0.15275729414948183,0.005544847292182797,-0.044337050753537215,0.0
1.4533870140373262,1.541780952555762,0.8253539160464078,0.9677165640203904,1.0598241210639356,-0.9677160827315191,-0.937845826901163,0.4955138992850275,0.1298601343611882,-0.39828748449622675,-0.06067320152026154,-0.12707842262094235,-0.1716028078488812,-0.10164864769752484,-0.12078341483500829,0.0
1.3638786149032875,1.6277919470769753,0.67322680758934,0.9050933194320596,1.0124022723457964,-1.049147565181044,-0.8768087398973406,0.5523862204871374,0.14399348727516553,-0.28887850715525465,0.061485861041850005,-0.08895782049742644,-0.09838917466091787,-0.1425819811256915,-0.02542832438869927,0.0
1.3754609479028064,1.5678824175351698,0.7710991772725163,0.9029220217449332,1.1340539476194167,-0.9237081357059759,-1.0438880766860348,0.5206836554670614,0.17179768337576526,-0.3355882434810036,0.17661003388568183,-0.016028079103827385,-0.05404349622705978,0.12755272554162625,-0.1632624457622579,0.0
1.3301101676779368,1.6277696719377581,0.7467691950415263,0.9460880115214699,1.1291412850525708,-1.0092230814062102,-1.0055879537824843,0.5161150684555971,0.14138433136398543,-0.2872419343384695,0.2612687160130336,0.011785760666055349,-0.14151451734919496,-0.12619012166511107,-0.1457148767721339,0.0
1.3368122581126418,1.4928490800991252,0.7193436769740129,0.9222280939447901,1.1256083473810998,-0.9134589695848331,-0.9768023986234385,0.4389567139581281,0.1316028028096692,-0.36907349150804236,0.12413068775047827,-0.059995132801183855,-0.055327003138661277,-0.09363608201845555,0.025435234427776787,0.0
1.4121888949621393,1.6158053876721086,0.7675195740402603,0.8890450729782785,1.048405681747736,-0.9737326410560716,-0.9915262105209343,0.4887130928677931,0.13412526718999232,-0.41223699639011546,0.12208115375928813,0.0031959925380510845,-0.0981088266828965,-0.059639200232875576,-0.2027923844606088,0.0
1.4082846961041355,1.5154459426050604,0.7048203455051942,0.8899737945051289,1.084031563801561,-1.002978050545157,-0.9957044865681572,0.404466081986725,0.13704738377683018,-0.3516550637753964,0.08844905306419076,0.0509919771561154,0.055649228363824674,-0.12362591258262659,-0.19820168277120784,0.0
1.3806686875526066,1.5273200308862211,0.7609513461770987,0.940764242411257,1.1098259728547075,-1.115621346520994,-0.9178309343726407,0.49329943225760564,0.07396643106129494,-0.3547950351762569,0.06241298719487082,-0.1609595763027401,-0.038463213585781024,-0.03007838873151468,-0.09208763042048464,0.0
1.3495907450742644,1.5443419509268388,0.7386426855587268,0.8813934423950212,1.097607682327994,-0.9581806648747162,-0.9537733260163686,0.42556143102719557,0.13878577049210353,-0.29632168173095164,-0.019139979108161967,-0.09943879623362269,0.05790048453903758,-0.01576454768408449,-0.09280970029976979,0.0
1.4478872396665914,1.6068285201410788,0.7536374569201079,0.8264064818333356,1.0775925394703287,-1.033219579888939,-0.9543324185371566,0.3955270657407114,0.007556386537262615,-0.3267958545489515,-0.07601487626742295,0.08899952195728804,0.14228469060663984,0.1076824952212003,-0.018897562852812834,0.0
1.373475381650484,1.5915619374242698,0.8529985226570125,0.9621796931855127,1.1228036030184065,-1.0007564729079068,-0.9674272267506473,0.48441244815162054,-0.042013594220510375,-0.29363955629954247,-0.12317126272219142,0.1568139250538577,0.1771985839579321,0.06823817725091219,0.06067159752418485,0.0
1.394795683866441,1.5122524435300075,0.6924705225423003,0.9836060499191034,1.0049736237222784,-0.8812165806218094,-0.8725734568173051,0.36603608889221273,-0.0026552712892452257,-0.20352227109220825,-0.06289738722479601,-0.029720378925730165,0.10452613585888029,-0.06939429611430117,0.04903563070762008,0.0
1.283663400815625,1.4842374096139512,0.6820107294764909,0.9410067600593177,1.1273725263549013,-1.0016919133434472,-1.0161053686418333,0.33798672009338343,-0.040717009451183284,-0.3427194930879256,-0.04299622103468112,0.05779510074529226,0.05085806952718823,0.01870192661933911,-0.01679214851379602,0.0
1.4186414160036476,1.4894330033069463,0.793015198186929,0.9695964584902336,1.1388205018644868,-1.0447882364445416,-0.9379988709329756,0.46112024923767664,0.04673173170901325,-0.36877659718625094,-0.10943456481160901,-0.0819139819988563,-0.0494063316424706,0.04789371308513645,-0.1682586289901472,0.0
1.4444043801273765,1.5464880758671717,0.7059765721157774,0.9212683058320772,1.1594088212756326,-0.9938484900774971,-0.9502161460339458,0.3580221836641392,-0.004135040944978713,-0.2749145959813037,0.14483162967343688,0.04133835566186607,-0.042587259622765314,-0.03035311076047264,-0.20379467960724826,0.0
1.3809093925317402,1.5985704204275009,0.6908954111899881,0.8719936615757711,1.097069413707689,-1.012427072329373,-0.8851129147218095,0.2870203318882518,-0.05548844270284094,-0.2613749360555992,0.15512483061726193,0.01799888378387416,0.0358548379073955,-0.00678874345392539,-0.23565958990319566,0.0
1.3932075518843938,1.551829431949301,0.8970115853768292,0.8677263044654157,1.0137075881353714,-0.9679598425124287,-0.902565285823721,0.36194826979799466,-0.02944438758779838,-0.2668356319337662,0.07020627675713606,0.01476494948840402,0.01923897773992686,0.07763097457444507,-0.42744499536799535,0.0
1.3649917848867859,1.6480419238056432,0.8059136961433707,0.945027624724808,1.0682283197977025,-0.9512728895938496,-0.9057354986012746,0.33130468531065455,-0.03902698839124824,-0.20043249189169496,0.10953528255481794,-0.0434308953982787,0.04943842805168104,0.04996454822814529,-0.4239751641133514,0.0
1.4110647074512932,1.5650006665071747,0.6581522217784153,1.0322559114455558,1.1750228933413551,-0.9338794749209678,-0.8359525386905542,0.40308936528714384,-0.03888111315856455,-0.32203412900862427,0.16887192951852903,0.11321775902895365,0.11979533686411915,-0.020295089360907688,-0.4016296419990944,0.0
1.3977367983332658,1.5168508606444866,0.7097361256533313,0.9743465991699964,1.0741614699340054,-1.037475439742218,-0.991947509601187,0.3153639890996109,-0.037125192510712696,-0.23273393501087936,0.11605158420517929,0.1008003186805723,-0.01997361610303547,-0.1451491411435257,-0.29792725613673887,0.0
1.3586346742199502,1.5100088138718522,0.6441173163560046,0.9742541726430639,1.0142000741220882,-1.0325437075052868,-0.947237538085302,0.23383123969885342,-0.08795516738710024,-0.21758251233088793,-0.017928239815606414,0.1428909259870219,0.052108906872755045,-0.07550634848162086,-0.3057880179809171,0.0
1.4237115786895793,1.4529404330440965,0.6971337534152598,0.9194707912115304,1.121499772388833,-0.9918536418589547,-0.9609979774566618,0.33385365666740985,-0.09266034862936554,-0.28939786022551606,0.11578580442913347,0.07077195674313116,-0.0039021620087597367,-0.22681527511151953,-0.4131483390259537,0.0
1.3935470810406576,1.6409780331452504,0.7773164365404903,0.9288263155316955,1.156930009930654,-1.0640355829315415,-1.0543149680940174,0.35690197466950435,-0.10017719702099448,-0.25689022142753515,0.08492191930496512,0.0433910044764846,-0.09878822523997335,-0.22277545580562425,-0.47137938801432344,0.0
1.4326974356259559,1.4983303581485572,0.7114544940489985,0.9586910155946876,1.0309888289255553,-1.0169037944531245,-0.9790021031636187,0.2743241060557248,-0.20413150181803774,-0.2179430914783939,-0.02637420208394943,0.016277631532788273,-0.056152800946576785,-0.14780821456630483,-0.3645280852940103,0.0
1.452664137974526,1.6499362143104,0.796822841384706,1.0023495803691909,1.0777639279483375,-0.9880783261147555,-0.9062825344100595,0.31400577285675124,-0.19976546785538346,-0.23187277107978246,-0.26488056612615934,-0.08629814426823142,-0.012758423998532803,-0.06640723117688635,-0.3463665499687738,0.0
1.3673342092217273,1.627746961412444,0.6682569145260199,0.9290359272302601,1.1802093022940623,-1.0186751408226473,-0.8727889442492225,0.2892958333198119,-0.18213073367378757,-0.27620254900428276,-0.24982297524368627,0.05634386729960811,-0.0365709381233603,-0.18254492239695796,-0.3222032208761636,0.0
1.4428443176079266,1.5806173268254111,0.6964202116778455,0.8998853657527912,1.1268593960829827,-1.02204262947691,-0.832833611464466,0.2500246780399801,-0.2755239743807991,-0.21088218066118697,-0.2982834857823989,-0.12907975568100377,0.05461195886302006,-0.1516752653574568,-0.4077279603016608,0.0
1.391129774995726,1.5828529455136773,0.8015244570769728,0.9682626363115985,1.0328832880071872,-1.0013460771427525,-0.9043595582635887,0.2412496431221689,-0.25675390929759884,-0.10727728605700143,-0.14883696196040125,-0.042512402098181905,0.013486273133099975,-0.07860878051596276,-0.3220361729456797,0.0
1.539237258573022,1.5556392629298348,0.8797223643922975,0.9589796711636291,1.120023385428818,-0.9852270862006733,-0.8825795327423508,0.09372267120660249,-0.2516873763544922,-0.13501127461953855,-0.052920378834669234,-0.043466517239350286,0.01827703925034853,0.0654387123359866,-0.07066479763229208,0.0
1.4851960975286256,1.5058517763790342,0.771871720379371,0.9121932379708734,1.0850105087926523,-1.0278645158324309,-0.9455168370955506,0.23626649138415745,-0.21051786994174365,-0.18770202359128396,0.0527569149408772,-0.11095814448161348,0.02756447605999453,0.05960118800101127,0.07283500225254352,0.0
1.4094608599689251,1.6654264496525701,0.6910228078044193,0.9025413686966356,1.1472241535119176,-1.0313388135879977,-0.8068329812703551,0.312951263532356,-0.245206517886997,-0.06371715339589694,0.04746473031403137,-0.06894651515668639,0.056626836708481114,0.1707259888640557,-0.03852748442191718,0.0
1.453151727270809,1.6127533453717757,0.7435467468124628,1.1289310996050879,1.108332842572716,-0.9866683895244789,-0.9580020826465931,0.1594043431031498,-0.306990873735164,-0.18614173828038966,-0.08245452731595598,-0.008128114905069553,-0.019035807583706557,0.20197487232046835,0.08057886626899549,0.0
1.425619186934326,1.6240029708732147,0.8148369110889584,0.9736798929203706,1.1796108713026445,-1.0045989899048595,-0.9309011858983535,0.14176561774568947,-0.3410649720827387,-0.11825518558711746,-0.07683656350150196,-0.18188968305188433,0.03297863215277458,0.28551965552763847,0.10673464194925447,0.0
1.4756838857676,1.5318182447250517,0.7898985438701307,0.943744665129705,1.017802305723008,-1.00056878002779,-0.8090735586621997,0.28077089127488014,-0.2861192170221227,-0.14158204510957523,-0.1605653140536954,-0.015189737497367045,0.047096970932288956,0.3522208970646931,0.0029226126413375852,0.0
1.3733124814140483,1.616111996725299,0.7142974437281724,0.9930622464884347,1.1854984632112677,-0.9426615328587515,-0.903033087956199,0.15327915987570834,-0.32108001260459385,-0.060839965305430524,-0.009375772884377354,0.04291549906783269,0.04113587152389458,0.4566288066857619,-0.007771306196231351,0.0
1.4453655279338535,1.6206344707055103,0.764595702303652,1.0496342007623964,1.1411240236770144,-1.0442003185466215,-0.8318428413986048,0.29681709522093747,-0.2780245702566937,-0.0752127053877215,-0.08560627236452417,0.056883253519308556,0.020043824184016144,0.5166917891151332,-0.02871869911414006,0.0
1.4160153406407752,1.5796998692608182,0.7571560944627845,0.9433976129157426,1.1270037937445756,-1.0012490258434261,-0.8505287186688506,0.11985903355224162,-0.28307880828911924,-0.11810579657599495,-0.05192651374239181,0.08092345170941721,0.023857025700095062,0.4423560669011176,-0.14424201249531046,0.0
1.4532700675679013,1.6296892512899919,0.6855791642487918,0.9605484512777941,1.1415816453981908,-1.0234242590183324,-0.858885966073391,0.12703365989437151,-0.28727882738201,-0.08202721646534729,-0.10308379013156532,-0.047629571484638616,-0.13231641074398234,0.5666066670778123,-0.16992100038518684,0.0
1.4871578972216202,1.5549755425772371,0.770766777856976,1.0751717167154435,1.0822663692366359,-0.9669624167031708,-0.9189700870200904,0.13051972905100456,-0.300121527752417,-0.05556697763608567,0.05684120481513949,-0.06813051433696422,-0.29488754458395783,0.43122639863578144,-0.08340337411834635,0.0
1.4978392386894712,1.5918685498491107,0.7303022834862951,0.9586396054919505,1.1236179967424287,-1.073482339435575,-0.8715430053920045,0.18269965769983262,-0.2558362350377612,-0.07178062549237138,0.08031253531478108,0.13216514008918628,-0.3121941907948003,0.2470275343330402,0.11442157408366738,0.0
1.5021407083237652,1.5817716031465672,0.8006868246396118,1.0098001628857665,1.1363312632694138,-0.9937616650408517,-0.8541545861439582,0.15528232017078486,-0.3128678746031976,-0.09921454412373264,0.17370815237065357,-0.11797342307970068,-0.4038042285599932,0.3068846886121437,0.1369961106912574,0.0
1.3974597279669403,1.6642154123176334,0.8112917568265234,1.0348013974725827,1.2041116165666943,-0.912958424944409,-0.7740445083692123,0.005000904551038118,-0.26427351533711196,-0.06402766802179895,0.2740111875220389,-0.21030346702627892,-0.3221789393359507,0.33510643853393296,0.1415892461649565,0.0
1.4836254533432565,1.6645865420002977,0.7956104922481888,0.9801672336628965,1.2069327134500036,-0.9938330493362735,-0.8273923373464828,0.0366254177749938,-0.3745482592025617,-0.15701252947565075,0.1901555727334019,-0.09106162657585475,-0.4413363979886117,0.3430938733525747,0.2482331932307757,0.0
1.5128191306242746,1.6577863613997599,0.8193316310682228,0.9206818779409214,1.2058681945566452,-1.0208608920843028,-0.9036697500813687,0.04160566874132022,-0.3649888402892822,0.014177410344527526,-0.0010692518745773205,-0.02944296758474884,-0.3211830398237536,0.2722854356009907,0.29029440692758585,0.0
1.4186170519822432,1.6299717571846768,0.8642789522966835,0.995760649646946,1.1340496118788757,-0.9242235225009724,-0.8207187033876828,0.030865650125165435,-0.4785986866039914,-0.07674892040774065,-0.07259975124554921,-0.15587570775798398,-0.37440988895248867,0.25245198570902383,0.3464110580344414,0.0
1.546276643422737,1.65457424996049,0.8001371118690824,0.9404144494614879,1.1356938743613008,-0.9052205712110677,-0.8064900401561089,0.0820569375765286,-0.5159128579527414,-0.02556346480777723,-0.08747148444891525,0.04811399948372756,-0.2923690341485218,0.14434800569630693,0.3942542175919799,0.0
1.4426557543722673,1.5877012697201112,0.7537060288069741,1.0476989335898919,1.1589659651649449,-0.9110193070560093,-0.7992119261069819,0.05052849587950351,-0.3947375272246832,0.06644997696350535,-0.2539841516724775,-0.09607754313349623,-0.23117865656109698,0.07067435036604389,0.42282661240252717,0.0
1.4368761650755681,1.664891108942843,0.7606952992080759,0.94745688845049,1.1385275985491952,-0.9071114028668533,-0.7465449065952622,0.033402083261516544,-0.43861503252393297,-0.02104615956280522,-0.19990871178629077,-0.10377542405492987,-0.1807611534701726,0.05597635986161212,0.33689020406076,0.0
1.5526686765537088,1.7273715269330676,0.8621215952494485,1.0300729183670447,1.2012535269380922,-0.9500657440152555,-0.6994321737082079,0.02687822824575246,-0.5283227954942326,-0.03356680741349831,-0.0200135831102133,-0.07569877932341854,-0.20332261605151689,-0.018818351401926912,0.4129160605215156,0.0
1.499597201512697,1.6494672876154342,0.7490348880140105,0.9487677550731953,1.141938192122791,-0.9260036006828272,-0.7800085179107682,0.04218367016345221,-0.39849189411185576,0.03700353121338694,-0.051269182511990315,-0.20141388184318032,-0.2863699652320766,-0.040353976785832434,0.3852168645626707,0.0
1.4861766033822115,1.6039092464327087,0.858253641268904,0.9846225255036561,1.1756017286455964,-0.9834545481150959,-0.7283739554725706,0.10234767525611517,-0.49710308032010325,-0.0006601905087707388,-0.03166510099184528,-0.1111427952978854,-0.31822417554042925,-0.15033665184191566,0.43873293412989295,0.0
1.5085851645468702,1.6664488258017294,0.8081392166823016,0.9172384652942113,1.105660838380524,-0.991422621032313,-0.765892650066917,0.046485175101971796,-0.5232912091205797,0.04003909523252217,-0.17014561177172766,0.013393226872604289,-0.3108261843137935,-0.0990333642008211,0.3074065384469176,0.0
1.4495757185055496,1.6386609012673008,0.8082336277184725,0.9591242377464031,1.155754741465921,-0.9648940601502203,-0.8046515576116154,-0.03663948755195029,-0.5743313440175233,-0.06411639291206786,-0.07930368277928626,-0.020160332294622656,-0.10576768770773365,-0.03276728787043183,0.1343561119315991,0.0
1.482648760089568,1.684133917843373,0.8605147283725784,0.9846941670264657,1.1428909982336073,-0.9754343794412198,-0.7303656409541783,-0.03442398530238518,-0.5052924324670829,0.02016011445264676,0.07189296258659209,-0.13087803490246205,-0.18955647305926096,-0.05798557914745098,0.07418773356287194,0.0
1.4552432314924884,1.7671988150301097,0.8100555617292429,1.052944565058229,1.2173471268898064,-0.8336045930328123,-0.7491623524277644,0.012687559307045383,-0.5254704646397299,0.14379587178146697,0.07561474699275325,-0.16829637870139813,-0.06410200343673673,0.03678743957917613,-0.04388821075224891,0.0
1.535942827679821,1.632625462338968,0.883295949440512,1.0150813044136773,1.1973437694351647,-0.849994877757449,-0.7710767914944251,-0.03283030435349045,-0.5522474184007692,0.1435546303711711,-0.06018037150264552,-0.11545293578903593,-0.14862387280070827,0.02421792938892344,-0.05597347435711337,0.0
1.503247758308831,1.6688155005651613,0.8617526228459802,0.8941223492579262,1.0898886284956921,-0.8334219875104772,-0.6889695650431444,-0.05532802952238838,-0.5390587807221667,0.014975147096989633,-0.07864844249390004,0.109823145861928,-0.028590614340287437,-0.1247917932365176,-0.0930902963534943,0.0
1.4653492531481223,1.6165730780385144,0.9513243113132722,0.950215892996395,1.1189635638457842,-0.9507142802589746,-0.8263451930655135,-0.04412589816085912,-0.48991253116144035,0.14309668075297421,-0.022545079100868635,-0.023352099632227175,0.0017523102488576393,-0.14511270074939409,-0.15396426903296256,0.0
1.524310920627845,1.6770632695876222,0.8030207230386993,1.0696993691698709,1.1713522055232017,-0.8156839740564039,-0.614417312994274,-0.02600381628329669,-0.5347863506234096,0.0277965839236827,-0.007107742382009005,-0.0877211838388219,-0.06113755222890509,-0.08084707380449027,-0.03905032855152761,0.0
1.583992156195903,1.754857482909593,0.8497093409073649,1.0121923226983032,1.2042361704900593,-0.8792739229333553,-0.7260071940755018,0.02323400304084563,-0.6381952423615105,0.062047442305579285,-0.0958974244828776,-0.033520181033324076,-0.0711701742368494,0.10593543815042963,-0.13290683809994483,0.0
1.5945306710441565,1.6974335052563385,0.8424340597982897,0.9476234625034201,1.201729094475192,-0.8621763205631189,-0.7374615011890004,-0.12298373244783341,-0.6559711797536467,0.06567197098895852,-0.08572071479846707,-0.12271217321581888,-0.1487574117531687,0.13110426236122677,-0.11276613099070922,0.0
1.499417166519261,1.6900015591983348,0.7994283177204627,0.9559461447936418,1.1839707284864724,-0.9585789275986197,-0.6469552022792703,-0.004234183916347306,-0.6668826727595368,0.09331826679257706,-0.025811057978831518,-0.05505618174229057,-0.057878309785579965,0.07109788718421049,-0.14271159307464518,0.0
1.4161978854172794,1.801412308360704,0.9371836878587206,0.9725242157915729,1.2026562009130841,-0.8449028846839339,-0.6557984750275948,-0.016568529062623766,-0.612391254456946,0.09596261284009859,0.12964746794442467,-0.07118644050037307,0.0644170261507323,0.062465598766648325,-0.19960903904857857,0.0
1.5958891893257512,1.6999522939136604,0.8509455736980318,0.9882930225371632,1.2504014691638254,-0.9252101789536452,-0.7021992245037216,-0.12112035283270008,-0.600148327348924,0.11936113865701053,0.052169141622427875,-0.08973674231621434,-0.0490731595664348,-0.002660901506664967,-0.34047500099983485,0.0
1.5476053311228748,1.7285592445532683,0.8372725808432974,0.8594002841744476,1.2047855509771683,-0.9480552031383017,-0.7008400439488705,-0.05330494901032557,-0.6753059985597377,0.19438485238122963,0.07843077454995148,0.0440863889771972,-0.14104455228702192,0.09481545672664608,-0.2520179631307817,0.0
1.5091961397713651,1.7834955128057648,0.7909004885229504,0.9793490759828805,1.1569191677224155,-0.9063226675558799,-0.6677144774804288,-0.08599479460139581,-0.6556562688833538,0.06388186750294882,-0.04307794117953869,0.3135717294995284,-0.2049398711366601,0.023619918068974656,-0.035428030064589916,0.0
1.5171109161892165,1.6218164057906577,0.9085024245199386,1.0446071815563776,1.1475141480316822,-0.860010832559043,-0.7445488397949639,-0.145569171275776,-0.5738339811591515,0.2292025549982335,-0.05320545163737196,-0.028664636898160706,-0.13726135161676212,0.002161273509550074,-0.08079997108990174,0.0
1.5148951680499068,1.7312298817903453,0.7671020476712189,1.0158603747801216,1.1022168296332173,-0.9452417711942324,-0.6822124025921145,-0.0883582734276476,-0.6003579653918758,0.19054561439180262,-0.09581653418520966,-0.12399207668033507,-0.06689593596231351,-0.02179284958509767,-0.10482810643342078,0.0
1.5274607425163298,1.673785392645267,0.8055399690624857,1.0329557470303778,1.127106515690014,-0.8742301738254095,-0.6215505218816718,-0.1790109458736096,-0.6676235003311891,0.09811894163227622,-0.18748126568650433,7.630486106673107e-05,-0.08307016952430994,-0.061982218515176324,-0.0657792313616268,0.0
1.612596023025029,1.6672906981168438,0.8722836511804231,0.9518876996977852,1.1821360555677904,-0.8193601704502753,-0.5608709720635427,-0.24769170765620252,-0.7172959622530523,0.17284868529562772,-0.20514794748244924,-0.03814470019372657,0.023126643891221044,0.01985850157174561,-0.1462718276662207,0.0
1.5177815146162552,1.7093400606525886,0.845705823706138,0.9711463857963829,1.189636212686002,-0.7989947303077167,-0.5797891786060293,-0.12450028635939162,-0.6854733962790008,0.27828193107042315,-0.04832706266873357,-0.18073304616683936,0.06152125033594601,-0.02785640276367887,-0.14177517010422244,0.0
1.4756233183719596,1.5790115327108063,0.872199978176462,1.013121697701782,1.2965829204563475,-0.7871581486418953,-0.6411684635406797,-0.17121823906270278,-0.7883394287020508,0.17646593366785282,0.007324896126906958,-0.04083482865913797,-0.041395047216038476,-0.1118577507207259,-0.06787891437455473,0.0
1.5380059631501364,1.710833017003299,0.8169599723041698,1.0949575488099714,1.1155844032357214,-0.810315820401365,-0.6348600772497396,-0.18193426970661722,-0.7559049788458587,0.21168195441662296,-0.0724357287362162,-0.11564780177551054,0.1865713114539148,0.06842756910734793,0.04674655160124336,0.0
1.538717095987432,1.730736091502174,0.8615543501284897,1.1131468688628694,1.2246729668330676,-0.8144494497742764,-0.5768674228231974,-0.19367990184510256,-0.7216303087027085,0.1857595710289539,-0.045058789400089054,0.12408715639703727,0.09648372479783275,0.18633535524426753,0.012221724440216141,0.0
1.4773531526483008,1.6756534024277383,0.9040318122692176,1.095348833232846,1.2075252899786613,-0.7724404929684598,-0.6068812414700058,-0.23042056486280896,-0.7512793963732616,0.26725474004040783,0.03385537082922155,-0.0932575777444007,0.08190904399459321,0.35378230835441205,-0.1252967224608548,0.0
1.5151160840484807,1.6472661228561105,0.8958094289943495,1.1632325209271717,1.2512000379143928,-0.9363478082075428,-0.4982811553568512,-0.14756162871241962,-0.7091814575736566,0.19896679762416855,0.017456264865666295,0.2494026885658389,0.1539085936749209,0.311779661214099,0.10029146614622741,0.0
1.48800904919227,1.7251022255804467,0.8442179555797743,1.0457126273840216,1.227935304183754,-0.7822543173863709,-0.5447932358408569,-0.2572728371419977,-0.7199378800071092,0.229403596938983,0.059387151392163086,0.21605672029282594,0.05482985057195064,0.43118985648330377,-0.00907230870232846,0.0
1.5924215574309404,1.7376308821880015,0.9132861765203826,1.0018143624834495,1.2127747462374125,-0.7948364784603906,-0.6058525211294616,-0.2807628276614174,-0.6893614439116345,0.18012282644511635,0.159009640388112,0.044432651401250314,-0.01996451686389753,0.5591728531470321,-0.08540545579834881,0.0
1.536410121955057,1.6945892865383507,0.8705858600901035,1.1338143072208107,1.280107320236472,-0.8037335763713817,-0.5446014557681127,-0.22633453265230186,-0.7016197384373872,0.2494905467950947,0.09397996159190379,0.07959055064479936,-0.017328014909956165,0.2133786275834506,-0.0833864229411827,0.0
1.594867420022874,1.6708629480552815,0.8210976859583956,1.1104145296648456,1.2144242030729806,-0.7706323815155859,-0.5650046584947851,-0.3130246132671822,-0.7819755574668011,0.4496718348809164,0.16415570724690814,-0.010610441999505386,-0.10693515780146319,0.1555124764088146,-0.05533314383740143,0.0
1.554176111484063,1.685823278282368,0.8617566161226511,1.0018350470182615,1.171973095170392,-0.7500474956634026,-0.5640237434919443,-0.3368196405513708,-0.7636972291247704,0.30880908796575884,0.09706381466220128,-0.06292931119420671,-0.07903731338977256,0.1772134856197893,-0.035083393330281695,0.0
1.4989897660721665,1.7276864502367562,0.8301857346177652,0.9899040356368614,1.19607913944304,-0.7144075771441506,-0.4649510895665001,-0.379261865522278,-0.8398009852408994,0.37964347582591884,0.05888827193287644,0.058720765981821056,-0.010879505258969496,0.17258791292188902,-0.029128654212319856,0.0
1.5924434984982114,1.7138302008891952,0.8523925712094496,0.9359939666812569,1.2668547862262243,-0.7733122454921137,-0.47078827883710983,-0.32573760274637054,-0.8065548110723648,0.21839696021726196,0.09950622355782152,-0.03218957550818373,-0.08755471890698233,0.16455886380193704,-0.09471381649743124,0.0
1.4600137098354007,1.7287970232834715,0.8923903314094361,1.024145219095488,1.170135635910726,-0.7936832048322107,-0.5211141021463852,-0.35117697162005834,-0.8530459199076408,0.2691086123280923,0.02419935040638732,-0.08580202095173697,-0.08324032765776306,0.11067662717297935,-0.2154737641115087,0.0
1.5502350584455824,1.7381442471371515,0.8571862813334484,1.0561370274348987,1.1990780712160252,-0.6854754375331181,-0.42941047818548495,-0.28634059458734984,-0.8588578304467698,0.2899582811205269,-0.06300117593978735,-0.21978498086303688,-0.03968292095118686,0.09538359456104661,-0.14303580848399267,0.0
1.55977375363163,1.6593590507752363,0.9010341556158147,0.9842752472274899,1.1977726085322835,-0.7173318248520404,-0.4423821970521475,-0.3802612858914911,-0.814589110373841,0.35677144947582984,-0.09066884359604285,-0.2444236895499424,-0.23824436527381282,0.20394575420033062,-0.10424757008397753,0.0
1.5494472618801962,1.6786316597505786,0.8193098294497085,1.0544148584658348,1.2362158665595564,-0.7734885115699277,-0.425622432416392,-0.32327918853086707,-0.7629133373254596,0.33981957727628054,0.12563981465465107,-0.20002512536585,-0.3289972122131403,0.284751261301324,-0.13811581072608758,0.0
1.4783445524926169,1.6653615395208914,0.9193420693520897,1.1129197475446384,1.2441651844705008,-0.8065159246499854,-0.5042424758016226,-0.2535364444185454,-0.8223631689175387,0.3232004175186374,-0.04089167099658059,-0.08714515306365907,-0.28297197931320867,0.277399345609266,-0.20573396074365125,0.0
1.4889183425475412,1.704320731263423,0.8705530033298794,1.0846819464218407,1.2097543209764525,-0.6595548472554121,-0.40995371509781703,-0.3825999179964038,-0.8527163198980799,0.30063191220635616,0.12085301653406283,-0.08573745785343914,-0.12642281514150616,0.23729328220237705,-0.15952023016578587,0.0
1.5515823305878969,1.76610945962962,0.8571980211030672,1.1031515471897624,1.322864057640372,-0.7570679372050346,-0.3890967314580825,-0.349643740404744,-0.9441677503672969,0.3553680914556137,0.10557839389033619,-0.06378795518515426,-0.10061287556849736,0.3276985948641471,0.02850717923374002,0.0
1.5196491417766975,1.7748565372749003,0.927380305741809,1.0449371838962158,1.2037179427272628,-0.6996261510850882,-0.4021825540215936,-0.3187963406260997,-0.8413908444336716,0.30754556655367926,-0.18846301840074278,-0.11122320599910866,-0.046856120851439566,0.29539519213121973,0.01706801167736035,0.0
1.59237016634325,1.7562364570447895,0.871142545299103,1.0670807324464775,1.2582992380533815,-0.6549778032766093,-0.455674232274356,-0.3369306247134366,-0.7844926876641256,0.37642934676465545,-0.13578983465062758,0.18901376236656725,0.03912600095097167,0.19667683979689904,0.17601454443443376,0.0
1.5567083576712393,1.7878400885736832,0.769682826037119,1.0670653429725045,1.2725097038034563,-0.6360961394380323,-0.3924915808495787,-0.3873943822516947,-0.8771994503072386,0.42701483720286165,-0.04420983883089201,0.12508426598260458,0.14380179801252294,0.1957553167496745,0.0058321602933631145,0.0
1.5781744481573614,1.8709957471935732,0.8316942047593542,1.1164148154052254,1.2748774095332835,-0.7225754386031129,-0.3561213155537449,-0.34456349015478727,-0.8071920451547185,0.3553673235274314,0.03734018822307144,-0.10163492114929332,0.2477257873151072,0.0538341104331619,-0.18327354011231997,0.0
1.6372337661750185,1.7513113812244132,0.9263807147280932,1.1663464702481483,1.2489986585405473,-0.7059162929510049,-0.35649862187151626,-0.41301346869303385,-0.9181475581590475,0.42888431669498167,-0.06507548496335538,0.024458571750297503,0.27204112156584104,-0.031271761953980584,-0.19272575966950872,0.0
1.5251552364853331,1.7738923227905334,0.9039953543236019,1.0434107513724677,1.2451762998001012,-0.6773465527519225,-0.35048318095862946,-0.3589087220755807,-0.8684849210954039,0.3006540995028235,-0.15578340332650734,-0.03449333210464593,0.2533201620005948,-0.09502062967225205,-0.08990394395055828,0.0
1.5685611905906398,1.7217338543628224,0.8655329179092115,1.0990089739137214,1.1822747540414777,-0.6360552203949973,-0.3587813251041736,-0.3159889594409697,-0.9032899838882004,0.4550368018509342,-0.10531840652046011,-0.16620768337585487,0.13277071517877453,-0.16123052132389598,-0.036618701734695135,0.0
1.586225730837699,1.694948250767762,0.9222817561387516,1.1142278246225243,1.2176461629155704,-0.6591032284787558,-0.3348826548770085,-0.4193587737454977,-0.9134964618937016,0.41454605727842764,-0.15655090980541586,-0.2585732472193526,-0.06138099739887225,-0.15029512621345043,-0.15196765132338033,0.0
1.559039917486781,1.7891688606647258,0.9699323936892916,1.1700925804907496,1.1999367154606955,-0.6968870074360938,-0.3686758033839783,-0.40672673207106014,-0.9084719025305039,0.4343831110806783,-0.07646502235670503,-0.14518741324960477,-0.0443566343317266,-0.2797996212310692,-0.22632702323984744,0.0
1.542272145837116,1.754642782833228,0.9791013465735564,1.1036909463745488,1.252416484717133,-0.6157073431569456,-0.3464854512745433,-0.38976591851959513,-0.9178843964472573,0.47363669747626497,0.09436980062378365,-0.1765883802867727,-0.13314561471298675,-0.1649980730857215,0.006607375396283144,0.0
1.5255067150059145,1.81662305493498,0.913755673769754,1.11619953812409,1.208150785507522,-0.5707970731608591,-0.29184848495421584,-0.4653527078428944,-0.9631672018947487,0.3878347031628084,-0.05486690596068661,-0.20321496127039412,-0.0336211839952177,-0.07945330255897984,0.020187735556256303,0.0
1.5663416886616415,1.7687000961504262,0.900708871803776,1.199424095045173,1.22645238769943,-0.6360512927040687,-0.3255184338263427,-0.4267796247707397,-0.9805336920491067,0.4994564833397965,0.037880681477407675,-0.2366231510526519,-0.03262239099890607,-0.06510028989361166,-0.03166988601638307,0.0
1.575887180338887,1.7551312199680027,0.8280784876861419,1.1185280586166653,1.284196626684457,-0.5693416125321348,-0.3397839320363951,-0.4322070615007063,-0.9177708850862706,0.4955120851962323,0.03981840825672324,-0.3116317932143242,-0.17926416698936176,0.03166098546494764,0.13062509459009927,0.0
1.6117664468124044,1.737336307385017,0.8831441193235673,1.0859088020471943,1.1325113075356397,-0.592315867839317,-0.3404625362488156,-0.4776924635560556,-0.7828201987093621,0.444494987211938,0.08366637626539884,-0.26698276453238245,0.07998217472551264,-0.03578494179753028,0.02933397961916409,0.0
1.6230701128272405,1.7758437309457002,0.9757228964033057,1.022635358368366,1.2602119928487443,-0.5632832882605766,-0.2720171509427078,-0.4874927958580915,-0.9375559736907202,0.448904265126541,0.08117838131195645,-0.09154357917844363,0.12526279222122838,0.08485256211520587,-0.09221045432736127,0.0
1.6526241989239465,1.7701369600598704,0.9275282669664308,1.0667986417816198,1.2748933329253982,-0.4006231741865095,-0.22676636896535732,-0.5637855121320843,-0.9909855606099955,0.5570241205486339,0.14038928833302422,0.007967097448475326,0.08743757181935728,0.10065382209932933,-0.13374821285075789,0.0
1.5780603482168216,1.8492406819344387,0.9598773102934464,1.1404178703065133,1.2532017056756584,-0.5829842394679415,-0.2902755245068734,-0.49673922272699406,-0.9628874812644708,0.5180712240126397,0.2529267176247732,-0.048691526687116474,0.005805595446746165,-0.046856907180204785,-0.04430309755244456,0.0
1.6000955609215668,1.7666121749202424,0.8949762569874629,1.0778023633410325,1.2729706563854066,-0.6470758992784712,-0.2060756126011616,-0.6222659706183182,-0.8429537105961935,0.4261886289829105,0.04913465660628802,-0.17234507918546582,0.1572780668569026,-0.012640616578410077,-0.07768741494080504,0.0
1.5440128143559544,1.8241676484771354,0.9337385839166155,1.1161212222531063,1.2999563197789619,-0.4583098669172478,-0.14675793879183904,-0.594886901060063,-1.0006046150301862,0.5613741019908179,0.09287385248579762,-0.18073918557963062,0.22055590186200424,-0.04725307956645137,0.13008035473642882,0.0
1.625572169475925,1.7777284243165632,0.9290054861791093,1.1277316033854585,1.2518551738093298,-0.6121930081403381,-0.2087696163301186,-0.5449042485433375,-0.985804168117423,0.4526944091542589,-0.012348763018447714,-0.14973245771484509,0.2033894783406048,-0.038855376611117834,0.06826783127576484,0.0
1.6848894344475784,1.785894031270291,0.8158978401329124,1.187411407433996,1.2611525885980406,-0.5498526319625413,-0.3251346353370068,-0.6309606638522991,-0.9936333922108281,0.5239509581316515,-0.038591366129831495,-0.1188583192450272,0.344689453624186,-0.03704328270580272,0.35691305409761864,0.0
1.5544205322644267,1.896181174147994,0.8470517579594525,1.1239194263467536,1.2831036078752576,-0.5887498035128436,-0.08209141680004936,-0.5209942190151121,-0.996060724379554,0.4911489352453995,0.022292161139925933,-0.17564582735217135,0.20591897212768773,-0.1714015333596182,0.19200543515249613,0.0
1.62016777072102,1.8429563526564963,0.9498177007701576,1.0870529685189954,1.2961051850865437,-0.544238231778901,-0.1522514715470408,-0.5635497519588476,-1.027158152837117,0.4521453397834795,0.053509144883606176,-0.2796390389921238,0.3101691090204791,-0.3042360007743753,-0.027171514605623837,0.0
1.6279216109435684,1.8436463929479991,1.0080015744620883,1.0920127355459448,1.2975910944793427,-0.4651186581501093,-0.19289212159090682,-0.5095893991659224,-1.0525056947161406,0.5492509008278694,-0.05434752381250103,-0.15545345255476417,0.42808607972910506,-0.3988628805052644,0.11854633938924775,0.0
1.587965161916847,1.8276909016497993,0.8590107629153924,1.1205021550897223,1.3997362547859986,-0.5647874962882188,-0.22269935277084316,-0.5745761506777652,-0.9746418112980012,0.5261812133725878,-0.12812425080664935,-0.06905942212429583,0.3060458169111835,-0.3142624067358603,0.0581198475843703,0.0
1.535862141798479,1.8102221062217225,0.9315324236636587,1.165079797563511,1.3288644244856898,-0.568517053987707,-0.06919718507698508,-0.5601180987276225,-0.8991943376992477,0.5583967440979383,0.1457228536701594,0.08391083505607878,0.24447863497960115,-0.3491503344449244,0.08827437166562284,0.0
1.6911509110750023,1.8010690550363926,0.9394502045550046,1.1983282958425077,1.3477336508684894,-0.5107843879034333,-0.1672379509336853,-0.5334757591427264,-1.0565897040347685,0.535563546324455,0.1755673581703956,0.12085953724932791,0.18311880291544588,-0.31387793882800064,0.10701960993470411,0.0
1.564014386145592,1.8189796114664643,0.9035235193688521,1.1631698385719695,1.334899982934866,-0.47554984836764935,-0.08675196752091222,-0.5805803268999976,-0.936802637022943,0.5854310342665245,0.3057804614015317,0.14596184619279,0.28202677266322185,-0.1436423489786212,0.2538232608484824,0.0
1.6963088096294558,1.836556438433521,0.9345730038970944,1.2081084505356436,1.3587839907150514,-0.5114070650898841,-0.01928325642829222,-0.6044338787371198,-1.0266874614630783,0.6098327679287424,0.16228021639966403,0.10762874938501152,0.14318007343118488,-0.17135436723214845,0.14593864816956587,0.0
1.6024379859263247,1.8282603502639692,1.0423673519141086,1.1334147199167146,1.2960726443313866,-0.4615560004985222,-0.02820244125421159,-0.5604848243849541,-1.0148686059754966,0.6150472417221247,0.0049412896222824215,0.02224448208255065,0.10604343333887803,-0.08278137899189898,0.10483963286617284,0.0
1.6151965618232316,1.844030405153761,0.9085695414730809,1.1571331379048773,1.2838366079830839,-0.5218764945059892,-0.07057010195286169,-0.6432333008580928,-0.9059315565702075,0.6301095052649586,-0.0046495775124263524,0.10312649140682142,0.01152547921866745,-0.05414926301682678,0.05495315929791315,0.0
1.665794935440797,1.861218617508325,0.8864709007224792,1.1508239615849327,1.2568212837713126,-0.47796340943497173,-0.024238407741445457,-0.6795894448720923,-0.993550584216807,0.614167227560694,0.035894329490314444,0.005513311210772989,0.07351287401098426,-0.010186693301084057,-0.003393855762144342,0.0
1.7486380853971242,1.861998474444873,0.8336624003625315,1.300112169021277,1.30358725765779,-0.43021705601858456,0.0001400359070549695,-0.6568729612687491,-0.9397154616750092,0.5662177368777308,-0.06200600319525423,-0.0517816419560574,-0.07712796537412059,0.12526158243270435,-0.15913884366763217,0.0
1.5666862420889487,1.8117837324738928,0.9124980841904966,1.1494932953313122,1.3264592658874965,-0.4185003613078546,-0.0267374930818468,-0.685618116111674,-0.9443561575553265,0.7330015876870482,0.07472288469649152,-0.06274110242903269,-0.1131459216503816,0.0180052292312846,-0.1311750881574163,0.0
1.523399266152838,1.916507937792373,0.9883421284184633,1.1044676101593116,1.2966711022236705,-0.35983123077273554,-0.07846629052327173,-0.6539189520146862,-1.0413655510575581,0.6505897672118719,0.12329013346552639,0.14331901186052995,-0.09448376251607589,0.22160610313592133,-0.19650146933800183,0.0
1.6070218749316632,1.8373117021123437,0.9872254802091548,1.1617322213045636,1.2639054206285927,-0.4040416633363134,0.028254280042560653,-0.7773357831878107,-0.9941081590723005,0.6280675625570207,0.01660957326033978,0.19491922962603617,-0.09396048907477857,0.02030070085598723,-0.11765459005037684,0.0
1.6246275125800584,1.8840132932887035,0.9709271243827391,1.2181700041675823,1.2859315946831984,-0.42205620524342224,-0.005135523192021581,-0.6607324308207716,-0.9947139104403526,0.6115294678626071,-0.05611562269066629,0.23141889421172018,-0.18513875843385652,0.12114140577504162,-0.22564299987007513,0.0
1.5768228777056716,1.9172972466602443,0.9441405395148476,1.0338939424930091,1.338612144653402,-0.43801392742067585,0.15837804038176184,-0.7379952414528913,-1.09060017257394,0.6415865159415002,0.007554958494613996,-0.05349896447125341,-0.1446055959067224,0.030694623701834386,-0.23906517417218492,0.0
1.6072501274582927,1.8815266969285964,0.9453049703268727,1.143640548135841,1.1797436357413718,-0.3582739229244028,0.05530450097967456,-0.7405394455086161,-1.0414194019650942,0.567345381707606,-0.12229032811019225,0.11439694034923142,-0.17884101629940283,0.2081075915049823,-0.27630146889392604,0.0
1.651589688393458,1.8697770609444766,1.0401960495639018,1.1679703539258552,1.3110032160900753,-0.2937708802736809,0.06365941446905435,-0.6715675497170587,-0.9488408164163102,0.683876494720634,-0.08727216375894188,0.06300591719099394,-0.2633394202065754,0.17005000084496902,-0.24620308798859264,0.0
1.6505361059417216,1.8109280114272508,1.0053688206179834,1.1683914015694399,1.4241345634372058,-0.3182239137845433,0.09643123322899035,-0.8298948371570972,-1.1180093489395566,0.7039655471284432,0.02237627847211849,-0.05945218882124691,-0.14655375937383383,0.04970872281322669,-0.26355338534564576,0.0
1.6759059756198347,1.8359230256050991,0.9567665659112223,1.1474355970282437,1.342566036437927,-0.31182663406702216,0.08956233093347898,-0.6626636451215118,-0.9881995081380085,0.6266550267567582,-0.08047848485439185,-0.10774573158914424,0.03560821736061659,0.030465123983287018,-0.19395033228751912,0.0
1.589179028481341,1.8223979178029743,1.0078360252267344,1.1011875779209088,1.2637002843681326,-0.31287686070326093,0.05379684299958758,-0.787777991682012,-1.0667584943478854,0.7003362894080627,-0.3809730015932623,0.06976665837742325,-0.09676866517254887,0.046292516439283185,-0.32952645255831425,0.0
1.6194456138160431,1.8388344856725467,0.9643687300392514,1.1205476193758819,1.3737196845519053,-0.3197024323479809,0.025234956664113684,-0.7458005755360082,-1.0996602619685723,0.6946978202118231,-0.21242650042763228,-0.04381072656010496,-0.14252668016787495,-0.05819499510996956,-0.31673057671056254,0.0
1.723540008195829,1.8836014572489586,0.992737071206764,1.1389029682492182,1.3161199196868585,-0.28603938390810063,0.11169379591426266,-0.8017475842266646,-0.9644977171194571,0.7064939311994913,-0.1446211085993884,-0.09787979867027377,0.1053320794704487,-0.2969995747256549,-0.33895261794018466,0.0
1.7198027067788544,1.890944818344511,0.9766440203062503,1.1414833654708614,1.4253867552250303,-0.3286647611728096,0.17848709964945192,-0.6622943341671554,-0.8803467626609556,0.6353155238278907,-0.05802290487611359,-0.05293955330460209,0.12751042339053614,-0.24849938786481232,-0.4169436836203193,0.0
1.6639854943353138,1.7927232495865262,0.9575367236517998,1.177189634406066,1.3802837400951633,-0.343824688429898,0.17862864595783667,-0.732236199179349,-1.066277640265271,0.6566674961434132,0.011010584901952496,-0.1444466636500745,-0.13549856043371267,-0.18559133936675906,-0.12219422919796716,0.0
1.7149466495145198,1.8295025952712398,1.0286663350697953,1.1538774458255041,1.3704247219960302,-0.35388991772259776,0.23415111007672101,-0.6813002716487253,-1.0654640335610461,0.7632301775372551,-0.08332282977422834,-0.216071875945372,0.05075997395764972,-0.26553296604902055,-0.10364338015675678,0.0
1.6225254231810697,1.852470697981418,1.0273444553135211,1.2262709862624084,1.421998307040738,-0.1941536626212798,0.18696492140915366,-0.7746081480096552,-1.0487003759088653,0.7220551897570939,-0.14542995306569043,-0.11550055896370363,0.011418002651999548,-0.2578724955290862,-0.02385613937770069,0.0
1.62175663785325,1.8866265745849164,1.0566357394920283,1.1388679072138321,1.3604970868977682,-0.3001452298629759,0.1250504839462541,-0.778421572456107,-0.8294831221821684,0.708700120461044,0.01675038408289725,-0.06712443549790743,0.01772510738814735,-0.18113542191829912,-0.10152992760193076,0.0
1.6558131253925392,1.8132085105609435,0.9830617246598741,1.2957560982771084,1.355583965527984,-0.20237094306813216,0.19303043830055533,-0.7338667743610902,-1.0175391327877015,0.7118739531290152,0.0744920945510356,-0.14863447830862406,0.010181627425580798,-0.2950907203263773,-0.09224465645118517,0.0
1.6782187371022703,1.8769905587970956,1.0831867385319336,1.2003934473799698,1.3431948043985933,-0.18516630959693375,0.16792781889864977,-0.6547973238193556,-1.0367674798802153,0.6550077691229654,0.032071531247540454,0.129363400171525,-0.06214891518809718,-0.2736044025909991,0.002573197195264873,0.0
1.593976633632393,1.8530481571057704,1.0318542771886883,1.124984876550722,1.3199278988929073,-0.29983879789289614,0.24523144392644874,-0.7975909103744253,-1.0673911346013336,0.6577602931039612,0.08138911847111788,0.23189668218420806,-0.09004361135751315,-0.2909439262438026,-0.1561557948783225,0.0
1.6603215209039992,1.8969741774840647,1.0267287574495367,1.208173509970691,1.3980954316537353,-0.2087889100337167,0.19274708454322365,-0.736461096820709,-0.982955362635651,0.7081301776587154,0.08069370682761692,0.20097790206915245,-0.20946489964268306,-0.13507783263991838,-0.2562386687352374,0.0
1.6633693172704935,1.8448173962850414,0.9359997750002426,1.1727085181433938,1.3772628835263245,-0.2708575942380017,0.123560793486086,-0.7303592304764669,-1.0174632085088997,0.7577459204116674,-0.07180807291145638,0.21931064318895865,-0.12453113759436092,-0.15975763340865273,-0.3726784215315846,0.0
1.5394987898502235,1.923867780841293,0.9523004180978946,1.1459993489554108,1.4204407431696349,-0.14703152272004075,0.2183040565026248,-0.7596547882201686,-0.9912544639236295,0.7366993441162208,-0.1148167558761905,0.15412650963423988,-0.07924806935798455,-0.1939173783053739,-0.3745259798752214,0.0
1.6140848939237347,1.8899392644071493,0.9443989535103687,1.125006445599946,1.3532895166676622,-0.11139620234329244,0.20645267651847962,-0.7973062287091003,-0.9939176490115426,0.7344140390138277,-0.07387549699556129,0.07128239486984747,-0.05831187858675931,-0.30036303321297675,-0.25853953237706045,0.0
1.6900904352737283,1.9176033643455608,0.9830611465750795,1.2990852311198242,1.3170244536422246,-0.2742724128427596,0.3888625460002716,-0.8487180895176694,-0.9891135572924655,0.6955244332542099,-0.04214682953662514,-0.05392567341726091,0.030207682991206707,-0.4961397023410992,-0.14315890964223213,0.0
1.6293121528584122,1.8031683040506787,0.990165169753063,1.2609607362222617,1.422961502753014,-0.13786587689854007,0.17146452253787087,-0.7837908470954728,-0.8932366682493739,0.7839047014394429,-0.1265131185106689,-0.09094789545008747,0.11456254673750199,-0.5957761558532488,-0.09649946677880326,0.0
1.6431355287272575,2.047126210614086,1.001882200518411,1.108371676302474,1.3295853439397598,-0.16619861790177018,0.3031421212058727,-0.874017699988155,-0.8952276028094881,0.7389657490844758,-0.07355091960699266,0.07242620783424718,0.05392419992594009,-0.62729188557876,-0.07928175243180156,0.0
1.7361665738471557,1.8334620268338822,0.9943831016435362,1.1400638537614658,1.3962142930277153,-0.14543320966777004,0.29992442153297433,-0.8683014286045212,-0.9746180935811818,0.7004555270112471,0.06760845712420716,-0.0037841195974509315,0.07030947342627945,-0.5825255127455098,0.02342375806491434,0.0
1.739809630794995,1.8828758755960737,1.0796152587046164,1.0660044464172813,1.3606834410699893,-0.1129013247711072,0.3302641828297467,-0.8775478500037794,-0.9736637234520226,0.805897555013833,0.017776486502773504,0.034615036524378785,0.11545971447153808,-0.6692201448745745,0.020422570667284107,0.0
1.6500696447455112,1.8583172144605926,0.9104308151845062,1.2687174164923316,1.46550490370666,-0.18967827061006684,0.33887805967279866,-0.7882034883165174,-0.8856386524637223,0.7987164910449621,0.19718494571254241,-0.036009519699703764,0.04888991227089848,-0.6274793802658277,-0.0015362183101892794,0.0
1.6464592838095207,1.8070914083836311,0.9976983903348765,1.237077170623111,1.338572954327096,-0.13124011181480433,0.2733585353222402,-0.8471413869479255,-0.9678566762241411,0.7931158680924115,0.20358681309963084,-0.09846969560968821,0.15084345735927712,-0.6482264775251675,-0.08163223321059246,0.0
1.6546268997803435,1.9313014218253,1.0033095582107616,1.184737300879009,1.2758782141778076,-0.10574345223672982,0.33778460878477773,-0.8146189908422479,-0.9594071220579786,0.7964856480822959,0.1510635285877244,-0.1598785694747368,0.018605955733338564,-0.6102898886513173,-0.04768483232199065,0.0
1.6362490334767352,1.9955328936571952,1.0242946450668524,1.222809784941603,1.4020069150499546,-0.10852812399592904,0.3347159759717286,-0.7826257454201702,-0.8900390026357323,0.8288390413662506,-0.050964076419783164,0.09775098936544689,0.014868943424453685,-0.5114661419360949,-0.14286085763582154,0.0
1.7229737982856768,2.0454080504941574,0.9606978263363964,1.1971200606575254,1.4830997727930424,-0.07359775424279393,0.24772388442363674,-0.7979234575188162,-0.9446153901659716,0.8164058099857252,-0.12314818938124475,-0.04749726860172756,0.13162777349902813,-0.46617185573779985,-0.30724292359143174,0.0
1.7552559263036376,1.9179674023827635,1.0638278304206727,1.1895779931749266,1.4567298340345878,-0.172064905805818,0.30246892004098797,-0.8611710701518844,-0.8805758969826294,0.8817113403646268,-0.18315230093900647,0.06628722450737824,0.11961073613238941,-0.40877525077782495,-0.12717400363324785,0.0
1.663176483034687,1.8444061184445069,1.0863782576628018,1.2395831925290197,1.3897403618963906,-0.04514835143457162,0.38735231876095133,-0.8294601534894939,-0.8426377200544029,0.8239071014889648,-0.17655240963035657,0.004525743456700905,0.20151486958247578,-0.2224194517360904,-0.08406027332212289,0.0
1.767685851928911,2.055220506452607,1.1526554117979408,1.2417194165385066,1.427511834941824,-0.10793335006062829,0.40189283481421195,-0.8816635016814834,-1.0059454705503335,0.7853422923478101,-0.18586045811237353,-0.05485205045623328,0.29723992070505423,-0.19917899666623534,-0.09236137951476155,0.0
1.7058657676169025,1.8692854286320493,1.0792162638209408,1.277078448038663,1.4402134873032961,0.022812455952886918,0.3419164312800458,-0.7532795806803012,-0.9267040883523799,0.7633613034187111,0.007760941931640272,-0.04051616231105869,0.2639008608202261,-0.1319061687866516,-0.13351372486012125,0.0
1.6760105418075875,1.910659030965406,1.0036644681032842,1.2367116661989133,1.4088004911194332,0.1491800946532699,0.41838649821109886,-0.9115616556938742,-1.0331200661206903,0.8006698914089484,0.027975556054772727,-0.0018130769192090217,0.21770732124347852,-0.16003493532832522,-0.11241170023140136,0.0
1.721149881422528,1.901768897751346,1.0262517697814981,1.3457545467397152,1.4689635947879764,-0.01512554125912793,0.34193022799441986,-0.9602071192829961,-0.9040303634174754,0.8637451685317409,-0.03232061940528415,-0.04883665238918618,0.0924306330047932,-0.3280045270002124,-0.29930090612019294,0.0
1.723807532381965,1.9482560283953108,1.047451920162726,1.1825596026048424,1.4670476590233494,0.011411243254731066,0.43117398021965025,-0.9474993063728958,-0.8789005844490567,0.7436446400814678,0.016203819945638537,-0.21637579079071104,-0.10403401955291075,-0.4388747459207042,-0.20125143579422697,0.0
1.636321257825114,1.9692972570452816,0.9303192795381204,1.2053200068409424,1.402832653127925,0.07872003708648978,0.5051538082825712,-0.7498169472633881,-0.8551654793420558,0.8554135383956499,0.06174579447604945,-0.09721492586833394,-0.05208881356932623,-0.3659313114827503,-0.06866949945570591,0.0
1.7112584527213945,1.979984235915434,0.9863234865397648,1.2571039082528364,1.4482072118506235,-0.010207381064518017,0.5202765981384636,-0.9504153080398833,-0.8345103105099951,0.8102410569303443,0.0017311765148948083,-0.15523799328638727,-0.05126183979871901,-0.4398480339001837,-0.051510258571316435,0.0
1.7224353889125537,2.0345820549242344,1.0489910384699175,1.1723069668241162,1.4029222417943294,0.07980051529926638,0.43465281707893066,-0.953181024190677,-0.879197472333611,0.8106739338792527,0.10253097277978523,0.06985706410484238,-0.09600327233808893,-0.5251034035877855,-0.2542121390348404,0.0
1.726670894696956,1.9026580155086403,1.087739772339869,1.24628975112113,1.3919361827871621,0.006931615937586615,0.45425573267321384,-0.9529944481372198,-0.9127198102912922,0.8221656214542773,-0.08860966421036748,0.09370199204282875,-0.07954057817394145,-0.31600275817105516,-0.1677042754513239,0.0
1.7234695249669265,1.9769746687815533,0.9938069515271394,1.282026643423283,1.3912726590554043,0.10246996725130605,0.4568250668307341,-0.906169534803216,-0.7910025119336425,0.8228988752856777,-0.016055711660149533,-0.0019351477368709097,-0.27277985161089846,-0.32207725489003663,-0.07443366949117455,0.0
1.77639357623858,2.033419945292025,0.9888538809628928,1.2813450367459782,1.4562162852777658,0.031222615348772145,0.481273132486221,-0.8568505251127431,-0.9142611723646532,0.836500517429712,0.1295951837003801,-0.16879206185283943,-0.20304141022294023,-0.4180161272005337,-0.04759617704349656,0.0
1.8028233357346437,1.9798279111690378,1.011288773009253,1.2923040297702846,1.5018164801913367,0.030621099256789228,0.5483806531753961,-0.9380247717241977,-0.7965995424831078,0.9315489703482451,0.2010663539313849,-0.1725143528533366,0.005875815138337959,-0.5292526775853896,0.09981218168234635,0.0
1.7021463499017724,1.9686001082105922,1.1029046490288885,1.2744530513968912,1.3838073751711226,0.06996767573498772,0.5189227331952401,-0.8956311004456499,-0.8182401397827462,0.9391632309229134,-0.010482313757090439,-0.04182675009215385,-0.043649385334171925,-0.4300591077183215,0.07524719653384901,0.0
1.750902337102161,1.9828219151384454,1.0052839218314664,1.2438267800557592,1.4157747703949648,0.17291481298198852,0.5269124210715542,-0.845211302129067,-0.8432270535731914,0.8749370481080279,0.0638711587906807,-0.025808427956075346,-0.1724166448667157,-0.32082642746215506,-0.07262299160880908,0.0
1.7478039120098656,1.9723389612049018,1.0298104615428458,1.3094784348416655,1.3824654771645908,0.09977513483099494,0.5217002941358747,-0.8929005248476999,-0.8509520299850025,0.8386309080478221,0.15281744754670604,0.08456984921865054,0.011521257498208926,-0.304845720998444,-0.1605808738611728,0.0
1.7914315243621939,1.936916694003811,1.049531973409421,1.2365049133310066,1.4348717295757674,0.07240619067522781,0.4734536384316085,-0.8482835685178879,-0.8766524978373571,0.8590660707839086,0.276628144439039,-0.0033804055665759974,-0.09136221136563166,-0.23350391043294288,-0.16217754393394607,0.0
1.7725948981659356,1.9610802071980038,1.0481849062524007,1.3075053037689837,1.4483709163665857,0.04652853881909563,0.5739073219429669,-0.9113967501833862,-0.7918399163017207,0.8974794841569853,0.1603486876962188,0.06529026319668421,-0.02767697579782937,-0.30182693925164755,-0.12253723186502212,0.0
1.80847804983061,2.0035208217816236,1.0540586007778243,1.2053156321556338,1.4167728991663666,0.15354148229722886,0.5621403827755108,-0.9484883003293408,-0.7967143386810701,0.882742590528128,0.0035179467233116685,0.15158559641423838,0.010018493090578642,-0.34736483559256803,-0.024530482008354823,0.0
1.676997007010159,1.9753455815579428,1.1638496582736924,1.2521492009791069,1.4700613773888977,0.22776367595859837,0.6113994612439627,-0.8329146119617554,-0.9072228748220759,0.7692859634733338,0.1235675725801581,0.119196557470027,-0.16704636061451422,-0.19272745000041147,-0.06144758902158644,0.0
1.7544275004649184,1.9339066897543393,1.0600975119713039,1.2217239663870132,1.4709653267651877,0.143395056358678,0.5514045058189402,-1.0014295904159405,-0.8646380080966984,0.9080976193927801,0.04000233624222639,0.03793631627943913,-0.28289291568336583,-0.14816517521773528,-0.08533604714355798,0.0
1.7854851459823753,2.029351918896782,1.0351887896307077,1.2274130058596018,1.413400438187199,0.2360178591984442,0.5843359942249684,-0.9803626464709204,-0.771907127785472,0.9156110818186661,-0.036537930404660864,-0.05554302036649797,-0.21431697252294815,-0.22620418264088166,-0.005276020012212307,0.0
1.8271895628950547,2.013988090091166,1.0468232101343384,1.2707378920872896,1.4985174592384134,0.13806690992953982,0.5448576498230526,-0.9345273471117073,-0.8602561149373267,0.9319517693282242,-0.20570402563209816,0.012321013094328585,-0.09821577559169113,-0.08866547174437206,0.17154933484275126,0.0
1.8040214397102627,2.041667843965949,1.1398394165998291,1.3868833303891552,1.440476106196662,0.08455065993067365,0.6263752809371776,-0.8730422262771951,-0.7269803045118872,0.9695075881765568,0.012913614041232452,0.03220297264815603,0.19212575658384032,-0.19060755696001505,0.166166509659574,0.0
1.6557604876657617,2.084339893301821,1.0618690356566316,1.231283178875534,1.459268607361306,0.23758867555462507,0.5685984936954653,-0.9073236493671862,-0.7958759459494764,0.9232317900420778,0.0483782541115755,0.05748195622805519,0.23791516789849962,-0.17650140617183407,0.14473748065976835,0.0
1.8065610752429293,2.010952882852797,1.0939021203413928,1.2790015632809728,1.4944061437815679,0.23600258516138686,0.5979411702872326,-0.855526362232639,-0.7975494946631765,0.8913295629762729,0.12842384768687515,0.10150065852488549,0.196705585955757,-0.2833802686710642,0.15627162019516871,0.0
1.7162661270017052,2.038521145291497,1.1479525370124948,1.334616621607831,1.4309877316970723,0.16077728877440559,0.5739794955605576,-0.9869168220900972,-0.8401069490076067,0.8910510599042648,0.16746779233697529,-0.01404610921737387,0.21876782419065785,-0.18214084042179907,0.14574416406798618,0.0
1.7005994098538357,1.9910559451974028,1.087648871326105,1.3423763925708316,1.4679080151855965,0.19598654284492542,0.6261672585273838,-0.9729322087355016,-0.8202708684837985,0.9546631422293688,-0.010959540161513417,-0.051122211838088565,0.34731736739242053,-0.08859512846426533,0.03059894914390056,0.0
1.713940684812097,2.1546601630444915,1.0062573676544129,1.3285717075059569,1.5193454248873133,0.3205479017756904,0.7122976387340756,-1.0421188895479825,-0.7429230323587896,0.8845675248808215,0.12764770833255457,0.13468475731135035,0.3125545782661211,-0.0018618096648960886,0.017966449968101796,0.0
1.8263819420852472,2.096752796181424,1.0584183079853193,1.2909848759597164,1.5175539437395156,0.23591549425226835,0.6437167096144427,-0.9581695975332095,-0.6726231302036785,0.9854088447358718,0.06877381410432751,0.3061607645717853,0.15346817946541863,0.12075361030063851,-0.06172932832218396,0.0
1.771010596837916,2.063399432757083,1.05332799246753,1.3239084075257725,1.430923415116179,0.22027478643536655,0.5593553890604974,-1.0098809475915536,-0.7377159425551625,1.003670394308535,0.162068860804437,0.09192144152370145,-0.05285866806198232,-0.012721981354160417,-0.18341872722124522,0.0
1.7916632594309139,1.9693665588521942,1.0823290889676616,1.3064654130164175,1.486986808344528,0.24927170501778298,0.6040652969476412,-1.0277449286005473,-0.7968824266922966,0.9940583658057915,0.07818796693168985,0.018564613782774665,0.01229886947562256,-0.16198811402855737,-0.1714770483560815,0.0
1.7477033057928864,2.0202007481887168,1.131280162582827,1.2348862852545857,1.4095995944536168,0.24755914248288324,0.69619495430796,-0.9522358440507814,-0.7416869067285883,0.8551182269150575,0.008428137465284008,-0.07227157132019768,0.0034877952740398612,-0.32428252408594227,-0.3350539050886243,0.0
1.760351492630255,1.9693912693276543,1.0427620454956292,1.3250671855587548,1.486666394514184,0.2848801786439974,0.6762771580160795,-0.9832908726921562,-0.6999867683991525,0.9231951222874484,-0.06403360977794283,0.08382585763268413,0.09254423315625769,-0.3043708689579192,-0.24719972690308925,0.0
1.7715623777752265,1.829981507261574,1.028143164593372,1.3582931112094407,1.5155033467300365,0.27632603149034224,0.6693494318077136,-0.9203837667933128,-0.6795217293713186,1.0054868296457473,-0.038477303912829566,0.0490875881427508,0.25547650184451065,-0.13028161024452117,-0.16197277365682006,0.0
1.751294737491829,1.9939722769220112,1.11560910227261,1.3017828813390064,1.504246537310097,0.35023330735038016,0.7592260918124882,-1.0174499289848595,-0.5438172911216235,0.90463925765488,0.11155341581356476,0.15147614978946822,0.1800008671851666,0.02623198305998431,-0.04077948900350235,0.0
1.7192499566465531,1.9942609768551764,1.1113558648662973,1.2541746202190431,1.596838627147148,0.297445459173686,0.6295739682145419,-0.8872540514814136,-0.7067859777182627,0.9177342963352919,0.14530191741375653,0.11333716575375932,0.10914694060395592,0.2470907958553658,-0.02324425740080624,0.0
1.8471481466517479,2.034199214922731,1.0800533372598593,1.3043735901288334,1.5489773628259589,0.348517730116191,0.6698045575614845,-0.9990357440927564,-0.6649723025842733,1.0213387493217252,0.2129327405045908,0.05449976885040498,-0.09451204020765262,0.3082034250926451,-0.04777410909431233,0.0
1.8001771308542662,1.9751805418851267,1.0429605317980848,1.2764970376219238,1.4500897470735123,0.3687978176440251,0.7577109671580406,-1.0819528741816404,-0.6279107277451417,0.928711476834681,0.12718512635356077,-0.012624682390393369,0.09411479941666302,0.31159639111740833,-0.1639342811608699,0.0
1.6947965757466557,2.001087928761785,1.1271744857957382,1.2891525914087278,1.5083783325126467,0.35174611933006505,0.629822339180024,-0.9336038341507132,-0.7030948452109429,1.0034216678931356,0.07068965850604207,0.035155458546834314,0.10865693444033452,0.2258250731618148,-0.07824360447345437,0.0
1.8563774740607175,2.029572728559152,1.0729955509572415,1.3100532112193826,1.5432557734761443,0.3565294445441434,0.725204736876081,-0.94166033557401,-0.5537320095132864,0.9761363743029566,0.12009432412315084,-0.09076061963506848,0.024682775769142705,0.27917663685488403,-0.061020470538018554,0.0
1.7872287074205861,1.9486451323466345,1.1733191924175548,1.4107349387260226,1.495536331317659,0.44003474666507447,0.7604558539626857,-0.9068058943025676,-0.603375245521137,0.9460487398427571,0.022307288707587088,-0.0695106833078802,-0.02657850900752687,0.27577872038443374,0.03535520154214275,0.0
1.7390936758220854,2.0822354203114193,1.2161190048428487,1.330932644250396,1.565641439182053,0.4105343156728247,0.8251500778440626,-0.9829660248881386,-0.591074891491367,1.0300095104625795,0.024357151227539897,-0.0043485159857614974,-0.11548185145677091,0.11617049129810952,0.19832620418653982,0.0
1.7549127764602788,2.0734962955470375,1.104921140519572,1.2524982096023833,1.5883547084530887,0.4395848804451023,0.7952263900862232,-0.9943226401946447,-0.6285841755680924,0.918271981357946,0.13759403159225686,-0.060618351054904956,0.05659194468142578,0.15024250218589788,0.24380281057689399,0.0
1.7857465816527416,2.039238703736141,1.101936707592543,1.3060167263952553,1.4794627601456858,0.34924800390826916,0.805199645243528,-1.050021105481497,-0.5613298741068106,0.9335871120282894,0.16808087033742697,-0.11663893214427305,-0.081806572048434,-0.043720876488856725,0.37521991977366387,0.0
1.769881431271053,2.090895528700044,1.1481480001895419,1.337170713470882,1.573039427033963,0.4770302012270369,0.8438671561623746,-0.892221904475557,-0.6290132870895676,1.0113138470264595,0.19583863250331013,0.01251038257846665,0.11250899113082118,0.030662702182591817,0.5908521793232713,0.0
1.8137214025830306,2.138036914778048,1.195096017240388,1.3958056616915164,1.4724998327724523,0.4303646530909191,0.7379344526228598,-1.0217575455552654,-0.5490961280297801,1.017695087113487,0.18132851288016139,-0.07608257470796082,0.20633560090408726,0.1396072795728889,0.5716137822118935,0.0
1.8006054478460196,2.0559638407718825,1.0988688514873168,1.2420007620495674,1.535227275835004,0.3831692012979117,0.6723094015460763,-1.0552282858081232,-0.47506167518524256,1.0093592757475849,0.07881081077442346,-0.08824226871928045,-0.023418471660574508,0.2558871471017491,0.42943976339637635,0.0
1.8426113806674205,2.086596666259822,1.1778884783556347,1.2990510994581126,1.4975064015350419,0.41421744967455887,0.8259865967683817,-1.025066305197314,-0.5760407107785461,0.942768836784194,0.17980402252233446,0.05894691810683355,0.22028425973727722,0.27082868919770564,0.4504559067497901,0.0
1.8513275441617834,2.0456316456843577,1.145801257779745,1.3048430361817882,1.558576077916759,0.3612361672003789,0.8023381348228096,-1.0008842536259932,-0.4522238586970356,0.9930511797028226,0.1150207305975632,-0.018276042695051446,0.24482709862707813,0.39594750601013795,0.28158684920386307,0.0
1.7442667899033866,2.0480571919962998,1.1191526646915952,1.4562846217233671,1.5070607172962784,0.47331939124184824,0.8357433487235847,-1.0396367029401328,-0.44373800646821104,0.9758639829006972,0.007789481430629366,-0.04172371783599571,0.22355477773774599,0.10274456371583973,0.29795501411702974,0.0
1.7396820071534453,2.0300182800938456,1.159801670452887,1.2690437801533534,1.5805692352613476,0.5376559845945095,0.7874631631587935,-0.9459676440650278,-0.45656060674586635,0.9018809367916222,-0.09446357816970251,0.0831698303861251,0.11091087511321363,-0.08912632702965967,0.5303955522110742,0.0
1.824576677283938,2.0820936890907493,1.1634640266684935,1.3257139763587276,1.5793359913237033,0.4913006189929015,0.8469720411937528,-0.9741807278625815,-0.48483779829633955,0.900245456837014,-0.04102386379210783,-0.02451973609814389,0.14084354115176748,-0.11301762003253271,0.4253617086561316,0.0
1.8131172887369953,1.9945075383098154,1.158132342821242,1.2762762100454452,1.468266342176111,0.5496742011676777,0.7668267999517846,-1.0521277325813525,-0.37907572707454185,1.0176331727032513,0.10300828977434998,-0.24165990057064418,0.17025000416337116,-0.07802916691859474,0.3149916627104552,0.0
1.7918702673138989,1.9675168491450452,1.2251104577352747,1.3432798221782039,1.5063454160993932,0.4037918620567895,0.9144816060344053,-0.962018145657616,-0.49313012155294433,1.0111621772771235,0.047184393471249565,-0.12528716681795854,0.1472882057728358,-0.04674758345079198,0.3346851929718445,0.0
1.8951970268008873,2.063545157813833,1.2116213406008103,1.275642694129024,1.5240573157933732,0.5915307937499945,0.8485804645190662,-0.9812131347720732,-0.566548534851668,0.9728136274461626,-0.1451309720725855,-0.004463812852210786,0.23254916385270502,-0.1260321718212843,0.3366535470125731,0.0
1.8533320519641097,1.9966636787936602,1.2219925543330235,1.4214135176049145,1.5961070513757827,0.5656755118067951,0.9692289430135603,-1.0319317729213355,-0.40394041509174616,1.0871092277112038,0.051485732207599416,0.11777614637305214,0.25325310015655156,-0.3096955224976723,0.44417731110819336,0.0
1.808754249555743,2.070735296575007,1.1321524878167608,1.314659641755076,1.457247931732419,0.5078658213543855,0.7832581548708739,-0.9966910057757576,-0.41545274426783096,0.9661067936008269,0.03396966824376806,0.23636668106388176,0.29343358018718846,-0.14320978304987533,0.3647469851775934,0.0
1.8052869334899893,2.0796057200713927,1.1397899137402288,1.320355284539497,1.5673732366636322,0.5566758096940077,0.9572892645253291,-0.9468959235652955,-0.4269587744559338,1.0377670176679001,0.12141755679160843,0.2996569292468255,0.2171629691927954,-0.19638506765583727,0.3927275211924657,0.0
1.8356654964449621,2.06560000557809,1.1347456786183503,1.4382255958940513,1.5441357909108542,0.476716703230995,0.8728285736545436,-1.018281944094952,-0.40914047894894773,1.0278339300547277,-0.012021295087024209,0.048972063834770485,0.18103418753231607,-0.1640306899962542,0.2445860075721502,0.0
1.8330234786439226,2.073079961691368,1.2090086098766402,1.3877329466679746,1.498721434387464,0.5346922428109995,0.8226637747886315,-1.0511945351319558,-0.3452941718872653,1.010092445412818,0.07245228490454302,0.09115225352362408,0.18717346805974183,-0.18692869521123112,0.16502207980937167,0.0
1.8213925337173524,2.0123666636156075,1.2136515543583473,1.3629911246030189,1.5697148654209951,0.5129475140854389,0.9412979452738861,-1.0381788549244468,-0.38613061029417695,0.983060247500251,0.041332628866109944,0.1219300136236717,0.04606908908920576,0.00486527143598503,0.13946342585771646,0.0
1.775490975246629,2.189729300840011,1.1049394972909072,1.4011504006541442,1.572013864276255,0.5794190469115547,0.8284133137233927,-1.0188573496565556,-0.3367498370311482,0.9324128128013448,0.055779751966403085,-0.042073919126224824,-0.06601176144819873,-0.03385377993213287,-0.07455627623578696,0.0
1.9003509776038419,2.0364776401084597,1.1952110206246316,1.340326904160245,1.5545314140100954,0.5745697807392394,0.9203937714436686,-1.0287861986341298,-0.4265886063487718,0.9382269017192177,-0.032176588974255085,-0.25333938124003275,-0.054312975453396445,-0.1706240157799062,-0.10179538578954556,0.0
1.824705548093493,2.052865734026526,1.1844143591174154,1.3859119494176753,1.5954178311912444,0.5826695323346819,0.838029118661691,-1.0235018285167123,-0.3301388293073613,1.0355109073591446,-0.18513852570532374,-0.13669150890791298,-0.07885906231715897,-0.15081720647713812,-0.09792260646475201,0.0
1.8880132875049118,2.1555961083158404,1.1420772510553352,1.3000771570369674,1.6281457029194444,0.6505178972748447,0.8983272732010857,-0.9595329540519377,-0.2925436363641963,0.9972391441645694,-0.08840233454895091,-0.20646286943274722,0.21604837266116694,-0.24982043152573183,0.05564740747632754,0.0
1.926859604696391,2.1430876048652383,1.1224463328096141,1.3809755852252081,1.5715500048747166,0.592081438082116,0.8634902487355842,-0.9183176574155186,-0.3265099579355979,0.9363568566545745,-0.026586647087104787,-0.24871950966800843,0.46346827030444665,-0.11930573104932457,-0.04204748179940648,0.0
1.8793575022295135,2.190816617368114,1.2227890648036732,1.3343201740988424,1.5530098744419636,0.5865057063415836,0.8945015663226724,-0.9989450880941997,-0.44076145193672134,0.9299814115808455,-0.029954620107613406,-0.16786469718048633,0.30886861510488633,-0.18116518736863604,-0.09878863788100092,0.0
1.8686428317981376,2.0630023067972307,1.1195381473880779,1.2807885875263707,1.5282845126880018,0.5892119847039461,0.9307937314635616,-0.9645575554724458,-0.23264249611311932,1.0111599370705278,0.1355895882208084,0.0019722585354211564,0.12655109192600086,-0.25844938135872475,0.0309473566446027,0.0
1.748077549194752,2.0186266629083955,1.18365617333585,1.3876457903627897,1.5668193231057248,0.6340221028094237,0.9290876504726948,-1.0815563845261085,-0.31808417718855986,0.9708636723738836,0.12506855622711838,-0.05726643570793054,0.0578214690205787,-0.41967375179278765,-0.10451838696142954,0.0
1.8038237256111753,2.089896429253451,1.2932823246986263,1.407368091088799,1.5277360062478678,0.5754507136933641,0.9067373585881887,-0.9379367521969223,-0.24838727979501649,1.0694287281494987,0.12790825372277023,-0.03165410500019597,0.0990832518435204,-0.5337554938954203,-0.10735249252987861,0.0
1.8692531649343112,2.063443215708685,1.228505329677787,1.372223878615847,1.5543749841936294,0.6160090467807008,0.8737632645265725,-1.061834767229373,-0.2544486305511284,0.9936626458362927,0.0426157687675417,-0.11406127671156904,0.08632927863734359,-0.42748523486243406,-0.13527392838673227,0.0
1.955533121298793,2.1502902294020036,1.1683969701904569,1.466193301001826,1.5926251255701191,0.6980573533898973,0.8937397720925364,-1.0072702208949142,-0.21883697107770725,0.9923261368163785,0.017260239736337495,-0.13343024266472855,-0.05653908510584439,-0.40154408113375917,-0.09329028311269244,0.0
1.874117514931023,2.1106281850333586,1.148769806782093,1.3726889794812889,1.6318927858321213,0.6781162200928645,0.8940442588199156,-0.9800469044323938,-0.2747373310237979,0.9515143762955534,-0.08431343332820848,0.08458655051257921,-0.14819089757771442,-0.3155312881685573,-0.1337828933847412,0.0
1.90236464863223,2.1760759434308157,1.2588399395973537,1.4336246228056053,1.5119187387333197,0.6503414127044373,0.990969152465619,-0.9967611402189872,-0.12001286424607048,0.982330639501899,-0.04784127519218541,0.258562299094659,-0.11776640619676745,-0.42602850135356285,-0.18528894896368708,0.0
1.8580644189316824,2.1681045617438888,1.1453022962227424,1.4636007233965818,1.6753590938345055,0.7039867112375511,0.9360299273187512,-0.9510065417075716,-0.20138601984222865,0.9283283818337801,-0.035597750036898926,0.2712209610450726,-0.1287220201641052,-0.25531655630219874,-0.1599808703008267,0.0
1.8911753581978386,2.170146917137955,1.183616952989324,1.3758433857426544,1.6134903470389186,0.6713977270566378,0.9625883352245178,-0.9421416344836013,-0.08699418304277706,1.0686486793188117,0.05088402633143163,0.029005869504412835,-0.04377913948772861,-0.05938275697891818,-0.23418985079596144,0.0
1.8637848084353004,2.128326536979434,1.2012147617009756,1.4178686494792114,1.631435882853737,0.6541039391047104,1.0603913714872124,-0.9814692736576746,-0.23083663699770177,1.1301581945963075,-0.21078285087079265,-0.09159743517824655,-0.05367829980807624,-0.15394808664211462,-0.07148659735330418,0.0
1.804127805961233,2.2000232828013626,1.1577623095083593,1.4193733014924979,1.5618870898608268,0.7043679391395418,0.9585142526915397,-0.9918240109754527,-0.11731157671809461,0.9612258212478922,-0.19231997485481142,-0.1598565430442421,-0.06161454220773796,-0.106994533925863,0.013404462173223664,0.0
1.879103908214722,2.14356171076674,1.2227900295506429,1.3656279907668596,1.5718039867206897,0.8009047699328726,0.9895302430456521,-0.9013220566548835,-0.18724529202672682,0.9927477849437674,-0.09800851910722944,-0.14477925454766916,-0.12059327501455203,-0.02986760536382302,0.0466902718996866,0.0
1.8428454169838568,2.1298313659933026,1.2105099195826103,1.335575279217001,1.6282562217770147,0.779892880753777,0.9990769700321008,-0.8835341555782045,-0.14581897742343158,1.0005405557226548,-0.08419388064283567,-0.1426710224931842,-0.10782216764979277,-0.14717247513219808,0.03690923412931959,0.0
1.9342066228944665,2.147612055976395,1.1578585519874793,1.4231842235277694,1.6362439617207534,0.7650240100630041,0.9705985731184538,-0.8350867680598677,-0.20246539317221707,0.9833390743220701,-0.188294285842312,-0.1634903130519728,-0.008196202166607686,-0.026907675560253905,0.07587235038879542,0.0
1.9039666580019996,2.1152376719681274,1.1881851683361284,1.4843617439708865,1.6644804237438235,0.8196366358849329,0.959170260004961,-0.9591652705853924,-0.08941701077140869,0.9943334497343371,-0.11156031981030791,-0.06594420753327529,-0.0703216448077363,0.22376263223305393,-0.026643131387287702,0.0
1.8233654635722296,2.1621086562518084,1.3144937346356242,1.3772506976968808,1.6467490545428953,0.8385023517477834,1.0639111587816648,-0.9197268457896437,-0.16299010117441723,1.052716476784682,-0.07941575410659182,-0.12926587884803362,0.16622780203760248,0.11937218431927275,-0.12803047458152145,0.0
1.8612543806781001,2.2354163451190847,1.21039485183868,1.454594811311559,1.5886754072969826,0.7057140914097282,1.0523968573879283,-0.8832485034272416,-0.04877091169029947,1.0281710306223295,-0.32040158694210685,-0.14377916270129668,0.26822641274168135,-0.028298009551020964,-0.07893914791632073,0.0
1.8879472386493075,2.077347261317204,1.227534901655362,1.460625761106738,1.5420725712159968,0.805767013415661,0.9929557402040927,-0.8964338637781329,-0.015925340300490268,1.0115276291790007,-0.22978601112446875,0.048888083162140536,0.20671665344733525,-0.1823623810697929,-0.24648631923845205,0.0
1.942521650616443,2.185945027830815,1.1433906445952862,1.4461331654718237,1.6703436110750214,0.780492834367146,0.9752673435247905,-0.9472254372661674,-0.049999328959504624,0.8099986729984651,-0.05249356746081385,0.2162404103470355,0.1723055924292448,-0.14235587699477065,-0.21700220599725256,0.0
1.957275226393942,2.17201578200983,1.2331397545884284,1.4076214739011135,1.611868701716268,0.7855321191973873,1.0134260642899808,-0.9383773325971704,0.08796750406930123,1.005212557896728,-0.0188075200174571,0.19860046745010435,0.07946446844302651,-0.11109851967114358,-0.0807637122009752,0.0
1.9339316359373708,2.120062183652344,1.2317871235600426,1.4854573858464075,1.617581473812998,0.6920861098038272,1.1497521915028186,-0.9016701577948703,-0.053367014199859994,1.0288942929508298,0.021953698348476228,0.25067444371659114,0.08799666649992953,-0.08216105106221028,-0.0886802007967333,0.0
1.861924081671742,2.1471546428345056,1.1401146810020346,1.3751806480252355,1.6326429211856985,0.8215906477564867,0.9716888760573128,-0.9381347275882276,0.0354417691909923,0.9412916054450001,0.0322891877363954,0.24991647188453275,0.007897100988449798,-0.11761106997388011,-0.07650085739321068,0.0
1.9419186602839345,2.1837098858721737,1.2503309169860939,1.4671138906133705,1.6191747998534733,0.7329263643012223,0.9219652724120078,-0.9731434158198327,-0.15820040726922194,1.0193804581120092,-0.08892237431727362,0.16669759763457884,-0.0059535761657295875,0.0967467488032693,-0.12285173426060177,0.0
1.8901848465540405,2.1712597842567436,1.218660637449525,1.4446301642951898,1.6393874849537715,0.8483164377165783,0.9569965679928021,-0.8753805236821075,-0.02360539713650865,0.9597013271663964,0.17206500965834687,-0.11508680950182044,-0.016592946105714955,0.007191100142015003,-0.13246015424137988,0.0
1.930341213341755,2.2093860627018427,1.2559259133490785,1.3888841689573108,1.5191318904440647,0.7482640758590557,0.9778496877228607,-0.8863569152366603,0.010157872099486216,1.026639607597169,0.09314787578193642,-0.4007121970187813,0.1830433655534974,0.06863363335608007,-0.1949848154075874,0.0
1.949673400819683,2.167754357772779,1.2610694152563742,1.4006803669867776,1.719839311583426,0.755889243491437,0.9380605924050813,-0.8849740001377765,-0.024683219263094705,0.9675349614154499,-0.05959389141000654,-0.34146332725551215,0.2047840896820906,0.1416597219182775,-0.3317870134585373,0.0
1.8918813857311478,2.1515996599365486,1.3427986558411615,1.2864601794662962,1.5954464858334947,0.7855209881328804,0.9792932279466156,-0.8679854165095756,0.0018909813814311158,0.9294468077848249,0.09316179647140946,-0.23438701283671112,0.12422393958613015,0.1265475054434259,-0.16574104863213296,0.0
1.8699420039869452,2.2605549384526715,1.2049518431103807,1.432668044712747,1.7123171984553867,0.7529409029036873,0.9891549880806171,-0.9983260466638469,0.09270000341008454,0.8976674211252827,-0.11006769977003954,-0.22218135648732834,0.15158945686684722,0.07177348068313953,-0.16834111079342348,0.0
1.9866177804962994,2.222496987613301,1.251031559173958,1.5188270898247,1.6608617870896036,0.8220992473341148,1.0062288198311056,-0.8848864941633732,0.042699041154851174,0.9734837812167769,-0.11770426819219357,-0.1518159728363828,0.15186758612808604,-0.0023519496936836443,-0.26158076803726243,0.0
1.9587397407227891,2.16514290096359,1.2648490446153555,1.5454616711609948,1.5496425924656814,0.7824183395734798,1.003272294516018,-0.8669530845338149,0.03872478350606317,0.9245355131294477,-0.11006159180937011,-0.08786178248270583,0.0900237147492203,-0.012504304979135418,-0.32752503872704347,0.0
1.9440456521181713,2.230714494581393,1.242165421389181,1.387346698629764,1.6583761543015452,0.918685140242747,1.0033132448363096,-0.9447740992783676,0.16531852132140168,0.8880225920173577,-0.06405532245927256,-0.20644847387828938,0.24608431010134593,0.13916127589754007,-0.3589259519547768,0.0
1.8234690632201846,2.1953484060809183,1.190955865351052,1.4782198171605676,1.5939177494603336,0.8549432656878804,1.0255861958519317,-0.8602308565638664,0.04506031912362396,1.0052412059448084,0.07325799714365225,-0.090550019957536,0.09933396221556205,0.218524013131374,-0.4023564486071765,0.0
2.0206984361294364,2.23523778572466,1.2385579194271736,1.4488948656153893,1.5302912530571895,0.7849779311673523,0.9711235341295533,-0.9462480983203904,0.13403070349238272,1.015017161127168,-0.13117473930782067,-0.0705956891660562,0.02177858210153543,0.16200147983803553,-0.34244406575326153,0.0
1.9603987043796707,2.1262410161824232,1.342852718099626,1.5410923322177084,1.6478670024817403,0.8592690734458845,1.0230446355838145,-0.8906664704731917,0.11978743428394836,0.9326256579854368,-0.13658362142853286,-0.005852801657320036,-0.10681653127286593,0.07123634524944826,-0.09448185416751922,0.0
1.9275372180424275,2.1947376610221427,1.2730473632976638,1.4477405893283657,1.651219332853215,0.8054151867759626,0.9895500212770376,-0.8546077969596276,0.17300210503624022,1.0073403974421287,0.00428383120104181,0.05443831496107284,-0.04786591780151273,0.03529447254628998,-0.15530289547697823,0.0
1.9984375740525293,2.2136263300192964,1.2802258328449792,1.561369627127107,1.6811382523292187,1.003283735441843,1.0517977056256278,-0.8538001225682778,0.17293634117503803,0.9352026974193326,-0.04319353480611127,0.04457983752414257,-0.023000491953822293,0.12560594063228622,-0.23938532419812256,0.0
1.9534667064166118,2.1983224898160763,1.2676659638478416,1.3521338559584444,1.6506729733979397,0.938878507850697,1.0117396628099669,-0.9210790403694945,0.24849885800383675,0.9974196354691405,-0.03678116577260511,0.17243923649221343,0.07329648219244358,0.1415083359521667,-0.07509672115617627,0.0
2.0055305997369617,2.1962102527478953,1.2900146879810344,1.465381101607932,1.673393555046881,0.7759662856950929,1.0213528053448697,-0.8190690166092762,0.17048094895982902,0.9125192053453905,0.024381550378891982,0.41645915439197523,0.04546219193584608,0.16208253135649267,-0.12075124344945738,0.0
2.051496019544002,2.2397859252710393,1.162493711035216,1.4456922582192404,1.715804307497111,0.8745233735070592,0.990734409387822,-0.7122321774656633,0.2795203993994573,0.9798841533793934,-0.02522751945153441,0.11459712713164219,0.07843873576237266,0.36887249683869877,-0.22757244726068843,0.0
1.998822432822947,2.182562168367472,1.2371265960391005,1.4364318160426697,1.7153648395257326,0.98756835854382,0.9406266808400846,-0.8734203140487482,0.2362617931552877,0.906266623391379,0.010707512831466672,0.1917756341994971,-0.09020376095040993,0.24266344143610724,-0.2499909514978088,0.0
1.986054661324549,2.2836670746847445,1.2490309193223081,1.5175873499548256,1.7122407246784885,0.8711691103082908,0.9733272727745842,-0.8735106195476727,0.27918076109723056,0.9274947146397835,-0.13585346388838143,0.19152474567575056,-0.029241650900196536,0.2713742784551878,-0.14109429175127572,0.0
1.9774196560905613,2.2155797141116507,1.2645517121168353,1.478500001137971,1.6789538471406273,0.9138754691305515,0.9256170618818316,-0.788123682108543,0.10699750750573533,0.9382287366269076,-0.15526780241627394,0.18318753320228387,-0.24683409099476022,0.2633642030073617,-0.13272636401180452,0.0
1.9647226996775538,2.2300948229974344,1.2814977707771373,1.5252248297543782,1.7807857333098989,0.8410896348615583,1.0609288582022802,-0.7698828441465173,0.2874909965116486,0.8579002814963042,0.032397152767120574,0.17506971309434058,-0.2440892900173176,0.2738246298173642,-0.011998609125342702,0.0
1.9183263307798375,2.194635508034884,1.268070572387633,1.4291884526557521,1.7465311355613906,0.8466857632333609,0.9897643537436162,-0.8306318674546774,0.26637476008783706,0.8927041630325396,0.09307364740683774,0.29906051490100993,-0.18650258788916377,0.3249170538781673,0.023789609907840445,0.0
1.9664330940756274,2.3710261843038807,1.3167261846037333,1.46457183875485,1.6850063229646801,0.9063101515196045,1.0560242553470698,-0.8576880840795698,0.2838066016351553,0.9638844083569332,-0.21261810960903063,0.16125365058509583,-0.22752949954398954,0.2988188541042989,-0.12150039406129348,0.0
1.972440725925024,2.2021520254308973,1.2955806867847457,1.4903786929900509,1.6884827528574515,1.0844410797390391,0.9917762665985073,-0.8426665773672793,0.40273364065586265,0.8851074721883764,-0.13347500214111857,0.09337986230688207,-0.17781344104463012,0.15762133826582586,-0.0233867294614883,0.0
1.9708119700930153,2.236186007912427,1.305886360982936,1.4865869512796983,1.6859601639428943,0.8305219489554803,0.9928640681000268,-0.7833750614231255,0.2094951905678008,0.9189442614648247,-0.08568899515469111,0.15015022759930788,-0.26634941958493086,0.0319453966269041,-0.011973584755973219,0.0
2.088264789233783,2.3220350472914575,1.3306104146958693,1.5315449789352196,1.8035592641708544,0.9454603046034136,1.051222654798492,-0.8229906632119678,0.38921031536789397,0.9434651654655949,-0.07209074077039701,0.15780210367407876,-0.2807821126725786,-0.019228462912665313,0.07669936672614858,0.0
1.9064033468499775,2.3463296778022196,1.2513255407214032,1.5249127721449456,1.7133862623522798,0.9023629513456839,0.9272100450351304,-0.8238490455499081,0.39286725777742965,0.9412858651028876,-0.008964505957234907,0.1213011056643498,-0.3999540777051103,0.09504535864385315,-0.055513859231868495,0.0
2.0269546485621084,2.251210303362891,1.3043294665852858,1.4908448706844029,1.6448856609796798,0.9825851370236571,1.037860005335799,-0.8394798068839625,0.2556118976742703,0.8908532702556677,0.05788608359720593,0.06536079132106537,-0.44687984482357407,0.08020247283544424,0.016555310337607057,0.0
1.9412274445166582,2.2088834661909624,1.3556773990784263,1.5220594001419259,1.711466775985524,0.833451336141568,0.9472928006810258,-0.742115675086609,0.3414541821537792,0.8924841397941214,0.07441707459649663,0.03759205874183216,-0.43722103584763267,-0.003570025583236644,-0.01806296230132501,0.0
1.8622294608237788,2.2432890147810842,1.3872451980050826,1.515352597968187,1.7486501051597068,0.889880942099171,0.9984828232568395,-0.7539110480599228,0.4180724007279096,0.9587945257636584,0.1385428008413965,0.017676194053776004,-0.2683108821324002,-0.03791321971122162,0.21491169807683358,0.0
2.1043451579943686,2.2419590717068165,1.342080007247904,1.4053759309670315,1.7129071435579364,0.8215533531357133,0.9798612674825672,-0.905681624632357,0.36224397949504755,0.9748273052176858,0.2684495803867242,0.08525452973550887,-0.35306989872656136,-0.0758457190241194,0.3560686298574782,0.0
2.007266269957464,2.230204280426236,1.3098352015685397,1.4936685010424258,1.7331935621614971,0.9299826946416277,0.9671395992267765,-0.9095896016312337,0.4394684895400379,0.9856721296271691,0.082747357144255,0.23826994396532775,-0.11462128103901928,-0.031160534185352397,0.2628976258074015,0.0
1.9967201587127117,2.193757916646455,1.2778714852183917,1.5239258705046512,1.6710301319428251,0.9426836301959325,1.013726372287407,-0.7315042436571823,0.4070846500297354,0.931385889072994,0.034496372695540706,0.11171919120087861,-0.12092304778793307,-0.019484292999485665,0.2028455395259516,0.0
1.9752914364020482,2.1941655668591977,1.3345344092030411,1.538109609268672,1.712633908942111,0.9613027336924559,0.9991737326423279,-0.8014967450162639,0.3870436386241177,0.9575278401343716,0.004020610645597993,-0.002850802754869472,-0.1849962583804758,0.04028533112523933,0.09971796653967602,0.0
1.9704993974636265,2.1652861739725338,1.3403854999663165,1.5268992740021599,1.6148856136817085,0.8677991528320542,0.9933445810711479,-0.8669985269600604,0.45093458168400924,0.8846397169115584,-0.10065998121436881,0.010589844560139908,-0.29825743538803284,-0.018641279803091743,0.14314912165175595,0.0
2.0795252060641842,2.270573701057142,1.3393820605845985,1.574443496416917,1.7640113933558634,0.9242044012130579,0.9551773195326264,-0.7724477254083995,0.3935838236683311,0.7693077130570249,-0.10128238050648274,-0.07085730062258525,-0.1180065459214441,0.11438607288085026,0.06589656799427404,0.0
2.0533926698064433,2.2333832292948945,1.272545478561309,1.5006820212900778,1.7552899809222484,0.9341152500757783,0.9269897121159903,-0.7541427025029437,0.45909708935000404,0.941489008220652,0.12627601908500374,-0.1981599172437502,-0.034683101606695736,0.07000262285458883,0.05701008156388258,0.0
2.0356653166573393,2.2525851464160445,1.3849028408090296,1.5105168635133082,1.7112296982317192,0.9724180217120295,0.9364429793570538,-0.8089584563349657,0.5133782119523461,0.8278127323572488,0.027658099450865108,-0.1396717004640756,-0.1211872172631562,0.2626731517846187,0.12495479255854372,0.0
1.9774957255616312,2.2011083746944116,1.2773887136330917,1.511690054599229,1.7982680183134148,0.9232428717914684,0.9858722331325129,-0.6740467468193057,0.4415433409980962,0.9144192418188425,-0.22982968970346282,-0.27418542659963263,-0.11140965451001981,0.2804449271848256,0.1785827239354361,0.0
1.961968785282352,2.2959244731133026,1.297084461633714,1.5261856317718625,1.7736363827782822,1.0097556141291513,0.8615878698183959,-0.7304544096737005,0.5624961398884383,0.7544259845620107,-0.23980715348621462,-0.3185094423402206,0.001608991621888864,0.23278228937624243,0.2215976982397099,0.0
1.976839021280063,2.3014676229420075,1.3641520394656872,1.5779089142930507,1.741736267771837,0.9888937021913209,0.8619762476110454,-0.7280859997955506,0.5153238341604238,0.8962578309894209,-0.11040753497247488,-0.12889182592004278,-0.08729173841078619,0.17321818993236263,0.18253219238592094,0.0
1.9404843424676006,2.3157210239688464,1.2921187954938942,1.5277813638474353,1.8243339424023142,1.0698310672973868,1.0435743895563692,-0.5689557261296555,0.6010613842024933,0.8653496875063422,0.0011814889151111063,-0.07872148722332602,0.09628133907857486,0.1424450025479152,4.818657048644148e-05,0.0
2.035452862803865,2.2392591747526227,1.3417810089064457,1.5840634649878262,1.731848916048448,0.9528953865465591,0.960901237475449,-0.6725565274947447,0.5310268984464119,0.851758447291555,0.0571192183219013,-0.0030195147642723755,0.25942494859778525,0.10395107495972902,0.006788626488359196,0.0
1.9840333044716263,2.2905210102934874,1.3363005484571915,1.555860844909379,1.7340949970329205,1.0540447147176946,0.9331479020023494,-0.6347519686479999,0.5203443836175751,0.7978061000554183,-0.0318796094280685,0.1751166680377593,0.06320148358796429,0.15760190369709917,-0.008311075224141935,0.0
2.12184790463615,2.2928982618024465,1.369328553759957,1.5793181796038258,1.7214155652111278,0.9939590847786602,0.8957018811191575,-0.6839237855999819,0.47780154216238324,0.8462801086420386,-0.11992936284315081,0.3314141549973463,0.024858531950380867,0.13749046212445026,-0.045347776649296206,0.0
2.0447550036419146,2.3803316799636165,1.4055612853020825,1.6024704566077257,1.708596565425813,1.0341364472264944,0.9359541186024293,-0.743221664462625,0.5540321238613858,0.8022047234046569,-0.2300721268101923,0.24600011289610105,-0.07173748712257859,0.0020066057003260557,0.08900168641348405,0.0
2.0098249242637305,2.2982334071913066,1.432634979925435,1.4449152266065053,1.7359844521079828,1.0256182151618447,0.9122007832745157,-0.6560891668000641,0.6000236546534213,0.8881908901198508,-0.2409649032095953,0.13899097169141017,0.016339779763681277,-0.15310265766695208,0.22702507620396384,0.0
2.08966205086053,2.3498442159531443,1.360846319821723,1.5374804661859176,1.6770548437403008,0.8797670281107862,0.8874876122099682,-0.6292163280479772,0.545133398713967,0.8852391561340515,-0.038831044772360296,0.06499798016176506,-0.07465666266189071,-0.33193280797605795,0.23005477215065523,0.0
2.002012805477746,2.3103562254228986,1.3908834218101473,1.45586346500917,1.8293472851596455,1.0464010102475034,0.919647319186693,-0.6116363715426665,0.7379596375535982,0.8640438903168055,0.07167349120762131,-0.009901007062641,0.07878242624515838,-0.24778512767315405,0.16268096769949608,0.0
1.9617513715936057,2.3165403365410686,1.394328092205383,1.5213550907783133,1.6724929437959357,0.9596779103452792,0.917757042930193,-0.6899808639140309,0.5926234159606008,0.8477835378734133,0.0016067001007948958,-0.02671507554641804,-0.0036149152565806836,-0.3018949611282543,0.24063644807408377,0.0
2.0428471537699657,2.3567316541288736,1.307865191128894,1.5431140674804442,1.7318055050503194,0.9370501228007984,0.8688367854609997,-0.6479298342394804,0.6360414002899939,0.8154316762053486,0.05269716760925004,-0.0643448672089357,0.01501000000640379,-0.27404836719572184,0.1956194093346733,0.0
1.987674491852673,2.234228400781414,1.3881390309995565,1.5623807014099949,1.7951822088118208,0.9143870833305232,0.8168697066443535,-0.6170526618063086,0.6156413262499553,0.8383861645788733,0.04322192851596358,0.04155975074094142,0.12376236091545968,-0.21574893609121584,0.14110681993835114,0.0
1.9918203839617066,2.296216318432666,1.4193540712133514,1.5852946224065403,1.7585974992875006,0.9852989418517155,0.851964559778264,-0.59134336748344,0.6895706335318527,0.8303853376816874,0.11684322871425719,-0.1009053205740902,0.19591886894344085,-0.22096025385233403,0.21718901946192032,0.0
2.080816601359606,2.375913765912833,1.3250061901910073,1.5977372862249508,1.6513592341435632,1.0437313310731924,0.9072517275810109,-0.6328518033017089,0.7260697704832016,0.746027475326063,0.0018071376488560525,-0.16990541337020787,0.06906482302865398,-0.2315334873045439,0.03168719221888083,0.0
2.0403570664854853,2.2357983295041506,1.3738788433806077,1.5662048500871584,1.7542014707856581,1.01652038683042,0.9149493550510377,-0.5068832690552402,0.665292968856116,0.8138988654625674,-0.1473123848880977,-0.16255042256308855,0.031000383882070413,-0.23901970631481134,-0.16259905510399333,0.0
2.016204593383421,2.3264252833713335,1.3640212945621066,1.5345411231005068,1.7468509655806619,1.0389287595786778,0.8585490817064071,-0.6201618463046662,0.6894759852467776,0.8315479586710722,-0.21107432250070016,-0.11563257795627696,0.06618647891731394,-0.257924245816437,-0.08664993342998886,0.0
1.9771172642671873,2.2603864652991774,1.382390584174106,1.5829733483757318,1.7139780626967664,1.0281189178427914,0.8044029315400353,-0.5236406865511392,0.7848743604272763,0.821837660416082,-0.34781775701085715,0.13242145469276834,0.17780360404197523,-0.09771418280594746,-0.21148607127871571,0.0
1.9948402861103676,2.285835610576282,1.3036606036556924,1.4673104136144104,1.80969520807114,1.0594386580740403,0.944583543046814,-0.5514026931281418,0.7339416784047874,0.8699887672728827,-0.063786823791915,0.050241772148215916,0.06288842635799491,0.02478238805723397,-0.36778564289392457,0.0
1.9922762360789665,2.3381987454514643,1.2536097994459001,1.5158760540920484,1.7984381112696146,1.0063233498665316,0.7670003371550309,-0.5022081789564024,0.6994784794173203,0.7931585582934199,-0.036820767056215196,0.01309447646856006,0.25021913002074025,0.10569490207015877,-0.25760259175062117,0.0
2.038163873463803,2.2737343658538456,1.4609823356278209,1.6419235731046713,1.7745417747040755,0.9977984381673154,0.7932412889288208,-0.6505806077578373,0.7080108913482926,0.8074606379426713,-0.12832601526047163,0.05226330603049146,0.3218520141918193,0.1084589269296986,-0.1762836891660831,0.0
2.111182916619441,2.3543474638092077,1.3745643977847462,1.6278641649180927,1.7749924354871325,1.001940676637711,0.9285409894322718,-0.5296953208698243,0.7372045325622311,0.7313488977632038,-0.03614199490292653,-0.03285551973980747,0.30161723877767604,0.004283712475566387,-0.17083236020125497,0.0
1.9943782234725842,2.297179659506656,1.2954049125374387,1.607409509354173,1.774727057963336,0.9474933303320433,0.8523719170085718,-0.5268297140039558,0.7250675449081758,0.802561221918552,-0.08021666787173551,-0.02840408687120871,0.42838764344753666,0.01757017606347525,-0.012703720779484201,0.0
2.08105753143343,2.2995372852650373,1.3346999683429437,1.5078479694078895,1.797544685279033,0.9530487433290877,0.8940885882778928,-0.5181206011730279,0.7729076488926522,0.7353191720441712,0.05376266683748326,-0.054194145700134,0.36053997055415127,-0.039018207026524046,-0.09086573097358601,0.0
2.0755413513510264,2.270410533816982,1.2912637950322137,1.670341947014308,1.8189615011322429,1.0071240274330118,0.8145853549877192,-0.5123541012886601,0.7132044740981797,0.7063010680810333,0.06359525834647828,0.17426392204664487,0.3101857967806819,-0.054749837819482366,-0.2535082093093197,0.0
1.9871546007006995,2.293049800802919,1.290842555039887,1.5159692864856307,1.7784760212138133,0.9462286765496793,0.6869276337891552,-0.45770651550773755,0.7710667227333461,0.7870518074944856,-0.10545447700538937,-0.019254425222739985,0.3832985159398766,-0.05559788899352988,-0.10474504493062603,0.0
2.0899143416153785,2.3537854485163967,1.3325340248622524,1.6904185413568797,1.7258218872530295,1.0025379372856689,0.7195166555426238,-0.5424190929856489,0.8028793870655816,0.7207987186769508,0.06755811851179215,0.11889814610665747,0.2735656057385693,-0.05818232776562094,-0.08512077061451244,0.0
2.0588273831988313,2.3340304152243396,1.4245437345733656,1.6422550773682258,1.8065171023991224,1.073852903422075,0.8336707888282466,-0.4771252273912339,0.7986937174761135,0.7787096614289802,0.13722941680389467,-0.21958217843840722,0.12415045659107544,-0.05895711896872254,-0.11563134668244371,0.0
2.1310276144388136,2.2699005484762735,1.2874550885850136,1.5273431315278623,1.760758453988608,1.026000242643559,0.840055971075256,-0.4367495863168073,0.777566680649115,0.7967519046158027,-0.09317300322707252,-0.357206246809897,0.2568386333310986,0.16042052233666712,0.04251644601724708,0.0
2.0591977362150407,2.2615933533332626,1.3695581174644476,1.5978675338545174,1.7257981553655346,1.0096274051603755,0.6804971449462196,-0.5326802562375977,0.69563621248949,0.7009111841294982,-0.013054384609403738,-0.22784638497655238,0.3262021995263453,0.10284694157437904,0.1496906731673516,0.0
2.0154794054709035,2.3568579532056546,1.388600047655466,1.5868415207763575,1.8540688360208248,1.0215736741566814,0.6795805799138106,-0.4918939759978429,0.6953024595584604,0.8075412072926439,0.13441229102039898,-0.016227819001235155,0.2926492361130791,0.2735667894334857,0.13717058798813153,0.0
2.1434087507543746,2.3434835503577958,1.3334046516827656,1.5661272495896752,1.82341468306747,0.984836350775425,0.7544878379099953,-0.4781549673504311,0.8464662912994214,0.7264041115366068,0.18634736329341892,0.13354473555071716,0.18261954346789863,0.5366810991684022,0.14659210320413296,0.0
2.1210799762190615,2.3298813105121745,1.2524859758388975,1.493078542043953,1.7595007800033946,0.9533584504035368,0.8495587816401394,-0.51194946748733,0.8081071725637187,0.7724633014895764,0.07424176126372492,-0.09702557405803408,0.18121221725189773,0.5080054648503695,-0.0383409012238759,0.0
2.008281989105467,2.4322539130922793,1.3195263677896465,1.65864188370782,1.8149901542943805,0.9512563623423197,0.7290058271463336,-0.4790453391807597,0.873410594101925,0.6581402395273019,0.04381982896811124,-0.16407934572175545,0.09164622669963915,0.3545677260090083,0.1552155215660492,0.0
2.020266496018279,2.3955620005969225,1.363906842146563,1.6238816475748825,1.8027219718395766,1.0566372591668436,0.6882799513770617,-0.4926253477759464,0.8222870492423866,0.6908626945854346,0.023469730191867575,-0.2140476700679467,0.02519755739658472,0.17158600115869913,0.09387439983945692,0.0
2.082865092140056,2.3208951588240305,1.4704328099536834,1.5983334502006954,1.817683803114197,1.0248536922698133,0.6816657433727477,-0.38733077987203096,0.8276010839246208,0.7106458519028622,-0.020079397261096227,-0.09738134061903878,0.12103593893196463,0.3415492873900854,0.0056934467992663385,0.0
2.075649501809178,2.3497303640018314,1.37120332038341,1.659543618307389,1.7827774917467947,0.9542749530569692,0.7116816812203266,-0.41745859737587876,0.8807513375566303,0.7228636690914281,-0.11461325588273157,-0.020168940973616822,0.13551713501357657,0.2766607545869102,-0.02446017406454333,0.0
2.035085477592242,2.4909226738171624,1.4134624704334218,1.6438072473490988,1.7911451575927708,0.9284628491799238,0.7270693648468018,-0.4165185662137505,0.7891689475688983,0.698026332994279,-0.2599909206480533,-0.14272638722105438,0.02951457805982964,0.3172192484881075,-0.014588758157160691,0.0
2.1427076556517477,2.4121375783820462,1.395223648142566,1.5969931128113282,1.8444246667056177,1.0625526958054794,0.6723256930265222,-0.3725585662609628,0.7453698810322422,0.7075083093264017,0.014071674750058993,0.0026143532479843967,0.17106430947802356,0.2987642794646318,0.06122559007877283,0.0
2.0477320453097354,2.3874116534687624,1.4704436056088943,1.6127027471869706,1.7793548589338508,1.0357239219085859,0.8295479366183316,-0.4025227078379762,0.870521187491936,0.6914034655780973,-0.16238259245104014,0.026294893785113627,0.16161815440365773,0.27506610299558043,0.1170169510011774,0.0
2.082412529623753,2.4216595302393875,1.4109734495991182,1.6333878180760286,1.7743797663743326,1.0499048663432218,0.7254784026593801,-0.46421519515179277,0.7860285471757931,0.6837640024491609,-0.049619377184236355,0.19352740408278907,0.1846809275572048,0.147682465228364,0.16698475040222083,0.0
2.125248479598213,2.3822214675643174,1.4273256885052512,1.6230595514367574,1.8543963334769071,0.9736860099084883,0.7243162564552811,-0.41599119996677436,0.9193187368228072,0.697441314039551,0.06489637625860352,0.07999954953370042,0.17549618628373298,0.05488517008747902,0.10605512908580696,0.0
2.0653671203051562,2.3425249636533803,1.380628781975058,1.6876659336739057,1.8069113295549737,0.9600227498105302,0.6713722313999675,-0.3957580222814593,0.8100034118382962,0.7364566524601217,0.1644286982037732,-0.008879048002568099,0.23397192354403684,0.1398394510002971,0.1808093080615922,0.0
2.0455884717221986,2.340763812188358,1.4784087989391685,1.6742370213592401,1.9142045942989696,1.0190599162565233,0.6565030446249953,-0.42279467632238643,0.8778789531498333,0.5614450012159851,0.04766850683587395,0.0345953888874384,0.23669175717420388,0.16032837848189732,-0.010034900664104729,0.0
2.037053182205218,2.43553150444016,1.4756049494109762,1.6888365516885573,1.923509859733094,0.9090785604245966,0.6131365297334312,-0.36874910323742754,0.9149326719865654,0.7026843049857642,-0.02989816122894429,0.06323909356885446,0.25407660054597453,0.05239214748619214,-0.015114210273698095,0.0
2.117757111607723,2.417865330711841,1.5296254453695586,1.6304476561032737,1.7363713542736297,0.8457889977725932,0.5959719392321555,-0.4470762773079904,0.9057736592791351,0.6338955537700744,0.047275046969356596,0.0002570616942010398,0.21084831280252747,0.18220398114256856,0.0034152482979395316,0.0
2.0628637712107705,2.3454195362360717,1.4148910236447059,1.6439348828604037,1.900837717109392,0.995229990463207,0.7435188487122348,-0.3617494531680273,0.9251810523895436,0.6407312241982949,0.04169955048805215,-0.12052493347103689,0.184315240710746,0.16846109119254468,-0.09515630050749443,0.0
2.0654315657584803,2.4132753036077066,1.4310025707290472,1.6195049560778927,1.8322658608852178,0.9000896578821213,0.5907570213565293,-0.40432438033938595,0.8535239745265842,0.5983437578854168,-0.08503197091125571,-0.10956321880064127,0.16126345055858793,0.2708941489502043,-0.18533227593484541,0.0
2.1103793686356442,2.39382370584434,1.4714104863576645,1.66729316156736,1.906816617624731,0.9489585673771315,0.6481447183686131,-0.2995487341040662,0.9333533900337943,0.645329038605761,-0.21185356557410664,-0.04106114072554737,0.1102117581166711,0.15162988580561354,-0.025678755384143076,0.0
2.067998936009863,2.39671740572158,1.453409273820775,1.6013718354858022,1.8395100534388502,0.974378284934353,0.7241803110555854,-0.3400722261871122,0.8306563856078263,0.6475619819824084,-0.13368410184010854,0.06471057421993541,-0.01645190339108693,0.2925295458976193,-0.1379057226362737,0.0
2.062460753092736,2.4760789089054502,1.4747917629816496,1.667142010712935,1.858806355322273,0.987301280559157,0.5967898102732798,-0.3953322657415085,0.8447941439011821,0.5723459553085758,-0.09766117446009175,-0.09135874280531305,-0.09601202553657517,0.28642348963453557,-0.040333333881441516,0.0
2.039078958546214,2.4127079649875505,1.4192075585476809,1.6606633401963447,1.7776553722871602,0.9121532514811123,0.627515550852395,-0.3404038563963967,0.9581077728636627,0.5755554779103672,-0.0008379320328206902,-0.08969484554424323,-0.046746143572897345,0.0631798044185842,-0.2400581438944662,0.0
2.147264330882362,2.404935538629012,1.4526080478719858,1.6031125920800078,1.8837376530599117,0.9017585812325157,0.7333742544670163,-0.23244505140312946,0.9047298170989296,0.61910714617229,-0.0691988986593327,0.010565664786809321,-0.21557520205247918,0.18042197725021913,-0.2676625999420304,0.0
2.141041095628174,2.54764829121468,1.4617512988431962,1.6512707593595828,1.7668383420942868,0.9331310574794384,0.6283549668941835,-0.3465844834082275,0.9606620718755948,0.5678075924716492,0.06678906847900995,0.006002174461665618,-0.2470193140150087,0.19842288224435814,-0.3003465064180032,0.0
2.1438258774158303,2.3404067758984546,1.4767775895305406,1.67597429188592,1.8782300428333307,0.9907607427711727,0.6304746272243658,-0.18632825261471203,0.9822042629460596,0.5629636667437097,-0.1208985805129155,-0.015244503528950161,-0.25266105401005595,0.1728600007642725,0.010527381548754156,0.0
2.094806866613032,2.4522639969426065,1.411951911842998,1.7097774046499157,1.818244359357069,0.801390643649385,0.6341509132014964,-0.23699661473835693,0.9344971843383199,0.522113439810699,-0.06995825967653342,-0.0009476734707021938,-0.18592094024020206,0.09944443632020127,0.024153683967511438,0.0
2.1385495150735543,2.436963600177502,1.486863826832518,1.6539150457113654,1.908006790889893,0.9187094219249994,0.5083317505801477,-0.16913446754874215,0.8874065096290915,0.581301134801023,-0.14105551472245736,0.03013764301943632,-0.00018452645298056014,0.2852830654787671,0.03646913806885309,0.0
2.1164739973811706,2.427228915845499,1.4628884428080553,1.6148054426171665,2.061726038610976,0.9090945986456886,0.5156682532713939,-0.2620065140752811,1.033213043699663,0.4206006901074778,-0.07966078775811639,0.19728432663421902,0.14498149692710205,0.1662110537344837,0.2074754592695298,0.0
2.1486519547038205,2.437917984940677,1.4715249937255652,1.6472312913769553,1.9102293484106156,0.9152116377107803,0.4993981221887952,-0.1695225767758892,0.9433635774606216,0.5550133679704627,-0.1021899538917275,0.3167017935377957,0.14199078100109777,0.30799235120985946,0.14721331630708795,0.0
2.095291003328747,2.3848120447482075,1.462925314581466,1.6972116163192061,1.9712055851926815,1.0156426097412559,0.5458952822272071,-0.21591011788881526,0.8594181840688616,0.5432898523627973,-0.16035537982155337,0.18589584262120273,0.04224964872687492,0.3179163828109403,0.12183807244125372,0.0
2.256662716525238,2.4828445787404014,1.4374090589046267,1.6378422716653527,1.8555166392260065,0.9101705649180654,0.5213742844478522,-0.19689224563528784,0.9450577608334724,0.5598020744955712,-0.23783997503188625,0.10505315805011023,0.04526734116576784,0.29778677836326345,0.1983117992348505,0.0
2.096678276826371,2.454748661747614,1.5504479376590774,1.6701164067840617,1.8727339940972754,0.9737430216312315,0.5468319727447585,-0.16729484123164556,0.9371811131568928,0.5258655565368648,-0.0771550027677802,0.12904786642459026,0.1321011008846283,0.31021896074057714,0.22611807929062097,0.0
2.0971824837595427,2.495192341659194,1.4860860758613623,1.6981842070458242,1.9364799450505235,0.9256180739269397,0.44039888296397073,-0.25151056275351896,0.9593505835277022,0.5571595569689081,-0.2543799627238942,-0.12107825200031314,0.22523669641541255,0.16422449956613672,0.18933200740672965,0.0
2.1386622679416747,2.4904698103196274,1.4234444163516116,1.6605265329062868,1.925652075129296,0.9762117202881977,0.4244222830848611,-0.127764270345601,1.0412333553260076,0.46973899618529935,-0.25879806606752626,-0.10930924749710283,0.13275766051774845,0.17692127307627475,0.21514132295498647,0.0
2.238157257864457,2.439131014822339,1.4499727622845735,1.727331358256558,1.9176955920037317,0.9450876485673128,0.533069236655238,-0.17384821500954595,0.9299090927080433,0.5279169226879626,-0.2997681220557491,0.03268949856705404,0.13194688168413543,0.20230411306187335,0.09396520113950656,0.0
2.1817829169883245,2.4745352580361795,1.5399572029710398,1.7288196698092202,1.8652141131984226,0.8801105274200133,0.40883989207717186,-0.18451944267844866,0.9446822774427066,0.4733546041296383,-0.12500769264515915,-0.1541003106732122,-0.04291994641212153,0.20357524479738925,0.000804437244729922,0.0
2.1521995951811324,2.440945203726012,1.517120073298907,1.655638566739908,1.8521288707944046,0.8024658243672347,0.5103595885949173,-0.21268297549048504,1.028915802798427,0.4966355403679785,-0.046646672220664445,-0.022876250881630852,0.1655066241890809,0.049795176642436045,0.07405921297447532,0.0
2.0887640111481347,2.5076958517131938,1.493189540546845,1.734212492355553,1.8626492744694225,0.826415637382706,0.41993918877012426,-0.03698110887930531,0.9253413692581687,0.4624115015812385,-0.06940255534114079,-0.0749212821545037,0.0911964439335526,0.188445498503589,0.23148130633672157,0.0
2.179751624240901,2.496183450305395,1.4076993277765946,1.6691262737005772,1.9186604674901218,0.9270390429300341,0.4191992554379856,-0.06847501504755599,0.952768036999366,0.5489980999557076,-0.10869395104480653,0.04693270842894073,0.08553941252246881,0.06103712538847117,0.20443432775097115,0.0
2.1609573613014335,2.4281318976134973,1.4750381428149406,1.6862841249464369,1.872843649056761,0.9265951058297446,0.39474175852955945,-0.08570673859935178,1.05270157161297,0.3812717720575863,-0.14003298347086202,-0.002285947404937403,0.22121455624883107,0.1104296838268787,0.049341081331756825,0.0
2.1506784377440553,2.4886833978165175,1.5776594302569196,1.7398891127532952,1.8526191787274155,0.8706309298596224,0.31216661662604633,-0.20294849400116555,1.0067630342191518,0.41025433427034563,-0.04453821885298851,0.017043918406307715,0.18670066407648206,0.11960610792433378,-0.024122891277324414,0.0
2.149715882301794,2.5688885191548514,1.5347962493018192,1.6316494620046234,1.9252389111471198,0.782557547144991,0.3818954364642838,-0.08648992321157506,0.8703060546083228,0.4418701268416437,-0.28049908227327425,-0.06424685224755233,0.024213234509056852,0.2387823236191683,0.13805430704137767,0.0
2.1725594758636704,2.4825245963965257,1.506163724596673,1.6466507995105755,1.8914964207525133,0.8981245791980059,0.4637856104717463,-0.040639396456317374,0.9835963691823159,0.4741627784950607,-0.07330313818073309,-0.03673909935942511,0.11219825830965577,0.2587994485823843,0.23553909792920147,0.0
2.094576865236931,2.5654083890672195,1.470397939018382,1.8658583481605318,1.8913475114305642,0.8417505675175668,0.31015948446952873,0.07589028207115021,0.9816414570675833,0.3830046238218539,0.0997827972160471,0.05918625098088709,0.16160447683380402,0.3159037570279428,0.24644931539954892,0.0
2.059933192204035,2.39313133713602,1.535479135606184,1.7344133845666498,1.8026816913899335,0.7739023408703585,0.35987591995938534,-0.045696171578579206,0.9570769338607718,0.3743921554818215,0.1147758324655086,0.01483594440781533,0.2516489811805912,0.41980676997936794,0.303242959306846,0.0
2.1889700217793826,2.5028979466972765,1.5129209760304256,1.717852629194008,2.0063995002788753,0.7657642734926597,0.3058021397610584,-0.026448237118555228,1.1105646575597432,0.4227959799553042,0.1740031752437861,0.03666726484873205,0.27048045116276254,0.5041411438026553,0.17172244717289661,0.0
2.1664342456910597,2.5587177586797374,1.5077962793265116,1.7047998624919882,1.936134620100053,0.9253894787324444,0.33317873455713504,-0.053205925435407656,1.020575563578866,0.41944460055420035,0.05061690963164554,-0.010734826016842735,0.22590688662674843,0.3717372191794465,0.0612059444301519,0.0
2.146522736220279,2.527698930962267,1.5332098310249627,1.6672966597798993,1.9790673417843392,0.09577799681093942,0.02969505331191893,0.051687088244957935,-0.028124195150013406,0.11913928089440336,-0.49836598120675396,0.41836054545422874,0.0654185848484414,0.006591278396568785,0.40291986268205965,1.0
2.1837125075948536,2.514059058440055,1.5196794674071463,1.6674143875688932,1.974168431426735,0.1782910006991688,0.11668283351591924,0.11773042119318693,0.19382624920112157,0.15614370262681176,-0.2707508320950385,0.21795277042926775,0.20558374929142367,-0.016645362507118563,0.1039741145996672,1.0
2.169144732978174,2.518018357104601,1.5264411719520585,1.7120106847606706,2.0103645916524924,0.41031002813140977,0.33850466128051854,0.4214476418951442,0.3974643070394083,0.4006432276301742,-0.1249868513977861,0.08128878661752426,0.055538926451021556,0.46783608427434875,-0.10708675656755523,1.0
2.1935145884368623,2.4858674269906054,1.5218627569939476,1.710423300231777,1.9214566589792113,0.6334510072729751,0.581037371022325,0.49465113212070727,0.5616634689713278,0.5708166967750863,-0.294144605871347,0.0029080664737635093,0.1071547039523267,0.44102377309238905,0.3442026092786399,1.0
2.1701763037573794,2.5237440713022328,1.5466656661249334,1.6895743985286868,1.9621834247390082,0.6979795394930063,0.6475410187072023,0.6854962544817262,0.7590452399293302,0.753076976380481,0.16640479453584744,-0.05506110298240582,0.22278975679436402,0.2726342386827614,0.22259453627123593,1.0
2.1531059351097093,2.4896598276820607,1.5703905325647969,1.6892202464268231,1.9695502459333711,0.7787255563632245,0.7490903488055045,0.9335757956303017,0.8275246792605612,0.7891174382012339,-0.08021480419259834,0.0390514770281988,-0.2780480296608577,0.20699551564044724,-0.4509756201914594,1.0
2.162920415881648,2.487390461833165,1.539228133688771,1.7082265750051233,1.9741430557992101,0.9518513908868081,0.9964410228702956,0.8469068655342572,0.9467782827596981,0.9252669517568367,0.10181337442183078,-0.31346477376317866,-0.024821771885047177,-0.13342897547254406,0.06231953940663797,1.0
2.090241007409437,2.4939350635112825,1.5750660458865842,1.6783544331031452,1.9383421380254746,1.1139979762326715,1.006385059075436,1.0034812361202745,0.9125456959329903,0.9061290004248351,-0.11892434801828537,-0.20447051944697692,-0.04712698908291646,0.02880693405201348,-0.13748123433502438,1.0
2.149289578902728,2.4925625260592628,1.558908855443219,1.695246814709855,1.987602384800792,1.014931716522118,1.0337978025410268,1.0187673487521745,1.0003694391195412,1.0378545335480993,0.04868798741088125,0.3962437862481684,-0.18501124680742498,0.0972925632600777,0.016018001216495253,1.0
2.1630130552136584,2.5062342252034044,1.4934774864741132,1.6948344373686328,1.928578720848031,1.0120237206580258,0.8504911010063958,0.9415028294446618,0.9081211121906725,0.8168624781488072,0.32169121642765736,-0.06608170216946666,-0.369093389579153,0.1950676307032559,0.34923808137864376,1.0
2.1952696709958746,2.5655039160432462,1.5473594927454106,1.686558739102703,1.990103752252623,0.9316686891029979,0.8728771523283619,0.9191417632112837,1.0017857674493542,0.8842431901567853,0.20931202866857862,0.11997771574586387,-0.24045157509025106,0.2384905817024674,-0.26606704333783987,1.0
2.187189397458289,2.576718264133945,1.5583185887415676,1.7011741566624883,1.9671425277041694,0.8119701300666079,0.87395504996137,0.781125223113159,0.8155834412908316,0.7471361457262,-0.03446811356791719,0.3232727016662794,-0.08988078516619297,-0.05533529581808339,-0.043870846264113625,1.0
2.1830873654037033,2.5585457152356903,1.541723853249818,1.7007432778586853,1.9822996788906462,0.7387160493355831,0.6290378262635139,0.6207949998161074,0.6512741814316239,0.7624980820456115,0.2516645708137451,-0.14366637419499534,0.18327221305389574,-0.04595714635747518,0.13080574696613517,1.0
2.1791931548014443,2.55033090495821,1.5589793753304484,1.703424958742777,1.9777392642889324,0.4631909750882671,0.5576929685784033,0.5321713550440013,0.6372077335046142,0.5031561685124899,0.2665997788782581,-0.0540508910380187,-0.018918805404483072,-0.2002660334556741,-0.11934570113451759,1.0
2.1585674706213704,2.558363942419655,1.5030864683289424,1.6853669625166303,2.0064749333816834,0.314493563584762,0.3611111073667447,0.37801314084253074,0.354341470999872,0.3288278881543135,-0.14329536806730395,-0.3042100305562076,-0.45296124095143275,-0.03824860028014364,0.1400707729181365,1.0
2.1953347448629077,2.522652814953964,1.5621166169208585,1.711833428818082,1.9907239280368496,0.19133418826544699,0.10862045635387219,0.12130858306309251,0.2008551726176308,0.17074277519032896,-0.31803844136481746,-0.5007499658904841,0.20399239492247823,0.1071593311087092,-0.15689246905244084,1.0
2.148309845794154,2.5512497896378323,1.5308310189082928,1.6523624894453404,1.969196691132992,-0.13758597222348729,-0.1258246376136392,-0.008909930197023443,0.032545208502948425,-0.03737332055050972,0.7265172992812527,0.12341986727025396,-0.17048641060549316,0.31422155749771724,-0.30243835913831474,1.0
2.18215410288579,2.5367540551257135,1.5095357463212025,1.7086735888241518,1.9550223320528193,-0.24549368010272787,-0.30127161420292836,-0.21261061121888686,-0.21032603470597772,-0.2529302774324446,0.07295660329463162,0.20134871565523815,0.23256208887258492,-0.13599214379989613,-0.19567196393742994,1.0
2.1901183525014067,2.5517245669197837,1.5070261546001225,1.7117079931404824,1.9782049035230929,-0.4548251119516066,-0.4141379284957323,-0.4877271818073272,-0.3232506019400349,-0.4159584601160656,-0.05230472438952333,0.1585158950017841,-0.10326292512026503,0.35251438158050047,0.16625144259122265,1.0
2.1845930335726327,2.55213667919412,1.5042950153189865,1.7068550753027407,1.990305339192881,-0.6341387483343409,-0.6791443460120733,-0.5450284200301949,-0.5328093264777556,-0.6344863906331135,0.08757824387999484,-0.08764894168382606,-0.2406233325682643,0.14943233245546902,-0.2831229559792393,1.0
2.150913216757526,2.530459515403423,1.5359012126353728,1.7096329150730154,1.990379365368795,-0.6707169862160989,-0.7617527923764363,-0.679925924571075,-0.7983296281524164,-0.6468700378824566,0.02361593563772951,-0.013293027410408947,0.3383710328252787,0.2092015322050391,-0.2719975128642964,1.0
2.1642305669953337,2.553362775293692,1.5426255078354378,1.6963480060584284,2.0253559655929636,-0.8835317992979168,-0.8007796621417613,-0.9094221796485532,-0.9249616678223221,-0.9255438670996172,0.09409705500883911,-0.09601698126385011,0.18900810033775203,-0.4933371396985388,0.12801307852622046,1.0
2.1664510033078455,2.576474247085341,1.571111919351272,1.696071992808325,1.951045236468196,-0.9006324682525028,-1.0215955248318325,-0.8607295996307325,-1.0029277267949965,-0.97297889845901,0.54988311215494,0.01879918887660233,0.29278813493289213,0.0014042078316682432,0.29651884290627945,1.0
2.1865613521849374,2.548746733472795,1.5738943937160152,1.7163173958676792,1.9844325793778974,-0.9171045937937672,-1.0739555758808692,-0.9857010766712969,-1.097901983087106,-0.997874655311596,-0.37756581786397597,-0.24846040061154773,-0.20523989277904273,0.23112422583355124,0.23919719257717453,1.0
2.185780573208396,2.547359676643974,1.5428102246531172,1.6981158219137906,1.9732078167072005,-0.9237963612012443,-1.0593795954839478,-0.9908494431537064,-1.05238688261644,-1.0584916237630457,0.03125023437810087,-0.36368803508996267,-0.04192651396507834,-0.4102578985045511,-0.32008104642626817,1.0
2.364209234967755,2.567000199347125,1.5888430986757491,1.7461016525971573,1.987021438274403,0.6695002535118582,-0.06496880780358422,0.13835926967940484,0.9129005318388922,0.22217314486741577,-0.022473752028597513,-0.005606029155545651,0.08905548203752506,-0.11700876474836057,-0.05355592652507754,0.0
2.287460370436074,2.547325127380357,1.531758865443439,1.7661248653023482,1.928379823494928,0.7166086642769358,0.11741614756654628,0.28947203133144817,0.8852909802886667,0.14326899415049127,-0.11321389182488972,0.06636408416464598,0.24167141855763452,-0.2223034416599743,0.05146603884163816,0.0
2.2339765538358916,2.5515470078397113,1.5378361964029688,1.7589471256674758,2.0748323941965157,0.5878596723452025,-0.09145810136498408,0.16808934916242352,0.9027977254834179,0.12624117432171805,-0.27843431350994297,0.13204039954099506,0.18026232302902323,-0.285243890349029,0.04822877205302314,0.0
2.2935980910852356,2.582914102131694,1.6396356234008824,1.7709760543879063,1.9813307670149656,0.5828631721545076,-0.011032392801003824,0.1796789272821331,0.9730157440160943,0.1820796054416838,-0.24555758519266419,0.14185701035650844,0.07536325688321129,-0.24542785559696595,-0.052728790015276514,0.0
2.2744727606841386,2.635528531657451,1.5758049648555426,1.8991435569428377,2.0389668348675825,0.5420836504315395,-0.046086487697759734,0.30626780120131875,0.8925470288727442,0.2749321951058705,0.02046755804917011,0.14564474230382946,-0.07739188660703407,-0.175985753390399,-0.09707278678980316,0.0
2.1528302741243888,2.585089578043696,1.5977302332716388,1.7722020591640224,1.9633447853707493,0.5288048643684481,-0.028802286515553575,0.3370265212784911,0.8711375205090477,0.09799709504449647,0.1147229806232944,0.02598019302056226,0.11997398688502342,-0.10409544650407267,-0.09575134283422383,0.0
2.2198863188711115,2.6192628841737156,1.6259373032316518,1.90820067786908,1.999601193961838,0.5697558433720915,0.052296634826109946,0.3504917495031602,0.901777739371727,0.08215909375802191,0.021702579313021733,-0.03936038534263804,0.2334352269583974,-0.15214147933074612,-0.07456110412752011,0.0
2.284479523071491,2.6098547776463557,1.637077730040009,1.784291881437455,1.9768948284207781,0.5730323465138591,-0.10989432650361138,0.28245097153184523,0.9499043714160512,0.08522204075108361,0.19902607616197962,-0.03510204945918774,0.11835093397890066,-0.06347474848726674,-0.06034518984506563,0.0
2.1424329093706125,2.532051604880069,1.6760670386145287,1.7295080692136682,2.0473601983745597,0.6301581133072856,-0.009475962878466533,0.23189207780409554,0.9062081081887436,0.1121948335833052,0.07147616895419387,-0.015338453119368795,-0.030974424261521,-0.0004710484253523106,-0.08287822021974595,0.0
2.2268880987018274,2.620309345133147,1.5932733445818807,1.8230304659006702,2.00137951147445,0.5073082235025906,-0.16233001304483907,0.2952197066642427,0.833888979451919,0.09703513682587946,-0.046020967013158665,0.023452243436399817,-0.10620961631376546,0.09513335992017356,-0.07347233509873706,0.0
2.321942777519429,2.690233023978055,1.5221748307265284,1.7916491561792007,2.116878852415635,0.5901811674182064,-0.05597279039609361,0.2791210436996049,0.9215051938455446,0.10091263130840643,-0.19476993994077013,0.10780789070343078,-0.17360089186171526,0.2268511620197244,-0.003604464748958827,0.0
2.295367072260927,2.584949834629368,1.5735536008684217,1.8611959529449824,1.9900120589487125,0.5356193520146687,-0.04355791300607466,0.3865575307758108,0.9773567343061573,0.09621845504034914,-0.030300579291166294,-0.04759320705793027,-0.14647501212865682,0.21018500112255212,-0.2868341733088328,0.0
2.328371284784123,2.6668819525842187,1.569423936624747,1.833503898855721,2.0537485789408154,0.5220629936375819,-0.044061876133584706,0.3731719208038666,0.8757047664119869,0.10778130904615767,0.06228467618761458,-0.0207631016731349,-0.08898736326279542,0.22369371763598034,-0.2484268895509989,0.0
2.3814455679080826,2.6916842909249574,1.570362719146631,1.834806092697636,2.067506215468631,0.5246787741365382,-0.14272381657731859,0.3782407981719527,0.9672382730150566,0.08764400123161425,0.007362547434825971,0.04707381203716689,-0.10424356587693787,0.30931814496427756,-0.43501665947233203,0.0
2.3509378187986654,2.6639516297698242,1.625408556321721,1.7942580706653397,2.0066151679315025,0.5457496079486944,-0.11082049082455925,0.4257914699151367,0.9290773830979301,0.12196623094599254,-0.10577013363555625,0.14124292717144396,-0.16753986224128775,0.15156305791641944,-0.3371237153962884,0.0
2.2785791857465023,2.604347792629776,1.6500815709649324,1.8345935648242881,2.0480492840304034,0.5695149576101532,-0.10774954538805456,0.41091484868129813,0.7524062364503286,0.10002743172302536,-0.14079703823317266,0.051866240403788504,-0.20509061850741683,0.31182936666745437,-0.25220918881035354,0.0
2.3272563198355325,2.723392550134275,1.624101220212558,1.796796781600805,2.0720177741620383,0.4480808274088382,-0.09535651221434596,0.4334671245312987,0.8894663634056571,0.11741548462049428,-0.0374761009417168,-0.00823556234873269,-0.23927925560893495,0.31009374493377057,-0.002214617036351202,0.0
2.3109177920750823,2.5979531703640673,1.70096831997277,1.8357395578695141,2.1027032636020566,0.4524442887732498,-0.17115963133341439,0.3486665764768378,0.7974352351728906,0.022343570876402794,0.0009347974366419806,0.052723093977640835,-0.21957150134125497,0.20680722988492484,-0.06596304067874478,0.0
2.314714418611137,2.582068430763228,1.6684810285154767,1.7292174811005407,2.026788861769234,0.5044060487253101,-0.18732597218914143,0.39557172721581874,0.8181258601381057,0.028468480260794217,-0.042643884546224066,0.04133874791591696,-0.1601887974696443,0.18515807223893022,-0.02574323935963732,0.0
2.146794671923301,2.611731357080593,1.6427068172298989,1.8813438760760064,2.0242683178222927,0.4784642810834684,-0.23834744173478242,0.440052247532255,0.8374702937882871,-0.00878333827683014,-0.018332311784683808,0.02784485859828129,-0.10690935205204088,0.3366633597896651,-0.11006369855444618,0.0
2.286449067800112,2.6152702501447327,1.6074529249534433,1.8125053474971986,2.0592538583035394,0.46242815544361954,-0.13222316507945436,0.30840417317908086,0.8214966244625432,-0.0004124674865568327,-0.04075141527751645,0.18516426781621576,0.026727892242922907,0.3191512773658024,-0.14790892061953792,0.0
2.253613487052038,2.6178621749314686,1.7219285351364086,1.8052476335910475,2.1044055920185922,0.43276740300805927,-0.35583893452676646,0.4085951562141545,0.8365967509010371,-0.000738121502366039,-0.14343127529089936,-0.048331623961896567,-0.1599976913072276,0.21685431726819993,-0.1125758142984111,0.0
2.2887965596577478,2.7554500824755315,1.6494967017163604,1.8337269009239705,2.0244522122683564,0.42162138074326355,-0.2773541549122723,0.4519921646588011,0.8617011648198564,0.00745803935689249,-0.06999309963753324,-0.025643439567310636,-0.1837845496192901,0.3062489790373185,-0.15643881747631178,0.0
2.2926080938827202,2.6553248210296303,1.6402172134517383,1.8654461215796285,2.0217061615603993,0.492827212805515,-0.17207648715104856,0.4151917151299981,0.8771153826500238,-0.07113357082391082,-0.0034682097956799593,-0.016316280744470054,-0.13237871914842061,0.15407912229891857,-0.08834197179754937,0.0
2.299327949203807,2.6096602951597414,1.6865947583244985,1.8674708237892723,2.045957473702779,0.332656689480405,-0.24152045311966724,0.47774065008399047,0.9122567571837232,-0.008116986846662504,-0.09003316143932599,-0.10072540545244804,-0.2086930358030789,0.30458660563090345,-0.14681008832761283,0.0
2.2844599721571694,2.6295854448751204,1.6698121829467036,1.8305884414648375,2.0860185436499563,0.45118385372198716,-0.23979869530693437,0.5267921344159018,0.867767687965732,-0.13014681508446685,0.038157715836448364,-0.07877397926971214,-0.19759806427052903,0.4431358310716462,0.04660451748036995,0.0
2.33324972546495,2.6499987467530723,1.6701070698137641,1.9111456536389333,2.0916979104970874,0.4875191316350564,-0.2846630457254445,0.47738215338397905,0.8122134795895091,0.03797385757203638,0.11711941140732993,-0.12889999486050063,-0.06535387768360613,0.37898001106991225,0.16943304457134464,0.0
2.321617425526866,2.726839653598417,1.6428210683240825,1.9198673456691502,2.0304569565950414,0.4384730224609658,-0.32115072235680897,0.44833420149878894,0.7598301733003247,-0.04171545563829905,0.003954352602990138,-0.17071221728738611,-0.2627656789450981,0.20768197496346388,0.27989186532600124,0.0
2.3042012931056144,2.712099505899685,1.7861820101931012,1.8846834377810744,2.0612096041890484,0.3539170946530942,-0.3142781389861208,0.40425380085493906,0.8612016539867873,-0.1404333994113289,-0.031105361709886595,-0.05443254004315956,-0.2814159907736608,0.15431260000268196,0.17552494483486358,0.0
2.310268724568837,2.630637472418405,1.6628444918546927,1.829675255046964,2.0587201116444946,0.4092975962218412,-0.283455639926285,0.4727481796629548,0.7943977381356364,-0.11467878699736299,-0.08000133747216764,-0.0947915630336092,-0.0996766667032537,0.26256933490857726,0.2736413603160685,0.0
2.3623477731889135,2.659777889588013,1.7046544799065395,1.910993749211762,2.0150348903551856,0.3507224179339449,-0.31335676163818255,0.5362421881560895,0.7658355849827819,-0.09858154711345873,-0.2944376674003911,-0.1946358296391133,-0.010912495661772673,0.30036490601815885,0.3159517832558165,0.0
2.2462837763972487,2.603774630894412,1.6019532613538003,1.8306923803744042,2.0606699657331884,0.3635948876116949,-0.31166828765789184,0.5522666895678252,0.8490629745490337,-0.06362537637371314,-0.1704553215208431,-0.12153131751909452,-0.2803531044194633,0.39830216761881976,0.3037211122348909,0.0
2.28301148959442,2.5844567885839607,1.6764985126598073,1.9443404049167319,2.0634414105188,0.3605627846705143,-0.3789438460327668,0.5870868918784403,0.723414554407796,-0.19208591300830413,-0.21990108870117955,-0.07362900940570835,-0.08304339357129889,0.2343278148252531,0.3311110515751318,0.0
2.344704646459218,2.718792680213879,1.674650851517675,1.821431497498439,2.042124816484116,0.3415476185403067,-0.3819483709334272,0.5824554708171735,0.6779136102497616,-0.11853647719085295,-0.20695262575060458,0.02085097890579804,-0.20422517921537864,0.19118712089934953,0.30744395854861156,0.0
2.3423719633615434,2.7816059992692517,1.6051450728446182,1.840825951945938,2.0050984338811504,0.32906699329161737,-0.3586176158796379,0.5110608986782,0.7189985741577704,-0.05418340900153358,-0.2763359071473531,-0.10350946051710697,-0.07579843885291186,0.1589949259980132,0.260725588470484,0.0
2.312382033115505,2.6475528656868885,1.6230369319120537,1.88399676636789,2.0200512206159007,0.26157907104620043,-0.39845587230644786,0.5766780656551502,0.7164999448644993,-0.1033867387647134,-0.18443388961167098,-0.1943436922194957,0.07458845548029017,0.1348597552679522,0.21722691900566948,0.0
2.3603341660104653,2.6114283214037886,1.7036725872220162,1.8469737732765283,2.1543043652676324,0.305333035653889,-0.36783929325596654,0.5662380251823008,0.7240742678354222,-0.15598331128428913,-0.24778870595778263,-0.26086249704534903,0.13069166766753948,0.1523875494460251,0.03922578168376331,0.0
2.3360188415065086,2.6880341135046453,1.756309813685798,1.8936299078132737,2.113978280166728,0.25658541656460654,-0.3783582519215142,0.5041313870451496,0.6718769334868148,-0.17015491995101678,-0.2507985729596824,-0.050142950566642114,0.06296924370667462,0.1417157360504658,-0.046017046099302884,0.0
2.3662300078628,2.6043909840175186,1.6580350199261722,1.7309092378755226,2.213775487396019,0.2804528528862169,-0.386009678727634,0.5670737084113753,0.7050290928837183,-0.12125936356100912,-0.24436330307071652,0.1185724384714434,0.08290543355161842,-0.12451600261684995,-0.06683232922075945,0.0
2.344671853882985,2.7018841087774317,1.7051227751095228,1.881193652723439,2.1208164465385426,0.30695387118369166,-0.394220586561388,0.44006561147201395,0.7180533996043542,-0.18470012792918725,-0.2703485687979886,0.04450589758386976,-0.11406359890476078,-0.0990115465588398,-0.09375818885643115,0.0
2.3054672004044385,2.7250497804984066,1.632243306455553,1.9064004240857917,2.1406902762827764,0.2260004005212259,-0.33842204948074844,0.6488857265592943,0.6860681418994761,-0.1930560706255446,-0.033803496285267215,-0.013740376883406503,-0.16291387301156357,-0.00827075107109533,-0.08334820684481509,0.0
2.382092359771079,2.770108267916602,1.6115465185458244,1.9227060867571357,2.1952676243476192,0.25307178555160414,-0.4095279345052015,0.6105601515794176,0.6696808901297311,-0.20797159217062663,-0.00034385626354206666,0.07083261980340216,-0.028676340866670147,0.025346082407573342,-0.09390071676396776,0.0
2.3459831853740196,2.7699222590656984,1.7214989730054493,1.837632204116126,2.056623862336964,0.23778533355321657,-0.48730788376941986,0.5699430566750587,0.7231550994389765,-0.17810693856671095,-0.17606159618632053,0.030786627814336227,-0.1595788400206438,0.04182255703475052,-0.036412745462699785,0.0
2.3824097068257313,2.745090469933033,1.7025609209273211,1.8637249643317502,2.197880980431435,0.20994374158800663,-0.3832778799586695,0.581037531455974,0.677641316467571,-0.18291002630613015,-0.029451554513024683,0.1040954108423561,-0.21566733665846144,-0.049854284822713854,-0.10021696622408909,0.0
2.3173870734285904,2.7844866026865795,1.6854239692067519,1.886016543048698,2.194611392713487,0.2759341232196493,-0.4358558177438486,0.5935589706757676,0.6011615084952087,-0.11835539394898094,-0.08344803895919627,0.0793653744973864,-0.22609427474651497,-0.024195336295814628,-0.1817855633912861,0.0
2.389501520631621,2.7375892798864534,1.7695109026347036,1.951958208518714,2.069759073813435,0.1849606994280372,-0.49326394520589434,0.6528899949487258,0.7013063634802377,-0.1615841366817506,-0.011470236674757328,0.1728331189438389,-0.25529374084652523,0.041298646245544794,-0.34847439262674407,0.0
2.2832104467363448,2.7005386749999287,1.6404479456207244,1.9776444546997927,2.1458359444805293,0.2449589663981006,-0.43712628098721007,0.6447429756055968,0.6323694004685713,-0.2600469334066381,-0.038422384545780223,0.06286351116731856,-0.18420855311541595,-0.15654263688785036,-0.34045698535734564,0.0
2.3878428762631643,2.6545054420694485,1.69449125333926,1.7776175304852957,2.171000121610526,0.20536581635120374,-0.4904621946781882,0.5986432555092287,0.6653454715801178,-0.20850107244401817,-0.08724392138967373,0.06816924738797524,-0.20639572840388135,-0.20947290916411346,-0.1993914650118134,0.0
2.4240572384233188,2.6835406753713866,1.7005443938171156,1.988160168376791,2.1373602393963753,0.1904429376117176,-0.5462707265985352,0.6738395020931295,0.558761842447304,-0.13371937991614521,-0.11538198605750058,0.03237604938089566,-0.04961878256212503,-0.14638233222233313,-0.3456561236240753,0.0
2.355488673694104,2.7987115560297533,1.6425279401015869,1.8448215642731245,2.179322201629683,0.23202519019130755,-0.5135893223597398,0.6780163022795765,0.5704752005024848,-0.25572770392431654,-0.04952597140386168,0.163743589451946,-0.1853734773473378,0.007315966434076587,-0.2793660069402571,0.0
2.387865974532687,2.6045167868820673,1.6799604607535275,1.844752704508001,2.1035978253489205,0.10163359253079879,-0.5959042172402461,0.5928788664426007,0.4591232310209274,-0.2559708329282775,-0.008777864547887121,-0.06587003492936545,-0.2048269303963698,0.15469546041770774,-0.19811685376830593,0.0
2.329577831685576,2.7262087642968176,1.6812498410834582,1.892891704786113,2.1885887740960546,0.16281073693700532,-0.533351388432849,0.7967946933910158,0.5045495532806527,-0.32088097208206035,-0.035642918024539665,-0.0252065330007786,-0.2835226007498532,0.1916472530430688,-0.20499471398843308,0.0
2.414510264361154,2.682283721330747,1.7932229152846344,2.0051806862462067,2.0972537588279003,0.16360958572567974,-0.5348333121649389,0.5847436001516131,0.597085412025875,-0.2246371671223773,-0.04006668127309061,0.008471400175120523,-0.3580643065212287,0.08017652936971757,-0.2094966634297375,0.0
2.203436119559871,2.753224521962392,1.6758107678649057,1.9611192213142685,2.15769194971517,0.14394010571441296,-0.5381547451191643,0.7196686441247574,0.4917723761302216,-0.2628131353383567,0.03266167051345409,0.10645472260969228,-0.167388302906679,0.06117954662908716,-0.06563870068725003,0.0
2.3882667615455837,2.758450825522378,1.7452227637882554,1.8861033986897573,2.1894662487309016,0.11146601606354259,-0.47353091961345356,0.8383439967429859,0.5852047639350842,-0.24112679026890904,0.10105853161696589,0.14726315252708824,-0.041146239865941875,-0.07258025508427943,-0.17066957994833062,0.0
2.3874450632652433,2.6960208803448134,1.7386357262973138,1.8503774945480238,2.044981689644507,0.119478756863333,-0.5634239052568916,0.7808910503718881,0.587292962832537,-0.2542524083805237,0.20237086433621254,-0.05181076919599423,0.10014582144128703,-0.016398128931746414,-0.12454430290061237,0.0
2.470984670880406,2.8319606669782993,1.74802953595364,1.876467458402465,2.184235252253263,0.0454604914673952,-0.5986487042807316,0.6952295550297589,0.48016153604734824,-0.25231616621762964,0.15532718456911715,-0.047809509430158874,0.12909284363735668,0.06574604655003197,-0.15973032213473426,0.0
2.4713264382694824,2.730857979641275,1.7333343283227483,1.9040863720161136,2.0521741524708808,0.06468997259521972,-0.709402983093274,0.7050827700222891,0.532115796370066,-0.3016388069296843,0.0378543211249125,0.011455089413650987,0.06305064049885822,-0.10523176403538362,-0.11090703926430089,0.0
2.3714443870324367,2.810000722401468,1.7179381401128406,2.030852656353216,2.202047009113321,0.02447757730206599,-0.5887681742051903,0.6476072226922696,0.4734092069695454,-0.2631793609653328,0.049905346911585276,0.024133759687221437,-0.015351283925812066,-0.10295182416001342,-0.09620331156502275,0.0
2.419286883879046,2.7117405472436746,1.659065840577188,1.9117601733722203,2.2344125593561195,-0.0002886794331228987,-0.5479650602797939,0.6801490812152365,0.3990150593855886,-0.28799504558932515,-0.05252412224586125,-0.21090096928300736,0.054805932002291904,-0.1523332388898825,-0.06582044995627033,0.0
2.353247627254729,2.7259758218086967,1.763937266212177,2.0715034661634526,2.065438262758466,0.08640301540043893,-0.6589545495622386,0.7311839367357518,0.4226082127707588,-0.2869872179778693,0.15871524180128,-0.1805946491288142,0.09426470734099389,-0.1729586569744448,0.04472939843146482,0.0
2.4105683048412185,2.7196428804255683,1.8586520204777335,1.9543901385121538,2.127791559928406,-0.007341336260710159,-0.7078968233368272,0.7331150752685569,0.443906430486906,-0.2998536098483562,-0.02770004536574186,-0.1285493343518458,0.21849489544565093,-0.05500167397196386,-0.12603984450050704,0.0
2.3859094658714226,2.734082342508785,1.7520343001304244,1.9968176835451894,2.1841280041785267,-0.032943482776730044,-0.5563732470453029,0.8279414782556846,0.44597742614350255,-0.28271465733184786,-0.36654163278242285,-0.10875027762307084,0.04645893705583079,0.08353042626144912,-0.09533944862102361,0.0
2.3077663655166982,2.823813864397878,1.720604575085448,1.9738243185906954,2.1028374122921645,-0.0493531027695568,-0.6709276015051361,0.7748739633478637,0.485208579644972,-0.4113981432154312,-0.14948469611730344,-0.02986308546197864,-0.02898510931894529,0.05057820909461373,-0.05107403297988486,0.0
2.390032810020522,2.7346508847453497,1.810393368729104,1.995161047033752,2.1545212658989237,0.13029087940829115,-0.6171188754969551,0.7250193965177643,0.3798582674126092,-0.299284194705859,-0.05412630993355227,0.04880202135409135,-0.04505567567089736,0.16432629441303673,0.21942005328037992,0.0
2.441727354948539,2.686206853351387,1.7648650966948238,1.9165881986968147,2.217951407160885,0.0008004393735303586,-0.6750484458501177,0.6938293198901884,0.29697234141566553,-0.24305971875989602,-0.09241002436500985,0.09102620412196223,0.13612568463417912,0.18421890697219395,0.08114675267837523,0.0
2.3305512212521817,2.817416640907992,1.7617500258964327,1.951182316084239,2.17878762795446,0.017170311339262702,-0.723387575922816,0.7308413377803293,0.49283156368279474,-0.43116854861795095,-0.22800419679687584,0.18372270223408815,0.018825786461339866,0.2658763470410918,0.06082740703858481,0.0
2.3566092267978846,2.879620498800723,1.7968673712051357,2.036408338342142,2.2530025439093024,-0.00263453926459754,-0.6776364086760411,0.803603446612357,0.3513183505182025,-0.3984743559677081,-0.18655225964563285,0.21960358783430517,0.19762819354131247,0.20537316579795717,0.07191801232613614,0.0
2.4247498316280023,2.720486963603289,1.7632911945087948,1.952817464741225,2.1767103374006527,-0.045646835503702576,-0.7120583808593133,0.7657056663077624,0.44124370922190315,-0.356007964533834,-0.17262222818243486,0.26541775800462186,0.14565391347288667,0.19737548735904578,0.030410028137370537,0.0
2.473465535929482,2.817992171772673,1.7810381827147825,1.9401004968255895,2.2156239436573353,0.014337966637934116,-0.6875717083492863,0.8012507995180239,0.4167454184608428,-0.340366251987016,-0.1738469210912135,0.3202181805199089,0.15672401808812705,0.23440745628262663,-0.026000443726748614,0.0
2.4070686403520254,2.7683799680814074,1.7555833224711002,1.9893809619017249,2.223484985283662,-0.030141672904332353,-0.7015982733016112,0.7699404777737697,0.4842994464547442,-0.41965307214489966,-0.20869943717288808,0.16260535317253944,0.16024190207609051,0.19534189253707104,-0.1187330647170393,0.0
2.376166391139676,2.8459705320661204,1.8281964119563614,2.04285962936746,2.280404602185257,-0.06638475324952513,-0.739357392609586,0.7988579591556255,0.3305868067971817,-0.3460971934661578,-0.16651556845167567,0.1714861252974641,0.17901407463700986,0.24702905216850535,-0.12464109806612217,0.0
2.4403811154278725,2.773944033816774,1.7693180134390596,2.0373003481416134,2.1947991528101842,-0.13629282538778087,-0.7600084604196067,0.7417881653526613,0.32438430222455633,-0.4464374625426411,-0.0580862965660286,0.12103506328920094,0.22676149720318803,0.1264407614876803,0.014178058230202711,0.0
2.4459873997753268,2.7925138213627805,1.7820071254699839,1.937095305584357,2.1646606785540303,-0.10781273658426917,-0.7125519597409485,0.8871816094850131,0.24441165371814466,-0.4753957018006163,0.076223382430107,0.11964872166715913,0.19824276956704198,0.015350986642701694,-0.017342853651536615,0.0
2.372836502481722,2.8410142043800395,1.8872236651623089,1.9810322388435675,2.211337966195102,-0.11296836504514218,-0.7422161996590406,0.832562552221525,0.2241559058348626,-0.4738013625308778,0.03082872698997102,-0.03739439144760401,0.20835617096623246,0.018868467074390487,-0.021833845837628218,0.0
2.4698657275640956,2.8990003454855824,1.8406517104174096,2.066831077827792,2.2374793750223985,-0.018487178514058275,-0.6698273638652836,0.7928560850792906,0.24192833197521518,-0.38018842455490093,-0.07561821224232143,0.09354731053759194,0.07600219953573778,0.020517449348097253,-0.07939726533894303,0.0
2.5148755589096585,2.841691749672097,1.7933298981053538,1.9700533885783382,2.1856215921855973,-0.059382665730651193,-0.7668654770958678,0.7974289404449578,0.34151737706401536,-0.40417925522874565,-0.034399301269235426,0.0017749502616272589,-0.17117589651383325,-0.07255761288886362,0.031026631899599103,0.0
2.418311163449444,2.8609586735093675,1.8160670132933991,1.9901020410377024,2.249154630084329,-0.06464821364921629,-0.749452457915004,0.9265262093513627,0.1900243244787892,-0.39342956959425,0.12539653405968784,-0.1440504218462691,-0.020662070712208935,-0.04563610400148778,0.06468365154790347,0.0
2.4258787943698836,2.794177249763584,1.725320302145581,2.043676307927214,2.2060394650669313,-0.045187179395440466,-0.7313935418198471,0.8961063836490234,0.2108852484694318,-0.46359032290491986,0.17938684986804254,-0.32054653838050595,-0.001392449857303522,-0.1158264449797119,0.09710672013168695,0.0
2.4711292514945877,2.8542402364184296,1.881274465269033,1.959432411071819,2.2261493377487946,-0.2519895625763706,-0.6463764187420209,0.8110824751128008,0.16022817136347728,-0.45635384098304893,0.2651826073696588,-0.22133321589384813,-0.10527643225428003,0.0930887627869451,0.09496048860149008,0.0
2.4377986540258236,2.753523081779674,1.7231514334721332,1.937405864530175,2.2907844843827734,-0.2005101617558521,-0.8037540055931315,0.8018847772458865,0.17761925583038152,-0.48799086695517685,0.24253413564155665,-0.072053017618434,-0.025984102179574718,0.24318275625615948,0.07666067322227454,0.0
2.487157898970777,2.9253844770485853,1.76509799881475,2.0184447094706135,2.173423240751357,-0.10834286814721732,-0.6900503588540641,0.9327864244701749,0.2665291742829005,-0.4858091133329804,0.2648155256246099,-0.05812450730068163,-0.2044960576621146,0.20990412771847142,-0.05826200970022066,0.0
2.391136401948267,2.792962809337997,1.7874032006852496,1.9947435103886801,2.259795673295221,-0.10829374239812495,-0.7541088738916496,0.9033595685450171,0.23228605883301334,-0.4657461531276999,0.12279313907358655,-0.03343923393267581,-0.2173513883526494,0.3551187342252796,-0.05657759987857786,0.0
2.5240590575794575,2.8932709636286584,1.7799482343466273,1.9970543621945585,2.2570948009305907,-0.2519444860758907,-0.727334879178026,0.8298478409773301,0.1647175545339539,-0.5087624218526948,-0.20549731035649269,-0.09131298698198402,-0.18876777738893072,0.2133355992172471,-0.10123506747885155,0.0
2.458576111810821,2.702780367547303,1.711382240205615,2.089442099866914,2.0995232198857097,-0.22735423304509755,-0.6490009661076679,0.9473475540690304,0.09127818117238211,-0.49905818051330186,-0.15844035008958607,-0.14515183618686123,-0.1767522341771608,0.18630573387205004,-0.11414048056215592,0.0
2.3986357358769514,2.8443369122622744,1.7732854023362274,2.0322984554526693,2.187139126075726,-0.17770297084595216,-0.796374471227743,0.8745458050206205,0.06933728445717957,-0.5309359567207907,-0.1851884599323656,-0.03667383573392022,0.03891588489250167,0.3357722777928537,-0.03984342708497513,0.0
2.393254975725302,2.8476363610408324,1.7839360600692913,2.0550229998305487,2.242058864605578,-0.26525576319622896,-0.7762378523130379,0.9188417945724026,0.22976431396365266,-0.5152116507308502,-0.16979649780656464,-0.08390622898089092,0.1040650131512357,0.3854618341827054,-0.20978083830988367,0.0
2.5222077174399606,2.7900755957764747,1.8085457826990488,2.0694829662995042,2.1592349154625543,-0.22348402477590806,-0.8063848597023986,0.7723347918333803,0.18663959574881023,-0.5085599531575313,-0.0948008426764322,-0.06529989526873343,0.07854836819282185,0.18341993065028966,-0.21603985526577602,0.0
2.476565746305339,2.8986416109512105,1.8709251777728404,2.0540646990223568,2.376574964467256,-0.2448892491354581,-0.7846638778113053,0.8644889321024671,0.0491182433769887,-0.5549029302630104,-0.042475887887764296,-0.0038212875000555313,0.07315487647003711,0.16460395889761997,-0.1556135708329015,0.0
2.405831098254902,2.8843684193442702,1.8569829410371046,2.1266029953597236,2.2258442140407952,-0.2567752228365044,-0.8829993331327276,0.9427726514062951,0.13947184055849954,-0.503260311079426,-0.19396269492167303,-0.008060557655354636,0.06703946068397566,0.047691052074364346,-0.06833657131664127,0.0
2.434936504489022,2.882726392984754,1.802920882497792,1.9944907869462154,2.278568838067525,-0.2216882402404928,-0.810195359539796,0.9033592476247742,0.017666217940885534,-0.5771681733341396,-0.2735268952414076,0.05492541209856574,0.06928835237230137,0.06260322328708534,-0.11154364383982565,0.0
2.4450050964541195,2.832663925664005,1.8648601509288483,2.062001256778116,2.304194023414324,-0.25056623278151163,-0.7977706208901278,0.921758677207067,0.05435987983570047,-0.48443749240203865,-0.3187937807523441,0.1266536998751181,0.015357920584569626,0.09653108427373475,-0.12741532135168704,0.0
2.5831794346821044,2.81253305124862,1.7128735906246202,2.078296318311593,2.3267060461510276,-0.2796383312129273,-0.8273722113577926,0.9223775242573841,0.023761491460412808,-0.702875530430538,-0.05948464981235371,0.055634001651991935,0.016381577021812286,-0.07548855569609395,-0.10740487621767007,0.0
2.4682934000289496,2.899591755069009,1.8529862544308382,2.038110030412915,2.3047553585544263,-0.23918372422385098,-0.7176334275146959,0.8893526100459846,0.097480389903009,-0.5671040814369228,0.058138577926300575,0.03803377889358928,0.1877352058413647,-0.08990649429142353,-0.08601434626547244,0.0
2.5335561210081328,2.9040364212322856,1.791867878681602,2.0254820742361224,2.264033964521111,-0.3230181491460019,-0.9114403918117463,0.9431551914712448,0.09256376388524588,-0.5099041077653398,-0.103578466675748,-0.03682956350616623,0.12814069521942092,0.0027217039622192407,0.052160711831519865,0.0
2.5434333038874657,2.995748950161505,1.833858241454062,2.0071377987128094,2.307268097169959,-0.32081525311046577,-0.8739327025141399,0.9100403976339354,-0.009003178166777346,-0.6036405840413356,-0.11807476571972264,-0.18067236467957123,0.06223140546227003,-0.08153397316073185,0.14469282677362286,0.0
2.5219613686766365,2.9381723349946567,1.8272282288056616,2.1265115885713137,2.320971807531261,-0.35606190031861373,-0.9012221277843809,0.9177034065014567,0.011314235622118722,-0.6018763600855628,-0.1291692341992916,-0.07197758373090817,-0.12747067775320894,-0.10383462726707765,0.11093499068733363,0.0
2.486489878894148,2.995515182934515,1.8317341573466008,1.9608773673436202,2.2844426687312342,-0.3312855572770178,-0.9487491618138609,0.9409522122289732,0.07541524294524893,-0.6108663528486048,-0.253452024245688,-0.13331530059149793,-0.11392071573916741,-0.04514834266592305,0.189750480272316,0.0
2.5843613027148735,2.913023898252395,1.809331722928916,2.183720214488478,2.2725953694983496,-0.37232403735348035,-0.8549615940499992,0.9960702783155558,-0.03547931226519966,-0.5696768983523005,-0.13131534953549462,-0.01475916538021281,-0.02248410280659284,-0.16640525165903008,-0.007261571125172894,0.0
2.431519988462141,2.831427831985091,1.8412989175412975,2.1362550721441758,2.3062021033500373,-0.39105579197728746,-0.8368139548613568,0.8821885471340157,-0.07526600165356667,-0.5990782577503884,-0.035530529431172825,-0.10664832737400247,-0.10397978687813308,-0.19710113848875344,0.029012006358634733,0.0
2.580247924060921,2.8135449310492016,1.882340146339307,2.078323750579983,2.326027262801218,-0.40825829684934994,-0.9447741812237256,0.9183746465554242,0.006179614311602875,-0.6201680692519467,0.055706445511136904,0.12285333945777484,-0.052355761444203355,-0.24145048639113909,-0.10701943670897617,0.0
2.551106056657782,2.839979145514811,1.7957403306930855,2.1149506932239746,2.2955141496228175,-0.2589309645845612,-0.9429838547295284,0.9283706340427854,-0.014783924977993315,-0.649639102805615,-0.00093896541489049,0.06711241268338225,-0.08930281730263225,-0.03757582669597312,-0.01870806530066374,0.0
2.5432659848404384,2.890818195715095,1.9579303607280125,2.0884037143944596,2.4078406928854124,-0.3814369992200512,-0.9544369245793731,1.0062644969550645,-0.033064850403998314,-0.697359614050719,-0.11522170094434715,-0.026874440902900774,-0.1237055453728935,0.09796443198971885,-0.0538348008335129,0.0
2.479506649747473,2.957276765360182,1.8692464387554784,2.0985408735760807,2.2801855296494864,-0.4195156921743366,-0.968227802245622,0.8730344729144677,-0.12547301594651702,-0.6521820930460149,-0.099127849406884,-0.01495570448672122,-0.01316557382559369,0.06433106943989121,-0.02358613569883368,0.0
2.5882004421215297,2.8588744666345476,1.9241938960553309,2.117928101766463,2.2748878133312447,-0.4361780650228652,-0.88840221541496,1.0234361943567043,-0.13932393285903402,-0.7132448703247425,-0.22935944694443777,0.033097376606581394,-0.04147638989613892,0.12031658226480588,-0.08190075756840749,0.0
2.5541962496063757,2.961248497765476,1.880086669794906,2.0274607790992145,2.2797328817387044,-0.47502832518959803,-1.0062666527763415,1.047246045719945,-0.25999611639652775,-0.5995907900169788,-0.30518533533080927,-0.06485966670153269,-0.08165503393109841,0.07627874961430738,-0.14551428718133474,0.0
2.58954685438885,2.971812508995188,1.8896383518715605,2.0565262804347704,2.245342058316743,-0.4282651195509931,-0.9870884152741064,0.9543338324164541,-0.08432691498150582,-0.6139909312796894,-0.43220814795263385,-0.11472452636652916,-0.035791578284462666,0.038570859682206804,-0.19354340748550528,0.0
2.551604045289272,2.9924699922663383,1.884451892334753,2.0337016335464257,2.4021357147357634,-0.43485869556121715,-0.899076002605672,0.895633041490746,-0.17209387787250116,-0.6598784266805757,-0.20334854022033572,-0.17895119277145305,0.01896855389071312,-0.19073241677787395,-0.08639952945854235,0.0
2.525309831417326,2.9421363006948384,1.8750468375162739,2.034476636195878,2.3064444551387866,-0.42672080090025144,-0.9390727676925877,0.9812055603425773,-0.19114917878910653,-0.720978242489487,-0.16029658497343746,0.0013634347825438042,-0.03757231130852485,-0.2537819383419451,-0.06820730627270069,0.0
2.5010573636743447,2.909883889079068,1.984063895139749,2.0785764076504316,2.405060767321618,-0.43959724799568417,-0.9957482823023089,0.8642278722243052,-0.15432989913446973,-0.6934914175021093,0.11476189016520104,0.11230147809244978,0.11915496722144378,-0.39651310710685717,0.046279102601666885,0.0
2.4751256782563757,2.8670265019011483,1.9133147358145322,2.097660599301554,2.28144141997161,-0.4063529894696689,-0.9899052025308521,0.9473412516832596,-0.1791650756471641,-0.6737307230730203,0.08483814463976813,-0.006677867173534843,0.14178718386678432,-0.29002514464971474,-0.00952546460004515,0.0
2.4580300850322647,3.0417457556681544,1.9035145475713606,2.1055022064333766,2.360136755303003,-0.5370609578518585,-0.9869881498366618,1.0299930459317,-0.19493239388765793,-0.6600480782535945,0.024098257716784185,-0.031415017865338256,0.10383154518578752,-0.3990690077238026,0.039817079607165226,0.0
2.539719363513931,2.9247348034964413,1.886455941499683,2.062167870640788,2.268952420154653,-0.48386519726862937,-1.0266561805916128,0.9560260352752662,-0.1849339310975397,-0.7661254164252802,0.004382854891886756,-0.02827545074068357,0.2204791780737464,-0.42663388978349737,0.030691577015979223,0.0
2.426115874727898,2.9491788770254823,1.8740784191712763,2.113828047741206,2.3756500421018334,-0.4844426654071641,-0.9066280529430604,0.9768189243966302,-0.2214234027057395,-0.6883135817509347,0.14630924534363665,0.04630158726197737,0.10846344142210186,-0.30801782418924517,0.028786977397045607,0.0
2.5917532902935285,3.0530340349598197,1.888860326374251,2.1083987441912853,2.295004161237271,-0.6274540318072128,-0.9647788300518977,0.998342823323627,-0.19286095496782313,-0.8278540915543946,0.1663252552601199,0.012232519803777927,0.19353040457763684,-0.28846855249489073,-0.22203390523266864,0.0
2.4098171665412407,2.978393536131,1.8811272882163712,2.0668505962431962,2.2853590521219176,-0.4281379419455892,-1.038997619797439,1.0154764712980344,-0.16377116846973566,-0.6848453991489797,0.24324364153833083,0.025818992236533445,0.18112213338225586,-0.2230104097539025,-0.3894178433559323,0.0
2.4802212788094584,2.9502043584338367,1.9316084488287655,2.0751235901168394,2.4209654882837084,-0.5209687091124893,-0.8970398811195062,0.9663262320958564,-0.2066803913174179,-0.7057159584201622,0.21312191204993056,-0.17292217440930654,0.16850908963157915,-0.43272769234503716,-0.3830755303343347,0.0
2.5453192751112486,2.8966792516528947,1.8714744041599183,2.159614607022094,2.338870571645849,-0.4837078932363622,-0.9667571653689355,1.0122179729482312,-0.3488549416113771,-0.7147608577280816,0.13867573698361457,-0.10792044746754342,0.07496414196782025,-0.2376072168503817,-0.5521456398545712,0.0
2.5657253635586734,2.936500480479582,1.965562420106191,2.139899888019821,2.303379444375398,-0.5600399585235322,-0.9629333899802631,0.9706281355279859,-0.2719341765293286,-0.750609714628523,0.12558897016315193,-0.173812835739845,0.06018756437923788,-0.2816772533356749,-0.5873159110552554,0.0
2.592849773255266,2.986503609080978,1.8884886394962204,2.1219525300277486,2.3263702114682525,-0.5545692502631209,-0.935866653893013,1.030578831376071,-0.30039339148860345,-0.7585187234966325,0.11518170801820568,-0.10936779359151243,0.15438486082931266,-0.20686113382271465,-0.44505964737407977,0.0
2.5605041697938935,2.9108533386975317,1.846934235618654,2.069634570506747,2.4113831488203523,-0.611644127453737,-1.015527142995732,0.9803803531361401,-0.3799110353405305,-0.7403590824070081,0.1761558214771177,-0.15910951844891666,0.11231742430080255,-0.3273556270092254,-0.09101511832512599,0.0
2.573414743853754,2.999183137836651,1.8937284698442356,2.04069531329961,2.314624364971897,-0.5871143956602071,-1.044388714527533,0.980363639169115,-0.319779856761528,-0.7861354912622764,0.02017906572984378,-0.09052638066299158,-0.03381399907463964,-0.3207116776581798,0.05101285311347366,0.0
2.588500290808397,2.9609796784067464,1.8983545468038951,2.1497918912547336,2.397647935426695,-0.5894027500038506,-0.9253665320374257,1.0291158444855082,-0.2540823712793817,-0.736115531233699,-0.07407089918533792,-0.0489989728126455,-0.18293123460713276,-0.3031207211874732,0.040508148801834044,0.0
2.5202359319934717,2.946147953455038,1.838103757408877,2.2107424397495015,2.38044701421708,-0.5788923595851344,-1.0200360424021995,1.0654489021576299,-0.32184524980280776,-0.7877373080210848,0.025921059889711065,0.038333029071803915,-0.3814864520510616,-0.24024994077695716,-0.10686121455598702,0.0
2.5563140807058717,3.044673395744993,1.8529677077423867,2.151770578266492,2.269437397342331,-0.6132213565658717,-0.9828600201405877,0.9148241428871866,-0.295287175899304,-0.7690061391207248,0.27650518018555875,-0.04369536544587441,-0.2602551366033251,-0.22587754269931215,0.08188617471805153,0.0
2.5634025446090924,2.910137917656433,2.015206629898307,2.2190216646037126,2.447152556969193,-0.6346095899962795,-0.9730038572995269,1.078957504501703,-0.3740881554668907,-0.833181400713357,0.17956023526372467,0.0881304414160267,-0.3223768759236197,-0.18879930044582574,0.07109277861469881,0.0
2.6353063710129514,2.9502942864551334,1.8886368228178794,2.2081556582481636,2.2511395971489887,-0.5211574257936413,-0.9461460846371167,0.8974521787321478,-0.3103641916679529,-0.7249415050290307,0.005893295697419351,0.07615837654111673,-0.16502201537485187,-0.2299715817944597,0.09488741973745027,0.0
2.4826818553222973,2.9581184869371517,2.002654891818843,2.099258491303104,2.2532646375510033,-0.6026242049416225,-1.0318037511956681,1.0404236966655878,-0.3320671228858292,-0.7789726643740627,-0.0876917025112874,0.13227836880365787,-0.19515609949634594,-0.2268017864762841,0.2070025372860419,0.0
2.610146325926432,2.993517089366139,1.996396702498598,2.164166554723981,2.3147467248419322,-0.6618321332541767,-0.8948071350777161,1.0989728527883982,-0.3870803993521365,-0.7109471094617739,0.06560657833731981,0.11669271158551997,-0.11109968636713105,-0.24523703101496588,0.13859565508546445,0.0
2.5381397807778727,2.9805224553421907,1.9581472902165236,2.06167023803901,2.3625045213537903,-0.6019811464591881,-0.9857516976533355,1.0705642339340034,-0.44307424331066697,-0.8159603028295658,0.19686494728713905,0.13568159267544422,-0.05821655812235764,-0.2166796568064998,0.1821894217149109,0.0
2.598015411072877,2.968340879671986,1.9171186585487088,2.131943075450556,2.3202827508708346,-0.6943270736276068,-1.0417460364416036,1.0544292347714292,-0.4417051672852359,-0.7801395606343026,0.15093025255583972,0.15634179814198734,-0.1946785717376467,-0.2462394845221068,0.19295621896939083,0.0
2.520237699536979,2.9158731929440997,1.9653211715967787,2.0647468661550574,2.42973396086701,-0.5131880907839547,-1.010944001576578,1.0215751005415785,-0.35272600039065005,-0.9240950771181136,-0.07671440352737224,0.05098963972324645,-0.16300595931850415,-0.10289185933170669,0.10025042844384917,0.0
2.6233688839758007,3.0349952989447564,1.9557242577490637,2.225455609896955,2.395065176688931,-0.6121625524805402,-0.9549125837723941,1.0153677691836993,-0.33977461111609863,-0.8028122068128806,-0.11401322946098649,-0.031430049317561215,-0.16050628560290675,0.0011209229960833095,-0.026827963831640128,0.0
2.529821025483748,3.025456662541437,1.940254631214133,2.2004706822204314,2.4776293208281754,-0.6710024195482098,-1.0231368404404242,0.8745329462418314,-0.5119655839617462,-0.8110641406597692,-0.16759221710199118,0.10076618171961518,-0.21824111250035466,-0.03372132094901696,-0.09185709269261852,0.0
2.503570625836951,3.0067882118426748,1.9216502066683299,2.131464508676512,2.4088177795849677,-0.6406782458547221,-1.0083986434422347,1.0733536740802194,-0.4571947475137999,-0.8402425393894327,-0.07334064922849215,0.13072848371410606,-0.38697266934136954,0.04056613253549501,-0.047021415639768034,0.0
2.554848078780799,3.056443893883667,1.9322517973398128,2.1514120148575655,2.400163046040846,-0.6680655997876238,-1.0226309706978303,1.044284648407087,-0.4980224330056657,-0.8329669270666525,0.10922078833369689,-0.07714419802812864,-0.19090374400522156,0.0615288732415534,0.0038551027319394804,0.0
2.562397715101333,2.9903363547862694,1.996678084673952,2.2212322894038747,2.372935681150571,-0.6057096737522139,-1.0248655414439947,0.9660189899252616,-0.5093144870849291,-0.7670610898678546,0.0842036804615419,-0.0907895373496975,-0.12264775041818562,0.0750367968576332,0.12750475076132917,0.0
2.657404291971326,2.975824604701633,1.9727048884017468,2.196132104238971,2.4517726988479813,-0.7177438073911635,-1.0257510338259572,1.0498757216389736,-0.43171423772514483,-0.9399991188300201,0.055255543580332675,-0.28444886823525234,0.028582207653054706,0.23480821564255738,0.3447925650418345,0.0
2.558897307513706,3.065590022779573,2.0567937209019007,2.1053690452292635,2.4802277938886865,-0.6212269718674325,-0.9889965569003878,1.0242259506349483,-0.5687894891596759,-0.8446898609136223,0.17172396853385574,-0.1700052072130509,-0.03983719141987147,0.3014467199802588,0.3273946379244495,0.0
2.6689976610309016,2.991116967111112,1.9207051454030883,2.1848472188824677,2.483273465909845,-0.7107079987106866,-1.049502993461429,0.9275517943033724,-0.48948217407020045,-0.8655000157974534,0.23776002134560809,-0.09642368728555027,0.07407860223223146,0.26151675418485654,0.3770509328659317,0.0
2.5459607291792623,2.911304064110269,1.9858601865833818,2.2027565999218126,2.4722705085945393,-0.78587941017966,-1.0444990455810035,0.9624089653341162,-0.6154520252527196,-0.8230456786865027,0.07397773460217522,-0.03668103118935624,0.05423144235179124,0.31130573946850837,0.41305733287366736,0.0
2.5372650404282115,3.0624346184818663,1.9028554400542854,2.1799392789163554,2.368062368613029,-0.652189794021829,-0.9836403478579002,0.9016809065361079,-0.5898422065544741,-0.8158394140094268,-0.024401656090412824,0.08786278205844202,0.08323570669034963,0.34306373031518383,0.5816042918423527,0.0
2.6790147304131064,3.1394796503325924,2.017881094917509,2.175121852231929,2.4289518363645435,-0.7030454462864151,-1.1234537122044157,1.0102334763465306,-0.5484713752117096,-0.9324743655979718,0.2644453373976645,-0.04114631921603397,0.0936166692382091,0.23364366423045807,0.4044673452910813,0.0
2.6023247971819012,3.009051291016891,1.9686666560606192,2.1634274361912698,2.4739882619352773,-0.6111436855920171,-0.9739698315534249,1.0253145032107673,-0.5549864632857274,-0.878117572988707,0.16663815079855773,-0.18649730570397485,0.1072967735420826,0.209576701943016,0.4286534044744708,0.0
2.5847079152444863,3.1167023652141808,1.9882629741990707,2.164405216777348,2.392182432698378,-0.8137868322341051,-0.8830100409263572,0.9924341027871686,-0.569806706928954,-0.8809569570217702,0.08163662271249157,-0.09928609847842752,0.03637296458663042,0.42656497924305803,0.4523313101251647,0.0
2.645033462255752,3.033326644743292,1.9931919528871518,2.132272706446037,2.372310609756222,-0.7605130041619081,-0.9303314382002741,1.0576012139628541,-0.5563266191048513,-0.8694822129257971,0.06726142248486665,-0.15387778921680306,0.0422264086070816,0.30245058882176235,0.341140982446187,0.0
2.7174480401221537,3.0964316014762416,2.1343336785494667,2.24912325217105,2.4342770891229617,-0.7749246475310588,-0.9584925091902019,1.039094949011521,-0.6484865051071401,-0.8889370335957749,0.09490624762719888,-0.23403113800473582,-0.014997895011498993,0.19573000950510333,0.34157784149307335,0.0
2.658045238146179,3.0222067187114527,2.028889039108604,2.263165523127607,2.3344334020565305,-0.7822670938509253,-0.9842411078483118,1.0265613184229019,-0.6940999065011157,-0.8695180623566553,-0.03628515383422712,-0.18674755664748194,-0.07010059538640698,0.25513730343698005,0.36522365648028704,0.0
2.6123667004661653,3.098189891858121,2.0168703287758256,2.2190682557529247,2.372156247773221,-0.770618485884113,-1.0577422784562338,1.1035554568945778,-0.6269575571086786,-0.9523752612887426,0.04265907393759709,-0.08861060193071339,-0.1774572103641308,0.13129070806805498,0.5015590150084484,0.0
2.6370914280064905,3.008820049209121,2.0193127534482307,2.30131525862,2.4311364810234943,-0.7942073382518592,-1.0371453192038256,1.043906188756015,-0.49547958791375446,-0.9231164545858825,-0.12011769175163514,-0.06147845790955144,-0.15514489649852314,-0.11513616219159829,0.5618458317047921,0.0
2.6545273461367764,3.0454616575743714,2.024157786302256,2.187980825242695,2.49319110646829,-0.8235742306169241,-0.9696890772199737,1.0589957757112913,-0.7010124702534537,-0.9087856031134224,-0.12045174855089764,-0.10594027920425564,-0.10909066206774892,-0.2017356513724096,0.2716581573867152,0.0
2.5149384693189503,3.0212503959184964,2.0407595128414937,2.2099340803396386,2.4497360236791605,-0.9371575619882722,-0.9963679931834432,0.8652985039314081,-0.5899428085232621,-0.9328818204784846,-0.10217008434033731,-0.032912331941600544,-0.16117774176447108,-0.2426716561359084,0.27753952593055226,0.0
