Channel_0,Channel_1,Channel_2,Channel_3,Channel_4,Channel_5,Channel_6,Channel_7,Channel_8,Channel_9,Channel_10,Channel_11,Channel_12,Channel_13,Channel_14,Label
-0.00293840567576306,0.01630258080361208,0.0077912730389983215,0.01396174108002919,0.027138627930249484,0.5339094830197534,-0.9605858609797918,-0.11987278277191084,0.5158664470349448,-1.073730793418517,0.0,0.0,0.0,0.0,0.0,0.0
-0.05968615142083566,0.03777944227652136,0.08668334400126153,-0.045924826020386084,-0.043836119513834364,0.6497173530591548,-0.9340404375254164,-0.14881124507717236,0.489113294876765,-1.0274526590003978,-0.06151802418351004,0.12810384576292663,-0.06791106251711021,0.19884555165360943,0.040989768898180096,0.0
0.014670456091964242,-0.058454645603123974,-0.06780787166035632,0.05867495510670263,0.09731992197385826,0.5957860517476156,-0.8996453944545171,-0.12022417195490598,0.5586879923193513,-0.8962644673992319,-0.08702106063508872,-0.027172866491447734,-0.1168783136647551,0.30841473469996405,0.07365575711155575,0.0
-0.025141850090748832,-0.07591645276904675,0.036929687919692526,0.08448565799838324,-0.01103128268130223,0.5921224061565287,-0.9759583592217956,-0.11930557353058735,0.40126656575178155,-0.9790020295431611,-0.05022399292376608,-0.1422075316723704,-0.2905087471295321,0.14785189045634456,0.04388243743849936,0.0
-0.01566727838649694,-0.008384594945792398,-0.028820931778327157,0.0054093948648327285,-0.0130965202252141,0.5514710119774674,-0.8544844791204665,-0.20891787545074256,0.47254467628319696,-0.9929597827387328,-0.05362536576476502,-0.04557167890125399,0.01432548829132177,0.06748732886243117,0.0005750290968943375,0.0
0.02092067697700644,-0.029430303176077813,-0.001050165376066739,0.06402253750856983,-0.12054267685848044,0.5776150151132197,-0.868314209274028,-0.23466162938841445,0.44033496824840007,-1.021215233027219,-0.1175728235825686,-0.16156645668342967,-0.12265503821522612,0.09431098479364759,-0.05816046747007268,0.0
-0.02213818060058086,-0.03626844436176495,-0.08106497973682573,0.06482904018047314,0.03433944567851076,0.5510580829754358,-0.8300293674802639,-0.14687165320865114,0.36768641661990686,-1.0374488245465108,-0.05190492381154211,-0.21413216477442987,-0.09576192098820224,0.13982719128904092,0.004119615524504516,0.0
0.007994687968511646,-0.03622847956583781,0.07695721184030795,-0.07151335542121104,-0.01578960352778902,0.548134706436201,-0.8293489524967159,-0.25819086715408385,0.349037710433335,-1.0390908692236558,0.020506632780481572,-0.10526378534349598,-0.21087863966846387,-0.034829754240980046,-0.15696334948373727,0.0
0.021561816339813307,0.05869257053031141,-0.05154763422044674,-0.03252268854400315,-0.06218545913798612,0.5677770760837236,-0.8948775869880433,-0.26068897459205587,0.35241191210948486,-0.967277856494311,0.14017499170457803,0.01942415389648508,-0.23374111239365844,-0.15398513583414739,-0.13747603501613354,0.0
0.01648890945188745,-0.030786851642034742,0.0074842859114512385,-0.024101128910225936,0.026652177631140334,0.6164132196045153,-0.8588619637598583,-0.3151960207876027,0.33200069294630785,-0.9581042782885683,0.14887975269601478,-0.04205101255766877,-0.12881111760554223,-0.09823442540216173,-0.16394782580233747,0.0
0.054239137588443,-0.023236079498501427,-0.04995103193254132,0.06673130614182839,-0.048051940987615296,0.6454799104347808,-0.8894508074774305,-0.2608139382404008,0.2946956455061387,-0.9687678370578119,0.10909237977768421,-0.00032504686491306375,0.06370752426163648,-0.10619736065962558,-0.19574554002788802,0.0
-0.02845184208643975,0.03926353280160047,-0.05533497751752629,0.09210892763224947,0.0584885327557251,0.7154671598700457,-0.982740764130706,-0.33478600183040574,0.3755176370834444,-1.0775736719497226,0.042814318788552394,0.05275636645299127,0.10102732072513328,-0.033380881640453,-0.04226630512700254,0.0
0.0033799389486529443,0.038019814516978376,-0.08671496146512687,-0.02404969683392273,0.004243192367819191,0.734556246245103,-0.8388147440275607,-0.3689295635445483,0.323833841479376,-0.8923676022320404,0.0209253277979878,-0.0020115288555203545,0.1284785730334077,-0.3803452717313847,-0.20772038086073807,0.0
-0.044789908637041666,0.02174650921970985,-0.005848319598348505,-0.00281334914510638,-0.10439342408044243,0.6057178355252326,-0.8831023315282928,-0.38733276378687864,0.2719392458373919,-0.9585870963629436,0.2754653501901482,0.11504989342924532,-0.020636591528866932,-0.34927990300393025,-0.19226400680173675,0.0
0.01341213356982274,-0.07441753772493351,0.009554847122205713,0.006230344861658188,-0.006334175570772485,0.6391515557695415,-0.8161365644309146,-0.403656521916753,0.35792109170313324,-0.9664647404084573,0.2600645319572872,0.08940943700802202,0.05061727995525268,-0.0035120980547448943,-0.12329218256821696,0.0
0.08578100423304048,0.043766674260047184,-0.013850770449288539,-0.055472873205011625,-0.05040998235769031,0.5936825478030143,-0.827613383831368,-0.36725610030531586,0.4023339000563989,-0.9489162740776597,0.1448370894756585,0.12922716367409331,-0.06526845448800764,-0.08419420743926787,-0.13207621724563287,0.0
0.08034444438962013,-0.07492869417977203,-0.1093636616747528,-0.07818495472896166,-0.0036780404271346775,0.5905985177465288,-0.9100197002378548,-0.3534100200699565,0.23777752715193085,-0.9494548232776754,0.14468752991371675,-0.06759723358461836,0.002169086417750675,-0.14052985127244677,0.055801614997713855,0.0
-0.049820075628785,0.03914965340519646,0.029011196757027395,-0.04926065969120439,0.07478597439657735,0.6944990850436877,-0.7831426272635639,-0.42634428314654116,0.24145917039883877,-0.9846287892730221,0.1302053114775303,-0.1919482722627255,-0.02188463519214443,-0.16199230575432427,0.05524236945227569,0.0
-0.02779949408644582,0.031210490031580718,0.012402840238283495,0.0823520886504368,-0.04174796020049111,0.6582019065271976,-0.8050329723962488,-0.3734667172651446,0.1971571532882763,-0.8942580330242033,0.054924409877992623,-0.25480235807208723,-0.002761531165284596,-0.14018190056043378,-0.025427016441769673,0.0
0.04398542501162224,0.07494886575794164,0.025787291226228623,-0.003755371145702541,0.030797289103212333,0.608494311684191,-0.8068887719836508,-0.3766373473439621,0.16004122658891193,-0.9417562207770773,0.03112588055813873,-0.07298744706441546,-0.02491342562957426,-0.07524469382313137,0.15028789358243616,0.0
-0.10028486403039108,0.022613816756033318,-0.038049764121188476,0.020853089059461535,-0.0022876594833223726,0.6941257414814346,-0.8953068770305848,-0.48001427526958007,0.23266878542001473,-0.893072791984828,0.007667696279047051,-0.029921133423634044,0.07895740357903552,0.022932908344263175,0.0451984949207464,0.0
-0.013404415358018187,0.061602457495298725,-0.047748675419220746,0.012885083505679396,0.02879658859308533,0.7180303381522116,-0.8796848480047637,-0.36813176070815734,0.13716626710873547,-0.9150886189992372,-0.17108050823079274,-0.1326439850959273,0.11905950441694202,-0.006672716077341524,0.07396238319574536,0.0
-0.03818481880982114,0.05120519720079784,-0.06792434682077494,0.001928873292767871,0.03894511000181591,0.6487709982672847,-0.7107564003481985,-0.39441462907652636,0.09291473922023508,-0.8733897773692674,-0.19343605439393197,-0.047149578013578525,0.16656988758094549,0.11210029202268594,-0.058408124908155175,0.0
-0.018456336283527528,0.05587555321148415,-0.10586594186139021,-0.09327066037341555,-0.05611709095130745,0.6932346234877673,-0.8052104427914998,-0.3742986890332231,0.12248811740183561,-0.964233301387686,-0.3693084795520625,0.12624841902658857,0.2784006957843277,0.1727254208456032,-0.12687212598992537,0.0
-0.08124859727103084,-0.07091409917348729,0.02175668933443769,0.0366607056068659,-0.015362344067780392,0.7405893801860232,-0.7311561398770956,-0.48215212861683454,0.07476703660427705,-0.8819399557264348,-0.3663890680825308,0.025644835620426673,0.20255072852127262,0.29039200965692286,-0.18741354064067756,0.0
0.035084236811249864,0.059391736324822295,-0.03219142514809844,-0.009047616753250887,0.019276134619353603,0.7475670109961344,-0.818968139854286,-0.5223605884743712,0.08766498330826535,-0.7849624906694407,-0.2873233275828008,-0.013624290533767198,0.07539849046804853,0.2248535069856165,-0.034757359173114385,0.0
-0.06203604181458319,-0.03956647339274216,0.011436407253499935,-0.007189079556862599,-0.03972456330044403,0.7217877496294217,-0.7619973970904808,-0.44355993405764893,0.06351030179195169,-0.8774675965302303,-0.10412293042424056,0.054925972705585316,-0.05766308308235863,0.14358227026955403,0.05390632959621561,0.0
0.012629264667187376,-0.09068696173260313,-0.00943734190989566,-0.044113208359896114,-0.08317249426709097,0.7389369123916063,-0.6916721587143608,-0.44457084481667375,-0.0025010646366481273,-0.925579176952962,-0.05998390814320598,-0.08251577170824012,0.05170554190746099,0.08533005627891241,0.2158033587641287,0.0
-0.0943218055868518,-0.06753811940595779,-0.05788607990154238,0.03421586864612649,-0.03556676357033239,0.7842092708991263,-0.684162010999374,-0.636469622308516,0.03253318764856373,-0.8437003065168999,-0.05775730322493444,-0.14013466061277602,0.057175406725341896,0.0930557632467645,0.07750632138526657,0.0
0.06253758758650592,-0.07377285402616054,-0.017414395923835948,0.0032334862672840324,-0.0635604588367607,0.6605611144017945,-0.6945513103405954,-0.5923300948124075,0.03187448546914633,-0.8387533511313778,-0.11411054362239759,-0.20959593527627457,0.17684996801977712,-0.03273434913535865,0.08005389879048598,0.0
-0.016339692715706525,0.006034024292394792,-0.02236062727434005,-0.0018525910990631386,-0.03205202063857271,0.6901217410115763,-0.7142006655957267,-0.5235231199011731,-0.08684440771860363,-0.7379722009222983,-0.21476526174456534,-0.16465181442446503,0.06260634054751092,-0.1221790050255405,0.22848304711598355,0.0
-0.09575626154470189,0.04988809584774927,-0.07455937257487556,0.020399391407136775,-0.015379051680881432,0.7735253281057737,-0.7045503429737171,-0.6709620152711905,-0.10799623826394271,-0.8484087187161427,-0.10099634511549,-0.10789515550583104,0.07806394055676155,-0.16290487204057158,0.06348348405478757,0.0
-0.024470879796520822,0.07490848219757146,-0.08816721539362866,-0.039352009291106015,-0.047254877674382786,0.8252970743627449,-0.6510126210547625,-0.6637357542677783,-0.004328870437174351,-0.7740420941484262,-0.02700132784418518,0.12727162701242756,0.06627941905259412,-0.16910491847416736,0.09331352427309872,0.0
-0.04319281454329589,0.047860460231904406,0.02252480523880365,-0.048441007531563905,-0.061395614823355635,0.8005778705460824,-0.6472462114294716,-0.6127663482932405,-0.004804769704519464,-0.8408048271546253,-0.04393815255646073,0.19730610199525322,0.0676103845266048,-0.11474909959314114,0.08858327277624559,0.0
-0.027884465878132505,-0.02230456424215877,0.03613277393173935,0.046968834018015174,-0.010650596719910069,0.7405515800152891,-0.5850952837835113,-0.6704890789827799,-0.12961487440129524,-0.8673215232325171,0.11216208826185778,0.08513922803454607,0.06044839180250853,-0.21501771147320017,0.01815066401395063,0.0
-1.2639536604418938e-06,0.02044945502993807,-0.016305059654195667,-0.0432221565362522,-0.008002107503570074,0.8589579142193664,-0.6706663985019181,-0.6043742175229713,0.003296497329138365,-0.7823151216273665,-0.03500221270029924,0.0006181874259639092,0.13953303394235506,-0.2499107305021872,0.207869006064277,0.0
-0.01842303738937664,0.06377991152418519,-0.03365108396821951,-0.0574719383096138,-0.055422735666076195,0.8294216096395728,-0.6262643229349096,-0.6038026494551081,-0.08048785075402,-0.7544290411042343,0.025864399899703343,-0.051631987204773196,0.05648423335967416,-0.2944045804522192,0.2405035091556047,0.0
0.07915649821066183,-0.005741642444443675,-0.08959289190055866,0.014046373038400013,-0.028494166176586948,0.7946876767742954,-0.6234766956239842,-0.7268220392534425,-0.15713420019181415,-0.7304453660038634,0.14070960055893778,0.0646854393845397,0.05934401458499929,-0.2722575651791486,0.15599353196952234,0.0
-0.0019432089946935724,0.00811691006605626,-0.0320378124300939,0.02933526054323988,-0.0025451664580753187,0.8421993012374954,-0.5702750613687471,-0.7332159481602605,-0.08962714244476114,-0.7623537376284528,0.11359868052229502,0.04009869750749756,0.18972754682484122,-0.2850273451933538,0.14053185565849735,0.0
0.023080832442742307,0.09443199412779889,-0.1003046291845638,-0.028723332523719478,-0.011054960574893767,0.7896194753567636,-0.7112977351026537,-0.7417282322496177,-0.19006972711334316,-0.7454946979243142,0.1969349795684605,0.1845378349299568,0.1053707196294354,-0.2088808588079347,0.1997662517403852,0.0
0.04020899475685007,0.020954145091860756,-0.06097426143511385,-0.004663772143012835,0.0178207478908827,0.7830763165722354,-0.5130341076787919,-0.6557305088044798,-0.3166563203074483,-0.7687612358372198,0.18749049658038405,-0.055158233802581835,0.1340841710797483,-0.31723925432528444,0.2706269885665556,0.0
0.07250263216547018,-0.05237184083460833,-0.007603510193512297,-0.09100811578636936,0.08082858837385785,0.931599880165751,-0.5933149486456218,-0.7307056535326989,-0.21598392497224358,-0.7929746893925468,0.2824168206104518,-0.15223265490924837,0.14485418774443162,-0.2654697706833194,0.019282383723208535,0.0
-0.03981090757459825,-0.005993003361285498,-0.048858443889176796,-0.0449912278319982,0.013492127961609828,0.8027719645032743,-0.618787612144853,-0.7329051745104592,-0.24167899882809335,-0.6776580140440971,0.22180758071184337,-0.06891456147857612,-0.0770882237336403,-0.23468399198953938,-0.021129470556503473,0.0
-0.0026621682891948776,0.010359977728959323,-0.010667261397701713,-0.09873551717118394,0.012624649280932779,0.8089202814603597,-0.5057292219199269,-0.6834638628372266,-0.16623246678350212,-0.6371167087373996,0.22193882075693727,0.053217693895867973,-0.10083743994255276,-0.3452116713891363,-0.04558744143913757,0.0
-0.03972707506617268,0.012526482819470552,-0.03248931202270544,0.06070128946424242,-0.02903148280516198,0.8578846068625571,-0.4844601165418998,-0.7588057092654937,-0.26753905043832804,-0.6475612315923935,0.09249216630380237,0.0384221385360387,-0.1505309654153011,-0.04565642291766753,-0.08436510266312766,0.0
0.026126591350479074,0.05244376446177325,-0.05089410839301762,-0.002597905723037275,-0.06609326475510688,0.8538884391118893,-0.49913595110354464,-0.7676547173146702,-0.35784420934589756,-0.6396309503769269,-0.07718130139482529,-0.06847897531967481,-0.22932566192099557,0.07057170338227219,-0.03889431060425771,0.0
-0.1056219900149529,0.051090681526914775,-0.10175488049881569,-0.08795991195506654,0.08391155210806323,0.8940186637841302,-0.5622734820351032,-0.7340061981647321,-0.2891102691029885,-0.6787977236205093,-0.2602292964954722,-0.08676860954701698,-0.258047439524388,-0.0005561592629188261,-0.018155971138212216,0.0
0.07429178459649095,0.03373879783499501,-0.0521424359960876,-0.0965628563817843,0.02812047445241097,0.8356138425583193,-0.48752175521718266,-0.8632606797390686,-0.23408139935253314,-0.6478522918138507,-0.11562878181109248,-0.016708694897781942,-0.27603656045880165,-0.06815871389270757,-0.03224815603830317,0.0
0.0007096291814484568,-0.007184610700054179,-0.012192617462943214,0.03701524273654135,-0.06662932596481713,0.9096344612032989,-0.636019880180386,-0.7615659094464756,-0.31920496360504613,-0.6798948700528128,-0.06967694146003395,-0.02025652034363748,-0.1045458996098318,0.07954065960152422,-0.039579962676551325,0.0
-0.011448458687454525,0.022565818493905754,0.025735737361545576,0.010687319257194643,0.016213680455003078,0.9081637840380845,-0.541113394559656,-0.8062051554154331,-0.2220210061581276,-0.5548291003412404,-0.14490568179808633,0.026417819560101065,-0.06776365892376697,0.1345675266416158,0.08540198455699458,0.0
-0.0012220554546003917,-0.05274275158192229,0.044355480321084675,0.011490777213143632,-0.06986574366418917,0.8051498496714184,-0.3992920802827046,-0.7593388482084598,-0.3056155264792428,-0.5771143694374918,-0.22021467422204677,0.23966752907323846,-0.1763081641882132,0.2578794677502223,0.17779076640720431,0.0
0.08556527731008176,0.02413609805879456,-0.039858621758558296,0.09899978351071372,-0.042298018563377435,0.9171456021076001,-0.4601148731162464,-0.8021458659405531,-0.3863833914927819,-0.7097933640496257,-0.1529056173128631,0.18329301000956866,-0.19058686599272576,-0.006151411753467451,0.15643484720841114,0.0
-0.009712549344810468,3.747842832133204e-06,0.01746012078922484,0.017813180279980703,-0.04934147829784424,0.8898274095909273,-0.4821341458080451,-0.8096425384339765,-0.4294735040804649,-0.6358115567223631,-0.008798092003744512,0.062397822048989304,-0.23401346915779256,-0.008729048492097075,0.0652792623200619,0.0
-0.08858353634596922,-0.019806754934105296,-0.07293166023762976,0.057966964575024704,0.01620239584983723,0.9291352603207859,-0.42452115686666336,-0.7928126170812123,-0.4518657489031772,-0.592860586046065,0.0016920949119058138,0.0327376061051781,-0.1461067871492213,-0.06727800577146223,0.01014529078680227,0.0
-0.07133403722986059,0.04295238660430865,-0.06532290703629258,-0.019142191510711518,0.02076114132278489,0.8691710025917082,-0.4855919670513919,-0.8847318337437207,-0.5175423073423029,-0.5184536071423479,0.06283489414432988,0.009886683263056932,-0.20195500427734375,-0.008178375724813697,-0.008051363123338528,0.0
0.004002737260647215,0.025863199835122253,0.060851506639377995,0.003341975778073457,0.030515379463395862,0.8519650529623228,-0.5099145287739427,-0.8286009476226995,-0.4404877162953174,-0.5959220317797492,0.04253251681510051,0.19412672310817025,-0.07041840836402974,-0.13764339661755234,-0.03142053946024565,0.0
0.006218869497540903,0.09082903155879361,-0.012062212337543128,-0.020363357798390568,-0.0646928489785118,0.8524759930996766,-0.3575410548506932,-0.8311219675906496,-0.461556230888479,-0.6211940410974368,-0.08556538559405126,0.19063770143313397,-0.23309933355114693,-0.08717394783068871,-0.06429673869024756,0.0
-0.008069439669905719,-0.0033496018168141716,-0.009680556364997706,-0.04966124333302469,-0.02555975591844012,0.8907952716867137,-0.4030944325318854,-0.9001437654787703,-0.46013134713665266,-0.5764473193608963,-0.009105453191549255,0.28356196130088623,0.0325078403259296,0.04143405451386427,0.022492598605947087,0.0
-0.0004245716372097662,-0.032177081565084684,-0.038102151039359544,-0.10578240585534547,-0.01306346827819663,1.0333728214306204,-0.3698669545419829,-0.8684529749700248,-0.5518373869805401,-0.520080985254257,0.11912504718384055,0.23213848420323388,-0.10286847422882775,0.009301645591162904,0.07526399629893968,0.0
-0.025571944761460977,-0.07549551182703415,0.003926285169460517,-0.08939649684813503,0.002509885634761195,0.8666209179072413,-0.4053604259406269,-0.8947487633074404,-0.4004816847233021,-0.5068128392455655,0.19474922289901425,0.09125841149501668,0.027374455274213907,0.05063065491372071,0.14913162808862582,0.0
0.01228966528383859,-0.05545011040710133,-0.03060587988592437,-0.011031659608140395,-0.046058191951912734,0.9023059147620222,-0.24260961281986523,-0.8763037552660163,-0.5344891603518702,-0.5427765535703664,0.11899483727930678,-0.14534599694399578,0.14953379536706346,0.05849155139326792,0.2720281594635968,0.0
-0.000495697350323062,0.01324702137953108,-0.04084392530114567,-0.06318887561824522,-0.021916383283852515,0.9048707004119099,-0.3630659884032115,-0.9443700178985348,-0.6458941672994591,-0.6145572274328698,0.12937638111004257,-0.15252526726947518,0.26970566160892845,0.04576497121746537,0.24131256360000805,0.0
-0.04126747843217576,0.04381601422744312,0.09515511621457629,0.029433616170838027,-0.04919784928259725,0.9407330059262682,-0.4045089448560586,-0.888283427045264,-0.5512684288433342,-0.43228547772856407,0.049378897793362096,-0.2697622918278897,0.15797868800125944,0.18796747406466846,0.15867761573952613,0.0
-0.0771284584270546,-0.0006020954902919836,-0.04441242527848219,-0.05727823127302619,0.07345574793298769,0.9200111211766113,-0.44656571787512733,-0.8111199979263362,-0.5550523132282321,-0.2961402814975761,-0.031445754969763956,-0.10374673919026185,0.20898484459848465,0.2553027091462358,0.1661000622726084,0.0
-0.046380820467008886,0.0692351357625656,-0.03366788974885101,-0.03996093590280067,0.04509637736798827,0.9188718556647567,-0.41093175136438687,-0.9258589802728563,-0.6940031450039785,-0.4317246683523323,-0.1688578559140128,-0.15532665746510116,0.10937445531364107,0.3210147558021687,0.21623553430851927,0.0
-0.05058612226741669,-0.026076395330631302,0.005557274934731918,-0.028691066103940926,-0.012326491426000653,0.9532002311609131,-0.2899502681371178,-0.8565834384669486,-0.6813205898378616,-0.35426035923908994,-0.17298114091410371,-0.11191351603484144,0.15069121915069808,0.2223243955939249,-0.023034376718863214,0.0
-0.04878184966392128,-0.0019614201211486226,-0.09011364606748241,0.0027280270851279126,-0.015630147928655608,0.9537828912046679,-0.36448787215503964,-0.916633845300098,-0.533099113706939,-0.4668954424799225,-0.15459783032991725,0.03405319157385249,0.2729426770555941,0.14904780296036227,0.07422765745153964,0.0
-0.04294077962419754,-0.0603974349799431,-0.0641878058628362,-0.0528913837217264,-0.03732438003847538,0.9998921713497977,-0.273419168270771,-0.949927685487764,-0.6638117778546797,-0.48822115405406463,-0.16253082926680812,0.011008408617311935,0.2990173281697425,0.025049292018431008,0.04086465710961004,0.0
-0.03302621563490076,0.002569633699873501,-0.011024763403385696,-0.0677511396992132,0.04176771687187522,0.9530273924010174,-0.2312940923897808,-0.9657837564794908,-0.5425064795706154,-0.35295568387141457,-0.22671329894091838,0.030202980430026536,0.18481701567836162,-0.06713957891955147,0.010447722097031223,0.0
0.04864308043663142,-0.005112742056676872,-0.07913809745255873,0.02805809631544765,-0.022733084565156783,0.9311655742796591,-0.22556465563193837,-0.9500970606625515,-0.6613626504655016,-0.5121753683738817,-0.26219460763462615,0.06223663600098686,0.06774246731619676,-0.010216760385918587,0.08307463349694712,0.0
0.008121284247937337,0.004607992551628762,-0.1068270622110038,-0.06131273377320677,-0.051469202155644905,0.8743022643753011,-0.31988173853065566,-1.0128283721801532,-0.7085307595513506,-0.3417321360669514,-0.1809900023419771,0.09029808610893374,0.19049080593391696,-0.19473076888951873,-0.1031041012012806,0.0
-0.08973360844164831,0.02610734549276066,-0.045562690179768335,0.004856432403026623,-0.04571117888360117,0.935770672667267,-0.33254843829431097,-0.9624054527772452,-0.7074071496119428,-0.3779349651895614,-0.07334753715592916,0.17435791876865767,0.06325509994458163,-0.1566184880144894,-0.07234467291111663,0.0
-0.14857630673583605,-0.0968091327174877,-0.03651770438469148,0.017264253252789658,-0.015068125534683695,0.9622664616393818,-0.23300049007238444,-0.8640053103795974,-0.6826478136713707,-0.22727464113324564,0.05012652363434647,-0.17756395236754652,0.07701127279872719,-0.08854834660418165,0.019462557364573217,0.0
-0.042656958206633455,-0.051648508575407065,-0.038951092523343445,0.0428965692363395,-0.13688846695560433,0.8643235049344002,-0.18034174758748708,-0.9976845112380296,-0.6884652106901851,-0.25210399799550276,0.21891304803798228,-0.019355337543784892,0.20988296410814478,-0.0626663534427387,0.1217507199255635,0.0
0.0521101767242446,-0.019929452268184655,-0.061652753112383676,-0.006709090159194334,-0.02985315313693672,0.9534268444564634,-0.1898077462038033,-0.9199552879060986,-0.6680608595483749,-0.27411845746629954,0.1552472179165526,-0.13141049042760852,0.08518272922696772,-0.07796059678964458,0.19740723860889986,0.0
0.026792612282044867,0.031192184331891498,-0.12994813772240169,-0.06797539578199799,-0.0029338340947175114,0.9421537209797985,-0.15010285136094254,-0.9577154603278646,-0.6407639606640466,-0.24791341228408642,0.14304915298181572,-0.17334446382904944,0.049175592891799014,-0.09427345375030269,0.11048009261081296,0.0
-0.08892837558484529,0.03995203146045743,0.023309809457350013,0.03359418585717386,-0.01711520544858766,0.882195425528081,-0.14182987890674367,-0.9792821507507855,-0.652008415931818,-0.23803952335764447,0.06493404909169359,-0.2317542989848047,0.01084357083821436,-0.07976034566463451,0.19197624407999764,0.0
0.04062333937353484,-0.09532262121940126,-0.010062011645527023,-0.027188429818328606,0.07028162778893503,1.0483026193937275,-0.07220445951381771,-1.0377426863577066,-0.8009335866703072,-0.2381927490995355,0.033506119034998075,0.01082525752485028,0.21311348559815455,-0.056535429045144324,0.09847402547136558,0.0
-0.023018283293437556,-0.04271010835764603,-0.02283107046668086,-0.05366188437121648,0.005197553877353447,0.9977129232371139,-0.10994377223749337,-1.0227102428976231,-0.8343943349368377,-0.27284783862631307,0.03866103348590985,-0.1360014124488668,0.20950034876038517,-0.12163242410014063,0.2170788150811917,0.0
-0.10170467928530391,-0.008008157085272236,-0.044695341145660254,-0.02511567501194109,-0.012594451212895735,1.0106666771829578,-0.15410158144651162,-1.0215626857088829,-0.7376395798375552,-0.2844010410940494,0.13379171422714017,-0.20175954218887687,0.13048843101203234,-0.17214358978788058,0.06107094590140305,0.0
-0.00536477274573734,-0.07524739053701092,-0.0011543328842572934,-0.010500558399204848,-0.011274637180000508,0.9773368395680733,-0.22297119464760906,-1.012633892880187,-0.8332189510437843,-0.11805976844961474,0.10848759756114067,-0.16032060862812694,0.18144945033902515,0.019478338871325218,0.10127343628921065,0.0
-0.021977249409032517,0.055126218891686056,-0.07937724739658798,-0.0396038274031145,-0.052926485525216685,0.9725159633460373,-0.10945642184370194,-0.9721882360418796,-0.858808395811381,-0.16825424475053302,-0.008944308905697432,0.09500494854422739,0.13191594129745035,-0.11239184935558476,0.13164328728179128,0.0
0.07540420625379515,-0.020872784368843263,-0.07197734870702484,-0.09332620545495553,0.022998960307322094,0.9661615157063862,-0.10408153013004598,-1.010481225000913,-0.7771054728202338,-0.1515978267097172,-0.09865318911927697,-0.07177490810922138,0.048343442711816356,-0.08326899314934416,-0.05791089518558207,0.0
-0.06763106721196495,0.08202531490190143,-0.03662343291399736,0.01054123349834819,-0.037302237734100935,1.002319909645694,-0.014696044655991516,-1.0106196876962728,-0.8207318059558424,-0.15991787338757815,-0.17528493389234961,-0.08996367398275493,0.0012145386228113314,-0.0120937780003759,-0.11431191111716432,0.0
-0.03374020105707913,-0.00013447652405859656,-0.007391440091117869,-0.049761876444010894,-0.08030898237524943,0.9828799466534368,-0.1476578891064038,-0.9757884418907496,-0.7860321245559839,-0.1209942017244015,-0.08918552448116662,0.091300016626127,0.1434955136760884,-0.08196805561250087,-0.15040037407360884,0.0
-0.0066078644655976244,0.10159426518354088,-0.09955154074176822,-0.032288363334774584,0.01015284883275671,0.9831626191710645,0.008912216216344249,-0.9806807287131962,-0.770771439143625,-0.13902579323517134,0.09622642906876151,0.031018915405843672,0.03674587906363304,0.039280101762979136,-0.26665053550863643,0.0
0.021969424544040682,-0.010205913941086985,-0.02301719863301638,-0.01415470613807612,-0.0560459797154684,0.9124132224746327,-0.033321207429736675,-1.03700147362205,-0.8981938068057878,-0.10674854621704752,-0.0163589344717949,0.027346611741383715,0.17435251365458346,0.257385257146931,-0.31657406604399463,0.0
-0.06090626125552743,-0.012335391060500847,-0.020690736857621853,-0.05819980029238234,-0.056003409229464333,0.9175314616834851,-5.924838318613346e-05,-0.9998642670439389,-0.9853236302990149,-0.01771244259887314,0.011522461441431531,0.11199314154915184,0.06875909018413497,0.16381480438406357,-0.26478548041400524,0.0
-0.011598427149284324,-0.000798822796552268,-0.08568107564378077,-0.10120181425401553,-0.04342281095424436,1.069170923677648,0.001522733018123952,-1.017430573032836,-0.8827612308182994,0.018486776877688647,0.05879711424252557,0.07883790321801058,-0.07216747217662911,0.2136423340763886,-0.2848411098809305,0.0
-0.01756873559296148,0.027753972168490078,-0.07946467327516424,-0.01286047409225341,-0.029072473518106857,1.0200245808512811,-0.07949363124522411,-1.0257832314435493,-0.8597355571314516,-0.03390503183284098,0.042846407990842404,0.15655056719669885,-0.05955613807318816,0.026768693809133493,0.08154081408597,0.0
0.037734354420709,0.04068691465357511,-0.0969306528017248,-0.009515117085419786,-0.09512298867061901,0.9508478252616059,0.02230319297749871,-1.0341858580492276,-0.8680046164618553,-0.06874777748815239,0.04571054384183491,0.05993611868081691,-0.011305346990444852,-0.10301527548540815,0.08775602776089282,0.0
-0.03768119125640151,0.011851359058051193,0.053186467980181125,-0.030234587799228177,-0.013667730578618104,1.0209105337734934,0.06782844238841215,-1.0190648893079972,-0.8466930843015634,0.024413405002802212,0.20498028737408314,0.10624281725495696,0.016261127806961553,-0.06807232183603171,-0.025308998058152662,0.0
-0.08335603979742923,-0.02887498666892116,-0.05317062333501603,-0.05298266635816638,-0.11245719888408288,1.0542033358862652,0.03274409895305271,-0.9530772586820685,-0.8351214528693554,0.05741844549252242,0.031668818406376975,0.16235903440273683,0.19787719253522382,-0.08440768961161649,0.06669122092582074,0.0
0.0054667896916268735,0.02567590718749841,-0.027767455189786402,0.059900420256726455,-0.030289837916814784,0.9619763459069784,0.05534524638379239,-1.0521693273491368,-0.949540111407943,0.06210462164702692,-0.14973916548320385,0.1316643753969018,-0.005606459072475561,0.14074056476140745,-0.08409254918254558,0.0
-0.07096139261588773,0.059092552356837705,0.051776159098609664,0.10736647301510154,-0.015600343904939579,1.051883402548331,0.021058581441002422,-0.9905122855940134,-0.932382726716582,0.024357324871393613,-0.24742666610561187,0.16765289641919917,0.11671575753440558,0.15030855761411924,-0.1937422949544631,0.0
0.002243064037769294,-0.03238392806781701,-0.05403214151925199,-0.053511299143191186,-0.038979141516177346,0.9837487592220425,0.04351060403827119,-0.9914213297455019,-0.9639677187655764,-0.04988058648242827,-0.14552776857015853,0.10804562647446661,0.10126307539911374,0.10596600645636965,-0.13231561315611268,0.0
-0.046191286520391076,-0.045975369612579316,-0.046114570316792725,-0.009621609858101622,-0.06527970993592638,1.0525768319741884,0.13498683250658788,-0.9973948665847847,-0.8961299238192869,0.14414491898631462,-0.11296036914584323,0.012024694901314262,0.06298754988947541,0.2563984601343762,-0.03148508514050154,0.0
-0.06177722727939701,-0.009764361073038064,-0.04666969941835464,-0.007038563276921223,-0.02630685591943878,0.961812345815658,0.03611289990079102,-0.989003462944022,-0.8539639727575823,-0.013913724366618585,-0.21812648776762267,-0.0080302249325487,0.02904330742002493,0.21569272825803318,-0.027194038529577823,0.0
-0.013979411775332165,0.02535735389105951,-0.11379797038215855,0.05474357230976444,-0.07850150136130574,0.9856010340684808,0.054438953298139296,-0.981330341147443,-0.9698011421287657,0.12106618492017099,-0.2514618075608951,0.10703802993233033,0.040830187731098345,0.06899333919416183,0.1298465856884243,0.0
-0.06328480424685357,-0.10860124508740346,0.00045867986655159093,-0.0689574149228867,0.028246426873110457,1.0960371894232268,0.10762697601033389,-1.003618245991706,-1.0116420348174617,0.10056088817537275,-0.24650958797946698,-0.037452787946987004,-0.0063354304583869495,0.1278302397789327,0.11238275014759763,0.0
-0.09341591368988629,0.03325243865872968,0.024754099615559536,0.012354660229946777,0.05371091428532492,0.9933676670301641,0.21838402364933646,-0.93341541259576,-1.0293644771804615,0.1768931823243149,-0.17379562063933127,-0.006361056068908411,0.08737843175659746,0.18787341322945117,0.04367835283462621,0.0
0.014827539327516112,0.012995794543792016,-0.0493883309554423,9.861648567287273e-05,-0.04109942874366547,1.0578613147184506,0.04422766221912579,-0.9768866775186198,-0.8725554925447835,0.21131019329218476,-0.03287410028258832,0.013401343970271706,-0.021434016186916954,0.25149332724773726,-0.10368775452807678,0.0
-0.057381777783923935,-0.0486163389424565,-0.024268171714149106,0.10578918003944238,-0.027726810191532673,1.0348966348869257,0.19140377991557775,-0.9422182283696792,-0.9974812436946804,0.05607849336275664,-0.04533207019083535,0.1544950050156171,0.06338437485028933,0.05111120127577928,-0.15895860325456557,0.0
-0.017157399174629807,0.07900835340254177,-0.14045545701491366,0.028594558404918962,0.015727457056033033,0.942030995720985,0.2073908830238247,-0.9567635245017706,-1.024261380866944,0.17250286002395712,-0.09712981617027884,0.1638008138472261,0.046436300665948296,0.007454132983946829,-0.13460979069920473,0.0
-0.01061200324169161,0.013872122256394424,0.037655214822001806,-0.008167100603659886,-0.10733209415148973,0.9569345806349776,0.2362270702685206,-0.9392118651305873,-0.9052679123403581,0.28132455456317984,-0.015231989441898519,0.07370173037814001,0.06309669101951805,-0.034935237844364614,0.07746692046395327,0.0
-0.010694902301069228,-0.026810791688290085,-0.03357623104532674,-0.06481242796845901,-0.0657762420057135,0.9941746265392426,0.27099768474638375,-1.0297342687984494,-1.022338552062056,0.3003833491956136,0.05222548325211183,0.15364444513291278,0.12801613084170368,-0.20109760027673246,0.0619390419629754,0.0
-0.08550097906771692,-0.06521514532503772,-0.050383063059628266,-0.04659503720364934,-0.018793554275660544,0.9219079551892408,0.20397989069751998,-0.9851602583457391,-1.0156538023760129,0.2466999813115943,0.03237777377770635,0.03754919415999279,0.024939905811572488,0.0019310207678591151,0.08678792128680846,0.0
-0.03254033563212303,-0.030100260267389826,-0.015221911799080355,0.03648807488403379,-0.011210900155286588,1.0290505635322056,0.20730515094848476,-0.9672015156464192,-0.983213601918087,0.1635193323495931,-0.02274328689400331,0.004331112057776532,-0.1342872692416233,-0.09359776135595313,0.24303324309886515,0.0
-0.04524125296362641,-0.06553286379872858,-0.05522013703987817,-0.04422068529244794,-0.0634434492607579,1.0019650897711452,0.18188443765402768,-0.9241030764054415,-1.0193936938237493,0.23144939055102093,-0.09748561664157561,0.1596051076067058,-0.03292403728018674,-0.18167003565276701,0.24003447656272395,0.0
0.03498215390195095,0.05240544335206482,-0.049292917425915045,0.01001459670459644,0.006416475091188027,1.032683068142011,0.2086579014949582,-0.9562564348792052,-0.9913681286818499,0.24796528282689265,0.12636203048481712,-0.011729729979483183,0.009120165707706997,-0.35324052265059236,0.3270405296250104,0.0
-0.09098730834753294,0.011768074773751601,-0.08454480700252329,-0.09136625712582798,-0.03330180385548506,1.0333407513884099,0.30179564165895245,-0.974317718683729,-0.9970477088093055,0.31273178182708705,0.1956157501965891,-0.02098692071293992,0.06564619373310156,-0.32052705811252047,0.32892281223691533,0.0
0.032122362700082334,0.017773509184291734,-0.05691638162514136,0.02706522676494271,0.0024996240645460063,0.9978839798074169,0.21365959546917104,-0.8574229176855173,-1.027129508356398,0.2727220530310847,-0.039917478317216065,0.18895034005513675,0.2372357864484511,-0.2163136980372545,0.26279417647585496,0.0
0.048993845584027175,-0.0674549869030168,-0.19049666118265393,0.03068235922777581,0.07000493619787954,1.0267099435488043,0.26644857689635054,-0.8574771950349687,-0.9054950174542047,0.2747681323274773,-0.04781485323789006,0.17824251111642872,0.047805960089606886,-0.07009223177373874,-0.02559822147480509,0.0
0.01651963633931447,-0.005374053185499192,-0.06926612291746703,0.03979638440776016,-0.09612466569052298,1.0067006619045682,0.18092147320972207,-0.8777749476069391,-0.9538780812737542,0.3095188628732134,-0.07376086698571793,0.18547261419273214,0.16903366732573194,-0.05252235620564763,-0.02439644849896053,0.0
0.036506662360821285,0.005968776310219918,-0.07347311402194237,-0.07809224183247315,0.03463024901723137,1.0295958981620592,0.28226833897950704,-0.9200601455208979,-0.9696490639932993,0.3542847018197927,-0.20680218263513284,0.1628289176223517,0.19210020413717677,0.029495754045135457,0.19395432024107306,0.0
-0.08927567001508538,0.02593993621124524,-0.12807500962890775,0.06071989343772661,-0.03473435838268027,1.0851739383696746,0.32124367031402806,-0.9350572967074405,-0.9971692293852251,0.3936570476577978,-0.1582427866782455,-0.048532065186813717,0.14735464240512822,0.18201922602975626,0.17279212444988568,0.0
0.019247650695157298,0.1110142859996219,-0.09228809449314708,0.016505030081576482,-0.030062004266411365,0.9355444918771822,0.383405171824056,-0.8866756924217274,-1.0640969525542883,0.3862583238236398,-0.12119360138474851,0.006243406469640646,0.036921452084013234,0.09805011792910018,0.12137676454780345,0.0
-0.09356946704726339,0.020476424170905876,-0.11473201951327333,-0.005931979399492289,0.04324179245598275,1.007476512529521,0.3840879782561153,-0.8992558478394096,-1.0341036887281514,0.4976252034225398,-0.07184242585008624,-0.02191113552683749,0.14220077242203183,0.09051316641656537,0.042418775650105184,0.0
-0.00869025671767951,0.00582604545397656,-0.009653561750094339,0.04073267268540355,-0.017817163433365802,0.863477600249086,0.3922547687945258,-0.9053798370155187,-0.9269896153597788,0.5181915137649343,-0.2876894251469101,-0.09483593723823042,-0.008994815341641399,0.03341696547717943,-0.16175371775448832,0.0
-0.08669667272006286,-0.0092016007482893,-0.057253668886058644,-0.033147399321367205,-0.1402305338940898,0.9686057906125601,0.29896389442591276,-0.8695021023057955,-0.9688441712870342,0.4415875949565514,-0.18222233583813227,-0.05102633478369859,-0.200724224812468,0.014140758401027867,-0.18761945148958475,0.0
-0.002403243664487388,-0.08673071266527733,-0.06940800356224879,-0.020660079587663305,-0.08257890410850736,0.9690296953442458,0.3080926442817411,-0.8347621984974744,-0.9848568874590723,0.3920914419180834,-0.05800629204773988,-0.020207614223902652,-0.33175205292354115,-0.04275590758811394,-0.1061970282488083,0.0
-0.05022465632843097,-0.04747032356129938,-0.05333329540597698,-0.06688878030213213,-0.008213245786192085,1.0333764999134583,0.4201714699599654,-0.8600542187713904,-0.9713293499360319,0.3543185487274303,0.07759793150267422,-0.08398354779313805,-0.29576683311300045,0.046468887856860076,0.19355222051801685,0.0
-0.027274879327013318,0.0771225588620605,-0.05493741959041851,-0.061103062020487126,-0.04329075754469126,0.9696106910471549,0.38777331772787427,-0.8108798977370313,-1.0751672718547414,0.4190817337248934,0.22023972754066962,0.01087963912495199,-0.1587263606651733,0.1638108156147649,0.13004544117377784,0.0
0.07005800212144477,-0.10129782239547348,-0.0719975115871963,-0.04532886053518737,0.005090621503103077,1.036928182876523,0.4133750050328336,-0.7817735921602532,-1.0759932771116698,0.4573242162061795,0.1361566435212335,0.07941183641007798,-0.012010798085226412,0.02233803324006904,0.1925434828882217,0.0
-0.008668982682727575,-0.06518601676344477,-0.01159829121619891,-0.09165905508550033,-0.04722346033302344,1.006538943898697,0.5063853348756748,-0.7796251199643931,-0.9714415367883013,0.4823502564652685,0.027747808509405433,0.10102382463584489,-0.0014131224267295,0.15272443141844147,0.10082577307201798,0.0
-0.012647667454216173,0.06764900965732275,-0.083281892227418,0.02269396175208686,-0.01615117253093418,0.9019952844595982,0.36200468658027246,-0.7370310699198102,-0.9785736629610751,0.48325547638192823,-0.06393382627241476,0.06403966550306539,-0.0039941714514321585,0.19379308270525036,0.08327859599373522,0.0
-0.02216403452823076,-0.03972624838250507,-0.06488858812274297,-0.07377554990865326,-0.12220046249397282,1.0302708368496565,0.4993470291180502,-0.7478357579663133,-0.893334548331882,0.4413561829704754,-0.010811002446081373,0.047156765615988,0.007591122161680657,0.21216006784828065,0.00015772582960904558,0.0
0.04386125930353135,-0.00666012997351065,-0.090024135453313,-0.005499881770100263,-0.1819577508738417,0.9150773995638625,0.502870034617674,-0.7467791995422827,-0.9728456399370669,0.4433423805736596,-0.09172728145473236,-0.002685180570052296,-0.03365330869446504,0.41514177165688326,0.23711007726437508,0.0
-0.0049034492709218724,-0.016902504210745656,-0.04250038578586976,-0.04429348999052885,-0.0251126606759066,1.004310593990845,0.43807416715737085,-0.7732310767423318,-0.9591223020103814,0.5274693353964511,-0.051007692641605026,-0.14401617428591174,0.08525616939241201,0.46822910389953376,0.25466202649681763,0.0
0.04416751804091131,0.011726126758299054,-0.11683985474783423,-0.006307375098509179,-0.11235708917540116,0.896097131285865,0.5179058633771085,-0.7767781940354924,-0.9330575604539605,0.4871098137612226,0.03178072410211539,-0.23092515610590686,0.06616765822409205,0.3714432985476668,0.2140996421178197,0.0
0.024677466108048093,-0.00981817682126878,-0.017952161373161954,-0.012151438001920803,0.019163430430081584,0.9309481258213107,0.4751680855492914,-0.8241520816450175,-0.9336047979799553,0.5928943369812731,0.07210322723737568,-0.3936778295933481,-0.08332688900757944,0.08015883199220528,0.17179989054965863,0.0
-0.09335022848457562,-0.014899959063403401,-0.07901386639307961,0.0317298623767677,0.020790579123217426,0.9423009547624592,0.44598848168710203,-0.8826588998459455,-0.9481231878716527,0.5414201742312439,0.06801911011729894,-0.22840227884674819,-0.04181472325987523,-0.013779512704839639,0.1510395436167944,0.0
-0.1081544462383463,-0.0010853850218802141,0.03199631799663076,-0.034804705544792175,-0.030768679455845493,0.8587965361378889,0.5781761592394932,-0.8326728615172119,-1.0349761436592855,0.6130969044430978,0.038125236129616616,-0.16976151493259947,-0.11486342863580888,-0.21231819841106353,0.24935514640823148,0.0
-0.003863815337009028,-0.05417989653599527,-0.08770717865438048,0.009134843453822612,-0.020819568108391924,0.8789894837615109,0.540820598123545,-0.7406034015532575,-1.0916217759702915,0.6607724969486345,-0.01343370392763446,-0.1847801859796515,-0.09791991655124163,-0.3658335956451304,0.13233497198347807,0.0
-0.046063874843005045,-0.07480052842432094,-0.05134252178079897,-0.13902879852827954,0.040886052666508,0.9096937832044685,0.559071372506647,-0.692827422525147,-1.026224157841786,0.640125439188978,-0.13208036641427506,-0.17645930138296878,-0.11555703116332235,-0.4266042886465491,0.04167133267023326,0.0
-0.07109615933480898,0.09627504508253917,-0.09213470979179145,-0.03834726968677126,-0.10742638791994666,0.9369341986219686,0.5803830256500332,-0.6460696042489831,-0.8983072166781153,0.5611820968002624,-0.09969321309421939,-0.2248518860702186,-0.10023307502278471,-0.32173655899545106,0.20229859348054233,0.0
0.017920258897866206,-0.058373924013149586,-0.06946528753495705,-0.04566243035562756,-0.03118701630579481,0.9445917882568635,0.5478778815450035,-0.6800257663249856,-0.9996067994977951,0.6112000530293261,-0.010152615637112561,-0.15016869619986528,0.21380198714741358,-0.2112604858195679,0.3937353465325834,0.0
-0.021351173486888836,0.0298047868041706,-0.044329665125220075,-0.012879846064249753,-0.05132622652511397,0.9045209928672506,0.5946941735981093,-0.7131734595343928,-0.9359859534802337,0.7579196165825873,0.191036870103607,-0.2151592036031708,0.10289499933646598,-0.058408087623727484,0.22665021985061803,0.0
-0.05866520347037227,-0.08637440834080827,-0.021659790681860303,-0.11036400587207608,-0.0014150467309187245,0.91399314557716,0.6080327624701115,-0.6409120426070716,-0.873636815122406,0.7315614814120558,0.0683667394308199,-0.2623326659608569,0.01299674748594859,-0.03508702760416784,0.2727823839837779,0.0
-0.04609240181467723,-0.03769322397110192,-0.10505653149787862,0.007406920492242026,-0.012997493384741016,0.9041174883239429,0.6020109333645468,-0.6173467306271055,-0.8417168014394003,0.7070992590342859,0.19394779373406235,-0.13752869939567267,-0.030709399994791574,-0.11288627875483773,0.12338561688574966,0.0
-0.09330243015348855,0.0006765387553482657,-0.2100668611779621,-0.07115847608486822,-0.0625953131265152,0.9418981207079847,0.5829883445544415,-0.6443377326688147,-0.9829059266661405,0.7577233276948222,0.07895112853021162,-0.004174031934734826,-0.010501215354296113,0.03867250265054738,0.11211511424762755,0.0
-0.05419650849325277,-0.09570433238999372,-0.21276636194097454,-0.06426822915586268,-0.08197683300963744,0.9434320572539323,0.6554665689517931,-0.5146459772028582,-0.9022770364276499,0.6730774678200429,0.033937867482134614,-0.14985758768426674,-0.04639214815643111,-0.04388650304052533,0.05807602702563313,0.0
-0.03103677296603196,0.0140454454038322,0.052868461844568254,-0.07954010410517329,-0.04165906193235457,0.9976237737468965,0.5445576922291887,-0.5566082181626133,-0.8783991222919941,0.7180732450762537,-0.08070344703026672,-0.06547491005240758,-0.15622164280939332,0.10854026697084052,0.09625784011566121,0.0
0.01821774428580307,0.0014831032095231275,-0.07047594669127223,-0.05405721588187008,-0.007443007310732129,1.0436456726747292,0.6277414452539518,-0.5913959576217352,-0.8271664542933289,0.7224742313075463,-0.006365926100562011,-0.12645027225404792,-0.15094850553544292,0.07687382524309813,0.12939217386535382,0.0
-0.1381012056677366,-0.09580874288012804,-0.0020485627078149077,-0.016948488992726315,-0.012260531839068445,0.871748955630456,0.6086987295101849,-0.5368953901304623,-0.8722493482344975,0.7073044097735732,-0.08011918399880835,-0.049902531363982754,-0.12292390937839709,0.35733811535294724,-0.02498209637395575,0.0
-0.05797579366161607,0.09713209279386315,-0.1770615966037468,-0.08367178415628795,0.0014767342082335766,0.9135805618110144,0.5684500880400037,-0.5442674248470453,-0.8590880294999997,0.776995680171176,-0.07791131491421366,0.03608361206825989,-0.16382882329307263,0.3097229574284325,-0.07318494823006745,0.0
-0.11445544412066014,-0.04828299921414848,-0.14662326641838785,-0.018736636588804208,-0.05708803356808698,0.9089437837944769,0.6914935770976767,-0.6006226537135855,-0.8104221331736724,0.8130681878871514,-0.0790058909235419,0.02804631687066161,-0.05733939569787119,0.16521566332854298,-0.15579267729755658,0.0
-0.05426412206853595,-0.08502717384643808,-0.09526261030292513,-0.041554448280603014,0.007203845795997962,0.8647553814312697,0.691518803418508,-0.540089045483202,-0.9779298118208637,0.8184921961469258,-0.08093302448286457,0.14066179872905882,-0.14616508149383056,0.19037652701156785,-0.13263591551078052,0.0
0.05531439898785782,0.02298231583982866,-0.11684612634744801,-0.10631551694022576,-0.04180164126040017,0.9133323153604418,0.65321462684759,-0.5141979864349456,-0.8010724259482083,0.8256641117923887,-0.08205521362714337,0.17189432273527266,-0.2801646839912679,0.00707855736728602,-0.30057542158747186,0.0
0.014159364688336167,-0.07461273256844221,0.04006415590292908,0.08126021256246449,-0.03219093211006173,0.9264237152152837,0.6373406519585789,-0.5568300347092972,-0.7965614733379079,0.8008321481239228,0.013286403142615505,0.10224983430986372,-0.2054585807093294,0.09531361674526898,-0.11188776374916892,0.0
-0.08351573315467613,-0.0028576130475524153,-0.040085079892451574,-0.059550359940261796,-0.06352164034566421,0.8197266745947167,0.668473916427658,-0.43501594887555906,-0.8592396765847515,0.8573409471898393,-0.09274519881857157,0.08711170581926199,-0.13854353344744405,0.1253480230224852,-0.008010126965942083,0.0
-0.08370038016754847,0.051918497249039214,-0.06449037747435168,-0.006581821580668137,-0.1321152824315827,0.7768712253564675,0.7909309312116004,-0.5291247064529371,-0.8621993638444424,0.7891755512218721,-0.07819257191095556,0.08191927029353754,0.05836466866008119,0.2593212532115851,-0.05944010472767298,0.0
-0.05453047909113956,-0.07927252352927903,-0.018496899259860373,-0.004487134007280111,-0.13300100267966836,0.8711660050128607,0.7558239878530787,-0.43677144227547093,-0.8078236974632875,0.8700121287241038,-0.13341479838981385,0.07867489350567178,-0.04385728045643736,0.28236532554648225,-0.041036102947984,0.0
-0.05180337606697301,-0.037215172389789816,-0.10297913517356626,-0.0844507115332569,-0.012199986296078956,0.7985365915157621,0.7569287766302472,-0.3248114842924162,-0.8088784462957427,0.8588187443365461,-0.03247994625344003,-0.10198344858949725,0.03921098416787542,0.3045195479407223,0.07841309091745581,0.0
-0.09400953490216055,0.0110507047995224,-0.07805008474979612,-0.05662359475012289,-0.06662246433361943,0.8528978885706554,0.7395623459792202,-0.3890566835936257,-0.7777169059589757,0.7329427280950779,0.02040739058188035,-0.07138679551235062,0.0446826591583941,0.20210500317310587,0.09758177531569973,0.0
0.06420491116110941,0.06481628344871482,-0.060667701427893565,-0.06534613392726246,-0.02946390375408506,0.8116838019860916,0.784017299919732,-0.38776396166235894,-0.8664926041110923,0.8330891551538624,0.0379607278027618,0.08405583827807005,0.12106827062803338,0.0904062101454962,0.10317969206941338,0.0
-0.012625220105242863,0.1166566272386205,-0.17088879663153686,0.008333164572637976,-0.05412881785923133,0.8992124422837775,0.7332617075228789,-0.3252703840786175,-0.7460570429548753,0.7979648801331192,0.12347383162038914,-0.09250987061831284,0.09935687834566656,0.1331633955342638,0.20670987289798992,0.0
0.04376789870082769,0.04570114301837881,-0.06646351909805984,-0.036010773066929354,-0.008429575592851346,0.819864536850592,0.7616277090726205,-0.4250843491224033,-0.8089584781886995,0.8962967149593443,0.27902622767173657,-0.05264921143595597,0.24812185188087704,0.38530067052245254,0.18647680415438833,0.0
-0.06786585898592547,-0.06835817697524298,-0.11026929056010115,0.03471481527353395,-0.02741585346127027,0.8422941613624293,0.6477784295359658,-0.3314135524941834,-0.6520447937723592,0.9499793542694226,0.4346769662357741,-0.09506949998331725,0.3101568862200099,0.3166306846517843,0.11280816687840436,0.0
0.03752035676879184,0.0500192462358646,-0.1601006987069934,0.05406414916873724,-0.038137371409592426,0.741035776356191,0.7392839074676149,-0.3816013887017489,-0.7799033155559815,0.9354577600392605,0.34430106510050407,-0.1927151838215884,0.37505724308045074,0.31512423337361867,0.04959488556256521,0.0
-0.1113210767103262,0.002379995065054751,-0.08647296940693286,-0.03486565184098748,0.027041462160283844,0.7886152385178608,0.9019580301424648,-0.33150192411448687,-0.7584481596986083,0.875196350771784,0.27430339547565774,-0.1962365292669936,0.40803070037024247,0.3873867516287698,-0.052367103800022755,0.0
0.07519449219269837,-0.06655354660520968,-0.09719489104420792,-0.05366753383374874,-0.03212221899875069,0.7625091594821439,0.7405932486614325,-0.3797056428159825,-0.7189199091808871,0.917168994471958,0.26381230358575525,-0.1402037932968614,0.2687379637688558,0.30884563701126333,0.05251208333951845,0.0
0.034854914510741464,0.06839274449975863,-0.04014354754455509,-0.07722221130138608,-0.00921000324199861,0.8023360961216105,0.8152445342964701,-0.271442121242832,-0.6794365268208606,0.8655747273967483,0.16438677500894144,0.05852499704994377,0.08672089686342306,0.14807903285201807,-0.09553311799709752,0.0
-0.035048143591667705,-0.027634735112218794,0.0063637329633841055,-0.06423775678992753,-0.022358573015610114,0.8420230862544839,0.7445155666181632,-0.23162538361299898,-0.7191147886687766,0.9886237641303116,0.03423013209037608,-0.03308662520799637,-0.2006418378200213,0.06325184024161999,-0.005352150466947231,0.0
-0.07306050716672594,-0.07057585845595407,-0.11908889594299128,-0.0014363033089532205,-0.015645405807335006,0.8544853201382083,0.8628936371975892,-0.2858549467480847,-0.600599498382054,0.9477485338382358,-0.101796652032447,-0.012165648118817828,-0.23458573902067698,-0.01758981398969102,-0.09890724637919485,0.0
-0.006466957852811598,-0.01626957139048586,-0.06995741855849479,0.005034685539573175,-0.08995514668611773,0.8318887526378176,0.8159124105188298,-0.16256495645874208,-0.6593697380759734,0.9374824678092688,-0.05926306285897283,0.003982106322350144,-0.12684463917645908,-0.09910712689045496,-0.008012230515370741,0.0
-0.040052219262200706,-0.050806306260267546,-0.022282055842607534,0.007920078962938296,-0.09086343673649384,0.8283519559560072,0.8621602847903019,-0.19384791438570848,-0.7168435214400474,1.0369191925064072,-0.0016268832333451583,-0.08905424587430101,-0.0168596403667767,-0.12265867659093302,-0.22705773915004324,0.0
-0.12653630973635183,-0.05451156763981104,-0.061862167705633644,-0.048751612777221516,-0.016009638202609852,0.7647427867173134,0.8345354066724943,-0.17732883361927287,-0.5905380091493002,0.9822415448584418,0.04248452598720098,-0.008691051921875997,0.15725246454186254,-0.09971164241653489,-0.1302660419649196,0.0
-0.13070120723805007,-0.011780397518771168,-0.07491945286434247,0.05245007652320478,-0.11804753238895646,0.8004928632398048,0.8674833918375643,-0.2611232270515773,-0.5973174102114586,0.9613094815784238,-0.054053290825091437,0.10344709303858537,0.07443346390785888,0.10614966352216684,-0.1128879100595033,0.0
-0.05842960495232223,0.05044520745348527,-0.1128033990783599,0.0396595453879161,0.009783026726049193,0.7438172027787145,0.8901031331940197,-0.19895144828888017,-0.605847388154828,0.9106892557323671,-0.157863348011045,0.1363451015001861,0.03706182517690533,0.13822180685002383,-0.13176677922296615,0.0
0.024744615712450152,0.025980548841054534,-0.05392009194965513,-0.13644588510463593,-0.0454604558964414,0.7206031809897093,0.8792338434620742,-0.26433940383969795,-0.6166102777781207,1.0386554382226456,-0.2507242355116451,0.14576453863807065,0.13691723915702095,0.09629774086393522,-0.08693896044447746,0.0
0.024368726485872162,-0.02143221074097569,-0.09760970887418488,-0.031933204624034296,-0.0022737185348773517,0.7499076753489181,0.99005867389624,-0.11222147458743456,-0.5644225716029377,0.966207587887183,-0.1668586876832477,0.10902234010023015,0.014517140246513446,0.09237678064653895,-0.17273152262510544,0.0
-0.008329796761028123,-0.05514453424159697,-0.07207742044273603,-0.07444176552528423,-0.0842649345349191,0.733563222058787,0.8657446798541023,-0.10225378986811381,-0.6696060341760075,0.9806456233130422,-0.11976676547267559,0.0817902228524538,0.08092364494440088,-0.010897546785033407,-0.24916999950307622,0.0
-0.040365258752321026,0.045254774629069225,-0.06109070404188788,-0.005325538712901961,0.0058204332515185975,0.7888033975419,0.91537491822348,-0.11262666891974153,-0.5880675722904226,0.8849607863431466,-0.099457674282505,0.04110074634136017,-0.00950168163781124,0.026590874369750016,-0.11011045615322357,0.0
-0.0960628650750597,-0.013712550791733131,-0.05248418407694461,0.028086921718589213,-0.054665598567772034,0.7380576168264226,0.8218449883349926,-0.0156233088557836,-0.5647317223165816,0.9683892871035681,-0.15137079471056142,-0.04553718853627513,-0.08609285320300657,-0.12433026020559716,-0.0954773623161079,0.0
-0.04196335189702118,-0.023393684860995294,-0.14506326626298974,-0.0029936161359762244,0.05043385247693627,0.6791573599005276,0.8480811766182355,-0.12389047888569338,-0.489988028991333,0.9991477801758943,-0.13858266715745016,0.0019881294776696833,-0.0527532755684753,-0.06118356951602695,-0.008080467454700799,0.0
-0.08434332937467143,-0.07056431894891466,-0.10784407311350885,0.01647809314993215,-0.05835369011847629,0.7289419975368767,0.9066569700600361,-0.009151967934827428,-0.5626417790544792,0.9602114726145804,-0.12472087690617097,-0.2395908709638635,0.0025257147619746137,0.05128479135942575,0.07844367369412514,0.0
-0.021232193867941507,-0.040650629525614726,-0.16145454409403098,-0.029387723275884257,-0.04580410387656018,0.7863605361956457,0.9617672754096962,-0.04974978489526366,-0.5160059856822816,1.0371032756345453,-0.07951133303118517,-0.18451952668231253,0.014450622340928847,0.054123390683264036,-0.020756080718366564,0.0
-0.01652843704819332,-0.01084538339923776,-0.13631838054412104,-0.05889638802586726,0.03650852408541701,0.6895420254441961,0.8886111584853306,-0.20420846744732302,-0.3911496155352363,1.0094311490211494,-0.011293575315661275,-0.09203087008709102,0.0005588204655002475,0.23534100710386707,-0.012713069321933014,0.0
-0.026165994781388945,0.06864937864986151,-0.0477623828520575,-0.02174083025092664,-0.12805796078399675,0.7514800682055598,0.9072842393434435,0.00013310373840797265,-0.4959059276646022,1.0497211170764396,-0.20255573804065008,-0.12306651445573466,0.09664092411014645,0.25227796883837855,0.19799429265711146,0.0
0.08855149728960149,0.012157376741469942,-0.11691527501783269,-0.05347479942019864,-0.07776520385720603,0.6760592623972613,0.9076585616224362,-0.05651083394597206,-0.42223975107675954,0.9908604244053345,-0.18060675098751297,-0.1301001019417317,0.10552237557743088,0.1905366715542435,0.18281120182942742,0.0
-0.020152329149292783,-0.003371461179017359,-0.13041149247061357,-0.06568079157757867,-0.04842097104555156,0.6804209065782838,1.003040722924913,-0.0465021081879466,-0.409708685186718,1.0668350176155377,-0.25435642509955536,0.04299750855244967,0.0030467091108226374,0.21850053983531292,0.024009188769054113,0.0
0.0226648508141925,0.04430539063710487,-0.08288623029057449,-0.11301441160470971,-0.028993574725791345,0.6320025085796215,0.8787448460578664,0.017924962089682202,-0.468429131563566,1.0437901979668422,-0.03821373425023261,0.06802573711738186,0.05497353604303362,0.2980248297423007,0.11313655290286134,0.0
-0.005264834140722929,0.04312943381989998,-0.11698622750361176,0.04199443944248014,0.005521668690159791,0.652703140517372,0.9157567987895981,-0.02082799050113201,-0.3580512500473847,0.9961621475722756,0.09022738512791159,-0.01698678671012052,-0.11462983443122032,0.2785181598862782,0.17259665552366038,0.0
0.05301706254767591,-0.0196378770599029,-0.11107474326924957,-0.03173482914651175,-0.07991820417423784,0.6242376762483868,0.9867011619932401,0.07843844858686644,-0.3859528242390544,0.9107255040999108,0.09549042326407226,-0.06590727621898047,-0.12585409755728438,0.2282875567221587,0.28230026696577504,0.0
-0.024282482484602824,-0.13515729830183712,-0.06968339204682639,0.056576742081091466,0.035460682333538954,0.6482338510787012,0.9375696121935914,0.06162004031198419,-0.2754431677475402,1.0151848437476023,0.02986201489330767,0.2202502844441604,-0.17118654878584494,0.28711272520853315,0.23048246392609567,0.0
-0.04874376461695157,-0.02318822428400083,-0.104193703379815,-0.04300336000165378,0.0001677343352086899,0.6716098258714113,0.9225176967896408,0.0710438169613756,-0.22353578980564504,1.0123188476414136,0.018635984972500297,0.22376795837957097,0.14627029527154212,0.2818572498745246,0.29472370823337235,0.0
-0.12601990560460333,0.00982998323415733,-0.032543903655142925,-0.019529115023462516,-0.10199941153078376,0.6100227245015759,0.911459310048924,0.06333955943051371,-0.3006221909138794,0.9339373907047412,0.03590409301834601,0.07237305665501138,0.09867017734871536,0.4162773648390675,0.02899292544825033,0.0
-0.039616441622974626,-0.029240425524581733,-0.16617143033587412,0.040940657570061725,-0.04755012986914887,0.6319151086088238,0.9284238420914307,0.15183786213073938,-0.299178474380602,0.9320410779318892,-0.04907470157127422,-0.1529199237749817,0.03058099716885583,0.43240798339264663,0.058343322539586774,0.0
-0.016355552544342355,0.016221217687635535,-0.09878444507462211,-0.07124433049053029,-0.05610724359232222,0.550978413594501,0.9183458742189236,0.09594069401566876,-0.231970515443225,0.9386246066309751,0.007791968406728127,-0.1860956911437075,-0.06162390938325567,0.30750104723483246,0.09007903732476266,0.0
-0.010041338549505684,-0.03162776185127798,-0.036881772296759964,0.011577544349572796,-0.12541910974154644,0.5424194072617489,0.9412594684627101,0.09344686424697404,-0.2716321097024619,0.9766119498902487,-0.12397186464985854,-0.12159212144337339,-0.0819953053346526,0.06289110627347816,0.012022645382888886,0.0
0.0333806122332627,0.04891105019812744,-0.14056686699277415,-0.08581164331435988,-0.028650205693767014,0.679311129495675,1.0640789037438707,0.215714367244639,-0.21086324007386115,1.0139238180500687,-0.11968517687182911,0.055522423533854434,-0.17434042565074798,-0.02691046944115793,0.010545937928155075,0.0
-0.009810129465290984,-0.05778769036761455,-0.09042172957749808,-0.06014043482527422,0.015901383924491704,0.6280925571965079,0.9822389525060337,0.26047108252228457,-0.23940981792700888,0.970082361287465,-0.017590596916896975,-0.08339872443575566,-0.1975602580501178,0.0659568494351318,-0.029664905107973094,0.0
-0.07248550419085743,-0.049817909514158,-0.1422059985969623,0.08742587810283087,-0.07403772445065042,0.5555913602324116,0.9457552612676755,0.13631174950374164,-0.1987006064435771,0.9193006887444879,-0.11230335451884978,-0.09332273766092591,-0.2180223429535299,0.07654300493399968,0.10455978898227226,0.0
-0.07750021950726571,-0.03988685161694438,-0.02844255506606025,-0.040270003365464845,-0.020054888720579037,0.6112243444438952,1.0470013696759422,0.21512532919719624,-0.16616280499106945,0.962420851260634,-0.12117768544923463,0.1561242512482338,-0.17925579976861863,0.1733946846387338,0.036053006393774394,0.0
-0.007561915664084012,-0.09067340344148564,-0.13681295013136419,-0.010662017348620201,-0.058777843268484786,0.49328257154928595,0.9778882229129069,0.25187097480281195,-0.2764924530401538,0.979696391695347,0.009635182867787542,0.17684521638355555,-0.12984825118245824,0.1964310803774119,0.10196565808451383,0.0
-0.07708252763158381,0.04681873265966213,-0.06377390275004287,-0.07661783952868231,-0.018812400677684513,0.5180169236129708,0.9629694537899656,0.216930062326251,-0.10436241439305691,1.0350937618286205,0.041129381556050525,0.07340693669008544,-0.03551923584129689,0.06762712996358562,-0.06133728098909341,0.0
0.0006468504143380405,-0.011340686150152502,-0.14826868808391303,-0.06073061603127391,0.047513149277346414,0.5732275226266784,1.033349978060104,0.3683276457301012,-0.15610806870072275,1.0394273280097928,0.008211258521523164,-0.02117904577184268,-0.07101972707776212,-0.10734595858205545,-0.02060654598820827,0.0
0.0006408117915760389,-0.028117927258051543,-0.10146406259595886,0.006160870119360572,0.0053785792274662625,0.529743058378244,0.9577594903386373,0.31490885819974385,-0.0690839043925999,0.9656276514540392,-0.21581759824278213,0.07735163421402486,-0.01564844839140387,-0.198032954270481,-0.04438146741869352,0.0
-0.045285749781580086,-0.09247068367722162,-0.0484950402432468,-0.0886295984686125,-0.048994149566459005,0.5377646732491426,1.1009146952693054,0.37449629674014906,-0.1857046697381447,0.9753547662064822,-0.12873697098546916,0.10163599393614237,0.12027353435630142,-0.33658404712303347,-0.10802963766792005,0.0
-0.03904079826586364,0.09982347094668674,-0.1866809502624725,-0.01584227543770231,0.0013225814451302068,0.5657551053866321,0.9460810060228173,0.28980916341880025,-0.081841349619748,0.971972037810318,0.06965086051476212,0.05431592687660819,0.0871357110179558,-0.25990378099099887,-0.15669821041426074,0.0
-0.09434526350554523,-0.017468823755432277,-0.10911631904748427,-0.022990611166012684,-0.032872307227259444,0.5330066070490975,1.0017646271479164,0.30690551465216354,-0.07585115774559849,0.9485672551007082,0.09434367674510609,0.11730687963138994,-0.08700817786611836,-0.1900336601415865,-0.2935695568394175,0.0
-0.12033973995115552,0.008218849442396644,-0.11951337040818252,0.03348696247241889,0.0042323045617014415,0.47173517291332345,0.9490212083977536,0.3987998517467255,-0.005898966045219771,0.9828727946772432,0.10962452004112863,0.04348181312674212,-0.1576624327628734,-0.01615803892459397,-0.27769076068912607,0.0
0.04421471892938732,-0.027227203782487126,-0.06022145393776844,-0.01951072174791093,0.003295847062540394,0.49860160975068807,0.9826998532372506,0.3428935542559952,-0.05423403147597005,0.9949799350457028,0.016412365637339096,0.13774993381572553,-0.15068698787682586,0.18673366624395035,-0.13835589616918376,0.0
0.08191111221073105,-0.05739164058420912,-0.010125005190763064,-0.04498269310201272,-0.0977025074762905,0.5161213701295096,0.9989786152378902,0.37702386359010354,0.0035110635493695516,0.9606648413923358,0.008186773162745744,0.1346860186919889,-0.030336697169197818,0.17543776943064937,-0.2554331724014106,0.0
-0.10890566478526706,-0.09507624046872915,-0.07582282150186632,-0.0823517246675199,-0.01686343140507445,0.5732906689880061,0.958613321460765,0.4025751328028866,-0.032103750171217325,0.9728528592796057,-0.12960635221431746,-0.033855367709595685,-0.04634247186349451,0.1539257455724482,-0.2554481076426804,0.0
-0.031031188772980188,0.06916389819323872,-0.07518951363873508,0.03123210371399819,-0.09461055394800226,0.3530312184975199,0.90077099636511,0.3862304816019856,0.016927978939252363,1.020214755220367,-0.05037205998180278,-0.04768949277056518,-0.004108889300513903,0.22708257513228708,-0.19394786011012885,0.0
0.012039111020895908,-0.023656832377130524,-0.1278289504655329,-0.005473193302857414,-0.06187434850734998,0.43600920660439024,1.08414403694347,0.42737252473742954,0.020608765822820507,0.9751224972838021,0.03836164159669505,-0.08726343863160085,0.11566886231129817,0.07151328056351636,-0.0644524164679589,0.0
-0.06478289602381443,0.046408403779425594,-0.15500134176411384,-0.04983604971436574,-0.005255207102093533,0.509166938358663,0.9912897283931082,0.440943929616946,0.10721555695898365,0.9544567296314,-0.024976887855002794,-0.13647167900652873,0.04185652352354357,0.06213485066229517,-0.017696225851269884,0.0
0.06207437987769511,0.04519396652205797,-0.11195253634799164,-0.041035268927986694,-0.02685449391298002,0.4165446582020602,0.9949967727979969,0.3704253964316767,0.027636454158393678,0.9729783374721775,0.03485617377213779,-0.014490791075657275,-0.09764855009100865,0.014842078600503426,0.07566404598320026,0.0
-0.06831750816856494,0.0455895452425395,-0.07598545844142643,-0.021316466673789343,-0.029554131402951038,0.464808340846995,1.0426507644961105,0.46385244425679445,0.12456313680472204,0.8703508541536354,0.001702860374968463,0.04082112730568151,-0.2894843067216344,-0.02010446260284058,-0.04680332883716816,0.0
-0.015896209851199782,0.011428746060613618,0.016140762181262577,0.007852811923776633,-0.10826609206797634,0.4674802268005161,1.0874103928854395,0.5145565071242215,0.13050749312638424,0.987030701788413,-0.13767008197138011,-0.1355372337455311,-0.2311234229393788,-0.04103677940191591,0.0666560058262502,0.0
-0.06701105080757341,-0.06607913472463522,-0.10995910695253774,0.03343047521106723,-0.03704078032833048,0.4012421260998311,1.012934226969801,0.5132460205949444,0.14930705143387757,1.0217508821826298,-0.15494790726415983,-0.10897532174904019,-0.14982779574149138,0.06417810508923934,-0.09496341276924718,0.0
-0.06102746710853152,-0.004255236910577454,-0.01722064848209799,0.006171603402338431,-0.08824396659494439,0.3604772991032653,0.9285947329044699,0.4742734771667174,0.12315163169784309,0.887712189238114,-0.20977733760531453,-0.09405283547322062,-0.2395786962501756,0.20865242648588553,-0.11620055664276296,0.0
-0.037769958230526396,0.11269050964146676,-0.13147185631681318,-0.08323162975584138,-0.06943575526922832,0.4707454763214707,0.9635011839169174,0.5866885356904793,0.190752524671346,0.9009927732897303,-0.20381409484960777,0.08307848649359931,-0.28737546963801464,-0.0706217113864901,-0.12165768244449619,0.0
-0.04102128737358888,-0.015196717856489867,-0.010508099350841071,0.0006537707948142089,-0.02610964364532062,0.38276404252613133,0.9697246110749932,0.5125670365516822,0.2325646533649734,0.8903386167549894,-0.09850528290712708,0.18908774424691682,-0.147944963642949,0.077340685397467,0.01212779793265717,0.0
-0.12081092179430425,0.06871424757511668,-0.16436131665957981,-0.07469451086678477,-0.04123744281360985,0.35852715975107824,0.9848934581254767,0.5872270757426005,0.19854375489956425,0.9675159139636136,-0.133665348394953,0.11448512493801283,-0.30868942616800227,0.07010438304051876,0.2850188798573957,0.0
-0.034128483970425595,-0.05104101391626129,-0.20452060478631906,0.019848808927137557,-0.02191253854241581,0.24226859911370394,0.9670565228385531,0.6459733099279031,0.25970186497215114,0.8796255924216362,-0.15958212940361216,-0.09736896432378575,-0.39209322559832066,-0.0008082409416049624,0.12405428187390186,0.0
-0.004451298396285143,0.019764609181777196,-0.13610103154108533,0.008030109236075271,0.01508151325941641,0.46945739812316006,0.954834931802782,0.6667940877053101,0.24587235936279447,0.9611639999316345,-0.1434326640954626,-0.22010874097832406,-0.11947067520842777,-0.05488734306739469,0.06911806457919675,0.0
0.09663623868701107,0.0020007178613458496,-0.02394253899705115,-0.07867040168940445,0.009479623447042257,0.46692387019472364,0.9581779142280511,0.6606470095072823,0.19019010454423685,0.9043683391082444,-0.1626654637425946,-0.33142637041831957,-0.07454325141780155,0.02992991306419271,0.3812126868519337,0.0
-0.05124467491752216,-0.006201375699705338,0.03692452783094388,0.08701859829915431,-0.06337538623318816,0.30954459339338464,0.9599108968363654,0.6392448312224331,0.30402389622300646,0.8277529864097839,-0.09586299012748811,-0.1478951368096275,0.04188286260126537,0.2790928153491587,0.3434141827764078,0.0
0.0008890232795863984,0.09017435060754792,-0.11159271816120259,-0.11604567934046056,-0.13543077952084798,0.3212279383281598,0.999934724139286,0.6640359167807343,0.29264405581653347,0.8539698596816159,-0.061554431383372396,-0.15066887575966265,-0.0009495349885895385,0.22089503543876882,0.41982298666743445,0.0
-0.09729307309706814,-0.03963065615368484,-0.1989345821090113,-0.005138490719878387,-0.0013335791931034166,0.3338107935559208,0.8977053111898116,0.7245850885070785,0.36742931451071525,0.8887325418356706,-0.214335243931951,-0.22131250667394195,0.10761631527068637,0.08635173484031176,0.27322872004831,0.0
0.08124090252783406,0.020335090841942027,-0.07783917369797919,-0.05746514998416732,-0.06543444562722191,0.2372808997049895,1.0395673646723522,0.6179925332380358,0.3616740378803204,0.733718430058789,-0.24403796687816254,-0.09401672993887022,0.041660565098117094,-0.026133704938073016,0.14851195240717907,0.0
-0.0677368169757952,-0.07001840771972663,-0.04490302541991939,-0.052049721661969015,-0.13107121801668215,0.3250696585584948,0.9415557130809595,0.7453487931276822,0.29997534552203986,0.8308891581121556,-0.20884727799231645,-0.11032733387652517,-0.01621924516146924,-0.09200717667299818,0.06101352157835113,0.0
-0.01835459394813129,0.029401786589342293,0.006701646267652489,0.05303288812741824,-0.10718298023080886,0.3669159415733283,1.0055978689836826,0.6566456230416169,0.312626668875648,0.8055881275534822,-0.40070465686101575,0.20271515223134648,0.05532290039711006,-0.10691710472846824,0.16774710404661067,0.0
-0.026608014670222835,0.013278096658788065,-0.11965227021370614,0.0035942468124856852,-0.05328669570002631,0.2904605158926067,0.9934310272533662,0.7685191372279133,0.3091359171608523,0.8304278457649477,-0.36171641032409896,0.30040307553908163,-0.08235114473761458,-0.3493196305988364,0.2005091526060157,0.0
0.04389448859567463,0.1297321360187207,-0.12819113361553486,-0.05247210903291163,-0.11357342018874589,0.31624800904692885,0.9924288838152856,0.6714577590022147,0.3861332389129419,0.8320963867012242,-0.25122790656469257,0.1321071983562141,-0.14955558608493477,-0.3326552918148219,0.10818296565756104,0.0
-0.03350920025632938,-0.008121976253615035,-0.14452767979888084,-0.018117329437902823,-0.1240388484329171,0.2236665890798844,1.002298519591594,0.6564325839544098,0.4352255425416828,0.7641473567095822,-0.14927451915963216,-0.06735162580948267,-0.05346228999772304,-0.4341429513833746,0.010315560526390155,0.0
-0.07754109071109125,-0.0539734809947411,-0.09841063862474624,0.05027051553162077,-0.12483236131555647,0.21526068550606078,0.9379308372734714,0.6431878849970196,0.40941334992392225,0.8267303526029806,-0.1298696890270261,-0.06394978652400145,-0.20940992463219088,-0.24119882070366236,-0.07846842206636731,0.0
0.049728050370718,-0.021275741809004205,-0.14326675619542392,-0.07225334956179646,-0.026659420694309537,0.2006501039244315,0.9368600828634447,0.7229161410712855,0.40402372121713115,0.790327901560042,-0.13303954709611046,0.0197084492590376,-0.22679433234499563,-0.3065376883907968,-0.08254240448880565,0.0
-0.09235497703309634,0.022331120882624015,-0.19979515835227352,0.009639747439931616,-0.08880721477759901,0.2765338628788379,1.0030878978011517,0.8139581989914118,0.49674569839852134,0.7870715545926928,-0.09868831009879664,0.09772640318255783,-0.01645306232616367,-0.24975456426831424,-0.051292220740443574,0.0
0.041316283289469104,-0.012918798113831302,-0.036469491004351234,0.0402259624881496,-0.1082535224959521,0.2273715530818096,0.9072348197241327,0.8005771970378007,0.4803706691002528,0.7832324874426283,0.07187594498679563,0.0397792405994984,0.16302537218971405,-0.19249773984387136,-0.22152927829069335,0.0
0.0060483894514589895,-0.022151603484957455,-0.08808114786708875,0.1112728506585586,-0.10567379810434718,0.25487276739848996,0.9109061712081419,0.8438739525677691,0.46437103380638267,0.8194592676438993,0.1976400692811256,0.1447231367668404,0.09453825518633811,0.039643179276127705,-0.2984964887479285,0.0
-0.020318063586505043,0.05456055200016542,-0.08661330810543061,-0.0337080429874492,-0.047538982859685254,0.26272439646467927,1.0043914472093398,0.7365770514230611,0.43131480766368796,0.6665459668011284,0.041155673177914104,-0.07327053937754464,-0.008734073208359644,0.11124272144166356,-0.4395309627506123,0.0
0.02560209533089508,-0.03559844448231514,-0.044047565340307245,0.035145038931224615,-0.10326979487591374,0.13295927313048778,0.8861940717476122,0.8061795227769509,0.6103581359044986,0.6985425611906798,0.02894745518665994,-0.02056271020914664,-0.007044045977962822,0.15790985369753435,-0.4850601241218502,0.0
-0.038865163653776735,-0.06941474937983422,-0.08697342309444177,0.0451010778291569,0.055866038483758054,0.23340874580225546,0.9410436894166572,0.8196231306089811,0.4922981128301092,0.7701696193207364,-0.03933016032980047,-0.07518979005615761,-0.044424328889450714,0.14145095379752728,-0.3860256225329356,0.0
-0.03930879675493051,-0.03239425413326626,0.011815917484278488,0.03088328270910362,-0.0029925806746959743,0.11321173718212998,0.8993449164660318,0.7899387121197108,0.703081509762936,0.6189619072650242,-0.07305927394334949,-0.029287436595369275,0.06650152350998181,0.2913277139163126,-0.12504332230474652,0.0
0.024606125163940167,0.04205397512574652,-0.10754307357368689,0.048821073819492945,0.016170555055487354,0.1643156680095278,0.9017769064055605,0.7950621011536484,0.6016974491941003,0.7524205591275906,-0.08862749054276725,-0.08782600589613725,0.056088273354885934,0.1536346420272377,-0.006375211596867603,0.0
-0.042932839229134975,-0.09706281441456088,-0.07193815304774445,0.008473802286581983,-0.11167216028621488,0.22844555839870678,1.0197800515969913,0.7808203887043204,0.6227305407911118,0.703624368944446,-0.05337428606318531,-0.1077432920163704,-0.08377336449224652,0.12137662812722252,0.15282763909179112,0.0
-0.06203474323389829,-0.03748550008448316,-0.10050385267973919,0.043612137663072564,-0.06770902289855839,0.168684263158481,0.9025919520663602,0.7434292259836381,0.6381180957270501,0.7112320909435934,0.08302137074358604,-0.10208486705736898,-0.023911403816448087,0.025922587841354608,0.11195337269814173,0.0
-0.06300704467085921,0.06918347162021062,-0.10070650104379109,0.00041254482653130253,-0.026537346001034242,0.12162658956184116,0.904720183144157,0.8536268039651197,0.5501335296699621,0.6218125225311836,0.06312712933011462,-0.2180631634765127,-0.07895057309522308,0.0068121983400636806,0.029393779907913094,0.0
-1.5204288239280966e-05,-0.02296203956496827,-0.12537692870329437,-0.020071742605367725,-0.06326255785034296,0.13472604352831838,0.895783890061526,0.8425126704186036,0.5976540017727482,0.7017959550943416,0.05636477128237,-0.07773733388133808,0.10523011285024822,0.0781451828701263,0.2516170926586483,0.0
0.03408233620960582,-0.05492851546192883,-0.06945104192525411,0.012311509110801543,0.01025794812286325,0.11154207521693806,0.8727996554979317,0.9528961343251674,0.5833339812665408,0.5839934803070596,-0.2318905688460485,-0.18568309697061824,0.10679671274298366,0.06000173075357179,0.06819517544145146,0.0
-0.11300069207203624,0.019606207896809686,-0.04968642188563481,0.014931700697119757,0.01732193495815424,0.1478275028396453,0.9031824116535793,0.8387433021997457,0.6591997663722275,0.6656296959194238,-0.3121166297509269,-0.14828183220532923,0.13427528587020165,-0.02925101733908464,0.017912697373957252,0.0
-0.09798944041000113,0.044626161628283104,-0.035580012616793166,-0.04958636257614968,-0.06317866020918655,0.044048905899723996,0.9792052358293525,0.8568051455711455,0.6061655209908123,0.6597399454758088,-0.3082482369937757,-0.11282558317472006,-0.008098153574783662,-0.04662663091657422,0.011991864645658967,0.0
-0.11739600796938478,-0.009846220332850378,-0.16626217033658386,-0.002113263589084192,-0.06680730880508237,0.10622293349022384,0.9124668056476692,0.9779040520214075,0.7608326655976811,0.6273950343204034,-0.28514146129179824,-0.01245427521993761,-0.032263985427356125,-0.0199547183112935,-0.1347109248795638,0.0
-0.05739042347782872,-0.024385411497410924,-0.08637348675068043,-0.0173145088854668,-0.06256736416578895,0.07628989250445399,0.9357165827128431,0.9377322943226499,0.5692650850256034,0.6422971733741196,-0.3340318250211258,-0.031655510917306534,0.03857010921869633,0.07085603964679851,-0.009439651398087931,0.0
-0.0950338560793323,-0.010691692560725097,-0.08779879808308814,0.0036299997179555683,-0.015405686845202528,0.02876204287182759,0.859538508361404,0.839030665174372,0.7376154682954684,0.4693672349689245,-0.2778561278045153,-0.08258643727415159,0.048280548888676555,0.1466323425079381,-0.2315849116616077,0.0
-0.016560946498955148,0.025304128158356882,-0.09348185886930646,0.025126888236275624,-0.014401212173323866,-0.009462536074981681,0.9616512945880602,0.860800164565531,0.6344926091792527,0.5854307634404631,-0.4082905379843961,-0.1638897541711399,0.014927903539494622,0.10027018390834122,-0.1974318660892151,0.0
-0.029892234291693447,0.025361400727817604,-0.1859271241648381,-0.011258460754388144,0.03747383060016722,-0.008895580498234065,0.8528383903009985,0.9494628951967871,0.6815141018794039,0.5289350538583897,-0.13923003373514412,-0.23243366906001425,-0.10399614149634709,0.16195153567177306,-0.2018141449893509,0.0
-0.11589826305155429,-0.018110989395756526,-0.06294332694775262,-0.08631211188490892,0.02979055562377831,0.05307753941796871,0.907692878377277,1.0007259542988938,0.7155274262784754,0.5892915134003894,-0.19660022839443647,-0.2893041180251017,0.018898315408033467,0.1865298878627475,-0.15387162888824005,0.0
-0.05857082673788389,-0.11888773958900359,-0.09855311237668368,0.07252571411498875,-0.005644765042292131,0.09924810709281523,0.8633910869649455,0.9105180211287207,0.758859415578542,0.5733118545642112,-0.08406538351500747,-0.0752649410499876,-0.0669031125882375,0.1538568974482289,-0.05338613129560764,0.0
0.035180207390254105,-0.015506511398723827,-0.13824461019547635,-0.026539719095016644,-0.043514478003449736,-0.043628020507913645,0.8932782352926587,0.914117872850677,0.7209711752341044,0.5877911187377123,0.0191795098716631,-0.17986070739402976,0.050959427388600244,-0.017845490549535076,0.06835112437177102,0.0
-0.0007954832063289501,0.016547438290461146,-0.18799851836345483,0.010237253824357764,-0.03756066679157541,-0.013672579556631405,0.8154047975933436,0.9792911413375703,0.7866426976434396,0.49193980863244163,-0.14948677222970083,-0.1457744147219187,0.19629342509174427,0.14665720736971877,0.0350839827534002,0.0
-0.13973408670540977,0.055911823904975635,-0.07749134255117458,-0.01712695448362216,0.02185091530151923,-0.03564093028993357,0.8226063042525424,0.939229863625841,0.8203171355558436,0.40228055735783197,-0.04918395990828714,-0.2544163058781932,0.22060126647644274,0.24482362595268703,-0.10928586082620555,0.0
-0.04588766696820809,-0.09114535460885305,0.008768240582891829,0.008405524605873883,-0.009346352542160256,-0.060169372423457074,0.8616348263324103,0.8873044568711151,0.8731619330196821,0.496697740141997,-0.15948895850789288,0.0018675072819793748,0.26141981045682133,0.19548315721324622,-0.028049668810926576,0.0
-0.10871477046965979,-0.091661951432931,-0.10348729146291398,-0.060870064889522485,-0.17482171526065343,-0.015849260460990916,0.8040165401481872,0.9622700980609488,0.8810996138002849,0.41339734102213155,-0.04781143768109335,-0.02413464006380222,0.15835290627041204,0.025994408604415487,0.015333642458683707,0.0
-0.10382686289403577,0.038518533738337676,-0.1874719077127448,0.0012053801807627093,-0.09019774193116871,-0.0567160888711448,0.882174729326684,0.8911114317287897,0.8108463409446607,0.47625974422623163,-0.0880903989282659,0.061218884199899806,0.1828128555336634,-0.002989636757650304,0.1476870850864898,0.0
0.036792050448150614,-0.009212124486162529,-0.17540879868820408,-0.00950250660124851,-0.015725948933965755,-0.04779272762776214,0.8577070932641324,0.9695810245524288,0.7995680437575386,0.43937846479242887,0.02034174840158376,0.049462819721699865,0.13038099853816354,-0.0860249765270875,0.2428180087611912,0.0
-0.003913269192940272,-0.11703104829909902,-0.1553066083669451,0.013466059717708815,-0.04502338868832247,-0.09475081014657516,0.7266934600585796,1.016040838439249,0.747852741376432,0.46175759115586357,-0.004224794697861127,-0.08311224495435074,-0.06703039049094862,-0.19369834758456728,0.26963442353187206,0.0
0.013131360822068006,-0.022141044864111777,0.01381306345458555,0.02155326242437148,-0.08801659647216548,0.019641927982862906,0.7705865068812435,1.018793879865753,0.8357116593322763,0.37495908246146636,0.1317127099823879,0.08798863973367485,0.012800569808501423,-0.26082084544184525,0.39726400522380445,0.0
0.04214954279616204,-0.038913982583037,-0.01926942794511828,-0.019733835748870155,-0.0907094405391539,-0.1026493823976413,0.8099572303302859,0.942808346742786,0.8925795791182716,0.3167481563269978,-0.054672472338193,0.08287365696270668,0.07228323944538911,-0.19248348492212836,0.3389107460640202,0.0
-0.004867462890970401,-0.03510454935998652,-0.08717408621014024,-0.039625228198559036,-0.05701223312378257,-0.13699007327677143,0.8654856801892428,1.0192065714490324,0.8650188138061178,0.4495769756739574,-0.1377801078742742,0.23971157724709274,0.03001997585559588,-0.1207347656891875,0.2602891156256281,0.0
-0.05707982321288356,0.067128348462248,-0.12296518836071227,-0.009355839397637934,-0.05427406960078757,-0.11071389318177222,0.8102401385981373,1.0482737544802228,0.892592172732065,0.2674500907366969,0.06742065967450415,0.149322716872741,-0.06996437377000467,-0.01138469129026777,0.06817270010499338,0.0
-0.03816855082052533,0.004667740906015546,-0.12104028295240968,-0.13670949492581858,-0.04235300117099775,-0.09111662396771797,0.7919613525540135,0.9226629772676687,0.9489136409613854,0.3498324249572416,-0.044618165643998335,0.09129202744712271,-0.06941052011551563,0.05117785755718441,-0.09147311984269738,0.0
-0.020536991837989654,-0.003090955297453679,-0.05978850971511074,-0.03244483917929172,-0.073750013485706,-0.15240879987559694,0.7163802945131754,1.055942466593724,0.8893561867368057,0.2314957245117169,-0.10166429710352387,0.11169483211778264,-0.23846227994739186,0.09611583275390947,-0.0009786631174367871,0.0
0.10691257699445834,-0.004911534041605951,-0.08445039394387485,0.1042322260166719,0.04175673548425343,-0.11692997784951681,0.7707787537930753,0.9625601164606189,0.9052665039523415,0.3803795541884774,-0.2171901046476136,0.12199789099761373,-0.1406270939319778,0.20579489213716112,0.00996430754419903,0.0
-0.09965702394457776,-0.06436419360777121,-0.10986192621637446,0.008268351333626876,-0.04022254422484597,-0.15874899474042126,0.7501502819403112,0.9742378032095924,0.857774187937904,0.2706092839206697,-0.11358885371587524,0.07064900134407462,0.09761926945899158,-0.008146110950340318,-0.020294636131468403,0.0
-0.08629320878091995,-0.039089767750461385,-0.12453392375088028,0.09053316325794572,-0.009093525391503474,-0.12333620285466862,0.6522389712567421,1.0464875384946972,0.9575512180234803,0.31834284552291015,-0.19780569302691586,0.08732236987878828,-0.06648799509795278,0.04450394291896341,-0.11453699907312744,0.0
-0.13398092789027016,-0.009662736686392922,-0.08232790402401885,0.0019856332162214822,-0.09688476394386168,-0.22152664464452598,0.6935914089465194,1.0756047176492074,0.9200353134633752,0.279177335387458,-0.13164804463968632,0.22714054029928163,-0.08318220707403681,0.1809851209015692,-0.268213547228705,0.0
0.017067500580756602,0.011371890009973,-0.11038736890796752,-0.015408946138592162,0.01570161333475506,-0.13651579875357692,0.7168655859045483,0.9775479785475251,0.8862594332415974,0.33120779507120507,0.007020510065562105,0.21035085556881683,0.029201241368565778,0.14914282048839023,-0.33455948040352923,0.0
-0.005190852030039654,-0.08172625286706242,-0.1478098717081791,-0.14940088875057156,0.02522903350425837,-0.1678370019009397,0.6642784548385235,0.9818900079487662,0.9478069249830241,0.20159187108905802,-0.04124610641124776,0.17615162759965136,0.015980224177818945,0.03141779642292711,-0.46847185598251645,0.0
0.004206701820943782,0.05387319177825808,-0.08340252746853091,-0.05554325707553193,-0.07578718571327214,-0.13936822793090836,0.7311879133791181,0.9184482802888535,0.8891050364423493,0.23582307478554781,-0.10212283371116596,0.06339739158142979,-0.2799557208126532,-0.00010024934256370674,-0.32102451117270425,0.0
-0.002563351784267587,-0.06829350362260916,-0.09470586589051153,0.034579552380443086,-0.013347026157306829,-0.18494801345240114,0.701366696031465,1.0124955661015178,0.8630009939856,0.23603757129576014,0.0738192124965071,0.00333846061738699,-0.13282065608625437,-0.027644486671917833,-0.36240011013953843,0.0
0.026197303297586724,-0.11676549797148407,-0.08255782084358029,-0.07165567105497468,-0.09945384460625156,-0.20684061019589253,0.7046859422579032,0.9638619733868595,0.982734163700255,0.12748612123899844,0.27297591144304945,0.03376692740332022,-0.17625277384201127,-0.07470584191575058,-0.31622786626342475,0.0
-0.045019068260383696,0.03912028637007701,-0.05614959178844825,0.06589686291373759,-0.0069513460560627835,-0.20189712094044673,0.7424593317485975,0.9371083254233422,0.9887579667409664,0.16625632824465408,0.18220588844988536,-0.09612167871329318,-0.17548777845976604,0.09330186224129679,-0.17017563173340328,0.0
-0.0138165025238067,-0.03165383545223692,0.01792738097298724,-0.032028174323969635,-0.04403949206211617,-0.18413159566184512,0.7929509687630509,0.9841831924525354,0.949131562915228,0.17475103544975745,0.0775631618884055,-0.2625133668687306,0.01399022903677688,-0.09133251734121162,-0.28091459857160356,0.0
0.008331375234436441,0.023299379762542163,-0.06033580142451307,-0.06361473878671359,-0.017682674416447147,-0.29651306255988213,0.6503497240300979,0.9922710805558547,0.9688067414661631,0.13096509599339998,0.0023088335854219155,-0.1718785590506127,0.006965492452887498,-0.09586160440913905,-0.3170899216844079,0.0
0.0027034032438065098,-0.02434222757473984,-0.047312480649600495,0.04453434242247454,-0.030119440099884154,-0.2483523280839983,0.6442592678268251,0.9929892863945112,0.9249413681319862,0.05858971145050164,-0.010216967892760609,-0.24679940007469048,-0.019442454943930654,0.0017426799074159866,-0.27981682094362187,0.0
-0.1153563767062477,-0.009764607593240292,-0.08802782858912667,0.058183967968396616,-0.0062325736385711525,-0.3529334144311259,0.7455967396671025,0.9513306668210729,1.061060995721855,0.12229204092658363,-0.043527441736422895,-0.3356316879287967,0.0327573881738393,0.06433634639612362,-0.1510673206096108,0.0
0.013517130200364894,0.033245730891876726,-0.08285858991995883,-0.04920826651795756,0.011190971109803001,-0.22497144201202787,0.6467878925459878,0.9963509150923964,0.9882517895731473,0.028962102825025482,0.20280801419141123,-0.4809539544793413,0.05563976601639917,0.10080668956541411,-0.0987597681417883,0.0
-0.09420973265415404,-0.016304814725906266,-0.13136281946147374,0.0016875285143635801,-0.07750874826410906,-0.2555819716217285,0.5784204980656718,1.0569706545043938,1.015134655598369,0.008704037193827022,-0.011999300910075034,-0.38611388434816585,-0.004186898395309155,0.17603090915587766,-0.13412054971364995,0.0
0.018222081484130688,0.029192787287910554,-0.16164576719721374,-0.08964813932154604,-0.0432894965423168,-0.35459985108538206,0.4992088532508938,0.8819788538686821,0.9421553912303369,0.027048006001098517,-0.18713932235789682,-0.24948442596132217,-0.04468150505779039,0.11887181657619408,0.015040174042060594,0.0
0.11485362228421979,-0.03822492626460218,-0.14403109256331653,-0.10815254999633031,-0.038266875824647315,-0.2692080807411207,0.6429554760322495,0.9944463420556702,1.001387908329481,0.06237596833885933,-0.21442075099686117,-0.2242374559053542,0.12134091310454242,0.04074861644688477,0.07674249466982677,0.0
0.07351098626357588,-0.07672864697917686,-0.17612580438024675,0.07869926304614366,-0.04963209818298681,-0.337511973103367,0.5786365400961154,0.9930830496530104,0.9640326197310846,0.01280583030891443,-0.22679179014993892,-0.14512847523273925,0.05671493509303603,0.06083355963412457,0.10376757493076114,0.0
-0.025910095806033064,-0.06576112697862899,-0.10259390668518341,-0.15581424744694647,-0.0022333995627797643,-0.3393055087214597,0.6022397690594268,1.0129375398697267,1.0980601033363908,-0.04290101676897962,-0.10013427264692407,-0.1225888184749084,0.2668305809625998,-0.10064545403599104,0.3314078915425369,0.0
-0.1320894605943505,-0.04476986147745352,-0.15091889623538002,-0.08752168756153547,-0.038354755613086086,-0.3625063897068894,0.5815518483281362,0.965911352233688,0.967848338294421,0.051682811704053366,0.06687487647857682,-0.09691039182285015,0.27355066075196127,-0.003017522403225281,0.4176109421442159,0.0
0.009195514653979147,0.053488203078174014,-0.16798527088122484,-0.04235056757568961,-0.1500124578330206,-0.31416097205551263,0.5428170998117419,1.0284982620222287,0.9285880049025644,-0.08195103191832787,0.01719235434723991,0.01806295340367002,0.2187457085223647,0.012828553607330317,0.36684015200423375,0.0
-0.04490915724372707,0.03366550408347597,-0.11567409103820961,-0.09285122133580188,-0.010221001515476044,-0.2998843908006166,0.5262790360272066,1.0182170308262932,1.0163689311137123,-0.04245340448104465,-0.022386384320254474,0.03720123317662603,0.08719671683603337,0.09510876431573174,0.3097715104646914,0.0
0.06745536596383729,0.08075596411011424,-0.07683906917280714,-0.017597220952750067,0.025716386594922272,-0.35767321664514035,0.5497312394885262,1.012438493424368,1.0316750159363233,-0.037437592542193913,0.01212865448186766,-0.1129671143235321,0.134425641980653,-0.11884226594752645,0.2160560105792666,0.0
0.05576594937404568,0.05042436024451789,-0.04984231327038015,0.027861732417877157,-0.038378598998777075,-0.3274685935397089,0.5250747667506438,1.0013866181317113,1.0602433787618994,-0.1253212061752256,0.030158488144029647,-0.04022167723000406,0.03509001463742342,-0.1152562925291553,0.22116911477408072,0.0
-0.006950784216636927,0.04959222373690912,-0.12739737627648423,0.057231813825928096,0.06645103345785956,-0.29916410752251904,0.4581631868939756,0.971857286892532,1.0493737805316115,-0.11489833658731224,0.00543784284674419,0.06256242023869056,0.032020469678167324,-0.06449508478581684,0.2709683981277553,0.0
-0.02972686894326647,0.05639577106570592,-0.10296760800826807,0.04082933211971839,-0.04788014738730041,-0.30120840640501945,0.570186248355724,0.9438816767927796,1.068427762155915,-0.08222199493042145,-0.19491967722811876,0.0271116376861546,0.009191879891264023,-0.1499483148998348,-0.036846728008277735,0.0
0.00366544407051372,-0.014810251176237122,-0.050309145209513365,-0.06927443312741044,-0.05944771054563121,-0.3989841633169917,0.4009949729169323,0.8532186014105192,1.005355228443258,-0.1349601144249473,-0.08068598405218003,0.015646944995175542,0.0491307491850674,-0.2184444364581811,-0.015026823902338731,0.0
-0.06877330748616445,-0.13833369769720374,-0.09785534419587431,-0.0016998084805605398,-0.008912767966799802,-0.37272527227539504,0.5567489079378415,0.9900000837756321,0.9999218741218405,-0.1920539451221665,0.022235274970888626,0.1019837143759352,-0.010259450448070272,-0.3497918128187325,0.050108417027866115,0.0
0.030157934838226173,0.034260540905948475,-0.14138200201221301,0.033483761957268106,-0.0012828617569556194,-0.2810839915645005,0.46064537409565187,0.962781366246026,1.0136735658522986,-0.22307321737940583,0.014221992665078302,-0.24523076852977893,-0.0022171476226457362,-0.40402557451626764,0.06043196807253276,0.0
-0.0036860080489129563,-0.008405389124824024,-0.17394817673068236,-0.12167127524172984,-0.07787915282010931,-0.42923713466488456,0.3460753051444223,1.0036186184413287,1.093085061407497,-0.21219697058032588,-0.0987498048101195,-0.01968955711003406,0.010025634155961036,-0.27145821996438785,-0.08329670435912523,0.0
0.04515155422296988,0.0039667690724496975,-0.170243861525746,-0.015791446727279248,-0.046246587676228336,-0.3582414633424897,0.4137056181697419,0.9835012342251698,1.0195442772876713,-0.207266156965511,-0.17710254321217533,-0.1208248383582824,-0.02994517606090169,-0.2576367830767021,-0.06640976164625258,0.0
-0.09881714659372592,-0.05064550993910506,-0.08886468596484744,-0.05457609307979593,-0.10307120334232091,-0.41165756135852105,0.40686756971371085,0.8506023441679893,1.0833615897055824,-0.19900422666102355,-0.017895918820239748,-0.1305457744970195,-0.008241367962096856,-0.156380472964683,-0.0839872692171767,0.0
-0.0056289396560195125,-0.02349860364370474,-0.1133180314221277,0.03771931614635253,-0.034756566056842804,-0.43988463551750223,0.41087288666477345,0.9018594669967305,1.0216889320799936,-0.2272660660484755,-0.2504515314458356,0.11392603455924055,-0.0028123395806635525,-0.013625422579802302,-0.1813152435914226,0.0
-0.05504475677782652,-0.03010220281302037,-0.1693355449581952,-0.013602297036745169,-0.07468814725801282,-0.45591426820366576,0.4574318531217847,0.8789474282004978,1.0965663623071804,-0.21401175483261436,-0.01782273542067675,0.12859955595086695,0.02617752406544132,0.05637254292802915,-0.2542174068187588,0.0
0.046540152780871306,-0.01365522825769877,-0.10372379379742055,-0.00906227406140163,-0.08099540241057158,-0.4579297078552379,0.4107510687965672,0.8835623394133498,0.9878783802585448,-0.30233058782944944,-0.07451403646136298,-0.01953174649244406,0.042531476273210925,0.14505625437998834,-0.14160146334892126,0.0
0.02495585444664252,0.013142206659593293,-0.13086078447641392,-0.07713002629320295,-0.02928667027806691,-0.3927561158234928,0.46760960976823857,0.9318407307299923,0.9816835357525103,-0.2694099632016994,0.0282031533075415,-0.002444613237726403,-0.10126117296266451,0.015069776330305498,0.03593789746506444,0.0
-0.09986292534784011,-0.022999740089151482,-0.10175529581451968,-0.08789895092616332,0.008334389118216476,-0.45769887383578506,0.380907431758005,0.8460096900718987,0.9570072405598372,-0.3594870758174717,-0.031636410526548496,0.12805352994777236,-0.07509664947983605,0.03342048634464651,-0.011822053802566318,0.0
0.08705752492154292,-0.04247119233357625,-0.08350784444769463,0.02583932087193242,-0.06406300084917874,-0.51202702078593,0.32767849811790706,0.9343214001940786,0.9550650747438733,-0.27264765907862865,-0.010123483104634989,0.06684009926496212,0.005162683856382452,-0.01635068965233911,-0.2276670308649821,0.0
-0.05546948058485282,-0.08241623675033943,-0.07982516526348807,0.020447458399572516,-0.0440280158755718,-0.5056396321800112,0.3589708840925796,0.9047369661961394,0.9460933276016203,-0.22363464500023467,0.09383464804546596,-0.07942261030563008,0.03208195290300741,0.0034714656877297186,-0.3113816308672539,0.0
0.025800830298321864,0.04087420858343468,-0.14301370025424814,-0.04455331384864403,0.006249757482503983,-0.4520489166807664,0.2801338743432824,0.7950220460491689,0.8652986475465272,-0.3252601726311012,-0.015202081111413884,-0.17611628591058648,0.09338964373429207,0.014252138357384491,-0.2084524767005544,0.0
0.040303976436616575,0.02327468884666952,-0.037450984183311414,0.0489944238662103,-0.04221216878438328,-0.47063664362944463,0.34933008463195786,0.8066415939641282,0.8934380712040995,-0.42724477841469066,-0.1390397180208159,0.0011448154944491834,0.028771037454077712,0.24834954528852723,-0.1989735263068717,0.0
0.0153046116903961,0.052651254212587366,-0.1278610057225018,-0.023833843477401487,-0.08221929651399194,-0.4598076548856136,0.3025412583328721,0.8094072854587159,1.0081893027846203,-0.4267799934616644,-0.028084333391405758,0.026695707368128336,0.1767039401997203,0.25306150994934595,-0.1788669103249237,0.0
-0.081172423103794,0.02121856561185108,-0.1584101104718567,0.013948696046952147,-0.02241809723053409,-0.5061256254904514,0.38889719753670593,0.8253181841190061,1.0846917238184721,-0.421626269620208,-0.11895358329754427,0.1245207490991158,-0.054975921406645645,0.15695531584152392,-0.2543718281032123,0.0
0.041099719900191636,-0.08244189035714747,-0.14993963451386094,-0.05633410326079262,0.0019597103078566394,-0.5357974290453813,0.2605085803422358,0.7857324005079667,1.0358147592552707,-0.39743369429869885,-0.28175253370249753,0.01791329777424437,-0.18376198140377162,0.10175201236449063,-0.20190931282871577,0.0
-0.03127609054607623,-0.09664779171610499,-0.08139075709874424,0.15015305198380385,0.09024321897357233,-0.5699974112814032,0.30701759342542745,0.8088080577343265,0.8812053675362624,-0.3644046575149456,-0.09827702443709323,0.05472317650540905,-0.1528788792211751,-0.11219144543721866,-0.23026726899208677,0.0
0.05663387982102755,-0.03170031308341959,-0.14952165906164905,-0.008634006330930847,-0.045956095776613165,-0.5840948354170635,0.38209667333459896,0.8666398734511283,0.9796595457528375,-0.3796079227553388,-0.28948940988719896,-0.06752192135160312,-0.07227296689072724,-0.03439760839340928,-0.2801954703036025,0.0
0.015132330651412812,-0.014032147523376564,-0.09072848210495857,0.03489547959457304,-0.047425071098975716,-0.5359699099251528,0.2506136761971913,0.7657498448075133,1.0136111676124373,-0.47113037059637247,-0.1610577417643782,0.006053876934604088,-0.10672026274891333,-0.14644738292638695,-0.13975269180728314,0.0
-0.03022464403884481,0.012530359739430159,-0.09066380472713122,-0.08432348281202945,-0.046608332308201245,-0.5394136099313489,0.1571819175493971,0.7725670409276679,0.9879842089012899,-0.529121861883546,-0.00743050485692319,-0.16624454451485327,0.02172780609551417,-0.19974076425134973,0.08573456905718134,0.0
-0.05401284177141263,-0.02231349965651611,-0.08591709627777147,0.09528065285148493,0.029536319710612838,-0.613663787130966,0.24349351197064562,0.7482405938904411,0.9524551648732252,-0.35065007710087653,0.0701409430590338,-0.019126864656128617,0.1381194414514112,-0.24629084770679777,0.039915441823467485,0.0
0.044096815183361913,-0.0015546443028674754,-0.1825888305785381,-0.05150043224648735,-0.01924055043617442,-0.5388142746442223,0.14194127699869893,0.6676301920905733,0.9237525595509707,-0.457643170454547,0.08132163485280842,-0.08479428744038205,0.15045859053140764,-0.12825679006291915,0.12135679678336331,0.0
-0.03260468815621245,0.007617311007817535,-0.12735524951704266,-0.047693175341048256,-0.13845030937765143,-0.6660023108936883,0.23535783168727595,0.757303805132978,1.0521902094641622,-0.48470550363943193,0.12777492916573796,-0.15304821897600074,0.18039631138365997,-0.013903641360952082,0.15827009953898116,0.0
-0.033915517933800855,-0.008610593159749066,-0.053077644165939124,-0.020210691900056938,-0.10643226754962286,-0.6329028385591562,0.24886913888808182,0.7831237016046702,0.9633067927788788,-0.41502850916232137,0.2181094729706078,-0.10532006103824201,0.02460874172159498,-0.06090290162700342,0.023443548711687662,0.0
0.0378463179537072,0.038517354222715905,-0.08745135341459909,-0.09609496852941785,-0.07850832167117085,-0.6380719571271785,0.2388529508135697,0.5924394928297456,0.8827350373145721,-0.571627516173417,0.20120704408642215,-0.049634343830429174,-0.0348755916080464,-0.1705711668425261,-0.07954118067089591,0.0
0.036563785980417374,0.02781234351670897,-0.10013881922824538,0.010991557292419137,0.03513254518395563,-0.654256253673891,0.21856526201935061,0.7580188552248543,0.7965373085043155,-0.5060094224214505,0.16553875744023094,-0.1732603816088041,0.0004402517893211423,-0.27604343271818926,-0.11755404716768085,0.0
-0.012090072959818062,0.08029426394111872,-0.16869337213857,0.006063815863593166,-0.060379679146832954,-0.5337876963417016,0.21205027226191772,0.7336690573068396,0.8868279231288848,-0.5675017777068245,0.027661571556589826,-0.039615516280465696,0.04411572798120303,-0.2789433270024464,-0.17968614015459133,0.0
0.06841392208280814,-0.04107427905410946,-0.08087130184337644,-0.016153242392231065,0.06385659133805052,-0.6547151019335269,0.1961314549282894,0.6801008741804585,0.8904369915453559,-0.5896951983074028,0.12634487338073305,-0.04293035764660784,0.08734870096942633,-0.2014665161913225,-0.1572300668808869,0.0
-0.073699602258057,0.04110080952074792,-0.09985331617083579,-0.054692371001546475,-0.07661643048189212,-0.6935140407095517,0.1547537879657248,0.6539497202535888,0.8301572578752313,-0.5289748080109749,0.04416438936875655,0.06671901353577599,0.11966004516403499,-0.13819066771954444,-0.16774771869802507,0.0
0.0329771404740944,0.015697077851304406,-0.09376186214371357,0.0107430867205913,-0.05472395054150195,-0.6315229139995122,0.08263222323115918,0.6727101040730422,0.81406512055024,-0.5419574589323111,-0.007482234391712084,-0.03590586779225788,0.24995262349731984,-0.2943094927467819,-0.0856309497775487,0.0
-0.08186614648824234,0.04650480096220805,-0.1512824922935695,-0.05564505229331505,0.028272708683970152,-0.6464969515333291,0.17754487362084165,0.6671234551072435,0.8216263553892079,-0.5052935217337144,-0.021371676141589788,-0.06008697164671788,-0.0025503661792247168,-0.2938487094546572,-0.17241034189560045,0.0
-0.002962952846567489,-0.047069998515451274,-0.1360603464442643,0.0021002217312125412,-0.06466241797933533,-0.6573012514436601,0.15358975333404914,0.5978087775788619,0.8749216170506454,-0.6413727243895273,-0.1539383522157941,-0.06454457670130262,-0.10797198449636061,-0.3491546052821596,-0.19087378610968442,0.0
0.014460311360455485,0.051378416073040584,-0.18185448360090326,0.05411727675136459,-0.012583857046547773,-0.7229106907970575,0.1048014484647175,0.6761260045226071,0.8937103916049478,-0.6629521558558336,-0.22789658703136728,-0.2155865057408945,-0.19720903550714475,-0.2861611866678607,-0.255428270278517,0.0
0.010451867875388779,-0.011812872634407471,-0.1281145221876918,0.04260745561339957,0.004387186343799886,-0.700981324785189,0.007077933945394556,0.5815260173204758,0.8224693446179318,-0.5974304995022571,-0.2140897489085068,-0.06747830030839104,-0.16052739860318158,-0.244531617810742,-0.4354177628829805,0.0
0.050272194219794425,-0.03911070929338519,-0.043020272063563375,-0.04122130246067317,-0.006777965449347424,-0.7282699939270626,0.08668666425487075,0.5221580139147086,0.6400550104980891,-0.6062101313949925,-0.21774948511313894,0.037388391280727185,-0.20218442929434305,-0.26315393269056586,-0.3942611432491113,0.0
0.04895742602064954,0.02434011351683228,-0.13051080650065422,0.03415954129139141,-0.1539555782856604,-0.6335185180638511,-0.08034174633693533,0.5150963856221332,0.8048005960794175,-0.7049300732067418,-0.20894263655971107,-0.12108738672136005,-0.09664015738973063,-0.24650245339795038,-0.3490514803250494,0.0
0.00293718024987533,-0.004338199154527531,-0.09170756826135484,-0.06334096058589034,0.05116862367106781,-0.7784524842523923,0.06723017523115082,0.5798633396471111,0.6714960472102471,-0.7358837568366864,-0.041019707460669116,-0.006152469592118653,-0.19422763552192623,-0.2333350565377081,-0.29709582277612695,0.0
0.006923687701669701,0.04972002785383385,-0.11634378632431606,0.08316655526713952,0.004257017137688633,-0.5904184657073949,-0.014463568300450192,0.5110915130022559,0.8393945915990495,-0.5647895757610194,-0.23880621333812932,-0.022799502823036614,-0.3344361458923194,-0.32897518941984627,-0.14643063945802526,0.0
0.058669094199231324,0.05764080975841793,-0.07634204205096584,0.02995801347408878,-0.02832719908544131,-0.7009126457852259,-0.03295671422656659,0.5731259867667692,0.7111369935241411,-0.6917463173595917,-0.26557701768145686,0.03240609654867459,-0.2953095190438828,-0.2368045581358444,-0.15901134621204266,0.0
-0.03624672846735281,-0.020825560158233426,-0.10225353850749268,-0.04379297565614267,0.010419701730272471,-0.7003593492154274,-0.08863094063392798,0.5577172286098129,0.6036737438089697,-0.7459858116560859,-0.020622285477122637,-0.031909756978811356,-0.21107781603366713,-0.3189021964253427,-0.028038315760068683,0.0
-0.025270977176857532,-0.1097120039165726,-0.1160697523993042,-0.017292534277781508,-0.05484237287239145,-0.7419059396507993,0.022841127838678518,0.49093432107112306,0.6746720179230412,-0.7671531514411137,-0.005132321267280497,0.001083722815523068,-0.208793458862415,-0.18021494047602457,-0.014766134314001571,0.0
0.05207567676654395,-0.01168128907424457,-0.09641122505348979,-0.04509732540313453,-0.10159174859763538,-0.7727828653401344,-0.10080005806635395,0.39921660237866374,0.8444328819037866,-0.8519374595458723,-0.025285690873128958,0.05494676796371376,-0.2297143778977267,-0.18052597457633246,0.058585329200513084,0.0
-0.02196052531217361,-0.01792966191065966,-0.10404945154055473,0.07253580206003131,-0.037101299833507136,-0.6928457530059008,-0.07308894956704692,0.5078060426981965,0.7233780194151251,-0.7106622217156772,0.06664345504237801,0.11364110416396392,-0.11399454485614886,-0.1592245821860829,0.047153590461871425,0.0
0.06132859432229684,0.04738067061667872,-0.16287663014717282,-0.006247628379432716,-0.012961926532175191,-0.8032561104598552,-0.13591921264177365,0.3672982623986449,0.6862468194225936,-0.7443642957092685,0.1773704225862393,-0.019265029080020618,0.11911999411461838,-0.12181954436722711,0.0025509624619251617,0.0
-0.07073247460613898,-0.05065661382051324,-0.13495753949002787,-0.0851115374454191,-0.029274943822470017,-0.7682356931930604,-0.12385452969674408,0.4367784725748514,0.7032131420869054,-0.7127475404489296,0.07721292859894499,-0.008211265227173508,-0.005468318024031929,-0.12435261429625598,-0.010530937095233209,0.0
0.04785346319451575,-0.0687805689113341,-0.17165629257445425,-0.009215148668455828,0.012796127203033802,-0.8118640492344599,-0.14660963085095247,0.4290458232380887,0.6235008515960684,-0.7970275111816174,0.1775630230971353,-0.01380752458281749,0.05036867056985695,-0.044836908459676625,0.09141443392720174,0.0
-0.008368952453238996,-0.028168424932810437,-0.09327984943952145,0.035984295844561975,-0.04168306990999705,-0.8310335049040294,-0.15891907039977254,0.4526505245168082,0.5814670412712417,-0.7279676269910533,0.2739966520325918,0.009309709711336366,-0.08567994822163454,-0.07970868793282568,0.10499107589833256,0.0
0.017486727755990427,0.0674193562338461,-0.09977501799046064,-0.01644467761807074,-0.01095834429001159,-0.7974971501060892,-0.16707208771915333,0.3827190205331898,0.6877745586154578,-0.7680847682528769,0.32889373644310316,-0.11242132404339647,-0.04092500062452528,-0.15218565581917584,0.08766543847260773,0.0
0.036981393199889454,-0.13776721362341313,-0.05607862349548593,-0.013549171731496494,0.004171728228182688,-0.7032565965339703,-0.128955630700039,0.39227522690211974,0.5831454791585549,-0.8111585714494203,0.26124720672519497,-0.13337777935523099,0.014441601196322928,-0.012340713960188404,0.16968262479533602,0.0
0.04797982460025421,-0.016519565563471054,-0.06570691776792223,-0.04262101992494868,0.0032630399611196306,-0.8386494901768763,-0.2239686355908312,0.38410183619278493,0.5252912643718021,-0.8672096568581096,0.22054624794009045,-0.14265246864681197,-0.1037621181350351,0.011154255914322732,0.04816793174393466,0.0
-0.04967873638643032,-0.05753701125778912,-0.18995940500075795,0.028184810656113172,0.03808830739589293,-0.8799017671690219,-0.17484240622074784,0.4144300543358119,0.6256544203736716,-0.7908839262399783,0.03665379001500188,0.09072608591617241,-0.18830984786504334,-0.005692001398650297,-0.04853824712899187,0.0
-0.0826627424097483,-0.009517145163873092,-0.14664325239149734,-0.05208073132877456,-0.04664593857818902,-0.8874161391195005,-0.18427752307916612,0.3388597063580811,0.49432300296023657,-0.8024525818688901,0.03131473935416317,0.025940247808747263,-0.08302853417387271,-0.11943976024984834,0.08528823363989524,0.0
0.005625213093785929,0.06630187227606166,-0.05445302423120029,0.037897866143803846,-0.0765899743364049,-0.8112912478737753,-0.19275135694386472,0.28710373723537425,0.5753861274129931,-0.7751841526437628,0.2080014811901873,0.17775235976306872,-0.21399516734557744,-0.04487798125078532,-0.05491305695768675,0.0
0.017934963030501783,0.010580840640992543,-0.019123014886650774,-0.001790440739070482,-0.03479784664454561,-0.8183840953131962,-0.14724142612997237,0.2769798889885026,0.5367232434994136,-0.8201326921996163,0.14506697108737593,0.03377236584703794,-0.18577714631971817,-0.056296450666587575,-0.21977752298231124,0.0
0.0038071949547006417,0.0648456581096547,0.018291681664697246,0.03422192107647085,-0.06242430409638368,-0.8304945272562634,-0.13859540141422388,0.27784442093722683,0.49991974334440703,-0.9391626504852496,-0.05024556547895734,0.21477044947468804,-0.18927203918498975,0.06426702976357299,-0.03580544530914462,0.0
-0.06635036659629592,0.05028923707788942,-0.11817859315186927,0.0522718167307305,-0.0680171028043596,-0.7210222907900441,-0.3034240596321538,0.3224982115439441,0.4649528079178649,-0.8841846496963909,-0.09212975213329833,0.005833301053197237,-0.24133921165899636,0.13283337287433156,-0.05064095691087758,0.0
-0.00509334915013882,0.03043018704243528,-0.12392429873548101,-0.010573782110971533,0.04895922889949303,-0.8170412364974965,-0.21732360346596774,0.3029016326258862,0.534568439762356,-0.8510464713435612,-0.059047172079912974,-0.038815707105430045,-0.2691832086943057,0.155589165932138,0.06563672850948911,0.0
-0.05382948784756885,0.05603244903084077,-0.00019318063371294436,0.044097466357683746,-0.06442006840383978,-0.889384656860616,-0.33701178587084174,0.2325182652005017,0.48057051188462035,-0.8561292056994103,0.020215348793004018,0.14531920546548502,-0.16138542698556332,-0.022595686897201317,-0.016192987226381336,0.0
-0.021270397056233983,0.07886449102758594,-0.22422465552707926,-0.04490673632676202,-0.04943881559306735,-0.9127745170129671,-0.1591448460688114,0.19495235820452916,0.4714304219395167,-0.8749240080105449,-0.0766879023277212,0.16302941488033135,-0.18319824112168476,-0.06610193672088377,-0.04989986639541479,0.0
0.054441895133704676,-0.04721660403903211,-0.18363157943549885,-0.03998374084203701,0.009210373814137883,-0.7570540413895451,-0.2903031636202494,0.1340911018102839,0.375528562895572,-0.9538331642190039,-0.2474503392032175,0.1063020731018553,-0.042538246461160126,0.07433490368933868,0.027430570930780593,0.0
0.016809846150638318,-0.06175443258826419,-0.04050694248843702,0.07069967389181353,-0.08663670316491348,-0.9189278044117544,-0.23240848297936711,0.1736345018114647,0.40949613729490986,-0.8895920267355718,-0.1627197131700848,-0.08322971758880789,-0.13797994763639287,0.37584299205872235,0.04014791569670066,0.0
0.05051564013362843,0.058361842484487614,-0.12234388357266081,-0.045695601742633124,-0.005954882471549856,-0.9355946837161526,-0.327885703420254,0.08832826946155964,0.36011663006888106,-0.929768188881267,-0.11630277944382385,0.2451762589383329,-0.15004712921193086,0.22352194207778717,0.16842081849068213,0.0
-0.00012161921225547698,-0.0003252103314134464,-0.15701301146079577,0.003450474288665836,0.01808592663053714,-0.8202709122208407,-0.3152368662362312,0.18382458450396383,0.3908124889863782,-0.9227413465995287,-0.06230011979669341,0.19989787464509493,-0.019086388721454073,0.13290943276223527,0.06560514794299169,0.0
-0.015135294541783431,0.018352266786977746,-0.018025005900634827,0.06650474841569821,0.005926293106977613,-0.8963154194232748,-0.2659992225387899,0.11469696755081907,0.2442795248512059,-0.9857855681045402,-0.08959209090443307,0.06508170416564231,-0.24716753543960845,0.13893010459979058,0.11991286817370009,0.0
-0.04215939355674134,-0.03766959153773435,-0.10437176487436248,0.005903813853627477,-0.045569686256407345,-0.9119223359907702,-0.4112615817724269,0.13721239487699224,0.3530272348402985,-0.8278927940122578,-0.08178567111095983,0.0019671343715673834,-0.38971416296226297,0.3596943641298309,0.09100249812118004,0.0
0.06282326645903571,0.09827603204183612,-0.06253096364339983,0.04055971804101837,0.015985669202587732,-0.880137805081714,-0.36602286510090115,0.0867205003486327,0.31673415663662857,-0.9531894856243179,0.10970490968981635,-0.04191034693480408,-0.2500327226007658,0.2862395158536325,0.015087974192161409,0.0
0.004951690300617106,0.00014477409380299518,-0.05119680686064386,-0.039254541015187425,-0.03247670825331595,-0.8413893751033352,-0.3355818510182574,0.04597687561158108,0.3515652421145145,-0.9562515820391599,-0.02800539884424849,-0.05676578923200476,-0.16512606542988867,0.14004361010180336,0.025986488640755877,0.0
0.06167130982457939,-0.03626532214805089,-0.10408419498908436,-0.02116185886220491,0.004273127313727927,-0.8256966004107564,-0.39356444191039547,0.03377401220244388,0.3044658487065739,-0.9371936981160918,-0.03028925207213269,0.022921659688028423,-0.07802782058387062,0.009110127552923411,0.039389381610234205,0.0
0.00040609870150180166,-0.13054411967112425,-0.1711320582138177,-0.002704925361889772,0.034734036924021695,-0.794439554219062,-0.45952342907857113,0.010037111242690744,0.23481073320762091,-0.9256677327013879,-0.060373391679243646,-0.0007237632084498968,-0.048186922279041436,-0.08945411130798844,-0.021784002851088714,0.0
-0.08543717449086718,-0.05795480217589262,-0.09047523160121511,-0.03122904982058937,-0.053723837219541756,-0.8856045822427729,-0.31219313823561523,-0.016005107211183228,0.26866825932455685,-0.8963760251250359,-0.028905453581203142,-0.0903138545966298,0.0125663099573807,0.04061192027577659,-0.04699164797846765,0.0
-0.02053964185561609,0.0014560116909058014,-0.1099334443888338,-0.035903431059039856,-0.04673372227853471,-0.8562490967155045,-0.32342550061173775,0.0040215876308565095,0.2744358476103088,-0.9205117375107298,-0.1661662031973839,-0.13854815874699844,0.00802324715699129,0.022093687802541187,0.08129520420750841,0.0
-0.06293782276716564,0.07439572194516952,-0.08100789416402294,0.029465324472681756,-0.011045503995154029,-0.8898776354086293,-0.43853776663041694,-0.026739757588987514,0.23939388936263778,-0.8967845055390306,-0.2305763805567176,0.07717857267792451,0.1508068442415956,0.046655743147799286,0.0044177559231719996,0.0
0.0712801924927649,0.0031279364417931537,-0.18613313378886306,-0.04005782111511537,-0.14055576713585657,-0.9777497362332677,-0.5186939033369806,-0.09059193647372653,0.1880395960497073,-0.8622610349219008,-0.15472864490856195,0.03495068963478997,0.18538647169753242,-0.06840811253798508,-0.0035371366448711723,0.0
0.03308453757965368,0.015824665615888862,-0.12417678332453069,0.015294292925111953,-0.17728443422353807,-0.8655056997872143,-0.42314329118233934,-0.08768183708436514,0.158473351630901,-0.9088862448532997,-0.08648390072769607,-0.10306024498795383,-0.037243794727323615,-0.029222431929258868,-0.018458171288241523,0.0
0.022018797125040197,0.05855378309320098,-0.014228138313556682,-0.02884032825927141,-0.07660810055790482,-0.9796568373237843,-0.45675360240034274,-0.16161579439609422,0.21684101790901808,-0.9032513902888533,-0.12506568266243812,-0.1613699197199808,-0.16855942405264374,-0.040931822317492914,-0.04172201634419506,0.0
-0.008238322535283019,0.07437684461096371,-0.09455650225147055,0.06573560013827437,-0.029244808244702592,-0.9861307713758757,-0.4273101497777464,-0.07279552725468441,0.19238208840794035,-1.0350830136042444,-0.0843735775465767,-0.05557889833814153,-0.10913579844117523,0.14418868077487496,-0.041555808056021826,0.0
0.02655101609077911,-0.03706800600628058,-0.09949933941393632,-0.0064497648429514085,-0.02351837140326745,-0.8760373095544288,-0.40489136903181366,-0.15066219059707703,0.22454043275536317,-0.9492690857824179,0.04215976610006898,-0.06846879265903277,0.12867707342086115,0.09603499327691682,-0.09424641409919014,0.0
0.0769495279671464,-0.012452863929490826,-0.05143177611577416,-0.04788666166386751,-0.0625936588110573,-0.8474560513700069,-0.4766105779551856,-0.029515439962736464,0.16219667454467251,-0.9868710391001483,0.03008288074308808,-0.09998317357265586,0.19752174652524707,0.11237955331808168,-0.06657289954076898,0.0
-0.023673631302780183,-0.0053439412598721946,-0.11853859680598311,-0.005909732087298843,-0.01725657320345808,-0.9751482211854441,-0.414665274837418,-0.1612347777673917,0.2184509023284551,-1.0209283320264433,0.06976724920229303,-0.18217549428816568,0.35822144375900716,-0.01630158820007628,-0.09387485552212953,0.0
0.10766246731802644,0.04981956880955107,-0.09550205790437763,0.013397438813635736,-0.0150109078536297,-0.8477825760879268,-0.5813581874104508,-0.09162532692027292,0.1340669629632448,-0.9995432864751116,0.006994167953566499,-0.19521888168794493,0.2876037589735776,-0.06332883166635887,-0.08938817906417942,0.0
0.016471949701442293,0.08312192136145094,-0.07377135540675438,0.08556040673208291,0.03275683856922553,-0.9675922603157728,-0.5776058070620946,-0.024324157634227045,0.15226505299580217,-1.0133418791536417,-0.02534377937543384,-0.3439890525984366,0.1847115122839183,-0.040441384332995566,-0.37239215013729227,0.0
0.07225724123361588,-0.09702717080772857,-0.11164339290837347,-0.03604767263377274,-0.07753300477725616,-0.8963755195637652,-0.4944964012040322,-0.13990233626067605,0.13378591888572317,-0.9754869426027052,-0.02095245002515065,-0.10949700044035657,0.23958081268769826,0.0500354095704841,-0.2770744035758102,0.0
0.02955777097955424,0.06937426970563604,-0.17013281669016517,0.051462635619754706,-0.0016586967904541061,-0.9746622960433634,-0.4468810840670103,-0.23138149022239385,0.11512456628777681,-0.9855129157012485,-0.13645514176359233,-0.13222942238770743,0.10085657303915893,0.010579374438493758,-0.2692292651324631,0.0
0.10192871352937576,-0.0075149893110744714,-0.1735032992175185,-0.029618088061570694,0.002280482887035553,-0.8826287125922502,-0.6233671734227528,-0.09236373469424423,0.06621152550358692,-1.0143645866835431,-0.12938241857138513,-0.03319853661385285,0.09803894370979982,-0.010272681517023234,-0.21947676148498638,0.0
-0.046525561587746414,0.015881524179239728,-0.14830749493751977,0.04973704009821314,-0.00963397136489963,-0.9103662480908316,-0.6327177236509256,-0.2306451503798387,0.055923751516526024,-1.0278770177576104,0.0763804568453458,0.03625243790237846,0.15542938760921726,-0.09701912327044457,-0.11083723248840553,0.0
-0.011650980105851722,0.00855202133617587,-0.0517184439576478,0.061586549456551586,-0.053424495812430126,-1.03234083128352,-0.5255034336265256,-0.2558537273207646,0.029836697830118098,-0.9920296677805801,0.10707022596630175,0.0554832835928919,0.042930883238303394,-0.1972628592069111,-0.2345131587289424,0.0
-0.005861414709380508,0.13054608751502345,-0.16119652557881334,0.018563038742047844,0.04837164316245045,-1.0165309326204184,-0.5860372128544346,-0.2784842441163819,0.022263099063599363,-0.8805158712649469,-0.1322128973049008,-0.06530603255597209,0.07474280608868408,-0.3008578224916271,-0.2545235040116002,0.0
-0.04531529711229375,0.020272101028724725,-0.1538158000970685,-0.08967042054456235,-0.041860565057172616,-1.0274172278099158,-0.6222923387245761,-0.24356963902495943,-0.013029055082704334,-0.9455085246013953,-0.17028778066824005,-0.03425490355137814,-0.12357667051836949,-0.1287882170671612,-0.051325888735598374,0.0
0.051063827972630836,0.000310893315309169,-0.044525289847552885,0.033860919809103884,-0.04027727711245416,-0.9843951286265225,-0.6233192108737939,-0.3242573254405116,-0.13420163714331054,-0.9940331697868058,-0.2770476464967405,-0.04525929093968046,-0.07210554797290847,-0.08241649475709116,0.039749724802893564,0.0
0.06043252406036002,-0.06152181576929892,-0.07470452155875099,-0.04296615651977642,0.016960882750694864,-0.961143415544476,-0.6240944034399785,-0.2835352577935267,-0.09152360176547156,-0.9887570709961352,-0.20033823959419123,0.03703282266550865,-0.12922931609636515,0.11794266296726294,-0.016951516999271034,0.0
0.003207135038701566,0.006100835546899368,-0.1299706917925154,-0.018938209938818354,-0.042102343890868255,-1.0391185104586522,-0.5516422803081682,-0.33923195300824155,-0.21540501912992138,-1.0059574399303535,-0.1448179086158028,0.10911603746509685,-0.15223398650715322,0.08807259795616912,0.04389593453837049,0.0
0.05535172457769548,0.04728573364533965,-0.10490759316771918,0.10017119693059023,0.041403758090948956,-0.9141169079528388,-0.6492878372109471,-0.3080000961682507,-0.18498095618521931,-0.9528524681996636,-0.0301686689076609,0.09856772714964065,-0.008940474615372437,0.295550547708759,-0.016793579392229925,0.0
-0.11019178379297354,0.022566138135473222,-0.18568386131958142,-0.07079339019486301,-0.11424581950222062,-0.9660956845573857,-0.6926189998414768,-0.35627990530907955,-0.11896349060016523,-1.0269370135551432,0.10571020177323534,0.03617724677778068,0.09926170051640386,0.14669061016984092,-0.15247569568611705,0.0
0.02324326581779696,0.043655131859478245,-0.05565007049939532,-0.0039537170751816324,0.05503615305241637,-0.8997586659760042,-0.7087900544688522,-0.3420117355426133,-0.21093872699755156,-0.9387296901946576,0.21488999643902815,0.0011703750820543611,0.08778336660250105,0.312610474240922,-0.23032577021394002,0.0
0.03511988813563649,0.04126871925906493,-0.12215896627587655,-0.009854456104271703,-0.06856231072700056,-0.9401839556483413,-0.654477221265221,-0.35039167881360317,-0.11495118399720432,-1.0851192705016606,0.26708571200241665,0.04948677077470408,0.03168955116473472,0.2049498352829496,-0.2541637683043724,0.0
-0.021305241518702396,-0.006207983446281363,-0.13235568355125085,0.026208471841138534,0.040773231570361335,-0.957396298410842,-0.6968553039547052,-0.3717901947221108,-0.32839385153081163,-1.004651500876795,0.21306312103655278,-0.05256988068412057,-0.10315556944444909,0.1589718182563426,-0.25239821155530706,0.0
0.016953241087780763,0.008923146394326828,-0.008617148671500444,-0.008594157666873173,-0.025554342513708892,-0.9088066084692846,-0.636050434747387,-0.47604721209698964,-0.15405230444987003,-0.9986126677069489,0.30527128935652914,0.033889345067587805,0.042738098275768424,0.045821107484852935,-0.2502743878619812,0.0
0.03232609303458706,0.04256567903127816,-0.14412615693698827,0.08902356999635687,-0.06737427810265206,-0.8644763774429614,-0.6480242839563616,-0.4548390701135023,-0.2819740782066303,-0.9376876657335518,0.27431126400800687,-0.021677483193759083,0.14153412480248043,-0.0708738806963167,-0.07690160613935941,0.0
-0.045454735098902244,-0.05464900764493499,-0.12795808320738242,-0.004551121120416189,-0.052103670879403985,-0.988898539665933,-0.6642206990121314,-0.5237555849581507,-0.17994135785788837,-0.9855813211270578,0.1474462878608071,-0.06512283456448703,0.15528135122819545,-0.07825704573139712,-0.041509134036093145,0.0
-0.005312424038256748,0.025184578679935295,-0.13220103617000334,0.01767229767799262,0.010257292563282717,-1.045737993696415,-0.8073954933032286,-0.5181942884216763,-0.27338733059215126,-1.043813039067145,0.06825037302061315,0.09322520169579532,0.11005360849357139,0.09510870553723848,-0.3239940565980326,0.0
-0.05402146248746928,-0.06869807015339448,-0.15004809581012546,0.035637593925657046,-0.09450987191179683,-1.0206994856979155,-0.6955798063551537,-0.41856129178238927,-0.2149297863509639,-0.958492603705968,0.06539559563536644,0.04562086283428641,0.09771775983060718,-0.03692807212155362,-0.2725042895213918,0.0
-0.00252900699308466,0.01886116394294258,-0.10227065365184089,-0.02222569629880531,-0.013090433881197058,-1.0573448781477548,-0.6991632157773228,-0.4855005071051827,-0.27611336732935876,-0.9959170598482334,0.31808898891915827,-0.07128097170297452,-0.08156321327095432,-0.2164396284892181,-0.09438052351327941,0.0
0.01421715855108148,0.020173297623446575,-0.10931222983813939,0.043865383873783914,0.01449201861439419,-0.9850725980073614,-0.7505963072932077,-0.4606629795405646,-0.3029190588129915,-1.0164806548712346,0.3067027546474509,-0.08984015903805398,0.010203627766299309,-0.05182519070122982,-0.1553813548331356,0.0
-0.0067151785488318225,-0.11523408849016017,-0.06161657778471445,0.032005754196096525,0.024718295668821423,-1.0611599750048717,-0.7287693918267002,-0.5808682297090031,-0.35659272495247757,-0.9011183287011908,0.41269255867907834,0.04298411532019894,0.09257575545769908,0.030308308953362194,-0.09550099723191792,0.0
-0.03165990690468849,-0.02693802741283808,-0.09149719402516619,-0.07002790330911719,-0.07411342783957164,-1.0592337175617879,-0.7690334587766108,-0.5379175744503761,-0.36799528602394715,-0.9670965167373391,0.38545843261267626,0.061906969991513724,-0.08163066779791886,-0.34341069844971583,-0.21930573669887027,0.0
-0.015235908469744819,0.0486172759072568,-0.12110548988540037,0.013518172109990173,0.061788554779473356,-0.9961940809248457,-0.7385387342256011,-0.5107921368704289,-0.38479206556144074,-1.06327254743189,0.2178421693782609,-0.15097237957555798,-0.05681542714799545,-0.22365452094312732,-0.1371006884302341,0.0
0.05817470566186517,-0.01911206317703696,-0.06646813470588159,-0.012475378860624508,-0.0161746761779561,-0.9529641807514339,-0.894903820160403,-0.5079333268370765,-0.35077840998512577,-0.968754111417257,0.12502151703012304,-0.18055641746788814,-0.019035654395722433,-0.15093831594938178,-0.18746021792418882,0.0
0.1114523801556685,0.0676882776302535,-0.1578635878121978,-0.05366876103240599,-0.07518391272753394,-0.9657404509602229,-0.8518151161395903,-0.5261585109911543,-0.41228537467230164,-0.9639634369674249,-0.058999552752233494,0.021177317853857874,0.20264163565629956,-0.004288427164838196,-0.0794063524363785,0.0
-0.008820198170407002,0.006343734345799726,-0.1933093813238842,0.05012799067401603,-0.036907423934723294,-1.0339662029063754,-0.7834516392342018,-0.5710384047506758,-0.2561673133576085,-0.9234137422418873,-0.1028443129444429,-0.14394470101461268,0.24102709141865386,0.26119830174383313,-0.026352053562182134,0.0
0.002509255496329226,-0.027377853841603003,0.01406410654595136,-0.02656236262968087,0.01824450850049352,-0.9750718347678503,-0.7296282096657202,-0.6081102429968094,-0.42264613347490343,-0.9306833959387112,-0.13642156349472556,-0.049125939138583694,0.1736443364831204,0.2548486497621902,0.05482746682583277,0.0
0.017693243032018913,-0.00034483088733909886,-0.1456423001133216,0.007934481220119813,-0.026221204863925707,-0.99372866285491,-0.8027890860789783,-0.6022451395962338,-0.46771270417669836,-0.8535665105318692,0.09749396067486558,-0.05586814258201397,0.006624555725122855,0.2734601010372749,-0.034678390657370196,0.0
0.00034463196266222226,-0.032536595030450005,-0.18405210395745186,0.051480987189097015,0.013245933637022578,-0.9570162720735326,-0.7139609474826614,-0.6457694306788575,-0.4927034194582744,-0.9365041594830956,0.03336766454950973,-0.13245822779439098,-0.07030569476200928,0.28828372319746476,-0.0009980918788235447,0.0
0.12294404745430201,0.051530349727287414,-0.12989271526908777,0.06485864251275145,-0.07544589600470278,-0.9615349581199363,-0.7910315220152231,-0.7302576906451689,-0.515108299672777,-0.8777901628406922,0.025919676032361904,-0.11512351523906353,-0.036980623389202744,0.1558980035574089,-0.018711572034501002,0.0
0.0005144175833624899,0.025879217088130332,-0.16790640596884138,0.10549450593504078,-0.0641414965642255,-1.0719452424345182,-0.8204724463592635,-0.630200830708043,-0.5714203425006381,-0.9097552562291876,0.043393873447050674,0.08432836830632544,-0.17165326188569788,-0.0748657797406323,-0.02384551113102918,0.0
-0.000996761701269569,-0.052675489504287576,-0.11769789923309454,0.06109540260408486,-0.07771417536162091,-1.0155494159051481,-0.8264151884402147,-0.7138351805144141,-0.49773275029414027,-0.9280252043188341,0.03743906396662779,0.07299124067951905,-0.06747835290380365,-0.030249888499155983,0.18383418677103178,0.0
-0.047754213460930145,0.04605704499308649,-0.2240765738627966,0.10158824568353936,0.007535145679803894,-0.9854485592088332,-0.814971976212143,-0.6818392548504622,-0.5063990308911774,-0.935092022503977,0.14887865930305486,0.007790560498926222,0.027835846624760636,0.13504939190926712,0.20486742772739153,0.0
0.041311363262681096,-0.0012302467184438434,-0.1604001333890479,0.0785932566108245,-0.09557181631879694,-0.9881915578898568,-0.7358234719570742,-0.7721027429999427,-0.5406918808167511,-0.7858732181484257,0.1852914992865703,0.06574333665354314,0.10350303789917933,-0.05449441806128069,0.40636652063107415,0.0
0.006690206154864268,0.08816581518854337,-0.1994522749941678,0.043904493366477865,-0.015367496409897676,-1.034042397551167,-0.8171628560355202,-0.7502352687297563,-0.5546501969886858,-0.8553729301511368,0.20523835208191035,0.09403046168409182,0.052277327838525324,-0.24379965732176306,0.19741891787938076,0.0
0.0855964934173703,0.0919415240998339,-0.08592071684777079,0.05340650833086905,-0.011784372557770045,-0.9461206623439987,-0.8522585210872522,-0.6984247556145404,-0.523546756363391,-0.8819882824430098,0.08190617431639897,-0.18876455440667794,0.24791223407174728,-0.34395883571339164,0.1441404532840231,0.0
0.06901059196432974,-0.020608492537187467,-0.19674567891336392,0.06659261628331938,0.01060351827626663,-1.083732614931276,-0.9200273641780231,-0.696724967564761,-0.5316579755888824,-0.8632446556364459,0.06692573409457203,-0.12810502674571997,0.22412362872555153,-0.1762947808414,0.05916408787177952,0.0
0.0081881935029392,0.02189630512807557,-0.10556995663043424,0.08039856506037371,0.031092460130960342,-1.0247698856909306,-0.9246691636363755,-0.6155302137821952,-0.5986100340168123,-0.9514644166429568,0.2123282671943704,0.01863395433076867,0.11957288722874823,-0.08571864996546555,-0.009706302597214035,0.0
0.08887528624752639,0.025375458214186464,-0.06455158759926372,-0.01825992720366533,0.07545054582386744,-1.006350901140076,-0.8430611066693203,-0.7136974521390171,-0.6910902165234281,-0.8642640115868618,0.13050095121765343,0.09675279317410325,-0.02903992294542386,-0.22856364471432866,-0.03078369750190841,0.0
-0.0015997968703806015,0.03045537735935251,-0.10916150555874711,0.04692570825749212,-0.10037946231085909,-1.0118282301354442,-0.9120991042606476,-0.7799779591059656,-0.6429482445922583,-0.8499882324824449,0.024337367340249827,0.22282151124389338,-0.052699774657885924,-0.1738606663615015,0.04595312854357882,0.0
-0.01445326125639769,0.06449846282209776,-0.11176634128373103,-0.010111723764254097,-0.0132163232593342,-1.0327860161474274,-0.941659589436352,-0.7293079090083733,-0.6472611263087042,-0.9589633063263511,0.10079121266143425,0.13308287780895695,-0.035344357764771885,-0.22761672069820557,0.0426270210383982,0.0
0.051610971313500925,0.036167004424373685,-0.014234129898452325,-0.005208563814942047,-0.02492797540513326,-0.9987153648559752,-0.880814558800476,-0.8356694003666301,-0.6786913424696336,-0.8564363947558621,0.012996283953478113,0.10454756739888965,0.0029535125172851784,-0.0720998106621914,0.09348011978163628,0.0
0.03917686682970973,0.007891011663632513,-0.08750690727809698,-0.031678641706298166,0.01907494795358468,-1.000319256356444,-0.7878375853853747,-0.8111919730400848,-0.7000003805846391,-0.7530042250768123,-0.04490178595010691,-0.05033832483790052,0.05294239921984318,0.017332363177015045,0.054499158553111854,0.0
0.016603986857251184,-0.006114216235450137,-0.10158942015822328,0.06293073385236954,-0.04691677378715911,-0.9930878112312361,-0.9010701655535561,-0.8140116399991075,-0.6476843620410098,-0.8149858059518497,0.20975808780939106,0.018805041905052625,-0.027459738095441937,0.06570415732926387,0.1003928511889594,0.0
-0.016623183311433143,0.03295112001377935,-0.12155028857163766,0.030707036583227397,0.06258557026432322,-1.090210342514657,-0.888256211325275,-0.8750246932396957,-0.6271234410717512,-0.8107719296956932,0.055713700002427494,-0.00928086264709995,0.15667086257690613,0.10846821488825223,0.2586939472717075,0.0
-0.030841531311424544,0.002308891045400923,-0.021043189001615573,-0.02213896975019402,-0.054090077592060984,-1.0163634713632623,-0.9440048328360895,-0.8257198091284684,-0.6442919716575057,-0.8078557028163272,-0.03175882608747012,0.09633273638664526,0.17702272523173299,-0.09841017611758353,0.29587097650544325,0.0
0.09785213772841947,0.04994883256993965,-0.17249918345203774,0.005494687136110371,-0.0006612618123330869,-0.9583895399816708,-0.9994140601008754,-0.7837535077668811,-0.7297051934699392,-0.7372339124767685,0.0559766484323984,0.034809355708274106,0.27524666908842677,-0.024606832739854333,0.07705396385835842,0.0
0.005873130199781751,0.029544195154089303,-0.14560822433347242,-0.03100298148530134,-0.20913679288365722,-0.9790840155047553,-0.9573783240474919,-0.8507292611270557,-0.7030247609106298,-0.8289833174779555,-0.0005541732307697347,-0.0020351324984786943,0.13818453638138484,0.08491579471275464,0.17399626462333795,0.0
0.06254085641602965,0.004689326202641404,-0.0546447052672684,0.04622446260345443,-0.04000673127183315,-0.9422389081573721,-0.8892602639109172,-0.8893091593196855,-0.7679294669775212,-0.7849935161441799,0.11869427143247105,-0.15574347677441694,0.16140717302116264,0.12470099024285872,0.034251348574420235,0.0
0.15016370499443848,0.046050689098111275,-0.06698464036259472,0.07747753619317603,0.01296226477417458,-1.0154688630125999,-0.8293223758426128,-0.7644189633100048,-0.7632882004724753,-0.8372670470464503,-0.055221150845479766,-0.059197909391920926,0.3141352271297169,0.08523073779629378,0.08509713423827944,0.0
0.008892789270314984,0.040200985809598834,-0.10830680901525189,0.011470205951224922,-0.1361665076433456,-0.9888385648259097,-1.0341518224065693,-0.8509377154406447,-0.841301801961566,-0.6727406300154203,-0.09863374148696943,0.1507467098705205,0.14834537189001942,0.08494943606445797,-0.06035429280893341,0.0
0.013981450841678983,-0.09739574595971363,-0.08506748538522758,0.01930402674109085,0.009533902342697905,-1.002523276143327,-0.9252433751436193,-0.8831961963250748,-0.7883954462195786,-0.7528148189447335,-0.26794708390624206,0.18872941762701115,0.08337751149225392,0.10289163383297362,0.11748076957968939,0.0
-0.004485206552137445,-0.07593589283944813,-0.19408171853606065,-0.044185324838991444,0.014443923060830248,-0.8541079083309377,-0.9345551664098196,-0.9679702549897065,-0.7760676954431017,-0.7321058610720109,-0.19235861784816996,0.2796343733004301,0.1115617473977808,0.05399282721860366,0.1380322225431882,0.0
0.06613822465631684,0.11146281225367236,-0.0873819940614047,0.050280707463221365,-0.008202346023054247,-0.9768679407347458,-0.969210458306188,-0.8806522803658794,-0.8146639993744321,-0.7499016668779362,-0.19060013286447372,0.35456726893995427,0.05280329991714653,0.10659298266230297,0.18579002760594382,0.0
0.09188290972296682,0.027989067366710613,0.030425798533495224,0.003297435776100595,0.03196585654781999,-0.9001890594049013,-0.9670372014249273,-0.8360844017150698,-0.7733098360843513,-0.6987192835156488,-0.12706779286868716,0.30506558142305307,-0.07537389015629478,0.11380795259479067,0.1423652034907107,0.0
0.09786237977679685,-0.01613041944971942,-0.09212651400106545,0.03452708604652012,-0.010963863529697672,-0.9383120767694181,-0.9280070528914416,-0.8572317990643226,-0.8945009449899142,-0.6086581881794676,-0.0993121238545423,0.21447413731643236,-0.07029730426602739,0.1876554888203797,0.08077432217593913,0.0
-0.017837013873820126,0.025040057225485957,-0.05668756639925096,0.030275012188062618,-0.0028307010175466665,-0.9552555336535744,-0.9099031796110343,-0.8533587133695654,-0.871105950956564,-0.7547104771493895,-0.12486926677148186,0.09933728191446908,0.09599591966493129,0.29162391528578624,-0.10064477659631035,0.0
-0.007143089030348181,-0.0037171087338196684,-0.13211926676463276,-0.04672418866576916,0.002343205434454196,-0.887824584127139,-0.8763264415260602,-0.9774473767155716,-0.8493370750636655,-0.7061567972242402,-0.023958275721406297,0.12611380673652928,-0.009510876915441571,0.3290761428982707,-0.12577824937298251,0.0
0.09154647700183749,0.07876305430761829,-0.21193263085021002,-0.0382913971646551,0.026582446404867618,-0.9706872338425248,-0.996042697973915,-0.9373974731159985,-0.9043500464196386,-0.6252411294939806,0.09500055269558173,-0.04771761105725107,0.01658943907211953,0.17449218163583902,-0.03970855901868006,0.0
0.09709380850832383,0.05770687781079832,-0.11710668819006473,0.09757421374431655,0.002174529159288182,-0.9232438399660046,-0.9607652438240649,-0.9716448113350248,-0.8467871007783344,-0.6408128083562402,-0.016613011004836184,-0.22249568570742098,-0.04009176770021955,0.14500765004290023,-0.09935570514673955,0.0
-0.009099164045096968,-0.01912525851420406,-0.08320820720540983,0.0346219211596231,0.07653980992637965,-0.9658696246143812,-1.0426098244824316,-0.948782670546776,-0.8013725392441869,-0.6580160007384109,0.12085067249216619,-0.3079809909927502,-0.008731278122452259,0.0014454416165249062,-0.031198388722551693,0.0
-0.0009134331120342967,0.07746646246766788,-0.026539333851001587,0.048249834548425186,0.04589399361173935,-0.965103367916915,-0.935983754322722,-0.9920634639621788,-0.8837212466309468,-0.6224271964652388,0.10112467247411146,-0.18630334879905872,0.15998438689198044,-0.1076240761446307,0.036240038747036254,0.0
0.134418229826311,0.05793955029956607,-0.05986970297161097,-0.0020427254761993113,-0.04887334522804184,-0.9373393378881323,-0.986869820224406,-0.9809330330946934,-0.8660338207555749,-0.6128321522587675,0.1892783803655022,-0.18640454770025833,0.26268675876884356,-0.2737152249109518,-0.12949694755900018,0.0
-0.0038018978252295707,0.12195377244208158,-0.1853848961305349,0.04715266598652123,-0.0474855887405726,-0.9706720967359335,-1.1004526059356818,-0.9630863392511769,-0.9338981168757723,-0.5519074941711877,0.06726853359588365,-0.09073954378001982,0.15294784335499206,-0.32930328967012285,-0.17426467376240912,0.0
0.007828369301292465,-0.006746176872423293,-0.1435940908574522,-0.012139044263825088,0.014350883316762972,-1.080105014192058,-0.9632076674586827,-0.950515352599147,-0.9344403041268298,-0.6685437174194717,-0.09017491535982769,-0.18822676383310236,0.22044567602568588,-0.30918813106387216,-0.05235031483804253,0.0
-0.0015492043990846804,0.03518243158255298,-0.07986149457750796,0.18217289503680817,0.09934213254989988,-0.9452280043732455,-0.9411171881835882,-0.9351723505570816,-0.9129577715298216,-0.5665753952727887,-0.029254648738157307,-0.2907252576948945,0.2545631108891121,-0.2617176443664716,-0.04934512242983176,0.0
0.03645811009337768,0.03240541462154727,-0.11055151559146677,0.058322341741701436,-0.08000670271206596,-0.9883882467771836,-0.9669102499264308,-0.9292521150713856,-0.9595523917644727,-0.510877912920213,-0.09735857101225794,-0.21731702152709406,0.29624462502097626,-0.25936721207040303,0.0434457806440783,0.0
0.11370022338155958,0.05711570453118604,-0.05275543144084735,0.06487814057828967,-0.029698244870445104,-1.0204477766835354,-0.9911639833277475,-1.0372007685381768,-1.043141934072181,-0.5468924424937806,-0.008198582111116376,-0.26966523643969703,0.05435636666269489,-0.18255672312279816,0.012645657202202058,0.0
0.04012173308201099,-0.011955130857986308,-0.13255193120398406,-0.002790989055049202,0.07417015290647332,-0.8771747102419993,-1.0705401138907165,-0.942578213059718,-1.0183138670917997,-0.423039480736057,-0.13105656483829473,-0.142948448853582,0.11722317195851509,-0.1520625102797941,0.0316386772625948,0.0
0.02137882987027593,0.046136110688457105,-0.02960054522145901,0.008476507494701364,-0.06806554239886897,-0.8871683497598157,-1.01981835018188,-0.92240899000504,-0.9366813034384445,-0.5581041882587857,-0.1817294213636529,-0.08000637744842713,0.06516136545001813,-0.09492416568629143,-0.06296086910181563,0.0
0.051587081506606465,-0.010662068583333136,-0.056498475143556964,0.022199360032467946,-0.031970199667303655,-1.0099086465382796,-1.0385411367915731,-0.9976134392422358,-0.9473701501589495,-0.5572428383629408,-0.18035277194522376,0.013054668607506245,0.10016414876954513,-0.10307255012078632,-0.027366928018546895,0.0
0.045108368729686384,0.050982370827192466,-0.08413191178338783,0.07496676100516468,-0.022921683723354673,-0.938816493469658,-0.9892000143540189,-0.979131714446343,-0.902547087145045,-0.5446206706363064,-0.10672498064277003,0.033897095640454206,0.16497291317870805,-0.15468829891306618,-0.09206322031695172,0.0
0.10139192400098876,-0.03834779103058433,-0.09853439552930203,-0.037474567719967974,-0.033195582956746066,-0.988590689824852,-0.9608973175227815,-1.0163617244836516,-0.8179028867661,-0.4246472547045572,-0.021098051943711116,0.0007823769824011929,0.22765335030165054,-0.15484520728406,-0.008857664980082794,0.0
0.022945412308357428,0.01146828509010325,-0.17183193589628565,-0.10348297774959128,0.04160782079941266,-0.8913981496272756,-0.9662215865532767,-1.021891461489076,-0.9044217129996913,-0.42191462648875905,0.011629667864492335,-0.006719253851045789,0.07443209030174941,-0.1014422483534081,0.05102394022599101,0.0
0.137130789292909,0.015450983021103905,-0.04499372611824085,0.1086045500541302,0.023725928938263845,-0.9264847154432172,-1.0606429455922695,-1.0207431312368533,-0.8741419784525184,-0.33223923801220756,-0.040497436473975634,-0.08106656173365502,0.09458552211237486,-0.01182641019115005,0.053444028823047066,0.0
-0.013057805059287622,-0.03843957528811234,-0.09770225404378363,0.036415062066127615,-0.025453095104176718,-0.8928372408295017,-0.9332666658644982,-0.9221936255022937,-0.9526995333997652,-0.3984562971231539,-0.032892638292660134,0.11002247494101064,0.11359744156497689,0.2045815901393822,0.16278755899165112,0.0
0.030284412455042445,-0.07131534310483165,-0.06098664179416948,0.06828706353557086,-0.04391279754540617,-0.978474517427576,-1.042428105668303,-1.032757912955187,-0.9828780365038396,-0.4474114093505248,0.04199819086515598,0.21709640523520124,0.12389044841619345,0.17788488065749133,0.023873740961438503,0.0
0.0408341568857785,0.03905481939528258,-0.11161789751753289,0.06406563976709337,0.06393471589534452,-0.9572774043644392,-0.9438651067476689,-0.9951821899056693,-0.9103546693067213,-0.3977875708701766,0.05297771159762099,0.06889120334377284,0.10708684664929433,0.13185852031146283,-0.021530908416918168,0.0
0.06756485770334185,0.04187969135420259,-0.12729548088997172,-0.008506864837477222,-0.04664954837996141,-0.8458057251526587,-0.9935153397151216,-0.9706982536622173,-0.9759175127139704,-0.4579633010612465,0.19016317199440486,-0.13431178152629883,0.08292636758773361,0.25750492923448354,-0.03259205344305626,0.0
-0.0075459680683096775,-0.04512353447909094,-0.08648528626177393,-0.004445976718932751,-0.006922286074288995,-0.8326484549344813,-1.0361964061024125,-0.949164092563916,-1.040869176349667,-0.253640204375966,0.18796274450243372,-0.1947273010605647,0.12352504363860005,0.18467546314743638,-0.07395760885917682,0.0
0.06188807789819074,0.02658424383305749,-0.0787971911436548,0.03974116586113105,0.021304077079565702,-0.871823933798127,-1.066437155870704,-0.936361935787479,-0.9867460328980298,-0.3472757663355349,0.20333850708958986,-0.17083092015160853,0.20955785131493979,0.17729200116227525,0.014324162462868738,0.0
0.07177107091988516,0.028274874504006616,-0.08315126464820773,0.006167076462522653,0.007204745244317995,-0.8873942137501184,-1.0059625699121948,-1.0197979095622924,-1.0663603442468164,-0.31570917218636124,0.25040915161698946,-0.21923516852253722,0.10444095510419488,-0.023895599670969797,-0.166361711612452,0.0
-0.04061976360923905,0.007583682333720622,-0.13373161879870354,0.021214452084395128,0.0971497126456101,-0.950815353410161,-1.0298288524182329,-1.0391881943565844,-0.9336832533214791,-0.33926753632416373,0.10338844956775872,0.10912532710613099,0.12174433331633,-0.03683127065142976,-0.07634037399749925,0.0
-0.024351037530025044,0.09487995916798121,-5.239424355178712e-05,0.11270815971558888,-0.014342133699539895,-0.8614425447459517,-0.9886471509394389,-1.063639185705328,-0.9905032292263104,-0.3487051123210646,-0.005310361604772287,0.0036839908582382425,0.06674155500999515,0.1764378804105816,-0.009286661174566696,0.0
0.06943865905601057,-0.011738496367790167,-0.1691366289288863,0.030751390228053874,0.0618042173729631,-0.9167041098742776,-1.0593683316616878,-1.0988018349823436,-1.0793413662741804,-0.20583170896032676,0.15114177864688705,0.03198911620767087,-0.005170492038279441,0.06972152179866567,0.15908771300610472,0.0
0.0952444002035462,0.03951550120133679,-0.10058786292861907,0.07859833345537671,-0.10308698196919783,-0.8851946750981989,-0.959428418966123,-0.9911015128240563,-0.8942036448730244,-0.2553802168952745,0.30189930758135286,-0.0850292992092847,-0.06588292698986901,-0.1213197655268784,0.14335251225919513,0.0
0.04864780502457618,0.06582901687973017,-0.15085278106547773,0.04512200509360017,-0.06328251798971514,-0.8691851373111226,-0.913803936688427,-0.9993986521684571,-0.9785344086152362,-0.28689422891955296,0.29495267054457364,-0.12906396714120416,0.019087555257549245,-0.05613149867935547,0.015262570627378291,0.0
-0.004295083878924258,0.029882602336661762,0.011648753595221398,0.08656310888528015,-0.08221761490863622,-0.7995404881386232,-0.9307685650993806,-0.8506144346981591,-0.9326811783904629,-0.1803016655617185,0.44920053383197606,-0.05910657786054273,0.12494987741156136,0.019752975740547456,0.004980774970842969,0.0
0.06226369395734784,0.08698382796921045,-0.12744963357994338,0.0826084646576179,0.07952869502644977,-0.8399851836756187,-0.975766560723794,-0.9956510393505474,-0.9876295004046401,-0.30470767146837985,0.4174572017563148,-0.04860189724329643,0.10051932799096652,0.12229734498786736,-0.009792457150957369,0.0
0.049795809363148605,0.11529395717262547,-0.06728801667298645,-0.004816809813028705,0.028999557502888417,-0.7763479586167503,-0.9794295950644809,-0.9606943819900376,-1.0214247828837226,-0.15544364986999062,0.3700549983168898,-0.004122550252393286,-0.045770460060800114,0.06839230258300186,-0.03138306077578566,0.0
0.10964637530477148,0.056381868362634785,-0.01068162604442674,0.09153304870013605,-0.022884416491935615,-0.8251632304650622,-1.0415335092820002,-0.9187573873330153,-1.0458297233707132,-0.15578354573695388,0.20751728936674296,0.020074398330633694,0.026904102778588533,0.22427351175440116,0.02314870781723699,0.0
0.21138810200363076,0.03984584599855136,-0.011197031914639458,0.16373332047257652,-0.047718510490480356,-0.8391020554978333,-0.979824929060515,-0.9995368469865804,-0.9922582112263053,-0.23663506119256456,0.12079837242273475,0.05859798380095449,0.0887629833776652,0.3349656008647347,0.097602528824882,0.0
0.08809075189128063,0.05212337098013253,-0.1508832716074883,0.024857748123790217,-0.05927638350674784,-0.8639539801241014,-0.9490904792641692,-1.0074076634210056,-0.9612465053868826,-0.05754283184168878,0.10673220044333227,0.03958145586467758,-0.07851849454589671,0.2977784652640072,0.09826511610900072,0.0
0.03448085919514538,0.12934349733349626,-0.10391909498746546,0.06359972148976187,-0.027801718277559506,-0.8209330885499622,-0.9868045044730491,-0.9332424900001166,-1.057053120860474,-0.23633793804127265,-0.18900406524795393,-0.015182311322822342,-0.1479928864321718,0.3611135352401589,0.0613448517027385,0.0
0.003643756511417573,0.07820471783130595,-0.11403593389582092,0.05416002006133846,-0.060538134354271786,-0.7931786246374022,-0.9738260894888101,-1.0038300292503457,-0.9408599223978725,-0.11520478131052883,0.053083846415279606,0.0598852962834522,-0.08258948828338962,0.22084972039848932,0.06735697423419508,0.0
0.0703295179739456,-0.05405042887007795,-0.05606072841079031,0.09047375181986234,0.010898270148859742,-0.7915465345515641,-0.9296882527229009,-0.9341948419847957,-1.0272302703034464,-0.052149316577874964,-0.1359375369619887,-0.009902813430202814,-0.09016246802890654,0.058191059543328955,0.07933314323207297,0.0
0.07903667343297177,0.06163670723608783,-0.11058185327457472,0.06525138655975125,0.0021914170304921255,-0.8189921952966313,-0.8978769574271285,-0.9784213860499749,-0.9745282820435105,-0.12037159401067986,-0.11319199824282133,-0.013079573189477212,-0.09819024288853585,0.02645053197383765,0.20272998352616112,0.0
-0.06753398660394663,0.020646434063539772,-0.06880649356114771,0.13186410293943301,0.034301621531585835,-0.7599239443244771,-0.9344753795107534,-0.9592359842411007,-0.9952303195071875,-0.035746621787291835,-0.23440263131485967,0.18105610205425565,-0.16859515688701932,-0.0511098111855796,0.024828809654721395,0.0
0.07515973508256846,0.015422690804281918,-0.1005302360186635,0.09058356945618536,0.09407318724429677,-0.7665961802131088,-0.9204996548748999,-1.0907617560941039,-0.9835096671168195,-0.05874280925346793,-0.30521483386716153,0.28225411658218214,-0.04752880035041539,0.05956087134478185,0.021709308796072777,0.0
0.025200446032745426,0.06538105282504822,-0.0766569553850119,0.016020849637123386,-0.06456230646772884,-0.8091251690501398,-0.9886250979525719,-1.0814499851945922,-0.9383710839689572,-0.051407526905640016,-0.2352022855120065,0.156799853492876,-0.2218408886101701,0.1969165042437278,0.02835401891501089,0.0
-0.017691250739713393,0.0038647592922069138,-0.05301122724064473,0.07198877935775463,-0.05958492165925805,-0.7351128773831683,-0.9030268591742675,-0.8720289135094001,-0.9400695378431039,0.047122703375525675,-0.23845232376074355,0.16121187380139376,-0.12352955645583572,0.27820169726905813,-0.1851643398419685,0.0
0.05323269697379375,0.0493764305693265,-0.1407667948331599,0.012007321828518089,-0.02568635064145456,-0.7291071302298276,-0.9321594497621515,-0.9783609632357029,-0.9402099086770537,0.010576349368416895,-0.17072264627450429,0.17044473717650277,-0.09397140179326924,0.43806729315608584,-0.12096108392455625,0.0
0.03557445040043376,0.02410891820528603,-0.05050676798454634,0.023407739667145776,0.03907289847521437,-0.8433713614397891,-0.9083926715517303,-0.9264823410593997,-0.9090470772240816,-0.10445934030392492,-0.10682811217230839,-0.04174544324336181,-0.03595803016900395,0.23124928232544079,-0.11426803078026365,0.0
0.014103715050459681,-0.010549258209467047,-0.08239310144529047,0.06322517348043027,-0.11833655197984469,-0.7053394610141561,-1.0073977080557506,-0.951683345829369,-0.9192745384781214,-0.062187893310682515,0.05627787595664259,0.08415847555693709,0.10189210941373335,0.16029203315808394,-0.035222283644072525,0.0
0.0806761065789859,0.012050628712054964,-0.13028970047709065,0.008113009579859803,0.00450463754533556,-0.7607786699922909,-0.9148177310592159,-0.9089799368872822,-0.9881374824151852,0.10826058904509164,0.032146563032738856,0.1549030843325253,0.24554717449399754,0.3976163794995904,-0.08329172142519607,0.0
0.007329462681662971,0.09336821539831328,-0.022902452668267653,0.05525987161387978,-0.006695416088006667,-0.6684908822487824,-0.9619880640117877,-0.9660070117348729,-0.9443540844865244,0.03950080091015587,0.0944677847113949,0.23736760482850722,0.17025990105014982,0.17044382427689603,-0.05925227875405189,0.0
0.14955870809968178,0.017165934513772484,-0.07286996680072598,0.02302511403946757,0.03520825689906554,-0.749006258454401,-0.9601758886154866,-0.9425032635175035,-0.970645187220971,0.08931759733489134,0.19095488713544684,0.26730347648279845,0.08708068691484164,0.12891717148370352,0.07407464407023313,0.0
0.019069156725585186,-0.010760830605750948,-0.17270695921100915,0.06503003133905588,0.07243044134328748,-0.759073406488914,-0.9381752300325414,-0.9252834427402403,-0.9390476340389579,-0.011961594396020556,0.12517181755340465,0.20906439089705853,-0.06525957416338576,0.07580531250452516,0.13613547807892176,0.0
0.005161079518252759,-0.033224506569443785,-0.08211091060099689,0.05521141488931219,0.004650091214653462,-0.7149813276522801,-0.9633973374965288,-0.8581200191851529,-0.9726063482486655,0.14579059141865292,-0.12152089108445638,0.22407361241779833,0.018420623522174044,0.11188129739183542,-0.09255089072785565,0.0
0.048636883183733326,0.14629373569911752,-0.1321575071551064,0.016155112769259107,-0.0025682397349381415,-0.6898067710813044,-0.968353578888441,-1.0096290142375128,-0.9934594624325814,0.202848918349392,-0.04186861197806828,0.014302824520115581,0.04609981376819403,0.13547700606053298,-0.16519078542630383,0.0
0.12927783455645492,-0.005694814690248434,-0.02780685786269159,-0.0015522468837461806,0.04674628942527649,-0.7536764806722939,-0.835592106855203,-0.9300789744454008,-0.8486879349106522,0.2547583265803878,-0.09988113458511619,0.020066946901018443,-0.053177373743335886,0.14082776367449384,-0.11872969489293259,0.0
0.1604638575805902,-0.03517027772076467,-0.11050546983912872,0.022351396468945375,0.013993511875323817,-0.6309087923046652,-0.9200861636525961,-0.9215825015887806,-0.945187654787455,0.17781226214156703,-0.031206150225675217,0.05403750526149098,0.17731119909867776,-0.025264855901574096,0.03677478694529837,0.0
0.16354839631582205,0.0015948429750766158,-0.14315883251769634,0.08673287699168437,0.06799235710040444,-0.7358406932196132,-0.8963110570168583,-0.8721308469816873,-0.8416321443321816,0.177789585106562,-0.12283726248811917,0.21533016176144826,0.10521428722864196,-0.11703296092504363,-0.13483514231866756,0.0
0.007442534970337075,0.05489925950978615,-0.10527803918684059,0.039689492021858015,0.019349263035984048,-0.6896085559692645,-0.9089286151155191,-0.8503714407090546,-0.9643235950639875,0.19455826326856035,0.028307671824958455,0.0660192104013639,0.09507131216307985,0.13321768916746063,-0.03318931532884291,0.0
0.02303006720900746,0.057243670511512114,-0.09746987794131866,-0.04899788717687145,-0.017932036347909165,-0.6720515407005037,-0.8775077714850608,-0.8912332650138022,-0.8525061500065798,0.16840892276068403,0.0708059762305111,-0.07343927731989432,0.12236405277172074,0.024914380813015904,-0.12016399668293291,0.0
0.05946563929276934,0.08404139104065754,-0.06502008126888704,0.06415885246840579,-0.005234449595258706,-0.6734371610379296,-0.9167502648031362,-0.7673474919774959,-0.9227759601883381,0.23966701604342872,0.07606102882288868,0.04605427010261585,0.1385571841216724,-0.023096904930978428,-0.14014050339754652,0.0
0.06691765280668041,0.07320826636226058,-0.0894241629520806,0.07781480684635053,-0.008507033525609383,-0.5996626085144507,-0.8439164234364935,-0.8834286853202836,-0.9046140096347508,0.27691279583735323,-0.08922868860700903,-0.03301791933861464,0.05201087374127674,0.0029148526859460976,-0.1469265614446302,0.0
0.07542545623456168,0.02352099501344703,-0.18762554567442952,0.04048529985274705,0.007391619928443265,-0.6289622032647303,-0.8487900064271118,-0.9156002389217807,-0.9094451978526069,0.1559575009361538,0.01596144030360179,0.035180804929319756,0.016150509545662963,0.0047730771517525295,-0.12423223619829743,0.0
0.048246831810492885,0.10120696031939536,-0.0008258345517912491,-0.001012885067725483,-0.01643897084897277,-0.5571927072283211,-0.854352057659627,-0.7787850506742413,-0.8840810316945945,0.32943195311312534,0.09445901239432929,0.023833891386444036,0.18099347507171132,-0.011187316597726985,-0.024938416342309033,0.0
0.20749654346922722,0.014337501053791609,-0.13130998196025367,0.1069677245615808,0.0870704055718816,-0.5785530300296312,-0.8339557896942628,-0.7838939030408111,-0.8789255964341978,0.361844188109871,0.08750989295530458,0.019369559470237073,0.18611187801493162,0.10400651034074232,-0.018623519238721097,0.0
0.14874230808030017,0.0439395515328535,-0.09234429680668858,0.0237786150480117,0.012731851576439426,-0.5451385396789337,-0.8368492526323761,-0.8211732969374486,-0.8012474280571147,0.36548491011470846,0.045497046882769246,0.23152942633348686,0.1426231850371926,0.015427219591390151,-0.14641665425113362,0.0
0.01975880305499335,-0.023761930928508243,-0.09458179779008524,0.11130026964946324,0.09086904915608883,-0.6785182119822735,-0.7873472274809554,-0.7760683903166005,-0.7111061838994295,0.2808081679279312,-0.03837296357266838,-0.03321299148361889,0.0754593519781313,0.10394428675493947,-0.12814062376155416,0.0
0.05174516901122941,0.01360183678527855,-0.1930200833771314,-0.009621389421918411,-0.017744461040466564,-0.5966321451836615,-0.9360783591979817,-0.8652192123946457,-0.8359714402065872,0.3822110278129189,-0.06319540999146013,-0.010528799850977271,-0.052393116043131814,0.040491008343485124,0.013757297419880854,0.0
0.1201484596926484,-0.021133674374288328,-0.08516168264221446,0.10016088882515559,0.14090818096878646,-0.6260783125647499,-0.844948972292357,-0.7678125973806245,-0.8338131910155934,0.37373916104670046,-0.22881610707877786,0.09380099243224418,-0.06842191476781363,0.05615839810369731,0.03179093708286743,0.0
0.09792304998700022,0.0908453599002982,-0.200387653387666,0.050579579289322475,0.04586581055410513,-0.4631219605028476,-0.8578657511224709,-0.731662746235308,-0.8512890956618208,0.36054855290960164,-0.20934073088324615,0.04110692495402986,-0.12188502848886706,-0.015270819867109334,0.04615203986500371,0.0
0.0904214693702955,0.061618674380553226,-0.08390331194496048,-0.034525277974061186,0.07866402673632303,-0.5300349962721782,-0.7722735032215625,-0.7603529670326832,-0.8023912008206229,0.3644369743249195,-0.09675811120623827,0.031378338502440546,-0.00890983181053416,-0.08008643826915171,-0.08339784855612142,0.0
0.07165058589080596,-0.06414047827422772,-0.11136831191157714,-0.09564647001249138,-0.026386928650384632,-0.5882532432966342,-0.8310999341120624,-0.6326073814089357,-0.8397705345482274,0.4345642443238564,0.0328468015954283,-0.07658061512404424,0.09859348680284553,-0.17944489118986365,-0.09163856534820101,0.0
0.08705012290132491,0.10093504969465197,-0.09319349361421839,0.13526280668921234,0.02394849334268767,-0.5914085941941409,-0.8640136605536257,-0.7149354391115001,-0.7309542573277746,0.48499130104440835,-0.10018970169680938,-0.019020748502651293,0.19295745597807945,-0.1364410642631341,-0.21753985177997381,0.0
0.07360443339840131,0.0037115637750274252,-0.13520924435312737,0.07640688301300536,0.11871045134770748,-0.598009650306698,-0.8190475846016111,-0.6962789864236756,-0.7733245846605925,0.4566466229255104,-0.16823956479412688,-0.11245325498392249,0.05335987674030521,-0.13671722718031848,-0.14432122553854426,0.0
0.07885053468117476,0.06558298057297277,-0.0487668091258876,0.012799138900824666,0.031384927635666235,-0.5438402523564727,-0.7486131927355555,-0.6735240736795519,-0.6778410929989644,0.46322727412907516,-0.1379816030001667,-0.07930563202719196,-0.013872982202683466,-0.12831179341832924,0.007626848021058452,0.0
0.08717462584983146,0.08242526793672203,-0.160013408748592,0.06966788136425396,0.060099041381653284,-0.49949977420958547,-0.8539310496539221,-0.725759552683952,-0.6781009687775775,0.47278617099285225,-0.032582376637683014,-0.18327305351318665,-0.02856229757386215,-0.15895732004036914,-0.08833443969619563,0.0
0.14842178341980913,-0.017302837772422128,-0.11744736084305074,0.08881629941179595,0.04229558774921559,-0.5555253381099966,-0.7388464348752978,-0.6057667150289122,-0.707732359964801,0.44399171403040183,-0.22638292516344943,-0.19875711153621428,0.10915336865718,-0.20563679181695166,-0.07588358809119625,0.0
0.12587750302425743,0.052505885346032136,-0.08552688584791548,0.11454452748522487,0.09370153686606078,-0.5417098876251181,-0.6812795734044431,-0.6223969829984575,-0.7500555917340344,0.4532309705234792,-0.173876058882864,-0.11468557245578961,0.11485571234301138,-0.19298268879957575,-0.11752357974982239,0.0
0.08750275610705976,0.00332423409230833,-0.1158752884493442,0.1053492922299233,0.08238073731007228,-0.4172475177751381,-0.7239439371407024,-0.6903018414657456,-0.7015877320609376,0.4404486468748616,-0.03479320153708647,-0.06373315440785085,0.0652992409313619,-0.023700966689035874,-0.0213676659069216,0.0
0.09690532367649475,0.05086259442380401,-0.006873474631301141,0.03738189031915454,-0.039104696611515125,-0.5223625659292491,-0.6724543037053075,-0.6961931278157708,-0.7056366660661576,0.46919418203878915,-0.13793056008425253,0.02291472883849885,0.13691670075667495,0.0033422736770473763,0.025469289501610422,0.0
0.09476522983781133,0.021461562376194777,-0.11015861114006428,0.07499335816351031,0.07441923594684927,-0.5235946277233903,-0.7274384672241714,-0.6857086721485987,-0.6540892084284626,0.4935972439360268,-0.10146261001478113,0.044851612716226154,0.08615322949144244,0.10030334062537107,-0.06413295836812802,0.0
0.10295233446770524,0.06220398533344047,-0.03906307122356536,0.048916530382712556,0.060747242609027766,-0.41654593031739795,-0.6543254182306002,-0.5507131851040648,-0.6317163931455358,0.4789532987437854,-0.108673687851971,0.06064167334911219,0.10706731598439564,0.21763945185697828,0.10047492257813267,0.0
0.03132681822805118,0.09946702528266507,-0.012492221228854405,0.06360570819796448,-0.041758882741730605,-0.4917966621449332,-0.7516580485825881,-0.6111583701455343,-0.6035382599117236,0.5438176685808728,-0.10566842574726676,0.024899639789276576,0.08466493014137233,0.22082254957779301,0.08731290030054617,0.0
0.11316307969072213,0.09410875589881468,-0.048357655533596534,-0.006026104449552788,0.013011164623968806,-0.44237176485454355,-0.6732784870386653,-0.5791770129641127,-0.6494898823982745,0.5606636777528883,-0.031148997623411168,0.09327976806570237,0.02805066151846069,0.3374839492108266,0.21923795278135366,0.0
0.10517781818550212,0.13205410385252297,-0.1259493139660699,0.10271451140330412,0.12560471210272925,-0.45412231526044133,-0.6270232861251551,-0.5029454034488616,-0.5396209063811461,0.5374130669204571,-0.03866413780566356,-0.024989880856215244,0.028334893222112325,0.26924860217245083,0.2896535304912725,0.0
0.09095465380587377,0.05770361964383531,-0.05813464344907284,0.016611804075950615,0.1046450974205155,-0.4836253708987627,-0.6027729355887237,-0.5559363858318832,-0.5999989326310845,0.6019643455937767,-0.11811777249568797,0.042114557154480994,0.1494158261469426,0.16983734533319264,0.2873406883965347,0.0
0.15186521579529516,0.18418669086774886,0.015132250228059738,-0.00908071833093023,-0.001686206815373091,-0.4017971674613613,-0.6181994334881362,-0.6699429453834895,-0.5880773105400285,0.5657060805198745,-0.3496754187213536,0.1020469387678529,0.1255446662000118,0.1648766204055247,0.22037799999167293,0.0
0.1366087910876144,0.005995712871924103,-0.18541385357054246,0.06824440202851534,0.022219056285572476,-0.48003367537611996,-0.6175761330821238,-0.44553046329506846,-0.5506766812307754,0.5632067592036484,-0.44886067704941995,-0.10302230698570072,0.16644857849161038,0.03521259068383889,0.34638892154576006,0.0
0.17780732893804868,-0.01835242795070756,-0.09870232011436654,0.058747327249671064,0.06458801863480712,-0.4468020805084078,-0.6484068462464316,-0.4507405419968319,-0.5975224239263351,0.6611826024627572,-0.3226714691969789,0.05111260920674718,0.24465701948931792,0.06934827140045616,0.29990403750325956,0.0
0.12902813839505373,-0.035840867638413,-0.07035411133850655,0.07676888644253514,-0.016314493008284324,-0.4733742903578651,-0.6966346676095823,-0.44209765123249634,-0.45947612554617645,0.6865493852741719,-0.2662036000609447,-0.09515064113216626,0.4596066537383114,0.22065101204887372,0.07116170363556876,0.0
0.13508720707185307,0.010878281782254522,-0.016267912459068445,-0.008651657467717996,0.04903724250217287,-0.2911862155950378,-0.6984823373452269,-0.4652665411371815,-0.47095514267425964,0.6456560448073896,0.02003429449761282,0.059623639400725015,0.6012576547646888,0.17076946207009636,-0.05834072868403705,0.0
0.1709444844604745,0.02760945395691657,-0.0683184421429125,0.057362388224548144,0.031270913379483935,-0.4151310712934107,-0.6567508456682979,-0.45784093452515895,-0.4615956339372558,0.7724609512380227,0.09317493819074812,-0.008308696208519567,0.6192269440373364,0.09655031778130871,-0.0126409412326745,0.0
0.02969756710494717,0.11022443972807046,-0.07672118940874201,0.05286422353956162,0.0967118704791324,-0.35907172837117085,-0.5287272611881735,-0.4090874425896568,-0.44483308152346385,0.7327415928357954,0.0844660322273548,0.08911451598344365,0.42202739283046026,-0.10626556400859223,0.0437372466483559,0.0
0.11819240707194878,0.14590272519177805,0.02879766466583497,0.007171758583064458,0.03758471870424524,-0.32906734166155915,-0.5857517585779011,-0.41917998295220543,-0.5202000938835244,0.7330343947869323,0.14809267540897583,0.24869570504313965,0.21738816237870107,0.050868844650706777,-0.04168749891404881,0.0
0.03743635032404792,0.09386984502435462,-0.028080573204324097,0.13432705207831547,0.026886740208686144,-0.28275137375908127,-0.5243510478951418,-0.4679671768983923,-0.5479556288162177,0.7141658356289284,-0.04925567765085656,0.1477341690132372,0.029492806184800713,0.10307043949402452,-0.03887680908565919,0.0
0.23425983794228653,0.14161516969529792,-0.08387033232225431,0.09136874727492007,-0.03670989739639349,-0.3865010269240422,-0.5095397378300862,-0.39301180927164436,-0.47240901320506934,0.6109620837651217,-0.08267565320882625,0.161188849495559,0.174263074693012,0.024422155865604922,-0.034610208673609776,0.0
0.13660700772611864,0.028578837192350433,-0.025064686099276465,0.051723121516005444,0.014360836200210534,-0.33205144181576585,-0.5777555796208647,-0.3970382076390501,-0.4042603627500765,0.7243326414010427,0.06709176208926475,0.03375520952499361,-0.05264439093526374,0.012959974874362156,-0.03159152103050449,0.0
0.12301057733831462,0.06804612367241666,-0.07477277527872474,0.009631641811000458,-0.009614784269732973,-0.331946875693258,-0.596334135021525,-0.4134131375617225,-0.3942816095936194,0.7380647795409244,0.07700091405088524,0.08832775429854485,-0.10170691250511064,0.03909289781438474,0.058720757828033626,0.0
0.11721594740257031,0.044750244803268543,-0.12980907893940846,0.03759622727351316,0.0729059205372743,-0.379055909420307,-0.5513926348384605,-0.2888230923593178,-0.42401638511322365,0.6966343068108746,-0.08446029514806827,-0.0367710151942718,-0.09800108978759284,0.10324173567956517,0.0733000797690729,0.0
0.10619212803468059,0.11788498684386574,0.003330221370042949,0.12232443790758774,-0.04712767672764616,-0.2648075610368185,-0.5457003361028757,-0.3438879130592403,-0.338368816443554,0.6793376426186714,0.06818965887302111,-0.13325171442233757,-0.08235161001638482,0.0731505819847232,0.07558584161905907,0.0
0.10984004216936544,0.03678168467212879,-0.12878809893490747,0.04958190840257873,0.060291310372643195,-0.2957487096289884,-0.6358152424614916,-0.33344854698080556,-0.3857400912014084,0.839462709646077,0.08828510964404308,-0.0611678178855745,-0.08140242760937927,0.14058309386119433,-0.1467166512156108,0.0
0.16272152505438225,0.03567340577101816,-0.08045698006470252,0.09017645994314197,0.027208791945114906,-0.3521433632092187,-0.556824664352919,-0.3287163410899594,-0.37430873157217076,0.7645609900037448,0.1644228444816998,0.044087509332571426,-0.04992055793922229,0.13017469560230896,-0.11207721623300472,0.0
0.18357577422057592,0.0345646661884699,-0.11176778658171335,0.08527124321783955,-0.052119563735614854,-0.32631492054473554,-0.4554197640913034,-0.29344825583114603,-0.2800673961513871,0.8381048861688133,0.0744002706887392,0.16135777865601345,-0.14684487593514528,-0.04083273170180493,-0.05449450404069123,0.0
0.1004680554117337,0.05138824484849089,-0.07269589576757245,0.07285282621038751,0.04021193578989804,-0.24330494199758707,-0.42800906505554215,-0.19193914796020078,-0.2977529712368692,0.7932306756579484,-0.08616576299918038,-0.03186453465285827,-0.1633132491074883,0.06872058335326914,-0.08367493643839205,0.0
0.1459173294405567,0.11254171397436896,-0.08712178881769195,0.06958867950823684,0.06326861022023095,-0.3249587340236618,-0.48745472216889285,-0.2905918392625286,-0.30353721389373417,0.7725399996992238,0.03553825196254631,-0.06304468798041449,-0.059471317272974944,0.07398282997563627,-0.10314456223418561,0.0
0.18904603836920225,-0.02211636120115805,0.002224598821995466,0.1870059649411159,0.12152802506001323,-0.23880897512479454,-0.4651341446508807,-0.22874062001881432,-0.25062514435517147,0.7870261269432685,-0.14279285336387812,-0.14635105068247983,-0.07300760614500365,0.08814635602073541,-0.14575390835212876,0.0
0.14409956794394174,0.09418896230188736,-0.07333151077211786,0.02487612791730104,0.003675335097677701,-0.2855785938099211,-0.40858982296532576,-0.17924564663377263,-0.32999742071886506,0.8876825253630715,0.035052499902534145,-0.027714140858702635,0.0005183533815370095,0.007118765293666965,-0.1746561519242833,0.0
0.1792493081709426,0.053286853559236826,-0.08916804270986353,0.07448469388329361,0.03023580885614392,-0.2242017559829827,-0.4338119760559198,-0.23204759752199033,-0.1452539652713899,0.8055014125915039,0.11711955517515846,0.11094412225917,-0.058075532181046906,-0.05327064284840048,-0.11701821526248814,0.0
0.15088518833282732,0.1052708463415574,-0.03737819883875641,0.043553442303117876,0.0035954578235195267,-0.21943773606685898,-0.537166726688421,-0.1429119986612677,-0.253959369465447,0.8087483222325798,0.26252478435519055,0.1292205498351015,0.0931932380462555,0.039196537863852916,-0.05102117724097828,0.0
0.09240263329233853,0.01298391475893014,-0.02659924887526352,0.06507692591037198,0.017957900353906174,-0.151824993865143,-0.4143354871589488,-0.20071860693635238,-0.20544719505745057,0.8827776711791263,0.18163835503040485,0.09182028990355759,0.0239641810365328,0.011579415084487968,0.08809572883009298,0.0
0.09384360735746933,0.040441977826106354,0.03975742700557501,0.09883343472025913,0.05399863757736079,-0.15139178396038452,-0.3996649739197471,-0.14268322040805254,-0.1773419947391543,0.8154486659364911,0.08890035336393481,0.07523584644391737,-0.13369745019054594,0.023938775391130047,0.1149212697796047,0.0
0.10893495790910446,0.055148766397093145,0.007434766520984085,0.06202127030039148,0.08533949268997601,-0.2842309362087647,-0.37017200702628994,-0.12500953399783143,-0.2073803776955196,0.809597341562596,0.2544395745461796,0.0906376935164785,-0.3368259225631111,0.11553814681235876,0.05169628417057987,0.0
0.16796650281719935,0.021395137524252185,-0.034409479889182804,0.18469063456160476,0.11548103793317353,-0.19424101036865937,-0.3313234774507202,-0.12218396601516941,-0.13847985337917018,0.8755348832121634,0.23744073345698924,0.1296001695402178,-0.18408389911450296,-0.04470027790557231,0.10045260174377571,0.0
0.13941028856619594,0.0018104026994411188,0.004405956730125865,0.07557367308926752,0.024080955147106717,-0.13719517960927544,-0.39589502753649247,-0.24142888575204965,-0.1092791202033441,0.8523896883619436,0.14550602469483706,0.10200243649454499,-0.07198179877653352,-0.15115781226468597,-0.09560747208878712,0.0
0.11002605904498439,0.09122499836821776,-0.04026264891316103,0.08945170527747792,-0.03826503993604208,-0.15796104367882333,-0.44700680045654356,-0.11771863828769387,-0.17804875870203374,0.7864193905143266,0.2380843800116403,-0.16176529608554363,-0.0813919974339325,-0.03195772274316333,0.051679664243232254,0.0
0.17188787827883334,0.06475412789122692,-0.0023229531122633956,0.09028595776218656,0.10679616524520599,-0.13523559375772595,-0.31995150314184606,-0.021902835927892536,-0.02677105930715669,0.9275915938355623,0.09005126360567381,-0.10783255047596892,-0.2673533978163715,0.03705431694707402,0.08038736473824183,0.0
0.18195885623799168,0.06641091695053805,-0.14480972280788906,0.08323091500564145,0.08123555975790096,-0.1501684272027904,-0.341847183424078,-0.011225733917553327,-0.004364307145818119,0.8866377973879914,0.03570792513769872,-0.06842119189151764,-0.043586248123522436,-0.17713429645890508,0.004570770283846809,0.0
0.1724027790117063,0.10956104755263923,-0.14989895127204206,0.0958160711553191,0.05695360218613003,-0.10499330341955351,-0.32732304501497994,-0.020994623457717305,-0.04671760458784316,0.8181188372203263,0.07721250681930883,0.05389658232123149,0.013864702874437765,0.006101523918001395,0.03083219938654661,0.0
0.10792294734892416,0.0646093735028785,-0.11547934990047479,0.04643597309136275,0.11889990433305767,-0.20021510306888313,-0.36217849051222206,0.045996734083140145,-0.014794486148858636,0.8724275689777862,0.13397627417328387,0.010333004472425522,-0.026903987252011104,0.16546381003878513,-0.07142535089884063,0.0
0.04866734464583618,0.18296873804841557,-0.07873730278600478,0.08090542765298042,-0.011800812744356348,-0.16563544968400698,-0.28146464968302676,-0.031690618475117754,-0.05046211591717174,0.9009841327775111,0.22604236134614536,0.10864235709975247,-0.05887983159322479,0.1478835454704602,-0.22261792813520162,0.0
0.13617790447493971,0.0438689598981208,-0.1363367106476625,0.015552484443125084,0.014182495802725376,-0.08587281552275267,-0.2877556305840129,0.09975903990221706,-0.045555418742566106,0.8832940114872184,0.20552217721531185,-0.058674564281526426,-0.07772754885569916,0.1220848087296361,-0.22624349463794854,0.0
0.08127293357396494,0.041306158960542114,-0.08209840430061825,0.048543262763404864,0.010585132207340607,-0.057839781062478175,-0.3340112940197747,0.026767055657549225,-0.09048854758884868,1.08558674643827,0.2869703264853653,-0.026009407685926758,0.12693965553432976,0.05940102622934937,-0.021998439446311135,0.0
0.17807131854321762,0.08527956983484844,-0.13152314997985345,0.15734517104738216,0.04867656594822296,-0.041202228606360566,-0.25591251291293576,0.09147259979597443,0.04199195203438982,0.9083973160101317,0.12978234940474526,-0.09102494279275135,0.06019756525203204,0.10318909530361689,-0.05673265468099759,0.0
0.11463259916178993,0.051989638816669,-0.1028556652760063,0.04717104104211444,0.02507648203448111,-0.08539299441456696,-0.2636233141292236,0.06653644434812633,0.012115784880018167,0.9299888365053558,0.2303254757285954,-0.11171948359051781,-0.046482449507902965,0.08722210168258017,-0.12441149617144467,0.0
0.11404694085037026,0.06398752168281135,-0.10517422963374273,0.010223377272974302,0.0205572957076654,-0.0029925595281905665,-0.2975124224693493,0.1407628466797996,0.012789880730754204,0.9433834022481957,0.1456500387824935,-0.04659247220137079,0.0495917572035803,0.04646499573653577,-0.12358869261899079,0.0
0.15888109322302882,0.06405113098078086,-0.03747318553963269,0.09617813002544474,0.128013724603126,-0.01657459160079492,-0.2120158043503127,0.04165900834763964,-0.013125217797095412,0.9751891942128053,0.08831239123229775,0.014244578339284122,-0.06851774980624958,0.10488673235917105,-0.06102199396279565,0.0
0.14558060978421675,0.10848259896427427,-0.09682213898338074,0.14065589291552666,0.029483564132408168,-0.038695130615844744,-0.25313729751052944,0.06992225802227486,0.08669998446111354,0.9861929624263286,0.1821424752449174,0.08195871154370332,-0.19422361212027978,-0.024220070706316946,-0.07796591497809219,0.0
0.2766722079996665,0.1103531444889899,0.04052968101507895,0.19494851236021282,0.06201124724098789,0.0636401713864669,-0.14414285178479577,0.15530381070684315,0.14620111450551573,0.9478238779437412,0.13372457092179013,-0.09740194667009151,-0.13302048376448036,-0.22990764548712828,0.0012149342343488745,0.0
0.09050110492272839,0.06905538665242482,-0.089248667174651,0.03346325122295579,0.031502658777705625,0.01227631935035059,-0.23603037278634434,0.09018099350633826,0.1747273862011322,1.049427393505025,0.012056677470482086,-0.06971583336160685,-0.22336135947105284,-0.2632475068838932,-0.18351584466678664,0.0
0.15884214104657035,0.09858715770000138,-0.045664827024395414,0.06743504047267526,0.07212817451843614,0.001435808875065057,-0.11633429059075512,0.1522331450319443,0.10749124037845427,0.967696888486803,-0.003141971509609683,0.03340304256929322,-0.1663442737232771,-0.2153355065965535,-0.0719011776848181,0.0
0.141522299721737,0.050751598146933,-0.10352614474131473,0.10427982495230631,0.03908791629989565,0.05664674901693435,-0.22165329365912256,0.06292652865221238,0.1124826696309171,1.0113554974792367,0.04458777812270981,-0.12624936893711877,-0.1383893860486637,-0.09153000623413672,-0.19519511068673684,0.0
0.22275198425294535,0.026375458870288707,-0.12028701945493032,0.0801504765169249,0.015764107038068804,0.023259550027354393,-0.14618234743241046,0.23737486155400095,0.20535837266872514,0.9569616602866365,0.05655419016518987,-0.07640607517373031,-0.1413524908126769,-0.1140314076855467,-0.2801314322945361,0.0
0.12738372777850668,0.05518647465000255,-0.10828012846839434,0.13647377819154655,0.0989443262635751,0.1528272919902088,-0.13801519982168878,0.1521278577873696,0.22934781930687617,0.8815335362073122,0.06251870626113398,-0.0213597085269364,-0.1955905403578193,-0.044953946192932,-0.07203762756928678,0.0
0.2352815078824126,0.07105440404429755,-0.10479065764768947,0.1466562277532102,0.07491916736427563,0.03335389963814564,-0.06893882758510392,0.21942472509555072,0.11786547330827381,1.0274187427375465,0.05691074151070531,0.1551448318884579,-0.15749663580310017,-0.11438589537783647,-0.1405644439295991,0.0
0.06290923657349583,0.01772215540344759,-0.0992679221765026,0.08920705492466233,0.08157633727261422,-0.06515355312480617,-0.04598312994640741,0.35058828567006906,0.2536102865966401,0.9915452097036878,0.04554738017390048,0.1696895765670011,-0.2006302490150724,-0.2112383683806831,-0.024464849316804968,0.0
0.18122706482156759,0.08597123673483073,0.010048138047964575,0.10630680741239394,0.05233954942012881,-0.0004457734101002836,-0.1402805419450016,0.3814151277986243,0.27015413567171004,0.8970107012322013,0.0630804606912427,0.2671647977469124,-0.24287780841963147,-0.23307390380680382,-0.028903518952809834,0.0
0.1329186023113413,0.05070068920379857,-0.13334163295680662,0.11958044611695033,0.14474047696873504,0.10375171868405743,-0.0766301945117982,0.22398654148789632,0.30423939575517894,0.9895996224765896,-0.008254560175707817,0.14615807775258882,-0.20422092658945729,-0.17648709989574685,-0.004485499403533644,0.0
0.1744768269309553,0.18463435954731913,-0.10829989902572981,0.01691364714857163,0.07470908814139672,0.023991329464901512,0.005394348386303205,0.37323126063694495,0.25705202713352776,0.821709137156317,0.004458133626759723,0.04565810978001288,-0.004371967277126243,-0.19369007524084147,0.04213993620011182,0.0
0.18014459437057037,0.05831511754241468,0.040447046750776455,0.13051341423033622,0.04363806438686968,0.07054742793763179,-0.12933600796749206,0.3213095642095732,0.18296997379509888,0.9971206091593926,0.052669387055957216,-0.0633581438680533,-0.13968833358135935,-0.11130990409335043,0.09207496065814011,0.0
0.20363943115512442,0.055480906379417355,0.008914201902072705,0.05178078603918575,0.06894503435047183,0.08928826666084624,0.004526531464207201,0.28399356371408435,0.37293665852869773,1.0019048879257002,0.022482084534538975,-0.04210311652690957,-0.08734010651742272,-0.03632881599935639,0.08903488850529369,0.0
0.0899406880037176,0.04625408755905827,-0.10248572447116422,0.0005051235054397141,-0.02137904274791133,0.12275271726230959,-0.09135701018940136,0.36227158099806744,0.3114275229432744,0.9764483188060953,0.1513879637599632,-0.010298898562307503,0.05876559530419699,-0.21043318860917493,0.06601897038455957,0.0
0.1713443233360077,0.04619720429131446,-0.03217004507130452,0.037562042691278316,0.09196724512291278,0.061981274080624406,-0.009001534984776252,0.33984143994773025,0.372602634340192,0.9093338069968464,0.23492159258635784,-0.07614367619017733,0.31299746875951345,-0.1767412290557981,0.027450582715450568,0.0
0.18931951948502335,0.1459137732762122,0.008261462056511834,0.10368655217728796,0.07309252267016063,0.0804576844627441,0.004197052716395254,0.338185796717324,0.3421061521294915,1.0315558733154937,0.271541318720647,-0.1995783276584553,0.09495877813279946,-0.14539824825615788,0.04885436794074135,0.0
0.14215012854471681,0.08485340893718266,0.04875842736658828,0.12724593903323894,0.044817893792711935,0.16425964462938084,-0.033265725707464264,0.3669907064697904,0.42756762600677267,1.0613822780454079,0.005790861587179813,-0.006584179883929925,0.2685106187667008,0.07412242791968503,-0.13237846850577012,0.0
0.1951845512210333,0.05965864031492237,-0.028071659339496312,0.12697752028594883,0.12299484241446916,0.13432890719348817,0.057266145650018266,0.37377936944145995,0.40162951475274083,1.0598136264155789,-0.2176974736118142,0.14729438356524754,0.1966423618529049,0.1363529283100017,0.1088328596341399,0.0
0.2002777973323399,0.10893061766860343,-0.19415749734580762,0.06791221572862707,0.07945939136690189,0.17793296964648175,0.03533493480272068,0.4700177541750925,0.5180265599138182,0.9635140703061049,0.07329291302453433,0.05312886635512577,0.22344695459375732,0.0848656932048346,0.039641902418880215,0.0
0.2226107357005681,-0.049480709538288425,-0.010524242733248666,0.04476499380811828,0.07451022970611526,0.20482710403717896,0.0033205726165378424,0.46319017125409967,0.48438106002465126,0.9636101958633532,0.12558252254356944,-0.04939480170773977,0.23665825065662022,0.10653305411851445,0.14296113572502556,0.0
0.0897655884560959,0.07569676341758881,-0.05903199420338534,0.05817686878521955,0.09295740263960509,0.22545626859820855,0.06041087087412613,0.4431490734974322,0.49419196164780244,1.008655290513109,0.15259534057197494,-0.007063120642644888,0.32461271092941235,0.22757126912457495,0.06675967359214571,0.0
0.08435413729298064,0.005610487125295632,-0.025315766646594795,0.07071731675722986,0.0903356972151579,0.2305611309392338,0.12983704611261226,0.4707955410885484,0.5473699854251174,1.0181352030599307,0.23814184081382528,-0.23742624130377193,0.4432595156695468,0.23664165150699598,0.061356470096945746,0.0
0.24371381688166438,0.09670015806693091,-0.033847720744126716,0.11622090491615247,0.08825389843882103,0.203227237928977,0.1326487873399069,0.5185237875456007,0.41478862961798163,0.9141033528214448,0.21384817244457024,-0.16167946046243553,0.5388889532780522,0.2527849723521026,0.10547996823319025,0.0
0.21375390473414332,0.0758607398513526,-0.04319010335802516,0.06328042966858635,0.02802959631403712,0.21024978092545937,0.11769192346799001,0.502874479578738,0.5087753204642466,0.9338784664561239,0.3735973068652043,0.02619086136907048,0.17150164452995773,0.2103026119934573,0.2205652792200943,0.0
0.12657640886640545,0.16599314738179485,-0.051933740186553626,0.027709146259492515,0.04309927335963467,0.22045332926716882,0.15046539471401799,0.46117770406840136,0.5752551651185719,0.9863991254967823,0.5229175769434362,0.028691855655473348,0.23925603619714453,-0.022432468528421845,0.189585896708718,0.0
0.17761564667476779,0.1239740770620283,-0.015664980447603394,0.2161904549556365,0.11223614135690117,0.25762703139145593,0.061105989842000934,0.5401443803419864,0.593946358348953,1.0080154947046676,0.40357643413677413,0.08782098263235535,0.2123871964869045,0.12836694093587261,0.20775238448206126,0.0
0.10710040493641691,0.14017111853741288,-0.07911863333353829,0.07817611488438936,0.11399699414569411,0.2831826925182741,0.12684460815268125,0.46239173325848615,0.4603580697975409,1.0129318432838528,0.15741236848697643,0.07871039370104713,0.13320549607894697,0.30788266944040343,0.14570502991010287,0.0
0.20886732512584344,0.10001159111013161,-0.12049565506831643,0.16475598888766074,0.0314360025868103,0.28248684874911434,0.11456331774227851,0.5145232671860492,0.5772295971349133,1.0176250335866026,0.16853703013982016,-0.11342518319759139,0.04388949738245811,0.2587937309161256,0.07353333592113268,0.0
0.26364176121185057,0.1914347203293788,-0.10257459166016661,0.11693034491763057,0.04991130513286926,0.2361156750791235,0.160834697231641,0.5819655059472735,0.5585885463493601,0.8670112058283121,0.08655656202700301,0.03897555929939797,0.02672628610793229,0.139096106594029,0.11555366759002278,0.0
0.09811373117550588,0.19135148057149148,-0.1176661059551295,0.057142560199932885,0.14040226779803866,0.26754833210697715,0.30789610225144337,0.5234866998845873,0.5300681887226221,0.9795748549461195,-0.003775098385197184,0.1452452742719721,-0.06343173127816401,0.003933273560064426,-0.055661204469218004,0.0
0.21733901077801365,-0.011355120596601792,0.0015069396123639014,0.06066848031971937,0.12323672908333538,0.28162453926546765,0.2372631787503126,0.6440653014890763,0.5733943129749268,1.0234290205137189,0.008022810784339607,-0.06267877114371954,-0.09805274006713435,0.020906691736463034,0.16406962280700008,0.0
0.11489959054713811,0.04512878943065075,-0.21130540705340578,0.07364090581857728,0.11248720866024095,0.28729479671205566,0.309595828619592,0.6661528002013595,0.5845596714373634,1.01586249573807,0.0060467056086289436,-0.09122190055705912,-0.17046427138226894,-0.10677488524809775,0.10779538284635935,0.0
0.2235225307713738,0.16636181684337054,-0.08276325711734718,0.18078239927879572,-0.026692609805025344,0.3030709826719261,0.24008869630009969,0.7120279158620328,0.5426089726935409,1.0366415158892321,0.021460800401309776,0.00521140139874441,0.008473047404216727,-0.17414957409149415,0.10256581411604038,0.0
0.1659855893422824,0.09195605217371486,-0.06365534516119828,0.04737716133490487,0.037059074443587754,0.2379294561447486,0.24724275252464858,0.6146673008106611,0.5935023349072084,0.9569101764251696,0.06324709639621474,-0.04354164162639193,-0.013475260472103538,-0.15243574865385676,0.05727148365477969,0.0
0.19338843009177534,0.11142557415251114,-0.010021396323483228,0.062903644300912,0.01981136077952686,0.2411491861372268,0.22793566983691324,0.7203326546882891,0.6575803788320963,0.9980508556391813,-0.17254757769919477,-0.12032892509851581,0.13570844626101605,-0.026007074199338204,0.11839661593901782,0.0
0.1045016661711248,0.05455378099646789,-0.1291464616745311,0.17333877397972697,0.10744586963921218,0.3364104164969156,0.270606840384651,0.6525149281033391,0.6827653628521287,0.9114338051869936,-0.2745833548030914,-0.058922672011533214,0.05370060456519857,-0.0199109595458254,0.1912212080113826,0.0
0.241577117613958,0.08287329023976746,-0.0974724259130115,0.11575250236794213,0.08008002877501404,0.37215848686503283,0.32966364024804473,0.6968037459395492,0.700739733657462,0.9922075683975793,-0.27831015874953613,0.06776112461819697,0.05720069071218711,-0.07249734792630452,0.14223573368248726,0.0
0.18354345465171146,0.09873216084095635,-0.06910516714408216,0.15403718005560943,0.11099164286350362,0.3146048852228037,0.3400914103551039,0.7270695562195147,0.6476181949522054,0.9528787421464592,-0.2910948865360432,0.282247343258347,-0.026276159129564942,-0.03610081399298608,0.14245978556979783,0.0
0.14620802923453513,0.03852922802244876,-0.11411890284938243,0.1781413603611599,0.07028591406811964,0.39114659665993506,0.23924975195762258,0.7244564117971487,0.6735423594053265,0.9265145096165774,-0.2556361635278286,0.3094629792535207,-0.0566410393418429,-0.08067856351853762,-0.04735691106715234,0.0
0.11829033241939933,0.11359980209754489,-0.050266478875553064,0.10896218811881017,0.15686560968193958,0.37296141167179236,0.30353616887039253,0.669938493575121,0.8502594505666402,0.9693235931700367,-0.14679608715866407,0.2335101730602148,-0.05217402754512941,-0.03435020736052274,-0.10977948044227179,0.0
0.09840106691496539,0.11652943791648801,0.030141755989123595,0.08056619789969333,0.022774742967488618,0.4290966589440851,0.32851206252664694,0.6770319746585964,0.7307693924479973,0.9909978966684575,-0.017640508029505272,0.3393876534863744,-0.06707602712851343,-0.053837218967956124,-0.036738597703352895,0.0
0.17932085522123523,0.10525922560667747,-0.06230452246666008,0.13964985833234017,0.09926458861368812,0.352519621791595,0.2857565061745374,0.7924227365066119,0.7158510308579844,1.0065337690633884,0.19277545695366174,0.0467894255073138,-0.20945415300498035,-0.033547216295675766,-0.06943218973004771,0.0
0.22733107306980702,0.09458653108757216,-0.08324768751972354,0.0972628992637114,0.053306775325611754,0.3669338024034857,0.34152783077800297,0.8368232035233827,0.8099660839858889,1.0198599211329682,0.23669481805525758,0.10994835691557747,-0.17157516129394929,-0.06169020652694129,0.052503954211335614,0.0
0.18350104979233203,0.1058136910614142,-0.04594889826273821,0.17664671646313043,0.17727011890545646,0.37181880685756463,0.3497220701843847,0.8129284144469134,0.7988741349328808,0.8048408584878699,0.1143404298544037,0.22784439304498028,-0.2432466161919244,0.0885780050864073,0.007353422227916233,0.0
0.17549071619098033,0.17476852254028713,-0.06437407143843393,0.13095423003487533,0.008479719988892465,0.3423989833383456,0.29602063822617025,0.7711926529822954,0.7607723284401362,0.903242411612596,0.12412525176532398,0.1119645768446515,-0.2065421643376103,0.2724204798255585,0.11796966289641816,0.0
0.1968067264702943,0.1792393210350146,0.021452611193465518,0.16066599631716916,0.06974704305765993,0.40741412035631897,0.32757833462155894,0.8617484551892789,0.8021669322838928,0.8993164296687279,0.1842675976798775,-0.008922528411777805,-0.025357545993953623,0.303706362871616,-0.023749888756455437,0.0
0.12232435079884707,0.06764227731917366,-0.09769082208829113,0.20155862212141618,0.02736695205756228,0.5061607631041709,0.3914897457897029,0.7878922739479309,0.853161543333406,0.8284331674697343,0.21054334438990932,0.05981481059954255,0.07778751594341339,0.3354678648104721,-0.010739678056013252,0.0
0.18551124108128103,0.05033431842588508,-0.060508195810661566,0.0816219486343486,0.11977209625868634,0.4187592947257592,0.45965233550728984,0.7620677255074284,0.8536488524384177,0.8694502918487309,0.11074576264466193,0.09827297070161187,0.10161571008106293,0.127078708229676,0.008813808830088482,0.0
0.17560225612105856,0.0343945684532596,-0.047754082723680244,0.026538649437885475,0.05887471710568358,0.3307958219828544,0.4280863880443047,0.8267600844850589,0.8209887966814335,0.9159111404659784,0.065317217440485,0.09574292694679216,0.22010057315025444,0.1746173280956894,-0.005609889886170186,0.0
0.21804138020200037,0.10255750066406732,-0.013187252723068102,0.11345577828079652,0.12545430151174886,0.42184893252048783,0.4147536622870418,0.8158543536262174,0.83912143278443,0.8475387581367921,0.013968331813823474,0.10148456986700533,-0.006822896055771549,0.2511434528812754,-0.15416207291716194,0.0
0.14222633379132518,0.16292083623722098,-0.06887573090606913,0.14271232508873544,0.16541855314500775,0.41835089186663205,0.41482024378619425,0.813805802003608,0.8466679431351964,0.8751793692400942,0.110145311274377,0.05575087515525261,0.18891757863325429,0.2960909748371264,-0.22370995989761197,0.0
0.14065769008281703,0.07267072299855774,-0.03204387583914447,0.11355523735791424,0.08409014797100757,0.5375062619249786,0.4119229133130444,0.7509861931137726,0.8348937399846253,0.8729180806414895,0.03212871828843679,0.09180266915020929,0.00940731843846132,0.19344145726246514,-0.28324925285493296,0.0
0.24707480696425052,0.09889180751576739,-0.12182386424653215,0.20977091047482146,0.06872086611651189,0.5009564109571011,0.3462542371697856,0.8468680610587489,0.8845425368683721,0.8604192839160845,0.10758482509855925,0.06608152232228337,-0.2188882628199751,-0.0436003863049953,-0.36062379256280674,0.0
0.16308699637021853,0.0535802009297772,0.0010317492311564952,0.1589759369690888,0.07269864034522457,0.4825742714197612,0.3989385771386606,0.8673366947943948,0.8871185820608176,0.8233756211015265,-0.09501468261122721,0.14989291922218045,-0.21157911906070712,0.021538793966640477,-0.14109284499924557,0.0
0.19007907917695557,0.10573571869892906,0.035020525038347516,0.15772319461708792,0.15458370496118426,0.4840300843246228,0.4962757178079176,0.9064532958220062,0.9144627339084352,0.8819186476594527,-0.12273916861329733,0.05155609003198839,-0.09706584008010266,0.061048868731491956,-0.019951899570042092,0.0
0.2640814929812102,0.13954835032846769,-0.0700464584107319,0.19857778171663912,0.1048262979657643,0.5403570957637837,0.5110552819511094,0.8446937553274132,0.9151754042983197,0.7663896946253133,-0.1420344342095252,0.014945842444314128,0.02350325999944554,0.16326472945219309,0.022697830367163,0.0
0.2504280572671955,0.14922880149348133,-0.1242381849645354,0.1070529096586427,0.11719441443996204,0.5324118654716637,0.484940098993078,0.9266262651246915,0.8583811237865269,0.7912780737994264,0.1302418781542051,-0.00872287633676488,0.04919347365810235,0.18310099101055866,0.049718539911771095,0.0
0.14767119057500047,0.12193624439635632,0.0210174630422814,0.10814778838526427,0.06191691660756938,0.5752751065828078,0.5476543817054302,0.9236064413113324,0.8631766919792837,0.8051292980383306,-0.08546046020739488,-0.14907568003978686,0.018646548425953348,0.2081959902729229,0.1485320464249777,0.0
0.20881806775230502,0.0537213848002288,0.00891052024252749,0.019556479325407272,0.16799009211066235,0.5057805906071867,0.5055022616138691,0.7746619215281165,0.8438571451030248,0.7891598258297969,-0.16114400934675382,-0.216277658137834,-0.001453795832455208,0.3149806612076962,0.1470205534423919,0.0
0.21602142495817292,0.1563905146307458,-0.07919856050204774,0.07421282216783728,0.04735782496105918,0.6029120911937695,0.5218194666557494,0.9713368230016896,0.8920698192946643,0.7906783905735398,-0.1736303589511623,-0.25027140781319857,-0.09152612460022211,0.2276319241155669,0.28553626995184256,0.0
0.26245603500322084,0.09058875951120124,-0.04333166439567305,0.0927097540701246,0.027163762560586682,0.6189460868853051,0.5504229781827896,0.8893912654593843,1.0226903946902703,0.7762693840250379,-0.0850915462207348,-0.12001052990643751,0.10466780367065363,0.1256748677820803,0.11252245511584962,0.0
0.2009521345477015,0.09681628533284148,-0.04879430477743159,0.1670903734310668,0.03335289359711857,0.6424413991951226,0.5693304612297262,0.8723611320579819,1.0496426457834267,0.7566782452203751,-0.10663812463587988,-0.0032273889355755037,0.04258681216265071,0.22143987170340207,0.04413837430278559,0.0
0.2719854962878281,0.025073020227490722,0.006570956308951166,0.19121724792262126,0.16221813385628012,0.44612101578059987,0.6206039120545113,0.9022962893205364,0.8969234535460556,0.7240964910568383,-0.20538315715185218,0.2179215746880295,0.10557480979272327,0.24585114423330953,0.0022661463499104306,0.0
0.2291892580509057,0.12090128329529369,-0.009105588463964052,0.17876117528570185,0.10135805797817232,0.5822108536817594,0.561144729025051,0.8371777152880518,0.912043155755436,0.6897886531509771,-0.19437748873504745,0.28600468216012875,-0.03471584616315321,0.29461547650884456,0.10994082231103282,0.0
0.1445425313466426,0.03780069975433285,0.02759742129464883,0.15121818636139234,0.01454940451819249,0.5357628827386571,0.5711411280477725,1.0033565333077878,0.9570569355601785,0.7699706257669308,-0.12017430551085032,0.33204000212374374,-0.05125284111433624,0.07403774171364397,0.18691098526075656,0.0
0.1688910656985767,0.150032968049742,-0.015196025389182882,0.06178450011731211,0.10100253347771904,0.6917312089473056,0.6104837050856324,0.8966120236575384,1.0213975611835424,0.7023162253987446,-0.12469871551769611,0.26447531884009085,-0.04256262910095503,0.02801328038695828,0.21035916128881108,0.0
0.1379710912466068,0.15611575744887704,-0.12689176432724647,0.11850222595729348,0.07259741655763643,0.5644026674921006,0.5989643919967488,1.0122720834997025,1.0021732400420926,0.7071449668221604,-0.15040124700035806,0.09529500730299786,-0.014080541430617485,0.00583912490922631,0.018857146961762716,0.0
0.22404498700723466,0.06461401803459454,-0.025685950399967475,0.045801775104538894,0.13709082261044975,0.5838789184123242,0.6016634782196235,0.9904524491040746,0.9801386083863924,0.6510462462843359,-0.04019123905535059,0.1745132646083019,-0.043054753523425776,0.09510225230675562,0.17051155191782894,0.0
0.1984906302719719,0.10514562336172605,0.08295582993420217,0.0767824993919326,0.12405576218223419,0.5671832485590469,0.6796609219809296,0.9297563583553735,0.9527545361532811,0.7138140513356307,-0.00044103430357193135,-0.10261876872187085,-0.06321012907839405,-0.045129313150362504,-0.02645411630492378,0.0
0.2209213207702435,0.07152298534496566,0.003340062718914745,0.0889158230570046,0.10127763839404423,0.6578115258530403,0.6049064221369109,0.9318824244910106,1.0863128553777837,0.648866016008999,-0.025409516517585343,-0.005347812704467936,-0.03475236887113764,0.09080870060806634,-0.040922209741930046,0.0
0.24552618251691333,0.1381617877552776,0.008809086883633244,0.15032966740206233,0.11031157826848595,0.6422944364299843,0.7150786623435944,0.9084216705098336,0.9326846714137484,0.6296323034086995,-0.04387187085262181,0.05444975360853722,-0.10859347128951134,0.17632374713509782,-0.047791901169665536,0.0
0.10192885191829404,0.06762695215948153,-0.06164063248925809,0.24006263156471636,0.06909785827026715,0.6452443855152608,0.6564846177251059,0.900235126374017,0.9899169310254577,0.6092276366563284,-0.028932615123112484,-0.02925577626609485,-0.11331835869489398,0.11077220822080189,-0.14916633823274777,0.0
0.17824276355409563,0.11659911108242985,0.01605433204106132,0.08941090418984385,0.1023071208235754,0.6403302020843404,0.6840277300750948,0.9579358408201761,1.021901856109113,0.6398664115892042,-0.012220836552741237,-0.2706422438778,-0.11831961804957997,0.052365237604201635,-0.1136996523871873,0.0
0.17874086011390464,0.15649148503231086,-0.01731469663266736,0.17801163532110792,0.20688025758159378,0.7003781001392239,0.6791107782562171,0.9765937953568665,0.9685783572230005,0.589324577408944,-0.11679906823782112,-0.0791052046520736,-0.002111816166372474,0.05276243581256067,-0.11089756858842896,0.0
0.1746093404397352,0.08612518214840431,-0.03658745868482607,0.18930134102138585,0.060013668278324064,0.7564061503611911,0.6979872584132875,1.0023257827550114,0.989529553251272,0.6166676968645307,-0.1400788211568334,-0.02286384273382064,-0.13350198172488184,-0.07898372843854828,0.02348942070000931,0.0
0.2267900273930803,0.07052439186121627,-0.008595076971505668,0.16770425986824883,0.1319627222158614,0.7024664506030999,0.6200173903225861,1.0077729855221325,1.1352405723051315,0.5749015895997991,-0.20914493006914314,-0.012158159332775215,-0.034910332462275956,-0.13190926437394618,0.08941045972948565,0.0
0.19393306877711247,0.13968145208212773,-0.004530586873549267,0.043904600069577,0.023960750279732546,0.6911333990733405,0.6695785272965915,0.9997195236138009,1.0412181424453315,0.527282946375315,-0.10698367210259671,0.025923351678143983,0.027159518770131532,0.023493790075041765,0.04937261218881696,0.0
0.17186418225830202,0.08422780256432746,-0.03756759794376916,0.1190016001978745,0.09067410262075626,0.6928025794993804,0.7976973542489443,0.958278229507735,1.044045444723891,0.6973849303676225,-0.031125202548622256,0.09311132655697951,-0.06139732966548778,0.021006042958563325,0.040791368929775945,0.0
0.1490868276614566,0.05848150428749823,-0.00933640033570034,0.18122495111360296,0.06682531840537326,0.7827212966675128,0.759518757149565,0.9253752476756618,0.9947927586141865,0.5110497753769679,0.0068042094917147335,0.18021338302878911,-0.15711838707628306,-0.12399036867204036,0.19289553455044905,0.0
0.2129639578819811,0.15335757481395718,0.011066374308930954,0.03912723637979705,0.18230350512034343,0.6058399111692947,0.7154825274406348,0.9757793391737742,1.0451140304039555,0.4902547616795826,-0.07271695090365798,0.20853000734374466,-0.05802321755440786,-0.23106277005374457,0.11127380465719527,0.0
0.20535077178024136,0.1370125007029659,-0.056415810625918224,0.19025941706045169,0.16162228036812434,0.746049653708413,0.7268091744436547,1.1023977676192211,0.935214134740231,0.49893494387395204,-0.1217344885495104,0.1244900094380401,-0.2991354012268161,-0.20110101270427433,0.021814661041667252,0.0
0.2938994731384937,0.11945610478915669,0.015693153842436885,0.1887289036463736,0.23157239488771478,0.7111092922386426,0.7811075506543219,1.0328410261972805,0.9292658555836276,0.4869041676294942,0.008477122743101792,0.029887630970923548,-0.17155691242480173,-0.15472096342899122,-0.1309244616234003,0.0
0.2642046805515369,0.14223159058180534,-0.06807429007953489,0.08885593517404636,0.12566809044990418,0.8041606405298904,0.6551262349980821,0.9509461340158292,1.0114738078535337,0.4254130135406588,-0.010767595102164972,0.009584907633954249,-0.03996389599587313,-0.0411184665523818,-0.08390726611832341,0.0
0.2364464975430061,0.11733988666297171,-0.06383066744777269,0.1495537119592835,0.1330214385423319,0.7137429622003671,0.7199962040876856,1.0394941930457255,1.0315910799458465,0.44869746756322354,-0.166626458137069,-0.04929264245885464,0.15153414464180182,0.052632172404717334,0.0027224949877070054,0.0
0.2291187651846687,0.1584905627520635,0.040934348364484854,0.06371597511966838,0.14314507150642405,0.7745803480967369,0.7912434520682725,1.0746585498992538,1.085900881979878,0.48485829281271325,-0.09332246405484138,0.04913481471902954,-0.026124064350762255,0.16396164208553637,-0.02816694072588906,0.0
0.20653372415763066,0.14387339180867184,-0.06921985156474011,0.1030846626809363,0.17304517125872765,0.697608930853977,0.7280633334221561,1.0076913960081508,0.9670726791503471,0.4140603221880562,0.14272958864136695,0.0175673208058119,-0.0944925981362813,0.2668498568035671,-0.20491755157458252,0.0
0.22575203412611158,0.0477044236408779,-0.07293935693440802,0.11259857364132982,0.021612124648739697,0.7761797940017753,0.7332443632667244,0.9449975193424369,0.9944196304562204,0.3281370508652586,0.09056062428910161,-0.14825682384068448,-0.15830995399502004,0.3036892991793384,-0.18200208493365327,0.0
0.16070265030594882,0.12530827253513982,-0.06304168692550936,0.15148340946875566,0.11314736776757231,0.7542180791253025,0.907387167865257,0.9715851135648598,1.0173171719050766,0.4258908850245932,0.09460484467592054,-0.18751197639508846,-0.11302399761170122,0.27100593919241545,-0.22284069150821428,0.0
0.22372389051043926,0.1624738012421233,0.0068275648371896105,0.06554208226851503,0.0849366656512086,0.738555846883123,0.8393118624894403,1.000771686501864,0.9680416456248863,0.30664065403628227,0.05797410694847069,-0.24764565479298006,-0.12495488593466426,0.30069026990298175,-0.12632684779570522,0.0
0.2737742684888719,0.09149695694744543,0.016911169266913086,0.18126326127770043,0.1640305206646897,0.8311159116425798,0.7363404446211042,0.961819278259618,0.9372901115784925,0.3796990756827004,-0.1797271968358065,-0.11076452726855052,-0.14759891081155835,0.22449207982123387,-0.2615214059561626,0.0
0.24083189323927978,0.04950742913567639,-0.036591485232833086,0.16874084992804625,0.08307208838578062,0.8055106302737699,0.7706468827824192,0.9976945207618353,1.039575209973516,0.3985442476991313,-0.11433234404115478,0.08991314934092265,-0.05821974585969086,-0.018709894571759422,-0.2048707134248035,0.0
0.1969133722909419,0.021926308050710247,-0.07440295210894052,0.1475432409909391,0.24386925538529738,0.7471269910925785,0.8292893500185903,0.9776186743577123,0.799580918305544,0.33013966509521175,-0.08471312000848397,0.09907820524276548,0.1295716963437797,0.05959842116270166,-0.15745115797340403,0.0
0.29122792170549405,0.07151664396178856,-0.1369475772986244,0.12793251532635982,0.1524808012668892,0.8043524255567641,0.8556474283426672,0.9031653829578904,0.9650309710591538,0.38233102661888285,-0.18240802451704846,0.047465774274964234,0.06979119076460263,-0.09567107068296357,-0.14191989212477615,0.0
0.24093204033919413,0.14706187438486967,-0.008570609562953684,0.2096169621044247,0.06179498147261004,0.8032749657068387,0.8143496021986997,0.9896100568555306,1.0145668881100585,0.2858887514034518,-0.09302871483790459,0.09385390369114699,0.16300833185394908,-0.08461765477782336,-0.04844253032636987,0.0
0.20881991804583355,0.07884684179369536,-0.01717940611046013,0.14368889055408593,0.037051775784166324,0.8350575908339334,0.7948040892425254,0.983702846148606,1.0473394119022759,0.23287172177965768,-0.0582682575443966,0.032493343518494325,0.22210091547692792,0.16428638685908914,0.13523670504229826,0.0
0.21164444810143185,0.18890604138833966,-0.027019039013243498,0.2180395912044684,0.0917284906671727,0.8061766761113365,0.8809588262774252,0.9581475712744704,0.9887359145873673,0.27640075835004246,-0.12722250683801334,0.2040754571466495,0.1707511918791598,0.06923178406505219,0.11516693205988526,0.0
0.2985480578700391,0.1262083528109026,-0.08949732501008244,0.07758171980042586,0.14033169733538614,0.7761346416604,0.8120129524762004,1.0357142269148623,0.9836586395268254,0.3246036380113062,-0.09655405673004569,0.09189728871206135,0.02827495953217675,0.17133698039580963,0.14923697454056736,0.0
0.201503208255015,0.16591032020889812,0.026841085436464497,0.12197170979854341,0.05621716512055426,0.8106703725169255,0.8690094051149387,0.9139577718247599,1.0353997328069446,0.26932520334428184,0.07104491258010946,0.04312748021433833,-0.07629393641874785,0.1543255995410156,-0.009850510837757634,0.0
0.16195589148134046,0.15164218658786882,-0.132231379439832,0.16921914735314256,0.1427821400977102,0.7391843945785501,0.8419189534306749,1.0312890996123065,0.9769293642914311,0.23693182693269926,0.12403116842489784,0.038563164759646995,-0.05964878312116483,0.177178747168805,0.05201255460029985,0.0
0.25878385132773046,0.12945174136318505,-0.032136878933119124,0.15496473818714945,0.16661213593703422,0.7613160107481948,0.8267385029312588,0.989897786091941,0.9601464859209662,0.20666066270859218,0.020712501333298175,0.010764433988051587,-0.1995671942915047,0.063040487123429,0.05120956550700889,0.0
0.2788222844168088,0.07290883797256095,-0.05643694636083851,0.13463299189491829,0.27315659221822053,0.8574315159105048,0.8452603202567268,0.9765801145534693,0.993041325805248,0.19602080987515824,-0.02289791574395495,0.14675438655644182,-0.356608065743968,-0.21323457941870413,-0.08930723512789149,0.0
0.28262562302487254,0.07364606695463002,0.018550602015162843,0.07483570500929437,0.20538180250597,0.8145287945581884,0.939482010713768,0.961032297651689,0.8495811116330944,0.2509477871537268,-0.08146955508640126,0.14729207346891493,-0.32474348828002686,-0.18311149361531356,-0.17189642076701894,0.0
0.10379010750710327,0.12863189789341145,-0.0044841667909008166,0.1886363191979678,0.07355070636727382,0.9531899959715762,0.9340739520294471,0.940258780744016,0.9061025521011172,0.2642348809421778,-0.02084795860477938,0.06436803102191609,-0.416170526821679,0.02878991257521804,0.004219627942615933,0.0
0.15427203259617808,0.1643499094207404,0.00926469350337308,0.19392159551700913,0.031536624604676614,0.8470532456716636,1.0030217213856014,0.9600757447823062,0.9624308627288726,0.1874382824054684,0.07161548934909251,0.028635102923642318,-0.33189970279727343,0.016150140713476407,-0.2076567008945586,0.0
0.17750279970059585,0.021512114425594475,0.0018762253080450465,0.17721413437949052,0.17816246586246276,0.8462603575183905,0.8457750384245725,0.9530891840170858,0.9445104769715311,0.10706406443719091,-0.037657848960628675,-0.008860706165378707,-0.2849684045632475,0.0687551262819942,-0.15842314676386685,0.0
0.2485287168117606,0.12892221754145497,-0.008193184494804375,0.12595730773488825,0.12927083937207812,0.8825117472323626,0.977181225464641,1.0404696478296303,0.9619089370175937,0.08417865327882884,-0.011208151810823921,0.10921429672152881,-0.24207109182057068,0.1280241119197701,-0.024983520267484127,0.0
0.18898306149736413,0.12121311876720475,0.017811861842661002,0.15761178633354336,0.14525657700247213,0.8595100660944766,0.992592390776268,0.9471312151868148,0.9039112942018036,0.09372817553283325,0.2914877799392562,0.14348385696527602,-0.43592014435302623,-0.05489121491715833,-0.06500730711152042,0.0
0.23426878136694193,0.21743995942216088,-0.02333268467090489,0.24079323850935525,0.12516863462812522,0.9304230616445777,0.8609545210027255,0.9270096151964724,0.8460390126445773,0.11125414156163069,0.21962675796260261,0.02528795331242309,-0.22767497725112895,-0.17729156046550404,-0.02779204624516932,0.0
0.2639499861976299,0.031114281751200623,-0.07485176996868478,0.21281669795843,0.15627458304252317,0.9084771076683159,0.9219594556879431,0.9573784541807795,0.9829861020209003,0.08227851442781925,0.20177801401104334,-0.14724236234907156,-0.28032493581434526,-0.22865842468703582,-0.11236097544273206,0.0
0.24057424472754874,0.07432452259252675,0.004641168298844974,0.051253822552991435,0.06666254785436962,0.8371894007717322,0.9507916822071356,0.883588256312647,0.9439636873078735,0.0951239127104816,-0.017965805326731532,0.03437150297053798,-0.2857961883936713,-0.042514338388651596,-0.07665276996634428,0.0
0.15166483445409645,0.0719903182862591,-0.13978602561523545,0.2738059078241035,0.16373465597895748,0.8501672815994801,0.9566881130981458,0.8963890579713973,0.7947613290906859,0.08580748672043725,0.11013439638688455,-0.02690898008166521,-0.2454743576297297,-0.03487196087910184,-0.03674965524949677,0.0
0.2259564504572359,0.09528859997445402,0.05696007866615674,0.24139277548367874,0.17974549455424788,0.863246680672968,0.9701553299651181,1.0463998408226423,0.8221991802278875,0.04159802930847008,0.044985979688865585,0.06166059134752747,-0.2573023877504762,0.03634029496646557,-0.001948596702814033,0.0
0.24388240569040268,0.09963390341722225,-0.006463173775889072,0.10816931957261862,0.09995114568784269,0.8644398757440469,1.020479042793278,0.8475179086161182,0.8626303859276923,0.041061640468997754,0.09859159166199721,0.13017119347194958,-0.3222836516983655,-0.13881589984344225,0.21668512455834896,0.0
0.32473005501539703,0.1788726260904456,-0.07875007011532846,0.26140830527393305,0.18107649773646667,1.0029230018759936,0.9747871875354094,1.0238347277864244,0.8464147781221897,0.026498435933891843,0.1633867349755047,0.2150761713531098,-0.18028819911645869,-0.05896031444233023,0.16139729025814484,0.0
0.27806830342560973,0.14738818615586832,0.03495835850753349,0.22889091182832266,0.10522792403073977,0.8664583704652279,0.9104414117568366,0.903987474764037,0.8491497435775304,-0.0018259255131093121,0.241045273037589,0.18648393954978626,-0.19111012955188908,-0.04556451029136456,0.07409496587807829,0.0
0.32896727110894486,0.12108356791272347,0.08217930850184418,0.14929771860665217,0.12607792635664594,0.9347401415207468,0.9567867407403932,0.8535713367986001,0.8468532328222396,0.01005737209514818,0.21062341072722135,0.20704864744683504,-0.20857171919650225,-0.13084186203500114,0.13320509180673937,0.0
0.23276532597588104,0.16681780422175946,-0.0301896474889993,0.1149559649715638,0.1388912195745149,0.875406600747827,0.9383319828908544,0.8038932898057285,0.8540040673435438,0.05948962508937821,0.42334707785816994,0.07763477969006581,-0.13394702892134347,-0.13945419750554722,0.19709880448804662,0.0
0.3163297861728721,0.1473520343951725,-0.00634618510219471,0.15700298447944913,0.08939066940265877,0.8565374131230161,0.999707284489988,0.7815261651187192,0.7563470091584732,-0.0005687974563978321,0.35104555753452316,-0.010691884002907569,0.031814401742661036,-0.19452236991130467,0.43214570105923017,0.0
0.306265935549872,0.14305917674389745,0.10989756253471075,0.1427618089342996,0.16147941121102424,0.9073009740854615,1.0655115576302707,0.8420447582947713,0.8622341940273909,-0.10993679026876954,0.40971268020861706,-0.06724773923902318,0.01512684102493072,-0.2879129732536154,0.4546694250517296,0.0
0.21541197122819628,0.06659531057725285,0.011554344120531,0.1182069889343641,0.08953160597446624,0.9605142525035224,0.9931952409436341,0.8858722082672169,0.6725761366670344,-0.08734993230939576,0.3840557684536069,-0.1070448594893425,-0.1428830917559061,-0.2254175919148433,0.37395860932076297,0.0
0.28102666988714564,0.09571852090312123,-0.0846579921921564,0.18705133322699094,0.15151490198546225,0.86468683797908,0.9515921470531159,0.8427169803521554,0.814266889064683,-0.13921641747642427,0.2975675192045155,-0.2138881616361657,-0.2697798689093738,-0.29443279498556724,0.19693287159988787,0.0
0.3267306497249634,0.09608422834663803,-0.04072629331334966,0.04548550877180092,0.14811525814160512,0.8714228432768201,0.9390220712496147,0.7689497840627018,0.763611291473274,-0.1839364596037497,0.2007656674368346,-0.19916385233963277,-0.3790662992229431,-0.2497211742300469,0.10422101357128355,0.0
0.2988574937084946,0.17626103935216392,0.05338707205210308,0.18846488711790124,0.16121040157632244,0.9613692838945804,1.0148659730835892,0.7796102605976635,0.6171770476848422,-0.1457711542767109,0.15346781925953526,-0.14729979207500501,-0.29569872445992545,-0.40836193980809204,0.2585792930015711,0.0
0.3021245633635382,0.17364743020661116,0.02997261377246519,0.14902024402488226,0.1049304172468502,0.8529319683788974,1.0130262532350436,0.7415687422245216,0.694696592689869,-0.20506696240662894,0.12067778174768033,-0.19844100514298718,-0.20540977712031483,-0.33451773935032497,0.0025272256271917926,0.0
0.29640686293586566,0.12717532243437046,0.06289246044884764,0.21291042561834914,0.1625102721690979,0.9104922593690823,0.9733396053340677,0.7848082880356555,0.7348380518841052,-0.1370900282563936,-0.00010483871916110166,-0.0635895421201673,-0.21080769847735742,-0.4973124396933094,0.021493720044037466,0.0
0.2681282236960007,0.11460887293420743,-0.043119146770304956,0.2428399066235283,0.2460478362522262,0.875091174631952,0.9911342328055073,0.7714419912337888,0.7483856685212612,-0.1840124415890818,-0.00988416757545537,-0.005868196072752865,-0.00447037484815524,-0.5001766991599774,0.15757996655272066,0.0
0.2750299007460338,0.13732475723784188,-0.06846412688431718,0.22301531098659905,0.022119431700732495,0.8906622589966433,0.9998789270556587,0.7797862490039629,0.697572886202776,-0.17238541555471076,0.07567852500251762,-0.040777149626303105,-0.20540995865700035,-0.4143038483535455,0.08566206607370495,0.0
0.27891731227206007,0.2201346772498199,0.009825040971040457,0.1649370884819109,0.2129244483257181,0.9340659843152573,0.981063103840587,0.837385644057599,0.6312002415202425,-0.21367585521944965,-0.0016876222550521736,-0.25854315342033535,-0.0655990845229458,-0.3849146300507257,0.09913125192485125,0.0
0.300623984326041,0.22187482574470474,0.013743060307038795,0.1602832963909867,0.2210366158851674,1.0126344332804,0.973631544399252,0.7523784009033813,0.7273172921894664,-0.23498721429150554,0.2179566444051875,-0.08126988423914237,0.015305729657247802,-0.3713967558746088,0.130908090295359,0.0
0.25022142702650524,0.0976477594440425,0.04095576851455351,0.19628544073165638,0.15904257276445646,0.9188222239128259,1.055212583391804,0.7706468913721503,0.7016276245491215,-0.19439210941942792,0.18361317217547207,-0.19564841056495963,-0.05382935662865332,-0.46468726652105863,0.2606811709978869,0.0
0.2828705614966069,0.09288026911986064,-0.06599556487978973,0.18042857609399138,0.2875013972560001,0.9714589394050093,1.0380262137734901,0.6814072600896163,0.7062365015197096,-0.19657739452034648,0.25745859993856274,-0.2580242060587018,-0.03302012657328413,-0.5980905253479107,0.18182327665148285,0.0
0.21621977222518468,0.06930477531607102,-0.06868499011057265,0.047721522571129604,0.14171729507463823,0.9823860278878418,1.0329666338095058,0.7179931897526823,0.7199893855987091,-0.21378307710218253,0.11579887675423846,-0.20444763766854582,-0.02825738942074025,-0.38883062813884056,0.09268200984018143,0.0
0.34337726512491806,0.13007766313289465,0.022622783902124067,0.20286686752357352,0.17753477216355137,0.9670538705311833,0.9640167282241953,0.6452283407945216,0.47866449603114963,-0.3175059228097992,0.0896517642262715,-0.11583646738807495,0.12877785380480714,-0.3218389647587463,0.127981705231508,0.0
0.31901109971912645,0.07511697038045129,-0.06405568870130643,0.1224642579183822,0.10265408415585912,0.9870220330906814,1.0409978088472094,0.6705738297721351,0.6358759870043589,-0.2606954144768866,0.22270625789983603,0.03776290260162121,0.19833799862983148,-0.3339593878667174,0.30994187928662625,0.0
0.24003689488505697,0.1434717538212128,0.022205497568499613,0.1518328376034438,0.1049974584106918,1.0077526426018355,1.0826766787079434,0.6382825010024582,0.5320681558330008,-0.2853896641789422,0.11592413247679376,-0.036625157556744545,0.21866818505635183,-0.2694961150086003,0.44863537360154304,0.0
0.3516027685321679,0.1470077502402241,-0.040696956858855625,0.15734180100614084,0.262612629847202,0.9792936457355698,1.0164410747113526,0.7215428282159652,0.5470823985127838,-0.3693179248453043,0.023880384023160797,0.09864597930862065,0.05055271135964946,-0.2722656010299565,0.49706122690702803,0.0
0.26770438652292877,0.16338569729231697,0.043222271524354275,0.16104139899488237,0.1679733091830686,1.0693473930716637,0.9808816381819989,0.6712301603693758,0.5897171631734522,-0.3576588877270744,0.011403447151105663,0.11839951552575756,0.035830699412316445,-0.022022509105860177,0.3195050208927675,0.0
0.2660899223161661,0.12895673494265644,0.03942810439789927,0.06473178189532303,0.19143056351717735,1.064069039162202,1.062289347680304,0.7103545698575429,0.6557957110003476,-0.3694796889390149,-0.05274214256716064,0.14121602164020075,0.031209602254339747,-0.0890229674086396,0.18317397407137032,0.0
0.2363303026670452,0.03600560551026816,0.06557421965979679,0.22210089242474132,0.15064549506158356,0.9341500032495431,1.0923648362055034,0.6038956977061908,0.5139102705912622,-0.3528304566859761,-0.07035150406928106,0.15373298963461646,0.06633008150087547,-0.045487697747323336,0.2228521181062797,0.0
0.300171436031844,0.13548796660917464,0.021994368015888593,0.14092478384192686,0.1989791012588823,0.9673745266616447,1.0066481485954506,0.491979029959681,0.4148651018613213,-0.37445680160841827,0.014603887395235104,0.05287763346437428,-0.08222683161547946,-0.08017478911256526,0.04377971919004814,0.0
0.32980326494550655,0.05650756569673061,0.04222802296841633,0.1932028625071657,0.18797581896078394,0.9849256972516474,0.8991783227841731,0.5571655190234123,0.5376117153267324,-0.44625048475728535,-0.05399074353504046,0.038657519783697206,-0.005590958211280035,-0.1474670293636462,0.20265940387621448,0.0
0.28398316144601976,0.13043383967288993,-0.029620567590033973,0.18421843638743046,0.22385015440199438,0.8958547463080322,1.0077020110013044,0.6070336309766031,0.42801925375255756,-0.40831844790982397,-0.04591225453870209,0.06319375940409813,0.014873214255726137,-0.0757003364123297,0.17555896671722715,0.0
0.2332046712322288,0.10757157935269138,-0.0012189019659743757,0.08473532730130466,0.12978559971156878,0.9182606689927819,1.0083270374209343,0.5817174080816817,0.403835426713903,-0.4480931623699457,-0.01991598828245296,0.011423351341606599,-0.05359991926130379,-0.019541137512851248,0.08296269777278059,0.0
0.3639443293289055,0.22217161079466258,-0.029830724045705935,0.09322951542097901,0.16051717216192082,1.083593359462491,0.8691885941104432,0.5355460951429848,0.4214863583864216,-0.3835309035182811,0.11118292953274478,-0.0006620977239468135,-0.05699083552945238,0.07660894425657977,0.1580343071512191,0.0
0.3732971896986125,0.04247202009495302,-0.03432746413596177,0.1950008554998362,0.18642428307215306,1.0111825122448497,0.9724953910234077,0.5354110337318994,0.39847750755118505,-0.4496451011217228,0.10424213698018536,0.018465184200667905,-0.01177817396940084,0.022572964347518584,0.02638426457704776,0.0
0.1888907473979186,0.11683462732798304,-0.0633675536336018,0.18971627235574948,0.157344103394427,1.0370981499726086,0.9707273285641436,0.568402100292841,0.4105759940207475,-0.5318783823441116,0.08598646396113645,0.010866923667605353,0.07670368372132182,-0.06009414497327294,-0.12483570282869491,0.0
0.3316577379801673,0.10328802506358614,0.03958256937177153,0.24503865964131516,0.12749218835005427,1.0487361647104365,0.9982643279256289,0.46490987388681954,0.49845951157789614,-0.4308246415479016,0.10099664480856227,-0.11747193806075448,-0.06961282845846392,-0.08887299125748324,0.06571372861497769,0.0
0.3185604420974654,0.05845570455168782,0.023681239491819668,0.11967095893375304,0.14357287409517222,1.0322493025085322,1.0671313854052598,0.49157112806028097,0.3295162759732338,-0.515975808513139,0.1728394352416563,-0.04268502547980015,-0.03278340423630403,-0.153786547044533,-0.05771351812607663,0.0
0.2456130329127243,0.10515857042063982,0.022582915311605924,0.25258218765240836,0.10333059960982734,0.9906149604222145,1.0376173087731586,0.6201217673026976,0.3407786949274324,-0.4704426427817991,0.13358124050783465,-0.05507532699901222,0.1947242580815563,-0.14010276310615716,-0.052982344191806426,0.0
0.3540118204844107,0.11669614154741967,-0.002896957239010659,0.20666984869128235,0.2189696990191237,1.0196393260268266,1.080947655176087,0.5608317231260088,0.38075923588020516,-0.5301413883736437,0.15703390264390776,0.05108750227324068,0.26062737341728254,-0.13548425428084088,-0.0873923250387513,0.0
0.23857045516151199,0.21272846099175619,-0.02528739245783853,0.2515337602986236,0.10923939646981638,1.001870090594998,0.9434428660361218,0.5054703622664142,0.3063750184144518,-0.6058849581059967,0.061983997285837096,-0.0015886312834834382,0.26935083039412727,-0.22055335753252606,-0.12999086403746105,0.0
0.30827117179198693,0.25445533759369,0.0783260462561438,0.183994048116666,0.10468865307930268,1.018724406873223,0.9666081060726845,0.48621259037230347,0.2854326241207428,-0.5478331867499621,-0.03353879304325628,0.17190949836795713,0.22422298554276412,-0.10616590132999057,-0.19416750806505387,0.0
0.23658640879225507,0.1516463805237313,0.015306597598059826,0.14174409296475318,0.17214456630146224,0.9202501338148477,0.9820678103313893,0.47102116145114764,0.3067716695161389,-0.6186307580715493,-0.06178920646122045,0.10308964383454325,0.19375329002614325,-0.09497471635620064,-0.07591809725928425,0.0
0.30734186616957726,0.1877817526299056,-0.048221935040281716,0.21004801391370523,0.15625863280294874,0.9360725029187026,0.9867914045097416,0.41359982485632585,0.37276467128236296,-0.5808143332626676,0.07407724375013872,0.1446749288937032,0.21433048386792827,0.11177376843706842,-0.056736994289128116,0.0
0.34878970799813047,0.12420654344758962,0.08538691623666761,0.2564566034122114,0.17085325808996404,1.1155065198781233,0.9033271185508768,0.27006608720823244,0.24549328555389835,-0.6463823789943615,0.05907508030546489,0.04883775001752128,0.007143491374298372,0.11528157040312863,-0.11905103477470731,0.0
0.2467885604152511,0.17757127958719074,-0.028649866620955353,0.12384419516792976,0.11541088993210907,0.9008107796707836,0.9552208041533738,0.4441462996004894,0.17722394396081065,-0.6092170773696806,0.10216233313420531,0.1016037292217251,-0.14160273655128716,0.2699855644914637,-0.19861981481600233,0.0
0.3901265448570262,0.054060228345871264,0.08636475645224398,0.15332932030509477,0.12524620249585505,0.9541097011344244,0.9784482461824362,0.3836984577743249,0.28049729833134546,-0.6922259706314294,0.014614014190663313,0.04695995705041826,-0.030423773168904225,0.10762583320729803,-0.10893810458946412,0.0
0.3147891158197361,0.1634921289964814,0.16808708092680963,0.10893218504929951,0.13367721304199875,0.9681540830954046,0.9466702289552998,0.39351641578917107,0.11855749985694472,-0.7287031824703013,-0.06063099925411155,0.15556800778650648,0.09608625851665241,0.12872085361377325,-0.13484592243747714,0.0
0.3741271296186731,0.06292005727751163,0.03226164967519718,0.19208746845644337,0.14436497769505302,0.8996046143352799,0.9583923465499069,0.3579880023193644,0.12943380984991648,-0.6016642921462706,-0.02778329336180903,0.27957517041055824,0.15454875962403095,-0.00891589428126853,0.08357971870458447,0.0
0.2892678890904179,0.11241795550295058,-0.052203216969840135,0.19142004461322495,0.23315642073307496,1.0608179690239834,0.9003780768552919,0.23472798209331291,0.17500728353660402,-0.7366577940430241,-0.09217392691800932,0.13341372706651886,0.17987863496711487,0.15690938192401865,-0.021591416440936664,0.0
0.30866192048070884,0.17645404958676864,0.10595729523314093,0.09548405551845128,0.1265479176981384,0.9802905885788162,0.9394213408692473,0.3177178175965287,0.06533292393740366,-0.6675880393676067,0.07036097842574499,0.12976993191665978,0.21298194283208569,-0.00650948745618915,0.07353529959087277,0.0
0.3240456507847876,0.11669019503444164,0.0568464836730823,0.1934780007137678,0.2079553037664298,0.9139353914356255,0.8357032019539447,0.3464156312461948,0.10499464735921987,-0.7383619930206565,0.11548880091930977,-0.08546727014981977,0.15920176906709219,0.1652357787115814,0.1482285936858761,0.0
0.3052214634250815,0.14095388732174505,-0.024665086527728718,0.1908772487843297,0.26373344854347136,0.9455953793363792,0.9441617716333093,0.32920661839488274,0.168591388704818,-0.6804670282390455,-0.05025366043149654,-0.12776044638629114,0.27506109995518185,0.29343078295502417,0.04478670787177415,0.0
0.33511517316363904,0.18606216173324788,0.014844119498286266,0.19161589964508668,0.12562817848472432,1.0569278459771354,0.9327738601197345,0.2804886556566827,0.1343997610423345,-0.7018927355087979,-0.14415348467736766,-0.3316374516790748,0.160894776831857,0.09043643459513073,-0.03933775825982129,0.0
0.34643564334975124,0.2030531519497921,0.0016292234970672233,0.23168819568116925,0.16904489511554296,0.960038350397099,0.9115777266144182,0.23038809956719755,0.22371930467552073,-0.6751542007180934,0.08824647726486906,-0.2119318517257364,0.18914127289362503,0.18227254477230503,0.09070757623700244,0.0
0.3135088317220455,0.14997643685230821,0.0008225575629397935,0.2047539136914936,0.20467183561176783,1.0004252518307222,0.9085163829007983,0.2463740700336618,0.13182292830087966,-0.7133872167473102,0.10023179313077299,-0.26121741856532177,0.24962291308394588,0.10601607581615052,0.04408495102845707,0.0
0.3740238524312355,0.12131579615327061,0.08813541908422975,0.18007753462923182,0.2473650114227374,1.0520677242224497,0.8975748360778052,0.262451202330893,0.10942269394708493,-0.7906144054448696,0.0445305481899335,-0.13820264103911992,0.16787180675304786,-0.020071158347715556,0.13541516769883688,0.0
0.3069975601534843,0.15472311757605553,0.1296178979056744,0.12856680168415724,0.2289131069971197,0.9724672593354148,0.9851148549746923,0.14251140696291376,0.03723250218781575,-0.7935277667574052,-0.04074978700266479,-0.025061329540076602,0.10048510909732057,-0.0058146199172389775,-0.018810749794144113,0.0
0.43148671509581227,0.06006530746368419,-0.0406807071814531,0.22863944882971843,0.16370355526544292,0.9826509660062703,0.9615304928415654,0.15023235774504273,0.08621968572648983,-0.697787432554299,-0.04023125002810435,-0.04647585626032104,0.03943812477048906,-0.027274909550712826,-0.05148548828763797,0.0
0.28201059915859217,0.17290233610666014,0.05618902972029951,0.133967492526245,0.250034948174408,0.8370251216832104,0.8376153175042491,0.2021548299917554,-0.047356537350795286,-0.88411079731478,-0.024016320004673575,0.11625281210081602,0.07362768445593826,-0.0411262522130749,-0.28880787154748605,0.0
0.22657743048785045,0.1256800810379708,-0.006381018777222497,0.138236100033241,0.1144390315589875,1.0160895883888763,0.8695429930925856,0.13333502250881385,-0.058026870705545956,-0.8409842942853045,0.09753280159918351,0.20892998225781648,0.20068506020932925,-0.01559882262112032,-0.17621282657392806,0.0
0.4238608883249787,0.2178161875810341,0.01962014636393611,0.2322790008661007,0.17921940767909847,0.9490840823699173,1.013043116883124,0.17268521396652037,-0.040642234678169756,-0.7139601473581052,0.11558416736319099,0.12711931695219877,0.1921840255811174,-0.2250528979763605,-0.16955314136956565,0.0
0.2955487939671745,0.15318230980417677,-0.014110189986780944,0.2704929973118719,0.15949809223466,1.006581483383509,0.9297476254792861,0.1004812086471425,-0.10921422065235444,-0.7965211264214236,0.01106394459596409,0.06490869266130564,0.46736684795111955,-0.17085008418808342,-0.2968875855632027,0.0
0.27610982527278877,0.31287908588268176,0.014603009067021106,0.20650817879205927,0.26555834462400696,1.0796219408235117,0.8687991443072062,0.017421305701510528,-0.009272587344461777,-0.758619706930287,0.02523240697147658,0.11830652656952925,0.38020199686259687,-0.06590805033802133,-0.3491554320426549,0.0
0.3364222854586321,0.15329703149920737,-0.013962139075759522,0.16434619761690733,0.2006547567662312,0.9747178782446408,0.8504216925469458,0.13181255226286148,-0.06241706815751387,-0.8056485410693282,-0.019346635968705297,0.04806378358726361,0.2965940610626678,-0.23211493239101735,-0.2718149881828673,0.0
0.3672082094954734,0.10007466313135119,0.07494905176016298,0.08796889963055203,0.23518307517748688,0.9508196551009918,0.8675134550364774,0.0922057197325275,-0.09671931295162443,-0.7308602896816778,-0.18569603336241097,0.20270994784052232,0.22647979561399778,-0.05655297400092002,-0.24991860242604774,0.0
0.36025969917350337,0.09661511289651573,0.011286768614228834,0.22169261184993144,0.252028009400497,0.9965919174721383,0.8675347913408171,0.007625353190427328,-0.11620415880399351,-0.8893026687486116,-0.13994435437353386,0.15305183233723857,0.07290074098959198,0.06550920049897749,-0.21522323345650973,0.0
0.35744610754680145,0.08264664130112405,0.052671836859122946,0.12476222006909188,0.20099987480706927,0.9118788384982289,0.8561688286924697,0.03785488047620471,-0.13202608558241433,-0.8913029034162321,-0.19076804625383306,0.07021676755531109,-0.2029837097855205,0.05377412252949857,-0.3487060991661465,0.0
0.33318607753524815,0.1662978353463738,0.03706088810367256,0.3139339760894163,0.16794253589180141,0.9504155168566073,0.9008388326684351,0.04063305151871628,-0.13373435700312977,-0.8006238019763824,-0.0185385955820683,-0.06995844720773899,-0.048577545499042266,0.163859806094553,-0.48204372902642223,0.0
0.3864943156922646,0.1608730573135208,0.009204388786221263,0.23507045924744624,0.147307417028331,0.9095418726037602,0.8459063750563994,-0.02161096117602681,-0.2008240177196474,-0.8999084419640097,-0.020090514919891812,0.0825219598920072,-0.12520103572731417,0.11177541925951348,-0.09305371182486527,0.0
0.2848495427177738,0.14876598619835765,0.07130160235760308,0.16390135600228797,0.27826242808031226,0.9753242982788434,0.8056213012779685,0.0454380216550877,-0.2653454229042521,-0.9253036891386212,0.02727973623604476,0.034426314008640234,-0.12255810659281566,0.16505419786105663,-0.12587932466087973,0.0
0.3486761173335416,0.174304955007884,0.04908467010870725,0.2346726668466309,0.2657990722496858,0.932384792266346,0.9225956971777757,-0.06027874614631297,-0.1074314229595096,-0.7945152112930475,0.014229038555652378,0.00815067956243559,-0.33180414080734905,0.2916710813073379,-0.1440625269974956,0.0
0.28763430438128973,0.08889876064791727,-0.0892166206072265,0.2346063028435688,0.14714480335379013,0.9332151960801802,0.8634289138845003,-0.08615562488368941,-0.13931503759215846,-0.8662311950407127,-0.14299554934668926,0.03574422113039578,-0.22883262312679478,0.18481704119222864,-0.26962170717920286,0.0
0.4176444917529719,0.16215887039483823,0.05177970479085872,0.21948963075892022,0.25564160060004565,0.9629948167359712,0.7791947052177421,-0.09728025213498107,-0.16568960632865154,-0.9011033035449144,-0.11228816064860955,0.08616375714136945,-0.2072739895941398,0.17496619070169772,-0.23775703706640852,0.0
0.32557386933322197,0.148577074258592,0.05527158975766139,0.2057914305459262,0.26495944634070356,1.039136806772167,0.863443276921772,-0.13944630700397181,-0.25715965584969197,-0.946934941768811,-0.10008267249970657,-0.02576306151866152,-0.292400624941473,0.11826474495109524,-0.047169842820407926,0.0
0.4375055349801836,0.14496156218877737,0.05038755011760192,0.2799404585044435,0.2273093158462574,0.9587393433300968,0.8421430502714538,-0.054128746351114435,-0.24001120979245646,-0.9136627298413433,-0.13414810561905455,0.0062509234300025945,-0.11467427372492327,0.0746583585723754,-0.1774939411854517,0.0
0.4441371400228708,0.13123864451878328,0.05447879419161533,0.12706325567391352,0.06675162643442697,0.9365344090914793,0.7879557974485106,-0.12015067040712864,-0.3953161786816294,-0.841226006192834,-0.09146343861464444,0.045883798356458554,-0.25865198103198583,0.026546758731091358,-0.14443127424028473,0.0
0.3489344231343687,0.1699325077002113,0.07697823181531982,0.17841094770499427,0.23016032614066223,0.9801855112804259,0.8580190057726503,-0.13814777096895098,-0.35606167493666463,-0.9209522895187283,-0.06601174270558863,0.07925040386255597,0.004534939297864776,0.18163900677892256,-0.14520739689728898,0.0
0.38210169272644445,0.15860493745146936,0.0801358119821953,0.1694890734393774,0.25360235837259476,0.9124447764916567,0.7953893736603403,-0.12022830739418564,-0.29930260500069134,-0.8353134416607223,-0.0051726188465110595,0.10480975166395104,-0.02862611611397925,0.20166954687830593,-0.030787472224853854,0.0
0.48850005411107816,0.15065833279728819,0.016019617238237024,0.2243678930481845,0.3374246933363998,0.9544357564630571,0.782750258218401,-0.28283808978930847,-0.2827530308971784,-1.0009974846460623,0.22964440208009257,-0.1652683044359281,0.01637619489420666,0.18973949050303024,0.034285751521151916,0.0
0.343266484146935,0.095455937013106,0.05126554643780612,0.23295603298724046,0.2589244521694584,0.8984700512394024,0.7910280630805333,-0.17558848479904474,-0.3997680820666316,-0.9076010227556466,0.17481015657923923,-0.15621366964436828,0.12058128290818569,-0.017810741630786386,0.045007647369653944,0.0
0.36381747320955615,0.1503976103368466,0.03666731743577396,0.2367214790232553,0.18969291112841086,0.9525255662848808,0.7738646680237209,-0.1385773751724215,-0.3309274082219532,-0.918986189532809,0.2117947849214833,-0.007648270942510638,0.16458767562231608,0.00535406317368417,-0.19403929373843537,0.0
0.38362309298512537,0.13877706630397874,-0.05439590139420365,0.21859038407138467,0.17119714129167102,0.9568827214111388,0.7459963927208764,-0.18472159633422605,-0.430723651249102,-0.9626454957353761,0.0800939384473012,0.22215278579225203,0.10192426325773737,-0.04019016546270824,-0.07110350988905438,0.0
0.3147537622769549,0.09296847384881998,0.0711888654041668,0.27977761930291223,0.2348226925078811,0.9186096844906606,0.6524635004463907,-0.21105679418355708,-0.45228834936978257,-0.998177896547094,0.06901428746700858,0.17538899973650787,0.27668355195904587,0.141888988478024,0.025041901114587234,0.0
0.36036965111724056,0.1606948796840019,0.05839041028003934,0.19581616522635253,0.16342440991712717,0.9073103185379418,0.7543100176104334,-0.2403437332579259,-0.5650099581181329,-0.9144809800140812,0.16479219014158378,0.0032931031418968193,0.17988254617380783,0.12974915583357152,0.10862729649081332,0.0
0.32953009427386654,0.16241559543915668,0.005251975334254463,0.3471512209884644,0.15053610278982166,0.9585085941988488,0.6930780005029153,-0.3387413270872961,-0.39361291434062,-0.8837627371674368,0.126864954280936,0.059793564828491935,0.1386559438200175,0.11359029962308811,0.033078981231657284,0.0
0.42760942917927164,0.1870734766044973,-0.013210563926165944,0.2137593903601901,0.22179343519841818,0.8512074807024295,0.6535741675956763,-0.3336323098475412,-0.47028642478950794,-0.9794937292974597,0.14571994934541171,-0.11399916665868229,0.12027918134999978,0.18005903738103185,0.017853972872260135,0.0
0.4151788874144575,0.25577320103070006,0.04494499988760712,0.10821796085421394,0.17158794912193787,0.8949689718082566,0.7641867335220239,-0.3021759901685724,-0.4245566734031696,-0.9891664084363171,0.16473944837895732,0.01196291095230223,0.006493574652758113,0.0008401529885903591,0.03298525724297298,0.0
0.27861305039041095,0.15690226782515135,0.0757308602950868,0.14645272587836286,0.29109709272701345,0.9262085711914327,0.647776297820208,-0.4022529444867771,-0.4681636735965279,-0.8618698707317136,-0.025121165454103977,0.02363325514354056,0.1247052182857076,-0.18437323329175143,0.08979587428262675,0.0
0.3345829074976937,0.1947780489296945,0.018229247537430757,0.25817514464574215,0.20947425130591732,0.8929469703774384,0.688285137539173,-0.3677243106193616,-0.5155487472879381,-0.9786266548379317,0.05849960375370354,-0.010043375101876435,0.1986170592585233,-0.19076002058628935,0.11310470480505382,0.0
0.32896867993480233,0.17378946828805553,0.015137559791275932,0.2433891700591151,0.151875418639298,0.8916406320826034,0.6942558922992047,-0.4101877189187476,-0.5159025307924022,-1.0238170746436563,0.013267400732328564,0.08540740218860474,-0.08309853630603234,-0.16747084278101124,-0.007938524101743921,0.0
0.34911993254385937,0.11740535810449812,0.14413777782092818,0.10464578171118746,0.25234943408572547,0.9138464224859347,0.6601455294353292,-0.260792665316637,-0.5642699704307527,-1.0511358471940702,-0.03702946536554032,0.01741786898081865,-0.14775541321090313,-0.1326916548033676,-0.10362515322684097,0.0
0.3981006455144232,0.1218641906750649,0.08707755357855052,0.1578241002574603,0.28967867810689146,0.8990588804370783,0.5617002964701894,-0.3895859790318896,-0.5292276672037147,-0.9842260315269724,0.14613795170718985,0.1999631680669565,-0.20187577279385618,-0.02648561858768181,0.08029133980852367,0.0
0.41806978956587815,0.22564899960514848,0.0546156938470868,0.1363134691327772,0.23211599481653203,0.8000808761017781,0.7308799829354368,-0.36120066508861326,-0.5864115124357909,-1.010429512272153,0.01733479644290134,0.17227506861394004,-0.2401245852568548,-0.12159582242880206,-0.06709883955379294,0.0
0.3369536891190303,0.16586225356258125,0.05452494756299193,0.19010398335812326,0.2795116610665904,0.9059737770562913,0.6066944190628865,-0.3910378344676153,-0.5617291847083502,-1.0127834659866144,-0.01751067465662182,0.049645740522959836,-0.23833972754143817,-0.002187380522587601,-0.04284329875528383,0.0
0.3334973627782867,0.07033408585438569,0.043782629912356666,0.3334999425321493,0.33013844655570457,0.8616725968710086,0.5563227292686759,-0.44603608702621644,-0.6595839652226484,-0.9904817989809465,-0.02099371192903809,0.1477984856790267,-0.2015317101744337,-0.062115264615865674,0.21124198246363146,0.0
0.3527949819458859,0.21094726006816744,0.029752965831174878,0.18690023566275202,0.25909917770261126,0.9204245509843266,0.6143292525266808,-0.4009143081243209,-0.6129780803805162,-1.031539404355949,-0.30068158374123893,0.13595299420241858,-0.35066052016671,-0.11769007522736985,0.2598931997863534,0.0
0.3464224866942949,0.05706410390768235,0.06324986598758556,0.19606579990598774,0.27880202449363,0.933083924202841,0.647305573584413,-0.4635268423500347,-0.620405997059566,-1.0374962691290652,-0.3541039402113133,0.22606372101228323,-0.19605062347783275,-0.08983039659251166,0.15361488572987467,0.0
0.3806405691122256,0.15891574389580507,0.03540317591248389,0.19954028924480294,0.2401096457506116,0.8915024088614604,0.752517597653526,-0.5647403293498919,-0.5878372579218283,-0.9941802429230743,-0.2883309806634272,0.292897446466147,-0.08760759599816166,-0.005728170088300566,0.045451374562909194,0.0
0.35285299525370906,0.12815496662353687,0.06958755002139834,0.14064727998203058,0.2937773034256739,0.8513158090514347,0.6214641448112953,-0.47581515762551735,-0.6802937199377221,-0.8593304733265842,-0.21385174454399625,0.11549879051547535,-0.0894597879360994,0.009413001411946568,0.034567250528696296,0.0
0.35995845564358103,0.21452817913249744,0.15114712953892862,0.25484231954782205,0.24003933471622163,0.8191893395464985,0.6151536149921208,-0.44879844017253406,-0.5919902079123506,-1.0285846925750328,-0.2938526571158502,0.077818849287332,-0.1544601868252405,-0.06984254569262363,0.09535618549565003,0.0
0.42781238425200796,0.11353314766417408,0.044311107813406164,0.206627888295098,0.17123310516427426,0.8498145729544527,0.6485266818636178,-0.5044275550952116,-0.6359702545364101,-0.9880723364073628,-0.1558401685081789,0.05919707070482021,-0.07636429237451495,0.02464027800896513,0.0864012763349373,0.0
0.3144504225786949,0.2040437932952659,0.05860013857891865,0.2634329643886493,0.21871947090237723,0.8555570872212536,0.5381972127936603,-0.4613072088412058,-0.6601229892161213,-0.9735882816108412,-0.22686099065301712,-0.013039578727830084,-0.26523933700365154,0.07487096223166456,0.020372333869900755,0.0
0.3560725485099247,0.16385391589674345,0.09614114187546793,0.2641416899729982,0.28707876506208757,0.8456912798440493,0.46408994065487913,-0.5389091621207078,-0.687814831471511,-0.981690616966097,-0.11322465087952752,-0.012800171753561015,-0.1843357849772794,0.2644563232085205,-0.09626406326122514,0.0
0.36302247215590366,0.25859963946212494,0.1469964310392647,0.2627347423714428,0.21250380633626406,0.9122644270075835,0.5736631026735569,-0.5935340150498107,-0.7973277538792385,-0.9845931296373817,0.05237879338348796,0.1091813841107992,-0.19518640519567435,0.05045237516889367,-0.2358439035612661,0.0
0.35409528831639797,0.26773233708060507,0.10971196008437259,0.30928257009521987,0.2909945435653932,0.7847485332928861,0.5015329683322078,-0.6224595129500682,-0.6754061196733903,-0.9593891707264923,-0.12308496509291272,0.14813913618405494,-0.18633122368676075,0.28894483141893695,-0.1965301063269569,0.0
0.25507200569684246,0.12232830425877138,0.0306836742273195,0.3115221099540266,0.31941158388439633,0.8717107331554521,0.5003874760738541,-0.5797084735461095,-0.7861261370260485,-1.0100126116219887,-0.028329335530938193,0.04870393197382002,-0.23318471069209445,0.2879008359903077,-0.12779579128994883,0.0
0.29698738597582774,0.21527816529030253,0.03850117365853131,0.20265428898640733,0.30561646982078033,0.7305305843666299,0.5812365298562124,-0.6323721687540217,-0.7290810564129605,-0.8950754359402004,-0.1291007456037058,-0.018519391714754634,-0.20000952932819863,0.182698873262708,-0.08307194779575962,0.0
0.3715541422507044,0.1271482436694657,0.06877005325555191,0.30080181968713243,0.1878407511781844,0.7845477484923715,0.4600828343048018,-0.6038311650609482,-0.8417022800643925,-0.9580330895172346,-0.1316626134571917,-0.03253817319924629,-0.31397500570767417,0.01196592001612673,-0.12989739964096994,0.0
0.38957611698296785,0.25740306947861463,0.08808831295195126,0.3254655149288809,0.15115968956835407,0.8380488727208135,0.47947740505266323,-0.6945197280588756,-0.8501962445711605,-0.891014411760384,-0.07711044524186622,0.068141810415843,-0.36700013355235706,0.015803556490833547,-0.11834462211384063,0.0
0.45651169411679615,0.24533864165868235,0.061769513734490876,0.2201143882829268,0.21152419360728852,0.8207880541070067,0.5012703138097501,-0.6234566952779748,-0.7397046674998692,-0.9413442993837061,0.0632387056744744,0.05216967870970618,-0.23587678149026245,0.11095039126839007,-0.04316823954421838,0.0
0.499700234446267,0.19881797207761465,0.08032986452520974,0.22212253030638482,0.19392494779608244,0.8767912311403908,0.45528361692972,-0.725672173109098,-0.7815958610190137,-1.013415605462568,-0.047821405748981693,0.17403118816069285,-0.04742184050888082,0.1984721004219288,-0.037821932312015166,0.0
0.3831798214836487,0.17032571002764646,0.029501385941697114,0.20491246263545024,0.22938344775219444,0.7636603386848362,0.49559904662390303,-0.6835927976360169,-0.7723159317506453,-1.0024750256914978,-0.1943448499393003,0.12511744619268947,-0.1121498423804354,0.31008141249764937,0.052613143281415795,0.0
0.3613908746841878,0.22225859563291658,0.039959665264694105,0.25813743628446256,0.3114410409047109,0.7980719467449264,0.47833678679065067,-0.6600726729988194,-0.7934006978098328,-0.9986669617648298,-0.10455103284410064,0.08580990169077932,-0.007088190004903544,0.2808705542836289,0.038715705874010305,0.0
0.4192405535890635,0.12733382865670678,0.02701619921342433,0.1860164964330679,0.25903723171176024,0.7733077902399259,0.3560367570084222,-0.6591457875990773,-0.7959535186438158,-1.0891071901240863,-0.1519732100735118,0.025537088934555585,0.000448863419201701,0.2178509165643702,0.011207585507892987,0.0
0.3669239756107256,0.2247228795029835,-0.01959294145381356,0.2628457075397756,0.1549898402359594,0.7897935097308273,0.48677530873372926,-0.680096044366896,-0.8484791480501599,-1.0024830837681242,-0.04574905078318611,-0.13392532063475998,-0.1840330842159615,0.06725909959415152,-0.012397799508473736,0.0
0.4275036089935048,0.1638876792381185,-0.028020495994807368,0.2589011971453829,0.29183561398665014,0.767750856986835,0.395224184726353,-0.7171973678575101,-0.9044173503036813,-0.9878770929752789,-0.04902039833923848,-0.24407710416813444,-0.13167731690909987,0.09876504809881073,-0.0597729705544437,0.0
0.4872027862091629,0.17943605970387835,0.051767022961750064,0.2568241181264093,0.26693217815785003,0.7138238622599447,0.4442298912280874,-0.7267426190904366,-0.8313769607975987,-0.9303979195986651,-0.027827299387608015,-0.17175582747567888,-0.05977948470581155,0.012636879280423646,-0.04929417377000085,0.0
0.45167256730119193,0.23295570588376033,0.12365907061907763,0.23772798313506427,0.28429259613338065,0.747148414763267,0.4757907584156217,-0.6851857742449788,-0.8762304670691182,-0.9716717600215217,0.09359229259740473,-0.059306003158152945,-0.05557512482462704,0.04039671505507367,-0.125829919271319,0.0
0.4608106451296056,0.14394737198154134,0.04324896251338178,0.260631211279764,0.27896126880794975,0.77716232203607,0.36436692436835033,-0.7064245512115072,-0.8453562441167968,-1.0183504115085502,0.10587804435771866,-0.15170921239056295,-0.023373711695081,0.2843050546771895,0.01960078536050204,0.0
0.32244046396722387,0.14947840685048303,0.07458406056879192,0.26408937471186006,0.2030931594387958,0.6571884672989479,0.437021440766192,-0.7077994697841661,-0.9391160618998674,-0.9694575342644316,0.09344908039243006,-0.1992046347916295,-0.07060286743634617,0.2818136247771174,0.20175204672400246,0.0
0.5327538693742616,0.09360482709646277,0.07042751077465971,0.2515958016998004,0.29086904389538815,0.7875664279390964,0.30820568070267945,-0.8041925903521648,-0.9992999801735868,-0.9978115875091835,0.09099448070909942,-0.14196272401631996,-0.0627751948359561,0.2500711958539459,0.07449690031955161,0.0
0.42085087828126194,0.31530715190486647,0.017346293245387952,0.26181474594319876,0.2499243641289667,0.7238023620698266,0.3284800052418859,-0.802155974223268,-0.8952234965863278,-0.9435414366098249,-0.09508450053259546,-0.06448969764715852,-0.20835459946218735,-0.044692152725601036,0.18474562873503775,0.0
0.45310545232790433,0.21754800103595967,0.11195937161405337,0.19021002795782815,0.23222221429208728,0.6015041300908048,0.29979861400681107,-0.7964720406936328,-0.8159537017383487,-0.9613554158558866,-0.09522752164742027,0.22981254563384518,-0.10503408574310344,-0.1215675444087671,0.10549008306010195,0.0
0.43549909654768015,0.15193105900698656,0.02414502155487913,0.3500123682836891,0.3702345938355571,0.7203407675683539,0.27609467098881735,-0.6585279149347085,-0.9307032529584057,-0.9063894423101434,-0.06920981749113433,0.2933942762312092,-0.12287969410165425,-0.15864305216433536,-0.020470708599482385,0.0
0.3641182110697152,0.11043724549558853,0.10213226569396197,0.3578162123283041,0.1110712025443221,0.6617763828528189,0.24455917689211473,-0.7485084429201483,-0.9598488524404273,-1.021890761906715,0.045531784833509496,0.16326408296861675,-0.030429013391360227,-0.18681691922061228,-0.10236261849771988,0.0
0.41501362549291726,0.22244398173165128,0.021662463090798695,0.2760542252210223,0.2513756122854248,0.6646183649408989,0.3145339286145473,-0.824356392445661,-0.9845941207081129,-0.9441457186996938,-0.03239723837866759,0.18041675304856042,-0.0265233866996516,-0.19715968284596297,-0.16587834952708413,0.0
0.43180998803701975,0.1929568518838807,0.05422840893798382,0.30238775529536943,0.3142797132592714,0.709941558775003,0.2981089947609727,-0.7695649009555316,-1.012838058280933,-0.8984161924317163,-0.32211397617306536,-0.020301997261666455,-0.08596468809373185,-0.24039510765375016,0.1448683885331609,0.0
0.43105209823444907,0.21946800375944986,0.07505313074104122,0.3086848938588552,0.16725980739232488,0.6930076451762055,0.29191067652276015,-0.7895505762380548,-0.8803534374851754,-0.8418519437817928,-0.15125684767195668,0.18307113222975704,0.05101451552720501,-0.12576242339582622,0.20065040048887883,0.0
0.4671046261341825,0.21411463469214234,0.07175629146450381,0.1937623498909152,0.22752868980181623,0.6853829618740381,0.15785874279678147,-0.8347330127814355,-0.9963508365474909,-0.8061891580789458,-0.058908129745466505,0.05967339955589276,0.1198769991692622,0.011882379954585992,0.14586941909229673,0.0
0.47202015349582266,0.22203198130801394,-0.0408032864940837,0.307036415404175,0.24459369286096844,0.6334873856646493,0.30436569783991596,-0.8819798151882748,-0.9570057388060708,-0.9337069367497408,0.013748261286318245,-0.039492608669559864,0.0945940945017031,0.05557088242359875,0.023677174325919065,0.0
0.4014423646914177,0.3028446810771701,0.0805029672642134,0.2594912635492511,0.3367092928627474,0.5675719026338586,0.27691672582846183,-0.7635540135841495,-0.964863045739508,-0.947259175077004,-0.0836858524773916,0.00786154805606341,0.26801964973756076,-0.12163456955068663,-0.10650600452321494,0.0
0.4204757887468174,0.30859047355604813,0.12536723125284832,0.1736267486733877,0.27154536651517147,0.5823023458269025,0.13661610873418198,-0.947180132862521,-0.9034252416224577,-0.9116231135390159,0.04462560832921375,0.07278272146054197,0.3052274521723888,-0.05696571474708241,0.012621317443747074,0.0
0.49408427311953634,0.22078165198516692,0.043485517461983265,0.22309102837882924,0.2640037724894669,0.5819244824454034,0.21933362793432234,-0.894553194755761,-0.8893645122293163,-0.857684805768692,0.027934419604391962,0.11234961063306129,0.18879028907876297,-0.02858478753161106,-0.28689428174870235,0.0
0.44516607458455737,0.08478950417537784,0.12961027244882237,0.3269079047868712,0.3543089166749462,0.7180009821850951,0.22184056133279426,-0.8313016857349109,-1.0117946650252108,-0.8717430111446927,0.02806351044247918,0.2235632175694015,0.1351819281732827,0.14630443031773205,-0.24017076977844487,0.0
0.4276241487492488,0.1777924070105444,0.048518705224501545,0.24831519916368586,0.27382101719370944,0.6739988181766903,0.1680027501779856,-0.8929364338915495,-0.9834807603287821,-0.792193735328698,-0.06306167203518798,0.26059006157892856,0.38960922433311307,0.015997933407053272,-0.06745237875888804,0.0
0.4365716147034167,0.11461245308100143,0.10111165605946633,0.28738588358172235,0.2727262330154312,0.6654231941086898,0.16557624995993722,-0.9143747426900943,-0.8985375798339882,-0.8614941526852261,-0.03250094236027305,0.19645157649078465,0.30479713654127244,-0.05317143667010951,0.03956234041268418,0.0
0.4667791087919085,0.18839114696048959,0.08406650453454217,0.41149847087212493,0.30507554067913356,0.5832154115120355,0.11826747287493475,-0.9622806348666086,-0.9300169317827816,-0.8365407529779082,0.0010932890825620968,0.06316651980319941,0.20701285429258093,0.05305323077364419,0.09210118889559134,0.0
0.46808937318274796,0.17357092320226652,0.06274524444712036,0.3258900545159703,0.2947024624358796,0.6500435603226922,0.1202487197447198,-0.9795774128646162,-1.1168287851534302,-0.8313954649961104,-0.0053401071951025385,0.008911672124665787,-0.16893500398688535,-0.08123033478941252,0.26480586070400497,0.0
0.41124202242742686,0.194557634553796,0.07865211615764664,0.2842438982863414,0.23892084960337,0.5803888934660657,0.20744048227234652,-0.9654346163465987,-1.065373806623038,-0.7554304536139889,-0.03996778374170957,0.10457389358040256,-0.10698062789405449,-0.13845599451063334,0.19037531433414018,0.0
0.48489549231036444,0.21954037896478246,0.07831568795053181,0.3914686460454243,0.2696981734818627,0.48627875844825696,0.06536697995891712,-0.8925037622435061,-0.9877647820253799,-0.7712500356160104,0.07980298804043806,0.01066660887883221,-0.20622398847813078,-0.14738425517151485,0.19884862734843603,0.0
0.44169359753175086,0.1863085863517434,0.036902831382600025,0.20500599648257356,0.27393029940745967,0.6852891671358802,0.005955004485278331,-0.9158079514955246,-1.0723159534158742,-0.8110552137440059,-0.019673385847018082,-0.14033692515402868,-0.11304825704367438,-0.09984297118536217,0.05390858400447722,0.0
0.38077194329862857,0.23667473294837515,0.12736575937478511,0.24388677778236742,0.34413580120079396,0.5151424696679772,0.08996224165187743,-0.9099840088041393,-1.0454072811818562,-0.7527931094216324,-0.15492212560402321,-0.13305793414199613,-0.015479098994721066,-0.06759397157524151,0.10291685496703214,0.0
0.4040322216949281,0.19289947830060108,0.04909588274489876,0.1916363911682364,0.2757228085227544,0.49107429036082206,0.12700421967339204,-0.8543244844183245,-1.071655309657958,-0.7520991510736639,-0.22114478481719368,-0.1447455750274324,0.010833423095009245,0.14674816699827234,0.08873648803693837,0.0
0.46206759648344387,0.30960369030179263,0.10052129674013494,0.24915866354019514,0.24084785572287515,0.6130796769392179,0.03416711396605772,-0.9313148180307211,-0.9788435672591828,-0.7383007047756095,-0.028064136643786763,-0.10252954762853402,0.2391454983977876,0.16488841853129432,-0.06407435989528924,0.0
0.4629475627484304,0.20518839088518842,0.1650229574679463,0.24617595111276014,0.32972052781800276,0.5123175192697152,-0.0004757313565825136,-0.9739105074295096,-1.0022927233351986,-0.7137269330845654,-0.03042499248985977,-0.0284065781141983,0.08550659137909948,0.15182633658568645,-0.13069319602206106,0.0
0.4220909959629382,0.3036724903336673,0.09059979873235494,0.28245802058418057,0.2531468594916538,0.6063184107715861,-0.07678017485406796,-1.006659716836976,-1.0819496183125437,-0.6431567301655892,-0.09751819676544612,0.19043237396848967,0.021018262939749566,-0.09792874794616313,-0.15214568225286257,0.0
0.5279766003486577,0.20444442387729772,0.06962858759726413,0.27131659831860583,0.2522240280902976,0.5694204251639216,0.0204966011200904,-0.8814076391266468,-0.9610248156298516,-0.7963089712842125,-0.12560800246581474,0.29515521156456687,-0.04354821490518607,-0.014930182369496142,-0.1299645850732666,0.0
0.45974280173289095,0.1648654712974338,0.013768345791755357,0.3031642468150698,0.34004787640023526,0.534348800762371,0.009801909851288662,-0.9827962407852316,-1.0079674495485962,-0.7772075934753915,-0.11221246439162785,0.22278415656897027,0.036566655358681185,-0.08760980736009044,0.0009261371341364871,0.0
0.4076391964230832,0.2950363995075981,0.03367629485365772,0.2988775791367971,0.2977667434929476,0.5082532050131477,0.046330894142068785,-0.9387489555915124,-1.044230433779412,-0.6857229088015057,-0.048118497190502645,0.04410262446170825,0.16097916725248415,-0.24352467722373605,0.09757109312167896,0.0
0.32007112867064,0.22137060742831743,0.053014796170989364,0.36830087024046376,0.265595465096915,0.5800240616824343,0.04051705526343086,-1.0444108297523025,-0.9258389419414783,-0.7098512369364217,-0.04885792568391914,0.08092718465635647,0.13323406691030748,-0.2554794923510745,-0.25022936449983807,0.0
0.39260456850510683,0.20375762608011666,0.03526358697059137,0.31966720873765364,0.30434085432196767,0.4666327464302643,-0.08858643370240915,-0.9452117806160939,-1.0667374635188616,-0.6958078324027545,0.13253447869075335,-0.035491935113851236,-0.03858265405021992,-0.21869571012619354,-0.2337214829002135,0.0
0.4479970631985296,0.23261251879790681,0.09064354719373506,0.3362771673741477,0.28545441679930117,0.39755854810793373,-0.07361183330980468,-1.0599470594614886,-1.032969353798861,-0.7641519303737825,0.2359412046359653,-0.0391413120497625,0.021082807068396617,-0.12597641506866492,0.044230485140183934,0.0
0.41031381570795034,0.16659803537948872,0.06297295847671722,0.2682078681459339,0.2569811518947092,0.479584750684022,0.005817638316412271,-0.9479764480234568,-1.0508748325405077,-0.669570656202252,0.2120664888735413,-0.25911531945405386,-0.06651705402805658,-0.06863251561486486,-0.02420519416238434,0.0
0.4292111683341994,0.19048272662800825,0.1391073492170774,0.24407139563703834,0.2681978460436856,0.45549610909843874,0.009753836665159984,-1.0540505495882293,-0.9322959764186639,-0.6710910976351887,0.173366561628154,-0.24790193698449225,0.010295415748952937,0.1157814080678838,-0.1809798598828932,0.0
0.4729259814019103,0.11961914628190437,0.08811691563038623,0.23874630792827584,0.29064433288715397,0.5157535217290564,-0.02783524889545077,-1.0551094999967507,-0.9515529429397388,-0.6765952953067794,0.03994588468526247,-0.018643138241557528,-0.05658418586007906,-0.033818251421024306,-0.14926933989280025,0.0
0.4438974834429196,0.25226713503585785,0.05478573233217479,0.2863922991063071,0.35754413162310733,0.513435515343884,-0.19450000248833427,-1.1228922609118426,-0.9449044484196395,-0.6480956737382545,0.04442969528673707,-0.1055056760389347,0.12351762354179247,-0.001376797130777964,-0.11443307474744292,0.0
0.5346159732828141,0.10484845862990039,0.18651204095603058,0.3776013797514426,0.3223320338623188,0.4105570119336585,-0.07020587386000465,-0.9123907733044084,-0.9587345645777653,-0.6053438598506117,0.1571896737143152,-0.023096714132714982,0.17905702138301788,0.08182687628273547,-0.04451388273164729,0.0
0.45101868279458945,0.2246173615673059,0.21771906828062185,0.29321604915841376,0.25415113133510436,0.41506707779398294,-0.07745057004403309,-0.9861358443730425,-1.0418411343961824,-0.511617917496177,0.1552655716072057,0.07888995400502329,0.11320783573582303,0.0659086513725248,0.02932772031697442,0.0
0.5205614443091955,0.1950924619868682,0.025322145673085772,0.36470402350970693,0.2722292047555908,0.44869557404506105,-0.07977885215840169,-1.0011213619914725,-0.9401188671393415,-0.5673446662389466,0.13007073203141234,0.09437908054632249,0.06276283843657104,0.20306414307605636,0.00062570810847783,0.0
0.5704809963888089,0.1673490402138343,0.08887198401519907,0.2077426772236533,0.26835055940169167,0.38368100730855187,-0.1275704347716296,-0.9793257918962226,-1.0838986229987586,-0.5861398275126367,0.10756343526863316,-0.0019584279955728104,-0.020177736458268987,0.21829013367997654,0.07555184136076197,0.0
0.3955497841268605,0.2426730294351154,0.17174478660640807,0.32006965703071505,0.3313602785233813,0.4053008568091345,-0.09795062407775339,-1.0140333800682457,-1.0533575610087946,-0.6097541136593172,0.13414244929566446,0.03239005411655704,0.0811535385311954,0.1685945146023254,0.10516544232326319,0.0
0.4464792490080541,0.16148818489464664,0.14983463514737833,0.31708989135069227,0.3718404870027874,0.3879086201315476,-0.11732821952688838,-1.0743014296230728,-1.0055218115546432,-0.5532026924876702,0.0633798418432234,-0.1019214029371805,-0.10032219406142599,0.20406597366862017,0.12332246692999674,0.0
0.44297071923364895,0.23261088200370555,0.09776916894756613,0.17662201387089846,0.23973647595875264,0.46339423788431167,-0.1538948720428689,-1.0313898775280077,-0.8394498105470377,-0.46058803343464466,0.055983584397655516,0.057841906615676564,-0.10581261509006351,0.19057415547252762,0.2169847304916367,0.0
0.4008239285709419,0.2297126441638422,0.16384573162753424,0.2965538564950123,0.3152770342453981,0.38603122616978686,-0.24165344138922412,-0.9471827990188626,-0.9399646634539682,-0.4674882064510745,-0.057022137218411435,-0.09783885967718645,0.10633015529491102,0.18111430017284055,0.14316765716444288,0.0
0.49676096066290093,0.22120714791124269,0.05137284607144057,0.3561988308002173,0.30284648503069983,0.37517505053908357,-0.15868892979210028,-0.9318113184790744,-0.9486152764751559,-0.5436910179232446,-0.15063426287304907,-0.06202007199027773,0.09544731188723476,0.13015857348142426,0.20590679952190485,0.0
0.4879791102054967,0.2203506491371925,0.1460902930967165,0.2719348148620222,0.3269611676077609,0.39208526242853003,-0.2827412221439944,-1.0178379378052593,-0.9744425360313989,-0.5439033602779832,-0.32320294791902093,-0.03021959141199785,0.11829241350977465,0.018790833889957434,0.2799397407970774,0.0
0.5288338485337838,0.16943942918825478,0.04193055173776955,0.3444827923484374,0.3687976988162674,0.4839764131212986,-0.27063366725546334,-1.0266855984995995,-0.9366299464302754,-0.43305570608828026,-0.15946124762096675,0.1442778591577271,0.14520288622301195,0.053747507071258395,0.01872274515773434,0.0
0.4363229520862731,0.2500765752437679,0.08031756339731533,0.320944482183128,0.2386402450513464,0.3208753608237292,-0.21309570387263127,-1.109975443873815,-0.9352160682158187,-0.5124527670682621,-0.1297955230063042,0.04183460059160088,0.026858630829171448,-0.10153126299775198,0.07460274734731022,0.0
0.4749286934774167,0.1898505105885227,0.10378557032553705,0.37331055628965715,0.37699478283355176,0.2887307408076965,-0.19846305269237244,-1.0910843004685131,-0.8955534355316312,-0.4802378742759488,-0.180638775243451,0.06998199783222286,0.09706517949614135,0.061156024787363816,-0.00959851963759667,0.0
0.46475935408924396,0.19514138849633617,0.14332540849761513,0.3122773930989352,0.2691131055048891,0.3838833692798628,-0.35260277308024,-0.984669543645988,-0.9376445641481266,-0.4863131993440839,-0.15166918211232855,0.234792460130399,0.20490460191508725,-0.04926188606069169,-0.04929227966529807,0.0
0.4334358480438226,0.21593412585232688,0.11330942264992808,0.27863397928803374,0.2482877666585218,0.2814058414297682,-0.3752474848020734,-0.9372985325136323,-0.95808611027207,-0.44238946800174705,-0.06876391402058823,0.08543000835310273,0.08825387682207335,-0.10113511747981205,-0.01846600736906596,0.0
0.5468037834992758,0.20597429327057115,0.1362258865086734,0.24498745127607002,0.3663284452727776,0.2943626119176975,-0.2392474390088133,-0.8974586614174417,-0.9202067254196187,-0.4326372581852475,-0.289129154701701,-0.08959448027232267,0.10474699369263443,-0.09220871844030615,-0.26679523052326914,0.0
0.5699346292397172,0.19317195357227973,0.09641033847610159,0.3350114648748853,0.27046651779437303,0.29626694130703723,-0.30193369688138205,-1.0205636413698622,-0.7824127923997246,-0.3003769497755735,-0.34877882872742394,0.07961319341874239,0.044110711532006346,-0.20805636733459304,-0.1788267608910394,0.0
0.5633004384558296,0.33254620726206613,0.1219390549550321,0.4128769471797575,0.3323370644661623,0.28459473174406436,-0.34698076708383335,-0.8317408342120898,-0.8752792530154967,-0.3654976479343706,-0.5069503912886473,-0.15672096529349797,-0.08482420489614534,0.0013600563166782653,-0.08408386186594934,0.0
0.4480148686426811,0.23851866387938425,0.2371560374881625,0.27336702184884504,0.290200416417378,0.3037715519173696,-0.30071038013491186,-0.9264371405921445,-0.8451179527156426,-0.3568402474802912,-0.4710347155201538,0.037548618763929134,0.01782213471107867,-0.02215143995581773,0.031854642967577174,0.0
0.469155180157008,0.20317089847350434,0.09283394241470519,0.30965982565280764,0.3198949830048895,0.33876445067954297,-0.26574272095774626,-1.0088060724148922,-0.9110992296131422,-0.36448063216578247,-0.3284189835959711,0.047161499268715046,0.0925781814358016,-0.08480244733024334,-0.11192418620950813,0.0
0.4871221637077691,0.17254736537299903,0.09816759057538334,0.22758606165770745,0.27177827729824344,0.3234623742470397,-0.29047574616604843,-0.9345987841044432,-0.948586631494894,-0.19411583567710047,-0.23319000764640635,0.13159170758694771,0.3037748067581536,0.13701712234626795,-0.08999818294467067,0.0
0.4671269440591851,0.21243639589653315,0.15172335033744414,0.33821306910480103,0.2822545327922171,0.18758147993531207,-0.2988879402005174,-0.9528207818242747,-0.9388621266472221,-0.3326674488666547,-0.12313392353694091,0.054615623653598115,0.1309281396797614,0.25345802619955576,-0.09632548008811972,0.0
0.48851899124381637,0.23881971804694757,0.17052579214981062,0.3262930469251659,0.29017975312162303,0.24749220430373045,-0.49634575232810174,-0.90126503726132,-0.8078394979134076,-0.33820126540844775,-0.1193000988683848,0.1245445650574499,0.12383949575332247,0.23332162177436894,0.16265755743519955,0.0
0.5804037175547289,0.22214652346123256,0.17721301895085073,0.38959108215139593,0.33370917196682404,0.15355186336077525,-0.45995898785043976,-0.906633223920295,-0.6917635440254041,-0.3565615874012449,0.03461545817612005,0.03208330126060607,-0.013160650289679748,0.17302959681788854,0.12068141023693965,0.0
0.5108449308952124,0.23771196211282,0.2154919320340219,0.2739500596966134,0.33319239430226744,0.26758959726019793,-0.3776056174212835,-0.9167950701011819,-0.7716229831946159,-0.31124610520544976,-0.05854666730748895,0.1902911985611945,-0.25655603210589256,0.06833487845856062,0.2316765805944983,0.0
0.46951371399888236,0.1874191615776224,0.10973976451089741,0.2543362539264695,0.30317496721006604,0.2060567256671915,-0.35398949978525174,-1.0454917178931107,-0.8241466537008258,-0.2338534514941713,-0.05146973233631127,0.1986247589720997,-0.04360678992727138,0.07466147636567957,0.12205478318886749,0.0
0.5541377861780625,0.20076517508303812,0.04023541403450592,0.3199704051162293,0.31018654189563155,0.14570720473122017,-0.5065000732996164,-0.9298348281759187,-0.7984631723961355,-0.23996903159699765,-0.12256752117907038,0.0277540171610125,-0.11919428377349552,-0.044602455807952926,0.13316036297171338,0.0
0.5309112908651382,0.2062111497116384,0.05657593478385668,0.4220931661805414,0.3471767198996175,0.24095246437397969,-0.4382786187935259,-0.9877120825538663,-0.8492978205654995,-0.18960218653684574,-0.18643352980623173,0.22032337195958027,-0.24206411396791114,0.09181003612263047,0.07392687259917731,0.0
0.4759072858021881,0.1771501194516408,0.13575129637396527,0.3362952952645414,0.43423031085726427,0.21559242013840987,-0.4021704063859203,-0.897941978380453,-0.6672138766656048,-0.11366596847042831,-0.1723298546996726,0.12284736141135294,-0.3581346672528319,0.025853249044985552,0.019355039337239227,0.0
0.47595069059167155,0.20820623775733402,0.1516769239450655,0.29004367117563346,0.36539611025222174,0.2616693744614147,-0.5362165250674065,-0.8849138001521515,-0.7890162509480529,-0.24280093277898407,0.006342656981658618,0.07558239125711569,-0.30036845701994197,0.05567664746086781,-0.140926646947483,0.0
0.47231537517434485,0.2636551575924836,0.12744464245044587,0.3907343984419053,0.2763946751818228,0.1704138998989569,-0.4414084772459223,-0.898207912966406,-0.7510687639998175,-0.23477288386042383,-0.12537059613013593,0.04626691964419364,-0.26347720050308227,0.022324137660284828,-0.1036400262563945,0.0
0.5844630114268281,0.2277334996977495,0.08545899046372019,0.3021047566962992,0.23308112909286605,0.17690589742845703,-0.49878155140798824,-0.969587146115388,-0.6725376447847348,-0.14276069181585954,-0.08462789861302743,0.23213835156377866,-0.1425487067484796,0.08908553897573285,-0.08427182700457549,0.0
0.5384594748233347,0.2756742618122256,0.12498740534220736,0.2927233560317434,0.3385995875816086,0.11084012364097894,-0.4008665093325848,-0.8879551418135871,-0.7380860545460884,-0.065278333507102,-0.13950454349766817,0.11522620982200496,-0.12765914262525285,0.09493658456610535,-0.08649859136034609,0.0
0.5238026060527171,0.32320734838279874,0.18007175526833816,0.3389126339850898,0.3875648692659931,0.2292891438686472,-0.5335699994454528,-0.9154720203679496,-0.6151253524004303,-0.05614177648464977,-0.02154645519067927,0.022674795085108078,-0.17038642372694646,0.17386155836421316,-0.1780202563627492,0.0
0.5373322253861516,0.175319712102821,0.1281148003401093,0.2748928678561622,0.35122640065969607,0.16829722441380487,-0.505187160292756,-0.9762538960184908,-0.6640465363730478,-0.02671878503848253,0.05034567815752465,0.2362718963689771,-0.3794720925566786,0.33059715204047846,-0.27066801668093465,0.0
0.5506387821222393,0.29449448855128085,0.16349578685252927,0.2904874883360666,0.35569986071502263,0.022277735504106222,-0.5186138115340583,-0.8076205275846057,-0.6993001609991806,-0.06241281738737977,-0.13581473594146257,0.10982491109096904,-0.3153380043959409,0.4230667837841473,-0.24753568365253875,0.0
0.5953171903928373,0.2728110004113396,0.15711299710084417,0.29983398597737343,0.25084541559955176,0.0784299232317793,-0.616505836804979,-0.9560363902134931,-0.671018256113016,-0.06164820664029434,0.0026686143661798084,0.19084196657739055,-0.3826754212529638,0.39895159963087445,-0.3682151854310002,0.0
0.5298167703355031,0.1927067694099584,0.13079589341131467,0.43491053461050566,0.2804323899917255,0.1703940489720217,-0.55545947869078,-0.9254236603406084,-0.6359675318225204,-0.013681093862560043,-0.06435583539569609,0.1423475231058744,-0.16857095406659311,0.3483992003794405,-0.47933861556626695,0.0
0.5293549096644539,0.2916109871585665,0.09761062218616187,0.3478792607829752,0.31895069642282564,0.1470854012362075,-0.5267377684398034,-0.7916526498508099,-0.6899191116635908,-0.08777395266670421,0.002310881625301485,0.03465046820254107,-0.004746652648097746,0.32324923295620855,-0.3165119392167872,0.0
0.5874492765120815,0.216730764427106,0.2304088111999296,0.2665505428129252,0.3653382033293645,0.03205091119227305,-0.6818069321776535,-0.8458655368825501,-0.5421523782624064,-0.08981949418876678,-0.06008337664992576,0.14169114433909763,-0.17283132648220778,0.40602564403584473,-0.15083659252706844,0.0
0.5660680776723884,0.14372738255762674,0.12566258115774082,0.44703086927747493,0.2790008817074504,0.029779354051223537,-0.5625339347364142,-0.8730623146371115,-0.5473882228731087,-0.10135838714762004,0.11070937350976232,-0.03977261504059644,-0.2310634247228628,0.42322456964729716,-0.17013580088743457,0.0
0.5854929046328954,0.19774430752772165,0.1697906504544618,0.2949423269465159,0.3909112066563763,-0.07226920422032325,-0.5498165997562403,-0.8002090537503166,-0.5879328524104621,-0.04143982519858445,-0.04747120597358205,0.052852398580944364,-0.2512711876500574,0.5009585262321674,-0.15690231578520458,0.0
0.5301345309051749,0.2554341148023286,0.15153287946885116,0.3845913684232027,0.2809428519514696,-0.05286770731862017,-0.6485216301155239,-0.8120390731957031,-0.5042114366587082,0.10974239687952583,0.11486967155845851,0.17929971732182612,-0.2565033562820713,0.5139133780092411,-0.13558851083408377,0.0
0.5348812115674553,0.15447384396327707,0.18615448560932152,0.3288093022645276,0.25808584073507146,0.011033974625195894,-0.7220419728939468,-0.8069047272623082,-0.5047783622376493,0.04122814584689969,0.07339946014662037,0.11029732564726437,-0.13181527711712587,0.3037329850567316,-0.32193642330299277,0.0
0.5420984359059494,0.26019145497683005,0.1312533722152766,0.3939206187241551,0.35589608149032603,0.06629219750028204,-0.5811714519320355,-0.7916474916412969,-0.5296896824620463,0.08745261328211472,-0.028042432640278468,0.05369233221491091,-0.21974124695005137,0.3920061948051795,-0.13599609317309566,0.0
0.5305984032548507,0.20268419459077455,0.15070976859560625,0.3854236786053359,0.3305716773253345,0.07290552593702274,-0.6300698318408646,-0.7935271453083503,-0.5043744846411131,0.17307952023941817,-0.06977244318601987,0.20614925282648217,-0.07076191485902394,0.324702259859839,0.03445653338259615,0.0
0.6441357820708035,0.23425453468165544,0.19764242407740992,0.34665476523762145,0.3064940340216913,0.06435683404863692,-0.6339473458914763,-0.8138958164095755,-0.5340079862867502,0.022192940190117555,0.11257302655197315,0.05365160810480117,0.08310126469855178,0.371082215582301,0.1158666486359121,0.0
0.490274549778049,0.2232296811842489,0.16195766391686195,0.252493922740921,0.391461551773705,-0.02303230458705472,-0.6412865588845006,-0.7200015233245983,-0.5661371691718026,0.059309416277833094,0.22248870987007888,-0.05074483844508756,-0.04972949331208372,0.16517575391638772,0.07922057698796724,0.0
0.532461439837815,0.2807756879732967,0.23964155889371286,0.3050333057169316,0.36040794920368824,-0.04208520990333894,-0.6742681195936074,-0.7661104164351853,-0.5507414047852511,0.04787372093130703,0.022932638124638943,-0.050568810328878874,-0.04765063880826876,0.09143774134716041,-0.0038908344432476843,0.0
0.6875174629681428,0.19364801018770572,0.08939373756436694,0.35264652335864355,0.2755755281721978,-0.09665692936858486,-0.6538411933019387,-0.7469966365198795,-0.4908704993135546,0.1398553136104354,0.09503642441462008,0.017190420002915714,-0.1488520922632755,0.18331769776450368,-0.021543855806562276,0.0
0.5372411219846605,0.2267280126969535,0.17244679829754203,0.31624394996515304,0.3618342960694705,-0.11627881898867441,-0.7520424945024304,-0.6635595341946515,-0.5430318379974272,0.13472443262026332,0.0178241484649012,0.03169933758095351,-0.2372849146066591,0.15927444333608165,0.10634736233529438,0.0
0.5414898584519321,0.2521078403583603,0.06724237581636015,0.3847280098725469,0.4221657769184483,-0.06575400212399343,-0.6914619079752534,-0.7387462707619362,-0.4613882581598644,0.06976625080874138,-0.19328982748878043,0.13472021811546286,-0.1659842481002352,0.21543407033467432,0.022913769252941703,0.0
0.6379878418835931,0.19099064295031157,0.10648333268261997,0.311526512012031,0.2905747095546165,-0.04882494429693227,-0.7152791484917254,-0.7408427972498969,-0.4871909915222561,0.1855657884179926,-0.3433618650616405,0.03564780694635973,-0.1265104952036034,0.2001696656824401,-0.05205689037807516,0.0
0.5614812383930831,0.23731866817657793,0.12610129873953924,0.36221700217859953,0.3847786002850965,0.05186033485227998,-0.6856129915672787,-0.6877712098361544,-0.43080169357136605,0.1372853006089778,-0.26429430344367455,0.07218225666313642,-0.10823313193295564,0.2450624152530479,0.20410016764313577,0.0
0.5342733124628952,0.19502366376480507,0.1593358056577575,0.34636882915643863,0.3622021590119013,-0.06859692965422773,-0.7352785940595272,-0.7438876617238731,-0.341824106383579,0.1674257972919917,-0.14731866769359248,0.27248227466662933,-0.05117684078458524,0.22677895553960314,0.04758684993253742,0.0
0.5085892792801315,0.2702519297040068,0.18565946290219618,0.44725760546521276,0.3580632478188171,-0.09497206187870542,-0.7571953496019411,-0.642632750637378,-0.35540371856583786,0.3106848741928538,-0.18036209323546576,0.40273510246714034,-0.043608489845415654,-0.02179815861541823,0.2249944116889945,0.0
0.5778936726252997,0.21747525454681346,0.1655778728164483,0.37795233343323065,0.29076901211659484,-0.05738444978343126,-0.7752563383279395,-0.6476585341363622,-0.3989795305720072,0.21011456574167134,-0.014665285738881234,0.29850542466847746,-0.06671252360558871,-0.05802262745249927,0.2520303975630013,0.0
0.4765925001861623,0.25645189765803994,0.2092360930522986,0.3715557239411125,0.2847170956663147,-0.09857044617366639,-0.7277532848257092,-0.6813540492935996,-0.38980599467243926,0.26603003918206336,0.12720273958393985,0.04399692338183081,-0.1223156969362932,-0.09772361880715888,0.2395750495448386,0.0
0.5126052425197264,0.25858896298363937,0.17530849080737562,0.40370971100469377,0.30577340586786395,-0.21477936653162816,-0.6486929653183529,-0.6961907432096844,-0.35589957951620316,0.29064943026453177,0.04696055499338871,0.09364464333759576,-0.0970099472876635,-0.18205377206069365,0.06102940131321144,0.0
0.6491056033729073,0.28200587186573994,0.12863397004040825,0.3694049933600889,0.27723738947387205,-0.19118724426391898,-0.82707243041202,-0.6165883931997524,-0.29161337916743757,0.19809119043705087,0.11614544459929102,-0.014108999073814757,-0.18832423826284223,-0.1982000623891322,-0.026798145679451955,0.0
0.45161508187068633,0.14050372374709202,0.04543328722718773,0.39300303905860295,0.28598034108729287,-0.1910031344228147,-0.770463611580345,-0.5920014093541408,-0.3612728092574544,0.26158437343298174,0.24596670630263773,0.07925799558018545,-0.275413686316644,-0.2395063087081638,0.006294042416381568,0.0
0.49261703077560737,0.25707019932552183,0.16043479931378737,0.3410252101305121,0.34998312047007274,-0.19089975493942263,-0.6493824261316687,-0.5840931927191558,-0.2942970132336647,0.3937703777617934,0.20928685373613976,-0.1630496825862933,-0.18537929469071515,-0.18321962852167817,-0.23298628196339935,0.0
0.5760403729605946,0.19634770742522129,0.18084611521355404,0.3638676451372003,0.33326079617736204,-0.0997237273346553,-0.8082543214364172,-0.6356378049426082,-0.2704731332827064,0.29438305779746426,0.21459773855911793,-0.0718524801261344,-0.10340071351098729,-0.157630111346363,-0.1529132349015852,0.0
0.5075539457859574,0.25305861166895244,0.09495883023208891,0.40365805609115685,0.37340045028621854,-0.1645323753658357,-0.8574427891451093,-0.615583387012853,-0.2296001354685761,0.3320466585446683,0.23216800651151176,-0.008601427468541784,0.12425111506850858,-0.0997344341471279,-0.13759143540168975,0.0
0.5563505813227926,0.3081683521973611,0.10154973261833261,0.36415630200901694,0.4001197019018983,-0.2063155715203804,-0.8357127311870589,-0.5196585636986872,-0.26102135005189847,0.33518859106324866,0.0921254942758496,0.13003193696349413,-0.013000284390017214,-0.18025049658528672,-0.0728180020561223,0.0
0.5246061163983502,0.23396518940818045,0.044086325487453296,0.2921835958489988,0.3571720335987862,-0.26663315282217404,-0.8022879773586848,-0.4683940731601993,-0.21396818431407033,0.4214608738643738,0.01279400602580115,0.18825339636561217,0.057265339643666605,-0.12977400294765137,-0.03800406849178984,0.0
0.6016912961588078,0.2150146429723117,0.189882605505404,0.36460634343246917,0.3350093108761104,-0.19115030736749683,-0.8385092058189504,-0.48493548132538866,-0.19760211770655606,0.36917317665936544,0.033659849262727096,-0.02716641356801748,0.12738483153016816,-0.016875109666430993,-0.016214115232789823,0.0
0.49459819112590436,0.21391584972932953,0.11305265875275786,0.26841326538586324,0.30994204354151617,-0.27142172356682415,-0.8317703938820104,-0.5738499438024214,-0.17940873969274077,0.45755315905062965,0.09721636422607259,-0.09852834205261245,0.11227403130141718,0.0692617130047541,0.036589417855707664,0.0
0.4432576404292976,0.3190012947422111,0.2526635118272583,0.39243784168935336,0.37866641318400596,-0.3051057168916611,-0.8103783760710875,-0.4688859706206263,-0.16010636509798973,0.3587254741115711,-0.1362230868159448,-0.08081812535939115,0.1539234597129604,0.18069629263534912,-0.013476143237622487,0.0
0.5230650747818276,0.24077403767482503,0.2296231278416434,0.3125347634077875,0.33370010354412943,-0.2765733517208692,-0.8020580642145904,-0.4702544909961113,-0.15016142991863302,0.4196128836008893,-0.23407262391896438,-0.14052029500571195,0.2915641297024065,0.29832771789143026,0.11331700508094567,0.0
0.5979327891203996,0.3076741886973782,0.1599569489656529,0.3359717360059705,0.2969287193850685,-0.22713616898278813,-0.9381462030941493,-0.5247070039357687,-0.010383244776615827,0.4965420661961235,-0.23684737474579656,-0.020523037025157703,0.14717457803744494,0.30054262631287637,0.17611613593436917,0.0
0.5782117221265825,0.2781053741978497,0.13576426675545508,0.3136294696330836,0.4371272854087999,-0.19300944893928446,-0.8199094942428028,-0.4666516905812117,-0.12516004136876205,0.4823052924447647,-0.0069841542770386345,0.016880291412557567,0.099618237312848,0.19917477745613077,0.045453086460757325,0.0
0.5653565040067341,0.31203959602405534,0.1776990494132445,0.36487713072628425,0.42102620239344096,-0.2797390107512401,-0.9086964421961361,-0.4613574954135997,-0.1328397888910463,0.4162793309335635,0.09138304214935584,-0.01754187309218199,0.07260437755766541,0.13023946529540922,0.2847109126661026,0.0
0.5749203508003772,0.24463130916757336,0.21644134234528017,0.3352561913024899,0.33601544070127637,-0.32268023494085474,-0.9586543761217418,-0.43320632328163355,-0.03132618552262058,0.5041277699477089,-0.07732646721849763,-0.058511746035726876,-0.07556947865599312,0.2058576839748063,0.13745972727907121,0.0
0.6202136028138163,0.26078744595852593,0.11394962689497509,0.2994789127572119,0.4091333867131366,-0.31845851916021634,-0.81235145170201,-0.3816014497075289,-0.050352018488912895,0.5204812400612971,-0.12002915881964099,0.15682839097135035,-0.0555970513645023,0.06271955893923273,0.218269240610744,0.0
0.6584201249498319,0.18547332009162087,0.11830552942417863,0.2783397182482406,0.3446086038774431,-0.24864815810439914,-0.8885124919341888,-0.3722945119208305,0.014005932204375661,0.48980341021516666,-0.09959325725715318,-0.0180006877751408,-0.17427673701837976,-0.06988478972337286,0.17072522397102805,0.0
0.496456768404016,0.31054574134213686,0.14281979240206,0.36346772709732467,0.32644154690084337,-0.3461122890883206,-0.9563437295474828,-0.31384562491366497,-0.01147767778119174,0.5737602837653853,-0.12109724823609835,-0.07531883937866585,-0.09439220650878533,-0.17033896640890842,0.12362209700411292,0.0
0.5524151068772352,0.3261943927034738,0.1815257202891668,0.3658956318786656,0.3756059743597968,-0.30896080183101426,-0.9194826858276967,-0.39644887278641655,-0.060412060000999364,0.5720380898740733,-0.13790657022094338,-0.05002639133894062,-0.05351178316503405,3.3515486187934984e-05,0.16897212133514672,0.0
0.6030363538594772,0.2570583893232363,0.19193403998401465,0.3959446876850176,0.31953345743039435,-0.3378357104164006,-0.9212836024196097,-0.4088345997186814,0.01021056070079083,0.5408868085328647,-0.19678444651706728,-0.04944533091382497,-0.014281964797668995,0.12181776025911789,0.21305672955028582,0.0
0.6522094996258929,0.23294428393713346,0.22383355580074143,0.4237613627495092,0.36255647497120375,-0.3213436349483542,-0.9145554653498377,-0.3756759456118467,-0.020788943993805237,0.5637984606411804,-0.21780833095659702,-0.0012885910504847747,-0.02407449228191652,0.16791545751187645,0.08679420294574733,0.0
0.5366601228639856,0.3057358143080362,0.22519761716501485,0.3295064283168934,0.33449204677986427,-0.3150505062303076,-1.010738690144464,-0.33894222197853124,0.05516177378144176,0.5557848740259396,-0.12748181074284703,-0.07652612774439317,0.13919900833232013,0.1547981951262738,-0.007705396410736989,0.0
0.5382093136692091,0.3056717855696033,0.18794002117101954,0.3072222393829202,0.40223521224769365,-0.2894562327851805,-0.9884122497894441,-0.2746964437998384,0.045433252484596634,0.6858447425010458,-0.1461308580177552,0.15621067262428687,0.10955986161263967,0.10464414234597307,0.009558514605033843,0.0
0.5364744130772087,0.19307266195948514,0.1740262141758438,0.409044583373841,0.3956684001523337,-0.39695482083097056,-0.9392176860287473,-0.3575378571133431,0.11519314704826938,0.568300819974914,-0.11158270032130828,0.27572842447258883,0.17225327501006793,0.04011060586961569,0.1651474249275052,0.0
0.6537606146040225,0.2670626413769453,0.14928679876101383,0.3290556231052072,0.3737147974307366,-0.28408175794357104,-0.9083644043423669,-0.3249660620850271,0.06564403368200354,0.6634173817841031,0.12044111457510258,0.24341078424923135,0.18117080250217749,0.04051449108563868,0.18358984556581806,0.0
0.5222461109075863,0.19284890891965673,0.18530088483969917,0.4073866117330839,0.27748894953181813,-0.3803439559855698,-0.919113141553351,-0.28791036500342804,0.1136282547746308,0.6788852963880697,0.037582732271502134,0.36068521641515605,0.12728332713894655,0.07783754482278424,0.1217975246926252,0.0
0.6258497957930265,0.3415493805460356,0.21009653787603044,0.40887963115789455,0.29067950783706054,-0.5171093787801349,-0.9217159610701983,-0.32644725064769775,0.09424681450688319,0.646746422208084,0.019645092152808206,0.10713592967803284,0.07131525034896047,0.014313516052489983,-0.007159751041834764,0.0
0.5999009224301635,0.2556408994168666,0.10375069578085686,0.3568625778165851,0.3491462808265849,-0.41445798165187414,-0.8645928271704346,-0.27732869673101335,0.17702306198724413,0.6790368172248488,0.13739014476063308,-0.07743135859619317,0.1097745758007672,-0.044549767784252764,0.08927443846173064,0.0
0.6410739110395657,0.2610719147549172,0.12349459975447563,0.37916533898005084,0.42587176482188105,-0.35146855664070137,-0.936151486873301,-0.21061885480463002,0.17582025164813778,0.7311823095667654,0.21641556150386104,-0.22422668622463063,0.2727788375799945,-0.0314462879170097,-0.002734707503026873,0.0
0.6292281540304894,0.2674458318961489,0.12871264171587038,0.36718075808532247,0.3683675047365702,-0.38950299794438525,-0.9043107237513477,-0.20580549841661017,0.2953367048859619,0.6783570728875135,0.25058396682160794,-0.13830818632167596,0.05752110719232642,0.10053526771029794,0.06004814484701315,0.0
0.6676705099790444,0.2729131287896383,0.20221672484093958,0.3751824554274259,0.39092071831406944,-0.4485337915494206,-0.959458081360816,-0.16545847923109114,0.25307581825083975,0.6681498304510677,0.13849924784341638,-0.11340238239240064,0.05245398234356627,0.17671082520067607,0.23279184499053757,0.0
0.6658758366086821,0.2941168263683904,0.1251673436594632,0.3482324907320656,0.41106892161608394,-0.4656929704860279,-0.9653664664995503,-0.15306830937263963,0.16388456276135308,0.5937659337044944,0.36504788500545693,-0.07414652246919644,-0.011449584280643271,0.2087253497687442,0.20054224562890208,0.0
0.6063015456322585,0.23378060307308993,0.09683122274392826,0.3553544829037334,0.35592287361615305,-0.41507520133053233,-1.0272657758706942,-0.2494869158998343,0.17361934801414225,0.6719634280943108,0.4522344486994074,-0.014510668356263828,-0.055299191864207856,0.22463684072630077,0.12434359559857561,0.0
0.5764001125870944,0.3451650707535269,0.2230101787425272,0.309683451721837,0.3735634404983937,-0.39810096554301977,-0.9179561375697546,-0.05233573777658565,0.2581153391001937,0.6514746696837345,0.34584920189219476,0.20063407768310776,-0.06408080765886554,0.3386036907431559,-0.03413210005760446,0.0
0.6036931382068378,0.23611396346438568,0.17299935781455053,0.40839741433622323,0.39589726780833373,-0.4221146698414797,-0.9516330537099592,-0.22814130256002782,0.2808554331812412,0.8274941759040169,0.3839307164989987,0.3063483839093276,-0.03339761861917745,0.2727645957261262,-0.08618889925078294,0.0
0.6404429319133981,0.36257683045316724,0.20654323271213437,0.33027558144718683,0.3266888162988095,-0.45048811481608036,-0.8884938252469728,-0.10762362521209523,0.3166261343343242,0.7312611397935028,0.4804795440689956,0.05211899353456548,0.018872354731312907,0.44284769748791525,-0.24137598526370363,0.0
0.5849824226124539,0.38717287636253944,0.19125731169105833,0.4286567080630914,0.43663833267081215,-0.33356207879007144,-0.9819629411702709,-0.0973261420949907,0.31919952862980266,0.7915358038897511,0.3499394251508464,-0.12234892883334039,-0.07784608620167803,0.477101619366436,-0.17263295849113028,0.0
0.5831225951628047,0.29261927828045264,0.1339989209431078,0.43224361884184825,0.30911719055950543,-0.47733343732142824,-0.8917036933670393,-0.03538341735122648,0.2619593140499964,0.8008346660738135,0.37362975136574855,-0.17311708193403208,-0.20742609883181787,0.33198266916458613,-0.11758204100997169,0.0
0.6919131821146013,0.27751352742681795,0.19832897647761014,0.43647731732249606,0.3820220372230211,-0.49943107155064786,-0.9083252950403773,-0.004076199481353432,0.35378454443601526,0.7845596227680606,0.1257486942410356,-0.16493486300384141,-0.3224883299870045,0.28067404005437274,-0.058658817964261464,0.0
0.6018596372220868,0.2661072537187524,0.15249106317501224,0.36729326939911866,0.36369893869378345,-0.48020422280257563,-0.9388719487641846,-0.10737925692350553,0.2624989684752752,0.792317672711183,0.19039498484853692,-0.29555882588702953,-0.39825293146487384,0.24786196512204048,-0.028598097337086594,0.0
0.6519411111745789,0.2859797757241863,0.07269560687989153,0.3833661920175063,0.4157449933745182,-0.6233889152467289,-0.96236435087623,-0.06524369821402803,0.4390053834663193,0.8729347562352783,0.01920759376085407,-0.16902936232609372,-0.32424997889078566,0.18060919002813114,-0.04948386703821799,0.0
0.6054797561394487,0.24583679994713042,0.20920171483492597,0.4086826644693587,0.331170184786632,-0.4895446101478436,-1.0016118590587184,-0.04120559042210257,0.3098727789161354,0.7847261801697787,0.06850749336865906,-0.10178729081456275,-0.29764646089312663,0.11973847543193182,0.008895841762058522,0.0
0.6869387167439072,0.2931458697034391,0.1788651766432423,0.35684419774061366,0.3304313343562795,-0.5105189116273783,-0.9723018636900432,0.04449980994161003,0.34898477183591414,0.7320129353081212,0.05092407115935115,-0.004656603725053984,-0.15741973299634754,0.024811316863973976,-0.06818932967675055,0.0
0.6246448817731567,0.32009378180032394,0.19133270621582382,0.33944235711127546,0.41386240949750813,-0.5274543117933264,-0.9543097037341025,0.10411378047951794,0.4150452844632147,0.8835683677940447,0.2162736670027954,0.034186886788878976,-0.19593707870055566,0.04065667768231382,-0.11002418643270286,0.0
0.6553399309465757,0.24634562268944235,0.1700009579694195,0.4331582191206893,0.4378161406286023,-0.577850243197029,-1.0044838907787599,0.07697691394170915,0.5569267552270449,0.843457461552209,-0.005787998526458477,0.10806599641053921,-0.21545570068642067,-0.04429268045271319,-0.08172215509104773,0.0
0.6922935655908744,0.2887108139898546,0.23900166935689982,0.3466658548946887,0.3997594287497548,-0.6093769733625748,-1.0190187764660592,0.08337537973565881,0.4007577095148588,0.8614088341300072,0.19017624306439151,0.07653467284412006,-0.1300642769573508,-0.027049923631252047,-0.1845368139530636,0.0
0.6663230482791836,0.15951459422870484,0.21059164597663674,0.32521903229483234,0.4666116594830776,-0.6182487948705443,-0.9778393117353325,0.10837934984807414,0.4381117033625358,0.8937514360694843,0.17279079059360572,0.10816144943938424,0.04093803424499072,-0.04008006394303269,-0.06221111354472658,0.0
0.5997262193860023,0.2571791049452579,0.11698480090952425,0.37487303942801187,0.41225372535009625,-0.5487236353057732,-0.9952327011452538,0.1520033333091288,0.479244525690497,0.9501354087105648,0.13997861174419043,0.1270854331466965,0.08862218990178487,-0.05432366342906235,-0.14352104293736334,0.0
0.5914438105296513,0.3146595973105781,0.07106186479004153,0.3597505860944924,0.39239144359625844,-0.6332324513945357,-1.0345896975719067,0.24713577235389372,0.4957268570734184,0.9014584813809176,0.1491403569662518,0.11655808563360728,0.07989656533538611,-0.0322826513394333,-0.11332731921444704,0.0
0.8168424558833881,0.31511060311899325,0.15165846067563382,0.44646394391357375,0.4410729377381065,-0.5580190070714858,-1.0006837826932096,0.1213502610846593,0.49119041788392,0.8305030393258659,0.06351247073271918,0.05253611890754256,0.1055081885346199,0.09980810137501707,-0.25759132106090604,0.0
0.607498891605701,0.33388349301876624,0.2868504508023293,0.4666593821826492,0.39660806481075067,-0.5798207666697578,-1.093845654650221,0.19863010445578178,0.5306150336453975,0.8891219191366669,0.08289532953974496,0.1526496865187381,-0.10367272800077287,-0.0010419637933420378,-0.08097037629139489,0.0
0.6953923100163256,0.23703599264586458,0.15675274709151565,0.33514624273782856,0.417911369847992,-0.7147196564578759,-1.040931789808664,0.17264146435992386,0.5734224960782164,0.8681824863024604,-0.001535024050298553,0.19744464489522737,-0.13548420616468768,-0.050958395953405476,-0.06817714131587758,0.0
0.622461027091574,0.2734879837687257,0.17647821285745943,0.4338326384888304,0.45634052228632427,-0.6512257888105325,-1.1230752688075494,0.208353477824272,0.6121423691571989,0.8958068067972736,-0.1785438954740535,0.11314923547002247,-0.10580949515840071,-0.07681896130253071,-0.28225328445416387,0.0
0.6193757174424541,0.31254164338998325,0.1598668662929546,0.4387333013725085,0.43084208059916024,-0.5796431091235552,-0.9918043970758885,0.250044364681226,0.5413203459404354,0.9177088590731214,-0.13938716164950118,0.13829597656137493,0.02602995001024723,-0.3342310322439393,-0.3250559033315091,0.0
0.6235659009238184,0.2821287352937254,0.19473890673800337,0.4478292108658659,0.3668040575596959,-0.65343639400539,-0.9747669629674973,0.28076279057766357,0.5277166294476014,0.9120426350669707,-0.12263589116414075,0.03704519271832499,-0.11879060216679688,-0.3843012457653545,-0.33734569082812965,0.0
0.6379721737011823,0.22010313541061105,0.14802343676731722,0.4053562175660865,0.3888866803407397,-0.6100516332174059,-1.0196095236868732,0.25812133770749884,0.6943259809962926,0.8559339810183572,-0.34436290747167475,0.017967757317003973,-0.16331481833825676,-0.4582752930278571,-0.35439306127957226,0.0
0.70250140442145,0.3346274599515512,0.204892746710258,0.3725611703798184,0.43931878772589966,-0.6021178948610081,-0.9323098704192969,0.2548676540400158,0.5527041749966543,1.0165491327479304,-0.11614428999134166,-0.04050841151413394,-0.13545687653622634,-0.5548050918731973,-0.23902503438768813,0.0
0.6381944263117961,0.28320200557416497,0.1910722014256533,0.4349902995695023,0.4681479137725354,-0.6836089909120496,-1.126957607768875,0.3261727351245346,0.6331096082636651,0.8822455584047788,-0.0030205803893881694,-0.09688854590739523,-0.16717329365558192,-0.5282286877761591,-0.20058132374846427,0.0
0.591193256748713,0.31046924949044574,0.20251065549632197,0.3445869684138064,0.4362626147052744,-0.6943624858803812,-0.9866155043469543,0.20208970836523393,0.6715754264070696,0.8733838948735376,0.07765122421453553,-0.040463845754740796,-0.27599450053108865,-0.4196493072685024,-0.18918189091911464,0.0
0.6312814333133183,0.24684418345693934,0.17496190764967423,0.4055228478626132,0.4360138810618381,-0.6882562554483909,-0.9713244223204629,0.35193920221270647,0.6962210928216239,0.9364151904102067,0.2529676291993551,0.005040099287890759,-0.18290979518279596,-0.36596570898237496,-0.21743507159245956,0.0
0.6159011071516047,0.30878616722637214,0.24882700285205958,0.32039630988043577,0.480915491494337,-0.6369313479220372,-1.0387770551352111,0.38215789460547767,0.7280544742071201,0.8698865748860963,0.30547410269875386,0.074023819631988,-0.22807070466540647,-0.23067011105025098,-0.1330551575887453,0.0
0.7331180575431561,0.3355649981810604,0.27840687317751706,0.4121263874221947,0.4363747056293111,-0.6980245249864384,-1.0119225774436218,0.38255825925052833,0.6446240079649694,1.0308432461982777,0.24058049589344763,0.13492338552819508,-0.38402435912481625,-0.27758175044938005,-0.12201673187928933,0.0
0.6782579530848369,0.2327058445966526,0.24250833450522394,0.49470220929532954,0.4459855077540797,-0.713273653533663,-1.0482580765886624,0.3846009763418107,0.7533902313678532,0.9871233521790502,0.31594373057278524,0.03826647761278924,-0.3595911278234769,-0.2801921201480104,-0.18457404964709767,0.0
0.6104220804888941,0.23476279833702823,0.2609639280538932,0.4604100969981267,0.45066028981423756,-0.675614967050653,-0.9771488373972281,0.4426102637196492,0.8242067670295425,0.9266782665166369,0.04228719531971645,0.026291649773619263,-0.2706711108647225,-0.2346410888266804,-0.22792779698745985,0.0
0.6661480171117953,0.2652788680057194,0.24209895102372941,0.38493372381948404,0.48104654300700916,-0.74142100974934,-0.9529915833443955,0.3383148249503501,0.7598011760925275,0.9680720017459931,-0.049456649594716594,-0.006579648339105192,-0.11987313647546906,-0.2354364573844413,-0.16515566711777901,0.0
0.6152508086800202,0.257044428579472,0.2554735990771452,0.39044729282635543,0.38532183606957915,-0.7727712981554951,-1.0424514073656939,0.4234386875477104,0.8089914109375561,0.9449935836082722,0.0979543240972947,0.14529486017744755,-0.05117130215821327,-0.19420083806490557,-0.04021668499331048,0.0
0.650083509653802,0.3465141978428438,0.22625978760508247,0.3016033833941002,0.43714608558003953,-0.6464623902395827,-0.9744522033694515,0.43475880752417084,0.7223065027451813,0.9650836340434595,0.34302659874369784,-0.01572548088664623,0.05853455800578754,-0.37411448252268487,-0.11850818298034921,0.0
0.7201419241122426,0.25933498201753735,0.25338517950990797,0.4700769767302903,0.41194391115869833,-0.6510053527246964,-0.9529431720095551,0.3508625980226735,0.8245401522172533,0.9818847430653674,0.1123630685641101,-0.13577067675690188,0.059068222136145695,-0.45380663691865486,-0.1364312747867559,0.0
0.6642559254297267,0.27361860739137817,0.15455397265824639,0.40952445693623,0.40411780922168256,-0.739086143986744,-0.9519598199699921,0.4623976711773805,0.7881450587231512,0.9789165525949179,0.19586445810843317,-0.09629261028123458,0.003770149306247382,-0.30680222723331374,-0.26988018210524484,0.0
0.6493863758693855,0.29450751660737645,0.2514930884253179,0.32509633144694683,0.5132139574515013,-0.769391383535808,-1.025435873870844,0.4175203807256129,0.8227244434007915,0.9576646801320869,0.01618594627355449,0.014103647237549734,0.028914256306368204,-0.29836562163922176,-0.1191566502802794,0.0
0.6751814282440247,0.29610956566354135,0.2607678107100221,0.394932480010608,0.40759974721562475,-0.7446429049160649,-0.9451767241255209,0.5001948715207271,0.7767629930987753,1.0589452220696447,0.2804351695599167,-0.10343915458376023,0.17197008298623004,-0.34783508564485666,-0.21504039504545033,0.0
0.6800340470200565,0.3111590386669157,0.18508964137674164,0.45000546066645986,0.43049968325698834,-0.7514293707705993,-1.0300236915845145,0.4957274260609186,0.8051661122038607,0.9432731208360166,0.2638402413402413,-0.10317939696572229,-0.044903612961737865,-0.24025413080122293,-0.11723862924045363,0.0
0.6374999474072209,0.32195406260014675,0.3647594597103154,0.4406413569681641,0.45044483924327594,-0.7748210393888979,-1.0098461044907212,0.4115939936797811,0.851690878908578,0.9419997459006517,0.2137186652254202,-0.09830602932619228,0.023818239006433393,-0.2838378338913374,0.013728645705093967,0.0
0.710745218328318,0.2681033114363186,0.1963914636107902,0.43500130246574614,0.4733850539225128,-0.7198649483636124,-0.9581218760169499,0.5404767656065232,0.7943525195032309,0.9550443278135307,0.09066954910094491,0.019984113188531327,0.20735922488507422,-0.4456410913031364,-0.11498244867515386,0.0
0.6940781331134751,0.31251690708777796,0.17491687005451448,0.4319892011263401,0.4389789727082848,-0.8204146706898312,-0.9357206698227472,0.5410767574056212,0.8819635799268748,1.0299196802752026,0.1153862249940855,-0.007803471331257758,-0.04910028078088463,-0.32757135282873356,-0.15710251584797505,0.0
0.636683582065642,0.29345940864380143,0.29922404188991225,0.48767670024334697,0.5030352540709968,-0.7580658394369821,-0.9832723624533473,0.46539553144963125,0.8377550528356865,0.9737445089573036,0.02667586817916008,-0.12037832611949581,0.09150048815703868,-0.22476422462182885,-0.06093427630600412,0.0
0.7328116179974614,0.25612148315000305,0.2986126788484401,0.36312383369654105,0.4393070943201197,-0.8921523315742599,-0.9426238286546113,0.5185287349195341,0.9079141084355665,1.0244777146851043,0.12510501786896513,0.036742198252923394,-0.02872758908753316,-0.194922397260434,0.0019588656934482196,0.0
0.741101006462669,0.3035827789497148,0.22113185942910862,0.4421976933100082,0.5420879251435587,-0.7352010325540344,-0.9212343596131771,0.5682580363978088,0.8303845109432644,1.0601810607649984,0.22833453021453393,-0.037748630524570684,-0.09481692914173138,-0.22497231372077411,0.15256886568079883,0.0
0.8140597411961192,0.27883537794228147,0.2653663197148231,0.503903943327757,0.48921487142087416,-0.8423174563017041,-0.8444701786422115,0.5089233598739454,0.9490342420429717,1.0617936460037258,-0.02230141823221829,-0.12192529257099417,-0.10692473065551733,-0.2945089711207075,0.15998772224432645,0.0
0.7436179819285018,0.2790438920770577,0.28251757163793334,0.4897819085375141,0.42359521401740635,-0.7754395491082927,-0.9688972465334093,0.5869196779114727,0.8247726681432479,0.9514614257991482,0.12549055773075724,0.129755008218505,-0.09457759421827505,-0.2856530506987067,0.04742589359812141,0.0
0.6655605491035707,0.3198254975520204,0.30158954807897975,0.4630680769592929,0.4835605247113799,-0.8038943766770315,-0.9559614501413976,0.6484090323126415,0.8604503523757329,0.9241276658179651,0.06698878430229918,0.29183005504089143,-0.08088305684241481,-0.2060157686447512,-0.04015941538631924,0.0
0.70785911176319,0.3593260606507425,0.19295764913754593,0.3456453802693686,0.4736219359040434,-0.8348445988222793,-0.8761215619439643,0.6576394321117673,0.9166676948991823,0.9366809984665776,-0.0022729802686429143,0.2812343355193792,0.17580729207988968,-0.2600431632906653,0.006038779093579541,0.0
0.5602284090117654,0.32595411897788995,0.20554037709325798,0.41418592319478575,0.4578391243563372,-0.7744903194882292,-0.9997213894474226,0.5825493551538898,0.989354512376083,1.0524116027796464,0.06728103980536213,0.15182573608423502,0.1378241189663382,-0.23224996142672993,-0.03158657742260575,0.0
0.6444434428294996,0.3598625819834128,0.2382384441297872,0.5360245995071513,0.353543732502323,-0.8304802607328804,-0.902320221633783,0.5725121175796357,0.8073881065274406,0.8947210069581957,0.05713609325260518,0.019395063364849544,0.20932272095514415,-0.14454080535442212,0.2467307133302897,0.0
0.6488513993776966,0.2581164995026155,0.20077557605271917,0.40589635439714017,0.41043723622742534,-0.828101226644676,-0.946768583493806,0.7297279663873172,0.855857453298315,1.0149396471399788,0.06457991166591318,0.22301840082174515,-0.07035741489295805,-0.246530356856425,0.1926467526021965,0.0
0.6765025329155898,0.3448063737021745,0.17118561286736367,0.47393168165462446,0.5009840355340801,-0.8171791588637207,-0.8783161032154005,0.6256490556275104,0.967498559170165,1.0361804636681735,0.22997548456825084,0.3096193215717017,-0.1312401212156378,-0.4510063119918398,0.33653348293725416,0.0
0.7173123721509022,0.287642068317911,0.28365829150227423,0.3685782007378864,0.45627171701151664,-0.8237083727001879,-0.9011060700300751,0.6348170821383303,0.92744710135687,0.9334742408976524,0.20415205267099257,0.24537564248010962,-0.16824903995145502,-0.5731854308537996,0.26374739686110066,0.0
0.6824040238965922,0.33007606109180526,0.16037542828981827,0.5219333076327264,0.4735022039424579,-0.903200758923965,-0.9505079762460671,0.6913674926289266,0.9478080229391014,1.0089363332855994,0.16646471983310063,0.21582747452642248,-0.14214225964644817,-0.41077727644928835,0.27276029867599727,0.0
0.752556364317723,0.3212504116213263,0.22223970942808507,0.48639869241973455,0.3545954590715646,-0.8295262653111171,-0.9591890085485849,0.7375565581769671,0.8852767479602699,0.9695420388835848,0.15162976435707723,0.01113376172764391,-0.01240035416734768,-0.45347392826057964,0.2668941516420634,0.0
0.7064958867454225,0.3133779595608884,0.16927069225619507,0.31077530474400494,0.5081691853481773,-0.9521931367577291,-0.8904195007300408,0.7285241153924924,0.9273040925655749,1.0773006660624689,0.16625240105446024,0.17228050638169665,0.0912392692433923,-0.5671778976397046,0.10094533244615261,0.0
0.7294683644445732,0.32018757338794945,0.39654831635008797,0.5583462021006281,0.4961203828968888,-0.8970566778925038,-0.8108853676540058,0.6959374727944678,0.9515648671755004,1.0141789441416076,0.04604756720269494,0.08578301283469864,0.08709936933101782,-0.5641034639081638,0.1512262497805784,0.0
0.7205120048069998,0.29895192253192476,0.23698254130517618,0.4576336642831565,0.4712617781785231,-0.8602363294385384,-0.8683276891233865,0.7269988566740877,1.0112784510174782,1.00433388006816,0.09629815751839343,0.06849474647401188,0.0960468165490122,-0.5703311766494333,0.17353549391731576,0.0
0.7396097756132621,0.30377238040026033,0.28196747738900246,0.5029909755805992,0.47934948031348057,-0.8306951720012337,-0.8849078379885549,0.7212003851399377,0.8958703426885313,1.0046513150332095,-0.0011263254032328612,-0.2012144175455845,-0.016445611218075848,-0.5318617650371382,0.09282745085238427,0.0
0.6781400458130792,0.35067368398366183,0.28715876296900056,0.5140529240175148,0.4281476268391441,-0.8381458352198726,-0.8822348477604851,0.7664570333691321,0.92371437955072,0.9268552353015735,-0.009108356279140117,-0.33172416375907776,0.048024075727052834,-0.4421074452589076,0.09825220573122134,0.0
0.679644539473773,0.30803609308707103,0.26500240061202884,0.4310583031098637,0.49147378347889137,-1.0057458904617333,-0.9529426711555883,0.7078948142217071,0.9405639438134404,1.0331028670808742,-0.17650017462429118,-0.18344351721752222,0.2076713939034555,-0.46897952337236026,0.3327770968733891,0.0
0.6998358299882372,0.26878538904294635,0.26642958959199925,0.4296146155071533,0.37622600126453315,-0.8150785081583228,-0.9063516709212551,0.8340155092973197,0.96612370846432,0.8984986372120548,-0.128472273534948,-0.24980296824261308,0.22914255863021873,-0.45120627761922366,0.221132760300699,0.0
0.7143493708345187,0.31167172010452643,0.22591101503279876,0.373330775558397,0.403694641969795,-0.8977851982835476,-0.8049805447701707,0.8847168304321993,1.0164782677734312,1.0074250166954013,-0.09931487968692115,-0.07641862022939401,0.15478188184777145,-0.3811211028985546,0.10148834388544885,0.0
0.781496518793003,0.3364317673328133,0.29543283346601684,0.43293162356438025,0.46953737827595016,-0.8509700336292243,-0.8479449702707798,0.8085102912177936,0.9825367122642288,0.9504679584518527,-0.02580588439146704,-0.22031973699103982,0.2001376760167947,-0.41801918717300696,0.024947919058252596,0.0
0.713661905590097,0.28271683459623087,0.21902874602934666,0.5851680419592561,0.476244425131404,-0.8319766725861607,-0.8353791232006957,0.8400975121911943,0.995105662200429,0.9830532055447976,-0.020019282446166277,-0.1208304711821194,0.23861203834039246,-0.5300696336951376,0.01302225849900127,0.0
0.7642148348822189,0.2850302761104678,0.28219053341754197,0.3670430207871737,0.5455405225070333,-0.9024695811050488,-0.8086118935166005,0.8752622399006864,1.0654271368201724,0.9438220415873643,0.08510222553488077,0.11464296065879159,0.1538106200105744,-0.39411316230624027,0.018009048958821272,0.0
0.6831062660639107,0.3163992099803591,0.260539063417969,0.5701125371647017,0.5217428733579029,-0.9438105793753925,-0.8357516256490868,0.848049695449742,1.0565809152857628,0.9436155591684119,0.08447601993523512,0.04545777740193095,0.2790764154023376,-0.28159682754647425,0.024786466434806795,0.0
0.7239286715334479,0.3506159351169412,0.25997743762878,0.5384277913768116,0.5180257572411289,-0.8893904846651556,-0.7893736843205734,0.9214976303364408,0.98087568709842,0.9745039369570507,0.09650089865426066,0.23332224769664414,0.26496110891110264,-0.5096147905723396,-0.03207547703973188,0.0
0.6960285212977454,0.29945737560945246,0.22058714021196096,0.40912318603303904,0.5300360238124212,-0.9075774009378805,-0.8683702538543054,0.91014580915098,0.9587751991119734,0.9450245880791648,0.14472598176777926,0.13640572278582144,0.30098338814212333,-0.25765365871186946,-0.045062775885534596,0.0
0.8184658395069553,0.30602804846794185,0.1683928543297204,0.5566603169566384,0.5106327279714775,-0.8951716999895635,-0.8161968946747843,0.8630075375370704,1.011542114712082,0.9712494841272934,0.059382212506750236,0.14345031519591964,0.06661285369866188,-0.09747637765640306,-0.30093373117548444,0.0
0.7834338155671151,0.3634411864982113,0.24622309361407832,0.4360781883137313,0.48002428616276305,-0.8683601195054732,-0.841674121250453,0.987417441313205,1.0131171465117872,0.85399013865131,0.07325572158521002,0.16399071556449893,0.17692708933908247,0.11963389943613723,-0.40340654463118264,0.0
0.797315697891521,0.265586532922038,0.3028945467157399,0.5201332222464374,0.5637119407093065,-0.9174064203654126,-0.7907036973063931,0.8619304744401303,1.024452407463643,0.9990092569040993,0.059957287423980495,0.26536718393721404,0.104354902867532,0.09769700191698634,-0.30379071525984713,0.0
0.7937735083432925,0.3231319630124306,0.18362811000693474,0.38408208754787787,0.4278943363201106,-0.9305713561338449,-0.810078749922473,0.7956074302219905,1.0036655376812191,0.9363086287755412,-0.07924593527738075,0.08206735283666831,0.17274916429373743,0.1829116657309492,-0.06700668523306938,0.0
0.7238355636494361,0.2288513984249594,0.32501872284744326,0.4374678209055475,0.4533477979248425,-0.9167999008333337,-0.8422746892157899,0.798959919952184,0.9869390330788473,0.9517709505979093,0.04277679191199462,0.2079496328498694,0.07408740366396033,0.2800903017176338,-0.13813378910705243,0.0
0.6846047247388305,0.3237613094513227,0.324325625752206,0.552255942612495,0.5127438144646345,-0.9304663272917195,-0.8587046154374862,0.8953894565556673,1.007067759883695,0.9677286552004813,-0.10855109253872305,0.3200238110054493,-0.053497506372735176,0.36455210139285216,-0.05103933478376488,0.0
0.6931597853269328,0.40737196271581816,0.35026874705090605,0.4983818641164396,0.5527177507612259,-0.8826550390139339,-0.7710871637263558,1.0009355286571833,0.9996485568456773,0.8488547891628461,0.022584062659945656,0.3357760185305805,-0.08087090412432368,0.2799571029284299,0.02341622039754848,0.0
0.7118245002690888,0.2990010445427237,0.3095779070526426,0.4891990149969085,0.47823769470404126,-0.9386874759291169,-0.7498792297993687,0.9068844317538501,0.9305082404387108,0.8227703569294817,0.09874750014467135,0.12824938190102975,0.04212575834950583,0.14656877056597575,-0.03960142009714833,0.0
0.8260167617726387,0.3641529869795551,0.2346535140482546,0.4919803990620673,0.5323331659011142,-1.002117400790782,-0.7159525110493739,0.9553090724840578,0.9569727637886533,0.771885018934642,0.09791216438123888,0.06601948360358045,0.15534440274744896,0.010256984339337,-0.058226998420764266,0.0
0.8102859258322033,0.24883111042142037,0.29477971752931764,0.5098961689629878,0.5331069825546055,-0.9659959459235968,-0.7438644633491223,0.9227882907674259,0.9599476611066978,0.8670963146059082,0.061155781299838216,0.14015508157389905,0.1414497431524099,-0.027458695296370128,-0.08652479636018137,0.0
0.7430389327742721,0.35135947094275227,0.3422313295423371,0.4652921671568195,0.6108490326008535,-0.9727248239641385,-0.7326727592313036,0.9588638690540325,0.9734119399920134,0.8324545654484805,0.024237405696779946,0.0964968779419211,0.18646967023641092,-0.036108181968624045,-0.00529231792078888,0.0
0.7906138262650886,0.27902846255272784,0.2695399252081419,0.5471705551920791,0.5054633657413907,-0.9141373506063307,-0.7595426258150404,0.9591699432469629,0.9523806356916488,0.8940955072428487,0.013418684402702549,-0.017827827487157603,0.29828277685492455,0.038293881172594114,0.15279105309068497,0.0
0.8973430635560563,0.36684071950172464,0.27130213566532124,0.43392679093124575,0.44594224528848264,-1.0692951846391958,-0.7640207021525217,0.9500192239243027,1.0369479608070107,0.8973217476804246,0.05394665495381121,0.16442999386968116,0.21740224706275954,0.06825893809829979,0.12316250025430547,0.0
0.7142358383120518,0.3795117390540348,0.29478834136212995,0.49893301352445923,0.3840431894794545,-0.8640701921953419,-0.7004722933494025,0.9605401730134259,1.0185895837592407,0.8556821219359334,0.12453931511359254,0.20647855027259623,0.11053379082470294,0.0004560445316483114,0.15833533906459907,0.0
0.7351265887869161,0.4226576487043788,0.23133490022645076,0.49900261229029885,0.5091794491999528,-0.9563509452543363,-0.7258113457690994,1.0367167241761766,1.0314562084374685,0.7792346674621201,0.017036535947395667,0.1280418520002347,0.11340556350372547,0.1272415894903706,-0.044894613202907274,0.0
0.7524574612024288,0.39885168240986807,0.27085005686051056,0.48042664548679787,0.43032407285837115,-0.8927549664615827,-0.6729891647424519,0.860160169303829,0.9511303113417313,0.8628242871899792,0.03708971112253985,0.181784762188199,0.04910856050137171,0.2006869400767023,0.014165063075615374,0.0
0.828623205367659,0.38426130998928465,0.3150357560779425,0.438015869469949,0.43434234400941985,-0.9406834823539814,-0.6911334126442884,0.9084413538345069,0.9983650580541974,0.8339300982232662,0.103221276544856,0.04599258734762246,-0.022080948586197052,0.1759146668439213,0.09011127194517543,0.0
0.7102208846461341,0.3779778872988237,0.2616739378845563,0.4896409586117275,0.553626296596605,-1.0276230503759658,-0.5957225991711652,1.0330296799402028,1.007149147343676,0.7897510879791432,0.21627837089728386,0.13687659696546337,0.060708182045178014,0.1055861356620655,0.04984657694551728,0.0
0.7232924335836765,0.37355164381956524,0.2808701047579748,0.48498037257120025,0.4995986130238567,-0.9823574235233876,-0.5973842255867937,1.050308508934742,0.9890422466562273,0.8157604096628284,0.20815749936130057,-0.10644048954037237,-0.11839241708854942,-0.01927019572859766,-0.11247026735330229,0.0
0.8405597637448555,0.3435649278115929,0.2501387935785856,0.5078606768232556,0.5192106079876083,-1.02554448927798,-0.7073216616665278,0.9232351640565206,1.0328521944221145,0.7325535317157466,0.10528140567845737,-0.22972088842822447,-0.24957844017978537,-0.02504080709400891,-0.09740953900759595,0.0
0.819522270031203,0.3377810393195818,0.2865045293439968,0.5228497489345738,0.5004060183459466,-0.9849032333946476,-0.6429438093746435,0.9642951705123249,0.8522495688385977,0.7664144185318442,0.06464725906698851,0.015189176837864832,-0.2234045586577445,-0.04420263995634087,0.00021877644896348136,0.0
0.7527905711062144,0.3286515557282244,0.3257694061609021,0.5172198797813489,0.5001438942202018,-0.9644765130561018,-0.6064694447410277,0.8916020495959928,0.9633819989344578,0.8530711372636793,0.03701582802123428,-0.02355063044838509,-0.18274106563389497,-0.06662484846965501,0.08426972782641691,0.0
0.8406438872223834,0.377656138026123,0.17355445470454878,0.4818914451847201,0.47553620670557056,-0.9771763097428147,-0.5822719487873442,1.0219115322780299,0.8768094969566136,0.769400252978473,0.10809321679111816,-0.012224819414148907,-0.18572865314944925,-0.10983229038883009,-0.007305216650466212,0.0
0.7691152258065416,0.40759723066595227,0.34455993842209337,0.4919659768945697,0.5420846137034394,-1.021717270743105,-0.5996020154811896,0.9697292252022012,0.9248943650717099,0.6944390713225026,0.029939898220312518,0.14573739035230482,-0.09150472722655259,0.1103879063004877,0.10915894354151219,0.0
0.7474549966965565,0.2639253176464607,0.22115716000385166,0.4276975146993099,0.5094760108219832,-0.9726059905127674,-0.5523370286092874,1.060479865456909,0.926088318441177,0.6812489965392774,0.15437339290835977,0.2249734973421135,-0.11151536410976928,0.06996399792652447,-0.08313622857596221,0.0
0.8436416602026743,0.3332345876372784,0.22356286713130474,0.5102632785423784,0.54422533905724,-0.9753860541736179,-0.5456829030279184,1.0155008850478593,0.9205407563412005,0.6598962555288168,0.1005928101204499,0.21054885625582648,-0.13002728898481586,-0.030967390167613303,0.05118519090749907,0.0
0.8060107046246456,0.35723404031290185,0.3180320423935875,0.4560460457432735,0.4046762481229802,-0.9957012516416007,-0.5812871237866226,1.0193735804666995,0.8844715323455624,0.7562597248095347,0.08241043501865089,0.08103823088548953,-0.19812790044294937,-0.09093030469397913,-0.07822866373424073,0.0
0.7908189294870136,0.3712340663220053,0.2797175378876559,0.4579837208637389,0.5127718900647482,-0.8941866050542762,-0.48246416014020976,0.9632358132606553,0.7774776965079827,0.7181404015579442,0.10787029851550213,0.13186472213236325,-0.2038595155325903,0.08268246543977446,-0.21024665743272938,0.0
0.752871156931322,0.337353671623039,0.3804218151852908,0.5186742491347206,0.4601871165600994,-0.9386605553297902,-0.5465536566970062,1.0334195703429236,0.9784432247708137,0.6523788701879298,0.13514608391063546,0.04513653280154503,-0.049337748947392526,-0.07109052876106595,-0.1625434282354139,0.0
0.8394073738866981,0.4070775060107808,0.2123948082753242,0.5489204858050715,0.4943053480398992,-1.0059919801359571,-0.492983118651771,1.0168606454966649,0.9240527229621942,0.6322063615619169,0.03658751740307169,-0.05500120253423149,-0.08524232933302293,0.02548828585433808,-0.020419280790692315,0.0
0.7490572634287843,0.40456257632950104,0.3753378839076614,0.5370380360485492,0.565429793294682,-1.0042910901823658,-0.5650914620739593,1.0269414528692216,0.9500118568936673,0.520583352536665,-0.11519715358306379,0.03547836395502982,-0.2209293342137106,0.07665952186633082,0.009032948064371188,0.0
0.8372095314391289,0.40044100927634974,0.28086094545596396,0.46208331182389667,0.5016949991805726,-0.9961186998381714,-0.5209382948376905,0.9316588141740509,0.8727429735107184,0.6807467010956816,-0.4077089379927025,-0.023704969753407253,-0.14820485273329742,0.06778217687356557,0.07231886962542448,0.0
0.7378779423437679,0.36949529556046784,0.29724251620736974,0.48346139671470856,0.5261003460418675,-0.9700285808344111,-0.5348274872836747,0.9573044190555521,0.9324572217603343,0.664350861816568,-0.5328942324435485,-0.0602124478366734,-0.039799443969014595,0.09669580998660399,-0.0711502280798482,0.0
0.8088942917109139,0.38173417830513423,0.3080051190092567,0.48918991469158807,0.4860537684768685,-1.0053221585204346,-0.4933143641023254,0.9477895388032717,0.8262295194910911,0.627160123673431,-0.5105065113361467,-0.15662289460407958,-0.24855181651948244,0.11484027904473373,-0.1406660320442383,0.0
0.8279395772182431,0.3656948822667358,0.28390901050905926,0.4547226739449063,0.5576305121306125,-1.0665853140040558,-0.5766090893486246,1.0009204787596189,0.8275297014765193,0.5789175934196455,-0.4343549433646199,0.016628133213045265,-0.0055213097170775105,0.10061170647668792,-0.16933904551158463,0.0
0.8347126041649048,0.3962700264086455,0.2542136439932427,0.47755924420515933,0.48504668715057375,-1.0746905546719436,-0.45477369225659375,0.979753860386188,0.800824428788695,0.6430500994087371,-0.22519986865375358,-0.127288943092224,0.03083133919805516,0.06861883585029402,-0.28637356540393816,0.0
0.8672208282300412,0.3885910094998603,0.2852791032942404,0.43126248944145235,0.6147833222230137,-0.9424321722751856,-0.42899153287940445,1.045902009949794,0.7829619841399323,0.5903176011591275,-0.1530109605461831,-0.10859270382928424,-0.07427648400781939,-0.010775927181074597,-0.3543386430491057,0.0
0.7812305423126058,0.33924640675576606,0.2395237750138217,0.5252807131870552,0.5229638161158574,-1.0155652252074208,-0.42312810545614804,0.9816548398431038,0.8094873777719115,0.6322332276769643,-0.11447326678639543,-0.009754409208770257,-5.542830710869584e-05,0.19866584930969486,-0.05351572278528388,0.0
0.8464089456410346,0.29419647209227195,0.30210249184869753,0.5511850904149149,0.5726100270231768,-1.0341148786584522,-0.4077682618398835,1.003120378871179,0.8011755948229655,0.5580424715440235,-0.07472447841992154,-0.020088882739053168,-0.026568446115338137,0.18034657210089924,-0.06998283384319136,0.0
0.7569355176706529,0.38188258003172215,0.32874979074997646,0.5833726049651331,0.5938618961834727,-1.042094684536615,-0.49851619867901786,0.9582600523958268,0.77131830394044,0.5033079668190911,0.011652541438770106,-0.11845870468918245,-0.08135994783504874,0.1317302911127001,-0.17959541132642998,0.0
0.7032103859730704,0.3305603373527727,0.2749155280770762,0.5008941309155874,0.4654989371558838,-0.918146816524189,-0.4730965671954282,0.9933773888896176,0.8600500829177228,0.6099273562080009,0.026931816697355206,0.05200409936753603,-0.0008151015082120822,0.06464454568930321,-0.16571581432197993,0.0
0.7638232198929588,0.34684469844838833,0.2959056468159739,0.5237096197111099,0.53794933364907,-0.8756659642921182,-0.39383666334679635,0.8843893780334459,0.7068368164812123,0.46372196602786553,-0.014104986046914594,0.08695781510485967,-0.13566999506001506,0.008249043230286787,-0.05819172889729783,0.0
0.745361992349925,0.32313293483908334,0.30246225072035077,0.44675481657080485,0.5478787708005431,-0.973301077366158,-0.3538480975573131,0.9769374876987802,0.8009706369969952,0.4824759111369044,-0.05938426440807088,0.17018632695382457,-0.18772963533882853,-0.07894545848304713,0.18926473390692988,0.0
0.8145318478595465,0.38143002723207375,0.42961622636238384,0.5740960262870478,0.49428307870229893,-1.0084655239204754,-0.38170153068588725,1.045814824275916,0.7765054924411854,0.41815236481792806,-0.04766400517957517,0.09649100897995234,-0.0917194544944086,-0.05477892915753199,0.1129184692441548,0.0
0.7844953931695151,0.398351754861521,0.2669238066461177,0.5590208323069681,0.5135019201965991,-1.0656903860446414,-0.38936383490402193,0.9935911037235465,0.6933463667010866,0.4186690068876707,-0.03855475617684113,-0.09979274442355218,-0.16036225890076228,-0.10044203554286249,-0.024904987871417525,0.0
0.8760572106961866,0.414329694556566,0.3319645589109738,0.4582562786344946,0.4624011685485034,-0.9525164562787444,-0.444086832275515,0.9394522375708564,0.7554547277634189,0.5395244279897178,-0.14504578138785634,0.015066412177191485,-0.2105130268477982,-0.15679889297828706,-0.10326563533621066,0.0
0.8431457600871398,0.2777008048743738,0.25412438761580936,0.5260651697607979,0.4730353737714143,-0.9840393117906122,-0.28862474598642646,0.9482273616717375,0.6891480012889049,0.42659254443485106,-0.06980726971519366,-0.10709399141021694,-0.31195632971569787,-0.09393721889896892,-0.10357778893661371,0.0
0.8461681533953813,0.38464029141243544,0.32307582089778947,0.5358130426726114,0.48581209605699655,-0.9453172674569542,-0.39953442665379957,0.9511823975599238,0.6483268750273501,0.4196743160107022,0.1184477539610091,-0.24039509643150458,-0.2269624180402506,-0.17308624053593302,-0.08825783843876706,0.0
0.8422112390423551,0.3970082900417577,0.28808321998371744,0.4128730390480705,0.512242835448755,-1.0834033505219882,-0.2525971687841063,1.0341709423142924,0.717457996906597,0.42403044471973134,0.07535098712457554,-0.3551307961648278,-0.18723277531927457,-0.12331210910738011,-0.21228387921059058,0.0
0.8605510008589662,0.4715982601938732,0.3078736856760704,0.4909307375031859,0.46613154263041023,-0.9525741271508172,-0.27680353556945964,0.9512283638448723,0.652178864134487,0.35777112466206545,-0.10528332661907347,-0.17480537906354224,-0.15275055573250357,-0.048971991392706124,-0.08350850207577323,0.0
0.861369784659161,0.30424484278608527,0.3119164016959036,0.5730543609945409,0.6165811155602542,-0.9783856454688011,-0.2684107327426508,0.9436462253358451,0.6319196938094904,0.33588740117118,-0.12688438618327746,0.046697387817831254,-0.10891790159015094,-0.020661559181370213,-0.009570637590406939,0.0
0.8862861147989021,0.3921413216152561,0.35157678110293805,0.48619711919147535,0.5902931044859625,-0.9590883604597246,-0.2642689509593119,0.9796370127929119,0.59179848980003,0.38214877857227164,0.009117376934266314,0.04992259982337344,-0.0355795208492983,-0.06689257317061155,0.0006123305698555017,0.0
0.9539629480628128,0.369741531374608,0.34357849323633294,0.5303471724075072,0.5700122037236763,-0.9185363438816103,-0.22094364271168085,0.9253164529964237,0.6276597280724105,0.34620004534490495,0.03999444750604868,0.15062395588107186,-0.2645775086427948,-0.2091271738283258,0.029324241175606808,0.0
0.7944283418510825,0.34129524275573114,0.2996003842892328,0.491993036619025,0.546939275456382,-0.9932556395365598,-0.2705249414637625,0.8312766895526267,0.6911457030878247,0.3916273623790791,0.24639721350728672,0.18700596793337812,-0.06017105729115296,-0.43791242012466075,0.007754806320290988,0.0
0.793463471519182,0.3300321987556937,0.30879194690661405,0.5227638776870291,0.6138683228460602,-1.0271120102277842,-0.2595013911589165,0.9565924221158303,0.5613029965437798,0.3695495159715304,0.315065268694455,0.027465793053769394,-0.0021417984637890283,-0.4089655714438566,0.13673654847638195,0.0
0.7883794667089844,0.3064685094208104,0.3438353768153879,0.5324953899124595,0.553416334056103,-1.0381965494805696,-0.2444500966545133,0.9742411905817074,0.5627529080145103,0.3275617390392046,0.2533128389348652,0.12610017133696758,-0.09888307152598072,-0.3671211818031653,0.11355688266967642,0.0
0.8789568054314707,0.3521524288709806,0.3530185791138338,0.4589803751460538,0.5539774435640596,-0.89506761435338,-0.2358126799967629,0.8538566719135143,0.45123868772535575,0.27395185454287685,0.2463922936099939,0.13628112047620797,-0.1001506089729902,-0.3284648735302986,0.14786483364466343,0.0
0.9104565513467165,0.39011432178727373,0.3853652089887035,0.5286965712243177,0.6095472004786352,-1.081224671998084,-0.07675969141119664,0.9479770002284106,0.5732594446895041,0.245316017867759,0.1648640685098295,0.0009172883944775639,-0.15449630446896406,-0.2536164350224881,0.16298186301548817,0.0
0.8301087398406293,0.38407872916783514,0.2913715878235082,0.3906654833542478,0.6097000712107179,-0.9700840773363772,-0.1684968817353139,0.8852115459716443,0.5438691046589142,0.18812620246443407,0.08915694043396591,-0.05230632157422325,-0.15257538458213254,-0.15657645564362543,0.10903177344296479,0.0
0.8595225517383249,0.35440966768385157,0.4190158012547472,0.5278578590129316,0.5116158087969733,-1.0056177408933427,-0.14105166203070618,0.8271055354827965,0.5226098530702129,0.20552251048697265,0.10937318480053104,-0.10286288884631527,-0.2209753265596539,-0.06935621076495833,0.06064471793215957,0.0
0.8074635989825321,0.384316428199911,0.39645449676940203,0.44898086062798453,0.5538443862881901,-1.0345778801644487,-0.1650831291497365,0.980486144128094,0.5060975093035065,0.2488418927181249,0.16159539602639011,0.03200318088540205,-0.21587730023737672,-0.19140214123628602,-0.01924998015128735,0.0
0.8621953830248466,0.3887742070092222,0.29929179466996814,0.5390002763966817,0.5588744130535837,-0.9160908281012965,-0.0940513442297857,0.833982629993757,0.47311898490415577,0.25736634427781796,0.05076559062746387,0.02426269304777931,-0.11462343998077393,-0.13392008146416046,-0.17783604258580873,0.0
0.7543697312571159,0.3308421178758977,0.33299128784385157,0.5369728158087895,0.589408208089752,-0.9553284353127575,-0.07305244972003111,0.8239310168381717,0.5133836356132208,0.22376264178572253,0.15547833084405419,-0.004540746640014366,-0.2669483869820137,0.07737639292959424,-0.3189477539684881,0.0
0.8534824656224224,0.4594954496007379,0.34310618131417503,0.47590256239820233,0.5557367208633693,-0.9959101891923458,-0.15963587065455498,0.9356250824773982,0.5492052826225551,0.20210378121789385,0.04926853671062116,0.018355737628896158,-0.13842572779333417,0.02388914177356255,-0.23457020187022667,0.0
0.8389549954609559,0.4395694006670603,0.30957640161220923,0.4916540698427858,0.5340041053504371,-0.939548349626419,-0.1837323818424207,0.8302808950711084,0.4446398067613044,0.07630243172298368,0.012270733675207326,-0.00423990866922362,-0.18732171033043893,0.10010582722252785,-0.341598148683348,0.0
0.8867280700148706,0.423559625239224,0.44053856572496647,0.42952523768431966,0.5192127362199209,-0.8800894830822749,-0.09927976057959846,0.8995761797706316,0.4983911840380067,0.18301605804385346,0.07972424452558055,0.09734205008596815,-0.2711757284316222,0.1905960278648161,-0.6033121354035047,0.0
0.9355978378361876,0.4023881005532647,0.39740030900835654,0.4695210078651872,0.5913788741505003,-0.952263368227803,-0.16685120135366122,0.8036655898536348,0.34274878834057904,0.11674997297342957,0.09727152921560665,0.05467608295153585,-0.18600368995288802,0.09720389825821368,-0.5383871631666204,0.0
0.8950902756507436,0.33200809668718645,0.34494436247535787,0.49190891206048776,0.5873474194801147,-0.8928717703109026,-0.027920023234943372,0.853847459730497,0.38376898146961536,0.08753262377600311,0.03220892125298733,-0.04001177352340588,-0.13199358578997566,0.21728051809359347,-0.4212617649490843,0.0
0.8424457083271739,0.30120880924863935,0.3727057980794066,0.5161675100709503,0.5651831212706144,-0.9068264136372369,-0.03830709699375246,0.7503213680961682,0.3061073562315745,0.03768593852292791,-0.017584055201011934,-0.23068598920822903,-0.13660413140068156,0.010107239134877516,-0.4122478812973825,0.0
0.8803119403454125,0.37526426646030525,0.25691191933087915,0.5370592356002726,0.6133410672591983,-0.9967507081677827,-0.02761739716301091,0.7477410566823699,0.3988789743079491,0.0022405545066102733,0.08765622862880901,-0.2294550059623335,-0.05052347785133654,0.0542100921957797,-0.22784911164232136,0.0
0.8455730646183981,0.3701669848950624,0.33525748567028973,0.5837301124605583,0.6288987444422203,-0.9202962422829598,-0.03602992698043274,0.8342091476018587,0.3113633979702494,0.025370093287885115,0.11121926336985216,-0.1321078229842021,-0.06143683198767834,-0.014216901259381638,-0.12219742885406282,0.0
0.8850384756043489,0.39648508372707475,0.35819813920475974,0.5514253038496729,0.6403048675629526,-0.9659116898876905,-0.06549120307071273,0.7571730731759737,0.3574979834529341,0.03847327373175189,0.06703643817108391,-0.06583263533859487,-0.1302902289939865,-0.10954042144414111,-0.14985227774345464,0.0
0.9421619690147884,0.3361187505178781,0.2718140456403175,0.6459914257708657,0.7123024336898658,-0.9395465363583548,0.02388133938995398,0.7525288243807622,0.2648986836863066,0.02047252346239359,-0.0882625629054164,-0.07422632089175749,-0.0779815664220416,0.10682016108208599,-0.07247006618943194,0.0
0.7721242072689423,0.3394901306210255,0.3363481698712285,0.5608010376541447,0.5897459546929883,-0.9239708308557938,-0.05868965992416533,0.805639610160571,0.26631234162119255,-0.04979558608947274,-0.08662422069871713,-0.1293163281041821,-0.07061799921782873,0.2756228239818138,-0.1435775916614675,0.0
0.9327956090913203,0.3488594481682648,0.33088752908278707,0.5278163885275767,0.5581728869038841,-0.9454051318744153,0.04170735048507194,0.7145635854782525,0.3411474113349837,-0.006391739357993568,-0.07218957180672905,-0.06594727506093702,-0.32262769298277216,0.19377837164228326,-0.08662728168165346,0.0
0.8841830306954355,0.4581868017952638,0.35319127326193256,0.5307938900790099,0.4906748494955781,-0.9114461718406057,0.05777358346523198,0.6712198151435813,0.27061659834638035,-0.07710273798870242,0.05246266666610739,-0.08717757930786754,-0.4132200097433055,0.1758871485013105,-0.24403398075875743,0.0
0.9355143124247591,0.37106721191606773,0.30430789060646635,0.5142125221160998,0.5517564673267334,-0.9395879464691455,0.06966937446420036,0.59741449602574,0.20626418172712574,-0.03742045588548118,0.20382395076545917,-0.01818074228276631,-0.29125486651003657,0.44107293166520745,-0.10189338454178651,0.0
0.8193902792763004,0.3870725219414706,0.337508895609131,0.6364797607074775,0.6312303948562604,-1.0720728699422506,0.12167335936897,0.6959100209609702,0.13712101113894534,-0.07259017867855738,-0.01651218738936444,-0.046123144443051545,-0.2484840828477405,0.3961441570912978,-0.08784150386978053,0.0
0.9021958046716188,0.4245303078910167,0.29817076229472406,0.5783745494936705,0.6003470123001943,-0.9000203139739037,-0.012056987888965379,0.6937781310600993,0.07339391603742462,-0.008128270536902252,-0.023104304255926682,-0.03687120255109397,-0.3018769698110071,0.32774210227443606,-0.021001244898338427,0.0
0.8937599059634809,0.46195202531050295,0.3789190106329363,0.5622239438895045,0.5681093183789279,-0.8851283101977288,0.1158778354332482,0.7249973281349005,0.1584498861757031,-0.12407424850398899,0.07249064533983975,0.1163412552309114,-0.20221508580163328,0.25832242288962615,-0.13575045638844135,0.0
0.8951645301107215,0.483094769871663,0.4523727481567953,0.5953763333360541,0.5132439862100386,-0.9083029664156225,0.1223213966568103,0.5390413691173028,0.202338300539779,-0.12609193842633643,0.11484167147934299,0.042767100600552,-0.17622508992595567,0.16335554128974236,0.04185803071008899,0.0
0.8219314369134945,0.4217832785785818,0.3610268789268455,0.5575913784612456,0.6636300312756845,-0.8611180631702489,0.07358349215941477,0.6545640332987503,0.18043082343433137,-0.07199782733631561,0.02574685437969433,0.12877568262560748,-0.26810217710093753,-0.00047804471631179846,0.21795050972730687,0.0
0.9107785775937167,0.4571080261715687,0.3251995117806312,0.6034644503270619,0.614151553038378,-0.9891044672707655,0.0901906053775561,0.6532835605244788,0.049043305164974224,-0.1597659525184953,0.11077457709142424,0.12877167829403457,-0.10591629420797502,-0.021668007611992942,0.1552913610147265,0.0
0.9320144073757766,0.32850280330316384,0.3109549217073906,0.6557145663655884,0.7254777652950141,-0.9034215232442377,0.11811729671913333,0.6336084237191567,0.13323096146858715,-0.162075952155655,-0.013172677280130773,0.07445029585660544,-0.18349928026212287,-0.2462580439469116,0.08798424617353295,0.0
0.8804341963069655,0.3371670125251193,0.37638002152029565,0.49967803239709396,0.5493594712350466,-0.9015003771524539,0.0893432234417931,0.551303101442403,0.15741908867539606,-0.27690777677783296,-0.026237846234230887,0.03538210969990231,-0.09810338579841232,-0.17491163163394108,0.17675136507795164,0.0
0.9386966213478853,0.34523570098634937,0.3247947025296543,0.5157005104238921,0.606165054392808,-0.8526735328577553,0.19834831984900497,0.7083218479792295,0.04965370464993451,-0.16385496814487568,-0.2218584504269785,0.0006498176495090442,-0.044889012258684684,0.0270446034160447,-0.14010490213192067,0.0
0.9657624990505524,0.42404667904814347,0.4588841721068145,0.5460363322351766,0.6027529427586106,-0.8489695177032623,0.20034860321937037,0.5877010714592862,0.0742762350179823,-0.1624122064208645,-0.2132166842739153,-0.09799627609027459,-0.04748024329498444,0.04001146267128686,-0.09767407225247547,0.0
0.8561655080762492,0.3293921975733863,0.44407179996396123,0.5709237545973361,0.6901230436198367,-0.8662651632900089,0.15931139371779124,0.5792742416387293,0.08299234692337507,-0.21826591525013778,-0.24967964276650162,-0.17046892760643706,-0.07254312457016383,0.07796682363101387,0.09215475183490618,0.0
0.8837575482388875,0.5087087531178696,0.2986279001636099,0.3999391869504722,0.6031143366738523,-0.7946739028219846,0.172618585043596,0.5236272796270511,0.05076100993523347,-0.17805916017209494,-0.1001244637403811,-0.10876434351773911,0.12982754285858558,0.14114348551095163,0.005696304946231509,0.0
0.9945161059849585,0.3812591902911366,0.39423986566971875,0.5682523344067055,0.6365013425288732,-0.9338627313689079,0.2700441785221953,0.5014646858098482,0.04074410950663869,-0.2189145846467338,-0.16701463089829524,-0.11350559706263469,0.07002317983717121,0.005758115052347176,0.129646880649566,0.0
0.8620301499333347,0.403835323967686,0.33834619618476797,0.6069922435810751,0.6756581170646122,-0.9294156332819206,0.27041942000087904,0.411910561030539,-0.014511213944365987,-0.22408801296019254,-0.018614430817670058,-0.10196718540576952,-0.12415475776957292,-0.044118533105138115,0.08752460601509679,0.0
0.853508366987871,0.3347886455054801,0.36832472575969016,0.6031862123294918,0.6009208226955247,-0.8538507133495206,0.18461690798426955,0.44371282150640606,-0.0349144773916026,-0.22163025182977514,-0.004859393750379339,-0.004524291817745038,-0.11602969158397076,-0.0618220914032865,0.18379379289966596,0.0
0.9223173866410841,0.44816053744266865,0.3667954788674594,0.5622586188501836,0.6250829337672347,-0.8148603171070751,0.19019712713944295,0.5164095499906307,-0.09738979247772739,-0.2950284789987025,-0.02024785219272856,-0.060914044520912494,-0.07747664228967419,0.014062092255857715,0.025221926601457875,0.0
0.9335927630719947,0.38529590934558544,0.37299578395921656,0.5471483314260588,0.5862883018576822,-0.8744110036535099,0.28854569406443087,0.46617618717531395,0.010839041960759736,-0.3706330076446865,-0.006180837875848378,0.01911019340746179,-0.0012776868177978434,0.032083248106670056,0.06138243642111059,0.0
0.944057447392045,0.32905009941366914,0.2989152773232667,0.576681541815823,0.6979500102512929,-0.8161483722100524,0.2833655765475356,0.49203326195374336,-0.05013378863778953,-0.36143632368343176,-0.07530416875656842,-0.12263882299548719,-0.07612912505549876,-0.13036300023604175,0.13666295750605115,0.0
0.9445207118443918,0.35750366248191917,0.40356342857914856,0.5262709115743355,0.5847687909161647,-0.7363267645932168,0.26888815117036435,0.4260108108071332,-0.2098723922780525,-0.30387433404761144,-0.20958951380788887,-0.10396368394457431,-0.18158326543621128,-0.033151152070042184,0.038632813619785,0.0
0.8842202348591336,0.3886659755200115,0.4367152193074632,0.5203232918127896,0.6390502272950525,-0.8076016823842437,0.23936094104216757,0.48978408879750307,-0.08278214598696873,-0.38723582016872254,-0.06203128545970463,0.06533063465977705,-0.12836496543901052,-0.004320138567858286,-0.05337653024609406,0.0
0.8862307780083426,0.4338962967998953,0.3495014042216819,0.5253071662656631,0.6658127968366903,-0.8607832285591215,0.34711917211687515,0.4004231231418844,-0.15333713950605513,-0.36747419652662183,-0.05275952984798627,-0.05830884795713803,-0.1163045911434499,-0.010342354681745285,-0.15010957240032594,0.0
1.0596634522650248,0.399412744536102,0.30438003296054755,0.5758046818788787,0.6975148600485062,-0.9710573446269372,0.41127746346799987,0.44172449912919676,-0.0344534488887485,-0.3885016161717589,-0.12152614331614586,-0.06258728672935635,0.08271180362311463,0.018724735086084424,-0.005773852342650904,0.0
0.9343773709580967,0.4479507546777734,0.34593634853641664,0.5831408186796344,0.6345350724125108,-0.9085788216975006,0.33994150008204105,0.36718418080489734,-0.10245281489491434,-0.4225123453144414,-0.16241235084032654,0.05414621804984986,-0.0319509332129049,0.003411866579829701,0.041567976708130436,0.0
0.9257395610431314,0.4589375058756314,0.34559292314800705,0.5322394197607998,0.6877319734697439,-0.7877019510196774,0.4448915434485107,0.3776735649537808,-0.07784123855891718,-0.4057835762505618,-0.22915271051631175,-0.008451909611920827,-0.0804124911468516,0.00854319610668461,0.12381466224833698,0.0
0.9588322693001328,0.36258715930305796,0.47569072034055415,0.634635378411935,0.6720356556633513,-0.8918578622998183,0.3325151367069672,0.36251283712225835,-0.19758999776440966,-0.5027048926887815,-0.37807790965302124,-0.0441740390370651,0.11451931667047868,-0.08819086464657404,-0.014868757085770096,0.0
0.8728384600815282,0.38245419988775714,0.3654055951441895,0.49680309520226545,0.5721874677484611,-0.7194021577414039,0.4304838330378173,0.346412502449864,-0.2264449874364307,-0.4213426379732586,-0.17810219340203975,0.011339356807571668,0.13182705190472266,-0.15424981491633627,-0.11194872401884058,0.0
0.8769864300596598,0.37421199044410375,0.4012828614713533,0.5537681046416596,0.6396558914296474,-0.8108863436301033,0.400845288359356,0.3922567389810641,-0.1778917233947786,-0.4971576742160944,-0.08663024267354205,-0.34556835961248367,0.020136385262396583,-0.005508873827129307,-0.15984259073260348,0.0
0.99199698786536,0.36515912733515477,0.3583305863396443,0.597080950410857,0.6693738410101814,-0.8160037191991512,0.47087571621917884,0.46758506768834995,-0.20158478812426414,-0.5205848671438222,-0.20208456405335273,-0.20454451046197175,0.027452880313044326,-0.15621645424075797,-0.04673423355947792,0.0
0.8998067727735913,0.3166551775140243,0.3502365772443664,0.555508029437483,0.6201048335498679,-0.8933725511622375,0.3539770360085423,0.21951250987576454,-0.17165603562683462,-0.5186279877571937,-0.10971463479319774,-0.1205435154484671,0.10436607496263726,-0.20082272602433326,-0.07679692415435539,0.0
0.9589954857232615,0.47441051812175333,0.3562935607510975,0.608957616407861,0.5851826220787981,-0.7836692332089339,0.4877897337432676,0.2715034387030458,-0.3266881834309634,-0.5154328465040197,-0.12663271423974165,-0.06558994283648677,-0.07687764703918551,-0.027246318225801758,-0.2840784348339502,0.0
0.9102657430522966,0.3911445898205946,0.4316435126290375,0.554622486996954,0.6732706817126904,-0.7951858778157548,0.4182171556992699,0.3055961593634745,-0.36744126642002267,-0.4686299097814608,-0.1343962860117109,-0.06036713057428182,-0.040920468240081595,0.011595920624163557,-0.3275676324212111,0.0
0.9513289796301816,0.42175155450490737,0.3644278627070397,0.5918536372857282,0.638462163819488,-0.7628066918475127,0.46630639067769813,0.2710519442512837,-0.30794855106821045,-0.4741720232284781,-0.010949134361971993,0.1192623578053457,0.029150549139868455,-0.00806170297830214,-0.4933861398851311,0.0
0.8807022670565186,0.450082996356547,0.35717202867714803,0.6296023737716565,0.5430672100999555,-0.7787458392532376,0.4349885255541999,0.19046722435129218,-0.24091417458592407,-0.4930278913756049,-0.0911471955404594,0.025374577500970164,-0.24416211243281016,-0.02299855794491307,-0.2552012732641911,0.0
1.0599097496258676,0.42197125583190803,0.39501445425899734,0.6099565907332751,0.7651360432421718,-0.6887771715838356,0.40067671367235524,0.3184447455692193,-0.3366099782672216,-0.5405401965344098,-0.17006675721266223,-0.0122890618696831,-0.5007201934775676,0.038975662910102,-0.37389871828406396,0.0
0.9165948929498605,0.3944518947709141,0.43753096876390934,0.6866436832097293,0.6935023001105131,-0.7108202136949586,0.44322053463055155,0.1916485757413668,-0.366550608463508,-0.6160912960227817,-0.11075608811796671,-0.03599464339053817,-0.35238477834689486,0.13998510303191097,-0.3213231321799643,0.0
0.8851921338101418,0.34462774532595813,0.47075772822045153,0.5534822455314355,0.6545361562718349,-0.7337015934218993,0.47342427160983014,0.25554739303192836,-0.3177543110204529,-0.651283945211022,-0.07015912415569207,-0.013190933193201504,-0.2831076170418904,0.06572097214468718,-0.4352346846956583,0.0
0.9907120772241329,0.36928247539447645,0.39960970609459323,0.5956774216147481,0.6514927451119059,-0.7133167362701754,0.5129523999480534,0.20871924848461584,-0.32324905816464883,-0.5429953204125497,-0.10491989411634575,-0.1356096772555398,-0.10430575871399127,0.10967117969056533,-0.48103251722159807,0.0
0.9834388640706047,0.3697795487034363,0.3384297908789303,0.5473597401691996,0.6849039140639694,-0.6999211194061409,0.4675192898562434,0.19749757827836578,-0.38421799703438886,-0.5631324157007556,0.10857824697307557,-0.10804414491935127,-0.003573856236255904,0.05517616755012042,-0.35944028480085805,0.0
0.9630734639828276,0.5065133465512129,0.4353522616516596,0.6393442291213464,0.6206195415477219,-0.6861468531497825,0.5468304244643961,0.17771755817054544,-0.4383602898847038,-0.6491331042792509,0.12032340456914331,-0.06049323826766572,-0.17158499527091853,0.09787566163439011,-0.16331341816323075,0.0
0.9506590811273694,0.46086361480896576,0.4277924184634178,0.6130998379889466,0.7534457507389177,-0.73526955275834,0.4874231650246305,0.13418904912679108,-0.49190763454060965,-0.6631256485274178,-0.0402242142470092,-0.029509601799146905,-0.12753319274865998,0.20925126342278233,0.00824977258250048,0.0
0.9787641545381771,0.4814420792586484,0.46016298365480685,0.5457079108547054,0.6504663476421932,-0.5968589257439593,0.6324867551557437,0.09753549064685826,-0.5919626849312709,-0.6495637663565075,-0.18674516794176294,-0.29035351449844227,-0.06450753670643766,0.3345588695673693,-0.06518388040545378,0.0
0.9656887921170034,0.47296174376518535,0.40270304511822963,0.5646013275042612,0.6976970536115948,-0.6988212210808101,0.5364643617601108,0.10509836186572105,-0.5115492828235148,-0.6653844921547332,-0.2000026560597704,-0.23939570722978792,-0.07797684407384847,0.24190759253802746,-0.16259494636126068,0.0
0.8801355073602531,0.46795803377162704,0.315703581729513,0.5355758180990817,0.602705440534864,-0.6235738595716251,0.5863275087910913,0.08234786008680875,-0.5882133838915852,-0.6899366115428331,-0.1665511284176734,-0.2747381011309349,-0.272766830552954,0.27060614847694026,-0.18345086822553025,0.0
1.0355566742921196,0.46702288434594896,0.3895187491472269,0.5611401396442357,0.6264611000940943,-0.6589812144152676,0.5870488971492023,0.0012973566448994112,-0.580563026478056,-0.6713369694570858,-0.0772249263349855,-0.08193393306242477,-0.5257876896409048,0.15863906297412325,-0.22177909140160407,0.0
1.023204736119135,0.37732752951842263,0.37742061915358543,0.6152446725640207,0.7342405595431244,-0.6922258573715168,0.5457269854143152,0.0713239545266067,-0.576939503191066,-0.7664558666943159,-0.04578281905177908,-0.22253242364419046,-0.3985678511496418,0.14958586374073538,-0.24571671527784794,0.0
0.9514941892604684,0.4358503450624494,0.42519815659448373,0.5747928547530512,0.5874336614183868,-0.613025552196922,0.634145661550471,0.09273582494428476,-0.5564270489961072,-0.7078540985186191,-0.21981841038204927,-0.029791748452354397,-0.3899125650565328,0.03403270187190659,-0.17850265252555902,0.0
0.9005016672884887,0.49826693340024053,0.44572152779875535,0.6620626463409605,0.6765506519090972,-0.6436022716642644,0.5662736548362695,0.01226192869326034,-0.5518515530783754,-0.7018209177735552,0.041106700375400096,-0.16008462902012738,-0.18631898805942534,-0.098833426463673,-0.15445884718546699,0.0
0.8994858945751535,0.433581553670713,0.4059791296494344,0.6139794959059117,0.5949101590254824,-0.6914476027561947,0.5299208295067794,-0.04404444012563996,-0.7120294711510231,-0.710889586179334,0.011793214713487064,0.05427150438212122,-0.24823388674647742,-0.10560238595950458,-0.01865493385564465,0.0
1.0135152965478649,0.30260319242143074,0.32254165929793177,0.5924341888334836,0.7059734862954441,-0.5887776584465865,0.6496134763109409,0.00018934676672778886,-0.6127424174793561,-0.7112454624752597,-0.007041915151619647,-0.054704396061774664,-0.40487265780072534,0.03750216647961652,0.017113128917941027,0.0
1.145199098240331,0.5120050386202756,0.47269736493424963,0.6330515646788856,0.7029137330392442,-0.6659664517539844,0.6943558805486584,-0.017536807920870527,-0.6266011304938117,-0.7736266445988593,-0.1084681477693652,-0.13980038501771574,-0.23152347940005713,-0.004881386984553766,-0.20443978571973123,0.0
1.052302625895072,0.4815264005566293,0.3955441345366838,0.6435545405789572,0.6611072073736715,-0.49444915087880237,0.598415183438052,-0.026541395739928912,-0.6369732059834534,-0.7227107268134643,0.0008704295967294495,-0.17278824062582543,-0.09776791267227809,-0.05595547769440398,-0.1903880161776961,0.0
1.1421408307210879,0.389872545105824,0.42770251299437956,0.6181021255274503,0.6203542197271458,-0.5997440054298601,0.6979465006884187,-0.07160154151657441,-0.6539876161989712,-0.8130879479756946,0.007428853168024429,-0.12236519595398444,0.01848350207944932,-0.13305390628019031,-0.11234707340686281,0.0
0.9791847386630713,0.39725690326279034,0.3261504814605393,0.6206484145379507,0.7054969207172804,-0.6865615758449316,0.6446361806548615,0.010419723590154778,-0.6081217001508178,-0.745927424921056,0.2669490371428157,-0.22600975143255525,-0.04448251574445375,-0.02723565609795374,-0.09876018684079851,0.0
0.8806498453585342,0.4750873166885048,0.43809842028646784,0.5997757216187319,0.6900655483115196,-0.6279339755508555,0.6338897795458831,-0.15018016731808315,-0.6432113289704304,-0.7608359790178729,0.18275914514530797,-0.28561348134217257,-0.01086492139689535,-0.09986764153060858,-0.025463174509103716,0.0
0.9881527209145016,0.3776499252182508,0.3798822619868434,0.5847022910211847,0.673927496300025,-0.67827813343706,0.6728795915850903,-0.129096707581157,-0.7006271821315777,-0.8566622305146754,0.21548785743272664,-0.026039994587777282,0.0355709837344216,-0.3539234902580126,-0.14108722732769374,0.0
0.9492111745657159,0.39611932574850783,0.37674099410751954,0.643595756076725,0.7471385744564399,-0.5834781195531377,0.6663851175717451,-0.12030335325592587,-0.6964084901993477,-0.8137106978122582,0.15052415486600318,-0.13000373960210193,-0.13502955594592947,-0.1415423159541011,-0.1956206198364255,0.0
1.024067275209009,0.4961534030350644,0.41408059002289077,0.6271644868158547,0.7438720961386864,-0.5437198832476127,0.6680476238436458,-0.16521784684280683,-0.7014329584536781,-0.7886015498714267,-0.04598759299600563,-0.13738376162913854,-0.09761031134644499,-0.12803238357545385,-0.1551786001328289,0.0
1.005961600949328,0.45948278283311317,0.444352275199279,0.6211139218456723,0.6533734767276738,-0.5677975189741553,0.8428522710802355,-0.09100107467786073,-0.7426408039746806,-0.8355607388195085,-0.25447693302032465,0.015267571104576522,-0.15070349338165945,-0.12505446725875374,0.09917606488310118,0.0
0.9833878533588062,0.49012207293432575,0.47935669631217004,0.6364535118436062,0.6349659864497657,-0.5075022395001177,0.7295079121647245,-0.18344371818439828,-0.6387066295224975,-0.7996236940503225,-0.18354604065824887,-0.07117710401353788,-0.1575990871028228,-0.2221421611718139,0.025453869997878048,0.0
1.0193505632224462,0.3966745559220701,0.43851540720850557,0.7064956490184349,0.6866563205683047,-0.6266045529330818,0.615537960609856,-0.24643061765637947,-0.8010593205389842,-0.9061465359564513,0.06735072491003027,0.10850871929429043,-0.2544031330397643,-0.2588873969475741,-0.17741971032238843,0.0
1.0339985149891306,0.4332866033656057,0.4746006834494848,0.6895471871711302,0.7766008953466651,-0.49351804933220716,0.7893220441062675,-0.13894711563397508,-0.6870907266636589,-0.8164769687051668,0.04260873422372714,0.016700059805425764,-0.19307807197909904,-0.04700734656608213,-0.18625322627646357,0.0
1.077351060872148,0.45919444939293186,0.48513342762028167,0.6714656183100314,0.6349963970430692,-0.5201540477373596,0.7758031942578215,-0.270375344979112,-0.7943882787737787,-0.9332039998428799,-0.11725823930662932,-0.01830340029715933,-0.22787469560238607,0.05910164880250103,-0.23249489980684884,0.0
1.012611320718522,0.5065507767521589,0.45955233188305933,0.6136526816919695,0.6101335045966193,-0.4731388588329121,0.6967461249102911,-0.350478135494959,-0.8747072583626725,-0.8750939630094346,-0.044885839334931364,0.019493577540384797,-0.062298868805216956,0.11774134943046285,-0.24789869034492826,0.0
1.0279091526484074,0.44946176947518784,0.31157557814748843,0.6555870825261008,0.7027531421646531,-0.5664851121860203,0.7936498758701243,-0.2123170608044206,-0.6187716815261973,-0.9337564548911693,-0.045234971387048184,0.04934385483692705,-0.04736110126517109,-0.17063858030627843,-0.2297656365346662,0.0
1.0663269063004472,0.4354762640108774,0.4280145826680027,0.6396125184899107,0.651125109913064,-0.5748298882172185,0.7552955204699721,-0.3207664443013996,-0.8132958117767319,-0.9007001775274728,-0.05486315925117713,0.04959843935581844,-0.20684520767225642,-0.32375477744309666,-0.07449476803993516,0.0
0.9576328014807879,0.3459545274922693,0.45636925319524924,0.6974889304293476,0.7488379498001803,-0.5258771290247548,0.8510706560978555,-0.2438275732207116,-0.752334812822493,-0.9236881880918468,-0.10292280011631388,0.007629196366318043,-0.020750238296924628,-0.5938914407704319,-0.08655993482397022,0.0
1.015827150837479,0.45038712352206267,0.4552189928465296,0.5645775199234815,0.6291798057405051,-0.5284006442660671,0.7403076157926584,-0.33687214434835616,-0.7634890650756617,-0.8592838782095276,-0.05691555639555573,0.181497364303968,0.020261267641251732,-0.6393188800392918,-0.05916169704620927,0.0
1.0649043527335784,0.44941542210774654,0.4630747918337664,0.626212255250537,0.7399888447830061,-0.4411595101582167,0.6681539910083931,-0.37696066282042373,-0.8432536476925522,-0.9460048740493054,-0.09689699368435555,0.06801610007327437,-0.022612651654123843,-0.5832514591789743,-0.11144747182970527,0.0
1.1515811047755928,0.4128719879029992,0.39110005496639544,0.576641793050225,0.6481782867735282,-0.4089426362528539,0.8171789529667043,-0.3793309421135238,-0.7682879025680318,-0.9836953154456952,-0.011579816667948425,-0.07486640774321363,-0.14584756118409448,-0.39832176833771754,-0.0974631924901895,0.0
0.9754866302935402,0.43035727697318177,0.38906585276911587,0.629807640152003,0.6596077775149606,-0.5893481309691776,0.817080777787391,-0.41326838486285694,-0.9110546728473446,-0.9523016784026112,-0.033203850952210394,-0.011354982186760142,-0.03220658251555218,-0.31906238535342174,-0.14374849089959704,0.0
1.0111970607838698,0.3764172122907071,0.5373729250843354,0.5792947936253501,0.6373713987281279,-0.4431879413663241,0.8398544988567673,-0.41534475435102675,-0.8886221635038233,-0.9663079648715464,-0.14404998640645864,-0.1609339685710225,-0.124448988717254,-0.09259224738606192,-0.04365119850601462,0.0
0.9419819876905182,0.4248969627609405,0.4459339350253896,0.6689339401859491,0.7347100235606773,-0.483750965310047,0.8441389915217254,-0.36928906422199814,-0.789988137577331,-0.9817982272602768,-0.0705935784512518,-0.06422022534052353,0.01963200162063576,-0.13519300971116027,-0.05154549260930374,0.0
1.046627499292552,0.43711401853711557,0.4714170972171852,0.7072257774644969,0.657940944744905,-0.3287012673027089,0.7560497320243326,-0.3652789130323633,-0.8448553509248716,-0.9320702914608104,-0.009921832471543962,-0.16772645967421596,-0.05812512418616319,-0.2138306852688593,-0.01769118730665095,0.0
1.0402091167400016,0.4754342567212219,0.4087140292572162,0.6295331856422925,0.7769637142909682,-0.3971370159513246,0.8440641640615415,-0.5169601547329615,-0.8495236238103495,-0.9290210730413455,-0.00972486718026661,0.04091473336998169,-0.13038763467411907,-0.2752055866823863,-0.05131165849967616,0.0
0.974324940984334,0.32697664983331,0.5122133671406117,0.6393591742056349,0.6961251216444411,-0.4379880839302685,0.8074364589696497,-0.4025382745767778,-0.9143284382351107,-0.8786418592315174,0.02428371886274974,0.03190096232358982,-0.28308427324871854,-0.1673214644105186,0.023924643417143926,0.0
0.9829785906289262,0.3941694038797808,0.4736710120599167,0.6406343316449815,0.7203177807289106,-0.44826509266353964,0.855448053738738,-0.3524622193154514,-0.8725044960825048,-0.9253827134327841,0.18954678144668466,0.03314938094120155,-0.18344684891546448,-0.1353468428539445,-0.07710279882907817,0.0
1.069303670011587,0.4877246792426688,0.48598988370563395,0.7167941085687035,0.6562751738528738,-0.3964376507130367,0.948077202633872,-0.4957338957029567,-0.9348834976580023,-0.9926378616140984,0.26666518292387376,-0.02907643619293496,-0.11519697031138156,0.0038084531413538347,-0.15819463191526173,0.0
1.0677040605671644,0.44549764567634575,0.44815085894242573,0.5920276920767084,0.7440523035136678,-0.40525049178373507,0.895452010422285,-0.4229141626943048,-0.9380248672789572,-0.9496624309265664,0.18139244802186824,-0.04026236648143605,0.03474761727109872,-0.023225338732059415,-0.10698126724675881,0.0
1.1260398679437544,0.5320412185115844,0.45881484689167434,0.6741320971864181,0.7591060405154811,-0.2832137892420007,0.9088627309454664,-0.48425776140077675,-1.0129826456973987,-0.9595092808180715,0.1629390874854366,-0.1718179497390303,0.02977060189170545,0.004643139893824182,-0.06223192946152099,0.0
1.104117820925074,0.37475835234106286,0.4510433805032075,0.6316976541831087,0.7422640772062407,-0.4335237346216423,0.9010085388298544,-0.4950566784246112,-0.9397894340825305,-0.9913537101386449,0.2050077641063772,0.005719457750533147,-0.11559230453839432,0.058114033352977094,-0.08950515306969878,0.0
1.0532315000229215,0.3757995612471199,0.501842708598609,0.5624226636384878,0.6677006106981431,-0.40156923211682305,0.9142890006042401,-0.5091732718736717,-0.9248106912084783,-1.0519214506205325,0.014239145633750172,-0.04790951525287904,0.0039020043182375064,0.024177926709235735,-0.16073982417967564,0.0
1.034094371383613,0.5177573738172562,0.3898116648491364,0.6485476157575774,0.7490242630588879,-0.2620218505738442,0.8706286683293916,-0.5889851985029478,-0.9843873905109888,-1.0592941653694434,0.2771087961005643,-0.07689823011369903,-0.08180201033147662,0.061883691716132345,-0.19553383268472913,0.0
1.0289135974651957,0.5264589690011975,0.5261688514874386,0.647793670250846,0.7272059063753903,-0.32555409772844224,0.8603401992830948,-0.49822036167083594,-0.8580783152777477,-0.8947049888284281,0.14168062277509,-0.04806788968766702,-0.09726322622213196,-0.08072658845562894,-0.10759307851585181,0.0
1.0289101013802417,0.580688914097126,0.36210063490285915,0.7097058696192737,0.6854834980299457,-0.2838923045039105,0.8520927398333027,-0.5601623973055017,-0.9209411768605732,-1.0193266283313793,0.19030237412189344,0.011474705347148045,-0.138577885574919,-0.08993294128316025,-0.21416744953846448,0.0
1.0699857123521614,0.3673013822944703,0.4238624061137017,0.6152169872958121,0.73774463403486,-0.25577588064344414,0.9061785952790478,-0.6146177877245085,-0.961655686122629,-0.9647190146486057,0.26370417575190813,0.0014685655590812455,-0.05125917544213882,-0.09267997856656615,-0.20535263566519776,0.0
1.1923903583968736,0.48304062701994405,0.502497992441622,0.5994003571975944,0.8296690266736575,-0.3704507445408053,0.9715030636433062,-0.5865047405418126,-0.8468090017904047,-0.9744840997773583,0.2168626062202037,0.05133290355300376,-0.23481934758338144,-0.09804401005593402,-0.3328288914612566,0.0
1.1355940726862044,0.5012079059560116,0.5623304190948761,0.626863802565722,0.6455629617426474,-0.33701750860088553,0.8784078861363978,-0.6148258188766105,-0.9919740949153683,-1.05262279063885,0.10519904805004572,0.08804296185117048,-0.2987723692504295,-0.0436259163986454,-0.05859943370062659,0.0
1.2100256881489968,0.4577163274282663,0.4604926598315496,0.6471125877508958,0.8730793887951865,-0.26946435594984525,0.9759935916266411,-0.5676000626122081,-0.9451807737401702,-1.0091696986221037,0.012646249304264626,0.12824939793916562,-0.23857287205172428,-0.06944242884336888,-0.1623067679121315,0.0
1.0669940720592876,0.4999260047697489,0.4635690064033367,0.7200251852882011,0.7219214824748437,-0.2287056439815377,0.9054418605854764,-0.6058587280804449,-0.9746654935622174,-1.0702423926381697,0.07952680260133016,0.06380412843506685,-0.06264667139468663,0.03832175847200622,-0.15036921909959497,0.0
1.0346736525817062,0.46081206900536514,0.48850688347143906,0.705270711255939,0.7069292847572605,-0.3218282329691443,0.9468087624450816,-0.6596615966283592,-0.9369948449095973,-0.9764880000314023,-0.06440694400192368,-0.014842842858896213,-0.08241086497419006,-0.005395327386079778,-0.1850650986629152,0.0
1.159717294494289,0.3451514916503283,0.5097266596239853,0.6546514260390449,0.773936404939196,-0.30406606328664315,0.9048546820650047,-0.6635555431426653,-1.0122018804916388,-1.0939482675781336,-0.25199470722448103,0.07755867776903715,-0.022717804443312804,-0.11996870218671554,-0.19175924777037465,0.0
1.1228716098140719,0.46475993784935027,0.47990638839999455,0.64828079828161,0.7767665686933509,-0.24858895908473647,0.9006152275523713,-0.6028137883113363,-0.9590864291349956,-1.0067968463940797,-0.11017450571822993,0.060835068888705955,-0.04437378958317961,-0.050282915372556476,-0.26844646443458553,0.0
1.083097189189271,0.47971107938436797,0.5051509134356572,0.6655358318495854,0.8019241138993232,-0.2376166987688058,0.9470049450829635,-0.68829749408906,-1.0078398380993636,-0.9873131668723084,-0.13867882076860127,0.09133646172905846,-0.01616972845139161,-0.14612898035762806,-0.10070613971460668,0.0
1.1810746665030116,0.4581455688563663,0.5027562665899646,0.6831561423455329,0.7917721472719418,-0.1733784991031731,0.9528649788711503,-0.6798253001195406,-1.0227475382537703,-0.9791272960901111,-0.07210737635359946,-0.006543010385969723,0.156130517894243,-0.2024143021077205,-0.20256618450459535,0.0
1.0720612890608059,0.4524038465180534,0.5168742436072035,0.6584595833781873,0.7355164108325869,-0.21458490098284524,0.9636562311463203,-0.8209979510674495,-0.9385444151370259,-0.9849366266950556,0.08814779584867585,-0.014841244803813394,-0.0392531929913906,-0.1450870102829246,-0.26672643142368957,0.0
1.132402091625733,0.5561740280559638,0.5339780829987073,0.6360208664453074,0.6449766540352161,-0.23252746344243913,0.9920610660200192,-0.8308780326671881,-0.9836062062180172,-0.9576724585726101,0.045539786772979374,-0.1717072741285915,-0.16744026315950059,-0.1539138267596482,-0.15787165699387495,0.0
1.1330999793741052,0.4663257926379516,0.4916205545273785,0.7369969087981529,0.7577692833539522,-0.2183187753390866,0.991022528102874,-0.684203812336165,-0.9544618828897795,-0.9864869865009434,-0.04491611622045746,-0.0490918299961909,0.04650633858875389,-0.21454155301379774,-0.024168678390155116,0.0
1.138661101341681,0.550660058424624,0.5449000888384247,0.7648650408277499,0.6924668998497504,-0.09703027479416598,0.9871216872947205,-0.687663545921252,-1.0135095239870893,-0.9855038601921857,0.003888190178174905,-0.20527676697123254,-0.22844324300777627,-0.14451799905795928,0.07973052806270987,0.0
1.1184252298217525,0.46128702369866165,0.4102743932186402,0.6900306020606729,0.7503326683559917,-0.20400281652196603,1.0306499099234547,-0.8355227442117513,-1.002043432124209,-1.0609535439608304,-0.0024105918751224855,-0.10467295549821166,0.0014476979986181582,-0.09022507780149051,0.005719590742523026,0.0
1.0456185392801407,0.4648902734671211,0.551149447706204,0.7598015543840655,0.7611375995939209,-0.14687765258308688,0.9781798797839315,-0.7400635575089513,-1.0005987573434831,-0.9956512275726036,0.026897479492178532,-0.18953379710673757,-0.06199955551130461,-0.1802235042085764,0.0757844932591807,0.0
1.0257506986238525,0.4098196132771509,0.46406832802496073,0.6375191911926391,0.7247204399498045,-0.17800827841729128,1.0072099120350064,-0.6978895569759583,-0.962110529536457,-0.9733973201262783,-0.00026180054933426164,-0.18950362157003808,-0.016692981269565497,-0.17877041634645102,0.011058442215823444,0.0
1.1479444018386487,0.4829116832517969,0.4706002080947601,0.7057381892536921,0.7848886075875912,-0.1122386219394402,0.967101083885309,-0.6883253148618512,-0.9581124019748014,-0.9571247345651568,0.01212756544911965,-0.08144225738331787,-0.056973965557393445,-0.15280893049987235,-0.06368400428018135,0.0
1.093114326346054,0.5605976310965397,0.47879070758979,0.7369078764285669,0.8014227031189438,-0.05702777899966868,1.0305447316216512,-0.7944989726354478,-0.9796078485273394,-0.9936572659565284,0.12914737864144918,0.03183784970483696,-0.13396590896175772,-0.11488384335789417,-0.04864649091098849,0.0
1.1451248782712555,0.5064906762242508,0.5801437142222384,0.6389470137007396,0.7089536265465147,-0.09489363147551425,1.025226827592821,-0.7979943065125579,-1.028167944642009,-0.9689821086967585,-0.1251814924357763,-0.06123027872815749,-0.11614872466050838,0.029586080419682567,0.09171547223166812,0.0
1.14348166227085,0.5692062511686018,0.49933849063146163,0.723760483686558,0.7596403347876087,-0.19807349516740658,1.0302363469179188,-0.7833907408837154,-0.9500106122572948,-0.986590893169305,-0.10577437367672261,-0.05916211108208549,0.00019612472085481225,-0.05534034899426807,0.04264371724930094,0.0
1.0946155328575577,0.5665620307589716,0.5212777361178319,0.6650840310921391,0.7788683326446263,-0.23750379850942868,0.962183583961207,-0.7709883012179483,-0.9964108191999442,-1.0354680483747571,-0.19879005207188694,-0.014169828224027056,-0.11978286484812456,-0.12403179377919663,0.04631304245392509,0.0
1.0836975437055238,0.46828633084248633,0.4369092393757682,0.798065924962933,0.6730192248028001,-0.12594670580533474,1.0814931305458155,-0.8501785780031091,-0.9081706515335194,-0.9514059530001808,0.002235420887351902,-0.04530592478327686,-0.02820834552108273,-0.2994803418409015,-0.10160435711244784,0.0
1.1295380613405996,0.4689471176055838,0.5568946062413569,0.6916792268033346,0.7290206357553438,-0.09395039248852669,1.006803983120269,-0.8923760136937235,-0.9423771248605292,-0.9566935980025109,0.004134416862783938,-0.07028811509292622,0.05329657893403767,-0.4451717985801598,0.08448653613096056,0.0
1.104939336429574,0.4412408965515563,0.5019488615146069,0.657234052330301,0.8334661692529275,-0.10019688140779429,0.9404368378443697,-0.8943065069504972,-1.072725678822565,-0.8769527676248541,0.03459660881516313,-0.07416833461980518,0.21382484190642637,-0.4766563470237593,0.12697290839683933,0.0
1.1309542340669467,0.47016727943595027,0.5306189370351008,0.761142088853482,0.7449641317331204,0.06689864310924841,1.0464470134641628,-0.8231342645144508,-0.9683786460848092,-0.9532573754944592,0.10095571684676322,-0.018788646302025702,0.03497486453380258,-0.44796156514379903,0.0167318908096767,0.0
1.080555476631188,0.43180453701340976,0.5287192914232859,0.7524282027207634,0.7316115905552772,-0.07487895970151848,1.0768423207573914,-0.8143293264745289,-1.0113335202241327,-0.9770057781561049,0.24046721760615875,0.038584186620591696,0.1142784402651151,-0.36284278844062,-0.033205669111887805,0.0
1.0665185580989238,0.570913413342701,0.6217333573529285,0.7347106737674134,0.7111434475134574,-0.11316737627997195,0.9344989947912141,-0.8512445330563402,-1.0189581867899498,-0.8774969501553871,0.025630513680792805,0.09403399786382861,-0.06616408485358995,-0.38206103111690115,0.09596903903967109,0.0
1.1026435242215447,0.5476972158319012,0.5277782899311284,0.6288774905722911,0.7473051065340748,-0.13675744530533593,1.0393602747352488,-0.8789024475606207,-0.9747215200530172,-0.9598584178593078,-0.013285250693991727,0.06132979672946625,0.05749508647065181,-0.31823567153825466,0.018055445979817113,0.0
1.1599343576505998,0.48642824478462415,0.5201010826493194,0.7428911011929973,0.8135908002808059,-0.03964192672597183,0.9233572978279369,-0.9003988490749689,-0.9666557275326484,-0.9823077778008312,0.0469307713712871,0.04695716359224355,0.037105662724149634,-0.3138236263695317,-0.03597857798687652,0.0
1.1224829755656156,0.4607081663750125,0.5340589190192279,0.6958844238500418,0.7367998002939246,-0.017990850879130393,0.9779074716521713,-0.9043885758586353,-0.9543088017554573,-0.9210702453058714,-0.010634311614651483,-0.11665256521370565,0.07936959823582804,-0.34887249543215415,-0.13946394086119113,0.0
1.1924931021756726,0.4337022825552094,0.47148700044584296,0.7513701733262775,0.7914003691953428,0.02784886445459452,0.9452845137483974,-0.8205758097107774,-0.9527974980716477,-0.9133295540739034,0.04215771409331568,-0.04665739905600777,0.14635260808882863,-0.2566683809478113,0.014871210600068852,0.0
1.083944150834674,0.5065310509166545,0.516382426491532,0.7157772850979319,0.7712703416390317,0.09458481883451644,0.9191967899519524,-0.8790997945209239,-0.9632239806883718,-0.9252799878085545,-0.01435075940434704,0.030770868273039282,0.15667186122212406,-0.36604801759810357,0.2483860846105679,0.0
1.1271514352026828,0.4801046155894875,0.45426849393987806,0.7292264238604511,0.82925965852218,0.021718060962832467,1.0291336839276883,-0.9734388822805506,-0.9464393840235663,-0.9730239722263367,-0.03251555960516847,0.06523664094918036,0.2904121987867382,-0.3438447577839528,0.2409993808295366,0.0
1.1258966461047297,0.5708830795748849,0.5575558907534028,0.6832280700810921,0.8093174919166858,-0.01903983852382511,0.9590941472805238,-0.8872572642261913,-0.9901054830637844,-0.9139286334646471,0.052015289264134054,0.012486463743658607,0.24663802056201695,-0.2488912784850928,0.24376447678582494,0.0
1.1089147244841056,0.5171674390653713,0.5224689776373865,0.70445733002772,0.828788154985442,0.0728328308196054,1.0433619161314298,-0.8879647314254838,-0.9649674559088908,-0.9103708161334629,0.065511575817148,-0.10645292552636383,0.17598242370853284,-0.23548573504264927,0.2080079555200357,0.0
1.2147569281735076,0.49540936702406513,0.47398562150454837,0.7590849959380741,0.8228637420816933,0.02376791213505807,1.0173707856768306,-0.9677984171711542,-0.9028795881830765,-0.8763000785038881,-0.28940995545875026,-0.30357710655508086,0.034000974953531604,-0.3591788277258522,0.3110991124187872,0.0
1.0850461944363137,0.5589032444280503,0.7045274613916956,0.6871424191538055,0.8484449308619982,0.081631989893963,1.030974738099094,-0.9629386880433182,-0.8892622358107786,-1.0027156078502157,-0.16081004387895081,-0.24163487976257197,0.029532275492588734,-0.3201144246377975,0.23584950702345853,0.0
1.1903699035629727,0.5069764767113856,0.40103780395707,0.7668465418537873,0.711236524485694,0.03357090138911342,1.0477146352880269,-0.899114279067055,-0.9115750707128469,-0.9011386069376753,-0.13540930168604257,-0.29600199666245386,0.07144670208245629,-0.2016587360240342,0.26032587781423117,0.0
1.1642506315300196,0.5497035593793118,0.5586082155879074,0.7058428060253471,0.758983546298181,0.0795430881064651,0.9908079578256699,-1.0346570584732029,-0.9139830202377187,-0.8876241560943773,-0.19862906661700766,-0.2829086110062952,0.17186840968112937,-0.33546507203485665,0.15943394148263204,0.0
1.2345108971446634,0.5219572985125307,0.5672144147241786,0.7349014701159433,0.7032098395720201,0.05607246513054383,0.9671320158914278,-1.0274199536604112,-0.9642155243776539,-0.8201218221029609,-0.021366099989320403,-0.1863717910534116,0.12145815341081628,-0.4639032326140564,0.091422817482334,0.0
1.1171940283129378,0.5203151280232128,0.5427308402197779,0.6635128954816396,0.7558931417186218,0.0787350373417143,1.0114297161744816,-1.0156077069842586,-0.9627569054457269,-0.8256947237157398,0.191399891041587,-0.04953019036267618,-0.0318622787640296,-0.3445286044616663,0.0866566768925235,0.0
1.1944559437252118,0.37430625067638945,0.4755932105045806,0.7596061912267232,0.8196215182701824,0.065621126706656,1.0686417394498222,-0.9860263803858308,-0.8513940507815388,-0.8634827576133348,0.21716577431967238,-0.12903656795728824,-0.08769122911144087,-0.3617125593611656,0.08624295332782483,0.0
1.146616316653306,0.5089001253652414,0.45802347658598763,0.7782378483238785,0.7952776919115737,0.18962979075269237,1.001403702162764,-0.9901996056686437,-0.8995735318882226,-0.8977998131911513,0.2003140492256031,-0.29851618093946153,0.007810936822782999,-0.4616204465449938,0.10576721859968205,0.0
1.1908195149887013,0.5226130350372751,0.5028764289925498,0.7732168750737619,0.7874189756440425,0.1436170277108835,1.042729164792862,-0.9830382582149925,-0.9478454212981403,-0.98813069175886,0.1407083513495231,-0.1313129376792351,-0.06184706207419276,-0.36356432949519696,-0.0635381262099645,0.0
1.2379786927661998,0.4315125979047093,0.6047530480634336,0.7241046676972042,0.8342714620067125,0.023981382155183598,0.9333785866852053,-0.9807917342023316,-0.9242422120627335,-0.8669373361347029,0.07337510922882338,-0.03809957333484793,-0.06820167328708454,-0.5712730487840063,0.21230364448368694,0.0
1.1460559167081652,0.5594782747161009,0.5867183388328412,0.6649716501031055,0.8086349855568048,0.16898695519431328,0.9741894502542523,-0.996670944345706,-0.9242964540420239,-0.9071547059941103,-0.03717789227635831,0.07441039185845351,-0.2401294368166845,-0.43659394761750725,0.18070089683147403,0.0
1.1030686338346631,0.4908538288579144,0.5453899080191579,0.7668120183529983,0.8770593865172966,0.16267939105522167,0.9447292112695045,-1.0425443911047816,-0.8899599966451527,-0.8162550965355362,-0.06774915236236105,-0.021254734729533,-0.15990362456992419,-0.5966880773272556,0.19081035783488615,0.0
1.2810964708268173,0.5275537304068931,0.49382865117126634,0.719959335028771,0.8279834323993288,0.19805110459800904,0.9335047832701484,-0.9735882023857856,-0.8387376717220557,-0.7555478370038313,-0.15113107060630515,-0.049071348828105585,-0.2968842053540906,-0.7877367490528179,0.12726836060244398,0.0
1.1903188450891542,0.5301000905007407,0.6566022024728598,0.7569548110136782,0.758089151900079,0.15827159224812656,1.0465285156577033,-0.9864613684229682,-0.8865551927046105,-0.8184162153669563,-0.04951044453211233,-0.057135559147108654,-0.03682068987097159,-0.5200033347656435,0.1485062852462213,0.0
1.1790002794127776,0.5234966497087304,0.5295244094716893,0.7172068918664355,0.8772980656090639,0.24154952003048138,0.9908206656508687,-0.9714985858025457,-0.7934018316510526,-0.7315711559017208,-0.06516739601718487,0.0027231554122800414,0.07711906559043066,-0.34272467771882814,0.11238072292905192,0.0
1.1603149726717301,0.48239673981818204,0.6313875726975712,0.7581544777709681,0.8773143843554022,0.27191658179817957,0.8794707053272466,-0.9199510108275812,-0.8501137924873837,-0.7124157255146041,-0.015916298317116162,-0.10874454473150576,0.025549805328834822,-0.29168389351632024,-0.031498328626710204,0.0
1.1727736052506008,0.5066942767989483,0.5186745371685719,0.7276424105866075,0.8000869207965272,0.26229349478986136,0.9680772249250561,-1.0571974137253703,-0.8353313317920136,-0.7862504519875099,0.020651009310852612,-0.19397808457377352,-0.042257063654089,-0.2778949812587741,-0.06953656793880683,0.0
1.1558315421580219,0.5598505470719299,0.5049202604160351,0.7763839427917112,0.8045325323708259,0.19058974907041826,1.0025192128751184,-1.023342558805843,-0.8048454135355433,-0.8730921266579539,0.11264190791922274,0.02714068288490598,0.02070639200409117,-0.4187002229915301,0.09714210416892251,0.0
1.3003113485057305,0.4972311840158285,0.5438236418354802,0.720006033819168,0.8248890403283949,0.17989030860591682,0.9422596565766919,-0.9514490240340544,-0.7712775294808708,-0.7646623980535913,0.06173612947058907,0.14054374535953545,0.08961228268624652,-0.357992624189087,0.1125271633278184,0.0
1.137205597897956,0.5079208178227961,0.5496571184709195,0.7304970667534072,0.760499160865991,0.21337535972111446,0.9625127386673219,-0.9657676530309962,-0.8273318091431466,-0.7740503709942499,0.23195045576382864,0.07296469618266796,0.10741376867173397,-0.35532722650556436,0.09302583840351303,0.0
1.1648650212791734,0.452653598437039,0.4692955226324029,0.7063341681508876,0.8559302282053378,0.26891098055222884,1.0235253941971925,-0.9885560842382919,-0.6977772747384865,-0.5954120835097085,0.26724883152880774,-0.045638254104271025,0.18577519431009754,-0.25847839124473027,0.06380836574047243,0.0
1.3043829979720463,0.5047379997869834,0.5183105924921961,0.7984865631218325,0.7891361576179725,0.2699521164829842,0.9312588403561934,-0.9945929541720041,-0.6949711329792785,-0.7457722897118448,-0.11829079420503899,-0.005240249200119451,0.16991858004229377,-0.14253095854634995,0.10798471855081411,0.0
1.2231865226165772,0.5206372847190901,0.6206411205009694,0.7254894108466465,0.9204160701115368,0.258366801329461,0.9766387899902246,-1.00376867051399,-0.7912667709634432,-0.7890162629276507,-0.021858875917666942,-0.003404712088486429,0.059655565009665165,-0.08971173626616374,0.10030133909262351,0.0
1.1697067804542725,0.502909664086482,0.48693367738034643,0.7475317030099333,0.7768475396888606,0.30883774161336697,0.9213110452490573,-0.9578048012943321,-0.7881729812824165,-0.7263430279584193,-0.11361332330830662,-0.036280974784494636,-0.02213754592474365,-0.3552676523000659,0.02159169463308469,0.0
1.2846252769746003,0.44385832908109724,0.585895530910934,0.6970812478773124,0.7524107699014162,0.24873664946788027,0.9199808683319837,-1.0271926522168933,-0.7472145987689235,-0.6544790073669561,-0.15631517160545974,-0.18101009929036638,-0.04622433355643527,-0.39447220249341974,-0.012608494796395458,0.0
1.2077890578143342,0.43096123536937436,0.5806967051076475,0.7817544103460735,0.7812843414799767,0.3040679098588429,0.9233620817917197,-0.9445807298301739,-0.6358759653972555,-0.6735498932954876,-0.09038131203681916,0.09708210703250529,0.046136849301901296,-0.31801174866548343,0.01759835814588012,0.0
1.230568447281971,0.5588522996057297,0.5877876102176016,0.7888376757085889,0.8571911058266567,0.3673661859915933,0.9558858755600548,-1.0957903717387274,-0.5700784169678983,-0.624187384730801,0.02601106416556334,-0.011627331669559274,0.10441225378812558,-0.276278492379763,0.09299738564847738,0.0
1.225279611872029,0.5541728554514171,0.6033734392946115,0.8504669502513342,0.8216247530606893,0.3168627026376901,0.9687966875917308,-0.9310935377080116,-0.5353454764988782,-0.5558710261050572,-0.012366891514339774,-0.1436313159994091,0.14362894304844237,-0.19036406180702203,0.09560108822711086,0.0
1.1951645815251695,0.48517391555427986,0.5156649856121864,0.7451852514804987,0.8809900136832519,0.27328838068750194,1.0229418263944263,-0.908074781478452,-0.6209700965916811,-0.6597948426986016,-0.1289802407369956,-0.14982496027853487,-0.08811729269151335,-0.25531379790417585,0.1042007253967129,0.0
1.1813358318582778,0.5632235948109744,0.5897181910998157,0.730628975636141,0.8415881694944534,0.2695798496726288,0.9280373735513829,-1.0625157159583765,-0.5670741817766682,-0.5221798110442961,-0.17821299282527225,-0.26904057560930256,0.09017981589793156,-0.177650480600613,0.00014785469985585664,0.0
1.242892800295666,0.4886369317441826,0.5575300602634828,0.7374061944355611,0.7883046385347972,0.37040813375557025,0.9280410055554579,-0.989044665847927,-0.5708058828428646,-0.6292671908249452,-0.1970628734713756,-0.2617370012384377,0.12193606314443986,-0.014300420646587264,0.014605246124551271,0.0
1.2321798138467186,0.46741976951241704,0.563061102489168,0.7946696620798611,0.8273128867823589,0.19811508425345253,0.8827842909271282,-0.8831299355855722,-0.5811315583212315,-0.6038931824435764,-0.2472665126406648,-0.16602290358033753,-0.03273470617891748,0.07228531292623029,-0.01362473020599262,0.0
1.107300202786895,0.5639773505071426,0.5638736685457139,0.746625067243401,0.8916154838955135,0.3743521150050536,0.8614939589617729,-1.0251661610046054,-0.585221724566933,-0.6054941617761599,-0.2819740530637513,-0.27178670862690396,-0.042073161002675705,0.22137903411647825,0.010753215106471222,0.0
1.280368637564509,0.5090179048578904,0.5310947781159108,0.8494296072350555,0.8614122965937518,0.42233843681002137,0.9674938849178412,-0.9393269204376753,-0.5667439088308686,-0.567058253960007,-0.11642112461384499,-0.23109375780124836,-0.18113753443974345,0.14704986830066907,-0.03934252614456081,0.0
1.2885255348870301,0.564601171571294,0.6331845911796851,0.8374394893861099,0.7906130218386409,0.4394356599522927,0.8619287993567936,-0.8538465987730017,-0.5042589670395424,-0.5980621873363489,-0.14417912818937273,-0.19303945289348562,-0.2444083403715826,0.3101464498471556,-0.010441069517363906,0.0
1.236075073265828,0.5250354041747963,0.5239951459205738,0.7347261520326323,0.7944696362795187,0.41320711441829916,0.8764656783039286,-0.9374207661461901,-0.553508113258744,-0.5758982062246777,-0.03516310083590113,-0.09007798812922657,-0.14846413142649134,0.2791694207998529,-0.05293483463292134,0.0
1.1873793132601067,0.5481181938736208,0.5610429080276976,0.6958689449290485,0.7973250136532805,0.4037356668521167,0.8699957647624241,-0.9726689683932026,-0.49421988906777975,-0.4882267166850217,-0.014178123072796527,0.08131196892381383,0.05383598187627675,0.2197318870199721,0.09330950223508902,0.0
1.2040350433199438,0.48140577736481205,0.6406493427075646,0.7702171614896357,0.8410289213573646,0.3964471813787486,0.8948439311893469,-0.9497003792401193,-0.5512065023930162,-0.4976133174137653,-0.08743442826372082,0.04216620484634481,-0.00043509769303159973,0.20979828535710654,0.14164257919189596,0.0
1.26338030105529,0.646967579723092,0.49262745286560555,0.7891898086252792,0.8514065556128879,0.34874206138496955,0.9516405042863239,-0.8652379522840487,-0.4785371447694438,-0.5488692008147562,0.08672392849186829,-0.048671860241023074,-0.00705395144302094,0.3394305316426729,0.14309111528257587,0.0
1.197575599750089,0.5547164582498356,0.6128272554791901,0.7180602368468171,0.8949691973382309,0.35944456222021504,0.8293143356969686,-0.9742200457867066,-0.4592009115144789,-0.46848658519259373,0.09321627405501175,-0.14428306829398074,0.02913969913708775,0.3030331799673156,0.3340528350157429,0.0
1.2668841139815912,0.4974743197669181,0.5728371140720183,0.812778892151831,0.8913436162743378,0.340189609339778,0.9354798968275552,-0.8688916203738031,-0.42137739006717645,-0.4675303600568404,-0.02139929712199122,-0.16052250910461868,0.24648591117360924,0.4097703326957814,0.4098493179313455,0.0
1.2206901204773726,0.5738374922451986,0.5558279693552254,0.7071200674350028,0.8623386650535337,0.48930266014891427,0.8302574472854807,-0.9436808711606365,-0.4282921417984427,-0.508401054008186,-0.07166145664252939,-0.03513441802094283,0.12305649258555704,0.34972471640387126,0.09993201625901046,0.0
1.103132036539366,0.5601527624263801,0.5830278765986875,0.773575441081164,0.9034250585217971,0.4942611739344884,0.8282747673409517,-0.9600270486261355,-0.4074414131054966,-0.3453423851754617,-0.20056933215113718,0.05989635697326036,-0.000364526560461334,0.2544425642624061,-0.06133076849137967,0.0
1.2466436998492958,0.46076563143696175,0.5849035839536973,0.7478030690668941,0.837859651564076,0.5213295740811477,0.8246113031353838,-0.9783866619500989,-0.4354506179209552,-0.47486817241867235,-0.2767736277477836,0.20906150130198053,0.07353112039919842,0.15861985791753788,-0.16762756524278144,0.0
1.265797093966978,0.46994335653109903,0.5785758786853273,0.7856717335005189,0.8711987630054545,0.4701845722935027,0.7271187647639541,-0.8402127268657721,-0.5141237297921428,-0.39686337167532915,-0.30493672032006963,0.04253519572834913,0.011494165954808483,0.09610408822510008,-0.17068206801377278,0.0
1.2193166100739752,0.5880522096395273,0.5832768598429017,0.7254093832687024,0.9508616083148904,0.5435888466616584,0.8285010431665388,-0.9614835042045838,-0.407911191222913,-0.41123281823247526,-0.18827523573130947,-0.025845802905786194,0.012152794666641587,-0.08505660781325951,-0.13030727012091287,0.0
1.259066968854899,0.5727578246656837,0.5925533811512441,0.8120599640227737,0.9525077040221946,0.42087735949987215,0.7444019383152289,-0.9296528025009935,-0.3186807531837489,-0.39598125211111507,-0.11377013461914319,-0.02399331769990484,-0.07422167519935605,-0.03145834984731604,-0.12629069865534048,0.0
1.2108420320483708,0.5508002776852292,0.5999784565617008,0.7845166253163199,0.7996610802291779,0.5349955630528165,0.8568799178830768,-0.8742296284675082,-0.4188775567173837,-0.313491841353254,-0.11702429360174431,-0.008119053619842307,0.05956782970192799,0.010862762007655319,-0.1706263354903657,0.0
1.4196899722600504,0.5034010090356367,0.5533942888270589,0.7547822595198931,0.7683729288898793,0.49743333603892526,0.7269982881392505,-0.912756290744378,-0.369687386039292,-0.3948219832893228,-0.23924619779674522,-0.13863758758053918,0.14450227519989148,0.011611202894278843,-0.22116617294166263,0.0
1.248940662117965,0.5830189827036522,0.6893509130187088,0.7682244895143895,0.8495881755081536,0.46623522701183456,0.8850222118368518,-0.9490793733575906,-0.38980782992591334,-0.34637502841573026,-0.14257049122047583,0.0025236989246249925,0.027683584184925586,-0.1365454790257835,0.009274036344481956,0.0
1.2594330962770406,0.4859635019708879,0.5696903206494315,0.7616462947937859,0.8521834369677073,0.48607580620780266,0.7220006062044094,-0.7781094667763502,-0.2799438965608685,-0.3185752517908098,-0.16385082116162267,0.0829794596868128,0.052155326895852894,-0.022153798500017988,0.034159112521776544,0.0
1.2137503141592014,0.5658800109193838,0.5831634972462931,0.7136630708675811,0.951600531486518,0.4709284889823445,0.6991725604263122,-0.8683191022207735,-0.26556687851601823,-0.2358431434860354,-0.1312029818131022,0.08921188422030704,-0.03440747469769745,-0.017815400289055358,-0.15097307643881608,0.0
1.2482121301459985,0.535788398265305,0.6441387158729661,0.7390911409082278,0.8670122035854892,0.578433543006606,0.6924198645486267,-0.9205823329117016,-0.30941631717062806,-0.2274259341005445,-0.2013577427954285,-0.05211184864360919,0.0987808664625627,-0.04080204758333915,-0.04188502103610921,0.0
1.328418633217605,0.5917717213947897,0.563915491590159,0.8365215313130688,0.8804043641598359,0.569384898054166,0.7101717420594069,-0.8369873039330379,-0.35124068070945047,-0.2895224732609636,-0.175429585555378,-0.04641971769935892,0.02610982446458507,0.008385287191362535,0.14214568096332517,0.0
1.2195695676933744,0.570581292572952,0.5632491075739987,0.8315858316271904,0.9106457266464633,0.5265269543118012,0.7989850748952845,-0.8569715177004201,-0.2609649606621193,-0.3090267698047026,-0.16046145140596388,-0.039053499154937055,-0.10303271277623323,-0.03796559263351809,0.24957356749678716,0.0
1.2022156363383376,0.5654793698020851,0.6125479908257133,0.7484250719492755,0.8505964228841109,0.5628770686937624,0.7269304317096791,-0.8342611975903249,-0.23835709049781986,-0.34409500113025326,-0.13870423329005796,-0.07024444146233093,-0.023016286340148844,-0.13172310523515152,0.24447884690509591,0.0
1.3025308513736917,0.5429526115487974,0.5922098036417284,0.8315750192234234,0.9664087897956736,0.6225821069810369,0.6411331952225463,-0.8098812197700109,-0.23905642849554784,-0.18813571845475835,0.018724606703204735,0.0727745565940291,-0.0408529249476027,-0.17768165261827884,0.10253881309290723,0.0
1.320850419847215,0.6112504308317076,0.6291747867296309,0.7314730251884314,0.8202000007957277,0.6757236826037806,0.7726382593876877,-0.7834529032705614,-0.14773693074678365,-0.26649811143663515,-0.06195817830681713,-0.05622390466981331,-0.039395457111108,-0.10546344466946189,0.09388376168049917,0.0
1.362810912162752,0.5457567564399096,0.6145330118088713,0.8167798427783274,0.9226620092258436,0.6935668088913065,0.7792012571128147,-0.6898228049195404,-0.17470666371771668,-0.19192879874241764,-0.13146952756146552,0.16812370595890705,-0.00832496630647649,0.03454419405866711,0.050406425534260224,0.0
1.3798731671006073,0.47868338281177214,0.5971850550650952,0.8356280964490471,0.9265491463962637,0.5973033411768018,0.7170667436075908,-0.7606135470831061,-0.16066774035473871,-0.11627790151351165,-0.0649396893711251,0.19701590905188118,-0.051550720156963464,-0.10275759601440013,0.15953866238070863,0.0
1.2931610000759421,0.6265666391063922,0.7073459234231354,0.7772048200151931,1.008063671693632,0.5481078415146163,0.6356898616470305,-0.8028782437406112,-0.20167730186799082,-0.20447341939576977,0.05517266668452718,0.09936018079390097,-0.04253525249327406,0.018972496903193123,-0.021050378544440335,0.0
1.2535702272201967,0.5853494505430574,0.6139406256842367,0.8003597149284535,0.8937790710522173,0.48291357254906503,0.6536224750326768,-0.8104190665351414,-0.14168624775660071,-0.18345829757180052,0.06728089400458132,0.26065705296317276,-0.0008595178358283898,0.06280688553098511,-0.006889012290208274,0.0
1.2684131569890154,0.510757742524609,0.587171985932506,0.8340719975358005,0.9457834331523608,0.6721492411942489,0.6811420067240284,-0.7779629744650189,-0.13349397367785776,-0.07408532874684362,-0.07303341454407895,0.23535056049062497,0.18080850710481494,0.000602515253787593,0.10429955203852459,0.0
1.3679092260916805,0.5684198909320408,0.6277532338953451,0.7912376690803737,0.9314670093780231,0.706301516374995,0.6610531525380793,-0.7692011796464789,-0.010128932466307583,-0.11668211117744974,-0.1441973374780689,0.21553246444922403,0.06643024803939125,0.14589719374687068,0.05132532643527789,0.0
1.3511209970146543,0.5541039172608242,0.6334083288595067,0.9245374494315611,0.954224271457186,0.6791866205450708,0.6864213546002899,-0.7509405205533631,-0.10249498563395484,-0.04557654045847019,-0.2280370390303866,0.08231063103412178,0.1500830614034166,-0.07140259675553091,0.10001675004292229,0.0
1.3537517458644985,0.6096308164120212,0.6650150487917308,0.7939289678453099,0.9698281347401716,0.6096231695072903,0.7519010624264644,-0.8264363148373309,-0.017625303167709272,-0.11575213146358612,-0.1525180279093107,0.09668942770213082,0.20416453978883134,-0.08571968953677699,0.02658300294814074,0.0
1.2940226502285075,0.5398447231206245,0.6038406239594455,0.8192251484975571,0.8368372989612991,0.6534568113479314,0.6035063045293537,-0.7420128411982123,-0.11591606256621084,-0.13066492633408383,-0.21908217974888416,0.15228560241247804,0.1704629273358179,-0.2505517681346575,0.20231537915986308,0.0
1.3567700162175713,0.5772901515965279,0.599203345830102,0.8035287643111649,0.9716090303280515,0.6625139900966522,0.592507103988311,-0.5841357793144779,-0.002090968333474677,-0.038526530720252763,-0.16449466701823318,0.15091092491818492,0.14870747950849617,-0.3402428872150265,0.1927491915579212,0.0
1.3045717729179624,0.5791725739543105,0.6117635058066202,0.8438182947551207,0.8630576303576495,0.6731905941080224,0.5828614695541937,-0.6921637527540399,-0.1299958286582016,-0.04647628201531869,-0.35283533997315397,0.19096564785423475,-0.006492281016647172,-0.41008456395674076,-0.13676677843120205,0.0
1.3181738339812203,0.562039115140705,0.7412956921732053,0.8914677116217096,0.8960087953753443,0.6389933777221075,0.6004050447729078,-0.7398575950299561,0.0040117062630248,-0.023538989855438928,-0.3578996375448623,0.09583173007362265,0.09736535994362773,-0.27554116574459936,-0.11959056615673054,0.0
1.2408578802575607,0.5420523723088132,0.6874708909474463,0.8637700286990818,0.8253630091590667,0.7188492705304947,0.5548771341291547,-0.6661456999847744,-0.05654286174053869,0.0027359121993651737,-0.34419260426647286,0.04776912341623499,0.11831805484230061,-0.0602856392773127,-0.194745092104317,0.0
1.3086156775249567,0.5375229581168718,0.5916282726693849,0.7850032436411049,0.8441493087885114,0.7353640020669409,0.6264383312150094,-0.7078934485402893,0.07247832791952855,0.07399533325753876,-0.3013153862164922,-0.07543717127214884,-0.06980502198751487,0.005926192163256565,-0.0782122670745659,0.0
1.3363372724476463,0.613497237555064,0.6612196614946885,0.7380563827491146,0.9139407028689895,0.658239817849006,0.5720155192891039,-0.6659444169533801,0.11691574456310833,-0.012121399102104781,-0.4307939099462925,-0.08545476591149911,-0.0040090329336841465,-0.06634313821984755,-0.1490293077767972,0.0
1.3769173608829746,0.6763340075919606,0.6518005545198026,0.8490496816793631,0.9083103522062206,0.6848228486542974,0.5643420907429647,-0.6242797514422979,0.11374884515385822,-0.00994731640352211,-0.36677252047024633,-0.32919861909722076,0.034354154795318226,-0.15686039265058677,8.252587639273612e-05,0.0
1.3327308432975875,0.5779876391859143,0.5906611657083678,0.8830349550384272,0.877586790404284,0.6659586419705459,0.6339828069702936,-0.7136799752392745,0.1210106056935761,0.0251240564981951,-0.27079844039869266,-0.2772452421656703,-0.025670035635034557,-0.1053437428916709,-0.06708524908759902,0.0
1.3367631295764693,0.5978795560332214,0.689149167740073,0.8197284907176564,0.938255887463487,0.6858232232457475,0.5389654842087668,-0.6743325923109181,0.06548627916385556,0.07189286159168513,-0.3018990989095221,-0.12836468558105357,-0.05752856403989621,-0.27701215226703774,-0.09702322799793647,0.0
1.3184000534484994,0.6111355388720776,0.6471941966209043,0.7930613065344725,0.9658885085941588,0.6913626682510972,0.5244197517069735,-0.6103235914281127,0.08765791666291664,0.13956580533676669,-0.3130232558481367,-0.06028094741417994,-0.037627371292000236,-0.31434961983022547,0.09625895027440666,0.0
1.3414513740758056,0.5830429359044049,0.6461912612134502,0.8003043730483678,0.9111931062548118,0.6585484412971282,0.4701577520859698,-0.5528977141952863,0.15133143814639882,0.088550052004098,-0.16944091328486263,-0.10521868934439976,-0.029998332307376484,-0.39698006112487505,0.03516673950586164,0.0
1.3435945740962443,0.6137535046959021,0.6117513993885754,0.954893134745436,0.913730969644121,0.7067154150840192,0.4650240610506017,-0.5639314198757792,0.20505692090513866,0.1560570896894859,-0.2901587169891139,0.04333980687270467,0.010476435748748281,-0.49235406393779546,0.04072352196784268,0.0
1.3332847096560485,0.6005109974621229,0.7114360814342772,0.8589841848301201,0.970770937395103,0.7866360946691998,0.573799651424159,-0.5273195299567313,0.25528376025791844,0.1816547225934674,-0.19584035696375618,-0.11486087020544233,0.08452769297353199,-0.33412380710011563,0.14062662219663347,0.0
1.4300645428229657,0.5842186866768997,0.7063929199805478,0.8273064847423475,0.8676057544914902,0.7491938477043165,0.4859359504555778,-0.5729657250978748,0.11687009581581342,0.1456118807294741,-0.1560378361005013,-0.17147470795476596,-0.03347985015760946,-0.3282035293553308,-0.006706163117982306,0.0
1.332776357757385,0.7775296074924927,0.6740791555721289,0.874839483585904,0.9866840263838249,0.7167476700465185,0.31792820104393577,-0.4833814136291272,0.2792075655790071,0.06713168869879635,-0.019389989533411894,-0.0848204525355337,0.0697802979983354,-0.31064714173523866,-0.11140419267800908,0.0
1.23790715068946,0.5493445124491394,0.6305234815261629,0.8788765296579637,0.9398214269342595,0.8117938976185445,0.4905274663250171,-0.4694405093292139,0.13587054904630957,0.08232193801895568,0.030298633773413155,-0.01985334695696591,0.060042120813725,-0.46569544993094314,-0.10453063920399727,0.0
1.3590759894559692,0.5473437779511754,0.7626729126540914,0.8213024699664924,0.9247878818420863,0.8704247826530342,0.3672940230062981,-0.5727306650949304,0.24043717617032528,0.19461792788632992,0.12535373158054886,0.06404469362625209,-0.11791455297138362,-0.39618001593285423,-0.17676756150426803,0.0
1.2858971238525205,0.5936488103019633,0.7361291762957425,0.8620637309850439,0.9661485806433403,0.8550382884175115,0.3653633349273201,-0.48094589930274617,0.2525366826633726,0.24557705718842235,-0.0519670678193631,0.23543372497755044,-0.3305213000453096,-0.3862398454348285,-0.3147368419225457,0.0
1.347448752757347,0.47812339799144415,0.6682493175684016,0.8464786149562129,0.9369177593164177,0.7724583738216316,0.39721342704073026,-0.37972349842604697,0.3321600034852211,0.1706497501647391,0.06798595988282405,0.056245324625066984,-0.3007014730315383,-0.36552837972359375,-0.1900769784788786,0.0
1.4199294731485845,0.549713881341099,0.5553316029442549,0.8589686402990617,0.926335892890074,0.7861258284763983,0.40889872822670087,-0.43595497660137733,0.25343997478016367,0.23280217704140396,-0.11230147845248106,-0.03014942970240217,-0.0964723166445475,-0.17570803986541506,-0.21433755123034248,0.0
1.3071901225250202,0.5860031582890252,0.6310130077652684,0.8197224309693011,0.9914546389549782,0.8298474397963855,0.3666247068735201,-0.4816363771759208,0.2299316835668081,0.26167965492966455,-0.1825895306976743,0.05928791235240799,-0.11765086544157859,-0.019388626282673932,-0.07895824252393024,0.0
1.341013008791282,0.6670257978614234,0.6766193250618682,0.8802262324750538,0.9486255468719543,0.833672161478573,0.3400872526251829,-0.41202765480438497,0.3171606214380153,0.2491151445612328,-0.22482397455383074,-0.15691004125092617,-0.07763948376907905,-0.08993963325498201,-0.12295441438309462,0.0
1.346652454526948,0.5946644435298143,0.7350683906347265,0.8656640807582529,0.9037793925766965,0.7859449633334,0.3829182720688763,-0.367144263377614,0.34333533928017307,0.348424015837859,-0.07196833600908761,-0.1381856834486372,0.07477665709409773,-0.15843774053905282,-0.008853376335113058,0.0
1.3101575507584524,0.6516846315393101,0.6598642628224897,0.7545374042014162,0.8921537059746836,0.9127019278423752,0.43905983930859716,-0.41050557281838607,0.43142048600447347,0.24932889058567662,-0.052551240125517956,-0.25870567772000486,0.07902972116676052,-0.19192803600872474,-0.09860615585005215,0.0
1.3289865540958983,0.6446211997516552,0.7079633379282754,0.872346182681438,0.9556942120657522,0.7528469052597048,0.3430855031926835,-0.37891390426221566,0.3501525887087863,0.38544248157796207,-0.19318269714525305,-0.14854159118098934,0.22740421724521137,-0.2724904387737718,-0.27139650128735204,0.0
1.355600045482505,0.6523007550278604,0.6327464118909654,0.7587073328811833,0.9409488790670292,0.9120457294712939,0.32010488619692523,-0.3677186840323219,0.3994187676438505,0.3384809125058853,-0.032705798449830736,-0.12034178742233768,0.18761572500218754,-0.31247437914168735,-0.2495731538396399,0.0
1.366091226932667,0.5491398299712126,0.6623697936348568,0.8850060140856808,0.9157703787956402,0.7541062061948731,0.36812464730994715,-0.3640459582733746,0.37525129368997573,0.36873564194594577,0.06059148279068713,0.039670095763556026,0.20579411364862174,-0.30603433239126,-0.32881700807550784,0.0
1.440036817801867,0.5765328766304697,0.675200659544219,0.8303748943684568,0.9399176094944941,0.898235599879733,0.33026146807842643,-0.3127946579065942,0.5350433680101401,0.3196304205263193,-0.1084027631288487,-0.05095432961803094,0.12078464986695905,-0.2920305311767296,-0.3786360271053776,0.0
1.3236527666052003,0.5526325444764985,0.6965733688787495,0.8624303283389341,0.9374055758445097,0.9378870856615826,0.3196763723963832,-0.31893512111898786,0.4958169045225262,0.4372241026277837,0.01885340100874873,-0.1336944428855495,0.021300007558100673,-0.28916787969921703,-0.2691963749997631,0.0
1.4024658383101956,0.5580593605151416,0.7244266404435015,0.8880777476951147,1.0585802198466707,0.8511700172259035,0.32790533239367603,-0.30645997977931977,0.5062081104014778,0.4063699832803126,-0.039269321680122884,-0.2005364895792366,-0.09036718174794117,-0.131141665677841,-0.2577119700625451,0.0
1.4367227902247426,0.6349215448066067,0.6645204424519721,0.862259387115166,0.975961026792095,0.8543306835179714,0.32369194317037375,-0.2870387947977819,0.4413147610859285,0.35924882796309987,-0.09034788030707316,-0.23150438860317302,-0.07082862412842435,-0.0020797714281836632,-0.18312291672684025,0.0
1.389989324488873,0.636321441969122,0.7551553887513159,0.8907871220145568,0.9090039203304948,0.8363606448265736,0.23547966044621238,-0.20592124501049114,0.5645354189886809,0.5369096059520522,-0.07617824458142536,-0.33088617300444734,-0.03970590327888474,0.21545276794899623,0.14252994966111338,0.0
1.3719829989401184,0.5825570422165178,0.6448816256803704,0.9318188936867335,1.0228315530659133,0.881046752306297,0.2787423597594563,-0.2819857245300006,0.5780861886959128,0.5602992113711934,-0.09129930405272318,-0.08804088666096024,-0.012497295173613372,0.09329301790186181,0.3018369114422873,0.0
1.387414107966303,0.64934654733447,0.7036308461294273,0.84138716746579,0.9217496733540531,0.8224832467681106,0.14491049693484165,-0.23346963388825048,0.5101388232931171,0.4223908952503274,-0.13223948144511682,-0.0486796111906089,0.15459635635805308,0.08501553222451712,0.37704395580042704,0.0
1.4431840266436442,0.5772976531897104,0.7212359578424613,0.8581341769616925,0.9283707523661809,0.9247790007190584,0.16224623757275203,-0.20761387912713633,0.5846598747823825,0.4841127300714518,0.12335931189013062,0.062290750950839364,0.0280519502688331,-0.008843319036588013,0.2543960142691572,0.0
1.4814716974031146,0.5652812108240334,0.7826974767738827,0.9642767531508653,1.0117386635309071,0.8298050205128449,0.209259228919883,-0.24103893851927563,0.5593265008998992,0.41796418471575447,0.31158677638198834,0.11828357549735859,-0.05655654177612762,-0.021679400304528765,0.3142461316007439,0.0
1.3534458219276815,0.5312082914791876,0.6402125759548648,0.8641391347446119,0.9823894060368856,0.8821373604480842,0.13201775644481412,-0.1538385112871593,0.5261098926533941,0.44426033429163575,0.3666080423501348,0.176115864803451,0.11453425990128924,-0.06790941572307325,0.35623594760651794,0.0
1.373721626100889,0.6608868081470515,0.8140612462673726,0.8975896877814706,0.8735737102843686,0.8610301858438936,0.19980930977239547,-0.2693469423823688,0.622082517214473,0.4346954509028327,0.26805880641702023,0.25262897366185527,0.06857227567071739,-0.18296754861253547,0.3012137958914456,0.0
1.2989199402768574,0.6551783580250855,0.7018487266787503,0.9595530991856781,1.0669012399268962,0.8155415414621464,0.2339295987356657,-0.1988771094136895,0.672010798250458,0.45100253775100707,0.0955687990235839,0.14012806529483793,-0.01923668232355355,-0.1781234279623175,0.2791163372035581,0.0
1.4075867212176614,0.6198458456730517,0.6745225771858245,0.8956597292099765,1.017268232682938,0.8975982111334023,0.19135623537113866,-0.20074669314149385,0.6468484343452613,0.4945677258405001,-0.09220142746599408,0.2210146562352175,0.006223296088483992,-0.10949623233648813,0.3007100691576682,0.0
1.3935151867831252,0.6095360406988639,0.6439249654768282,0.8859097098437287,0.9871382031788094,0.9259656237296593,0.16177937843981993,-0.09678977494142976,0.6244672603378905,0.57670546610142,-0.24614852808575705,0.032769172024298285,0.015075672048173451,-0.22501542832179744,0.2110146317704374,0.0
1.4754243000442162,0.588887809359705,0.7220407741072006,0.8815093113280117,0.9995421997187067,0.9203509744181195,0.1871234523543207,-0.03504784756392938,0.6763959022921903,0.589523266719264,-0.23378888711277782,-0.024853388885489342,0.09184959498046834,-0.2198990329542631,0.09973121553186155,0.0
1.387895285066009,0.6049450280373798,0.6754517021680446,0.8729874873688822,0.9922231914233849,0.8894217231039501,0.11860053591548103,0.04100425761378769,0.6405305915320092,0.579251086138789,-0.22625620514084438,0.1270439428367868,-0.003400092139585753,-0.20736695443554343,-0.04284437099472785,0.0
1.3810976830539663,0.656940942870724,0.7757983668718499,0.8920179290033468,0.9770846515770463,0.8570426934160185,0.1256492145471119,-0.05832599810836735,0.5409208664211846,0.5662774441022013,-0.003990674403534428,0.2312484096478371,0.14381849302716726,-0.15697369982332457,-0.04507586467510946,0.0
1.4627304711435456,0.4977089051200696,0.8100989656326688,0.8727432507814217,0.9020225523822296,0.8956159464231839,0.03626351073308706,-0.07739892012038536,0.6949906589994069,0.5435089474323842,0.11397255120337059,0.2310645700607882,0.011231248329549817,-0.2147809954321384,-0.2929386432304664,0.0
1.4126612050350082,0.6700941080224566,0.7987633050474484,0.9164213181426386,1.0634126907770647,0.9368475311513285,0.09463900844125789,0.023757447007737426,0.7147156897868729,0.6418723855059151,0.06735586151044572,0.1953449029010176,0.21217804662870088,-0.03928905215504297,-0.2219793815406983,0.0
1.4312685226388195,0.5889596981959555,0.7372925678743295,0.8569835027173163,1.0031031079726898,0.9414827931978649,0.10329051243479784,-0.07746906320651649,0.8339162722717243,0.6658883985283655,0.16820259114855676,0.10075769875002565,0.205849848727323,0.037475173604225545,-0.23202587624907,0.0
1.4833139487383495,0.5895855808314023,0.6268528639866581,0.8708724360112051,1.0278115287644929,0.9311131245499138,0.03826710861867818,0.16522715355501616,0.7909958256828509,0.6500808703092548,0.042318995483873745,-0.08203946212024531,0.12492207388131396,-0.035583790524434444,-0.2588927141863145,0.0
1.3885744499462722,0.6131923157932706,0.7546126834675052,0.8626683590143287,1.0491344694170213,0.9327878597230356,0.13331782661647296,0.05999034769867453,0.7791071281675928,0.6398763360258419,0.20936380775994498,-0.06819909974980479,0.13581758716986353,-0.010894198470871606,-0.20148770832280075,0.0
1.4531880746345056,0.6773529457265943,0.6997277189171087,0.8883447250283436,1.0155320160587533,0.9030755324848899,0.010560181019257535,-0.029109470662804372,0.7332355528307037,0.6133695593399848,0.19393910091094177,-0.0490904266965204,0.13729182918786617,-0.025620080791562132,-0.05998583077709581,0.0
1.523359489279686,0.6169860565120544,0.638498207460444,0.978819746728306,0.938948954383351,0.9293228042808002,0.010423320395930335,0.15074614505989478,0.7994808182837883,0.6435954659406337,0.19260845757439987,0.17815649074159512,-0.20724971841646223,-0.10023019530350398,-0.17594467413029244,0.0
1.430590495297654,0.5894199049138805,0.6537969110795934,0.8855369093839927,0.9602569563569351,0.9292015136716193,-0.0478624155373275,-0.02137354326421577,0.7025647070763109,0.5240067263691137,0.28785995478531934,0.04600800744075863,-0.22891259662447894,-0.08572737372332179,-0.17094459234985324,0.0
1.3439877990890452,0.6925949888494004,0.6348000864296195,0.93653625591432,1.0208747968924075,0.8800258382746556,-0.032802730951714903,0.11840107085756296,0.8353454186488237,0.7124198728759992,0.2801406619167728,0.13458599660924656,-0.014044359691536334,-0.103752269552579,-0.39198705845099513,0.0
1.3925949681509984,0.6619370282031022,0.6306306653697005,0.7959563284929113,0.9931606983022294,1.0049207415117372,0.025853943267818362,0.04432795158712677,0.7240175290323054,0.7162819970869057,0.28984161459133345,0.10298630296653484,0.06894406543518482,-0.2023480341510498,-0.3509516968965439,0.0
1.4748098693042133,0.5733436253491305,0.7792303874482078,0.9059851731989473,1.0211565536637732,0.9017919081947363,-0.0011796377398816706,0.086586789052858,0.8417587306997517,0.683105527727218,0.33011822690619735,0.20442903352978048,0.10562417098961716,-0.272277738216974,-0.290323553662885,0.0
1.414663499686654,0.574877682386483,0.7212795878695952,0.9371943084526674,1.079471614744174,0.898343391030014,0.03242040323724885,0.1320969778067833,0.8359658981261875,0.7677003572376666,0.4576725525215726,0.13813780138757772,0.14569318418983335,-0.13139698838894304,-0.25934224374225684,0.0
1.4030230919794089,0.5478749406346337,0.774708262770508,0.9420616832568327,1.0447904850065397,0.8917356089389461,-0.06180580671454527,0.13306796770237736,0.7503923425636579,0.7293178747353595,0.39957329620639265,0.13852743979234788,0.009397779680965723,-0.16250107086240628,-0.21902669845256198,0.0
1.5058543172472405,0.6432000320776404,0.7697475893065551,0.9238530967515081,1.0481872051128085,0.9662991500096031,-0.019626409982977176,0.19157791664531543,0.8675468064530294,0.6879549366191161,0.3648682672345831,0.11787169115053706,-0.03916039417829431,-0.15390429937532565,-0.1783911348031961,0.0
1.4555407405898086,0.4917479313505049,0.6592299372184016,0.9539119595305112,0.9728124457417237,1.0225029191379487,-0.06803816699782415,0.2414894546338422,0.865546622338822,0.7214738813674999,0.38211363809963983,0.14374783696915439,-0.07430570886087948,-0.2532252650444061,-0.16997063401290013,0.0
1.545445835291423,0.6238338796410143,0.6819768168927034,0.9205714099050357,0.9664761220614837,0.9276163854883,-0.050031864659632136,0.22605564887405372,0.8038534916489933,0.7590509625100336,0.15724004737961278,-0.032761205930937495,-0.03215526336068947,-0.3867481621284268,-0.05741182030822929,0.0
1.5042155089326055,0.5906558878073443,0.7556919334750322,0.9412312402320324,1.0589024112466987,0.9707601288058066,-0.10087220805486936,0.27241665135543874,0.8765888831639963,0.9025561861106396,-0.08759338212021056,0.02542318427525883,-0.08625356419766965,-0.3789726392330302,-0.08119890889043632,0.0
1.5421533760523773,0.6978991800353495,0.6932822835916648,1.012522359439038,1.0077415556434977,0.9197897529833796,-0.18253791033104447,0.20562467424544983,0.9695499684934011,0.8437002090927554,0.06401110940679938,0.010952483080541312,-0.10965414150156963,-0.16512753434878494,-0.04882821158758252,0.0
1.448460107336119,0.6436490710941344,0.7245472067310283,0.8291133334740564,1.0176139469552603,0.9774897834198134,-0.17925118429156245,0.21662559721421226,0.8926417519624705,0.8251494233103592,-0.035148090402081174,0.22460744927990264,-0.22564540111737486,-0.06989353210427787,-0.30779422759906283,0.0
1.4884465737149888,0.631438572730239,0.7183040319617883,0.972416100132094,1.0816378708492345,1.0468075335730824,-0.12549814449540228,0.3038006360498345,0.8622322262892463,0.7833094764749392,0.12975245215346737,0.25733962584528275,-0.07684324270249657,-0.1386718795798647,-0.1856303288037127,0.0
1.3701142329701907,0.6528974027635269,0.7463467897490798,0.9976396516236004,0.9061083494779123,1.0957055690156323,-0.33800312465796956,0.3448527153766442,0.9233176115848659,0.8505043652389734,0.04677348686917347,0.21670357252538294,0.019157299618013775,-0.31795440835505656,-0.23224531927763437,0.0
1.4482843004845172,0.6434757364816266,0.7782833774141631,0.9752143447024053,1.0515296995255756,0.9517023344211657,-0.10314543148685663,0.30016672808198774,0.9316561425608945,0.8068199532455559,0.022538539087770683,0.20416719042976342,0.19253419121489407,-0.5072087810162001,-0.15797015956302704,0.0
1.4982822169888963,0.6466177966578973,0.6530782653718719,0.9266983011614216,1.0576667927301797,0.9486163372360756,-0.15001832987860858,0.33617591806266833,0.9996698974152413,0.8750686372672327,-0.09649770257231516,0.20824027195891903,0.164383634474845,-0.4167624494403378,-0.03829921680799807,0.0
1.5175035662382337,0.6324442582010417,0.7573951030314705,0.8236540458116959,1.1170168585559295,0.951572179756028,-0.07313518112950693,0.3381982908607839,0.917134114395833,0.9043700533999656,-0.15878093231755674,0.13907163359163988,0.2401518088274359,-0.25203703857992044,-0.1005178865016977,0.0
1.414448653401328,0.7122707179579388,0.7222877725042129,0.9953918711313386,1.0167408871205181,0.9853846694156649,-0.2444334084322801,0.37778196696829247,0.9170800964191816,0.9428150554462815,-0.13985966401342365,0.24996083597856117,0.2554762196054292,-0.46974994930758607,-0.049574029794548766,0.0
1.4930217822817458,0.7178653346651773,0.8101585356014721,0.8728236111483921,0.9926160055295155,1.016069741551427,-0.17982693552092385,0.4163470108168317,0.8874065882175397,0.9183582970533201,-0.06170157709470974,0.035992470964188894,0.2933671579460172,-0.28476314612487613,0.023616716905440337,0.0
1.4766880892413774,0.6344619083811975,0.8184979619179824,0.8987417326170514,1.0600335643792909,0.9783970722389504,-0.14288235699684343,0.39643166604422136,0.8927096363410262,1.0093063699727542,-0.09102783344682933,0.06648351176778072,0.3862260454900178,-0.25145192800469907,-0.0499396099653178,0.0
1.5163308096920032,0.6584231070988925,0.7436229936467975,0.8565305943820585,1.050294586899509,1.0342689083619285,-0.27703217577952255,0.3943430013648669,0.8934344581725309,0.8178191196502533,-0.024772274342741818,0.08140442771193145,0.4412935572883696,-0.23421208068034338,-0.020219624946421016,0.0
1.5185080792022483,0.6458343098716495,0.8045142000900297,0.9869807728654957,1.098268127532206,0.9992410758630388,-0.3129070236205214,0.4057675484085138,0.946507582025864,0.8558856767165823,-0.09810906905321848,-0.05326257511668356,0.3558221575836572,-0.20834016497533805,-0.16680528426962365,0.0
1.5517949507196265,0.6815021113225442,0.749622249515124,1.0548615647312238,1.0793547891440816,1.0243817790305703,-0.21897035130195922,0.518218161876964,1.0690355255867243,0.8859865095917873,-0.06836039543731431,-0.10076937661217626,0.17234501262245866,-0.11148881347132703,-0.05450925911040749,0.0
1.4883175849001475,0.6719875981736256,0.7941440282785516,0.8679265020197007,1.133091542456152,0.9297530969949658,-0.3055324760021194,0.4503872071753906,1.0334316546231008,0.9891638994877148,-0.23018784261201086,0.0004492063604131791,0.1704679396066534,0.020798768611282784,-0.021483601539582772,0.0
1.5180069161167575,0.5479389890576197,0.7865107956152795,0.9528599708755262,1.1035592458046577,0.94651861447501,-0.3534722114540644,0.4515787303786658,0.9381952946926642,0.9251875142352802,-0.2059020235929469,-0.07575770086618286,0.15899145250033614,0.08805199869401625,-0.00557472258073864,0.0
1.472686748873752,0.6644113726176554,0.8083725168011293,0.9643038317400568,1.0306216426837562,1.0642508864789688,-0.2618623362811968,0.41323835872207315,0.9423037659929221,0.9674349029808222,-0.2644520892371208,-0.11656883651674738,0.21149610603449137,0.03663728036424578,0.148696535676608,0.0
1.5070107698219148,0.7027895998189047,0.67113780345958,0.8763975088494937,1.025394036406467,0.9336456727859691,-0.32234454298106224,0.5684206148937492,1.0294911323566636,0.8561217057047478,-0.2884507731573569,-0.0008411240888482885,0.1618507160309831,-0.04376764281857649,0.21169357345881107,0.0
1.5552714485429908,0.5906050645619578,0.7838077820311056,0.8928191709718303,1.1018350790246656,0.9585104734554202,-0.3605455173715794,0.5931051532763243,1.0275224764653161,0.9309599126165039,-0.06827402957842554,-0.01681361877592003,0.35996451728416373,-0.10913252725106748,0.39820196051468004,0.0
1.5023592354700273,0.7134449311737227,0.7409238221596828,0.9759534098387568,0.9789225075198673,0.9178181677780008,-0.26991505406423544,0.5580905255913892,1.023306820692139,1.0015000359383173,-0.05793305320878238,0.03668728658511715,0.2562587489608323,-0.3618480977539822,0.24461432471376307,0.0
1.534342971583488,0.6593266529139203,0.7226537586355657,0.8991761790440013,1.0675890503570729,1.0054811797325176,-0.37790063495093407,0.47371169639460065,0.8871251350618012,1.0365643215080704,0.0095152599382749,0.20870254557982137,0.07252945001831673,-0.44441412282546455,0.17385164423059685,0.0
1.4868574613204741,0.7007765561092143,0.7481752253824675,0.9633810035803384,1.0925626215890205,0.9272982528938406,-0.35413566845147937,0.46366935387576097,0.945995325920866,0.9194457632487768,-0.03695774599450323,0.2597674097267341,0.03752729963296938,-0.3644947671232045,0.12762414385224424,0.0
1.599232428070555,0.615323606706865,0.8075641963942909,0.9483818190411367,1.069255762654775,1.0272629592657891,-0.36519686493392245,0.5841263226891474,1.0340551633343094,0.9570642652389125,-0.20291013135385833,0.22004547856308676,0.14469051677956052,-0.2964076467053557,-0.08421897048519536,0.0
1.549946710107318,0.7037571935969552,0.6752759434637485,0.9519651760719503,1.0244029209061059,0.9947891979854366,-0.34427773261925315,0.5466740684781728,0.9710190862712413,0.887275465160035,-0.15015446985920547,0.060510776383082,0.11886892611144219,-0.2026198918242585,-0.08997576333100463,0.0
1.5283731646413488,0.6723522175917126,0.7474739130564835,0.9625413060545279,1.1233963530157571,1.019872704113002,-0.38712358453310525,0.5319237672555194,0.9838855086119971,0.914695733148021,0.04233238874667557,-0.04543668445911122,0.2062207697571605,-0.2515252654384744,-0.29750863109071235,0.0
1.6002406953525414,0.6879040221229074,0.8800844399558292,0.9877692565772178,1.108212639602309,1.0500260332202376,-0.480564809451484,0.6249220643746685,1.012594431572543,0.9291025421791758,-0.03644979132911958,0.0030428345258931185,0.1499494435175772,-0.24167993254608647,-0.2905372332666405,0.0
1.5736011637396334,0.7338410332713006,0.7737592934010576,0.9792422688687428,1.1669810427066534,0.9921150503642014,-0.3932078035704719,0.663739051743488,1.001598887458623,0.9895019732046175,0.09596045261821709,-0.139372891175711,0.19607823083423342,-0.2599763294054205,-0.09259546208984698,0.0
1.5599465592822004,0.7065612840499708,0.7549779195617667,0.9751191876779243,1.1264760068729276,0.9595970612845353,-0.3783041126923417,0.6574179971133224,1.0163976496362663,0.9681873182173382,-0.06568170609951059,0.02015422065421997,0.08189738644489968,-0.27886429976806454,0.1558249682461081,0.0
1.4512630734165732,0.6620592466033419,0.8096347192322563,0.9757323465083684,1.1544893492248474,1.0077857185499772,-0.4611339188871734,0.6747384892497139,0.9381103576241828,0.9144798240312519,-0.13155757903705703,0.15086031383921494,0.14598805449721716,-0.07067170474640205,0.209136241977366,0.0
1.5276390794203727,0.8045476849738196,0.7755943750887586,0.8305530833779929,1.0394664093219543,0.93169125721267,-0.3225549263869476,0.667097277808178,0.9735392691576673,0.9122815251221414,-0.05838056042518382,0.139438040449796,0.12860306312870817,-0.02195013103389156,-0.0341696636277245,0.0
1.5308491975406608,0.5650987635297164,0.812109643736788,0.9636211550856416,1.1446133676273922,0.9359651213138015,-0.5456092385544744,0.7088253739898429,0.9470022413945343,0.9549119920426209,-0.025027677905277518,0.22681147080180783,0.18429652165040578,0.12495079284281121,-0.2735687482919406,0.0
1.5434773523345622,0.7500949087019836,0.8322803117804184,0.9863780365133815,1.0084666058603142,1.0326919142666988,-0.4548163712179849,0.7318299951553959,0.9816645366729748,0.9792265171050076,-0.031184801241572233,0.3011350541584719,-0.06693508929994998,0.09797563616479131,-0.32596865012610354,0.0
1.597073127313094,0.6175880958113635,0.7930218299669546,0.9280398905061189,1.1413138532036975,1.0516047694804231,-0.5259905688172415,0.6752452492156505,0.9844393605174357,0.9701949094216196,-0.04239110783271213,0.2322256711459742,0.011861620946205478,0.020940341875958807,-0.15764649186748703,0.0
1.5375435123828265,0.6504539692377395,0.7561495986739711,1.0169189601681516,1.139536933670845,0.9792609369368412,-0.42694656558586586,0.755843037731056,0.9640430283369581,1.060147540254083,-0.17151322966049715,0.16605441508419688,-0.03986165451633987,-0.09513431747318317,-0.06515956956492766,0.0
1.5477589777948089,0.615866454946162,0.7660833819967132,0.9770632039143928,1.0969580921467144,0.9690702773639551,-0.5428351247687045,0.7426051627962599,0.9686499353690259,1.021670659778298,-0.24790451572881148,0.030967172677029683,-0.05156424715651914,-0.16141461815521682,-0.14732945393898705,0.0
1.5654041395411062,0.6267524530027759,0.7261076187406413,1.0334821690838563,1.090682270440591,0.9788257255822208,-0.5526584005035975,0.6927245688320577,1.0173323777614356,0.956282884033082,-0.1321181340637633,-0.014108957824474227,0.08321135636095453,0.05520349608269398,-0.19130524915652614,0.0
1.5909351489953982,0.641764720028452,0.7821823476969928,0.9775101080993118,1.0305345076333075,0.991844811968064,-0.5626874920219965,0.7482388908647312,1.0423893683732963,0.9492601432784503,-0.11635782691043359,0.024142758654032433,0.032015938595733213,0.03142454092238528,-0.14885057028903462,0.0
1.6670800508207013,0.6126815663241094,0.7541888465937898,1.006303640727676,1.217772572540455,0.9942441078743263,-0.5280205161178023,0.7577102900283844,0.9957394458732757,1.0213550172404207,-0.22476000068713847,0.1352995706701785,0.10726562619885968,0.08043713530206091,0.024610428006235266,0.0
1.5191113895304498,0.6695479701129702,0.817487411650539,0.9792158061740228,1.0935503706195917,0.9610523729906696,-0.5447123470473424,0.6779908048575795,1.0504469857823122,1.010831993998047,-0.056196535692530164,0.017452304460142246,0.20603053205494623,0.11687934361959507,0.10019330911838481,0.0
1.5022284462311184,0.686328054698739,0.8623381772929068,1.0367802061035072,1.1292209938046618,0.9764671463488525,-0.564839953597725,0.7142761394972533,0.9211633424848821,1.0309155044146006,0.07478930569960755,0.07886530453888421,0.08824885432221975,-0.11601341789118233,0.11258538683102139,0.0
1.587999875642169,0.7559346417393039,0.789497704579569,1.0113925248507083,1.1531970979695267,0.944743400008348,-0.6190825210226553,0.7547002941124519,0.8793992432791116,0.9384310094187704,0.18220634889201515,-0.0437559798740816,0.05977787131577815,-0.03718329942407058,0.016260257878943224,0.0
1.601469119429411,0.7215510845418858,0.8160685883685163,1.0151562107968013,1.0735015671965786,1.04322987588317,-0.5388415741029348,0.7804342054358349,0.9859771863839352,0.9859195751336819,0.18547739493838145,-0.009235206340151986,-0.04913289426247206,-0.22577155103822258,0.14671406365391007,0.0
1.533164455563473,0.6874505856841322,0.802934532316593,0.9944459467688264,1.1292599293992298,0.9569507759653588,-0.6556734157833181,0.7822410805256795,0.9710785214607461,0.973483948475868,0.3002511294443382,0.08855885976191741,0.02642223658465321,-0.17608795142745806,0.17816658168348365,0.0
1.57168210162217,0.6717030644798183,0.905826945339995,1.0065066803179912,1.1088653575620553,0.9894923671562739,-0.6560920476790959,0.8872566110331647,0.9733069723196153,1.0538053843395445,0.136435346400252,0.03720663921039384,-0.06089660395297768,-0.30889252919381205,0.18293594648384706,0.0
1.5658734956967482,0.6939751654679182,0.8358942367941242,1.0055968937337114,1.0920395752417618,0.9382539435683201,-0.715680965400824,0.8334958050583557,1.0163683949219149,0.9635707769154706,0.12363981816560837,0.06154820991711002,-0.2368231655267754,-0.3344794028945929,0.18720029986544662,0.0
1.593400040549124,0.6605824007827767,0.8266972976039735,0.9786004812410871,1.1317474515032895,0.9938827175693847,-0.6154430829992975,0.8062074044239831,1.068379515086834,0.9120871651592791,0.13219101666872063,0.013556325471461683,-0.10291834000410008,-0.3783190185401458,0.2454786659156294,0.0
1.6013764323679276,0.761134609357339,0.8611932072309368,0.9951756524229329,0.9928177912276386,0.9927773956303847,-0.6415733133357988,0.816662288073755,0.9781400269107345,1.0851781510068612,0.09048430980168337,0.0016344011709060998,-0.09585275018525354,-0.36594527511914055,0.26713878789255835,0.0
1.6823562018569318,0.6664002902983353,0.8120398244093003,0.9949546602666884,1.2242563662563302,1.0620102611897355,-0.5885602598995855,0.8151207293683963,1.0618259354141706,1.0118079800537458,0.17776545649245057,-0.05269335119516774,-0.14997427479348535,-0.4789902119043517,0.1728608050106975,0.0
1.6604884197816534,0.6400937794808845,0.8587482614112656,1.0092175724627728,1.116337989816239,1.028826013269204,-0.6358712310127561,0.7044961107287676,0.959626329164408,0.8693071525036559,0.32603043316139313,0.04069062493085904,-0.08260935796423313,-0.3674862159416556,0.037884049615531795,0.0
1.6433660718960084,0.7141323930583922,0.78606575220449,0.9948276854466309,1.128919259320157,0.932376672898464,-0.6214713244081402,0.883395495303882,0.9330213264933225,1.0972676395727023,0.1730024346329389,0.0647205921357716,0.12055259416814092,-0.4864682126937049,0.1546818860688974,0.0
1.5989356775369823,0.6468039904164923,0.812465374930037,0.9724589043302262,1.197657496827058,0.9577140685958473,-0.735087694369127,0.8686044966905803,0.9068053610258763,1.0319783100527582,0.21774698802138664,0.026849236744037344,0.054911444075974446,-0.56914482303605,0.02120475498428878,0.0
1.604683532625173,0.6817322289189949,0.81251279865376,1.0016333936567376,1.127124004508689,0.9841309367598233,-0.6618503173044087,0.9355005817568427,1.0087840932577765,1.002448513553308,0.125729989818402,0.03047244271893145,0.12881733147411847,-0.5316080070639633,-0.061789192276834395,0.0
1.6691938075053463,0.6660040612463369,0.8246411924695756,1.0258686000444281,1.1180387543808663,0.945861727846111,-0.6622052699343399,0.9563609776385942,0.9137678684558569,0.9042606042977681,0.02902186714353519,-0.14081455503133966,0.17894380696319176,-0.3411963334356965,-0.14702529532363073,0.0
1.5949478096532583,0.5938052482524336,0.8471545839627953,0.9750228636158715,1.1708590823533653,0.9803851417101741,-0.6758360364401923,1.0107118632162433,0.9880603087031244,0.9384394977351029,-0.14804719289316742,0.1045409069981105,0.018895770202797924,-0.31412671048446,-0.09669198841898403,0.0
1.6486525462090322,0.7445224379609745,0.8498860215498889,1.080548666234852,1.1864346625728732,1.0071547733383284,-0.7828435183151219,0.8570720180136175,0.8555155339191489,0.9457936705576293,-0.31417333088023625,0.2355188767940936,-0.09326519179024967,-0.2604097866503397,-0.13075586224502908,0.0
1.6791397311503584,0.7468496299018743,0.7521096188300019,1.0148219213807794,1.1739890962185633,0.9325914665284967,-0.7987116837221727,0.8958817415941782,0.8690250130533804,1.0111431778678002,-0.31966013984328356,0.2590559691831101,0.04710370762655387,-0.2889043696912917,-0.08708086372970779,0.0
1.621159278713407,0.7033771276535651,0.8132126003257976,1.0098117632514094,1.141277958114713,0.8794503657532442,-0.7538531765970279,0.9376114497292234,0.8303643729818502,1.0047048077439702,-0.303814525457235,0.058775571211764646,0.17916758633419871,-0.2526152979900042,0.039766136141516625,0.0
1.5958797367319109,0.6822149583011845,0.8694735412613919,0.9828790883270189,1.1081414812941726,0.9381875867346172,-0.6508023233132343,0.8880862900148051,0.9690533316275699,0.9831864110216767,-0.3426718254764831,0.06416101876499475,0.030749298852098567,-0.2831751775984159,0.15992881014795982,0.0
1.6812854236347463,0.6902921420354271,0.8480452669003309,1.0973252286216073,1.194962462137989,0.9078675156842737,-0.6690196180202045,0.9879317123076823,0.8916442374201262,0.8704993107020375,-0.4141494792052843,-0.026120659713886774,0.05221976730488162,-0.4501375916398995,0.20687943052963675,0.0
1.575838606900036,0.614640340577419,0.7886641638244253,0.919915464358971,1.1757280779073425,0.8974959758722566,-0.8073515128507895,1.005729158580155,0.8551003140789335,0.8884170513038152,-0.22252252536439554,-0.057400216723815005,-0.0498050844676856,-0.3948406404826738,0.12117769293019781,0.0
1.6241885934395641,0.7490726986056876,0.8055564397635444,0.9481538905213933,1.0614814625633013,0.8681250691807932,-0.8725493422657647,0.9477501792206825,0.7989947107690153,0.9756131185741134,-0.10059738583916401,-0.03367739136632569,-0.07305317707324026,-0.23269217399014874,0.15774882375884738,0.0
1.6731187877853577,0.7355364033375643,0.9091353974930231,0.9261021041183868,1.0329685798179435,0.8945458368053052,-0.8173191426083858,0.9886095326854072,0.8286469617288774,0.9252168053885877,-0.19439151350686323,0.02328792870891734,-0.015981226099452593,-0.17003094123144252,0.21198938140513976,0.0
1.6723036642532265,0.782131007701716,0.8961779423334603,0.9571273538353947,1.2060142261890738,0.9633619819664625,-0.8241693270305168,0.9731250664185944,0.8225893557221123,0.9432366005130367,-0.05211407440880128,0.10495566196236433,0.043812818311352295,-0.004748816378702031,-0.0173562004767501,0.0
1.6399297290170285,0.7049522801356883,0.7790373940977044,0.9942502060848049,1.1855742780266882,0.8654407719626619,-0.7869513550279413,0.920739161078968,0.7781789361400443,0.93817267913148,-0.12155044391211398,0.2903052584755884,-0.10893501846744172,0.03658735265022261,0.10618719619913383,0.0
1.5932642954457261,0.6739068148617163,0.8442779685737268,0.9907101002731545,1.1841014494515718,0.946337448600195,-0.7799379811293546,0.9232341461358289,0.7879093157768535,0.9443259294072344,-0.23316123423522445,0.12252524561134691,-0.12316723047790466,-0.007942634523568796,0.09608419316002037,0.0
1.678858906165586,0.6490114734577908,0.8190472723290387,1.0418741905070945,1.1856147160076211,0.9292697922633937,-0.7595846578399741,1.010400577151406,0.7769608333767012,0.9693384737626233,-0.274800031446588,0.17553985244332254,-0.1501514885353279,-0.03925892319948992,0.07414795541151459,0.0
1.6661168342269592,0.6246993643255138,0.9498746880163631,1.0153488388127638,1.2199153950308206,0.882569064841452,-0.7143325730935631,0.9892749959864165,0.8136571523494927,0.9308040872114881,-0.3379182035170666,0.20777390170737306,-0.25132157064221217,0.053007506529772826,0.15211825270339463,0.0
1.6594484998969925,0.6512204466501852,0.9106675340236691,1.0809497665608596,1.1390448554781787,0.928004144852768,-0.8541469429318054,0.9858659651077609,0.789842503742511,0.9940949961540092,-0.4348486899143053,0.1737827790537514,-0.13521464895686103,0.0724588489369195,0.034004172225218426,0.0
1.6267114526629323,0.7358667424033127,0.8919143227636835,1.0390445769369698,1.0949831489589543,0.9549030580855666,-0.7782074629439163,0.9541287367710173,0.7214225893752874,0.8779941600689654,-0.4086674603973988,-0.00764341287401335,-0.08330953007279827,-0.10766295232356987,-0.0464144481108209,0.0
1.7392032362089782,0.7397413271871303,0.8086394500613094,1.0506864400631277,1.1121481764234133,0.8035029815418911,-0.8066464191886595,0.9495010935613979,0.869298731404093,0.9290586409821614,-0.21580021574922037,0.0895388435789623,0.05625784747496669,0.02730748422459263,-0.040462257952643396,0.0
1.5800245263593728,0.7132252117788446,0.6940978426633806,0.9847553418863573,1.1342534693661024,0.9249980510907498,-0.8727295955676321,0.9281825056828019,0.7332767908403358,0.9902597772628297,-0.1555274202733822,-0.08434887506976291,0.028030951006368918,-0.06899164891974777,-0.03783744704610964,0.0
1.6956396882273248,0.7351030900717344,0.8224742980094967,1.0715408603132361,1.169997351259401,0.8836728807917825,-0.8759351867494098,0.9697434436952872,0.6485344417970812,0.887140344926191,-0.10140899906927373,0.12053642163529148,0.08996636043961768,-0.07865148796272084,-0.0868322195749133,0.0
1.6168295993598785,0.7406244367615636,0.9338114700834033,1.0379693350972374,1.1780342316125836,0.8481582266460106,-0.8469070798712843,1.0370161014287451,0.7267665032685676,0.9115369880243922,0.020009650487176636,0.10174534524921044,0.0526579911674967,-0.054664687409898514,-0.006496481214621028,0.0
1.6146785593660458,0.7242010104221468,0.9928877126184603,0.9810171093020295,1.2035761793979343,0.8658513706725744,-0.8377829707881312,1.0266309515662813,0.6327075474386654,0.8817078561428751,0.13156052288706807,-0.1415380152726844,-0.07148669607577962,-0.11368867622339346,0.13832502357653947,0.0
1.6735050185901976,0.6869624854816274,0.9273629367603123,0.9369635055873541,1.1355556739342805,0.8488978335216943,-0.9054744599332546,0.9121811914375931,0.6369792177802424,0.8301746326409822,0.16233712686595972,-0.07050755848066231,0.0836671009081282,-0.2382215081857178,-0.0456103355276425,0.0
1.6969225213052006,0.6870378851399911,0.8673563292429196,1.0558905006566162,1.0648232715430639,0.82813013879341,-0.8592562811066513,0.9565912662782676,0.6809547830175565,0.9123947652422347,0.04165636861988953,0.026953096762602574,-0.0804982064518169,-0.38745422877082786,-0.06647569032706378,0.0
1.7152236587595693,0.7489646812611053,0.8658539964649024,1.067374761388145,1.119091768287697,0.8396987089438899,-0.8186409070696145,0.9618831323483985,0.7383126090838945,0.8452120216912505,0.05221573291768088,0.039627379343067426,-0.05202800592426875,-0.12005238705447793,-0.11602527249029695,0.0
1.727869699510634,0.7327899571339512,0.9158811340800147,1.0045830717762865,1.183110515295624,0.8092441495835284,-0.9159190625311204,1.0049055296844362,0.5446818231079473,0.778227280753846,0.016413528669801152,0.03398867058414804,0.03289449476674606,-0.15172103259450934,-0.12374790695149156,0.0
1.6474360153872338,0.6790017409469509,0.920942054538516,1.0298801173302568,1.2885454683648658,0.8396438182670775,-0.9291487817269561,0.9334180605414888,0.6029794988931619,0.8394552520663071,0.23037661104693344,-0.009936519632308363,-0.06416953054902282,-0.04798792065741497,0.0062990093792267,0.0
1.7232679976167524,0.7270278263106488,0.9684326888183915,1.1348370865741004,1.180413522597021,0.8268575944185567,-0.9213031340287404,1.0041360070384424,0.5850249366120278,0.8287946468467832,0.256846908381282,0.08798660694781221,-0.15084636581349464,-0.05993935810782594,0.014798297939855437,0.0
1.6163889839083854,0.7646502210019888,0.9020679617619869,1.069704712826984,1.1981678620576461,0.8908138727401663,-0.882028906648862,0.9826299810651269,0.4959854031433144,0.8142938638017845,0.19486320852758093,0.1215377722066628,-0.12141591137960117,-0.005968385930529299,-0.057523327066381864,0.0
1.6552975616467842,0.6566075180538534,0.7655617951267306,0.9967932655016836,1.1549127690888785,0.8771606529455105,-0.9099318135720128,1.0176690216526323,0.6109070983085438,0.8141899207703637,0.09987360715880514,-0.14431052033233555,-0.20037631212585233,-0.01334683524350725,0.0579335020845588,0.0
1.7295473101817262,0.7621981418546174,0.8455508646165604,1.0716484381788032,1.2584866496385956,0.8438969084702671,-0.9193953313717872,1.0153784884329693,0.5924371600623022,0.8726212853630789,-0.01847447001136844,-0.16970700504051148,-0.28969853719123667,0.09250441849827779,-0.02346915237298823,0.0
1.6740404920920546,0.7950631214016834,0.8349391496450865,1.1055282068558778,1.1583604186656091,0.8617285179705081,-1.015893153080417,0.997072898219693,0.5896381458051124,0.7442650722156896,-0.10395312129317517,-0.30192424914059485,-0.002099742725287068,-0.0977368930713919,-0.007214423052559458,0.0
1.7007040772785667,0.77224274285664,0.9675023645390705,1.0794227844284854,1.1452785417419746,0.8934461832896604,-1.0076120563174942,1.0745941553056597,0.5644237652354474,0.7265303145128705,-0.032429445318312884,-0.3454082172072971,0.03385960683208367,-0.11970682568149438,-0.009232587244400674,0.0
1.6454929813035852,0.730237606960166,0.823726737324843,1.036564703730318,1.2611138076820514,0.8485891674829058,-0.9083869351079821,1.0351872988439836,0.4980235828441743,0.7847219366371448,-0.027478850626405302,-0.24296212114500013,0.032657025890966425,-0.054863522591768035,0.12691284021204122,0.0
1.7408756230802893,0.730254677361354,0.9504471250385443,1.0620538530596533,1.2259381929301778,0.6984731186779463,-0.968351797263246,1.0072540767992302,0.554615770216366,0.6710503839359309,-0.061573777990318296,-0.057774702240926484,0.09982112369059984,0.17697018389060024,0.07812754175838715,0.0
1.655015888935606,0.7472638878632207,0.8367138644429999,0.8947557601715053,1.2040256346187146,0.7755590385211697,-0.9289062674470023,0.9362835485090986,0.40550810364929823,0.7473896074113672,-0.006656395449076542,-0.097249371951605,0.041152609255451764,0.20892882446242234,0.15983555875061592,0.0
1.732953696420655,0.7205844680374665,0.9347324880073342,1.0401786721776076,1.2417801700874926,0.777546730366116,-0.8883055854207552,1.0058423758020296,0.39467298986017285,0.693164673477542,-0.12371316037366192,-0.1736174711429449,-0.009522819453084613,0.07004089739392735,0.08832135214919706,0.0
1.7040334799347037,0.7792804993773967,0.8954838984805815,1.1078461314391932,1.187687423789129,0.7788991741785878,-0.9492483937928816,0.9708814238583855,0.5117717660312392,0.7615846663703925,0.13502870290953764,-0.12795788086590923,-0.0818754382517753,0.054772445805733525,-0.016336635075834965,0.0
1.664188484066931,0.6883448280033672,1.011772859408523,1.1160967076986894,1.2601624130587161,0.8506019053245969,-1.0496050891428557,0.9934509869388204,0.41430970918639926,0.723178888056454,0.0970812642305155,-0.2354406998240403,-0.11580001724223668,-0.13273949535968088,-0.15657680362534712,0.0
1.6596238685391915,0.824442313350016,0.9337018588871286,1.0819327333688986,1.1777212155897203,0.8212583957343088,-0.9718859195855282,0.964973041221287,0.3571638054233034,0.772579974977823,0.1251759024357694,-0.08218866544008487,-0.20622750588945027,-0.16860292620333112,0.14775108014908167,0.0
1.7425148227166103,0.8074974922875996,0.7973341520577557,1.0921616326865433,1.2014795897636583,0.8365602133123661,-0.9489354758210498,0.9924439071059159,0.39767162990666655,0.6976190049227342,-0.05706940254972458,-0.19071524775426998,-0.2138300935009565,-0.16556387425666738,0.17443581934419217,0.0
1.7441209809539535,0.691868684351722,0.886963873914365,1.0625934500288283,1.1927107975484232,0.7211415775368902,-0.9456865987001998,1.0269054580576134,0.4143160119567648,0.7053528927379021,-0.1002184486205491,-0.1505598041131475,-0.1210994627090729,-0.31076301770543746,0.20657833523068092,0.0
1.7262703515231128,0.7785519421988206,0.9557010426102125,1.0169615299156232,1.1719595369315692,0.7389565355801413,-0.9205104994422835,1.0525505840252838,0.3257366124950639,0.6413705743475603,-0.08613440894958066,0.0364917534195521,-0.0622248489379294,-0.33208168693912643,0.19674514480225014,0.0
1.8303595303570777,0.8223921369371126,0.9200279677688422,1.0457550691413244,1.2843588198924256,0.8070043358749551,-0.9899992879380533,0.9979200161624514,0.4007061370229515,0.6498693546127361,0.1387484136481822,0.08532595917299965,-0.0513504453950713,-0.3216620382096495,0.12056593933197693,0.0
1.6357286903968071,0.7082001610011504,0.883486567910055,1.0317394702316454,1.1982926847883995,0.8373054190887792,-0.9676432278064697,1.0182211708988866,0.4237697847267272,0.6154096493501227,0.07421826814927737,-0.12881605626376708,-0.12099679284878415,-0.29277817827425096,0.02286190155068865,0.0
1.7117575147346429,0.6600734261753924,0.8905943900764658,1.1230404063182984,1.1706577975671717,0.7935484332279819,-0.9820859988111068,0.9817392024374787,0.34619359390121435,0.6002022496922772,0.06655582788929054,0.015873532199501564,-0.18366686360609635,-0.30604407558113744,-0.1465581615861681,0.0
1.7862240517755132,0.7491527064731199,0.9403851929809475,1.0826650368123776,1.2455135586191086,0.6586120572433312,-1.001333544825164,0.9773771358312536,0.3338843960813826,0.582851422824011,0.029591016862087094,0.07550882630092114,-0.07857821020541036,-0.2609687064306459,-0.26182854898275665,0.0
1.7520605100676228,0.7011625941697217,0.8531827596451986,1.0676351369822632,1.2620202253370376,0.692758058478716,-0.9957219728620359,0.9184311431221552,0.29012871821293573,0.5455557484022658,-0.0026881047344302945,0.0447022718071888,0.05274750184952008,-0.12220380046160267,-0.0648367281129878,0.0
1.8294940693206851,0.6483872022196642,0.8416275226632899,1.160182580222177,1.197729180280949,0.7042489939700844,-0.9856056257618924,0.936693631808889,0.2725432788892705,0.6113314067227764,0.2081499054590661,0.19966355325087004,0.18912671530097402,-0.22101608282116514,0.0019291363649288767,0.0
1.7879408949290556,0.7353433627879324,0.9197620908243106,1.088021586607431,1.338722021365191,0.6871693198355852,-1.065613972105513,0.9419295839747419,0.20054556827861106,0.5927447508950322,0.0183651394456307,0.25949255345923394,0.09380548845787834,-0.1437306013637842,0.00023891083968677427,0.0
1.7643770623305732,0.692116028174663,0.955194279296743,1.1186366681190452,1.2018753380079852,0.6776530879882057,-1.0316579155608325,0.8942498013152091,0.2344021204123604,0.5049321924362121,-0.1012891550246191,0.0648919083030722,-0.030919177894438946,-0.10909655797529007,-0.09847176863522593,0.0
1.749467016914409,0.7654500977494944,0.880987903497811,1.0808313004453656,1.2229617830490036,0.6478769945281992,-1.013182879959379,0.926506559764895,0.23294328522531257,0.534166503367544,-0.06524659321835637,0.14187248875364034,-0.09678685492096412,0.0026538252292510056,0.003358873007788199,0.0
1.8289898707905439,0.6983530236277653,0.8662786953789855,1.0644565763463893,1.236077884668357,0.7601172941739216,-1.0153305710677616,0.9076651450218549,0.2465283480584018,0.5188736968056341,0.1086423988565132,0.14975030861839828,0.013686964347570385,0.07882655112973282,0.014057004832512897,0.0
1.8334691216646404,0.7057329170419283,0.9617769712357025,1.1074818478752968,1.2570134849535455,0.6414546848786067,-1.027791176600435,0.890954943852255,0.22857099826178234,0.46794911138877837,-0.09702912842633508,0.12926450347939744,0.08091835766270633,0.1755335657036966,0.09399437121288079,0.0
1.7748344605047675,0.7652968498373623,0.9573127723599962,1.0924454525980247,1.2671256104137525,0.7404547824684272,-1.0041281714398367,0.8287264489885237,0.09542787524406483,0.5188608878427253,0.007770290682896461,0.05784974764259278,0.09253321326804975,0.12112500607164156,0.08072248668089556,0.0
1.7313704422513756,0.6865180556219731,0.9434165341818339,1.125786034982523,1.2336959621828902,0.7186705913480015,-1.0258934653200973,0.810752818103936,0.2497654403549984,0.531885523309588,0.15989765526352612,0.0011464995210335727,0.0833185830494901,0.02378361427293589,0.06393404952549799,0.0
1.7668164021900714,0.8245333575073951,0.978677031644487,1.116853512415401,1.2429868971284035,0.6416278180740747,-0.9428670919108366,0.8412624545854606,0.10305666531165883,0.4239549903884663,0.027931207130706362,0.06932926744558236,-0.056684727665062676,0.04266666069389336,0.059715739621838834,0.0
1.807783084297166,0.8962335230370735,0.9645618800378387,1.1026203612303713,1.1768661264541946,0.7315359872503453,-1.0153806461971484,0.8956056420114813,0.1511177057786929,0.4114515900332123,0.01804747980334316,0.08769780703386382,-0.03659265515000837,0.05079115647321704,0.012074247004415554,0.0
1.8665389397411285,0.6899063962212182,0.8678465201545885,1.1686701927425558,1.265188732882956,0.591883417234698,-0.9771267985412787,0.898411530934546,0.12401985358288882,0.40179775241977,-0.0251201136289802,0.0922098918923043,-0.012049929800430476,0.04103129661356176,0.22941448313269397,0.0
1.8918238422041378,0.7991532011318825,0.9495295894533352,1.2088523055230804,1.2994712937624937,0.5281400674917944,-0.9827863179226956,0.9190886961822856,0.14949177704643457,0.49769250946961263,-0.009546449827246315,0.018381651634258728,-0.14908440007810844,0.09077664227821153,0.23518333377962716,0.0
1.759743586316405,0.798648676091739,0.8768332376988237,1.1147171123708333,1.2223359887999423,0.693704140430303,-1.025521415823934,0.9121768795469128,0.09061888595412582,0.4791849587370362,-0.03153577662400471,-0.0854454420473355,-0.11444621196718066,-0.031085371795861613,0.42556081377200466,0.0
1.8171049301901885,0.739683424966585,0.9054991164392635,1.1850321921443703,1.2381298809954804,0.6511792909211355,-1.00935348678032,0.8598608143338103,0.05566371873943581,0.3861191102640688,0.03533295349484297,-0.016762650925333904,-0.07855899465750753,-0.04875028014738648,0.2886044274415126,0.0
1.7884597162708833,0.7205150959809564,0.9329025253274773,1.0810799361743921,1.319242723107959,0.6394711149453788,-0.8760010296355611,0.7562140969812126,-0.04236271393555459,0.3851093667363818,0.018365859051940665,-0.17886104709545522,-0.09719627906320039,-0.13090307718487382,0.11340011452285853,0.0
1.8185921617990786,0.8248792324370566,0.867117394419315,1.065026730021872,1.2472089025944157,0.6807238142249828,-1.1429209261651738,0.8636441357716386,0.07147782378761322,0.36546307291052615,0.061402252681218225,-0.01709932103732395,0.016236354152858318,-0.03283927545254278,0.11977700952199927,0.0
1.9424176680577157,0.8097727912715319,0.9838733443444071,1.1135893112495563,1.2576775257488497,0.6689797959424817,-0.9172204653876965,0.7905581612580084,0.01753147087058392,0.2673042310059574,0.06847642476663081,0.0716818903452368,0.04799676472852788,-0.13643918690055365,0.26418587440623165,0.0
1.7843532089843233,0.8259470458308513,0.8631774111562334,1.1009566164771507,1.232112893086992,0.6246567126992228,-1.0929957671641397,0.7992159365914703,-0.020880456302376477,0.2825357704187278,0.07698934119877464,0.07185022593433993,0.1980300460289967,-0.18758825525841127,0.10427018713623701,0.0
1.7834722798338876,0.6860454827462916,0.9531537893782339,1.1654516844968585,1.278691228208151,0.5772977863995046,-0.9733190711188199,0.7809474252753982,-0.05526210402660635,0.36723261476478913,0.06268903355745094,0.12307162238142523,0.07880626915057629,-0.24017725138841048,0.022145773398096265,0.0
1.8410448717297603,0.6849958643897849,0.8492176172332591,1.0797822843884228,1.300771883269708,0.5740118209654669,-1.0307201767246232,0.8523029376503756,-0.0739322634382087,0.2703246844468646,0.09840861408870313,-0.0602556562062429,-0.005530271837222225,-0.35415664586484785,-0.02024898299400823,0.0
1.8367293747708378,0.7508207225832825,0.8818231458567798,1.01004985733904,1.2649976940977574,0.515847400102949,-1.0619183208014669,0.7652895395835982,-0.044557949084045374,0.36459688309713295,0.0030255951911196816,-0.11479638456494942,0.011931531083911633,-0.40666955849915754,0.03570072215909047,0.0
1.7803234059116602,0.7811021741434082,0.9070164796012297,1.0904129318926967,1.269629106207314,0.6450432886624055,-0.9361014243242214,0.7883045348147545,-0.07397133403901371,0.21841394990898955,0.005602721170513701,-0.10347206903900415,-0.02002244671872864,-0.46193614744929434,0.12395701708901424,0.0
1.7612155136654835,0.7188791090548082,0.9605524716686729,1.168803470713566,1.2004240516104818,0.44016619515204264,-1.009807067657833,0.6561904360228912,-0.05381904120151205,0.2534428995909165,-0.003908178267925448,-0.002742411714169793,0.05148020555996784,-0.20737749669477254,0.20442788467537987,0.0
1.785636655706622,0.7507322170154859,0.9522892740705667,1.161582428932192,1.2317781947829554,0.4571356741142109,-0.9510025608751188,0.7775830389465005,-0.14418453442677787,0.18902659691428614,-0.09119277212321351,-0.1395153566585761,-0.08676652397346395,-0.013868914120532594,0.01123159938322299,0.0
1.7771678129903898,0.7354133805992945,0.9025423663471521,1.1949491860069281,1.258440270183276,0.4486437462314732,-1.0363503762974784,0.7217823485474809,-0.15818182685659732,0.1508847381550764,0.18322753963229207,-0.264398084746267,-0.27145792829083243,-0.09756048870979012,0.06907981639163958,0.0
1.80029442255001,0.862645643852092,1.0231361967665573,1.0398112035960416,1.226602219095919,0.5995126291310607,-0.9745360330485547,0.681384908062106,-0.20595091279459038,0.21820640817680018,0.08777237093685364,-0.17669319918202872,-0.3276824483483145,-0.17799969881824648,-0.11888298727319549,0.0
1.819028783423929,0.78092317666722,0.8987717268451012,1.171628401172867,1.1957433223502218,0.5229040113283713,-0.9895776520197397,0.7010984382225735,-0.305013467380422,0.2039372875908228,0.17538233994223812,-0.06025992100922535,-0.24815568097484592,-0.05309647228703944,-0.20310782812225822,0.0
1.8547301498760853,0.7164503959461157,0.9169158190201491,1.1669971057895914,1.2522297440339287,0.4534348500237887,-0.9921288087876118,0.7243322768097261,-0.08909097161896243,0.1342339837470702,0.17509263253251695,-0.006963270289737734,0.060951946132797,0.012622516622388988,0.059440488357965504,0.0
1.8421655506300483,0.8282847912907318,0.9590058539202834,1.0926725309875462,1.3348399428866542,0.5806018071575674,-1.037510916821099,0.7707878222159646,-0.11437293373231368,0.11856129860769228,0.390769178313409,-0.10913558572034696,0.04083105844430192,-0.08251416874449286,0.1813365730047419,0.0
1.813638063688318,0.7545648545127599,0.9036844974935933,1.159311990948245,1.255605148714921,0.4723240802164756,-1.038153866443622,0.6261796256248301,-0.2072709742013232,0.051248049076625085,0.17552723049808755,-0.27928727759309746,-0.01585816548816594,0.031047595199706374,0.12479202193704367,0.0
1.7937667180845112,0.7304817017319044,0.9863116029446921,1.129032359331138,1.2547113868295712,0.530942784966885,-0.976304405235922,0.646215606001272,-0.24290318850468107,0.19969614421115034,0.1364269277084843,-0.10269391918780305,0.11974659444891134,-0.09899788296623831,0.3166887131046541,0.0
1.8758757595422744,0.7191633458088139,0.9630572293586546,1.0435797468271715,1.2617334578044577,0.5217715009467505,-0.9504836317998484,0.600017242746353,-0.2600373450862822,0.05991566680739407,0.17469224721642834,-0.038525843724607226,0.22717549677967513,-0.07121770197299483,0.3049758654585328,0.0
1.8434355766454524,0.7062207788963356,0.9484095942913575,1.0689075932550332,1.3436928240538402,0.3510109255050783,-1.0168603887866914,0.641803372801556,-0.23827451010880182,0.08153913712281281,0.10210164827006515,-0.17940063069899814,0.25129656792457566,-0.008087541045156056,0.16839998529480696,0.0
1.7722591652555244,0.9117926455563619,1.0031800546948124,1.1244418452464398,1.276669570451969,0.3744090353616377,-0.9708592269319117,0.5416968105918704,-0.339938816138658,0.13686760730748163,-0.11531011524640912,-0.34378237587460314,0.08007364204504656,0.14284042391073967,-0.12670344364873312,0.0
1.7483202327811869,0.792407953059088,1.0491858071036997,1.1089836994531783,1.3221683943751346,0.34598033081358287,-1.0068334422143133,0.6366094529580099,-0.20985829561172653,0.1257648447049176,-0.07407847721835288,-0.21682839815188368,0.005062403044666347,0.17409450847259078,0.012434362030280519,0.0
1.8656942566324728,0.7998672906522303,0.9320874990469231,1.2103397229856012,1.3711443835273567,0.4571901240594571,-0.9808147228707875,0.5776995143648403,-0.3725791425277733,0.06867391367559363,-0.02144730919358062,-0.25578301884323285,0.07307319825645851,0.15785524398283252,0.06339799445631263,0.0
1.9006815342044272,0.7713247504221333,1.0485350295647526,1.0386078247981572,1.350392475589035,0.3670723440316331,-0.9836219529696797,0.6481044840976662,-0.3743754567362232,0.024941524626045132,-0.17019570667602646,-0.16272951270776354,0.023167757236376124,0.12897651069084726,0.11768395081316742,0.0
1.779789953157486,0.8283755312036044,0.9160414872055913,1.0870353317435342,1.286285023345021,0.4458202993518292,-0.9240167364316954,0.6739387193124748,-0.33394995810996353,0.03986581427307452,-0.2632768305672535,-0.10552242991743704,0.09567560177929577,0.13922806190353193,0.12683995655207153,0.0
1.8805418104932718,0.7317920732399621,0.900773776179802,1.0787296839955953,1.3124387649339573,0.44421810970747183,-0.94543266457526,0.593646914384357,-0.3804847239722343,-0.04033187594976964,-0.09769291216055288,-0.2666523504865749,0.015583770201518493,0.08317164104428076,0.08723710518949024,0.0
1.8406926382817124,0.6772145535049892,1.0158830188680312,1.2392172452127825,1.2810207700123495,0.43042898026248677,-0.9792669134598019,0.5706447000629604,-0.42618061000253543,0.05337760322016049,-0.05572677632603926,-0.2394503357037049,-0.005561518362879407,-0.001783789720408116,0.1416551158370693,0.0
1.8571176112976533,0.8594631545566799,0.9997468889834741,1.1888764547081976,1.3543500028816287,0.38438535222185927,-0.9481889262389518,0.5378725052863622,-0.47323739421629685,0.023638836242076654,-0.19293556491601777,-0.2776229639259901,0.05950062946238478,-0.07720495272530196,0.09606373409446493,0.0
1.921883758227939,0.8390856009201914,1.0217748866091256,1.2242143680796223,1.3003990531700325,0.327611349312559,-0.9539389948003308,0.5738875557392451,-0.4001603954359164,-0.001097238466682679,-0.06827939779478569,-0.1542382631373283,0.16659782748713187,-0.27204434825463236,0.33790371163578214,0.0
1.9272997739400322,0.7461983972664621,1.0186677918038947,1.1679789635959275,1.2772167072891945,0.39787211394483396,-0.956733502573533,0.5288414566993151,-0.4043065882258664,-0.11796925254305297,0.056496221606428566,-0.08750042759432329,-0.08692776345314385,-0.08470650197817559,0.2172289021749064,0.0
1.9270899773993408,0.7671370559033124,0.9793998737355409,1.1754490350367157,1.2739513207869937,0.38969583450267653,-0.9621783757878007,0.4182507415293721,-0.40431293490856546,-0.07493818288013769,0.090863732380536,-0.14832810347868902,0.007220063519226341,0.0924537370965577,-0.035873547760957664,0.0
1.8502466294430027,0.8091622426069617,0.9795141565795698,1.150354891908551,1.2226602509286193,0.3758658044608494,-0.9292596901067635,0.4948432997286574,-0.5073257167249452,0.014572849530553197,-0.05553972594315226,-0.04558450880583642,-0.12173382354939345,0.1278826463864844,-0.004828216905629134,0.0
1.822993792781001,0.8250969041498702,1.0397543629824215,1.223491246559539,1.3294221038642908,0.2797570413616795,-0.8810122631774739,0.46571516466864626,-0.5620692379634501,-0.13498892517381322,-0.07030874411048982,0.1253229747684261,-0.29499510132692364,0.09611414689557055,0.042205965874923076,0.0
1.8679358044574794,0.7894246345594031,0.9776032477189933,1.1547389181420022,1.3717087060479243,0.37079947459582063,-0.9525142278592875,0.4314815663802546,-0.4359176665670281,-0.10079596682537362,0.14164431139079345,-0.07929086447254807,-0.2462532496936994,0.12554110726291579,0.0028486041892468,0.0
1.8907955753762153,0.8583421874602545,0.9801198143175599,1.1520680962617103,1.2722651481962162,0.3208738859971062,-0.9304103626070799,0.4748159658068365,-0.5368263130842665,-0.1502280111956127,0.08064464138718072,-0.16768067489704291,-0.3755201424342529,0.14636392871986087,0.16078267171901925,0.0
1.885901291066955,0.7365963430883761,0.960823403688055,1.2670755999078585,1.2593682511788136,0.32667060612160004,-0.8436732591423527,0.4035360248078069,-0.5682486223513554,-0.14935275976429271,0.27562531055756573,0.028766997450618018,-0.29473291759113446,0.03806713928992256,0.03643666065330131,0.0
1.8771114496326435,0.7459215807269759,0.9786967614652962,1.1414248951094794,1.4446927362867932,0.23710482675232208,-0.8828765882234146,0.40819468006253695,-0.5350682290697012,-0.1320618003145721,0.1298687861984257,0.05271876048801409,-0.07391427962865141,0.003405859519290816,0.03274604483644366,0.0
1.8475478886614192,0.7600042736872691,1.0620690826943269,1.164086721613581,1.2927938065546172,0.27616186419454153,-0.8620860426643102,0.370026773293392,-0.5700732481861732,-0.22354413797819483,0.03160511297059007,-0.11480280131196055,-0.06328891066784242,0.047553943281687175,0.016911829066364698,0.0
1.8799909623632574,0.7909798943697984,1.05232302721147,1.227809872491242,1.3299306262690722,0.25800569263272094,-0.8969331957412089,0.3080504738209704,-0.6490113068595982,-0.1857437530786272,-0.0930414447763704,-0.036676256330184676,-0.10028621231758493,0.08158803007384263,0.11714943487846416,0.0
1.8642663116196494,0.7807011934260721,1.010016022454101,1.165078865456499,1.2701731181631353,0.2866394767308116,-0.9074252622247714,0.33790724584044485,-0.6165310688255113,-0.21453861317231912,0.015124551507664091,0.003060465966401079,0.0790887769578974,0.205017957523966,0.22137126725142356,0.0
1.8881600336534687,0.8040181733988437,1.0172705642380409,1.2217477979235165,1.3355360033839483,0.24252005768399543,-0.8571389636168051,0.3005357027354295,-0.5713807718744078,-0.21523128599182492,0.005955047786691189,-0.10136889224788022,-0.039606479363117016,0.11271571338822611,0.09071462275590092,0.0
1.8849904181959858,0.8592576882717902,1.010547832721772,1.1242959009299764,1.301009495472392,0.22822598050619855,-0.6868224217858732,0.3520877758000106,-0.6464951407811768,-0.3096738099009706,-0.12576060917206955,-0.015257656059449377,-0.020119546079816697,0.28657258139069247,0.09663439525131007,0.0
1.9031930844018399,0.9088470703137378,0.9765491023192662,1.1587258572945673,1.3702704218735058,0.1797385617203994,-0.8461913452234721,0.3475477227345722,-0.6151993167183,-0.29237366155891625,-0.14077145932724855,-0.19211316417986318,-0.019265241045350198,0.21085859805261098,0.03278932946560415,0.0
1.9659300307861218,0.8374457252711321,1.043722345700758,1.1793193628423162,1.3816339767139412,0.2513396117090584,-0.8296846745066943,0.2840314773693528,-0.6376888936491256,-0.30024724897109,-0.29248681886513905,-0.2629513379779003,-0.10814607643372455,0.23507624657737533,0.07759460979709717,0.0
1.8114045324652708,0.9040151478392013,1.1388577515606078,1.1987931312189297,1.2782293826320466,0.2678033003167033,-0.8596561642967948,0.275770411236726,-0.6538019767836484,-0.23776771197907223,-0.24640197319188176,-0.20738913037887913,-0.07084261760154253,0.2526769910634392,0.15466920413458274,0.0
1.9131392607704198,0.8067117528211005,1.038842282370953,1.148776120978367,1.2204894338173717,0.24538846153295066,-0.7734729319811057,0.21792571998447333,-0.6785727003294174,-0.3716824832129273,-0.09149500728414964,-0.13670229750455531,-0.03157939493716924,0.1586477626208946,0.2671048445624239,0.0
1.8962609269691464,0.9021210503507402,1.0800435813801388,1.2045645899442328,1.3882023008942117,0.171729190522949,-0.8700350847096395,0.3299950493842698,-0.7714865125526844,-0.3592932478305269,-0.07114061126467049,-0.02537674565254089,0.04595512049685465,0.20857913620853347,0.15231341537974338,0.0
1.9464291736263544,0.8835527409836383,0.9790483466854221,1.1736413132008625,1.4103755916277554,-0.06697594044405533,0.07355988772831304,0.06870474453238527,0.09864103802175048,-0.05228619238674064,0.0667634191656221,0.024996803124582623,-0.21860761670053463,-0.31157808292028044,0.2685330835420861,1.0
1.9481430948583207,0.8488230063830978,0.9995288662018418,1.1922291875272624,1.3486452330833307,0.223597253745937,0.18533117586543915,0.21264218831798287,0.0762528563184607,0.2287913662782727,0.2767787081485062,0.4972014440210786,0.1067774325130976,-0.2922252646161546,-0.2299031025253327,1.0
1.9300775955295204,0.9039316890530867,0.9605805026877142,1.188123703305086,1.3721050678232944,0.36925393790819755,0.32514673057624366,0.39456851685372973,0.37861209291037934,0.33897579316327825,0.20647117884070673,0.30100050103079096,-0.19131870552747018,-0.3040719767235212,0.7040582288837844,1.0
1.9253661107063706,0.8627481413186147,1.00096278323772,1.2012683527796508,1.3831987587246635,0.615277455988611,0.5330037728433613,0.5515719151125258,0.5675683767199421,0.5875249613927079,0.34820948931547,0.022268540640589182,0.11435871472161739,0.2582863351492796,0.2314755123445647,1.0
1.9434521496058177,0.865034368207653,1.0185907404785837,1.202071843787309,1.3905838474966514,0.6881555378911913,0.7404296787592803,0.7650976768887938,0.7419931852720552,0.7631589400597654,0.13286490929587327,-0.1844631113460323,0.07209539914603606,0.24888663575598252,0.4986181417075535,1.0
1.9521709856240212,0.8885005646371495,1.0282279019132132,1.211552521365856,1.3830396835415546,0.8552866566153651,0.9214733795155391,0.8535141300758365,0.8170993695152092,0.7897754228609443,0.1459043817984183,0.27066513132543907,0.1737498135748088,0.27104470950711385,-0.34419900415506655,1.0
1.9354014402366224,0.8917622787321936,1.0074164347042025,1.1821169511372318,1.4004659943354232,0.9053116897092972,0.8922969241031566,0.9386296808722828,0.9346017126711784,0.9918765971799719,0.2804595472774833,-0.025858729952781146,0.05300266435441689,0.1497648873852193,-0.010976914880574187,1.0
1.945418186072432,0.8350957200318762,1.012930526928412,1.1828728481994881,1.394340242978299,1.0371184587604108,0.9918872350074817,1.0047939130217571,0.9619738229353887,1.076206040008144,-0.15483301039397213,0.2326157048018724,0.1206309816666548,-0.6347150136245259,0.19781706127778784,1.0
1.97802379963914,0.7696947531235305,1.0104833701690699,1.2060126106354303,1.3773514443188133,1.0055043152345264,0.9449653196736979,0.9394108750470763,0.9997852422992515,1.0908745195199137,0.3368749985328111,0.396367769154424,0.07461191253446058,0.26929908683484516,-0.050364451775321915,1.0
1.9761372782744666,0.8670298653959946,0.9935058324424819,1.1488558884706446,1.4148029458000395,1.0063301212524987,0.9638294436953543,0.9410981268211668,1.001161935225769,0.8994080171638078,-0.4356899799297059,0.03682960150521294,0.13123299372593106,-0.17641565560319358,-0.026598237133010023,1.0
1.9566498039157443,0.8756261275462168,1.0138579783147026,1.1840037786774895,1.3562076820511042,0.9773961664948404,0.9043305557997481,0.9154010460708593,0.8915281562048638,0.9530266140226895,-0.21116956550888116,0.44292169156813926,0.2653797765120471,0.027753685926199565,0.0547626647890783,1.0
1.912500286978902,0.9191839597645426,1.0177804310191167,1.1702863547269278,1.4198037729610449,0.7898449267425102,0.7830929513418161,0.8462571593099836,0.6387934158353128,0.7785753946030971,0.032057389175893035,0.4380576036294591,0.4100740440470584,-0.23168057732846536,0.2537804072092201,1.0
1.954266211002556,0.8262815140254978,0.9809955850885839,1.1113093628813409,1.3843969740736168,0.7460003947931536,0.6437456363185077,0.7128671441163399,0.6509698884928062,0.6700843166952026,-0.10124046026567227,0.37153529904510857,0.1978930142313708,-0.26285260537368277,0.15669286072914804,1.0
1.953774674004109,0.8429344341337448,0.9915638257366478,1.1876934998509585,1.4339560026497993,0.45291995139334834,0.5483247150153807,0.4871629688345145,0.5381958316337601,0.5283075564357709,-0.030904948601104463,0.5775820352728414,0.2279893707687511,-0.2526506273540878,0.1358399000305418,1.0
1.9622787809234101,0.896147852799484,1.0098284043206,1.1981849737659345,1.3815663183761795,0.3762531177960682,0.31567548789266753,0.38866371271375555,0.334228949594599,0.36461383934601616,0.044570897990697377,0.27206298406023527,-0.1169589967838294,0.23431269429465024,0.09056706815696285,1.0
1.9530411635191116,0.8553926131745901,1.0064836741584449,1.2047050004683089,1.424005668897015,0.12381917597150377,0.24338432648204117,0.11623019649426539,0.11615329681188322,0.14848575814707243,-0.34171973011808293,-0.010399701992580637,-0.07295247276024498,0.2429864518889268,-0.12677020183624516,1.0
1.9453276922163392,0.7737371534953362,1.0216861931681378,1.2121325367070783,1.3657485769037279,-0.11370754943075137,0.010755876456236407,-0.07148411442080799,-0.059728798623604064,-0.07120973907219418,0.07720518616724042,0.23609517129480348,-0.17226475545457104,0.35063289735802233,-0.11990576079564474,1.0
1.9567213464666968,0.8692709370131512,0.9973724185541651,1.181152968074383,1.4066206534126633,-0.26822203903148,-0.2583730003613837,-0.35079184231027705,-0.18658682936562354,-0.2611930268182894,0.022335017676311453,-0.3061526288053666,-0.07507893181053486,-0.12852018035655846,-0.16966159227183897,1.0
1.9692694566882631,0.8547801240508374,1.0032391117535475,1.190881032991554,1.408337222687201,-0.4615844183590257,-0.46022328864683065,-0.3143322461810685,-0.3956680244355671,-0.532831655277688,-0.013064860281309394,-0.18093518154551674,0.7699119967116467,0.3316384411003215,-0.18834882269186154,1.0
1.9848521039237823,0.8521627357940635,1.018648129607068,1.2140984246665052,1.419024541116632,-0.6089693922486804,-0.6264579333187673,-0.6100362221569291,-0.6592215125755679,-0.6697804278452375,0.26792890978468653,0.5223048939856194,0.14061889991543008,0.354584758449251,-0.6259816856898257,1.0
1.9744725069652203,0.8803728912276002,1.0247816039133586,1.1430002457439938,1.4064587053591218,-0.7278103581028429,-0.7511754257772773,-0.6557762809592319,-0.8542624271221286,-0.7772698350088815,0.07121504460038179,-0.2194593545532953,0.5055006738480659,-0.03226490595764546,-0.15444242597973426,1.0
1.9413266833506053,0.8110657240905248,1.010387023009485,1.1993747592660955,1.413085071539558,-0.8031888839853536,-0.8892306704054751,-0.821663961069111,-0.8775017829193118,-0.8775996129219319,0.2625407460450031,-0.43714408903808294,-0.10395857743162429,0.023834852445141576,-0.28301349582891516,1.0
1.9691215530059896,0.8229241137212299,1.0265943712060375,1.2182956927368962,1.4442758127418711,-0.9669786052683397,-0.9053682229504616,-0.8939313523432928,-0.9731386800076852,-0.9107737059284041,-0.015671193566678277,-0.2239632424831167,0.05853122018921766,-0.17487625011321542,0.030626351250619577,1.0
1.977991623962169,0.8807385397406894,1.0118585122050012,1.209816452826162,1.44321462112079,-0.9457116716659754,-0.9750506726291613,-0.999143634668006,-1.037242508285456,-0.958136789673784,0.3265520180229794,-0.5412650919529228,0.11713379778857719,0.08676034713838394,0.3491178637808966,1.0
1.9957236036441142,0.8500408965317849,1.017304026569099,1.191170912907667,1.4429079298359797,-1.0391033163669112,-0.9366169928438329,-0.9473859161910655,-0.9750202017511113,-1.0006362806143998,-0.4231558232522269,0.014240387359790208,0.33832441927190965,0.35871412237369044,-0.050463034595671856,1.0
1.9848732594764305,0.893450662405557,1.1958750997400869,1.2367048788989745,1.3908813092285213,-0.1111481555449196,-0.5159182230566026,-0.07056028432585691,-0.9446201507963865,-0.7889407574447836,0.15871548241839012,-0.1549626296123765,0.29159971658627326,-0.18490062604836122,-0.19299185279327846,0.0
1.9952035556806058,0.7614892374337477,1.164026197111161,1.262372897990488,1.4759521719687108,-0.10746476410381545,-0.6382559866906526,-0.15140256791018847,-0.8773895252449802,-0.7474969077124927,0.1342991562828239,-0.16278454957337202,0.23130382745939687,-0.08542813403554336,-0.3149023867354198,0.0
1.9719665032292473,0.804157465070772,1.087396762790753,1.3047262230983663,1.4117949068149,-0.08694062814273296,-0.6696877180997187,-0.23622091902221995,-0.910919373142274,-0.743954651947571,0.1104163870490127,-0.07725473352375972,0.07573168116961083,0.037604576050520255,-0.4287881205218313,0.0
2.0227924325901445,0.7827815971678415,1.0677208018948277,1.1935283458487482,1.4692159482123506,-0.11214495114835152,-0.5251684072316739,-0.24394003437348605,-0.9989785389186955,-0.7417940370831719,0.10186727844776498,0.0733042999283672,0.056750722600326715,-0.11350440318942995,-0.4273497271136633,0.0
2.082632803938549,0.9745525907268732,1.0390707153708298,1.280390791189645,1.5176446294135992,-0.15138391014672808,-0.5024347144671579,-0.2642952736275887,-0.9998594591493161,-0.6207549805477113,0.2054972897037431,0.12031496553917037,0.05548224622537379,-0.1124927147340281,-0.31148601241856866,0.0
1.9562696513652817,0.8759939570756311,1.0735990646862472,1.2388257200039716,1.3714233974416268,-0.14450860863749532,-0.6914734466543627,-0.21811371511394168,-1.0037166389315213,-0.7251181066516804,0.24314195060072596,0.12417964667223186,0.2664988163693266,-0.10405884111315973,-0.1860924882932455,0.0
2.0670591576338966,0.7920949076437789,1.11930064180201,1.236654047866572,1.530239170454914,-0.13258298598812915,-0.6257756205103284,-0.40008074075959876,-0.9385499885371318,-0.7096513212036403,0.07482708111917666,0.11461096952633004,0.2081966712158396,0.09574807106512744,0.01567674615932374,0.0
1.9681232385087133,0.8953727930819413,1.074041436284793,1.2065389894200098,1.4663821096381924,-0.06857165115240489,-0.49228391163632756,-0.28866479279124535,-1.006926038120042,-0.7492391153709524,0.04789398485099833,-0.06619405871763298,0.07186505904984666,-0.1390728382810775,0.182675817126204,0.0
1.9910421128357818,0.8901470038961083,1.2325120971937373,1.205973035417108,1.4368190366242886,-0.11639577290026862,-0.5482348991179175,-0.4018275626824611,-0.9628940654967301,-0.6862173461417247,-0.15340730198728528,0.09001927759418635,0.07782187336966578,-0.11362930801624038,0.15333379535310906,0.0
2.055809406872335,0.8398186180970526,1.1065704424524359,1.2757781406999205,1.424069070975364,-0.13265187537937756,-0.561443188734217,-0.3514059337139556,-0.9122271873789058,-0.7262526995048839,-0.053381267257574805,-0.017356916784552062,0.12482520715629179,-0.11856944670918282,0.17838503892623336,0.0
2.0253439329175635,0.9367356150966331,1.101457686883728,1.2967212781684454,1.4218014166057922,-0.11902119563584487,-0.44195385304689144,-0.3393730039778221,-0.94241707561542,-0.75561559478461,0.10361391330586026,0.08148363868970068,0.059543740595651366,0.1037313395367804,0.07693578835164067,0.0
2.033494895768348,0.8614665728432627,1.118300443674508,1.2339609003773349,1.449196788957712,-0.13925326346199884,-0.44418845332854207,-0.31512162477018674,-0.9432553660113714,-0.7266978200467238,0.06716069763272886,0.05820110515296822,-0.07748583929768316,0.06875865097981745,-0.15962480706549542,0.0
1.9885003604692544,0.798990313755917,1.0561509230505686,1.2184286116702143,1.4748562535834289,-0.19210362421545468,-0.3930412191968153,-0.4265286482928238,-0.9928204871166139,-0.8193730866640153,0.08108745345679193,0.13623045013039942,-0.12640632909350819,-0.04764802060485522,0.04480483867292412,0.0
2.081498305932841,0.83720993222634,1.1509113898570802,1.2621956801695697,1.4946382552061843,-0.25821605176990636,-0.4197913654902934,-0.4613622409546982,-1.0359593979315043,-0.7538456027069613,-0.011996459266804385,0.037312913677526725,-0.14368767925871803,-0.10852606830539353,0.02278970884868666,0.0
1.95428588348271,0.9745930634412634,1.0673921085635887,1.2533489306791172,1.3501652785063687,-0.12663030980826506,-0.4671094970933396,-0.4101113244085312,-1.0293045626747916,-0.7950478984182254,0.14830700249251275,0.05785087741030321,-0.24533110778274447,0.001592239396540282,0.25670910487454884,0.0
2.03388974349897,0.8577780544426881,1.1212668136149806,1.3216491870520521,1.5435637051400986,-0.17282754114244409,-0.4803860939233533,-0.49386467600384204,-0.9834058434862997,-0.8302703693901653,0.07893416974411507,-0.09148570084184168,-0.2035663690724684,-0.11209787761887753,0.21489595070289993,0.0
2.105463041754015,0.9166462901485737,1.1600697104926856,1.2718476494303228,1.5080420068275828,-0.25689687565782426,-0.4280617193353158,-0.3868471524752459,-1.0737972469008783,-0.8922924634987149,0.15936399707995452,0.03177379401131219,-0.11367787265495616,-0.1850493737051178,0.1652020617836824,0.0
2.0673995537952465,0.9135648507043983,1.0650158836421442,1.2959678852686332,1.402250035596324,-0.23449530156367548,-0.4068789029469562,-0.4476785316798538,-1.0016408686008729,-0.7251716714940603,-0.05337346942819178,0.0182713377586157,0.014005625847629835,-0.17206976369836552,0.43152937604566777,0.0
2.050764157817259,0.9894123736013906,1.2205582622255247,1.2453464648856911,1.5338969958130324,-0.26653000152603584,-0.3926462698928424,-0.5308411617749533,-1.0493758588026663,-0.8825841249633641,-0.08461117023417286,0.13428263101884425,0.02503889982876119,-0.1521946262676705,0.3532369850950168,0.0
2.047063275057233,0.9057743581777142,1.0853409788237127,1.3276669607071907,1.480841230276863,-0.23888150153292667,-0.3429286702071811,-0.4011816958794616,-1.0193559211296093,-0.8736754136509647,-0.1265869079029262,-0.050425869460556105,-0.06885863032915274,-0.10004733925937298,0.26449341003943794,0.0
2.0366228538202704,0.878608015776489,1.099134253059655,1.2664325277119228,1.3807330071107407,-0.16581493062123834,-0.3985524847895056,-0.4841488022492403,-0.997315102695244,-0.9129071334943797,-0.0830236340571922,0.09276394622491219,-0.12555155561498166,-0.005372804392515723,0.13230760876810507,0.0
2.0664948064009154,0.8126519222819477,1.1786119344904717,1.3035206427770232,1.4244911889378702,-0.2658764724975196,-0.36473140864381043,-0.5340067614270618,-1.0763995624423999,-0.8025788922926484,-0.09963244405109824,0.07700027207128574,0.00965355716948614,0.1266849062329805,0.14122705422527762,0.0
2.074166911787506,0.9446248571386278,1.0947535461339526,1.261091454722613,1.4245797076824356,-0.2525637464884149,-0.3657494205122592,-0.4919861257404915,-1.0476150956583679,-0.9080788020602802,-0.05490853157216009,0.1418389801839172,-0.0459298828443957,-0.004004404715000437,0.028961438006145077,0.0
2.0271419264545796,0.80674808213017,1.1674139530584533,1.2590901786375455,1.4998690036050903,-0.22065708619951827,-0.3680697734308135,-0.594729497368224,-0.9540717476114559,-0.8550161519226468,-0.09086958986583395,-0.0006418589745259135,0.0751178579572453,-0.14322179281573008,-0.2503128357373362,0.0
2.1512968683897005,0.8817513477848712,1.1558096538303648,1.3643599454535695,1.376243571928757,-0.262403176688154,-0.29012333512472593,-0.5740783256963204,-1.0829629645152479,-1.0215976111731295,-0.24450983433423856,-0.01603663700068182,-0.06053736168446447,-0.016919978051241902,-0.22522970320255487,0.0
2.0710337613812153,0.9477316495995627,1.1625592101398565,1.3427544629627672,1.5424109415765983,-0.2481751662823077,-0.3213236420870679,-0.60316223023931,-0.9589341624325564,-0.8960981327824655,-0.2618492708226619,-0.11811738572972699,-0.08554662555379075,0.05642126892173666,-0.2620611713020524,0.0
2.01934191053507,0.8230340967354238,1.1612771503413315,1.3207337994643815,1.4698661362688816,-0.3659610388548308,-0.26698774788502994,-0.6142950909396202,-0.8686470757663406,-0.9567543792991063,-0.1511208205784678,-0.1160443584952548,0.005761252467245501,0.2340885387401342,-0.31602498075992547,0.0
2.0717390910223044,0.9678657243387676,1.1486431243289417,1.296715344245916,1.4598360357436322,-0.3650328448512394,-0.342798226587336,-0.5423559942659251,-1.0081350037085912,-0.9618629039415296,-0.11352872495134174,0.02612016133547336,0.029080272398743973,0.24747788126869885,-0.34734578908659713,0.0
2.213823678838203,0.8530593339098053,1.1824551413980628,1.2690303067215292,1.4452162863089588,-0.3178542281799591,-0.315747086044884,-0.6426491157224505,-0.9994865508747202,-0.9173734365630197,-0.15737034572338313,0.0709170394552986,0.030704953420526405,0.09186779169388211,-0.17958793327110525,0.0
2.0741928235762472,0.9113852495774977,1.0938674389073166,1.2695464468294002,1.5149824921489383,-0.29405896320396774,-0.30027948170597835,-0.5918419561182521,-0.9996391047968852,-0.9738481505821897,-0.11690186794807485,0.15674208102000814,0.13427578766785792,0.13452205471573236,-0.1729219018634694,0.0
2.1023094336333763,0.8547397678449248,1.208841121949181,1.3334463684282294,1.5001407474672661,-0.37803886975742085,-0.3404659474003779,-0.6353171120326229,-0.9942191004725679,-0.913677266562635,-0.1465949203694273,0.09124196856550872,0.07488618120316465,0.09091432559682798,-0.2054817208865733,0.0
2.1251365255801167,0.8790150566482657,1.1598695770180072,1.2292142924312217,1.482433050721031,-0.37999742383031154,-0.23343312232301194,-0.6552292654841758,-0.9101550838133945,-0.9255832322982275,-0.00910791634207489,-0.020685571693236905,0.0683090802319515,0.17459970471065778,0.05988941986731636,0.0
2.034280107061536,0.9833598842838284,1.085781585186366,1.324652650471328,1.4958592305125225,-0.5302188134683994,-0.20869472621866192,-0.6258539899276604,-0.9447893148119064,-0.9105688788752448,-9.611202944958923e-05,0.07414761494030124,0.10583498448943224,0.3714099426725611,0.000999531260008013,0.0
2.162375062134822,1.0061102668320063,1.1487950704247096,1.3068575925658403,1.4300546348207275,-0.4349839756721031,-0.18848914586502252,-0.8551635284183536,-0.8797036629987158,-0.8524779021082397,0.11371925032266975,0.13971571244574404,0.10755408945361761,0.32963242433777695,0.09231770623353741,0.0
2.07166947116423,0.9575115692799503,1.2627282819051107,1.4070877215250746,1.4511020750189991,-0.46927130060426603,-0.17776059971620858,-0.6361208483459045,-1.0591175081479702,-0.8359315570234264,0.055709950325194435,0.02105943408081777,0.12771706430016821,0.27038028010070736,0.1670230696758076,0.0
2.1633446807597245,0.9274442944013195,1.2959900059071303,1.2850356851978215,1.5645936276576222,-0.4207953783377459,-0.24501453818132368,-0.6520227405544133,-1.0166126657804446,-1.072281018032972,-0.002053655518290509,-0.08812505990518738,0.019682838658755863,0.20814552930016894,0.042442538078769826,0.0
2.1229683675712177,0.8586333126858264,1.0515010949744121,1.3201782872543273,1.55253236616662,-0.3611980215083989,-0.10916563741537229,-0.7701599447253967,-0.9097504429118537,-0.9544151034485906,0.06444819446084674,0.1292991952658675,-0.017363136047662864,0.15029034167352293,0.053432240350571675,0.0
2.150759780982122,0.8459910103298541,1.1136193708441195,1.3785175388472077,1.477760591479722,-0.4417793491304273,-0.2119395810326069,-0.7572904255009683,-0.884089371312076,-0.8551920631560397,-0.02108632107153064,0.2210722238480573,0.08059871212096381,0.09556763694187986,0.08681908189084986,0.0
2.1056595723449494,0.9470370713840047,1.0960593253555313,1.4029355214471129,1.5192379551362583,-0.4647142147548453,-0.11632655100625275,-0.7651342795309842,-0.9010996585124129,-0.921434585609245,-0.16402986977759973,0.3012456011533356,-0.09583950222117206,0.0865124592061275,0.17973305708265885,0.0
2.1439323519737377,0.822681272116744,1.1541893876717881,1.3408237586402947,1.511550576520073,-0.44878445839655395,-0.1585953021814047,-0.7137917453878073,-0.9270808673565204,-0.9570110121322186,-0.22057278863802177,0.25733053726722543,-0.10433207915735122,0.01979729014021591,0.07329777758209322,0.0
2.1390253308311857,0.9819586839452027,1.1569340269728956,1.2560856698534213,1.4293830644498933,-0.42558186403592074,-0.15323593835635235,-0.7205359146391371,-0.9142691773254648,-0.9418588690699398,-0.09498801092587407,0.1293979109892836,0.026020012301295775,-0.04108860656226682,0.15600871351562723,0.0
2.0529157377933096,0.9918473551240794,1.1495331753910656,1.4078438238244704,1.4886294795319828,-0.39953458191041047,-0.12807466862526481,-0.8241032505393673,-0.9388548465292585,-1.0128382097640518,-0.006315197627275865,-0.020172326915563657,-0.06603889546295369,-0.14034182873244602,0.1273804938763682,0.0
2.099426158981921,0.8670311329249396,1.1502718159138758,1.1952709989239538,1.5970373044799195,-0.4635539467174122,-0.03511168137111757,-0.8114837630130565,-0.8568304361351787,-1.0956956663215176,-0.20279108092363277,-0.11751503702170618,-0.1261365286709451,-0.09971133399518968,-0.1412908083852225,0.0
2.1898135427427627,0.9411257294569768,1.110092199722625,1.254944066877103,1.5079414532378461,-0.4739200301779186,-0.12768207772499524,-0.7994614176086727,-0.8688549652735921,-0.9991857098480639,-0.34182191069433093,0.1411596928704369,-0.07277044666373397,0.02489065940456256,-0.17759406854808352,0.0
2.2192896441000087,0.9044638367008876,1.1050090628702312,1.329444684201027,1.6106331760088342,-0.5579567280518659,0.041144354656126425,-0.8459422158549225,-0.8593858954548634,-0.9489627987494231,-0.4008741450509138,0.11188857813161303,-0.00843987251621097,0.08125115770236209,-0.06806627911079267,0.0
2.107366767652125,0.8373209676545506,1.1420448148550548,1.3649306068376805,1.4792826409827313,-0.4439126106110372,-0.1475312514238491,-0.7997440529273155,-0.9763073265637086,-0.9472807721740337,-0.43316875397995674,0.0831539732895025,0.06369847372966041,0.22119097664874893,-0.17984210079416046,0.0
2.121373940940515,0.9067536121417982,1.260263902181915,1.2957176102348364,1.5397886284631102,-0.5403912733952894,-0.006048171951235901,-0.8355733499439683,-0.8398102293503424,-1.015792776907079,-0.318054068884795,0.00884364290204722,0.05909548999273476,0.08843538921475119,-0.08884048169936937,0.0
2.0676465074249712,0.8234981042261548,1.1398552571228842,1.336064508846856,1.6647237903159315,-0.5811444286704487,-0.09278437348465651,-0.896512594869022,-0.827681128883816,-1.0315529630365998,-0.413933656342656,0.06639816562873878,-0.10502908716351057,0.016975304627085665,-0.01396674655037504,0.0
2.080579519669847,0.9539540269133463,1.2019405967055,1.2769193006679282,1.4917989457899115,-0.6249963597881043,0.039993092630707036,-0.9505196079894221,-0.8938313886252678,-0.9403936745037148,-0.2663866319414131,-0.04647242449755832,-0.03992030710451686,0.03424707964142865,0.07921602313646087,0.0
2.2805308295782876,0.8854919203946745,1.177264617607895,1.3569746112958132,1.437878306348341,-0.42154918874208014,0.022498740561858185,-0.8581287594479499,-0.8128081397690825,-1.0417631453740144,-0.03291970976683231,-0.23713409970196753,-0.053296930148605814,0.13784330051191665,0.08417219812768559,0.0
2.152713488113352,1.0769383904891667,1.20906475336861,1.316423619962025,1.4235812111606252,-0.5334162221335169,0.04815733755594939,-0.8417068585498095,-0.7625383803733313,-1.067452890887125,0.14154423747280026,-0.21447870215347165,-0.09861527420586637,0.10758555804930614,0.07818476022206569,0.0
2.1636228617247477,0.9216605050265376,1.169029300451535,1.3519152078952466,1.5538643513569805,-0.6285409219164108,0.09268463035480189,-0.8242386763947163,-0.8541048848673198,-1.015946829679022,0.10711286747828032,-0.0761713293270771,-0.04039517109993011,0.10214786433499504,0.15076780876877344,0.0
2.1940230595188583,0.7988551765705965,1.2108340785459142,1.3721803883658588,1.5358106695512195,-0.528855605778956,0.04007420978964656,-0.9267720562936724,-0.8897230600392018,-1.019584072413216,0.14845665711539363,0.020128981477986092,0.09339959194149486,0.09933325755210297,0.15194584468892353,0.0
2.0349203757320433,1.014981214991538,1.3187998456743932,1.413000649161553,1.5591883797578463,-0.4602983698302226,0.030056411355142858,-0.9019685662461052,-0.851398239300487,-1.1099891466302432,0.30646692912027373,-0.09878469714752817,0.08026191268975166,0.04181318657610382,0.12352066673115152,0.0
2.185089437415057,0.8888390825844414,1.2427238138980707,1.3543906152067031,1.5482251417839399,-0.5730127179932386,0.0048506699867694875,-0.8123105303403166,-0.9056830687585773,-0.9982226912793591,0.3674274345885489,-0.10309287060617017,0.14406123408449412,0.15209552823174685,-0.07985629361702835,0.0
2.217228045825611,0.9299955802719782,1.1461658458581256,1.4243148854545118,1.4923231225823703,-0.5147965092088564,0.07695259907775479,-0.933900337527727,-0.7895642382569859,-0.9629558771659538,0.10791898486231594,-0.2930745849582908,0.23080769474487994,0.06112244251675718,0.11547589286074517,0.0
2.196885319475837,0.8934178017309177,1.1620207490784904,1.3502836170662884,1.5532270401757835,-0.5938023553243751,0.15871211381158828,-0.8906678180799593,-0.8001728036367708,-1.061098490946336,0.1196377804213096,-0.23113125237586407,0.22095931653193243,0.02918806013745435,0.012927056233624737,0.0
2.164331514018839,0.8741061419045744,1.2287226881373112,1.3898873201679023,1.5438748206973645,-0.6060426406241902,0.13395435723771018,-0.9978814967847383,-0.7750943596949117,-0.9589174779973384,-0.009854460135128404,-0.19762021867043117,0.12807101012876837,-0.03527388977608156,-0.18702232954072417,0.0
2.222654532999389,0.9377374113859638,1.1376714940186232,1.3010385153691975,1.4888718305787936,-0.5239212626911783,0.13239792114225768,-0.8423016489341406,-0.7594062728092718,-1.025063036162634,0.03697551595782686,-0.0866319284168271,0.09788404838550531,-0.19570323069384565,0.1432891629189452,0.0
2.147461184672111,0.9905537714328604,1.1445690701941738,1.361354315535209,1.5954050565420164,-0.6645754673055188,0.17921718368706646,-1.012049502649396,-0.7536420839447682,-0.9825105847574181,0.02236377723393209,-0.019365703190007105,0.0786902944149392,-0.11555613674499829,0.05112936084796768,0.0
2.149372872759527,0.9400297929685683,1.2055239048729405,1.3548243135034281,1.4858938040269325,-0.6214125925307532,0.07565852646304458,-0.8020913235180831,-0.739449173427235,-0.9783389745752957,0.07182309807804432,-0.015962485162262556,-0.04047522237789829,-0.10764394859378751,0.14009578447145069,0.0
2.180471551777976,0.9573440340821509,1.2473386512577356,1.3622191951714808,1.5963746059848425,-0.696271421414115,0.039630789407599176,-0.9578575648560199,-0.7718432836991717,-1.0308245742734534,-0.05445210518683737,-0.0028840184756998644,-0.07098768376332903,-0.11147012574518292,0.1361789436756379,0.0
2.162494742855646,0.9964826790802027,1.3130371524596267,1.2320257118521913,1.5365973643359663,-0.6220866512917732,0.16219143695911928,-0.905721755442204,-0.7889787568967697,-1.0532869670470753,-0.02110781475685732,0.004043394420775121,-0.012776788612421715,-0.11134934364448966,0.09756695856399851,0.0
2.1838949028741728,0.9148452930804863,1.1763400724697641,1.2865808295365295,1.6406459249540204,-0.5814507373339013,0.08558971079632129,-0.8966877055734596,-0.7687088940240614,-1.0101106645265134,-0.2124452184838761,-0.06702017056620117,-0.042638363517659136,-0.02760195638824685,0.056525708890783025,0.0
2.324616861516956,0.9381928491427679,1.1464462108332318,1.3256965461893246,1.5777739762593674,-0.6525551140754606,0.14867581221873793,-0.9101093406852226,-0.6135624642707526,-1.0091879101208554,-0.2006499411522299,-0.032556045075406555,0.06919741000498275,-0.012048162295373173,-0.03838596259582424,0.0
2.244117622083152,0.9474049577840603,1.273773987347564,1.393028571422534,1.466795665533125,-0.6363707168064789,0.1704504623062711,-0.9835839873555157,-0.5941322190182494,-1.0799887546895195,-0.10564525112245884,0.07360417119326984,0.15282712766352874,-0.10501458480082794,-0.13390554503041166,0.0
2.200845534219551,0.9523640515318567,1.2992190250281501,1.3633511349921459,1.5472233972880796,-0.6363428253863107,0.2091581683958025,-0.9532792550342485,-0.635032433124268,-0.9987391468703215,-0.03242715485478318,0.12175728794807661,0.052474430747776094,-0.05254577363744774,-0.2546759471553445,0.0
2.160270195687046,1.002593731745592,1.2519179153989786,1.364404954531283,1.6457054398477728,-0.6091627385832945,0.2416809452724331,-0.9979954164252036,-0.5822461782475739,-0.9915515858715901,-0.0390473936223873,0.07983271288794125,-0.01078539194888005,0.031629024650588373,-0.47119068558897803,0.0
2.116620546721839,0.8859821533469133,1.2389186893003394,1.4279578197003102,1.5497429729293282,-0.6797095401893007,0.19169191197053095,-0.9114823309616752,-0.6717964926254872,-0.9397032088042537,-0.0023169702384858333,0.049893234240717774,-0.07897152403948364,-0.1494570569525311,-0.3302163316678668,0.0
2.22459068038254,0.9631471298379743,1.2015145530803977,1.4645602641041124,1.568607606716422,-0.7113396949393092,0.2579902748511387,-1.0524471101272197,-0.623454748938061,-1.0043040731564012,-0.002173883953096618,0.09488334067676299,-0.005426369149286431,-0.04596900312120511,-0.3481194113112533,0.0
2.3058556966968418,1.009736456842252,1.2837158597467286,1.392972851414049,1.5417415715378608,-0.7684495594012211,0.25847302586733384,-0.9284434687182834,-0.5743336937720842,-1.0819865607798753,-0.09886506435486364,0.08527182475146139,0.14770126741018863,0.013812007989335358,-0.3238284324527687,0.0
2.2484307099442185,0.9986688096718684,1.18732430474144,1.3529592770677843,1.523870740144809,-0.6692844226982082,0.3139279914449021,-0.9644275316857697,-0.531539136575854,-0.8401837671349294,-0.14821825443281933,-0.04122880759167402,0.13261600958933722,-0.08016199029441293,-0.299199084236549,0.0
2.192345752878792,0.915974012488468,1.327073173986693,1.4278597716970756,1.5758545682575078,-0.7263601663527839,0.3331204820199294,-0.9189555018291755,-0.5566179486829399,-1.0058276704352265,-0.23066259656927834,0.05703312667769561,0.00902389805447644,-0.0373045866607625,-0.29311468705571164,0.0
2.2711297454205224,0.929317357988059,1.1332549815765085,1.368950687071583,1.6705249081655222,-0.6572589867740684,0.2971407108539038,-0.9509003862322621,-0.5948148566477602,-0.8771310054153929,-0.1422331974845185,0.10025666577280795,-0.07892426377686791,-0.04792780417953621,-0.27569447600184294,0.0
2.1894693820015827,0.9461566312383312,1.2341217165965934,1.3609438146185915,1.6303148722694376,-0.7624146995314502,0.3889515782274633,-0.9511274494323464,-0.5300350302889628,-0.9144150870650574,-0.2022225487589308,-0.0037858191899445837,-0.07805031663490483,0.12530452616058435,-0.11941855012036451,0.0
2.226622748549926,1.0200379477727184,1.2651194698169455,1.3243815446044949,1.5914006100661575,-0.7405586422594201,0.2858375836019541,-1.0056791507600569,-0.542185938445826,-1.0179458181719028,-0.14594917898285048,-0.03185278639003707,-0.15237589619629055,0.07079549153728434,-0.05197429862051193,0.0
2.2173807451881724,0.9640017437021308,1.218033435319657,1.3533585309627734,1.519592918494203,-0.6821836673573152,0.41957008494343506,-1.0401481687280245,-0.6035649378172994,-0.8564895101289429,-0.10870890477548767,-0.11550295588300621,-0.13115423597253978,-0.0016097080909022593,0.11167186498725802,0.0
2.338582710298289,0.9525610374886962,1.275569902581635,1.4468968281550862,1.604049044669288,-0.6449024683148977,0.34550501841582576,-1.0867678274197274,-0.5346142137973459,-0.9370360742927032,0.0059245328494402505,0.013211177016090439,-0.11612901540758318,-0.08383246090627486,0.04843947100850732,0.0
2.1702037820192324,0.9248304627229587,1.2069948661302847,1.4226715189951935,1.530490267869689,-0.8493086080684482,0.3516159637607287,-1.0157549315213974,-0.4997310662643114,-0.9898304773225131,-0.045723786581505804,0.08932562223294838,-0.13830014863538054,0.055992437681043936,0.09239261809174928,0.0
2.2502412247800048,0.8954924864770363,1.242360826335726,1.4565016815822258,1.4772910239526846,-0.7655756040377837,0.42689302946572966,-0.9552287051628986,-0.4160404804756668,-0.8949773457108453,0.11656207093834654,0.14727018922737717,-0.09100263340479929,0.09826506477978644,0.018164310553412825,0.0
2.229810627848722,1.0524538143702027,1.201874577424983,1.4026946915187857,1.540510955472301,-0.7396177254035202,0.41931599038222284,-0.9825274523670183,-0.38744643838685044,-0.8725185357712868,0.029395824364784183,0.07115689285662684,-0.14903125957267152,-0.03410387239998476,-0.21224393867231897,0.0
2.2088514558185897,0.9417183531816928,1.162825854395906,1.506524416062851,1.586313649928819,-0.8540791428327814,0.3761295480956494,-1.0534444955394977,-0.4282792713062844,-0.8686393371439032,0.1263138745403859,0.14752307027987116,-0.19944225391733028,0.1321374812426708,-0.2760039344212065,0.0
2.3083285486339653,1.0398721763138086,1.233555746863242,1.437561383360725,1.5369554893694621,-0.7911788128776609,0.43572553507122475,-1.0354044742698645,-0.4115679191574244,-0.8859878491979605,0.15110213385665433,0.026488207825062227,-0.1607091193161829,0.05350102531738556,-0.20129451298456558,0.0
2.2524124594142743,0.9982631986275023,1.3537245144492973,1.3290144397266648,1.5990278496787227,-0.7775470822678702,0.3970003071207856,-0.9343969285500481,-0.37110068929312756,-0.9798659053392373,0.17851465553614154,0.10451869640830808,0.058833750993184955,0.035938158975157855,-0.14560851056581386,0.0
2.2577080937785934,0.9890355574384109,1.2446931753671695,1.4200990605434005,1.5795392608851926,-0.7815623567798062,0.41579816882313886,-0.9804211112725915,-0.4599169492582254,-0.8730196520032772,0.17115092037437415,-0.1332253517963891,0.05940087273211017,0.11523851066356729,-0.15681305339190613,0.0
2.272833976608517,0.9575271745324833,1.287321370218962,1.3186235016277275,1.7129035919441378,-0.7621332530932954,0.43390512654219193,-0.9951811026012183,-0.3091203240202547,-0.8003613372179544,0.10521322475948369,-0.15481081997156687,-0.03238042457775967,0.11130769229143286,-0.1945169134016892,0.0
2.2786403530111183,1.018288938494485,1.2411654258145213,1.4504362322784656,1.596809984673818,-0.8762615458686813,0.396963658805988,-0.9730546162436184,-0.29662330830868505,-0.8265719001528493,0.08276974366332192,-0.17410801134851933,0.07642398398903319,0.18228725626836828,-0.14672428468071091,0.0
2.240127221578681,0.9203473024803303,1.2334263411624389,1.4475861804696601,1.6220014217265861,-0.7977953524041872,0.5079427534878643,-0.990523741813888,-0.3657468551464909,-0.7998066312200653,0.033908109498489464,-0.29877683105531755,0.057368193367612993,0.09532722946402036,-0.21209037493459515,0.0
2.277545360527231,0.9156490368201559,1.3411647438957404,1.4063663110881237,1.617708500905332,-0.8690700938006785,0.4348777652317491,-0.93315539026306,-0.3931356667982999,-0.8588529541097043,0.05002450073826745,-0.14947280607296765,0.016171886973127398,-0.009445966460032235,-0.06126779397182183,0.0
2.272669741041941,0.9577657026683655,1.2183465060051524,1.47650016134112,1.5613390258822544,-0.8012988541295815,0.5343509242442966,-1.0856174336341746,-0.32188826686461314,-0.836448943298284,-0.07201060775599519,-0.13891667526042667,0.12252208189188163,0.11649931732757196,-0.004919634179529508,0.0
2.2876481192484834,1.0032914308646552,1.2350862378295424,1.5047283897381445,1.6092370075038505,-0.7937850678939772,0.4582055399185141,-0.9813875499681255,-0.24876310725821998,-0.8609425339687559,0.09840092533044136,-0.23910015031349546,0.17501784584691385,0.1134630062806827,-0.13030591750228476,0.0
2.2973982404916007,0.9822652212638469,1.2878745420485571,1.537453106230347,1.6589809263371986,-0.8798946115844181,0.5599068746639972,-0.8797983932157261,-0.3371036744960932,-0.8073568138255811,0.12175736187251882,-0.12414884964830056,0.13451581808279833,0.04530930998383365,-0.09087448793134888,0.0
2.2741957308928358,0.9534883278470861,1.28507312795965,1.466893012579288,1.6565756682132864,-0.8947128665903106,0.5323513097447372,-1.0124516878729515,-0.2581654558273017,-0.9144293452734755,0.04941855845441931,0.04984429404403433,0.20464732348815548,0.01192781002633752,0.058022613320400235,0.0
2.22885127808607,1.0056042151942535,1.3078530213087558,1.5222887329263861,1.615655717116786,-0.7304142688664237,0.5948535772221843,-0.8948568935785486,-0.2518973668902876,-0.7085279333238907,0.02359452322872261,0.2135950243846182,0.16989139496361785,-0.1319372983227534,0.15849004796263366,0.0
2.2382597669713244,0.9900205254708025,1.2684988260095789,1.5334584920375494,1.5833469374067008,-0.8150487328498863,0.5257288515191542,-1.0602468870819248,-0.2072448488228408,-0.7303052555340295,-0.1593960670704475,0.042857699970909546,0.2693996627775883,-0.1255659293133532,0.06492490308457065,0.0
2.267275983069017,1.0468258476829984,1.2803658062107013,1.4514745718647963,1.6270624904542734,-0.7643387510340826,0.5958158043984142,-0.924979428108932,-0.2716894856889129,-0.7882224919927192,-0.061989961807650804,0.023663350447275144,0.25638819596666695,-0.10219714698012704,-0.010771169549590148,0.0
2.3278651726069017,0.9217535930229851,1.2829953977453232,1.503148866296094,1.6980671007322314,-0.846880526578631,0.44454271928610994,-1.0066414452245351,-0.1227118047596295,-0.6997521723870752,-0.07061306777260727,-0.11119943016287052,0.14688102025068028,0.008141137054710687,0.13072952606629235,0.0
2.2690059576402644,0.9546535049891709,1.3104317898303854,1.4819694438552216,1.716916047552613,-0.8643217310309961,0.6048000873164608,-0.9748255548915497,-0.21983500455111765,-0.7086954016209045,0.045954899244933824,-0.026419029703048755,0.3391106424837762,0.1090685479948472,-0.07357736786582265,0.0
2.2953347038417067,0.9672497317073361,1.2512447354654916,1.3526106460725567,1.6309540999089724,-0.9674045356333278,0.699814738602481,-1.0179764010239165,-0.13341898377927286,-0.7147880568730287,0.014791926247570444,-0.11647478629325925,0.008262808568531621,0.2643199941877804,0.030773779265056513,0.0
2.410782769326961,1.0292183780242872,1.2986788520051737,1.4180381742670627,1.7182194163560198,-0.8486529767093174,0.6235666847761023,-0.9823481677141027,-0.12511172331814002,-0.7228173955630146,-0.038180902618201965,0.12544618996283619,-0.1986462772659075,0.15899260163323137,0.14824860114087,0.0
