Channel_0,Channel_1,Channel_2,Channel_3,Channel_4,Channel_5,Channel_6,Channel_7,Channel_8,Channel_9,Channel_10,Channel_11,Channel_12,Channel_13,Channel_14,Label
0.009296704696932572,0.004104300777153764,0.06667866462934431,0.02344670792580013,0.0008933835722523891,0.6855035284621095,0.42838088487315745,0.9720492986665872,0.7223880173093178,0.1356998578437672,0.0,0.0,0.0,0.0,0.0,0.0
-0.06775376713408694,-0.013044570595176838,0.04922888421339068,0.09865229303046856,-0.005597111395049341,0.6909707636859042,0.4775947620990314,0.9813915032375163,0.8015905537973139,0.08227790352701972,-0.096905606661229,0.15864252592143724,-0.14551061970104384,-0.11760146771422578,0.027889580833913758,0.0
-0.015164481065418773,-0.06023253603666532,0.017783939030722055,0.045561397817622515,-0.05421544249874168,0.6230682461405684,0.38499765330296576,0.9032247176555391,0.7721499368632192,0.04632466151423067,0.0538810372826915,0.0575688904414116,0.1537933696206873,-0.13213485735052133,-0.01694270994401995,0.0
-0.014344987821150281,0.0002815569963628664,-0.11203121469875739,-0.025845123293862137,0.01624790435085633,0.643001328860724,0.4100513820999302,0.9566890278424777,0.7750542998967851,0.014009359480508597,0.009336620982298247,0.10417668459892714,0.17860789730060306,-0.15592470696710237,-0.016876124589778652,0.0
0.023657035839320842,0.009540261188923349,-0.03773725492882573,0.046195043993767795,0.041105524904845356,0.6753064108274089,0.43386917220417376,0.9176457123543028,0.8181821121635047,0.024569576455393465,-0.014836307453715072,0.20676879148390423,0.07170333838569637,-0.16046243731473173,0.07564559923636105,0.0
0.017183737662968677,-0.0101061481474838,0.027176160208709162,-0.029299726171265975,-0.02360636265288189,0.730228050302597,0.39842580831142743,0.9407328537112161,0.7224347606101943,0.0026730339890474325,0.020475315337384715,-0.023410961453043833,-0.03777584553473,-0.03948040546978783,0.04527322990491957,0.0
-0.05862918319551691,-0.011204086936471732,-0.01011683934440019,-0.0007971773582826488,0.009160450640342366,0.7991206380726048,0.482166615544787,0.8980768178812814,0.7885255260133937,0.032154376081817954,0.08408847220643687,-0.057974211844909654,-0.09132520693323935,0.1553522857265251,-0.12968190159740708,0.0
0.00604149830524029,-0.02107537421048758,0.03330497781267466,0.03851477298880556,0.04590884122410397,0.729745262024635,0.38213140506584364,0.9035052806579509,0.7397224697363314,0.064791494527633,0.18686366053570205,-0.025288024180404153,0.002828602703293645,0.058557662407933156,-0.1820433051709766,0.0
-0.0638451193021367,0.05517190936574579,0.006097571583809877,-0.02204644861700122,-0.033392198989906856,0.8284641484891475,0.410655607418806,0.900731734706583,0.8404784979262583,-0.031129416405405556,0.13117707143869764,-0.03946862948610994,-0.0943156427524486,0.2332196616838873,0.05111700053341478,0.0
-0.006019207340449722,0.061767628897184595,-0.05899585699168015,0.007803374772203379,-0.05771383477364126,0.7758655994675079,0.46186162383225093,0.9258102478524163,0.8458959684348005,-0.08603286168655455,0.205932930919615,-0.0564888752735052,0.06322337158953087,0.23194520811514463,0.15681975528516162,0.0
-0.08355922028518839,-0.07455666781476233,0.08636278767702091,0.0830322331300246,0.08224730233878479,0.7072818288795809,0.5050505982843074,0.9237983272790533,0.7488461615990768,-0.13278691773495443,0.19303816205476756,0.011022332163312415,0.10873032965058954,0.16055718504028307,0.11027848668569316,0.0
-0.02952627947572899,0.019045972129922515,0.021116374369833043,0.008604202290721733,-0.04123465435123266,0.8225927550177305,0.44561624138763933,0.9761098296627599,0.8804996584225572,-0.09479941240316078,0.0807555234592103,0.09418912182822822,0.18816520727163272,0.04498337665058369,0.2347205719044296,0.0
-0.02931642916610768,0.0807356138412485,-0.004677648613389092,-0.009696063307457937,0.060393529909265053,0.8808965028808016,0.5567164705016696,0.8940024618671991,0.9222720612270574,-0.10997237948728,0.06781913084795248,-0.03511562375819338,0.18795692952089005,0.0676523956980345,0.17101529614639957,0.0
0.04460756897929175,0.025835716007132522,-0.04585644431090301,-0.006405877567911362,-0.039152349235781,0.7930402221571611,0.5187685748710154,0.8566317467944645,0.82347085295306,-0.14364840368291606,0.10729808617899893,0.05961300674675865,0.07308406223079555,0.1625555260751512,-0.059383363174837694,0.0
0.012127587098370607,0.09921690841910985,7.317741498272072e-05,0.009352373489760417,-0.01146629083792581,0.8433424725754272,0.5561848638883061,0.8849473139478066,0.834737711636567,-0.029907717249938598,0.11409312071066989,-0.03342382563404867,0.07730122595245853,0.08900512581475462,-0.12470995862074624,0.0
-0.03913056609593526,0.04365619737612071,-0.03659763976552236,0.014878834993565047,0.043674294789359205,0.8481128327553883,0.5382216352610928,0.887355722579066,0.911976996412267,-0.11875170068345522,0.1671692689640022,0.08376664706017588,-0.10922820326194724,-0.014746704304711443,-0.09750176209640514,0.0
-0.06392042018148322,0.07790702491925802,0.081856370125217,-0.05668933921919135,0.06111092004072129,0.9117272931954535,0.6276701207489513,0.7424800982630089,0.8495594392461594,-0.1722622355039414,0.22201453795034848,0.11695004714597212,-0.09566569287992494,-0.05815301953629576,-0.11880223513755248,0.0
0.01332079788871172,0.011101049967343958,0.0022502435757491583,0.01790754657190189,0.12322032331418463,0.7958123076357624,0.6118574462176306,0.8479710265731171,0.8975198533838882,-0.16219250787385037,0.24434849119696012,-0.023784867508360494,-0.11702904329589572,0.14715183712460586,-0.24439439536688246,0.0
0.03756542082861406,-0.11153665596143424,-0.07437359316415011,-0.05639938021635986,-0.011906935859284252,0.8309808412992301,0.6230639529043621,0.867099918517962,0.7575439591173482,-0.27954293204642455,0.5370793102531456,0.17233882887754381,-0.12833503759301929,0.047052957035603006,-0.07644093083296635,0.0
-0.030196294769330626,0.01890027235586575,0.024902607962689102,0.013204264829057061,-0.07310999915609516,0.8394051634662456,0.526031168751022,0.9257730694050248,0.8367366400622934,-0.2651802626666791,0.40163246761805027,0.16259473579974293,-0.1114024459384049,-0.049228372610168096,-0.1777330670166419,0.0
-0.03865096856933198,-0.04242649508605817,0.10114331139908757,-0.019342517573873275,-0.06220628488310826,0.8899591211272906,0.6399389022141662,0.8239606962158545,0.8607301468013746,-0.2350609937307343,0.40701712527703027,0.2102362020882128,0.027527099576811945,0.0528957117284663,-0.15869978042850108,0.0
0.0682698302194868,0.04325609531418054,0.06506621271615154,0.06211240509948989,-0.03949521439525912,0.8904335410370774,0.6009419678040809,0.716502463978842,0.8248054854124861,-0.1587544095264801,0.38180331083823765,0.26305853634084075,0.056259639312589066,0.1066690377597221,-0.11099499832035055,0.0
-0.0146353915649784,0.08875689142399568,0.09725958252050032,-0.004711789717944595,-0.005854383991120409,0.9044149411088732,0.5302666427957637,0.7321619172937923,0.9641048875421895,-0.288504865148845,0.25866042534524814,0.14600790294644883,0.07483596939098171,0.22293273430928606,-0.016549801913095047,0.0
0.03295785336747454,0.03956292474344372,-0.010116583392015936,0.05498863236755163,0.039733182644224714,0.9329721724098166,0.6923755871925351,0.7485560529171487,0.8557119868687015,-0.21724529067123072,0.21696846547525578,0.15727728928225304,0.20982956699272431,0.18182612077084984,-0.06707395597871396,0.0
0.029791342592644994,0.05856657496296853,-0.003920865962614152,-0.050318595318070064,-0.0406870750926361,0.9616673446454999,0.5952775559518101,0.7163535020134303,0.9165513330124117,-0.31608458474993617,0.2428498373117835,0.22994650052993176,0.09251189119677716,0.12700749019738872,0.10425497074003902,0.0
0.03632902969896727,0.01177695241004982,0.03920737456686444,0.035537535279696435,-0.05900697103265269,0.9317500613843137,0.5916724454383241,0.7487070214157383,0.8990337180306677,-0.38026605683556136,0.16285583879918275,0.17691423787826024,-0.04641731246672927,0.2113528521674094,0.2097009176148846,0.0
0.03508331885774125,-0.0747525330083678,-0.008169790631460281,-0.0323252281798843,-0.0579528028559041,0.923779626466753,0.6120846589955568,0.7715040380395052,0.915201747902776,-0.45995726465157866,0.1161616946442528,0.14747662192576885,-0.11152254851283439,-0.05314221850478376,0.09012491170496213,0.0
-0.018578249360797265,0.07285714453546839,-0.009165259581338112,0.05553250631389328,-0.01596106114150217,0.9312028749410509,0.6530857664366744,0.7294570061840868,0.9366049923449239,-0.3158370901536114,0.1873550623789284,0.193031679030018,-0.10826341106838225,-0.25237510667874774,0.061651722039541924,0.0
0.064271872907368,-0.044790536368868726,0.02731555606001696,0.009698134522452457,0.02329149535112532,1.0547609381616327,0.6928128321120552,0.8222315426089003,0.8067781540995261,-0.3798386642905392,0.10373579673616348,0.2545121454489731,-0.11681110037123683,-0.3437641375910751,0.047676473722839535,0.0
0.03223968748288668,0.01305675585883373,0.035643528908964384,0.024445556566595097,-0.05999290588917615,0.9816744289268589,0.6542138960900489,0.6264078222604207,0.8668484079870481,-0.46270050862391726,-0.005849472635858666,0.10587124953384958,-0.18984998440830364,-0.16591267241634244,-0.05423913060095802,0.0
-0.0792549728273808,-0.043802771684235645,-0.0385975735811517,0.06308907525310528,0.06285353618495976,0.8980782384882018,0.7219594245863898,0.6896911220826152,0.878054551000295,-0.3469312573975055,-0.055567525695745905,0.10407264677680819,-0.06834467066718364,-0.041594466384281936,-0.016879179862184002,0.0
-0.02143216096985341,-0.00967441286908478,-0.013596602552641439,-0.07977918893833257,-0.03466505454915032,0.9463605559950756,0.6330885386245859,0.7077916969500422,0.8633671678952143,-0.3845083322947135,0.1663664005553212,-0.08514270924325487,-0.11940987003030805,-0.005230348722811407,-0.09637353034695124,0.0
-0.04268155107542206,0.04273953701745375,0.057413039577027855,-0.023886512076738618,0.013945815622445285,0.9203189352952033,0.6884230813963127,0.7096318391226405,0.9109215962402385,-0.41925315804319446,0.024450994020078096,0.07101600981697978,-0.11977058256713573,0.018955456009382136,-0.05626379012231597,0.0
0.06161408219053488,0.07700067860053356,0.002162074195632191,-0.009083330490867219,-0.07461438810941928,0.943840591592697,0.6086735262081682,0.6752448839500381,0.9610977400874621,-0.4575859604417887,0.0834968420918894,-0.16363698613429387,0.03648646665614305,0.04114906282997741,0.042543964431819674,0.0
-0.022158817089168115,-0.030686757698977676,0.06302043874504935,0.027391897607673497,-0.09516272498623318,0.9201506599399096,0.6610453677347469,0.65233528443683,0.9401325461673371,-0.5110499485800659,-0.07991369079437026,0.004767779450253293,0.14775438600647278,0.1785073447388394,-0.022435613430472776,0.0
-0.047032759162684235,0.003289024403144745,0.056142979320912084,0.08115302064473716,-0.08557260620267863,0.9760865431069916,0.7597953289457473,0.6601671410385925,0.9311453454866296,-0.5365941501707178,0.07609229075920762,-0.03549970184094346,0.21058144946776214,0.06430990593963953,-0.07309273226891554,0.0
-0.0630941674909182,-0.03431342304127526,-0.000915411596264664,0.033456473900715634,0.0680639637151632,1.0221175204580826,0.8055268195115016,0.5811310854627647,0.8664891251282679,-0.5687824967705984,0.07970305302487037,0.1919406093978979,0.16263605511339302,0.212522546509414,0.015241435962025034,0.0
-0.18195460250569895,0.0013225240821148534,-0.021914138264977404,0.013049990790707637,-0.003724553505791944,0.933496549269967,0.6940437721529317,0.5988392730091773,1.0121865943067292,-0.545873266480273,0.24829411827483316,0.3614561418902551,-0.11427051120847467,0.15804965122453551,-0.08928166301897833,0.0
-0.07849705049302894,0.07794441222382813,0.007409669510147543,-0.05097949029671978,0.0389110398423945,0.9989551100462376,0.6053627542898957,0.5010935404948134,0.929205441460145,-0.528395501582083,0.16793732938130732,0.3261357765733544,-0.17510675006514032,0.11141602178037537,-0.08212579496184481,0.0
-0.07322814097421308,0.01346476584666631,0.029064563498172907,0.12130023089019813,0.04929387478099605,0.978257326550985,0.7237001642649672,0.577248139322191,0.9563798061941066,-0.600776454057625,0.07188052698548378,0.2550636553562143,-0.21604244555202373,0.11041951735666403,-0.1898437761535463,0.0
0.030535067036453686,-0.04296978953521832,0.007184130299644244,0.09761624606316316,-0.034947406880836335,1.0562167012469303,0.771845583985949,0.55051303748837,0.8759537211640893,-0.6610991778740328,0.1052718904454853,-0.0002680916714405679,-0.10346289518398977,-0.04413004038352075,-0.13012069540554944,0.0
-0.1405389091853061,0.030836033339393845,0.012917608239246179,-0.05169182044092559,0.044246615008425444,1.0611941249641639,0.7132419799655272,0.4804727063513626,0.8875901651007122,-0.5458774793409615,0.20624691227515504,-0.02181596149083699,-0.11416893121050127,0.004183048515614667,-0.2775464693123135,0.0
-0.017445050378060593,0.057174782991344514,0.05403310027078907,-0.09374640429596932,0.007905399535556487,0.9900554541375262,0.8349144905516881,0.5084511836027841,0.9984999811905239,-0.6602057349153266,0.1253627348383464,-0.04476182320029519,0.06266706713504488,-0.0349401977860287,-0.23715701737201275,0.0
0.011169471067193706,0.007002980867501275,0.008898036084160482,0.005154542543004494,0.03544472689935148,0.9621223947265596,0.7453037516976565,0.45570997226574794,1.0107088896907346,-0.5880141566874567,0.2518383776754536,-0.009846244753505939,0.1775349718868657,-0.051806833480973744,-0.12213363912850415,0.0
0.019319362934418924,0.03795363020423034,0.051580277403527434,0.020902775125299755,-0.04379845410426696,0.9255797087993018,0.7955323579756901,0.5350340674207416,0.9004197417485493,-0.6714913146729047,0.09341164045866306,-0.18368507722576724,-0.020909861429976556,0.12650837930219427,-0.0029050426628889764,0.0
-0.07263385953738807,-0.1268337219751895,-0.00027846688195679384,-0.028644340836043992,0.02024985674547127,0.9551106069778856,0.7255929066364348,0.499727206300151,1.0219481092068106,-0.6475990969343279,0.12256157342298904,-0.12163223140565932,0.18207478594367607,0.0706256270419828,0.08668611344213177,0.0
0.006167113716833636,0.062159686613520615,-0.022207728277829818,0.053143258417698555,-0.10506844860067673,0.9849740087248592,0.7320381704658817,0.40463679662857427,0.9970565934112982,-0.7309949265923336,0.019717905598131705,0.03458456484077625,0.09694151084595747,0.18972150590593634,0.07796496860787017,0.0
0.002386109674358733,0.016519536106212547,-0.014561217229891631,0.028997858881133605,0.009241011330433108,1.055884154145032,0.7503506269106687,0.4443819160628193,0.995660894986226,-0.6960947335367865,-0.06141072377053821,0.16838379520718516,0.0011367849220338677,0.22541466156292106,0.1007693392806889,0.0
0.04255975290303763,0.011209589916405208,0.06507894128663547,-0.022801772393193493,-0.04827429182374425,1.0529124345970151,0.8664458112225987,0.4577563569944577,0.9449632256358036,-0.7279143347820349,0.046025784596485354,0.2128963525618286,-0.03887948669007109,0.13276710320783414,0.2302067288185786,0.0
-0.16961616678330788,0.006033197002771896,0.13146154339715616,-0.02372640937931666,0.04173629342200313,1.0455978436509143,0.8080113328796366,0.4516506083920675,0.9452803213587873,-0.7542458854408063,-0.00146535392991963,0.22077474400506716,0.2971293672240176,0.07429960348940486,0.024288362435180122,0.0
-0.1096699759348826,-0.010072651710952691,0.023274452559610855,0.005506130493037456,0.018736113886325095,1.0562646719524205,0.7645454582686655,0.372779609329256,0.9581715495532094,-0.581942110094112,0.011975962951214088,0.09476240259999547,0.1952728407390283,-0.11824117137687845,-0.05757477563633728,0.0
-0.0945374311010912,0.10132037911355457,0.03533514032565066,-0.0345608649710096,-0.018165821287976766,1.0013515887377986,0.837688202717219,0.39162891901224145,0.8956094586046355,-0.7818756123141438,0.04092852047323231,0.03269275480047504,0.08133859644720429,-0.2550095024006464,-0.06967382172884787,0.0
-0.05956325128361674,0.04473066378923336,0.10936031761329898,0.03049793444410756,-0.06073106477641814,1.0428976084065136,0.8756391813454659,0.3260259483528555,1.0278739992253625,-0.8200632513417251,0.03332789213874873,-0.10623755058278295,0.11639146609609884,-0.24052973611849016,-0.14617134745176102,0.0
-0.07885887495754054,0.0015930743297808657,0.09545738808383752,-0.004116292302708054,-0.07357221429518364,0.9998919085069051,0.832891701153556,0.4065333505770888,1.0033085302483342,-0.7073356849541341,0.2206620997812367,-0.0813692159160058,0.13109526223470025,-0.10378054692156574,-0.0884578126127372,0.0
-0.10600750010380852,0.002819576937392404,-0.01627753006817112,-0.004849232163254898,-0.06940447561665268,0.9956531319846396,0.826158853469459,0.34947760147444207,1.0080036989205121,-0.7566794922923459,0.19822565869542344,-0.024309272551345143,-0.00437111924867957,-0.06473997924946046,-0.041725868974269914,0.0
0.053545476153763844,-0.007256208284822908,0.05448925039249737,0.044053771222651895,-0.039730149794842795,1.056821169521033,0.8412837796559991,0.26758732355291315,0.9344498330019608,-0.8568101866530567,0.086861404916851,0.03655668142328889,-0.06649611180892327,0.15919161774958823,0.014204812073127696,0.0
-0.0030992067124410785,-0.018802676494483937,0.10562275687580028,0.01592664388432871,0.03178612494410872,1.0253992176612787,0.827103793275954,0.344045565713314,1.0058027544064743,-0.8229380516658504,-0.09540806337346361,-0.016248594634933087,-0.05347501488091947,0.0869479217335852,0.06115203064286865,0.0
-0.021147008995683655,0.01895540855948979,-0.04325884556708736,-0.06364147405031564,-0.029525838702423188,0.9896695291419746,0.7572279209724971,0.3485262658633621,0.9652961369150637,-0.8155721802997529,0.05712864330465779,0.08603822227980862,-0.06866096850010725,0.09559941910891886,0.013056852087229898,0.0
-0.04595666463120886,-0.0033106651099123197,-0.005515687083296479,-0.12149441272640843,-0.08970283834716011,0.9535522673637001,0.8070858645573055,0.24020548485901722,0.9852671768625487,-0.8566350252234299,0.019645749611495355,0.11556642323226919,-0.4046287791518259,0.09372312334213607,-0.08587626964548416,0.0
0.02143674298962807,0.07469193755166216,0.08278396012520006,-0.00853425693622023,0.0026263316855594347,0.9455682749080699,0.8874478331320197,0.2384915361124326,1.065525596463507,-0.8668670697435269,-0.01589783612643042,0.1451561815701808,-0.3930782459913016,0.011340306777590896,-0.06897428811261326,0.0
-0.053262302392703686,0.06589194310632454,-0.030850005302243008,0.015325686170796177,0.06405638268995516,0.9541406929781658,0.851555836686963,0.28279300981276584,1.0655587287480714,-0.8228292143787168,-0.21484104078045513,0.0879865375929035,-0.45148114068122003,-0.065219414939195,-0.17334321683827714,0.0
-0.048525479048983855,0.038703317859621986,0.06561704113429057,0.05506075999633482,0.02666116101076859,0.9862973371599777,0.7413846547954244,0.1412417222357436,1.0003483596436529,-0.8979007560150994,-0.3315175892510469,0.05738275303356169,-0.28606134154334906,0.05487415077741871,-0.09279107704239453,0.0
0.07422464786802188,0.015164065743546007,0.09110475482710087,0.09173585437359907,-0.06773430689936923,0.9606166622313219,0.7660996623412126,0.21878977669820204,0.9368498534983392,-0.7617587003388715,-0.2304942318518587,0.07302029333854251,-0.2984988544459087,0.13312869791319504,-0.18194106948982958,0.0
0.06117740081725679,-0.005183295758130414,0.09452432889212609,-0.03482517007545642,-0.03923037849511443,0.949298503765359,0.8691036615668603,0.16712106691538287,0.939171259250688,-0.9376568710089471,-0.19382750016662534,0.10389167031585508,-0.36312650097887217,-0.019529477476310494,-0.09967092940096284,0.0
-0.00547156236309361,0.10279058484269157,0.12160406488106269,-0.017942227405908805,-0.04934761922968987,0.9694572601897868,0.8660885779255775,0.17399530669984553,0.9445892148665481,-0.94281337651914,-0.1973014342869553,0.1612182683261597,-0.28341426952708937,0.12158375876210473,-0.21266852157894348,0.0
-0.004382490040063365,0.029903170060898873,0.12079625266527586,0.061729935947620856,0.005819027398156575,0.9336101436708081,0.8564753720924126,0.2428199487091338,0.9575171548210263,-0.8732246762781105,-0.06683805015651947,-0.046611816295415984,-0.2159916288569233,0.013686066865593677,-0.20556426817459633,0.0
0.057013886915607215,0.040557814627515724,0.1156501063624865,0.03245414359274183,-0.04168118389088288,0.9790599367046934,0.9099482705125574,0.09381777304551894,0.9872128727047057,-0.8626181435614001,-0.1320228471522929,0.020882854175432883,-0.24301664018639516,0.10169270899384059,-0.1768187690677551,0.0
-0.05776989874508059,-0.038244521517684774,0.0031909917194406848,0.03151933453203921,0.05549387036876132,0.9486559615031128,0.9761793042233925,0.0735541019780595,1.0660830049147407,-0.9513999652239838,0.0006080022006424157,0.1524237919296718,-0.3167323854349957,0.06650785322059573,0.02189942887053603,0.0
-0.1543561002042326,0.21730930072378846,0.05221611641091335,0.026084630135951598,-0.08312801413465326,0.9331987198579906,0.9867127183438407,0.038753528843253976,0.9510755809182212,-0.976090480564452,-0.0025030073285084295,0.21841415909060527,-0.35630674752666286,0.05449416967757521,0.0903039379680065,0.0
-0.019186682998183352,0.08417526926332775,0.0270166403681739,0.028432210106833705,-0.03942346072693628,0.9244766057101692,0.8666411931563854,0.0740484692129743,0.9496950543760603,-0.9343023606651678,-0.16687444720374264,0.2844212415167266,-0.2305823505462392,-0.0003265082299674926,0.01322535005090926,0.0
0.005800864013100433,0.033684413651433785,0.057131530874311096,0.04312655083530642,0.0117461146188347,0.9512803490064514,0.9232575336233386,0.16510902199970767,0.93182863653043,-1.01262977678944,-0.07275124696599099,0.1371418792772591,0.0047855671044176595,0.002536041732748029,0.005791855688682421,0.0
0.1493068468102721,0.11180119972532848,0.09250972931367706,-0.04609421080534868,-0.04139447915449218,0.8836981872637784,0.8714149462200815,0.018858104665341276,1.0321128244060171,-0.9185632555004274,-0.028956221505465396,0.1403318691340077,-0.08040748230968353,-0.05505850330850456,-0.05402861558525079,0.0
-0.08507614234877547,0.03635064069397987,0.11568423142356227,0.05460181545091426,-0.054202899074343995,0.8812584202648351,0.8850041932239961,0.0561380753489384,0.9944640460139597,-0.9585342988018953,-0.055973794906269914,0.10465349429131969,0.14322681579006633,-0.22751633586749684,-0.004928130248281058,0.0
-0.10542197138738921,-0.005619150465007477,0.06883968215747914,-0.017771065973107646,-0.05105299387855766,0.8831953133401172,0.9102225176205614,0.01747817023903491,1.0385062631617434,-0.9912546455516037,-0.08463075551690005,-0.12729754776679364,0.1735034701818037,-0.22959562117752264,-0.1042917008008712,0.0
-0.1209435262784636,0.07609411003495174,0.046962302290598966,0.11290548149180955,-0.03321604170984363,0.8414500492303176,0.8453565573920813,-0.03634356805767531,1.0392616371001222,-0.9843060987138934,0.006147642205932766,-0.05673715684323309,0.26541962873987324,-0.1391204100605663,-0.11996828115838741,0.0
0.011287613087333052,0.04469433567317359,0.055779416755313206,0.05046081508175312,-0.006868727047082388,0.928341158259897,0.97003209961416,-0.058054852479610015,0.9749950875262757,-0.9930799187677752,-0.14468593385112818,-0.1010286379336033,0.22906749256218067,-0.020247629807082473,-0.03524546354958941,0.0
0.06662763475854089,0.030375741350497417,0.12411449398730293,0.11106758384641727,-0.06056347291473872,0.8728367412312519,0.8910873423697059,-0.04680476473852649,0.9951303869872995,-0.942415216273077,-0.23258225740615251,-0.1441101467788879,0.10647151347756414,0.015778414696052533,-0.17649697360695366,0.0
-0.03470587831402745,0.01097634741413182,-0.0746151985702925,0.07031199858651341,-0.02806327124185104,0.8299424134455424,0.870650327123,-0.07136854720403668,0.9786827760190101,-1.020355048330045,-0.31269768392053,-0.13716136883779462,0.26142656167462697,0.166468045274317,-0.1509946130315364,0.0
-0.14937909027415236,0.07028322608456511,0.03101752615653217,0.09818391449829046,0.024544607361041682,0.7775779822739771,0.9026639773979344,-0.0384963265717672,1.014468006801221,-0.9360200679039842,-0.5551299904635789,-0.07024651455235327,0.36884140601947724,0.0009561862401802207,-0.14239573685272866,0.0
-0.06446179937117515,-0.06358324932477838,0.04513270933554745,-0.0011150591218282713,-0.0004002661154072114,0.8783769306626912,0.8509298270676433,-0.11417479172249459,0.9867139421007985,-0.9822737039251329,-0.49402121923275044,-0.10440246669758477,0.14438281752284027,0.15465617965664133,-0.035823821259009306,0.0
-0.07096154848853886,-0.06261583435030688,0.017481087843452287,0.016063199648874888,-0.018267300590286438,0.790005315241522,0.8920778658024884,-0.09142508088881374,0.9725027805333556,-0.9405599787563038,-0.3097724197759224,0.002264796828622545,0.18206011608384104,-0.06124862891838946,0.15727811654314686,0.0
-0.02950281555212611,0.041314962072133796,0.06601716169089578,0.11439715189112011,-0.08932478828522622,0.8409689450440555,0.7988110691413941,-0.2453516010215912,0.8784475174113893,-1.0945346091709902,-0.3349036653981282,0.08300195329988405,0.1480268514923903,-0.12542584472373514,-0.027967591171302653,0.0
-0.026698597056129418,-0.06196637867461356,0.08317231422501427,-0.02583987386074941,0.016609239536622317,0.8268090752396652,0.9129496902288344,-0.14490951394187446,0.9822412845319539,-0.9670052849441838,-0.32681196970184845,0.028268518394208766,-0.08643755661872692,-0.1579461691052141,0.06465494242132398,0.0
-0.09919729831619459,0.037643155524415446,0.07040872177378554,-0.014398044108256798,-0.09898062797463436,0.7180748860465319,0.9612807318482514,-0.181460619466765,1.0484964195269952,-0.9218297999068877,-0.2264329502600022,-0.0015777047535260637,-0.1742587807567214,-0.0385792553681087,0.12614430601629847,0.0
-0.08506422877214107,0.007620043211471125,0.015236650904168411,0.006427445429289129,-0.03450972975370013,0.8089378987461376,0.9441645401993427,-0.060948841351192426,0.9981999023807979,-0.97060429094536,-0.10030773091290894,0.05044609264703826,-0.12550093434418824,0.03594814445033353,0.03640604746720659,0.0
-0.10491074205381778,0.05030148228958217,0.040356055342460964,0.12096085931812255,-0.10562109801894747,0.7516929144496454,1.0458925011696572,-0.21696500491509313,0.9461701009664086,-1.0063183204750765,-0.026504116593896523,0.14341029115549192,-0.14155429241912146,-0.17814760930291196,0.03483599304699878,0.0
-0.038905052804525254,0.05492792188770741,0.1748586006477285,-0.013307192286553714,-0.002344254915521267,0.795834822248341,0.9846171624483916,-0.2916379795878386,1.077937005152152,-1.0745999866374358,-0.05236398558058766,0.02617123452736833,0.06102505644037069,0.04524552397947455,-0.1770273277866951,0.0
-0.05323719917089326,-0.006213215313723902,0.003924248411255431,0.0015156350215178166,-0.07755873685015686,0.7913675662869137,0.9540668223799766,-0.21647173811654363,0.9410393162297936,-0.8405912989054769,-0.10550792121371766,-0.008522290919826647,0.04885031434773841,-0.04270777721753227,-0.08559352116437827,0.0
-0.13017645747297862,0.10270591599368062,0.048091198123193415,0.11850158109440831,-0.019119040288507968,0.6948796300420856,0.9586943995937919,-0.15257312584434285,0.9990112173860799,-1.0245770473129618,0.017225683644946407,0.031738809492583855,-0.013592264818312001,-0.031993883758521136,0.00039880805545233766,0.0
-0.10506166842326783,-0.09244077735027229,0.0016436661981503453,0.09429354702441681,-0.06765641162956823,0.6924540874585928,0.8667187342252067,-0.31880522706806635,0.9548719213315867,-0.9475415474345766,-0.03588078560017137,0.007286985658566305,0.0462464151944443,-0.1028926709846932,-0.10505317408731277,0.0
-0.1032343205277361,0.04221514635079688,0.08972629470400272,0.012680620919893595,-0.0771889606095357,0.6496142771254563,1.0348263742921,-0.21134863296983852,1.014379059605628,-1.0570379162627987,-0.04422875193227894,0.041857973499692766,0.06734747251825457,-0.008843892428828194,-0.07682902480316357,0.0
-0.09919443577286395,0.09001860461103436,-0.03448963395259402,0.062105029434428013,-0.023562882293495138,0.6030107111004319,0.9999860734032514,-0.3360986807838716,0.9855134974329484,-0.9736109626283097,-0.06544368464035688,0.11878492880925032,0.15388012383043667,-0.0531328109313169,-0.18910252378151837,0.0
0.013513997468260194,0.06706961634307645,0.052842099264664044,0.021443682488086327,-0.008997337558698762,0.6664875993621562,0.9305384361919335,-0.31439201860554156,1.0216516280100734,-1.038678807843001,0.0129813595358452,0.02109238987098995,0.17497401668459017,-0.19945909687641253,-0.129000771946806,0.0
-0.04758763526841285,0.09278983820852395,0.11973647415121919,-0.019962198009985346,0.07116873351007362,0.7002205352295684,0.9847640709245189,-0.38382662700102504,1.0463697070460793,-0.9394021694030119,0.0013216804837291561,-0.07210197932732244,0.18578894199658044,-0.1413123080434822,-0.08597537684636249,0.0
0.021524170742285756,-0.05916817654403943,0.10496695133202491,0.12084695955116903,-9.380605777531068e-05,0.6075865648037939,1.0008647071411347,-0.28032207400006454,0.8797494055388804,-0.9988820371222961,-0.11304472251691157,0.044224690641720334,0.19482038994851458,-0.06314354257472239,-0.214107097740555,0.0
-0.08962444743393108,0.04306507466715839,0.05617988164939055,0.06853137957701673,-0.02984695311731322,0.6666719939452838,1.0204667342136302,-0.3072443642223679,1.0282104398823106,-0.9166129487847876,-0.20756631489521826,0.17004231377386766,0.009500231154930372,-0.15946058050462925,-0.10838683662928902,0.0
-0.02547361956689738,0.01411197676980613,0.040549021883773684,0.04970035452869748,-0.016126662586427656,0.6430488054133869,1.0139964667448869,-0.4512189482137968,1.0123316897320984,-0.9237005628110322,-0.32558038676954204,0.07445510574265848,0.2474228148674521,-0.05043874922547741,-0.07020472809346276,0.0
-0.04846433740929509,0.051804386523570584,0.08236093618533108,0.07480334685300506,-0.03792695253346071,0.6052681210110745,1.0042592592536987,-0.44183491423483223,0.9603993563807831,-0.9122616663516694,-0.04067974281379444,0.09462260935065148,0.24957943109240893,-0.07136711951198202,0.05257771374377831,0.0
-0.0401385911747691,0.06536655943634471,0.07593939380769439,0.015215252572871,0.020287329122826617,0.47305754534417566,1.011548575216078,-0.5158037849469651,1.0346922753531986,-0.9812326838306649,-0.02749312211297232,0.021138907448021375,0.11243436946929028,-0.03766983993625049,0.05164526245437253,0.0
-0.06860390010925346,0.038692788073823224,-0.0089342620007236,0.1108573773592401,0.00015880653873400624,0.554830937286883,0.997559631147968,-0.39212297440405597,0.9165602642367183,-1.0481503060982076,0.05490350286212837,-0.0323723522502541,0.14316790311170502,-0.24409539835306965,-0.04961172222025617,0.0
-0.016099701957616848,0.0862398329103299,0.0579687494310981,0.08278737120736555,3.2850691524749856e-05,0.6296658871074103,0.8925233796353409,-0.43076686136111586,0.9551212053569469,-0.9385928691057673,0.12962713480520371,0.07205976517718729,-0.14731294235843015,-0.15282432091964032,-0.009597414202897461,0.0
-0.12206997501278635,-0.006081907149049576,0.04364629871591765,0.12379041165080767,-0.05283362919241775,0.5306187864249989,0.9711756623961545,-0.4410826328288977,0.9573629122739667,-0.9460854531111964,0.0759267796512114,-0.006743347018394116,-0.06401454710545362,-0.07648299533574307,-0.14625747822147653,0.0
-0.004558004922801867,0.12106681612847905,0.032612366770307745,-0.022985034593467096,-0.012441127229179252,0.4864058501362227,0.9952887621098713,-0.5064764572539435,0.9811711943584988,-1.0162223068304246,0.03041641196471922,0.18916021352099233,-0.06398444072599896,-0.1107810187688289,-0.14552957145043524,0.0
-0.05905511416604079,0.06851706854813949,-0.03673843035570103,0.06420278807394812,-0.0010173151074679282,0.4651105600478924,0.9855206065769777,-0.4956805132597106,0.9813036755141811,-0.9320773625293429,0.16991346930227907,0.29501641213466545,-0.07646205850437171,-0.18294668316505203,-0.1505145835022349,0.0
-0.05104389468516793,0.04289968473061867,0.13063598973148663,0.02222078909500591,-0.043575302463215546,0.5204396488558385,0.950495755948572,-0.543672936147773,0.9330696435029429,-0.9124919102932323,0.21673295883580007,0.05939766160573798,-0.05298660772447886,-0.21675951763404816,-0.23158900092513002,0.0
-0.0012074768290952081,0.1116271220502601,0.04683517129693099,0.0630010713996602,0.031289124307154505,0.4772029591901109,1.0245741796909775,-0.5041471378646515,0.9302598160372917,-0.9906086618821272,0.4005729470029441,-0.002438235791791664,-0.1205291828930875,-0.12571581030663084,-0.03555274443279527,0.0
0.027164794421725487,0.037264156245684035,0.04274751479325903,0.04110560416745815,-0.026143375639414327,0.5122652403314586,1.0238878482310663,-0.5160093825708949,0.9825896658511941,-0.841399388813954,0.21724927844080133,0.02529916935264753,-0.09832563444937695,-0.030619046099865294,-0.18398295395595204,0.0
-0.03322243336283961,0.09208491339404146,-0.012914487183568954,0.08015401322617488,-0.01600301149987473,0.4299044911651305,0.9123258825303623,-0.5204632515585651,0.9437609289268938,-0.9506043970064905,0.25326862799604044,-0.2513354132872828,-0.26132745136233965,-0.06017521469398037,-0.04399639438056609,0.0
-0.013297742344698223,-0.01381275421983539,0.08667244962326365,0.07064957995565466,0.04369189654039583,0.42331475973625965,0.9815405642806164,-0.6197376559531141,0.8820579714366951,-0.9417573821799239,0.33563428519216193,-0.2517128915523744,-0.4152880456874418,-0.08619683626356081,-0.16193836574036033,0.0
-0.04937701405836583,-0.012833393641717039,0.06259687891770352,0.05851612355942668,-0.07957619912413731,0.3112904568422683,0.9912833443973195,-0.5644524387355014,0.9346598585497273,-0.9460332932966435,0.11955237402258795,-0.35840123046046596,-0.3399063586231415,-0.05962444119908553,-0.20939252104402584,0.0
-0.05012380359041251,0.009967899406096645,0.1574028073362866,0.016491471684945053,-0.04977710872724832,0.3898622015949645,1.037026110932844,-0.5846662683752832,0.9018551591410271,-0.8588418033458831,0.13529621100499195,-0.1899000727888174,-0.14485427698685116,-0.014466124405617928,-0.09943305923660888,0.0
-0.016937387726065248,0.040547989820942196,0.08620912348154455,0.09269899355698105,0.08367487997789187,0.3950151732092768,0.9761936362820527,-0.5762637950715903,0.8804302179515004,-0.7977365793521731,0.19167217613002158,-0.0761359279773157,-0.2666783964442715,0.061984233860156265,0.1009256009084753,0.0
-0.07025454591553619,-0.03923016553008657,0.04342556159009688,0.04224797646291904,0.0013291065245048927,0.3553723096687962,1.021592433324788,-0.5288396222895836,0.9166170907629659,-0.860905347411286,0.4111435229429458,-0.025215724400886506,-0.11078565270344966,-0.07605804963680696,0.19521099400974357,0.0
0.005256706910407263,0.007410831574594441,0.12946622777047825,0.11865782551229326,0.022563212873570552,0.27760180849398064,0.9962247329684316,-0.623468709129316,0.9674179375585955,-0.9481259024476575,0.19939676315363233,0.00916047755296763,-0.22688811020983787,-0.2794901171468738,0.06097467199757391,0.0
-0.11350200238921151,0.003934099721503055,0.06399324930206725,0.03706815231032238,0.0126970714125678,0.3425283576987643,1.0388108459322358,-0.6001465951044939,0.8783606444806984,-0.8720944607254512,0.19544802126558625,0.017141273732835062,-0.2287121985443374,-0.11787688037950873,0.0006994693570249594,0.0
-0.09808069905417827,0.0437270903777021,-0.01158489698890873,-0.014734124099602508,-0.014592770311441012,0.34457333942252244,0.893356843490471,-0.6935469256549015,0.9193541027324275,-0.9927373157982451,0.2343810205126096,0.2208596005459218,-0.08138721103146779,-0.17672884720341162,-0.1975493299144085,0.0
-0.07638385231631163,0.03466552446026917,0.06839449452882837,0.05144806861680609,0.04648758799814432,0.26030564280995205,1.0226804811247274,-0.6971379227564899,0.9619383841664826,-0.8701722082095807,0.048761226328557145,0.14156651979195606,-0.04549371522206405,-0.13408696262861006,-0.23023678297041494,0.0
-0.06351806894244955,-0.03530652428825556,0.16502306071000655,0.07436989143066328,-0.12034297723415231,0.20290311616452933,1.066252249306526,-0.679504704544511,0.904674268778508,-0.9022948207224912,0.20403141480817236,0.1665524453659238,0.0768290717522277,-0.02772195120356205,-0.06293424134339244,0.0
-0.06312371848601808,0.042781530317139736,-0.11319872975043391,0.09183574992099347,0.040322785257756434,0.34476137774368837,1.0875738273980584,-0.7203245414273032,0.9262461122182536,-0.7142030741358625,0.09435748816472196,0.020259267111149115,0.01585822022216981,0.07637352892501013,-0.0631724889806985,0.0
0.043609042508698494,0.1036798911139974,0.14540399032769075,0.10070246422637151,-0.06708654613175069,0.21165682857286666,1.1081835966725826,-0.6755290120398572,0.8465301728832082,-0.6785538159245406,-0.02405041472919424,0.020914007323544277,0.08585310240526395,0.17545916184673577,0.020075898319790578,0.0
-0.04824937429473797,-0.0029115978992583155,0.10401027745389485,0.11595786653011222,-0.037715279454691,0.261214382657239,0.8986158798085391,-0.7796674991147147,0.814304479561953,-0.8892306990441717,-0.08509432505498604,0.013223017649794397,0.22928448154515269,0.25813996239383386,-0.02036385956154973,0.0
0.020540437692085772,0.031764119379777245,0.02885310450873041,0.05352112957788292,0.011304231541623008,0.21862986126275474,0.9544231062584759,-0.6927623279023682,0.9574604951957234,-0.8113080702767825,-0.025900011394383193,-0.06718715312598064,0.345240821418197,0.15280094661965674,-0.10144442911262282,0.0
-0.05173404630238182,0.1463128474692622,0.12884105433719933,0.08019416697318935,-0.002471899812835304,0.1997531663212985,0.9884189935664451,-0.7464058052129828,0.848238344714942,-0.8277177595618831,-0.06912089870114026,-0.1356148496877827,0.2767408989883675,0.16666659036157455,-0.05748847996629565,0.0
-0.04111094818047335,0.10521242568749917,0.05987748094911347,0.10860224907017943,-0.048922880151943855,0.19013487637247778,0.9515016671051122,-0.6929517446572209,0.8698954531616141,-0.747644869410286,0.21115112099035716,-0.2082289918581906,0.29646735707015964,0.154255455358832,0.014682594215749148,0.0
-0.06597438611203262,0.09878924254807829,0.06729535551079346,0.1063667230151509,-0.05952182625653242,0.10189872450528306,1.0962112432685034,-0.7656035103314136,0.8583954181136034,-0.7410361881594348,0.15592902154788013,-0.30782611484532046,0.10215612814826043,-0.05116274801350297,0.02214472045078989,0.0
-0.04477187355827811,0.013370474806147309,0.09858865567731663,-0.014966598864401853,-0.041394850643625525,0.16575385400711012,1.0542778905748047,-0.7868669713817811,0.9197137582533785,-0.7972498398241297,0.09924329589155262,-0.10464587056539602,0.10488016870315839,-0.28084322932466177,0.07188841932582926,0.0
-0.09346943490168456,0.08377870641737094,0.07969431634871649,0.09139480504702446,0.008595833300014764,0.042304016762830604,1.0354960472397665,-0.8428508290944358,0.8759651307507962,-0.6235215552379629,0.3202128833320186,-0.05758149240477403,0.14663757757243934,-0.29604609818486544,0.09733529726303042,0.0
0.0016941052708613277,0.016133764267885382,0.058837021790845934,0.0017793223328049779,-0.0016457540699792769,0.09514841129175311,1.014809824660159,-0.7829511607616636,0.8620306241888479,-0.7622734374907626,0.1605816126305626,-0.08563169224667937,0.2078559160273341,-0.12347669629135516,0.0020537797849626838,0.0
0.051062265434264814,0.027744809840759985,0.14237008503323687,0.12221837460231004,-0.020522180288355094,0.17660335191750193,0.9346962093121158,-0.9604036481866478,0.8569678441782367,-0.6690985201421373,0.20519337567745977,-0.12290960016734352,0.1562133898306049,-0.16896392125499016,0.0934917723889828,0.0
-0.03673014401639442,0.038695427963686635,0.12422528503437494,0.05974285864481664,-0.054921826776310134,0.06036489317590766,0.968081175605502,-0.7983419110673347,0.8749027563321111,-0.7203197070668982,0.04576386769539041,-0.03158733852211545,0.013620078658653834,-0.2038652780432088,0.2657341905541643,0.0
-0.015397581851234465,0.02596848489763126,0.1288701790902728,0.03149528113070068,-0.008430862349225982,-0.018457068933141044,1.0606106617541053,-0.7925101506428528,0.8832509168763268,-0.6895044906342892,-0.06808902245566491,0.058234426614668724,0.02700949512357608,-0.19913573002435875,0.2785042925398585,0.0
0.0140654696350112,0.12222363662005928,-0.00019786189086616612,0.11906567183066431,0.0013324119603134003,0.049730532892118484,0.9792718300083594,-0.8015634346320821,0.8054286203661523,-0.6596308882267016,-0.11240380763956044,-0.13179968646528245,-0.10244306349198454,-0.16832024255021996,0.06499994556521785,0.0
-0.0659480637063384,0.1101743559213086,0.10408658679579835,-0.004970344615167474,0.06885654449291673,-0.10598703986151393,1.0172575540618582,-0.8013180247764689,0.851891825832044,-0.6637184577093501,-0.19268342660667914,-0.10967100072878377,-0.07784310980095462,-0.05409648919758676,-0.014544664006585939,0.0
-0.08738815451469234,0.046345988760096435,0.18732849238256574,0.02202570292743452,-0.07358126017061711,-0.05631990301962785,1.0865257760572222,-0.8289196898103544,0.8749328673199583,-0.6215916579457288,-0.2244149105954382,-0.031388979602520496,0.04242758941819824,-0.1840147405224447,-0.11118828514061412,0.0
-0.10080637653323918,-0.04920811259954151,0.07123002072382281,0.08652922922659198,-0.040154397733908345,-0.03746421955182076,1.0001587161901202,-0.8517104091165936,0.800878915767072,-0.6029568759323992,-0.21617318419132614,0.031129148396219462,0.008320481945815115,-0.14564983814742893,-0.05807684776329649,0.0
-0.013439686361987314,0.09660423008842134,0.05983731475570673,0.14606732489466062,0.06751841118924731,-0.03522299086215181,0.9905945582550194,-0.905000515238539,0.8359168022843915,-0.6456140756964662,-0.182863279291936,0.10086323575213335,0.2074332377545829,-0.09736329765958239,-0.08061526164548541,0.0
-0.07057003440071082,-0.018926475920381283,0.11801764894080574,0.1259700065474265,0.06314841113932541,-0.09562758726788224,0.9796868668828678,-0.897588410620928,0.7750414632376984,-0.6175250351493415,-0.23083314742104016,0.1871824377254407,0.177134662403724,-0.21601575457747305,0.1489730142040885,0.0
-0.12298269929726831,0.07829244372776602,0.010478865776822582,0.0415976631849971,-0.01925451511057729,-0.08599775451805762,1.0413597704033335,-0.850811609987331,0.6878197365430583,-0.5963318680503432,-0.23337709141731608,0.10187580901786092,0.07838203719023029,-0.21822288436213647,0.1253559670167345,0.0
-0.05933515490488963,0.06112131601269781,0.14799451838162286,0.19330917665072622,-0.09878337432983847,-0.17421966818667795,1.0239759915325106,-0.8909776812924698,0.7685361937510155,-0.5867596755213212,-0.16152115945037504,0.19666694608464796,0.18883705113375132,-0.21704436292447823,0.19262893913416582,0.0
-0.05179458666586208,0.0123197441733277,0.0948802249075322,0.08398952145547488,-0.02715820641255793,-0.02734986036553763,0.9843527245691118,-0.9278792126481347,0.7380565797678814,-0.603550012138796,-0.1563749033831904,0.12348776821252976,0.03356480847192178,-0.11744864903013519,0.29034719442985885,0.0
-0.15320781089092878,-0.041059149106925534,0.07895231141108545,0.20580894447907536,0.036178066780010745,-0.1342607167104209,0.9913816939052329,-0.8823734685697728,0.7623293981798461,-0.5674162765374112,-0.00465425818448259,0.08208642186409691,0.12801181029453917,0.03190399801494284,0.26304677122740006,0.0
-0.06713743254830921,0.05401447993223489,0.15044935876429566,0.109726537767838,0.014664331045518765,-0.139155913608973,0.9725690538795946,-0.9944863349260934,0.6942523807375184,-0.5036594711723049,-0.04142993823972099,-0.0015024644409175267,0.19299179634970426,-0.11025557109028924,0.10972663827614748,0.0
-0.004170002567249177,0.10745338099338597,0.09945601106145627,0.0704995514476739,0.05428554375452932,-0.14397728907626628,1.0344293091440737,-0.8734768786575972,0.7879961764254886,-0.4867762084682142,-0.09642346699579356,-0.16609463083289047,0.0547433934454921,-0.1458192894348342,0.03539997969474109,0.0
-0.06468033537144371,0.014708828931450667,0.053830363752004146,0.12136167202204176,-0.06301128658376046,-0.11772762999109053,0.9514833654069726,-1.033997654647886,0.7607388308004148,-0.4729967008373941,-0.10638405838718756,-0.016102261939401036,-0.07910937785525096,-0.2370905468306112,0.12437568308013867,0.0
-0.06337030983435878,0.10929370208276928,0.02802222859250582,0.0991628532157357,-0.0011982248403995827,-0.25909616138328223,0.9872770671995206,-0.913280295866973,0.816113756217145,-0.4755111514442481,0.06884164516016127,0.030527711230289235,-0.048209862775902584,-0.14496446587968095,0.07711618367495356,0.0
-0.03906646185733456,0.07614790233628324,0.08423650529014476,0.09717128693765899,-0.022321246548907384,-0.26982876435197634,1.0409443553089266,-0.9758890517530768,0.7511805507702727,-0.45930856518796864,0.09825112591654547,-0.1103792064635185,-0.17778173377955409,-0.14932047671107207,0.06546593699313681,0.0
0.002432200046362798,-0.01017929847877224,0.12840366100005335,-0.005195206877669445,-0.024780112439498642,-0.21866816512621556,0.9881637135933535,-1.0667648065456483,0.7000456295977043,-0.37366872284695135,0.1879160333066725,-0.15830586623985157,-0.29325033846434745,-0.006378991119153105,0.12298427538693867,0.0
-0.07508467942992446,0.020159530170191585,0.14687392669563362,0.14948573202454746,-0.04118354448555139,-0.26759992446272324,1.010212560875119,-0.9121363543288912,0.764353312880472,-0.41386973863962284,0.039978489142661056,-0.059234967057776575,-0.1256465253517241,-0.016592981295871938,0.1068480321750818,0.0
-0.08021415576898278,0.09175119425466627,0.11400950626321446,0.07573279331133492,-0.018909551281894796,-0.3034751618346645,0.9625485992705601,-1.0980304500093543,0.8239891327350238,-0.34140054282213894,0.10651551005477047,-0.06300089620895452,0.05880172033627182,-0.033725622483230716,-0.10787591299952483,0.0
-0.10569550508561812,0.04126080854717363,0.1287709022459202,0.17567516454310622,-0.11078281389838743,-0.3055479122183612,0.9194642072066843,-0.9215996825575149,0.7419779378624108,-0.3838316867705984,0.1188065134645611,0.060301611625043695,-0.08477098849510564,0.07063835451843653,-0.038560163951506646,0.0
-0.046387635751566555,0.018082404635385844,0.17681972751798258,0.07671674974397602,0.00800046878888893,-0.3473378191741489,1.0211644525058912,-0.8798746770111564,0.686038871751772,-0.36492499840107373,-0.13058311012696713,-0.04848182923009755,-0.15914774333614534,0.09482901411805636,-0.017291125095158396,0.0
-0.03858781374430261,0.011863389196191045,0.13085332815721298,0.06845736050317323,-0.07464902196947776,-0.29280694689435854,0.9334813200538994,-0.96277588343226,0.7397753114874637,-0.40460998877721066,-0.2209599210130735,-0.009649336867311963,-0.10341526021416338,0.09760688468376962,-0.013630778791718588,0.0
-0.047399977184235775,0.00780732516427423,0.09100052667670677,0.11762096965251399,-0.09998940946824464,-0.3201641985926884,0.8883102507008284,-0.9565927076647661,0.7310713482100158,-0.2999503432288034,-0.21469083796827154,0.08738355688615039,-0.03848807847807683,0.07848641803187312,0.06455633718550145,0.0
-0.09611237000898201,0.07896327715294744,0.12219803693203019,0.17389248108453859,-0.027213723350179367,-0.4209160727722041,0.8532607284166276,-0.9952914718665531,0.7541969958172143,-0.30010433852432195,-0.07756277520791738,0.09473393595595864,-0.12745635032745303,0.12675901263092848,-0.054582429625363894,0.0
-0.138693727106859,0.04949751075147,0.10267828472740036,0.017459589283782523,-0.012519654718838856,-0.37685746610608106,0.9151275872121774,-0.9339553868400439,0.7283261000968684,-0.31032132012535857,-0.10630817635479742,0.15582726415317888,-0.07913080045657592,0.12531411019600752,0.06185975636658497,0.0
-0.021338011060702836,0.0072265342210858785,0.19565542649862394,0.13106384813645613,-0.11719586049903896,-0.44454554721716316,0.9471956181059722,-0.984993034870215,0.6861148020480748,-0.27299192155231766,-0.1625180556981906,0.22262298475927295,-0.032182242697615035,-0.010112599690127372,0.15847811453374966,0.0
-0.06811499219338854,0.016821963313033032,0.0653507260154528,0.10613371976894409,-0.06627176180591032,-0.4301110495759942,1.0750804232842672,-0.9786400386452789,0.6946351239187175,-0.30057442723980876,-0.10304961217108106,0.1933239097491544,0.029609332883270226,0.09260836264575555,0.06584683665455261,0.0
0.007488437866193298,0.04513380438470521,0.07086595093001755,0.08113842322163281,0.034227225718153655,-0.4576040194113537,0.9885159361591644,-0.9729057478354678,0.6685929168293899,-0.2182179757444983,-0.004787302791642203,0.09237264187961468,0.11616929914969168,0.03672079455260321,0.024586888607209173,0.0
-0.00020783371227058034,0.03726297781887314,0.12124593971459527,-0.010228033846999787,-0.06660616275675087,-0.5033827826815908,0.910856838262088,-1.01688749300953,0.7408404831073252,-0.1765699799257024,-0.19371282774437296,-0.011394866933152566,0.054694956351386215,-0.004987608438667999,0.18449604959056584,0.0
-0.12098185111054333,0.13592266606310263,0.1461587233224208,0.11147544649460486,-0.012818893846815721,-0.47619275898528113,0.9499410046322744,-0.9795467669754946,0.693805960304484,-0.19520261685109064,-0.0921533502784258,0.07592118530959667,-0.12528856178729406,-0.12058753802815028,0.30105873416388096,0.0
-0.07488572524436071,0.05355007952228283,0.19498927973405164,0.047396942035443215,0.02502190494407431,-0.5089873818600503,0.9066166891460596,-0.8681282321025007,0.7007031911283731,-0.24138040677154657,-0.1332412723275916,0.10262393481093238,0.11148573368094056,-0.03541928667124295,0.21377040298135283,0.0
-0.14854140007421532,0.12888670494080384,0.08350487708422734,0.07280312976642615,-0.06211778500794412,-0.4315249330469011,0.932196198459727,-1.0598890151773637,0.6739315120952428,-0.15452871642020827,-0.16069396420050175,-0.01095126468223856,-0.08666818597618246,-0.07049808372335042,0.11257977993175047,0.0
-0.030066701084353123,0.03226958718552454,0.11082434681859323,0.17902144898555228,0.12399550234776903,-0.5237560277613925,0.8848615504515366,-1.046961738632392,0.6181972087672738,-0.18166665096900497,-0.09730549781098967,0.08001134043248855,-0.08371492903148986,-0.04055412093984207,0.1057252110668984,0.0
-0.083090168535599,0.08371314425205367,0.12339395419839444,0.14623967755598755,-0.021883832288563988,-0.5343761785411311,0.9420742188265847,-0.9313459632991753,0.694118309028265,-0.10331095163061069,0.002168834682617693,0.024468121800960665,0.06295496508126042,0.12921943840633382,0.05331683405409743,0.0
-0.008126994276059327,0.12253982675511399,0.09050901000317002,0.2034765316351671,0.0009266172238443331,-0.6253980239008246,0.9847994841079728,-1.0199191662952793,0.6343063107911058,-0.0710525444782916,0.2356160492113743,0.09843598703128557,-0.040440828610022045,-0.03412808672746308,-0.012376685185836414,0.0
-0.06113004021399573,0.05641532164461686,0.1743527266412895,0.1856580099890113,0.0582725771748286,-0.6029510719581973,0.8970661729231837,-1.1020838189546454,0.5595161537708231,-0.1048933863670351,0.06690041678908579,0.04869322693665654,-0.050047627669177176,-0.03726181690320189,-0.06316775753323542,0.0
-0.11795486447929143,0.08423352144569657,0.15939207506479677,0.03408108861546939,0.019737582665128723,-0.6546374701979583,0.9290523900867028,-1.0359860608552158,0.7377970819588128,-0.0757179262257911,-0.16521531708569046,-0.11729531736503107,-0.03165257376620644,-0.07711425064338046,0.05158110829405469,0.0
-0.12134901457680355,0.06365633748597947,0.031055794475689152,0.0393206344820719,-0.0632685583880311,-0.6016162726139331,0.9807561443409116,-1.0307306060403285,0.6963642397785639,-0.06580701117022456,0.026902793565239114,-0.09915151184448323,-0.01574131598688776,0.0788039817466917,0.02217207836469751,0.0
-0.0008157352478172369,0.052379541924955066,0.06948294067686438,0.0586854310476437,-0.0650461894537524,-0.5834392068412187,0.9047319428101216,-0.9997207345819991,0.535745470617946,-0.05431245034050805,-0.05597571971302419,0.03367416569912721,0.01019950520022335,0.021612292055116722,-0.004097916548491211,0.0
-0.13412350291380146,-0.038367402769497794,0.14846037800265688,0.03337877621158615,0.07736012658721837,-0.612782333150943,0.8923732703655499,-0.9300177440354161,0.6533169017685387,0.0018997061316303361,0.04057544445764236,0.03698881506404135,0.045449096863989374,-0.03174987147053352,-0.1019258803944213,0.0
-0.14773232892288457,0.14023937947778392,0.04894947931333664,0.12178517211911627,0.03097405896384489,-0.6514384722002527,0.883395438276661,-0.9516806782474222,0.5949984137178754,-0.03653062784657561,-0.143627512195273,-0.12438948763889851,-0.039259409609039383,-0.00462279424645921,0.14424888609945477,0.0
-0.04192579275827352,0.07693473905476837,0.071522882535592,0.15542022387272356,0.032849340705757825,-0.7081214431790142,0.9621038456976542,-0.9253601490037048,0.5245917124549724,0.07312561053572406,-0.1236954988276462,-0.06785773892531283,0.01192262053978992,-0.11056644642330377,0.03445483597458501,0.0
-0.0827657224455898,0.09135619606864145,0.14959586929708263,0.10073364467156488,-0.013041670304782359,-0.6957979533330334,0.895062224392949,-1.014224583630777,0.573176984252983,0.11329731957493054,-0.12910175153415537,-0.10369254543603616,0.07408887618525446,-0.23015527129847507,0.03628589726808095,0.0
-0.16966755125982974,0.0521914293041113,-0.001064132915177346,0.1491673181445064,-0.0398625411123187,-0.6587212769305798,0.8421523136022463,-0.9652824480796576,0.5569360428759998,0.09031753383481689,0.0230391386658437,-0.23123256956864205,0.015374023957811095,-0.29296495054230703,0.11565243842097098,0.0
-0.049213699260770884,0.057535065934130256,0.16074825968247158,0.12566457863796437,0.004905255748681708,-0.6394509619475991,0.8280033878123201,-0.9384126739189242,0.5261207601097393,0.034036738379345496,0.06043956273985168,-0.05159590584011636,0.015230821706680579,-0.219016199100016,0.11929663393060821,0.0
0.020262016963411733,0.016045225230566534,0.046029169949198284,0.11661674521064418,0.017806985880807702,-0.6470945703440466,0.9021016342877631,-1.063125842710332,0.5238333729362831,0.03604845673276426,-0.0347141047810681,-0.019636352410532902,-0.00653516979574773,-0.23055889222154013,0.028476037069191176,0.0
-0.03805942883105816,0.009700552663950965,0.10864930763269247,0.19135803126966866,-0.006049247842609188,-0.657312596716123,0.8590549145913352,-1.0939985185081407,0.46956294879848676,0.06321312485841041,0.03914999757716105,-0.1712113421185064,0.012832442816221548,-0.1295810215030332,-0.12396212062045264,0.0
-0.09152301487567217,0.034456781824712984,0.040728223136117125,0.09651546770824584,-0.04739407451692915,-0.6321082613104688,0.8301739591217496,-0.8321637955880756,0.5573797258305202,0.11982811803625706,-0.11986222157306432,-0.16836584792630438,0.06415367966636701,-0.3131058007579074,-0.04946656450686859,0.0
-0.15243253457023714,0.055333963621307894,0.05701005868348989,0.14115328828734086,-0.10968254386490951,-0.7377054852483392,0.8486371686932842,-0.9329628064678329,0.4848405564360073,0.08467283649829331,0.011279095293024455,-0.22628554398351913,0.18515576450252708,-0.2789605896813432,0.06125514117606855,0.0
-0.007171293937082018,0.07720673289753982,0.16748756324263175,0.18146396914451063,0.037836857177260416,-0.7258512016209206,0.7837632658741746,-0.906241710527435,0.6178362495428816,0.099513054330003,-0.003107699963897292,0.0465440315029102,0.10362650268354923,-0.06193761707294626,0.0004870218322587522,0.0
-0.15949247367436065,0.10513697868194823,0.149533379436323,0.01661335115798504,0.016273580518843266,-0.7095439472513545,0.8302947134955875,-1.0186487234907395,0.5180865052954359,0.19520442859711762,0.12190767394538055,-0.03302157849844744,0.05788191929936236,0.012428841383811472,0.07098085649242727,0.0
-0.0695015399413174,0.03570274545388456,0.08584127977937131,0.19902685017201466,-0.07764582011677676,-0.7893620489231524,0.874542549013904,-1.03438854487736,0.4152463409514552,0.26047220098348833,0.12975954716002994,-0.09357010377575992,0.10111347166252144,-0.08167468302795011,0.19924056700656076,0.0
-0.11679396896707706,0.014318230536807572,0.11459689347162981,0.20577176891866575,-0.02743732753890527,-0.797384049128256,0.818678246796572,-0.9025081986927073,0.5971144341381691,0.21039896447820394,0.22913029156444703,-0.07167749653886474,0.11079582845067737,-0.030394976979570523,0.25533557623607517,0.0
-0.049565635258914525,0.12176976466943464,0.12849431090505575,0.13448447537477426,-0.013287549013523197,-0.8078718226582481,0.8773630201622068,-0.8720895593486759,0.5058934226216476,0.23694998339090667,0.2988607749722915,-0.059250575966904556,-0.10730502282133092,0.09557314386006735,0.12254373096090182,0.0
-0.15471117901210252,0.020073414430041236,0.18154997350384283,0.18845308205089228,0.014585465499411417,-0.8676048999875052,0.743822084998462,-0.8856623879281186,0.4369905616400398,0.35918659632137007,0.26972586534960563,0.1288302031228062,-0.1423630156492315,0.11652065782699933,0.12499185767524149,0.0
-0.11086279881160034,0.07622736986689337,0.10791981641081007,0.09436266695787376,0.009519173675478661,-0.835394684340896,0.7518084300178394,-0.8303252096751704,0.43585070398627335,0.3583502323136039,0.1855087642631044,0.06850794074973408,-0.06151799421701044,0.23613218638205524,0.20420960041310943,0.0
0.01985898784931535,0.006957119387535071,0.1585810479879616,0.06258139847979816,-0.07875344455340236,-0.7867054613746618,0.8497961871374408,-0.9096587561589448,0.47749370472616914,0.2186490279055468,0.04267833579406177,-0.03624784328148587,-0.01952903081627739,0.07189969409728969,0.13984151212087684,0.0
-0.09668686854858097,0.01379687086083399,0.1331422865526038,0.08121606673275694,-0.05337891897745487,-0.7858627680392254,0.8001336523282405,-0.9496933838828454,0.45033977022768024,0.3333657913744644,-0.24466362356224178,-0.09989741789145572,-0.052246764387658365,-0.054813638160064,0.22177268359443578,0.0
-0.002879030436507571,0.06862563622629851,0.2780832086030415,0.10497104898149899,-0.015269519049991472,-0.8797636142780075,0.7830325803135015,-0.8557581690254749,0.5219515669983037,0.38985114239881824,-0.21822093718275942,-0.1504453581593393,-0.08964073293840107,0.1782162298063114,0.17285359137956752,0.0
-0.14749000021006503,0.14354842043790322,0.13632364065300176,0.18308434332209084,-0.0744024597874262,-0.8295669598393474,0.7478778116507104,-0.9112114284679806,0.45689563818053297,0.3009865878703066,-0.03928646266859309,-0.04438082695812369,-0.03193927852207598,0.06233058476449703,0.11542499643006272,0.0
-0.0437438874913543,0.06973901270597846,0.13359051949900785,0.11529999510016181,0.08190124687241652,-0.9262943081395099,0.7605956954369961,-0.8800190049950238,0.3733507243141142,0.309162984891906,0.0034043158179828947,-0.140210732493398,-0.09263200588378219,-0.07100204883150393,0.16735921607204496,0.0
-0.09287361182561252,0.012378427494989366,0.18810882836810916,0.122634068780848,-0.09541924446141362,-0.9431510438740672,0.7894194643977881,-0.8973087665301958,0.4755193546460931,0.4006388055738175,0.08913023364933494,-0.17475352920053736,-0.2597629525225988,-0.10299254296678904,0.1934910414720297,0.0
-0.06753684957050728,0.15328446146738567,0.15350220809657372,0.2483268445116306,-0.014153469475557161,-0.8754560583646903,0.7175698383085627,-0.8398731548788806,0.38124218175768604,0.44537931920366064,0.13586089268370247,-0.011094282879168166,-0.24753214619963348,-0.009065628325398326,0.09971975696807467,0.0
-0.1038348708645894,0.05564667139627423,0.0989737069098263,0.12389184705052302,0.028935642594808318,-0.8482463728890929,0.8202194938341448,-0.8293518341736396,0.4199889392966706,0.4069218862065147,0.12166634637274276,0.033324973635805055,-0.2737946475623248,0.1971332617014217,0.030416846897848418,0.0
-0.008249828077615123,0.10731891833745583,0.10861170867396482,0.22724153860399599,-0.051453956028732456,-0.9794999008720159,0.7300966779686677,-0.8261119003116156,0.4571006470107172,0.5282274850750586,0.2315782503756971,-0.12397067219804694,-0.1969520054310402,0.10954215914655724,-0.026141486986677613,0.0
0.03488407084589537,0.18637637289796788,0.13768961237900812,0.14863243473747567,0.07327050910241417,-0.9376851541873369,0.647392716228142,-0.8738176769872671,0.43700227326513696,0.40470563006667537,0.2566914558249067,0.10678549278417969,-0.26803109175766815,0.22175379349697216,0.04408293196104139,0.0
-0.17723821728670147,0.000748595412796732,0.14839269530661706,0.0823802739946394,0.06802777746355113,-0.915689092218317,0.7258212766039216,-0.9248689054300886,0.40026645380010106,0.44850328606613993,0.20464273126078378,-0.05769433036468051,-0.15541684161263614,0.1641789820037394,0.16478737447388148,0.0
-0.02979088287622944,0.10662564389037386,0.12085106027100956,0.12065615027539141,0.05568492512171525,-0.895548902356325,0.7380667685035875,-0.938164411537322,0.3282699160240812,0.4209776665747199,0.07216260181440995,0.044529335147533176,-0.25853104284535006,0.049621238057585476,0.15908880180503843,0.0
-0.12015484588274725,0.12935083049338275,0.13964914491152525,0.11148535591879005,-0.02801171270333429,-1.0306421425345875,0.7242189350794298,-0.8048733429016044,0.43240897067516254,0.4679237058318084,0.14088882880758524,-0.02411443275531704,-0.1497789211734337,0.03770216762871274,0.21117172878530993,0.0
-0.10820626069777761,0.09826313816603836,0.1756972604826098,0.12506508737668587,0.024917738541095157,-0.9180368518829274,0.6989350643319906,-0.8349024443630773,0.38910855222821245,0.48535643374250426,0.09627025134509679,0.022934502062517785,-0.09362287122429545,-0.07096543331724067,0.0317187296257562,0.0
-0.08208374341032783,0.09750533731674238,0.11116459946030363,0.000489150404071631,-0.04481177727845046,-0.8734162900924387,0.7306038426585963,-0.8322488314692367,0.49615408107463926,0.5179345893023901,0.1360989304595066,-0.11643304681699697,0.1628248571406306,0.100760368549898,0.10933436779442153,0.0
-0.09827807935588245,0.030528498999028084,0.21650709979729796,0.1696341700564224,0.05883468355756772,-0.9384459707769193,0.7329324770067144,-0.9246757742840915,0.3020686449142691,0.5822898812943187,0.15204340948259246,0.1026353119174459,-0.030181816482055507,0.16176412648910415,0.08159216479430625,0.0
-0.10523189801864527,0.06282227028750731,0.2054830683575138,0.06615496249824007,-0.02196225000775252,-0.9261642332586056,0.7129346325377237,-0.7990622623601897,0.28934948599577626,0.6009068864741853,0.15071212420607205,0.09607365334111262,0.030948733296513244,0.1805956833392398,0.056679396045817634,0.0
-0.07754962503919983,0.13108637981628726,0.27101651981586816,0.04971502162844656,-0.05335010342915967,-0.8888969043765977,0.6617659781215978,-0.7710782620808893,0.3537420703386489,0.6842905971736972,0.1628974810652315,0.16365088687101595,0.04111609636025271,0.05065215123022612,0.06651248201506062,0.0
-0.016392709586645876,0.05794601278063003,0.12171888791308769,0.20668887756484944,-0.050620457208787356,-0.9702598681817421,0.7163837875880106,-0.753728312206633,0.2597298845681801,0.5730043723244844,0.19956589970471858,0.09188279202704812,0.10839938524776194,0.1409901099711468,0.21518900766074,0.0
-0.1316237899035994,0.11526951891491811,0.12471477363087748,0.1753073753299822,-0.033790264960923286,-1.0255406844609782,0.6766086706141661,-0.6995356136052165,0.26801146715217655,0.6574641211761989,0.19992436946849984,0.11544682296157147,0.1804423241658965,0.13724329367157642,0.18538199273954967,0.0
0.011465208158043153,0.22451929429533396,0.1752969434459691,0.1479062421311145,-0.006347640834044857,-1.0435482794543713,0.5568052328271794,-0.80265510528172,0.3019843262472404,0.5330700741677907,0.05389509920862487,0.20941106604405094,0.08474847391409898,0.09720363045024823,0.24909379571976004,0.0
-0.09169044736642938,0.1255226760844006,0.22340506359612083,0.08220482717068017,-0.010516574937514171,-1.0342380069031594,0.618290831164118,-0.7160218500483346,0.2502509611941874,0.6636110521507541,-0.035524147713764435,0.20960263248709848,0.03999361691754605,0.18214096035578944,0.15797596523818122,0.0
-0.16291267992359587,0.1293051100941652,0.1443461497281812,0.10409343163703047,-0.0885143543914258,-0.9836089487940193,0.5457075810090224,-0.6587548038001333,0.30883885383254295,0.6450435036612211,-0.060306513969135014,0.19085414405765222,0.046928610878661216,0.09502817557931074,0.2382977050220728,0.0
-0.17127522154843425,0.09711536826959814,0.1345891412845192,0.13860073183439653,0.008380713417454888,-0.9474133630768566,0.6569051427308222,-0.5858717935998368,0.20520760465151874,0.6895427321204571,-0.17283712380196442,0.007228992342651078,-0.1638903064473537,0.15065560597843067,0.5300134129076892,0.0
-0.10883863374919009,0.13929940447991296,0.1895250577258413,0.10509338552190328,-0.08533432558542561,-0.9453307147055451,0.6274229169323191,-0.7755189337638146,0.3478514477110813,0.7513465398417281,-0.02184134569474523,0.07930529318652177,-0.2376059112018406,0.09156516393786521,0.3096587500314016,0.0
-0.07374747022822076,-0.006007889750179574,0.16345974631216076,0.11272362170995562,0.06632422212032263,-0.9654119925052086,0.6120478094069736,-0.6986917020437945,0.25467543235421614,0.6280123187096205,-0.013217014856646812,0.0467543309377398,-0.1771841540545028,0.03600385827773358,0.1906168305043906,0.0
-0.05947184175919716,0.06959598140670828,0.10059430748036441,0.14362762934988246,-0.03401565561779206,-0.9639846429807486,0.6428528535616517,-0.686101141996684,0.21215847738277788,0.7507145511575353,-0.013950952574027418,0.02816808571619061,-0.31501891463456416,-0.04818041322207768,0.16239587801044994,0.0
-0.1314269495445533,0.05657901723581189,0.26810741770155605,0.19193802267585475,0.004042230893608381,-0.95820949883069,0.5495546250012817,-0.6998543952419904,0.17824030884953326,0.7402427158024355,0.0537754542445361,-0.045816878581481035,-0.17558429219863597,-0.13887001587041398,0.3597168412339724,0.0
-0.10862883117759847,0.17756658922992413,0.1353773491994525,0.15491244137542215,-0.06806572226719831,-1.0111926273433707,0.5753780962419828,-0.619635274290051,0.15957098993589128,0.79822852104327,0.1139276525111301,-0.050963380033018306,-0.3342414821387628,-0.19664154242927015,0.149512300228861,0.0
-0.029029546229058373,0.09880497437452336,0.17915838710468696,0.22484648136855995,-0.00024856606616628814,-0.8162277532390567,0.6269114902236105,-0.6468843724095923,0.20685676595512376,0.7436374816743825,-0.025686058715621976,0.031368345301784305,-0.22929912982088593,-0.08763732522202634,0.08164934016834163,0.0
-0.0726606155715067,0.13747624005242276,0.18285123979129989,0.18366347299147553,0.04021702760024113,-1.0546953332524713,0.5637541231505778,-0.5849994039070853,0.1608022126184443,0.7687993914073277,-0.03882085084395433,0.014107974366021955,-0.20444118230116098,0.03280955601430207,0.18725148840529993,0.0
-0.07032446715777911,0.07362930977723083,0.11108809448412534,0.2310945046712397,-0.02912192341338004,-0.96037653281749,0.6464247801754502,-0.553634653486115,0.07811001614219372,0.7426319451183104,0.0057395601697923584,-0.006806187177406282,0.06233638470741906,0.1090071061640574,0.21764343588495136,0.0
-0.08639876171568903,0.10528674832843911,0.19296551693449765,0.17297302829032915,-0.020858412627523092,-1.0373237102451642,0.6942736245205494,-0.6252061134228799,0.20420658469002217,0.688508000452069,-0.09812536500714651,0.028125822702809708,-0.1376925284899668,0.1892271188287229,0.10568654821295156,0.0
-0.00038376138518837755,0.026070252584319567,0.18261712983280792,0.12060231451496345,0.04800446352820022,-1.0440871580626934,0.6035115184682572,-0.5069806053045954,0.08982532152548292,0.8622647164941376,-0.21312144573636777,0.16122138009594994,-0.014958066500868061,0.13681805432643288,0.13014466748005263,0.0
-0.01729709272622868,0.1554000521991563,0.15728304041789254,0.1526628181008895,-0.009282587164531269,-1.0585383609488037,0.5364753889361039,-0.6096123027523739,0.23152867268452162,0.9005786161340655,-0.23928314668744874,0.2075128297779489,-0.07832774593420047,0.039675589529858855,0.11503446103642241,0.0
-0.08305250597750378,0.1608371015340031,0.17407691849359513,0.216555442890499,-0.011470646846715518,-0.9612668631629369,0.478136276547602,-0.48022814059122354,0.21027423267622286,0.8124082498479634,-0.011697517495945775,0.14225314527249136,-0.06861120764812756,0.002911789792319857,0.1993233699437938,0.0
-0.0930167521464159,0.12486827275511155,0.14452496731304112,0.14793520235880975,0.0697607211608329,-0.9680540754965892,0.5131974497791494,-0.5605049056709605,-0.0027686197088595266,0.8661761075378356,-0.05420001879221516,0.06107686422459625,0.08791123592942268,-0.06062656046706943,0.04467047639944781,0.0
-0.10861263339184597,0.19784616259722015,0.1781409479269316,0.18021165864064811,0.06684125114207162,-1.045705201768719,0.5242713515503574,-0.5195093114093658,0.04804308911899925,0.9120312754934448,-0.012931491205833902,-0.07547738698066048,-0.07883966142070963,-0.04765911887396065,0.1296974445700056,0.0
-0.00913662183711468,0.057302051399358386,0.0951328803599786,0.21663864031340802,0.010429122210441226,-1.0168433384911224,0.5612477372534912,-0.4365617257599627,0.04941384739092258,0.7354465807584282,-0.0657875161830388,-0.07247534476775698,0.038733013084533065,-0.014858893799164215,0.0142767446439475,0.0
-0.11070240535059714,0.0630165930171325,0.18928258607296583,0.16975276229285904,-0.030743669225427712,-0.9255013434429362,0.5564654039480657,-0.5295484199282149,0.10990167300313523,0.8513987186893861,0.09935654075037981,-0.01767737910269249,-0.1939961571704386,-0.06651733749618956,-0.201646380544468,0.0
-0.06347132765854525,0.08347542989281166,0.24399905148143122,0.17520780694213078,-0.0012275565653918537,-1.021141102465354,0.5126274867574505,-0.5372485416257329,0.1624324729009632,0.9478429822267244,0.09223033317964405,-0.04933726659272292,-0.2169926076694636,-0.3017348690534233,-0.1321088498246897,0.0
-0.07552752417812834,0.15297683618382057,0.12200651053185776,0.19673890589116147,-0.07386730328227795,-0.9909843487957734,0.5320334200459566,-0.4641293827091113,0.034895619055105125,0.9139117608745901,-0.06503864364293842,-0.13222631470713023,-0.18548922965628747,-0.14360259222776017,-0.04262053442842938,0.0
0.0043548709395428015,0.09822862968102647,0.16649884052198488,0.10343785140290708,0.13944773268756042,-0.9679336536075315,0.5366719679065796,-0.46854012927166283,0.1146966163262355,0.8954993994014421,0.006299242484953095,-0.14745075968975085,-0.3175212534399471,-0.07451931076482916,-0.0971845068439284,0.0
-0.005007939173669304,0.15324075865119755,0.1312651388221226,0.13682130214334948,0.009623193407083097,-1.011407036193229,0.5213745146254597,-0.37155177313130217,0.002108359561675141,0.8888481847023922,-0.0157399135936016,-0.10149780067394729,-0.20482055648919578,-0.15473127670534995,-0.01105900700903513,0.0
-0.07065817171149687,0.19018740579363563,0.1765713953883655,0.2850355530575225,0.08785210710049043,-0.9645590396415711,0.5048593721087012,-0.35431996552798267,0.08119951300767728,1.0290523994079122,-0.11590590860326336,-0.16897381153863236,-0.030766066401468617,-0.1681130505670291,-0.1480944473520506,0.0
-0.16545543856441836,0.06870788617672993,0.26475193123451435,0.18123916027191117,-0.029231317819765408,-0.9962130221117531,0.46739764145984,-0.5012177195680864,0.052861598864356804,0.8737241448637195,-0.1145003703580304,-0.006239485681538731,-0.13854393173981489,-0.09041967968993526,-0.11057458797698562,0.0
-0.160676451556458,0.09666707140745821,0.15091783846723494,0.15361302210273395,-0.0657236437215003,-0.9858317228062533,0.46600445938823065,-0.3690374610947377,0.07756334224219784,0.9268354236000043,-0.05614623190746266,0.04902293301871487,-0.008380229045435242,-0.015296535900683007,-0.19038541105997403,0.0
-0.1325451593202811,0.04481169042465284,0.21170972598834764,0.1962305171947316,0.06332110456610698,-0.9119161854583676,0.44000775351671834,-0.3088236370956764,0.0023593829380355626,0.978312516193466,-0.0033093663586028846,-0.008076167537682772,0.010240585413431019,0.0707573417651766,-0.06319846654454016,0.0
-0.1099817375615574,0.07579819576217287,0.2167523527423248,0.18628855173188155,0.07629414094100637,-0.9477638180194202,0.42220553501920194,-0.31969559747398274,0.04930060197337422,0.9805868786295755,0.17085842981719127,-0.2360281964644385,-0.11800056989839527,0.06611789704552293,0.27324685522060993,0.0
-0.018850750196976455,0.09351611551215641,0.27828642413643606,0.21362970813208582,0.014768698922339887,-1.0192176181171195,0.43520113522757914,-0.25697761918808837,0.010724133630083392,0.9827701616384328,0.17784645812404293,-0.21240988442868136,-0.02231036167342583,0.1968842604764286,0.20783896127856313,0.0
-0.10118099246722283,0.09591501652057113,0.23314120315618597,0.145486294004554,-0.06948660737019743,-0.8425742844403555,0.3142872455646565,-0.3920603262944327,0.03095907826808836,0.9634906898581639,0.29517255771512674,-0.15467941197948126,0.17197935611067539,0.02336665890446206,0.01372762659509516,0.0
-0.03522831709669586,0.13539338571676238,0.19050295764542335,0.14706149856748915,-0.04863578092864307,-0.8655473955934851,0.4269921417481832,-0.3346992110487265,0.04521443203101657,0.8866364366354336,0.33167669733224714,-0.1754155233410111,0.10410515432344056,-0.04145404440774962,-0.03247381925368046,0.0
-0.10501747847171071,0.015733264353709697,0.2434099911262098,0.20171420018323144,0.06915117880915075,-0.9451315616351313,0.3798291384705365,-0.2434307210835094,0.09740794750924889,1.0293129914977817,0.19255640717086403,0.11697717378639964,0.1708880435533052,-0.06288035907303736,0.057125768745354154,0.0
-0.02737125848669631,0.016746558176906026,0.23938007136113296,0.25566945915079586,0.00012160346419586975,-0.8835461900731095,0.3490264562669779,-0.2550696332132504,-0.047578365476429935,1.0819253206741957,0.06828593678320222,0.19549285659629898,0.09889147102462134,-0.1312151307608304,0.18417931907238863,0.0
-0.14920829164347488,0.13835972362276897,0.18747124077436744,0.1802035478981362,-0.005130412390700557,-0.9170751561809861,0.4262661972574934,-0.2738493241635234,0.05295519083817989,0.9373567648568227,0.07740025196375747,0.18022476283122885,0.2517378011751464,-0.03620823519398213,0.2277153440386359,0.0
-0.06115062795149285,0.1260292678059567,0.2756108325035731,0.22054866433902562,-0.03652076909434799,-0.965359504613229,0.38945494279890974,-0.1758040504358358,0.0728333535176911,0.9440474773091324,-0.023940532900753028,-0.06230856349210179,0.32458762064054636,-0.056914450165252525,0.3215571338466904,0.0
-0.12460150108998594,0.14276977788400974,0.22490571447646904,0.1682198751851248,0.006111631106289744,-0.8164239851620945,0.29134634454979597,-0.2318194773959767,0.031563899862130526,0.9778061817152125,-0.034318173911132135,0.04184575736450518,0.3396315040578652,0.12077386766539333,0.3149354684185395,0.0
-0.11662305254608159,0.1080099338013925,0.19150668116601174,0.19767165148169166,-0.09054205322231638,-0.8640403975392278,0.3877279136828441,-0.14341343771178586,0.007325081571290637,1.0056733826412176,0.13054392109137336,0.171723425316131,0.372923933020284,0.11895500637782486,0.37989772985345494,0.0
-0.12998026413950386,0.09225732864925419,0.19666345832275342,0.16195936053178472,0.08382565997900199,-0.8398763506379654,0.24791405442023745,-0.1667828123370535,-0.01951353091226682,0.9950537411458593,0.11776424046055659,0.020147930417732038,0.31886110853868055,-0.11478559248183033,0.33095905611566445,0.0
-0.08809054108926057,0.10667467749373846,0.26630076386216006,0.1422657805108793,-0.0470868861564399,-0.821760491433686,0.2142243519500431,-0.14208590572916732,-0.08441986228761438,0.9684750940896988,0.030144239659025046,-0.016094035051514598,0.29964911850264303,-0.22943369116982446,0.27549139477905604,0.0
-0.005866041939324926,0.1393811070684427,0.17722294304040118,0.24226045818427844,0.11157660906088533,-0.846972807663405,0.32680495018162015,-0.11055255458493254,-0.1803435457082526,1.002899628466564,0.15980836228683276,-0.26248199096031904,0.24216147804393653,-0.02388242087705847,0.2287097357411574,0.0
-0.03162600155188661,0.1663696972183052,0.12918764063283927,0.2033066235998392,-0.023243709015664596,-0.9137850413511817,0.39425646228507777,-0.15254678771600444,-0.13800656142342405,1.0429158342687972,0.008868652920618295,-0.3775292340251567,0.15909594105679278,0.0666359759134896,0.08518526746494594,0.0
-0.08314083059642596,0.10466450407031908,0.1893237513297318,0.18704806668357477,0.08578039570729033,-0.9101981991469644,0.2433261496532378,-0.1353321968522482,-0.209801183324486,0.968814566217174,-0.06136977362860374,-0.09784483657694032,0.2230060441861783,0.0038358234151577297,-0.010407256227093972,0.0
-0.06755129483424341,0.14023277648701338,0.2297442327869942,0.23758073063776053,0.059480058595356974,-0.7685745092579506,0.2325612327037493,-0.11882058369778528,-0.09757467093052304,0.9432259820389727,0.07699659082206875,0.08144111873507622,0.10511417258111894,-0.01227047367765537,-0.06538680613318909,0.0
-0.03895961826504939,0.06574131863847332,0.1921084424603647,0.2521511250398162,0.0047773041662335465,-0.8460402378467295,0.2626197100947549,-0.07384438098344585,-0.029447079376279384,0.9317348826182061,0.22561473764817236,0.15984567914581374,0.08739894611675883,0.10801371082565168,0.10889100617948637,0.0
-0.08074338993676097,0.12368442856708395,0.13432529165096996,0.17192232430137225,-0.1523055530625676,-0.7846412139336862,0.30205070404354506,-0.026133263316668032,-0.14806522370265554,0.9348853055330826,0.10249094880376207,0.2142598342799915,0.08378503408672304,0.16676478190090738,0.20240582828483866,0.0
-0.0527369615454438,0.06394492918990696,0.20432910152523273,0.19949944836747965,-0.05864837865647911,-0.82627903101288,0.3289614473805128,-0.03143688244577685,-0.1746321213716902,1.1045572136747677,0.2921445088547819,0.17297236804897873,0.0868625965193858,0.027115871565210184,0.14566400589891532,0.0
-0.07853424433875973,0.05818525355083865,0.2416385449558932,0.25390581454544725,0.08527012382826117,-0.8133373251279458,0.28192355507343503,-0.03405303619551974,-0.25724168611519416,1.034331835843845,0.3017513902436689,0.02534641965301483,0.02192800194755662,0.050000089695608305,0.30703448262644784,0.0
-0.06219824959996388,0.07678546388406116,0.21240716855953698,0.2556380802306707,-0.012914898732860492,-0.8278260196506287,0.24606659880821502,-0.01964040799546799,-0.2438808680649165,0.9859432501070089,0.15238049840615417,-0.10990101374656142,0.16108208477116037,0.09221580702871669,0.33714708917081515,0.0
-0.0483441126571034,-0.016734939128245488,0.18326251818390604,0.14663784339132693,-0.07044741373276772,-0.7448984777267861,0.23632836919476927,-0.10869202084290386,-0.14705003356254306,1.1748733270548612,0.3502373014300162,-0.07289935729137807,0.19734716010602188,0.25271522915287814,0.08659971955292009,0.0
-0.16456795121875156,0.13308576575225187,0.23719518858534858,0.03194752010524993,0.028992836859607796,-0.679863707461219,0.21617563235523657,0.08273951590575854,-0.1089715780779314,0.9961054605760543,-0.001110528991909665,0.07743967645910386,0.1503612196300754,0.24449521817958492,-0.0038603262140380207,0.0
-0.10920657136768341,0.0758236644054309,0.23362896400393976,0.13255834942943495,-0.036213699445765364,-0.7817696655967458,0.14707883413351822,0.06313868419913612,-0.2874626683476077,0.9922438199704522,-0.05342075787953511,0.08016047780206718,0.09716871834002727,0.1485924717018225,0.08595548420530767,0.0
-0.06073953088993306,0.09311801801191927,0.17830526372945507,0.13368125035501638,-0.09936374921908514,-0.7767887937716098,0.2591631833949518,0.08003789866995005,-0.20286269764105522,0.9650005634596436,-0.1440251265586766,-0.08294422568777202,0.13102432763283448,-0.04270438541543535,0.1268269632605542,0.0
-0.1086289194988706,0.05767809323233124,0.22471942576624085,0.2568843196979938,-0.03352247712772666,-0.7092012787949615,0.20057613005621086,0.0933507557884599,-0.1507072440975994,0.9852503147591696,-0.4067146641717505,0.06068248138968106,0.00697225625310724,0.03155638300630689,0.11732351164123142,0.0
-0.011582894818122566,0.12647529153258585,0.16274439919500727,0.14586720458220007,-0.07923311689193673,-0.6416642348998968,0.09868770715279113,0.11740399692178079,-0.22636591049885627,0.9874249164721618,-0.3235554648367391,0.20810562613699382,-0.06072514260410707,0.06992374244835085,-0.0026437269985509076,0.0
-0.06492223638937283,0.13389576138110834,0.1683480268126776,0.17408867984825854,0.002630283676114585,-0.6500650270606908,0.14846518866714334,0.14975881959045279,-0.2816340592123669,0.8649770046838737,-0.20959302786299544,0.3108528248535454,-0.043847135225069826,-0.05381004561190905,0.20249982288386,0.0
-0.11618328880481245,0.15255259670872712,0.2759064277886599,0.22353657897442808,0.05490254171651648,-0.6958026816519685,0.15095361526605672,0.13669092967887847,-0.17510587392877436,0.9431803363338593,-0.29827113922032716,0.13246264928866916,-0.007318800062842301,-0.030837778812042728,0.17813766259504388,0.0
-0.0938686010124345,0.15415510754307565,0.18196587558703597,0.20447396409620983,0.01667464437483094,-0.6652515431243523,0.22064224244268832,0.07362345123630197,-0.24560567523639198,0.9526511698579035,-0.3120263398759393,-0.02517773927823988,0.03034650660608522,-0.07212633419566605,0.09336458718046747,0.0
-0.08424350977439102,0.1524198223859848,0.25896369505452815,0.12947108908353128,0.04801918347647451,-0.6534960177231945,0.2239088350781873,0.2874857638306383,-0.3161982147434993,0.9730978231195059,-0.24430005261700025,0.1211073371601611,0.07682999444152645,0.027880558441639176,0.08850755191257728,0.0
-0.08883026285233717,0.11536338689368979,0.20479619981740776,0.22520780662374562,-0.04523856133557593,-0.6382881459212593,0.2072860407391906,0.20318835736240923,-0.2039473550160915,1.0036001303001147,-0.29027726545353355,0.07967655001704074,0.033724448672072034,-0.07785335530121713,-0.0952263413619631,0.0
-0.12020028591130778,0.061544199335064595,0.287612811969167,0.2785393416829998,0.11679665667207885,-0.6827733397457553,0.13617488588178897,0.2104340625734299,-0.35089052831932643,0.8889918809542845,-0.17481074464598068,0.14052141135734636,0.032062482458549785,-0.19523564611588434,0.11829722812071083,0.0
-0.020840236440394892,0.11389407896807237,0.2448724187003774,0.1068689909145457,-0.02255229080963568,-0.5758329501772584,0.16354560165085721,0.18334940873944416,-0.37022196159359133,0.9578946474842479,-0.25891857360326975,0.1325840453265365,-0.004385521050967966,-0.04115624810813526,0.13688557430059856,0.0
-0.05337797234494909,0.10690397215992552,0.22100242969138026,0.22210793751876476,-0.01703084450110621,-0.5940313780697722,0.11936135732884434,0.19124721821029206,-0.33224356170792113,0.8779907133969979,-0.1578104629317971,0.14584524988175201,0.08768373019700054,-0.09807772526959646,0.15117259612940934,0.0
-0.10908431820917605,0.07783442790446177,0.09742044498342693,0.21774599417545348,0.008783988131729807,-0.5821325948932675,0.059990622347854385,0.26358013444590855,-0.3044857116986176,0.9045035807049969,-0.055092034181287,-0.20804363830288675,0.10612373402850428,-0.03191175524537284,0.1986672154760073,0.0
-0.09545991474557204,0.11338738301918236,0.23520737130595182,0.17600958114182413,0.06263692912608365,-0.6564691047903815,0.02636281995623818,0.3469786455877406,-0.41118703144165375,0.9781805439918762,-0.01701656284869934,-0.22501599029269245,-0.0004299269951798246,-0.11905812183719805,0.016904304311426976,0.0
-0.07421967380990273,0.058087057207863196,0.198052257256591,0.25310345742235557,-0.02480312515792612,-0.5828469213848122,0.14500159983390315,0.3087112409556047,-0.30302920420633583,0.9049045037533522,0.05495933516940172,-0.18330066876818638,0.009601722868248456,-0.14352874496060386,0.06853491183900735,0.0
-0.10083026918481039,0.06389831817240224,0.13563265659091353,0.27578253239785777,0.08953326178360614,-0.5788068561900391,0.11530829253360983,0.32562070965591966,-0.3602976718514285,0.8923923663558513,0.30490432365584097,-0.15209948113610067,0.17815491309665632,-0.05265185720106341,-0.20472975906025942,0.0
-0.047000896440090235,0.1650515423834067,0.24810840475631915,0.13773764582553408,0.027321082584366132,-0.5875666262961252,0.04702384675796939,0.32142123213421214,-0.28466562379621324,0.8850007590640325,0.4264200005533641,-0.18504850781645066,0.07585865047252469,0.11326602200646274,-0.1412288899863379,0.0
-0.07160641750426378,0.053442071241629044,0.3184872448159952,0.2492382731894919,0.04418580973000521,-0.46104222081326746,0.05692737460053014,0.3415503554427503,-0.3593586959615785,0.8994862934296184,0.3324968385619715,-0.29648550579232247,-0.15367603987788106,0.14242733769390575,-0.31921626961412114,0.0
-0.03854197977322511,0.09855715503845514,0.24265347090999326,0.2579874994446462,-0.03946554102956768,-0.5175021594318744,0.07694109912794671,0.24036920987672733,-0.29863386130305736,0.9518004914957097,0.1697786036472515,-0.06340508153964708,-0.19970974574478445,0.15407585691182235,-0.36487289711186427,0.0
0.043682417107316726,0.1000962860827361,0.20511796292233156,0.21102851024054523,-0.06089943951705348,-0.4493219581886977,0.0020909873633551193,0.3770928917633763,-0.45592476871157417,0.907783623692112,0.04802499853789839,0.17312198974325738,-0.3234477860033276,0.1245283731357994,-0.3248679170509999,0.0
-0.10069495567654907,0.17649387720382698,0.24714275075080694,0.2839666465517424,0.01516631764316871,-0.4710939447756516,0.07253295573075327,0.37980082288419936,-0.4252849123081646,0.9450680729256428,-0.1995008222437038,0.06406281704215211,-0.2835544913663748,0.2212404184245837,-0.2235165562538019,0.0
-0.04388097120958189,0.16027716872767891,0.2675539544376919,0.2733471780334618,0.05411811311512373,-0.46857149673465764,0.0724377554045309,0.36726719252998097,-0.36956221167191955,0.9082226980853391,-0.15952679753742305,0.09956687873081552,-0.049429259778594,0.05579295047101321,-0.1174188272136969,0.0
-0.10529281954451372,0.18055134929516428,0.22789393825367618,0.17336278231070062,0.02299590384263456,-0.393058773047084,0.03714472835349694,0.41795992670037946,-0.34350366883640227,0.8108053700241052,-0.2232149926596759,0.09671539499981746,-0.15105604343270818,0.1753267985896385,-0.03650897249554118,0.0
-0.029334618266522602,0.12902809019489286,0.3097390779317465,0.11789269499330424,-0.06606768413923055,-0.39926317717813953,0.10975630197403503,0.5226795803354415,-0.45909875783207,0.8629624880543336,-0.26336716064557397,0.09206302930934657,-0.11056014566383952,0.2828637095015524,0.11562605717412364,0.0
0.012320419210877037,0.1552382845488836,0.27191712097110116,0.22271538497601978,0.0031832492047398162,-0.527542128043686,0.034059128644277153,0.5401697358781157,-0.3921286442515303,0.8826713694770565,-0.16995757340273754,-0.140010388153152,-0.0668459670601344,0.2898018600741551,-0.04106252386192916,0.0
-0.031528151994207,0.176318571243597,0.2199161993037698,0.25528057045396,-0.04364027608469377,-0.3770778693516578,0.052388318860748705,0.4536771351349671,-0.38667874547514,0.8537927663363494,-0.20078749915692562,-0.07869311405681591,0.1341550133097203,0.15967673560272416,-0.1669491454429676,0.0
-0.12362263269517187,0.14259829730116946,0.33032390185407207,0.2031601309066856,-0.010946224692229212,-0.3335983731065369,-0.11078600462498346,0.5297755405555247,-0.4047734093160737,0.8499829820371835,-0.19921562374947435,0.1705940078378256,0.011980206601561794,0.037411176939932525,-0.06467589006937861,0.0
-0.09284864752116319,0.13024191278934868,0.22527344270957045,0.16088159884769299,0.15398293152305148,-0.36281067043492804,-0.016834786749347144,0.6011611496162801,-0.46010838331733067,0.7383909145228492,-0.050672852223808657,-0.02371008932153075,0.045591730271481425,-0.12112960949157184,0.009505742023579379,0.0
-0.08580673461704143,0.10680607143809263,0.17558009153501844,0.23348325044970553,0.12480184060984155,-0.3889369097425511,-0.10628191167867934,0.5596652983422189,-0.3811407815979287,0.8272851841606761,-0.03731625200086057,-0.08218272433526538,-0.06132302775194588,-0.12386140139077145,0.07972154959893486,0.0
-0.07678175337450696,0.07363112202390477,0.17535318564313282,0.25558805776995513,0.11802428950689081,-0.2812487601053131,0.02003306018571043,0.5095901027577349,-0.4282381051282267,0.8658030175385502,-0.12190783850842836,-0.19592421474386604,-0.06705966116963033,-0.0667980193353398,0.08503055902419512,0.0
-0.005174483261883273,0.0875009765780863,0.3306271409223001,0.2364065965300449,0.05875652086363774,-0.3366197931042578,-0.08775000156905982,0.5811080584216406,-0.4106407229716175,0.823806499029405,-0.07943392522758341,-0.15624299919307522,0.08461578150028419,-0.1510470188749904,-0.21009292598977797,0.0
-0.03326754721065911,0.10364926353285728,0.1715958875174598,0.21452598463073913,0.028945169342681897,-0.2439745250989957,-0.11152014942641851,0.5869541197848384,-0.37988448774370825,0.7844591800391929,-0.08843482306107349,-0.1367221485329892,0.062133368494309185,-0.06676422075056954,-0.21220408692434944,0.0
-0.1837784191382453,0.18788254316825986,0.27785087551885784,0.12130147094011201,-0.05303746200463105,-0.2975038770801514,-0.06870779154243026,0.5946433117027937,-0.46722572921872113,0.7485014197373028,0.014324967267203101,-0.13497756081451617,0.24683776302310564,0.017064246885150243,-0.08011467932922009,0.0
-0.15392486936854094,0.15631636388940556,0.23525604775821146,0.24324984246344186,-0.016094679393411956,-0.21628568581483198,-0.07592475986025025,0.5610931416555102,-0.5304869600524532,0.742948534847029,0.06099596402136079,-0.11455316446995915,0.3054373593097136,0.04373052889514471,-0.14845152064333206,0.0
0.02110191426299314,0.23304378025038913,0.3015586923459214,0.21598846062439608,0.09221438793041417,-0.2476270588730471,-0.2157297387531934,0.5526141923146444,-0.48036381551213964,0.7262464526803976,-0.10895238655638287,-0.24685070584421615,0.06910750542678137,-0.056611945554023976,-0.2340465416307222,0.0
-0.07915377441146447,0.17940214013502015,0.25952242746837995,0.20311388111948558,0.04351193845000956,-0.19892139775664042,-0.05367217138878066,0.624195415616313,-0.4667110540332291,0.7941918067294876,-0.07608297203034899,-0.1395651272281878,0.09219437289515234,-0.038630447872240424,-0.25568801390720924,0.0
-0.16540145342346313,0.1175638466469362,0.20923655809367603,0.24168214072268707,0.053308322797244984,-0.13590566998139814,-0.12324445645284499,0.6162751617312072,-0.5051185539614818,0.6963405635258116,-0.3376276880907597,-0.004268795600432307,0.1429750227202074,0.08431378016057764,-0.20197708243763535,0.0
-0.0969641477841755,0.05822645425124233,0.2753615700633589,0.28389415214359387,0.033629429589366454,-0.14822980254440143,-0.0736882047978615,0.693201443033641,-0.5112537091227433,0.6373549837562108,-0.0990514484329747,-0.058388800692188624,0.02176812385897789,0.170144020495619,-0.235579254685724,0.0
-0.0436185530633258,0.18816837804223485,0.2932341823580374,0.2167550704138406,-0.007189094568058073,-0.1094167196393562,-0.10850805217580851,0.6044592094895502,-0.47684850710530835,0.6423299522727108,-0.15350065892210063,0.13383158844576043,0.03659901383746277,0.20829876981795903,0.048387367571735285,0.0
-0.06797908813212665,0.1999045771759389,0.25588426373493117,0.1997523120349097,0.08955293226516418,-0.1362720807764444,-0.18679936128124408,0.6933618937585332,-0.44599202353450057,0.6197944153152193,-0.15280691742974567,0.14464915190182828,-0.06009721729366566,0.22808510752308087,0.31486175768569574,0.0
-0.0753365659573778,0.19525109137512348,0.23062424387314268,0.15095225295795173,0.017823698562227173,-0.15988521426690155,-0.23427943572238816,0.7379636825577758,-0.4545474002671197,0.6343519951276129,-0.1373941374354343,-0.01360952620566383,-0.1070294676785605,0.11089891071113064,0.3759412558235,0.0
-0.08652734812272216,0.06944520651392172,0.2980320495152063,0.16954195048975693,0.04738099282448269,-0.09561903268472435,-0.1919192434733955,0.705587619107079,-0.4393770108477436,0.663219712247157,-0.28373476985847024,0.10936130465940094,-0.22805807152688878,0.2471050653230476,0.26989440497159,0.0
-0.11259749230500565,0.11191383234659988,0.23086817505785645,0.23784692838677413,-0.012549915340815253,-0.04869403945130499,-0.23558128875170808,0.7084463767537721,-0.5537782952506651,0.6379337184477843,-0.15582639800538434,-0.04564090065502209,-0.06702719326023303,0.04935195417674691,0.13747079778148852,0.0
-0.10073520534177666,0.12165149818636603,0.22141564319091034,0.2766339794047189,-0.0720285757937748,-0.008507135651186243,-0.2479918906200502,0.7129726777433192,-0.5087657785845436,0.6526918207078447,-0.11094685247673776,-0.013909328308028228,-0.08414228278272934,0.0035691764317173115,0.029427578616016956,0.0
-0.083925675707971,0.21186179141598593,0.26970520683035304,0.2516134683162209,0.03358516414420923,-0.09576447313515268,-0.18971190553682385,0.7611852023295524,-0.6905452249848059,0.6346949214569924,-0.06194904915775351,0.040310348723185334,0.0407515255904156,0.11937957781154626,0.1874001772889326,0.0
0.01624402051557658,0.08479717496830133,0.2562921610280788,0.22935264758676074,-0.020825155699734373,0.014998099674422862,-0.15769802702440064,0.7263038760661898,-0.49834794179505176,0.5509575853807436,0.009191786496628267,0.006847153559213049,0.07003825367428437,0.22308522796819302,0.16884901131111357,0.0
-0.038983351959367925,0.16866649126375216,0.3037077716924041,0.226307582554608,-0.014338595839656444,-0.023284869096123224,-0.17735093330931684,0.8216930822184706,-0.4305739120221076,0.6073785153485891,0.08779529452332592,-0.08500489416918443,0.12643964071178074,0.11352659668890758,0.014835634249995844,0.0
-0.14766065764069503,0.12602826337106512,0.21619989629093347,0.17147006076777127,0.11454553729397093,-0.03428306253438514,-0.13652306512782753,0.7586603880614711,-0.6640827687701891,0.5361065603425473,0.11899376547902056,-0.05765427640793683,0.27235586768489217,0.05087500573555327,0.030912654155906865,0.0
-0.04928743908140751,0.14317599045006751,0.2091061179366463,0.11035994139567593,0.13696098182517988,-0.09162986211385497,-0.2729960129251223,0.799372913474403,-0.7140974712485659,0.5991276441015906,0.09665998739708044,0.01353868623574437,0.24882203490668928,-0.04992205775507781,-0.0937796850659941,0.0
-0.04078039742481729,0.17164667409943266,0.3242211918499481,0.2442565117510154,0.10841650281840542,0.06162015470941028,-0.21936064943310007,0.780859455355414,-0.6370447621930047,0.5528982144245704,0.24095139180773523,0.06312742387208134,0.1298990231212433,-0.12021544005752452,-0.017814195036383602,0.0
-0.07662964308984423,0.13185387253421027,0.27197413514941815,0.2706675037083603,0.03376427325309087,0.08593227500414519,-0.22219506578400275,0.8503478697071876,-0.7012418492639235,0.4644897566446504,0.20452371356407606,0.05139267416751211,0.25343296881397426,-0.1989478466781338,-0.03238399376214219,0.0
-0.05029007147126903,0.14647120157524784,0.2967365053443314,0.22525151637384033,0.023526995367679476,0.1806035819746452,-0.2923328444734187,0.7642039284941313,-0.6262199606474855,0.554990836000655,0.23714163412201822,0.01944862142046133,0.2035065032372357,-0.16042720934520913,-0.05847450980713473,0.0
-0.11205812417658603,0.12176841080654047,0.25534672951412785,0.282475217531371,0.07569219065983443,0.12945220658263604,-0.2819049279309745,0.8029006603002258,-0.6801269514909889,0.4567789198319209,0.2726289064931408,-0.06482199155615966,-0.01542516031893379,-0.1364674742397149,0.09796636101241679,0.0
-0.10010746455010106,0.04704047479489383,0.28782602951284997,0.28282347261825985,0.10710867963928691,0.12824822831165106,-0.308637461666507,0.8949778485492339,-0.6347985503308482,0.3758632578362785,0.2703307121491267,-0.12000527116279693,0.02636865799969438,-0.18268332785872274,-0.08089763071713749,0.0
-0.030470077625982334,0.10407874364573366,0.2036954505168838,0.2872811736988878,0.10476509526771817,0.16165605137087863,-0.29075423548822205,0.8829657698311879,-0.58603440164642,0.5147404395612126,0.07226562277548354,-0.03807841067015868,0.0775513337514183,-0.15656211957897023,-0.08772104012867579,0.0
-0.07552592103218925,0.20560546621533993,0.2528949792421818,0.24548800016613725,0.11191038948237787,0.19364346779550357,-0.2796594632760187,0.9295300366369308,-0.6436796856140451,0.42748481405968497,0.0038142515677280914,-0.004437245624520244,0.02273184051429361,-0.2623675895738727,-0.09380646546792973,0.0
-0.09480189887581422,0.16235523429370002,0.316962501357164,0.23735821432440266,0.03752810057679855,0.12116140264907953,-0.3979889842639129,0.913940346653489,-0.6272927440977031,0.38859924136569424,0.1652757116665406,0.06033262621536886,0.047755706440861405,-0.2324938616649511,-0.022392562329535425,0.0
-0.03338945229592724,0.12376820819982828,0.31505779865155803,0.18073320404136867,0.012494614148851623,0.16094421142799045,-0.3191319612123198,0.8641792046358786,-0.5943466810004238,0.3424976406402888,0.12156297317038989,0.0467489428713951,-0.058032003769818374,-0.31056117956428164,-0.051785703155454416,0.0
-0.05295216654756302,0.1876638541486196,0.3711607775397421,0.24622527434741312,0.06775149340153312,0.15359919170918057,-0.30449884348087564,0.8395677115789635,-0.7285146277430906,0.4442395698264404,0.1435688161339156,-0.014565580131263658,-0.09083735273388367,-0.3771304426621894,-0.027212354967670313,0.0
-0.1357222173078917,0.14663959929208162,0.3284272454355007,0.2306130224121314,0.036069557623503445,0.24498560167856126,-0.3549365732466898,0.9012746663059803,-0.7074230087127787,0.281728452188203,0.2122991793806439,-0.028502253543724147,0.188422138456106,-0.25872627842924817,-0.013260822821673703,0.0
-0.03778648326560677,0.1609197335005473,0.2584742447472869,0.2331228670100739,0.08224687013672205,0.27520156426109665,-0.3920577847048754,1.0120975444011273,-0.7187404216900546,0.3217517058199237,0.11632693690132534,0.03896447733271145,0.009470226603490395,-0.046801557891396395,-0.12876538392447298,0.0
-0.030096833725957534,0.20939909151508423,0.3469746832352591,0.29547896406516544,0.052658237394244335,0.2524970977875913,-0.3834981323712165,0.9004941482364601,-0.7130061050958245,0.2668236650472249,0.04500635411656942,0.06682823446036953,0.27517569605543135,-0.09952261113624203,-0.04510759830070879,0.0
-0.08078494379020257,0.14272541676375436,0.3575612241958137,0.224859544613285,0.05628338612824134,0.2556747745494912,-0.4118086521279679,0.8810741163511674,-0.7522045840671127,0.2898694692580995,0.112735693506858,-0.08277668901061194,0.2786108971422331,-0.0928475088475912,-0.05090233639619122,0.0
-0.09487713023932862,0.0921801356220874,0.24539986025056254,0.2878704882220974,-0.0020428041833765107,0.32883696487698383,-0.3841595388386616,0.996027509667119,-0.7389907088583246,0.26624312788588234,0.03882667941586689,-0.09946903401261183,0.29124139675845223,-0.16476778333325026,-0.1201618241703402,0.0
-0.04617020862273509,0.15172421606785716,0.34566810675685145,0.2661385779418932,0.02088632274600222,0.23103694639341282,-0.29046748376358544,0.8982187823255545,-0.6216344589819958,0.2844868098049956,-0.06297245427025733,-0.10638292976608056,0.1189153827424659,0.005715893318028617,-0.1667990849143567,0.0
-0.11849284218079026,0.17028696269466267,0.2487754018144061,0.22019404422449873,0.008122746418326096,0.4856578322339582,-0.47130378847123305,0.8624252127452383,-0.6343200271630309,0.3233057126550319,0.14065159510447314,-0.0529890205718699,0.003134564465341924,-0.0986534326700091,0.007413350606764152,0.0
-0.09437420665750994,0.20291202237378764,0.16252942943928758,0.21777518368427767,0.11133815169537069,0.3917333861645629,-0.38170699737729213,0.9545427885398631,-0.6942638011480603,0.18247120692638114,0.30735405998718823,-0.08438999192496413,0.03611154499808744,-0.05410847071937174,-0.011386772367171429,0.0
-0.11510655760768337,0.19566460227250745,0.24668430137740496,0.22444966580055295,0.05367394560212187,0.3754019357253979,-0.40639925475493843,0.9807238115516979,-0.8395806947338343,0.13883163814493432,0.3010037392468483,-0.0070652457533271484,0.006004446938658935,-0.17240699437617135,-0.03322832528811589,0.0
-0.055499036719675,0.19344577034765126,0.2061910563029638,0.2694587838405049,-0.01469647512177312,0.5210821049027599,-0.38666654282033347,0.9073955928672137,-0.8081527996596339,0.1512657754182493,0.17347859305147456,-0.04481117741917698,-0.13004452252892343,-0.10871544011903074,-0.16177688016013692,0.0
0.014683712278869221,0.17788186756293906,0.3294073714089218,0.24136847057499222,0.05952845303962473,0.37881237976644727,-0.4447367128178563,0.8766047489724094,-0.8411039528292126,0.17468170793168464,0.16230646364744125,-0.06285376861186234,0.152005915310283,0.008873164827766969,-0.058480786221564815,0.0
-0.08783598191642802,0.21739752007828894,0.27598898258281496,0.2115608916680396,0.04849974413905471,0.41010277973117293,-0.5034207547446027,0.9364034485892242,-0.6904735775656801,0.11736508970685551,0.12408991000989633,-0.08171427292274916,0.003272828055573121,0.09296579219956894,-0.17595214765476436,0.0
-0.09462557979183764,0.2907411163087222,0.2221904692192268,0.276778316718998,0.12086379446100787,0.4758761524662728,-0.42526514246944375,1.0287639244254883,-0.6796299734108543,0.11312756629266822,0.017807248474943388,-0.08586865753935072,0.0031397817428617447,0.1874904497220571,-0.0711469578735822,0.0
-0.12989236948746907,0.10369911481495435,0.30693888041907924,0.23456946070797052,0.02175801433791845,0.48078496971051826,-0.4736193363275766,0.9189620971927441,-0.8608686637942158,0.14140083725376876,0.08546900948404569,0.02364518408609336,-0.14841949699461143,0.19046931412315599,-0.32351326912125394,0.0
-0.08928390368742699,0.059079767409873155,0.32653039950803164,0.2960428051715825,0.029367965140526753,0.5554360467696229,-0.4543331072440461,0.9535530794595077,-0.7920314496405942,0.08681956173313667,0.08683593627373608,0.1256864598266437,-0.2980751570689342,0.15407460801155945,-0.29024830514095384,0.0
-0.06037167262130457,0.22432646682017982,0.254926509672247,0.3093348692060395,-0.03536660792304237,0.5886047837138303,-0.5515226779876958,0.9732289828804369,-0.7745048462649973,0.018100358226075745,0.13763202291623633,0.14115297805188248,-0.2300794390816514,-0.0440382747185004,-0.4118677087106898,0.0
-0.11062705278658008,0.1871400556918968,0.3361382632255142,0.2421954392401395,-0.02338773976235086,0.5050803648800152,-0.4988322143455674,0.9507481185839398,-0.7145764828567485,0.011831870813355419,-0.003978728132845152,0.10256368808615743,-0.03883180252139817,-0.03669548805700024,-0.4624177065551246,0.0
-0.11228212176344693,0.04806073314418685,0.3920548661760259,0.17037635923661315,0.06092707596792091,0.46854752807185424,-0.5146242222866853,1.0088935130072605,-0.7430142232974061,0.04636189171127302,0.14174851423651583,0.023274399831798236,0.047632834513248894,0.14189671238377802,-0.40799961417927066,0.0
-0.02701746370664794,0.16195593309747303,0.28944098391826684,0.22024858958452784,0.021053719069175816,0.5140469368777258,-0.40175856062761756,1.0092028564579052,-0.7712299018017131,-0.036733932341620715,0.22708860286986327,-0.042274927520914315,-0.11647823431057724,0.16427281212071648,-0.2920575445562914,0.0
-0.07010632298433149,0.15815602466150144,0.2303470133951448,0.3011333885675599,0.030730695985519547,0.6632061624568821,-0.5252410097911742,0.9498281153136432,-0.7845785945186647,-0.011058543676202244,0.24546217871494885,-0.19219593125671147,-0.09852294095697489,0.24080551671181488,-0.29548825244225624,0.0
-0.11430806148440079,0.1462897917257516,0.253336117031716,0.28023150642420014,-0.02172550494726698,0.6006530872742045,-0.6157350442060858,1.073771356908927,-0.8293999797881723,0.007700058815575304,0.02015077323773748,-0.07521350883262437,-0.06887814502968852,0.32542882386589445,-0.24197668865052033,0.0
-0.12474545646939268,0.168513105643374,0.2630906636500338,0.3020775967314895,0.04188496730118835,0.481279382433739,-0.540048358080471,0.9218480210669676,-0.7941967426586574,-0.06935198343434809,0.15697416148297155,0.09795558477224604,0.033541121644349636,0.21097993018607666,-0.2892428612496508,0.0
-0.04865982739250567,0.21552895718067527,0.3177329051583418,0.36289273918255716,0.01073543422916376,0.6054802422481684,-0.47000079934234684,0.9802721669706052,-0.8577958892368264,-0.07999119137518781,0.22864048136458012,0.13083423485213003,-0.031648630738089274,0.2293190100757726,-0.4221305546864584,0.0
-0.06070767224242626,0.14678438953900314,0.20299639490860816,0.2801837375981478,0.02360161626949705,0.6970715137035207,-0.6272446812525863,1.0341723205262976,-0.827221040282987,-0.07979838654395417,0.10808711451922835,0.19718537358321367,-0.22584903777065182,0.2996982369319227,-0.2610280845976166,0.0
-0.06002974475445544,0.24799825013408947,0.2909560923949903,0.32261895855635836,-0.01147031655259699,0.6304696208543467,-0.640229080065767,1.0412356433171435,-0.8638778159160808,-0.07470715998986421,-0.09023990931550202,0.024954077892517648,-0.10279418355277159,0.2989402786646099,-0.24530741291082758,0.0
0.009191686168962251,0.12733535886601557,0.1898590432461513,0.19238967828792108,0.019020316054595404,0.6787762356072387,-0.4913903957329076,0.844371056064514,-0.9463241390781144,-0.15750962390454168,-0.17137055632015188,0.14492982689308487,-0.03072806429963193,0.1265514196215632,-0.2513060828548197,0.0
-0.16108752613839356,0.21359570631874242,0.30299891313756583,0.3416346482859643,0.07865153647192037,0.7051523196360099,-0.555214746902374,0.964307574613832,-0.8715507296716852,-0.1004086805902697,0.02854030081008957,0.10887463645719911,0.04651871481374002,0.008831405676051271,-0.27868624893350824,0.0
-0.02604619179367723,0.21333878457019942,0.34131894446021643,0.304617750327568,0.03372508692990345,0.7163790396169916,-0.5440153863792676,0.9314650739960955,-0.8905985266248457,-0.21560389642561006,0.0977606839400002,0.022418915909805028,-0.06741117083638609,0.17527791323096212,-0.31404208080632173,0.0
-0.08510432091210397,0.10300571152620099,0.2549789557872165,0.17941369519961678,0.11343244174924365,0.752960700457344,-0.5059215715263644,1.006743606817262,-0.8681701924169338,-0.20501573039622048,0.019965068134541242,-0.09181446005544192,-0.06863258136308112,0.16684681748549418,-0.2627668917793717,0.0
-0.03601859502741428,0.16555212363090746,0.29941565443392465,0.2538915837450246,0.001051537493222482,0.7623275670778993,-0.568075272628585,1.001736960693051,-0.948042722905225,-0.12678660545874929,-0.027127563599130718,-0.0929296558588403,-0.039309002105458374,0.37677160705144347,-0.17771347879131522,0.0
-0.09187894657338275,0.19979263059901822,0.28215893437864953,0.2332667888461183,0.039629845943841294,0.7707322092338583,-0.4805371473463622,0.9131655247779679,-0.926594659031801,-0.22556007061226588,0.03272716981524515,0.11793625301957182,0.15832680903082183,0.19400472996173201,-0.17142620399622327,0.0
-0.08105446998883652,0.22114626740814028,0.30984685743560497,0.3150528985712346,-0.08707317991487477,0.7475075502256529,-0.6715367653228549,1.0670299967203876,-0.8373264658952876,-0.2234336596409791,0.10804917529469693,0.1109710854008455,0.12362967376515978,0.1500376273677398,-0.05551726722657278,0.0
-0.06085220316129107,0.18985616920216533,0.31121641223285296,0.31288211875793537,0.07380807897084654,0.7322693576254703,-0.6363084956651701,1.0162148610462118,-0.886209699100974,-0.25123916760351184,0.27479681982640586,0.18158871837219903,0.03522533256774181,-0.10168673041601761,-0.10503567295511684,0.0
-0.12360680286352141,0.1578745902131003,0.2506764016308033,0.3503037464594418,0.05022455605981049,0.7262538744710413,-0.6902568678283436,0.9923833353990617,-0.9329159115142301,-0.24593047469311027,0.388804757450883,0.09322922685934194,0.025191534867184867,0.06320904466885914,-0.14827298050905446,0.0
-0.1362568837812118,0.20469672765771701,0.2581426564800704,0.24342790448612828,0.027972980426919886,0.7501186828720218,-0.6190755844622235,1.0035763536166935,-0.8793317127678708,-0.2887813717431978,0.337846296913111,0.084101314649006,0.04263345129720171,0.11834618282088466,-0.1269402011397669,0.0
-0.05631699812232359,0.2083501068060275,0.3039121578323962,0.3282857219235221,0.0034856854034213958,0.7463681957677368,-0.6095457811339736,1.0200537744953604,-0.9009324147184355,-0.2070005907171616,0.4056957088790374,-0.03936775517548914,0.055640319042446124,-0.15000524276794233,0.02021637800722892,0.0
-0.06559809209159131,0.21211334701341644,0.2906974245335504,0.2966338770907945,-0.009169891367200311,0.6795989603001074,-0.6892931317938609,1.0803029174182577,-0.8180580254438622,-0.32117093766883237,0.20565500062881883,-0.13965556333235765,0.23345636577208267,-0.0229750780348445,-0.05565623530292955,0.0
-0.12751927645404051,0.16902655862843444,0.33852765571455384,0.21540786867290265,0.026267958987057586,0.7199116762894753,-0.6327899721456745,0.948186492235637,-0.9279037349927608,-0.35717206358558057,0.24214087941157714,-0.08660917064610635,0.03081131619741348,0.04022423276007027,-0.015545282355502857,0.0
-0.11180736824933893,0.2725196119607901,0.3073112884687436,0.4168285057756106,0.08891608712637208,0.8106482950231019,-0.6068346748777449,0.9534975156543911,-0.9493221983671962,-0.43661710994403885,0.198100787418961,-0.13258146293115433,-0.024618404403522955,0.00444332414778029,0.020007482247224734,0.0
-0.13699179992412489,0.14997197954950722,0.3181564413737874,0.25996661797570825,0.038078287807537275,0.8796670694307752,-0.6644312744171066,0.9054568954448747,-0.8223292442254043,-0.3243983689006251,0.26968364431405334,0.008477975126902959,-0.02525404336785033,0.056646813542427836,0.20721550156017626,0.0
-0.13472278673411298,0.1988912658447522,0.3033649645756142,0.2744199035433533,0.028537634547797047,0.8577613058755775,-0.6209661529298687,1.0199504277353904,-0.8807986493092771,-0.43405471996588635,0.31370092619133955,0.12466110060641057,-0.09835302280403913,-0.03551249945093164,0.28975990018683695,0.0
-0.12376390878644397,0.17200827803479823,0.2921332983395446,0.2774843443924312,0.13896882920730214,0.8049355132483721,-0.6870738321694583,1.0106172750802225,-0.8364242360344749,-0.4319894788749728,0.3131500802461518,-0.06578978173088336,0.0090959254242189,-0.0370590334190394,0.2550900038884572,0.0
-0.07551791191676246,0.2283168657501906,0.39629967043325354,0.2922197530476208,0.036868279309130954,0.8930508186970091,-0.6038717053604334,0.8744304133392786,-0.9610385937050221,-0.48768195698505895,0.39316559751286595,-0.03673619394354307,-0.06022462903154792,0.04193099740953554,0.16334606665203114,0.0
-0.25790876667289386,0.17995164192915153,0.2958538683033234,0.310895722534797,0.057235486917858916,0.8861986385046985,-0.7773950227012482,0.9531919472621504,-0.9941754213585383,-0.39227556716440337,0.14361559231594662,-0.0802267140836517,-0.1324363801442616,-0.15366253917869388,0.1296839485212381,0.0
-0.0675009516080075,0.2587211011339252,0.29713192938712757,0.28260090714603775,0.07980270664789992,0.8387124173929693,-0.6849845473429202,0.8745840182672319,-0.9164282062414283,-0.499794215344601,0.2168101159701037,0.07982108097027128,0.09735785008585976,-0.24249116952345479,0.04662208784733546,0.0
-0.08513171040176376,0.15562333061285571,0.27301469331654943,0.3768359301034427,0.06755770164104136,0.891791191035318,-0.7201060374850439,0.9834135007061908,-0.920673413687843,-0.4168817266335954,0.09031389755123226,-0.06542470094750935,-0.00424387742930224,-0.231612608193061,-0.0132976149721767,0.0
-0.025954957242159488,0.1707170785039957,0.2715236505262121,0.27680899868061115,0.10724068557939795,0.9070779428778364,-0.8036018257837664,0.9948192904273857,-0.9651283297789688,-0.49365676376373135,0.2724313134877629,-0.019652160416653297,-0.034565886870837816,-0.21008371258057995,-0.01694339919196719,0.0
-0.09692095945898516,0.21675108352294525,0.3047139920705305,0.31118889310203857,0.02544728747265298,0.8688345425014309,-0.6113851713673852,0.9209961627886172,-0.879003711076053,-0.48413789904254667,0.35072977335032085,-0.1459518033859249,0.06835126103962968,-0.2206754055798385,-0.0009498740009559713,0.0
-0.021117359919652197,0.16736570008532764,0.38309562671628794,0.3302357285643908,0.010869245219494561,0.8549200093989543,-0.698313892479134,0.9310013148915334,-0.9100602160911471,-0.5309188200612699,0.41963576864739927,-0.07917231176340749,0.24992931452611258,-0.10167391270711654,-0.050666492791927316,0.0
-0.15537993381603468,0.2228829630101547,0.2842499121968519,0.3208553022216357,-0.05067150879530932,0.8893497551716772,-0.7013602239041052,0.9293796280005261,-0.8101267150114219,-0.6351022773835552,0.3806225434730525,-0.02355817877004215,0.01677203132753116,-0.2739627070142511,-0.06241661920544967,0.0
-0.0946415715637382,0.12566484039108788,0.33344554990355524,0.33578699658357014,0.02813166048055009,0.9207247873815749,-0.7532498918338357,0.8923632640026955,-0.9627893199089503,-0.47590139254751673,0.3340560881297064,0.00977851846510511,-0.009661216986837837,-0.1778533706335027,-0.11720938295425984,0.0
-0.07127183949411377,0.22320778011010148,0.34276860955734956,0.2860656073407567,0.06783924522550475,0.9146701038529974,-0.760175270880365,0.9418187339282399,-0.9089564682952492,-0.6607642006311321,0.168162411401179,-0.005956932463548117,0.14113586874009695,-0.10092211348861216,0.08759492733051745,0.0
-0.037090666887437285,0.22025158266403758,0.288891389506923,0.2830177336853362,0.04207849465289625,0.8958209693607249,-0.8113620854534928,0.8648797789127098,-0.9895720703827637,-0.5996117341856169,0.18339284683262866,-0.0008482889175518622,0.13830717282383304,-0.24534067355567402,0.08311428285619847,0.0
-0.1084381478081593,0.09376699756087407,0.38255645065569405,0.33637189981526655,0.008847459124047385,0.9919232429980982,-0.7680152261712376,0.8762836611646692,-0.9082280789212152,-0.6408858512832218,0.16503218917937404,0.05997698677515564,-0.03705118042851241,-0.057147513418495735,-0.033601644152439394,0.0
0.04408926425920395,0.2264388485554326,0.29572298206610514,0.27301111639269193,-0.08177971676598125,0.9444708453051219,-0.7581742799485973,0.9292251222815657,-0.9917855746516978,-0.5848351439470945,0.264870162731379,-0.04950684538373763,-0.2076764995981163,-0.09979898755962549,-0.11612117784337903,0.0
-0.140740164859831,0.1872883579601362,0.3551221735410677,0.2645575442114261,0.02131844784730596,0.8809625651786,-0.8520169085096799,0.8029716459809348,-0.9984791814753958,-0.6040497696124796,0.25065874732274473,0.026606887363111318,-0.06796144114708993,-0.08866628766213686,-0.06675226955540944,0.0
0.007145440510783169,0.1997974855934601,0.4023018561954541,0.30302145276915693,0.06960952760011564,0.9166996519706923,-0.7910499151673529,0.8727984735151864,-0.9446094759280756,-0.6950486605333284,0.4316000428580241,-0.1203604307259806,-0.06409042961426195,-0.005034680502690347,-0.02609540659195287,0.0
-0.12130522783989284,0.1450182425778016,0.33057475801711683,0.250364225904568,-0.0018739425534464865,0.9209003925632006,-0.7679230602588782,0.8959719043039686,-0.9869850451667986,-0.6522136464032564,0.3824337373953562,-0.07654964380405621,-0.010906132454684546,-0.02289324376901742,0.09976031736122296,0.0
-0.13155459230930994,0.18172226405309017,0.3003125750552747,0.28260485046489564,0.024021879767107172,0.8984351556130704,-0.6805646647128978,0.8519155284973583,-0.9743943606368608,-0.7357858631301787,0.23833282258663951,-0.156051595355368,0.028774861770948477,0.11132805600684942,-0.058650880797598656,0.0
-0.04131072232375432,0.26140718270001323,0.2879521909487475,0.32263490563998054,-0.01649619819832518,0.9889152035402797,-0.8319326591365213,0.7852529516367256,-1.004294369670947,-0.6915281471533994,0.0658579301418957,-0.08844034198281411,0.040443437803275764,0.08102244781636787,-0.006089417345871519,0.0
-0.09871156006606757,0.1852544718703928,0.2829131723249905,0.3250502968553979,0.04038513879160484,1.0152090489411545,-0.7257578136898866,0.7819615161960614,-0.9259299755602318,-0.7067709760649712,-0.022261248260691743,0.04558367651918989,0.17220533814842415,-0.05009693779612062,-0.04333414245963198,0.0
-0.044088881926892434,0.2718622082343322,0.3137394784033584,0.39245554635771485,0.05914642246526932,0.936614372830998,-0.7940207267228461,0.8500407786775381,-0.8922253872224672,-0.6998850317963647,-0.06394372442238931,0.19740993609836585,0.18211657711279503,-0.03649618879292916,-0.012708035155461365,0.0
-0.07465700821578686,0.21581728104211903,0.43233202882303956,0.29633400556263795,0.12568890197793153,1.0805885783045732,-0.7596862382991714,0.8140748399964064,-0.9935893015030864,-0.7511968346709195,-0.1057215812207396,0.14166694694891252,0.1106449479181745,-0.05535912408228602,-0.13430675910651302,0.0
-0.1576369091082431,0.18219033152685507,0.34130222006645483,0.30101972332351756,0.05922009818624457,1.0227358553831702,-0.7547472959201486,0.8750619434949786,-0.9933753725063673,-0.701703364073522,-0.01750312134766123,0.03579328116680419,0.0625355942637025,-0.10084739200922513,-0.0358648099044976,0.0
-0.09270402589722933,0.13917490291744405,0.35356169150105765,0.3765570451687734,0.059223248254378934,0.9363482916075989,-0.7450188501765478,0.865984800218988,-1.0179739277554014,-0.6759091146878096,0.037750428406555174,-0.08340782489889136,0.06016269235584099,-0.14439791183686226,0.033022530955308146,0.0
-0.08634865700111302,0.23717910996002703,0.30802694999381974,0.2733932222067646,0.04607548722182536,1.0020928235335704,-0.8494093405439823,0.7692401543229148,-1.0051516352332541,-0.7519275272802238,0.1328274631730699,-0.041128037373558864,0.22720287040987724,-0.1322201924979944,0.009253149556954127,0.0
-0.08863432927786012,0.18592179126718417,0.41336247188376724,0.2903908183453321,0.0954995922728967,1.003056823230014,-0.7961972589812321,0.7965123452379985,-0.9247512866302874,-0.7576493822862361,0.1967580285238878,-0.04500434681661271,0.26371293080842384,-0.13251080037792656,-0.0678922520052725,0.0
-0.06747606577441698,0.18149838532839332,0.4053263984912345,0.24885546188524588,0.03755287455980365,0.9078411423655032,-0.857359664168145,0.790662231930358,-1.0529456941634676,-0.8540776812087307,-0.008170552888152188,0.0018147245763008753,0.1363601325213341,-0.012397360994028134,-0.12480043589208102,0.0
-0.06907424186771625,0.24500378974939177,0.3549402675317989,0.29180210701195775,0.06418886299971042,1.0150116184988989,-0.8688494600977028,0.8412342527203005,-1.038933563664703,-0.8634887208965157,0.09167706747174266,0.06927827089836784,0.07438236100573559,-0.14117745803205342,-0.09340412415095116,0.0
-0.06509026796952631,0.16514259413151555,0.23866541209830205,0.34827581142542424,0.13789773659853033,0.931930776510983,-0.9029128825965941,0.7421841336152336,-0.9887867543013384,-0.9074625199076805,0.10521487352390316,0.053474011109872786,0.1422656699543967,-0.03947717383651613,-0.01722794204115389,0.0
-0.05679153376927536,0.1616404443927284,0.3182448259734034,0.34925843939058676,0.06654571827240545,1.0737387070381113,-0.8622877311820739,0.7519233252992114,-0.9204922177599006,-0.8458028976925062,0.03366235649636774,0.08189591034492064,0.09847155827959311,-0.11008105519018015,-0.06880340112656183,0.0
-0.10746934191251314,0.21924591628014978,0.3362554525653368,0.35406137709831165,-0.05432509294343124,0.9971900230881234,-0.8644948600330957,0.67743803645664,-1.0146054657513548,-0.8325446699517992,0.043850126011639276,0.20504787105763522,-0.009380436713734897,-0.0871783450181974,-0.101952717380132,0.0
0.014123064392550733,0.24359246694681788,0.3788220287202239,0.35238102524071935,-0.008540627377437576,0.9859047230691314,-0.8738125474267715,0.6628209881764194,-1.063288583737417,-0.8632458997677195,0.10859273450364086,0.2112229631623186,0.04769526709678127,0.04069440595802073,-0.2188108016435373,0.0
-0.1309158652241757,0.21514262568542272,0.4227690480604153,0.25494362640808,0.08022905372401,1.0123453751025289,-0.7764995197409706,0.7313796873172252,-1.0838726898822229,-0.8694557875118764,-0.019345506140420854,-0.017340644780681785,0.09711088414147181,0.03580030915863483,-0.281126325289522,0.0
-0.09204505097091864,0.185818099456055,0.305713857078465,0.3272148140757507,0.06315712123347082,1.0347960548091253,-0.8750863087070665,0.6822209553364582,-1.0344899686594153,-0.7834870892501955,0.013577945496356943,-0.09082845877256662,-0.1170168129496467,0.04081840556433733,-0.25048422585728475,0.0
-0.04104994957458952,0.14617057850434645,0.28892724339129405,0.3079753808950008,0.20922561090354624,0.9797886241517649,-0.7948969710105216,0.7212218186608554,-0.9969263785636526,-0.9082307564265261,0.0776085178331129,0.12070154153695783,-0.2095946668680111,-0.24040573117120825,-0.19879732859588758,0.0
-0.11278832175525443,0.26445019597989505,0.27189351062142136,0.3616857962332807,0.14253352716994977,1.0847397641048675,-0.8821948704576115,0.7252077795717151,-0.971101741314995,-0.9111624303090082,-0.057871912957979235,0.08664200995167967,-0.24991980397304403,-0.09311629970591596,-0.06991797175588121,0.0
0.020965908151201043,0.22109871238380446,0.4347201375950104,0.3606021866817506,0.08218835061068105,0.9753977956252369,-0.8887129429209656,0.712571270597928,-0.9920729607843688,-0.9781835635449462,-0.18055493872823486,0.1875584946285967,0.07825121040530414,-0.05869195996087109,0.05069351647811172,0.0
-0.05009194717083903,0.23086976081757224,0.34882405447333964,0.33032672341634867,0.06121419729924307,0.9741591927717972,-0.9022595212895966,0.6771781793063623,-1.0556121699650927,-0.9461379358300543,-0.28770204776983677,-0.14514974016554516,-0.04257452679084849,0.06473116503556103,0.19948429044109697,0.0
-0.0743850066163221,0.2594012500261298,0.2988906471795123,0.4183495322316044,0.1568042546158585,0.9718901327173025,-0.8566332307581525,0.5979687355389675,-1.0123233043551914,-0.8864591727055043,-0.3824216894041812,-0.11257990874054495,0.09491328035523908,0.10071024385005195,0.11190528015663784,0.0
-0.04746634934464564,0.20182697881411507,0.3731150241749102,0.21792505935571638,0.08082664651155606,1.05276707726776,-0.9577860041443185,0.6708081546878621,-0.9390244424892986,-0.8829626800065543,-0.3548285170331339,-0.17329266923116685,0.03310039353349265,0.011642379424353866,0.053557714873904566,0.0
0.006128104811410781,0.2540426093025536,0.40739523591923005,0.31323498373219777,0.11609230073297233,0.9118631880857295,-0.9237546445932028,0.6505833937347961,-1.014518008313528,-0.9395976463917558,-0.17741753741284816,-0.1203731364890106,0.15421251132201264,0.08781913701870087,-0.07323599069249934,0.0
-0.010224737531356623,0.23309507154115922,0.2792799985299599,0.3150685052059085,0.1089090246664395,1.0314788667783559,-0.8615780552252877,0.6112801066905987,-1.1112749096115673,-0.8769039090248416,-0.13948100100557514,0.02753329753216141,-0.0086208692392587,0.16206912165730616,0.04055387366779843,0.0
-0.03138939604868379,0.2378024810209196,0.3853446971374215,0.3858248338905127,0.06101908095081074,0.9426334218556707,-0.8105815890598388,0.602331392412554,-1.004496666536199,-0.8901376316949702,0.09512363841044183,-0.007573134150462853,-0.021430543698734778,0.13272255297206784,0.13997301430524975,0.0
-0.1111796607294564,0.2163567044071778,0.3353503444176647,0.3643330081837717,0.08728816683156473,0.8680189366241382,-0.842215964723505,0.5866248604147996,-0.9321746885603888,-0.8982147677838623,0.17408860916210306,-0.038745080782718294,-0.0036221201938188285,0.13454284294206637,0.06919320087650177,0.0
-0.017206858654801115,0.15299479415230982,0.3693684727846003,0.3125863693981602,-0.017300605878715278,0.9487656731836691,-0.933904604987613,0.50059899990951,-0.9660594929821809,-0.9837711555366654,0.12365556492985023,-0.04778525913996413,0.1354394421595579,0.09918182966198655,0.10161087435303029,0.0
-0.0274471115836896,0.17840441951105182,0.4131954934460194,0.3189384084104999,0.02781442760896767,0.9111943234217005,-0.9652281599148375,0.5641558327966224,-0.9068245790707627,-0.9885530111962589,0.18747950857472157,-0.15791549455080245,0.2748907797041299,-0.06960857287869253,-0.08504259439314862,0.0
0.010909470906909677,0.1766690206808535,0.4312428771567034,0.3389728845754143,0.05043147961167921,0.9272844091757172,-0.8947394498987815,0.5777223319604328,-0.994687394273171,-1.0115304711559927,-0.05122986045644293,0.10877214580595447,0.31312732066835536,0.010909777766827555,-0.08851740774737003,0.0
-0.13908217855248428,0.16804164612928915,0.2947864765456306,0.40156250789433046,0.09320532156128594,0.9413263467997859,-0.8495691935135967,0.5411441475429732,-1.0877371492236485,-1.010078109516268,-0.19464157188769368,-0.009060398918924684,0.26602504725296194,0.14035887013635762,-0.026035697804484247,0.0
0.03725491439556694,0.17190918234376906,0.2958778976885348,0.36258281735764614,0.10931470553640589,0.9849239495257641,-0.9791342565792217,0.44298681788003763,-1.0654577971119208,-1.0175703343861824,-0.16333497401719682,0.09246818128855704,0.23408593601452593,0.1953851116211316,-0.0933846960455043,0.0
-0.16066240111360997,0.22663492773399074,0.40009261328410617,0.3225503825599917,0.010483371122803481,1.0019414112844072,-0.9076819630421218,0.5733195038615685,-1.0005278458990368,-0.981181052150139,0.08836741340726806,-0.011349048128482753,0.19359747793865453,0.09346980229004123,0.07326358735990006,0.0
-0.08617404221739262,0.178569031179345,0.288538826370502,0.34564683400262286,0.08727211705030732,0.9281140496561682,-0.8736724673004557,0.34161968990064884,-1.0386903618283454,-0.9103697408869511,0.19629656376486818,-0.2011002540038129,0.03949396852929968,-0.05759263719384217,0.1121290175901769,0.0
0.0015620843789204142,0.27934827645281274,0.3654382839641159,0.3715003486172267,0.0768839252579945,0.9648873405697466,-0.974090998670071,0.41615681264636434,-0.953888662466099,-0.9054834607700154,0.21648362239158436,-0.10882741347589527,0.01922230774128035,-0.16980040802005764,0.05069411963383608,0.0
-0.06563463646503678,0.21861309283793678,0.37813416775984526,0.4442830595028402,0.06681786423113995,0.9189541452585328,-0.9936536303707183,0.4128628623852448,-0.9503834051129784,-0.996598720925565,0.09373806693085468,-0.13057205916426134,0.003893820441897327,-0.11117671652153406,-0.1097001168368818,0.0
-0.02322692785089874,0.21585359931931183,0.35599975108923404,0.40079801337369264,0.004437806336856587,0.8981385926171168,-0.9216521567294713,0.3302985016475317,-0.9329814294075647,-0.9336732924939897,0.09773343873104795,0.009247104513872062,-0.15360280719506303,-0.10766053844369933,-0.14660597761882244,0.0
-0.018934298999819264,0.30089799886680524,0.45877593797187094,0.26437190980062253,0.12450422660786183,0.9193944773036227,-1.0021510759808516,0.3688176581854684,-0.9636467378894019,-1.0655545044681574,0.00814279090005375,0.14012848414341622,-0.266494189862332,-0.12536738543437825,-0.0442034527247081,0.0
0.00016930735603467445,0.17250992770722862,0.3498267314108815,0.3830306398604809,0.07949942682344308,0.8883093162172038,-0.9655369122418523,0.345043973712022,-0.9758706157331875,-0.935449168170567,0.029965567809590338,0.1133054811712081,-0.38970021451927156,0.07866599395007517,-0.23476605374148007,0.0
-0.05980630358652009,0.0967199652562307,0.5398942406616807,0.39319279192528206,-0.01848544743073388,0.8738266542082062,-0.9123033094498576,0.35162641194185573,-0.9701917244270303,-1.0003700623035776,0.02044948808960184,0.2023743783804922,-0.23414026241229022,0.08605502623622557,-0.2506809227962724,0.0
-0.07116345741149982,0.241536372951438,0.40543203430083646,0.4456376288328065,0.07413544804520583,0.8427727624675888,-0.9745907194910902,0.2736785733285478,-1.0243491140685737,-0.9484529303681947,0.0308572901352798,-0.06007860033537579,-0.10687973973588562,0.0028975274986081656,-0.1296050636046362,0.0
-0.021057977887444103,0.18839989338801094,0.3523850917120853,0.3742096862970093,0.13098516062969268,0.8378657581310197,-0.9376662234895727,0.30512857111443686,-0.9708307180736255,-0.931698102894821,0.017882093062824955,0.06889174718864696,0.05122166688505542,-0.05442482998969012,0.06699160108026324,0.0
-0.10515399646998284,0.20236376061642222,0.37978865033681936,0.4488515070492748,0.13503980205679733,0.8686170645512974,-1.0120891921213049,0.31004249718767013,-0.9827033950678628,-0.9925529478714921,-0.026486270191045366,-0.01712162292982329,-0.0954757384696471,-0.0180290740648008,0.08433687896547096,0.0
-0.08498535447690263,0.2591582238457002,0.39557210200169446,0.3908398234136696,0.05944684098824406,0.9046591717639939,-0.951682076985204,0.30127325722523246,-1.049813079187806,-0.9802760102972828,0.08211663828576607,-0.030489418996844007,-0.09280279380981428,0.05209953361841095,0.06384662746198941,0.0
-0.06352682824376016,0.1882590602989125,0.3837445868565855,0.4850778367462194,0.08236160221211823,0.8303015687952255,-1.0443783593426808,0.15413976215595115,-1.0710843145620228,-1.0269722421332619,-0.15681916781970306,-0.004990934007500451,-0.13738851645092084,0.09536571412266784,0.12311852371935417,0.0
-0.0938870279885492,0.2658238095119618,0.34854137372023214,0.48413478577042796,0.09079222979910052,0.8622663184426187,-1.0048223744599056,0.23961053358441994,-0.954346961145909,-0.9539768098847908,-0.1669726385317184,-0.0449552508588727,-0.21503521595127867,0.20529975684611002,0.16864759948633973,0.0
-0.0009076610048611711,0.18663443267705665,0.32919089816271474,0.43699134240441806,-0.03793407868633136,0.8505383953903797,-0.9566867894059593,0.22839100076292906,-0.98650655797602,-1.01769913109847,-0.13063945944126132,-0.11147135503304706,-0.1459643864699086,-0.011820003775965454,0.07009602344918195,0.0
0.027778032411938228,0.18845134531912985,0.4451140666898584,0.4409502708676794,0.10875575190380267,0.8354929628216464,-0.9979163013496973,0.215491487771196,-0.9124106646137282,-0.9647154222286165,-0.08343953510273558,-0.14442522666928043,-0.03209609378420902,0.07338482295844743,0.00550285125009492,0.0
-0.08920514963998363,0.22826509320890281,0.3554943064769621,0.4177611570922759,0.11180097356080117,0.7996051872497624,-0.9523080542713481,0.19693714471957383,-0.9992473837009234,-0.9891671255107426,-0.12081815307621918,0.12418727998545288,-0.09844057367076506,0.05429136591230937,0.010947984073287717,0.0
-0.05631643972538841,0.33509412914931236,0.43444022417710354,0.34314701393240754,0.08256061110298134,0.9274579956574399,-0.9567161035789777,0.08049436541289418,-0.9992349102405013,-1.0057687528849133,-0.15263746143000106,0.11533013215414659,-0.05822823543388518,0.08838329384113566,0.09936170451950117,0.0
-0.012257668386771808,0.2535730233197276,0.3129411387100803,0.3819985380210091,0.09086005319605923,0.8318145875387312,-0.8778789354344894,0.1909343758786827,-0.995085440291771,-1.0047856000790678,-0.2155663859360908,-0.059310032704186375,0.09757514314201252,0.14878801205720665,-0.041094009371576465,0.0
-0.08025591987591592,0.33292391224306206,0.45134541863397654,0.3745261355613051,0.07096590748662629,0.7394567452552333,-0.9411948667842298,0.2225572577328395,-0.9250624207244693,-0.9916424267590565,-0.1322743830188382,-0.05698324834190434,0.03516234957513715,0.05595850850201563,-0.09762168487199147,0.0
-0.04397655315198247,0.19667650255252894,0.4379615523686879,0.43083856198654735,0.1176890561450986,0.8014655807471209,-1.0541693011847386,0.13267282474924905,-1.0294579803745083,-0.9623020046564522,0.05609384793463379,0.14653048895103438,-0.018655521313196033,-0.056761643570498836,-0.10410467613545207,0.0
-0.03908533725278269,0.2321814241930504,0.45967881343575345,0.3524597299692664,0.042561944140008454,0.7921488038096206,-0.9845315057184266,0.14771062091246767,-0.891479425109318,-1.0052966629965325,-0.02595583614306614,0.12680317110275857,-0.1456177387953127,-0.13213619146503822,-0.06827151532771827,0.0
-0.04150015258431494,0.20106808898539646,0.35931363716590303,0.3416704692967309,0.11172213016693863,0.7252132586006378,-0.9543125494983171,0.14624096515972862,-1.0024677392452312,-0.8693061681118628,-0.09136835565865349,0.12559725900127022,-0.05462863355081183,0.032099395218992646,0.12167616689771175,0.0
-0.07170639161167203,0.35811879954893494,0.3772047486807734,0.4145507823127788,0.06006218433725585,0.7433500353897905,-1.0118471088606422,0.11430903450839497,-0.972500316594517,-0.9948208803926524,-0.04360790556938556,0.03474580541081604,0.016883738375840875,-0.17932598256020316,0.26033967564015276,0.0
-0.09146376838274428,0.24110286974749603,0.4190224109387597,0.4526521884316921,0.1491603836886668,0.7144937179537889,-1.0403055257560108,0.014318431842742965,-0.9532850172448654,-0.9683785755353446,-0.2288427274972623,-0.06613275724175807,0.026099206932923218,-0.16255816467522177,0.11333268064788452,0.0
0.014331667219194419,0.2655065658745761,0.40084339115415396,0.3458476072097414,-0.010400661801650377,0.7562037408247463,-0.9620939684246637,0.022776641597701583,-0.945776361562787,-0.8918486718804516,-0.2567289399271143,-0.08479301646652054,0.02261550434922014,-0.16824714693645848,0.2740090453446126,0.0
0.016834268763705917,0.22088904783604923,0.45849045481902356,0.3977789766053962,0.104135649322753,0.7023848642835816,-0.945396854640764,0.00226879255726304,-0.9779515980466508,-0.8922866493381628,-0.06225610594972761,0.006944324865216817,-0.06624960451146648,-0.1461758413707515,0.3558043504096321,0.0
0.011408766114591323,0.3275069134117868,0.42708375642722396,0.36181357156629124,0.02386866127078624,0.8045433212391919,-0.9837603904506439,-0.02128051872308294,-0.897353729719637,-0.9618117323660067,-0.026280689456454405,0.058493863959231375,-0.055856719688298674,-0.12421191326172501,0.22265606138028235,0.0
0.027240401050345572,0.22241076934124698,0.3729149645111837,0.31821339497717693,0.1558816570474464,0.7331804469379344,-0.9930847777366062,-0.09138044851043778,-0.911224103563689,-0.9313053955439623,-0.22804789954014162,0.07353307882652421,-0.10483027908387549,-0.13844031517621985,0.23119299539201665,0.0
-0.07941618022773449,0.187384463759276,0.3856088583751634,0.4298567092612231,0.12129264239620274,0.6903894274142186,-1.0196899654994078,0.0015951427922931138,-0.9206918354901715,-0.9446104830130484,-0.050840378496116084,0.15009946392037815,-0.13806959759439566,0.06665525565088527,0.12654917446192587,0.0
-0.04999422426463286,0.23401884041597734,0.4727336886857355,0.38852614054333295,0.19179521919452552,0.6163461539999037,-1.0613315091438478,-0.08055968514636348,-0.9348153326712891,-0.9152189702233706,0.07747114527460885,0.11324876287914837,-0.15972896910294648,0.0901803252768088,0.01406092590782844,0.0
-0.051234210417440654,0.20192076321401187,0.4177094604445884,0.45005158144644447,0.20136496149470912,0.6457013946735505,-0.9864825488840628,-0.0003536256966999718,-0.9215111188311685,-0.9332356008359096,-0.0871376884870131,-0.013638094212125751,-0.08432262414303011,0.17391620168541647,0.16167323243889525,0.0
-0.09399047901709232,0.2821832497235516,0.3494891937724317,0.37997575993553867,0.08920753089149806,0.6859254673774196,-1.0596180609783596,-0.06037582790513232,-0.8933762197476135,-0.9398143553192889,-0.1851827352894952,0.005021517373471986,-0.111175182160881,0.024000993369237986,0.05883430853619012,0.0
0.008958103217635925,0.18881261163607466,0.4902479582102017,0.39820246749114335,0.05474452235512876,0.5727095748072817,-0.9738766226276002,-0.046745427587927095,-0.8662409857251129,-0.8564775677211419,-0.24367529711038832,-0.211585663262061,-0.16143656135011186,0.08901667562737542,0.17218548904158498,0.0
-0.01854866727940476,0.22562734217388805,0.4118890296822233,0.35349687068933877,0.13366368839620196,0.5856077079635778,-1.0787901456735922,-0.10765560154213921,-0.9445364211623419,-0.7996414884827874,-0.24376548924401503,-0.16611116055041178,-0.09478390398777928,-0.024310331446470844,0.049716402604493726,0.0
-0.0790426669342996,0.20948379278970425,0.4823755372401779,0.3752906793798377,0.09178804332835441,0.6041418447397533,-1.034997978515618,-0.13256242070609575,-0.9058034237095033,-0.8731892810705052,-0.13089315419642883,-0.19979226855005422,-0.09591649905962814,-0.07551384738349125,-0.15451486521133423,0.0
-0.05615480719771413,0.20672222233167126,0.49138169359918904,0.3808226128646084,0.04576577994932968,0.5525956314511613,-1.0559950272518726,-0.1221685578011329,-0.7988855979011704,-0.934588931111641,-0.25747551388416046,-0.03144117234810612,-0.13646728264803434,-0.002267588315548373,-0.09977657656150754,0.0
-0.04951234476359596,0.2715254314745996,0.4726750702369461,0.43479353355594175,0.17337751711736507,0.6018963618047614,-1.0532000593218431,-0.18581929114973011,-0.9514709593132039,-0.902732262811779,-0.09313279746081153,-0.06932440995628238,-0.012507809700992911,-0.11737325975081801,-0.12180745181643271,0.0
-0.060186228732727484,0.165702259974504,0.4273564091291171,0.40015705699957776,-0.01883960217474119,0.5380557660230272,-1.016710612693417,-0.12135015281632489,-0.8776677146747306,-0.887153119143769,-0.10806587876250526,-0.10579155088434555,0.09819668258140608,-0.050064180688479926,-0.11631510230471204,0.0
0.01838509399467056,0.27007061039839464,0.4415887283868838,0.3359858574623002,0.14829519718325618,0.44114084830245187,-0.9458680006846208,-0.1272187750525982,-0.9603108008287232,-0.8836600881945491,-0.08142170377207515,-0.23708729822939734,-0.028841285925232538,-0.012926891217583714,0.008108741315261542,0.0
-0.007194656887104869,0.3319205748126869,0.4443065103083674,0.34731271833907934,0.12687113595548355,0.49991590757572624,-1.0221907488439232,-0.2738692959378722,-0.9101892312258588,-0.8590661417370603,-0.07927064428059154,-0.05467347059946291,-0.1588784494561602,-0.029250058154900387,-0.20526450810892308,0.0
-0.013020869509953847,0.2852946918255933,0.48280034688245244,0.43633876838688385,0.05062882397970417,0.4680282463073101,-1.0565099393312258,-0.21217364462958835,-0.7703434639429452,-0.8120560817844471,-0.11734728240425273,0.13361740389984655,-0.137720344642034,0.027231203862231275,-0.13009791294297027,0.0
-0.11158270945237185,0.27493512041563617,0.40887250316580004,0.4237523289926362,0.11833047902261012,0.4258073943256678,-0.993603456889562,-0.20188561236175664,-0.8849250710307649,-0.8185651791591472,-0.007866144562851562,0.014497170805209555,-0.2088729511963349,-0.002279348677359093,-0.10620697545232115,0.0
-0.07931202576199456,0.2885504429419179,0.48165020822948723,0.424583837981716,0.015123760946472914,0.4499373307321322,-0.9918833888426563,-0.3014281992321458,-0.7917773764739009,-0.7722310197012929,-0.08981005842431491,-0.17948796303897901,-0.12051235371067459,-0.13733529377681644,-0.05310139834209242,0.0
-0.02322175938028493,0.21923501170835064,0.4234780081550682,0.4702175910644726,0.022153429382187048,0.4605004178523981,-0.9250251164411759,-0.24574399506045513,-0.8569649494673147,-0.8234732317794877,-0.12404131002385752,-0.018441541081464563,-0.11263641834374347,-0.048278460916404836,0.034429361506736415,0.0
-0.0659778502020609,0.23975964422716786,0.4533759172645736,0.4510874834163199,0.1393121724827909,0.5604289269597966,-0.9974115396586887,-0.23257999551596797,-0.9408074215534648,-0.7714176557791983,-0.1322169459730536,0.0015204676605783847,-0.050744382529505284,0.029803927297525422,0.12623397213743293,0.0
-0.038002129178722734,0.25687818919297567,0.47744786239837295,0.4092120089481781,0.14552265960002914,0.31294898725312176,-1.0176213877906022,-0.27266835882180085,-0.847642133459205,-0.8063075215439786,-0.2616629181127731,-0.1456962458975906,0.09024172320089499,0.04633651268381513,0.15724342729494234,0.0
-0.10836071328839685,0.28435320014663124,0.44418454621781533,0.4445966576602761,0.12149233105037055,0.2960234599443855,-0.9951317584368603,-0.3727531939740772,-0.823043287149447,-0.8432811043651327,-0.337714966616077,0.07304657019634198,0.23803061562220884,-0.007846506621388423,0.0804993365208648,0.0
-0.012385661534574252,0.3129853308445434,0.4539886804898473,0.43559046380492045,0.05487166504031716,0.374954324030776,-0.9948211993115409,-0.21184702452752827,-0.9224995454754613,-0.7848803267241911,-0.2707013659700276,0.12424061440455818,0.13555261430535986,-0.0956911821305885,0.17103551928132155,0.0
-0.05564637339593309,0.2050495267763566,0.5333119657623413,0.3720048210819207,0.14074307017493495,0.40030309543564,-1.0292678210732973,-0.39552424925653323,-0.7777735773638299,-0.7765559771926924,-0.15598852762558735,-0.12754001833241374,0.06390622368965679,-0.16869934356820604,0.04795606686629475,0.0
0.032054733607489214,0.20119176755982426,0.45929901108996335,0.38402263057787117,0.013540831445023688,0.27328784274407697,-0.9216635692970048,-0.4192428812144821,-0.8596818483148407,-0.7304894212461851,-0.042188621758200956,0.010912494393179442,0.19703649723545844,-0.07341954981668414,-0.045240155047383,0.0
-0.04828674220930623,0.25643016737918845,0.502432765114335,0.4622265695646084,0.19129543206858593,0.3336486717779896,-1.031477247732256,-0.4016726024783987,-0.8795641688329146,-0.6453697755069927,0.004629707707171915,-0.005108087348022994,0.18473119323586493,-0.09935986555289347,0.03275838423038026,0.0
0.015810208868585342,0.2704867792732741,0.42584786453448226,0.43408779643506457,0.09146099165976994,0.34056841912545466,-0.9651947725240102,-0.4389678004550995,-0.7552713701610871,-0.6939260727442831,0.16237504620201537,-0.048888136284535574,0.08371251076666889,0.21319311585908796,0.17943888117071113,0.0
0.00445329294614686,0.21006893626851578,0.4287860534159159,0.44059367521674553,0.1219705022787264,0.2988263664124939,-0.9060366787601173,-0.4680128957523972,-0.8733143170833753,-0.7768188384644305,0.0735770093177045,-0.08824506426516851,0.254228411243869,0.06970928320635948,-0.07138089359965863,0.0
0.04685436834592435,0.24828384084601868,0.4544726088391865,0.45377544299838224,0.158079625998019,0.25293978477713636,-1.0070655063498142,-0.4178358020377466,-0.7977876576870445,-0.7473776217635052,0.07016718651391923,-0.10860636989356943,0.09119258908373867,0.05434679456565162,-0.16277245726319842,0.0
-0.15559293062874455,0.2375995049904796,0.4159613002198269,0.4683290473001507,0.17694724183875216,0.2518323220759967,-0.9602222347831001,-0.4894017295738723,-0.8059548754182954,-0.6655179538698107,-0.012224586535767808,-0.039700231654366355,-0.06813293222056195,0.04592186919812929,-0.022055443577034525,0.0
-0.09372735248182804,0.31573405459729825,0.4342029229839066,0.4136244777750322,0.07377421785108478,0.2418969725136748,-0.9748136723978913,-0.4810210545712027,-0.7725078802213661,-0.5957515592825741,-0.044756547050379,-0.08956979276512028,-0.2274225623037599,-0.06313448802359571,0.009863143228442332,0.0
-0.0626870504176386,0.3022024859381591,0.4516822400633934,0.4113166698029744,0.1490461204434082,0.11435249888864266,-1.026222525587448,-0.43913154410613764,-0.7994300013145079,-0.6544645184537707,-0.05964980622952512,-0.1384004039941626,0.046091015149225034,-0.09125209142495366,-0.01263010310489663,0.0
-0.05004135559937662,0.26609288952809024,0.5580936846063606,0.42493151883201347,0.14015755734340377,0.18828605705610618,-0.9249286719319693,-0.5836857589252075,-0.8273710136088207,-0.6003180771074015,-0.031230159361914017,-0.033600343385517886,0.1063982489021965,0.03046982310937408,0.08781451082376554,0.0
-0.07798834129208401,0.28519859564463274,0.4542920090011552,0.4522557303324996,0.17774335308253322,0.21637501585403135,-0.9596219368272024,-0.4189634092776972,-0.7728654728582437,-0.5940751003921712,0.014455809372291913,0.1890886136410304,0.13353173828480103,0.12257214775943705,0.10590779665765804,0.0
-0.06839351131203325,0.2945444553404854,0.37576037473433493,0.43529238935854503,0.15429341087764753,0.17124780092898453,-0.9424589244175292,-0.5105790644001165,-0.822546646684886,-0.5555119076233888,-0.13988580291209735,0.22854451493661826,0.269107704211087,-0.10497847476916654,0.31522846893804524,0.0
-0.05267609498715306,0.2897119521715515,0.5017841174913289,0.4798046740889658,0.04782919235314893,0.1223476716587715,-0.9728488690713982,-0.5133415168384413,-0.7500145459614332,-0.5512941567756633,-0.13814661103754866,0.20341495282451177,0.2675861134592173,-0.09553751614019906,0.10590421007460801,0.0
-0.0653211531799398,0.3070681132614925,0.47527904749381533,0.38267424979917825,0.10134184957100183,0.020029695307966472,-1.0023853239060565,-0.581139116311815,-0.7944928255426891,-0.5872328307667223,-0.12676102312496557,0.27986717829895824,0.30011393963623867,-0.15162351025647197,-0.018271537977148714,0.0
-0.10478420859255445,0.2513972353899162,0.45578427437090974,0.5402795278297197,0.1718683378083396,0.13592772146826004,-0.9781614043279881,-0.5112915460611317,-0.8064200982571093,-0.5104589450480098,-0.2257211103492917,0.04860266222669932,0.29810866501787053,-0.07334725397225227,0.1357886067620298,0.0
-0.05292116770560424,0.2651128230627401,0.4741776911895343,0.45874367054498477,0.14364987136043555,-0.0001387713376947014,-0.986498467356917,-0.6067465537843868,-0.677556803685817,-0.49328865126114224,-0.19300754227377692,-0.0326136283002692,0.23221682994143208,-0.15594510002265016,-0.021792076274038813,0.0
-0.036728023512104656,0.24386075865841655,0.4138998176840788,0.439998551667322,0.16913369183683602,0.07273817523635218,-0.9456124800835534,-0.5997866550834814,-0.7270004700574942,-0.5202607020097763,-0.2675404588965103,-0.030191773332809074,0.22263113928666073,-0.1560025249061628,-0.10851004272091429,0.0
-0.05118770482022106,0.14434145610595575,0.4704398354902814,0.44198396319319233,0.22637017830488582,0.00604340483429297,-0.8960896638994268,-0.6570963509752035,-0.8341099439817158,-0.5043620331819805,-0.47444509821741354,0.10457159709692913,0.21501204141325028,-0.08233273234426433,-0.006149322870673601,0.0
-0.0661093990625263,0.30000118871781617,0.549022979042956,0.39250586217400457,0.07402379325176849,0.034035142297485534,-0.9616457143410663,-0.691637502942379,-0.7169026980641016,-0.47783017829038676,-0.19218621604032954,-0.15952583665701708,0.18804126636911012,-0.05393569537841316,0.12474208110416785,0.0
-0.018622643655112157,0.3074548594174401,0.5669469826658364,0.5649362243448695,0.06815609204823088,-0.07493069377380907,-1.0408460829631494,-0.6395765800646782,-0.7468848692861142,-0.4925748087090572,-0.2016067414841931,-0.09788119537567334,0.22679841289384836,-0.25112037592364767,0.03973725760051521,0.0
-0.013671689952137606,0.15571778209632994,0.40204700092635814,0.48014685049217976,0.15484943377665833,0.04679809337601065,-0.9284954441093046,-0.679696493299942,-0.6793165486310222,-0.47402245558394607,-0.22062107138457532,-0.116781481490351,0.05969323029128325,-0.0866669792745469,0.04861017647631892,0.0
-0.04716203088412906,0.23607477740795996,0.417643236252935,0.40098796986239194,0.07362617434125483,-0.06740039784067273,-0.9738649499030138,-0.7115964609968295,-0.7027639476413209,-0.3465695659897906,-0.18198619461657634,-0.12039237635639638,-0.07783796862946518,-0.02395853363088503,-0.020544382324073567,0.0
0.06345594069750055,0.31265767068015393,0.44604203850502594,0.4372471891707981,0.24172894328356043,-0.09262724333158291,-0.8643896529709063,-0.6272413508583996,-0.7136205036414517,-0.5141439053599532,-0.19728358020130876,0.0747544513070276,-0.22037955525861105,-0.14451908376992265,-0.07905301225572076,0.0
-0.01967579044554823,0.31312148798151,0.4582954796208423,0.3053605196764443,0.16937606724044452,-0.09865529517415192,-0.9463020321538074,-0.7038926499684455,-0.6143111526052294,-0.3842925464494994,-0.015291264948470495,0.28593616822739987,-0.3333009007137234,0.04478549991862296,-0.15565853340341335,0.0
-0.05175141777015273,0.36375535499411815,0.4394887008884924,0.3808176949148153,0.03858934734212381,-0.05752286169803475,-0.9010903568236245,-0.6212298210531051,-0.8220110120838693,-0.41867785203379215,0.10622924747836231,0.24866230441612147,-0.21995081533459063,0.020997153333370946,-0.041035425275186374,0.0
-0.03052000639302732,0.3402098307667671,0.39890198491805395,0.41806165676962503,0.1551360139337289,-0.10414325011009713,-1.0035080015829094,-0.8494359661517642,-0.7379267809930828,-0.3701833992142852,-0.06040381587538243,0.23701014977872947,-0.21491067260215344,0.15579470728857994,0.018335313653835915,0.0
-0.1027023708986484,0.34085008560142893,0.47326412866685297,0.47247960569295777,0.26431933141359465,-0.15390157856749315,-0.923243658086578,-0.7919355930229576,-0.740042552798132,-0.2511310447215099,-0.06528546429934386,0.11120795036767439,-0.28908600907616017,0.22568419334320636,-0.06847032586970912,0.0
-0.0396594202176843,0.354474651223565,0.5180220224775604,0.45281996255156914,0.12577643701556065,-0.1417011138778377,-0.9139179962599848,-0.8089293121759742,-0.73379102566603,-0.24914303402329618,0.01829040640444425,0.06179412475360288,-0.3249010147363892,0.10807954561018793,-0.09513335072706128,0.0
-0.08718021697114223,0.3139172464869778,0.48131136819459736,0.4546087202649136,0.023512219162720505,-0.10514446722836573,-0.8671840594811115,-0.7542812456650141,-0.6868060659467694,-0.31289999294269233,-0.05873821224932371,-0.06324858956291302,-0.22008229995109688,0.1568253027857081,-0.24222786039193483,0.0
-0.045150782319442806,0.20156976411889882,0.43087129968860716,0.46228472783433344,0.08551915838644007,-0.23135214684868444,-0.9598192509774569,-0.852888468093017,-0.6329234798939865,-0.1766073654609684,-0.08953749416011322,0.031872345121703054,-0.15207211575189813,0.14003836696845784,-0.23930545174233278,0.0
-0.07344929464431296,0.3437719663155495,0.5040741134379133,0.4394926600101175,0.21696875390537831,-0.2344727354898268,-0.847539125391624,-0.799820054385303,-0.6136153661055314,-0.1343469236721827,-0.18870743989653455,-0.021657901451739257,-0.15903131375562438,-0.06149548211282678,-0.22645691944112775,0.0
0.010194521829181367,0.3010085898830571,0.4384007478343571,0.39843492388377805,0.11782332558859798,-0.24238971771015744,-0.9667203666936064,-0.7360044943295995,-0.7142599801712679,-0.20208472281722042,-0.2078019886766737,-0.12152248308551025,-0.25100002276557276,-0.015382836179520059,-0.02630981195348478,0.0
0.0981524373150289,0.18545594991613573,0.529206506019718,0.5894327283233709,0.1585002273027608,-0.19015276533807404,-0.9192139549392747,-0.7663124899078579,-0.5935322860774058,-0.16911000307773444,-0.14124380865349823,-0.004319578050476017,-0.04262673255649893,0.25185151943889084,-0.0346288341163576,0.0
0.005318298031204004,0.3100582471290338,0.5320524787554834,0.4596856720682407,0.16712422906968308,-0.2741612853074947,-0.9194097642827023,-0.8343424162698707,-0.6180881463065679,-0.27421640562932703,-0.21599219631327513,-0.10033261302526893,0.022205613562259967,0.17442748417473927,-0.07843794414783381,0.0
-0.0585409529952986,0.2429735951260511,0.3913229045298947,0.47245255772541817,0.13346797562506274,-0.24018203955244116,-0.8244344725260903,-0.7955752943538857,-0.6276775984932489,-0.16755000389420108,-0.12526269595984546,-0.02178255728545416,-0.1393985414944322,0.03594077678418928,-0.007300752919826681,0.0
0.015002650958722462,0.3271339579501525,0.46038175335726256,0.41770496014189223,0.1247880320631595,-0.30686871958111783,-0.8956268579714374,-0.8357380341150217,-0.6875131159298384,-0.19553436993206758,-0.03909458355693385,-0.06674494961924161,-0.1559610697911532,-0.08925649876327899,0.04554113209325555,0.0
-0.04475714273464661,0.35017670257487615,0.5178404571578418,0.4343858900986311,0.09961840133590394,-0.32735178121111697,-0.8836080303648701,-0.9310820193004972,-0.50666788329258,-0.1376504989392082,-0.004430063085916366,-0.045109584937780216,-0.17201837950258816,-0.1339035837237988,0.22144520826100084,0.0
-0.05330165702267749,0.17379094282393356,0.5121213132504765,0.4223265126280407,0.11755461821105537,-0.3356624206084375,-0.8545319395931271,-0.8718054460225844,-0.6040631859093605,-0.0711492875673837,-0.05258235984876755,-0.045114662993901114,-0.2869661063068344,-0.08527422349090476,0.12164582067556445,0.0
0.08529996040751892,0.18733730440991817,0.44715093086018076,0.46194906435624217,0.1874599585625432,-0.3514010554001483,-0.8141030659790858,-0.8188577570895164,-0.5813560111832458,-0.053906452116378706,-0.09333423547341586,-0.03377676899828096,-0.19648214292881042,0.14833329631988612,0.07262473701381221,0.0
0.018283352246361517,0.319581209563133,0.536625409389713,0.5238484736628781,0.13266579882104598,-0.3758410637615642,-0.9070430272696943,-0.8531089000598994,-0.6042632632995066,-0.0722018211579664,0.07342891321254287,0.02941610540429411,-0.1858280604659143,-0.009934016157899517,-0.07937626871478384,0.0
-0.006733089004310317,0.3004305725265952,0.48556659036676747,0.41501412371648355,0.12299592557162747,-0.2729289999720226,-0.8868006060020256,-0.9212922382237962,-0.6040032426850809,-0.02052670337256155,0.021195893364270843,0.05579258120936988,-0.11217605808097236,-0.13523435020445923,-0.1451946713511882,0.0
0.0007581948885858406,0.32424650159035906,0.5007924410793418,0.5508620879268045,0.1913767701583846,-0.30229013111890585,-0.7499512601975798,-0.8743473382689938,-0.5870254541437713,0.06906369600788555,0.007446175758005514,-0.00428803104281112,-0.1538595854320225,-0.03687496209643812,-0.13946179882916893,0.0
-0.03255645938844659,0.31283480455745005,0.534409104463515,0.4528897670498572,0.15652574125278484,-0.4039768654996949,-0.8699906441657368,-0.8623442984304486,-0.6689722094422506,-0.010400055798604212,-0.18163272191511629,0.07706774440323447,-0.1403590022381484,-0.2598445221160589,-0.09694274341117727,0.0
-0.006612163229204528,0.33025979205422545,0.4335042202299539,0.4829796262662628,0.06278368722042953,-0.46097772688726485,-0.8453186995125598,-0.8614281150539422,-0.5636465276622308,0.10985750910368822,-0.1141781610124867,0.11743704626300377,0.0015886070869802482,-0.2875344128203217,0.045358245326924895,0.0
-0.13535848834398612,0.3619494602808371,0.5657963983961506,0.45494121246544217,0.1752569887886869,-0.4074917796476164,-0.8337411735472066,-0.913262069129887,-0.5022253877249736,-0.019733373961481476,-0.10755572848385422,-0.02552142257115511,0.2041615307677337,-0.15907826872132555,-0.06945666601721129,0.0
-0.11048356881484214,0.31760629233217746,0.5577015178979831,0.46383510211716256,0.19566470713332973,-0.5377470419562045,-0.838894501911221,-0.9976518051947945,-0.5494662379970502,0.11512573051457738,0.00952039097668271,0.1752209590546181,-0.059513822715763304,-0.051678767596541615,0.09194044313125435,0.0
-0.016834624773911906,0.2937097383510468,0.49561440217878966,0.46036774435361394,0.17468465595759508,-0.5312210307880314,-0.889347330072136,-0.9702033637198518,-0.5727298722004981,0.03541734550462247,0.14669786686208183,0.08814815753485085,-0.1377000994219744,0.0249313010370074,0.10015283721893752,0.0
0.01751141736527711,0.40965750388338157,0.5606660245655903,0.5059793956524857,0.026418172532627404,-0.6075731408638777,-0.8791815537057016,-0.8962085166159873,-0.5463612872897293,0.055139174911057534,0.23375908999643852,0.17652409862584023,-0.015641972902701223,0.08172809199813386,0.033076577725998195,0.0
-0.09648161982321656,0.31570523940194595,0.5336780481208975,0.48421270061020794,0.19134065449081214,-0.5641975654373894,-0.8346498850216562,-0.9469330642524678,-0.5752950654826723,0.1433685073712298,0.27018446224255327,0.0809403640286423,-0.023904911822338767,0.09614885613383037,0.17044056495602658,0.0
-0.05009267756660791,0.3523489142869594,0.5392569995253587,0.5396157216852486,0.1702500869480501,-0.4954003571951889,-0.8469037292430335,-0.9379267135045367,-0.5803155190483111,0.10946145821883962,0.14381828884197193,0.16314457459475878,-0.11132475995334537,0.1348756349455252,0.15103790663923136,0.0
-0.04756314835351985,0.3141565254386172,0.47304268541391425,0.457206857496373,0.18859898754613696,-0.5323322687978971,-0.7433700887717356,-0.9354375222618322,-0.5593967138919816,0.07683557741738856,0.10566642073428936,0.09647386617102387,0.13100006139562742,0.2392345325361817,0.08219822196003986,0.0
-0.04978479338208931,0.3130145125473652,0.5194516124228212,0.4842515943676164,0.14501051519688432,-0.5300748051431564,-0.8107153256799907,-1.0194094776017464,-0.48548788677836563,0.15516710849995388,0.1835086426499356,0.22721973464865952,0.16706340365207764,0.08101396878288543,-0.0343298925426192,0.0
0.06557862034289628,0.28924904106649124,0.5854757241111129,0.4556386562124491,0.17701656716573316,-0.5664232105616352,-0.8298327026793736,-0.9704203903895381,-0.4973412319629045,0.0950373526210032,0.14144569887779287,0.25583769097047737,-0.016334137477585664,0.2706084390286308,-0.048447502005066354,0.0
-0.006461769952535855,0.3814740085053745,0.43556689634409723,0.48175156334393493,0.16378201360942934,-0.5286981662565003,-0.7940704645962188,-1.0062186845942036,-0.5023646653004106,0.18985869338687825,0.1807228533382808,0.4412503302565326,-0.2174516793429611,0.2678069312109975,0.022161277776001125,0.0
-0.06859420513740902,0.31521349882422967,0.4841305634807399,0.4491409552467544,0.13900836872509653,-0.555887950612935,-0.8086700888626351,-0.9225997871847201,-0.45565787804532804,0.2307741253256339,0.21312486591655255,0.22621552257923952,-0.31426241311101966,0.2491187303459767,0.14141985901608425,0.0
-0.006708307606394249,0.253724992451361,0.5559749635550129,0.4174638569891784,0.1716097716209855,-0.6681952598205319,-0.8473424246976382,-0.9186485179716031,-0.47504147559976173,0.22167224013661863,0.027405712459874887,-0.060415980959954735,-0.1348814372277968,0.2592284003392836,0.16566102666433064,0.0
0.09416994009275716,0.3422180113108009,0.49852695096827865,0.5513453232114771,0.25866344389024765,-0.6120949758037116,-0.6818175568087139,-0.9427942295461129,-0.4845322885087041,0.280454849108044,-0.02981250170529226,0.03954497988063774,0.03452035204689961,0.22197515955666688,0.12291499194942973,0.0
-0.012225148476068773,0.2854958704904536,0.5677378285058324,0.46682560449029964,0.10991944980311832,-0.6477720922587977,-0.7076032478308966,-0.8880031227111398,-0.4610616504815728,0.23681529274679927,-0.020044784019638925,-0.02561351844569803,0.11424167899630533,0.13326843689204357,0.05171775170709185,0.0
-0.04733200418332478,0.34514687957753354,0.4717950202543586,0.5139488263032059,0.19542293102696637,-0.6774652709724622,-0.6729172680998405,-1.0703529746441012,-0.5601216560246922,0.3585910191659655,-0.030483308390219205,-0.04753308972269357,-0.06736619597213497,0.07167212732623357,0.25335996755406687,0.0
0.04908262765287541,0.31653981357655286,0.5579546063986199,0.40083681473663707,0.20630766095159483,-0.6890115025041159,-0.7288088291926427,-1.0089913200091147,-0.40261061040542145,0.3358495345082808,-0.038172235825962304,-0.06987107979524346,-0.06737655586044768,0.0350515384974528,0.4050331352266303,0.0
-0.05905074648234548,0.35201695224594554,0.5153022691276584,0.4682536085664062,0.09861624797587654,-0.6840828877742849,-0.7519154718944301,-0.9362581023338165,-0.3169085353647576,0.2308319987375122,0.024885193335400395,-0.15276509894068846,-0.14573548991927104,0.004705564638310868,0.40823850255223704,0.0
-0.015049745857904175,0.2696124002707495,0.5510013759995421,0.43605516603322275,0.13692434007645998,-0.6840562992324551,-0.7152795124756876,-0.9709775638372014,-0.4238082029784619,0.37120537020740935,-0.06755971381278539,-0.2248015333949284,-0.2597822177942103,0.025243959686393834,0.2094666242173117,0.0
-0.005999310183889241,0.2779059485838408,0.4684323717693611,0.5406135979027112,0.15092513951642003,-0.7926696188283794,-0.7144260911791498,-1.0210523181321685,-0.37185362193876187,0.3223434074854845,-0.11138575824660485,-0.11785119213194614,-0.1345756002051265,0.15662378493898396,0.10694453360052306,0.0
-0.039526409236376236,0.2294430413764478,0.5200120115167388,0.4312432715901476,0.12573012785592808,-0.6638982931500352,-0.7611610436546072,-0.8829980532030552,-0.4507870671828623,0.3661589504120286,-0.08731263898364058,0.08055334728798422,-0.19776864214377438,0.11203036683969328,0.2343304989163076,0.0
-0.041118257327303176,0.26703939241702135,0.5357243297160404,0.5373350102960114,0.0713698581689515,-0.7191867034112405,-0.7305314831903229,-0.9586364133532735,-0.3903978027124376,0.42897533446561853,0.12144040896991783,0.13143426214772694,-0.03567628791580718,0.05413573838515149,0.13369214586946068,0.0
-0.05257218445544002,0.2763809494677489,0.5539529345655307,0.49725214568519777,0.2181820586281309,-0.6706891729358785,-0.7373388855402823,-1.1033698182075553,-0.3815913134878739,0.32806491793223586,0.04996429749445465,0.12352557181079532,0.042138095854435294,0.1344935800852599,0.22737809562882252,0.0
-0.11477434900465772,0.27676027691264377,0.5107639594824307,0.5123278179324311,0.2353261098663455,-0.7769263625996299,-0.7180070840008816,-0.9368894993988808,-0.34546848308204503,0.3586794489436411,-0.026308124580928592,0.14911665782336314,-0.005705160674546943,-0.10503076605608336,0.09590301652971342,0.0
0.00012309656079985756,0.34229727891606565,0.5608734310584352,0.5242921104462281,0.12604100739358,-0.7251932229178321,-0.7653470398296112,-0.9197955951099626,-0.45970224201680515,0.3987760911216091,-0.23070717887358888,0.0992705558436483,0.06724694370470147,-0.060551953442044844,0.009503802675885797,0.0
0.008681919654716975,0.33220357364792036,0.608197358732462,0.5027362641862084,0.22442560091636193,-0.7891060302408396,-0.7418547628776727,-0.9626377995445472,-0.36120631368271544,0.5343647413078345,-0.07423231803868802,0.29399558867393294,0.0773256760050984,0.019991324659607235,-0.14834176940706326,0.0
0.03488671054207948,0.3167823707935575,0.5324731986103396,0.52971956685936,0.19837047220571286,-0.7804210599128186,-0.6656126118448616,-0.9988337096300896,-0.3396175800311664,0.5670965860195164,-0.03295645011661155,0.19488472346075375,0.11419830068796652,0.29510301890097485,-0.1999345595953822,0.0
0.0029098659830795303,0.3061754710047774,0.6227668038688611,0.5400401558072275,0.15115756002153458,-0.8064859424430462,-0.6866305953407561,-0.9509182608008091,-0.2897670418243694,0.500700464282767,-0.22828391544178706,0.15242003300649817,0.06983487548410885,0.08757547321500106,-0.2654854059922402,0.0
-0.051435453865330966,0.26637773299218626,0.5026052552492213,0.48754519246030564,0.19068195895906995,-0.8185802592869907,-0.6624124486923275,-0.9073475585051325,-0.22015125281065534,0.5119669633279069,-0.17281130198793168,0.04164083961911085,0.11921921249546778,0.06874615523472478,-0.14456298565467435,0.0
0.025796473636458456,0.3877551875425133,0.5407304904533093,0.5031121044191427,0.21352818312403904,-0.78398237040692,-0.7943414970705838,-1.0058947623045635,-0.29021719616132424,0.5013348152938695,-0.15289954069307035,0.1269764931876683,-0.029888833626987438,0.14562063890991117,-0.042981810332448855,0.0
-0.05601038581809365,0.3763332832258923,0.5297731015514813,0.49189032478011785,0.21147664200127755,-0.8042352199107997,-0.7547806042125094,-1.0497600609433289,-0.3237510065325357,0.4405980605588003,-0.0952609571267108,0.0704535851171934,-0.004323576524786099,0.1062566766366066,-0.15564810299838422,0.0
-0.01933792169335769,0.3708802990318229,0.43440474849996535,0.4243422887969892,0.15143502901382486,-0.8378682241806288,-0.712125343875083,-0.9451905663331425,-0.3790255946541814,0.5161216050021942,-0.11632073255269361,0.29055257908091553,0.05015276828734748,0.13225531940499408,-0.1979933580964945,0.0
0.02051035920293521,0.2864525866488219,0.6146801984045724,0.5553014233265511,0.1658258771033359,-0.9795111071311845,-0.737800226017449,-1.0351617258241381,-0.2622009535193406,0.5412629947257662,-0.23167584381771889,0.07779705302994105,0.006086792705129917,-0.05418395049151778,-0.23828979223561902,0.0
-0.06881514801296174,0.37526495167269563,0.5300283462557925,0.5496107800969934,0.17954173676307789,-0.9354431486355242,-0.6438778614745688,-1.0297439085158964,-0.33086695536445787,0.5772123899826,-0.06196638229335938,-0.02038137628415821,0.20677961747238516,0.052055203041690375,-0.19209931568587763,0.0
0.11063316929052136,0.30993485940666743,0.5807225727955625,0.5342744787174433,0.19045412329073821,-0.8086557944037472,-0.7750910813329738,-0.9872494570465421,-0.263238913439863,0.6162896790600053,-0.005664802737638405,-0.07598160910069954,0.4074988524547125,-0.10654601042245378,-0.25531663328375004,0.0
0.034252129092612715,0.3167804843168289,0.6092556552724187,0.5330793446294045,0.13300052307243884,-0.821293637341145,-0.7163815189718581,-0.9857007855005789,-0.24325630933569398,0.6257742848161603,0.0879430268512407,0.11143175703001942,0.37053393758257475,-0.09877815891732783,-0.2350691546011633,0.0
0.09718776555172685,0.30290583974457297,0.5453529129736063,0.564395852193272,0.17559726337406173,-0.8321571700449168,-0.6864757732987472,-0.9994668357733494,-0.20862026539549208,0.5543551504696159,-0.042179253997459046,0.12058134552202208,0.33655327996129425,-0.15799851116755292,-0.03417440988345785,0.0
0.05812078204553939,0.36346000986504345,0.6098874688302396,0.591516011872206,0.22073231020827622,-0.9707028990132369,-0.6273910557126638,-1.0439569398534652,-0.16089282141235595,0.674152771066864,0.08292144715568478,-0.014011758040012104,0.19369378498853482,-0.04394018920290302,0.03661525666251597,0.0
-0.011164540498067739,0.389233662913787,0.4656770217270947,0.4804373600093438,0.17199578792725007,-0.8697414071896101,-0.5222088484715243,-1.043332873793165,-0.2279438458136799,0.6035891582557095,0.17958270440214985,-0.07161036843085493,0.2262198293583073,-0.18109711095189024,-0.08927449267541829,0.0
-0.005005139594594632,0.30703514869256227,0.539878343376053,0.44682558488849955,0.19124890816432658,-0.9744157997284799,-0.6560807477060345,-1.0453044157869793,-0.32535311101261327,0.6769864329547293,-0.004057311337458819,0.08993770528963399,0.28231326824983805,-0.21919509561848377,-0.19042524615312845,0.0
-0.020648908393903362,0.4184026409418476,0.5700275487255475,0.5404020907182554,0.21826440102635639,-0.9511356833231941,-0.6014571563013463,-0.9424770531845424,-0.23346418524327395,0.6583424505658236,0.06239731444555627,0.06067872563527139,0.28889345600485145,-0.1146470097153452,-0.14703370051617823,0.0
-0.026292907369325505,0.3101482696133517,0.5882825773156151,0.43855799097532705,0.22039929565387661,-0.9204158617712672,-0.6992420357735041,-0.9543055619055218,-0.18752927357199867,0.735523267666509,-0.015132165403596444,-0.053073002322105364,0.11455785866702796,-0.06452403894153894,0.053735343916471126,0.0
-0.053823389388183644,0.3533907738813894,0.5558088496951287,0.49271079501170545,0.17160564336091022,-1.0042032375146903,-0.5360634613306585,-0.9600833411214692,-0.22427056509729223,0.7121856688792092,-0.029009099574010447,-0.16755188819142713,0.05486856880508861,-0.020205628350167978,-0.06364844946450735,0.0
-0.03806370237656297,0.3522048364259054,0.5951035820250927,0.5199069410293709,0.17197441983229572,-1.0154896566135172,-0.5799502016100766,-0.8980991082127122,-0.13761195516724514,0.7568234043929822,-0.09878723431438606,-0.26025604005107655,-0.027295887009657703,0.11262750867281876,0.10901842963679392,0.0
0.03076858587319991,0.3793377120157598,0.6105953710900134,0.4777735922598055,0.25652688038601834,-0.9129036786637424,-0.5665827161003258,-0.9556056713789735,-0.1686470840477782,0.6946062386523868,-0.08147802894737934,-0.20802134712366285,-0.13640667258283262,-0.17690139890487094,0.3015205242158116,0.0
-0.052430429766727266,0.3980496765259192,0.5715108850946442,0.5447723090721602,0.17205044253396393,-0.9366279447259372,-0.5255157490359477,-0.9040120039240963,-0.13947283172242247,0.7530397706421887,-0.4255782157450594,-0.21988556053324682,-0.17700546437191692,-0.1169829651699471,0.1394803020803448,0.0
0.06839160402653871,0.254965540130245,0.5140175162078335,0.4443979860801995,0.2640863434447788,-1.037437249535725,-0.5046419005016072,-0.822840863792048,-0.16146298329454872,0.7992989942651121,-0.36748932960430214,-0.13466751764844237,-0.18788646783147592,0.034838648268238265,0.20097546710643077,0.0
0.052756390044922365,0.33555492375938367,0.5438393958049024,0.5799102250164447,0.18032913771159273,-0.9628588126635022,-0.626991164753755,-0.838054738460907,-0.21062539528646476,0.805338684751484,-0.26211145361008426,-0.1184489737841295,-0.10361223987399829,0.06999536090952309,0.07841928947636101,0.0
-0.06442395147371044,0.2499792084236812,0.5563288829961762,0.49058128862421685,0.1965959746868458,-0.928578341160545,-0.532453084436587,-0.9890178625076422,-0.2018668554073378,0.7552361589370329,-0.2585176890066158,-0.11198391355559201,0.11511186752762273,0.1640791652768289,-0.1757635285314007,0.0
-0.023435756185989046,0.286344300640518,0.5787749369567081,0.6304425971750748,0.23686897035141163,-1.0560628473138098,-0.5351220414144154,-0.9411324668684099,-0.20830062874995786,0.8971455388988329,-0.32926240881824165,-0.057047177591063314,0.043322660620957826,0.00021235766665592126,-0.08513003677453163,0.0
0.059321241931316264,0.35017691572770004,0.5408723904370145,0.554278045482849,0.2074108460275132,-1.0651916101678707,-0.46250275636285115,-0.8746237066187413,-0.05629138434075533,0.8052878253792032,-0.3686150316936896,-0.14742686208721756,0.13389874490478115,0.042859649518742764,-0.07002254385360672,0.0
-0.06498761938599983,0.414656770201378,0.5462076886664629,0.4673213259317477,0.2501215071435411,-1.0436613684090372,-0.45737571498726504,-0.9898538863154832,-0.0974827386150071,0.8663012695325468,-0.1355959739672838,-0.04429770780923775,0.10984005216237047,-0.26650980682418235,0.0446386167922578,0.0
0.0019837923601558113,0.3406505304723268,0.46596710327606555,0.48389263477157085,0.25920757168153613,-0.9292660942783121,-0.4676232100752726,-0.8195622591007953,-0.0813790137423405,0.82846045661014,-0.2202949574803412,-0.0473903606656923,0.22035996088134852,-0.07845184518178454,0.09109485867870895,0.0
0.08338216449654015,0.3890078600222304,0.6943845630188713,0.5690120265496917,0.10083573858581957,-0.9203090105935459,-0.5323674405425274,-0.935211613223153,-0.12737098925742113,0.8348255157059705,-0.11831378620442615,-0.14520047206840486,0.23351916767528638,-0.18500683456756453,0.2932931391002517,0.0
-0.02196247593318637,0.3267085254902207,0.6492551430958753,0.6238028417262813,0.140961968866828,-1.0107687671162986,-0.4695252843369254,-0.8251991010456081,0.07626761789072327,0.896452890605967,0.02894980132793984,0.005923093441265362,0.17961595674698372,0.18176462610537775,0.26540837707559867,0.0
-0.009075169548189176,0.365785826461677,0.6120989028766932,0.5779050559336598,0.3027563489673835,-0.9094509605086388,-0.4942852813761628,-0.8358849893852286,-0.04081740786274719,0.8240983786265114,0.0590286441059481,-0.17071266101278765,0.15954520477147532,0.14736308353952657,0.08495082925046848,0.0
-0.06239288940949511,0.3240644270688227,0.5787078992447042,0.5936124969788419,0.16978594110166542,-0.9139147365394745,-0.44993048701551164,-0.8953563999119175,0.030979845139057702,0.8461770401470959,-0.1624904650381297,-0.28932411680571113,0.12104643339047585,0.05910034391447224,0.12716460356278592,0.0
0.09597852299904017,0.28627154522928966,0.5969571588154987,0.5693929539974243,0.20950203321386843,-0.9693175387250212,-0.41015688848837584,-0.8980833329689767,0.026052282126772505,0.8588947172957656,-0.053846255392012154,-0.08271589508210116,0.18775342480009838,0.0850566590288008,0.32614027754761565,0.0
-0.03936759079070468,0.44393643204470035,0.6147623591168914,0.6231070543595411,0.10181637742313034,-0.9576460453940097,-0.4795909807739377,-0.8290574638949848,-0.09921743997115831,0.8746417830814927,-0.14524842148769704,0.1316449571151612,0.14226408014976633,-0.10330974514812469,0.38738677393420423,0.0
-0.01832992213875702,0.38923520469405104,0.5927256971495766,0.5849328612694301,0.13195369957401476,-1.0906922217016477,-0.4091280740006147,-0.8561403162115232,-0.046384699371362796,0.862497299307035,-0.19227403960585912,-0.002163872935212474,0.058116056461864594,-0.054679878244247734,0.36303371853485894,0.0
-0.02345114042854798,0.404845259369526,0.5900210069002936,0.5833091858020308,0.1828435045540474,-1.0976583121343122,-0.39367876354544584,-0.8471725708264423,-0.01080112717567078,0.8203541713646353,-0.14136476092555764,-0.11199714827455269,0.17121747416835761,-0.08184087557410051,0.23996562510283015,0.0
0.027356355783339212,0.2581700747273832,0.6038532009583942,0.4752967355398297,0.24745973005753188,-0.9882280869365216,-0.4631574377450195,-0.8219573625423127,-0.11307755095108035,0.8892119457949583,-0.031201278245993294,-0.04470602751240789,0.20223736788345115,0.07108854268306622,0.27808512489909887,0.0
-0.014296381707536724,0.41370336671173824,0.5575965367299895,0.5535250323805458,0.23353163508039781,-1.0121299887762605,-0.48676127746255965,-0.8365328309412984,-0.011520545919751537,0.9109132587392981,0.13507112001326083,-0.11333921996515817,0.08297546476494692,0.006164375833032254,0.2537811532478815,0.0
0.06150558589900376,0.32125073087017275,0.5261907709656717,0.5934454993414647,0.22182785236796287,-1.0483540048442221,-0.3601672855376742,-0.7504377374395245,-0.042997145113054074,0.8967241253581848,0.10502994687292025,0.0679057989962357,0.10099225095866032,-0.14214287811138668,0.21316251688149726,0.0
0.018227782940826644,0.3890743667503655,0.6516790794863985,0.55110495255616,0.17807547026554987,-0.9983578465855911,-0.2882139157224836,-0.9247379901467656,0.021867817195859313,0.9840751260229603,0.1404939971509718,0.004298649663785403,0.1393981680477927,0.11843379724499577,0.21291423220611616,0.0
0.03533065903848183,0.3128402737081829,0.6172564489952213,0.5750886261383231,0.18718302110462268,-1.0230330841941306,-0.4980836768529359,-0.7656881742610486,0.0053115491868017065,0.9883434981098651,0.03472271621241725,-0.09017221854025854,0.08728131932493732,0.12337563317087832,0.04921465114113763,0.0
0.04919121843520802,0.35214126763561454,0.5852537487409948,0.5429338833256168,0.21255937916116746,-1.0463940688484759,-0.3363125865397968,-0.7991946855240626,0.052405597251314835,1.0319207688349397,0.14253746437178383,-0.030793490738961683,0.11633083069987049,-0.0574642661155995,-0.06384881312395276,0.0
-0.00409438083467796,0.4207691355184572,0.5629517235010773,0.5780143207459306,0.2052847377432679,-1.0035579625859659,-0.324173379339335,-0.7060549866558573,0.02496346339234342,0.9476726362257234,0.1314229393178114,-0.06906069662734818,0.18962130149460538,-0.09952378468958831,0.010432911094713379,0.0
0.061835650509868126,0.29177082594136794,0.5339324593303241,0.6363174416332296,0.18575454254416063,-1.0572064206800351,-0.30494478006095616,-0.7344224306908642,0.06957349244564921,0.9740483283715252,0.08792153772388138,-0.17657052884823232,0.03636673050215539,0.16335827716277096,0.15568997932766415,0.0
0.05201066753405712,0.4051764833757955,0.5786966334142838,0.5430814343107817,0.23721711950189855,-0.9770262581951367,-0.2825816244715537,-0.718196325025903,0.08908096456067499,0.9838111197332959,0.028798808152941002,0.04953677269620023,0.08679651468259576,0.10934963707245768,-0.019470056753810167,0.0
-0.003951449069440269,0.34895774113967304,0.6698357829888055,0.6067482688430563,0.17030829554694482,-0.9390463004122288,-0.3097501441721407,-0.7187843771598593,0.08560514751914314,1.0861485386296674,0.18678193986869185,-0.023624967336701698,0.26536659825734654,0.11872028691019833,-0.13112692783367574,0.0
-0.02333890174475458,0.3656160816339572,0.6291090353059248,0.6197284814765018,0.18046059403350173,-1.0051384693760566,-0.3001579511704783,-0.7451349311695669,0.1570478388194591,0.9553464270973321,0.11178880939407272,0.17951224489435444,0.28287790814706737,0.1170636476724006,-0.059117436299269965,0.0
-0.015559099288077239,0.3691110304201635,0.5678184119558333,0.5458004779247567,0.27406757628983325,-0.9759073154835243,-0.39720685567571024,-0.754291064189385,0.13535959851087634,0.9323119470487441,0.032675053732146145,0.09058086016943605,0.20769668727629548,0.09610784132929155,0.04475126089015157,0.0
0.11313024066348873,0.3246044352561578,0.5431655637518086,0.5798896969026122,0.23389617230088755,-0.9447328593722644,-0.342210620629856,-0.7136109899623964,0.006221310012091363,0.9140393020305435,-0.05643197498491699,0.24232706787013297,0.1496022230593121,0.0983498272660233,-0.09083358058367139,0.0
-0.02395930156279541,0.34249099409323214,0.5617797874502293,0.6527386864449822,0.21529288416259412,-0.8800479805317639,-0.2495431743688858,-0.7021578084313567,0.1602751425686505,1.012552553779351,-0.17125475065444384,0.020894483239355055,0.20578492857720537,0.08334359978649718,-0.000750531239999977,0.0
-0.01012956229224557,0.42679666729916377,0.5779023009288733,0.611233731137317,0.27294882584244506,-0.9245954239323821,-0.3505067967553462,-0.6088650030764319,0.1425368578775515,0.9826194328558788,-0.09536584686731861,-0.028268318524844474,0.10984081326772577,0.03406147915474609,-0.08854971089065504,0.0
0.018736092535922958,0.32704653881472884,0.614346132038475,0.605381900211658,0.2432351751714601,-0.9260501071808667,-0.31063598742269083,-0.566468103476069,0.11866591105688683,0.9991170418287375,-0.006892901986558411,0.033352664168573326,0.15432009021122095,0.010078813291762315,-0.3094565184635632,0.0
0.005954265247065105,0.3475300298085057,0.6425518532121659,0.6153314956939261,0.15961037987409976,-0.9507941401097572,-0.28403369909719267,-0.6112253719232505,0.13876645727537493,1.0277095979776694,-0.2082256926042163,-0.015981359051724976,0.12804485107897784,0.062251614490389046,-0.411009225313812,0.0
-0.038750277435935454,0.3861924719967933,0.6857783820644503,0.6894512012045794,0.14021242899712583,-0.8598091092893424,-0.2771465272266198,-0.5737325291940516,0.13949129505474372,0.9982360650287982,-0.174013282896547,0.03287907244389356,0.12242636925910291,-0.012208220952123733,-0.536893123527697,0.0
0.07945382924926106,0.35327858651077126,0.6236607366590318,0.5746855512839782,0.3135620008568489,-0.9644306429626028,-0.2848369004759703,-0.5648556824339344,0.2856911994584601,0.991815649954962,-0.14143343207019726,0.008266165132674103,0.2076645458566347,-0.06701465607659289,-0.2970747064386412,0.0
0.01994424557510528,0.2852082676070859,0.6838027580791564,0.6067906207800329,0.16796833453903273,-0.9558304338091975,-0.2489063839235192,-0.6037375168280966,0.1510348595291911,0.9982290194210582,-0.1586305331313752,0.006774451774054849,0.30177367018657897,-0.02143473946972407,-0.2748686460374544,0.0
-0.05407567128362087,0.36785603662631045,0.5422175188457037,0.5556939096516403,0.1817088010181091,-0.8957174433170288,-0.2211789030414142,-0.6043754296108215,0.08608528056374645,0.9723328234272591,-0.2519986673869262,-0.12826255162283795,0.21387075207205522,-0.0024064011996689748,-0.2355131332121822,0.0
0.07341142357238785,0.3497108623395361,0.61165098250581,0.5316294079590927,0.31766358877138456,-0.9142080841758868,-0.27151352602895623,-0.5809005209782366,0.1790534864451832,1.0899763304396726,-0.21104027537862738,-0.00796781725335137,0.17033813149898766,-0.04468531564508718,-0.17149364683475937,0.0
0.06385927077827039,0.3159003447090566,0.6903141331727612,0.6054330914757494,0.23007883676108443,-0.9097483200421439,-0.24575877228161236,-0.5698070199195184,0.1697358316230727,0.9540695932361432,-0.08986128985836908,-0.017608698799152774,0.06862602169116427,-0.02750681868615248,-0.15042733198927474,0.0
-0.014801652000026505,0.3730839749846229,0.689512979191991,0.5978604286869877,0.15495325691985762,-0.9784785791216906,-0.1492865073519756,-0.46773098527491874,0.22520936030645394,0.981199321055521,-0.08635865442027982,0.03094729474249267,-0.07760770872650637,0.030488686093651574,-0.03215196969332522,0.0
0.09483739578864965,0.3195992464061304,0.6198577732568368,0.6330272226867119,0.1959919187814117,-0.9275889908220158,-0.20589654543685995,-0.5071578860408931,0.2408786142462218,0.9911932818421201,-0.19069842510410975,0.06390930250419581,-0.1725592780151268,-0.1414102119720059,-0.010213130859531554,0.0
-0.004581501662370226,0.35073535607053696,0.5601241052562558,0.6468225485977009,0.22527348682872483,-0.9596443291101102,-0.1791653041897872,-0.48378273855150616,0.26720648226009003,0.9963461931495926,-0.2150910017073361,-0.05489601300739254,-0.21157177070942193,-0.19866381200809047,-0.010013942683484904,0.0
-0.051700514584494456,0.33484846698478704,0.6136383638970112,0.5472027370992163,0.2328586799896905,-0.9745010449374418,-0.15855620980069396,-0.4595922405194429,0.14794194017032336,1.0268646875409722,-0.05647214699044052,-0.12034317714773138,-0.34250133194048815,-0.12246915762940429,0.24776333006634302,0.0
0.038409735501932336,0.34070621246070815,0.7062710196086566,0.6190328577913957,0.27454084360343844,-0.7820311486059366,-0.10808188826963279,-0.4405726106543578,0.1973789290107293,0.9933157851737154,0.034413079547879,-0.06768405473865739,-0.33351817688096547,-0.175685671480175,0.19936851068270775,0.0
-0.05196551787002633,0.39214866025924044,0.6859014747996869,0.5548268769632495,0.17412326147198648,-0.8971455037875369,-0.17344910713037076,-0.41819879389024106,0.1579822543517887,0.9860599779854906,0.0964012665884928,0.008918730096733121,-0.17564210296962213,-0.006723717812935542,0.24780256752101817,0.0
-0.009812708104221572,0.40852646558274947,0.6816921702284936,0.5860925092961651,0.2073621601180656,-0.9342381187078117,-0.2072412695915571,-0.38880270702758557,0.24612034624198345,1.0646891760636255,0.15181268339922557,0.030692748075318313,-0.34948309916384573,-0.03881627095034472,0.13212815744993917,0.0
0.08239171323519648,0.3533115000989655,0.6715088987469002,0.6062015413224776,0.16539943388041728,-0.8161895577273609,-0.14685790733283335,-0.3800806089907279,0.27380003008487713,0.888271935521842,0.09934395635036121,0.005324666585375441,-0.14133886399834322,-0.01814222695581337,0.09488432543478348,0.0
0.09620421637982607,0.38457970838669353,0.6170351582100742,0.6336161943886129,0.2572581293946685,-0.7490938651175969,-0.12688394883956794,-0.4715232135668982,0.36991422380955696,0.9893548944438093,0.10539788808255267,-0.12386199845992703,-0.2277587049638009,0.022766068831697614,0.180745598606747,0.0
0.04930804040075658,0.3426658563472835,0.7075755635214878,0.49776514968380514,0.19932923358543864,-0.8002068711334559,-0.09915310988563522,-0.34607543655788114,0.3084437561729853,1.0695992209567486,-0.07281814561023743,-0.12655575923935725,-0.20865000226910124,0.13266063124531588,0.21824721489353893,0.0
0.03462769277745285,0.33078477959561114,0.6080169547582198,0.5182334157746931,0.25568095049154904,-0.904736189589686,-0.15073288904304688,-0.35910097375090394,0.26788418097794015,0.9648431009469025,0.041037879469361827,0.09460767075562901,0.05656524279677097,0.007615175228126492,0.12030341455154037,0.0
0.07622310933284221,0.4063079646279667,0.6505343788433402,0.7413702133741638,0.26358751045648615,-0.8837251114715664,-0.09763057185428647,-0.43574301865651716,0.2917460338572956,0.9394681526113647,0.15798801821309344,-0.033480878024438915,0.06465198343358344,0.05152035345367326,0.0873161820628468,0.0
0.01142080764896775,0.4459902567834452,0.6305994210131486,0.5904887859848192,0.2577787847713479,-0.9081125456229587,-0.019764100936286846,-0.30688849608208807,0.26471008740868124,1.0289417466422515,0.1518274951866857,-0.1685723551337045,0.09753366923784496,-0.056094768443602,0.08256113418179993,0.0
0.028399228979531455,0.4815323143064396,0.7639941790764639,0.5739159287968952,0.09499509878131482,-0.6846227354355129,-0.17079613345033218,-0.25485959571431976,0.37594533806451313,0.9444726102600322,0.02486966065806523,-0.10591796216232804,-0.12027968478506386,0.06261735749966503,0.06294808352502704,0.0
0.07867139172239429,0.43216325581588216,0.7077972173290623,0.6353149571931748,0.12083214528607558,-0.8170271963538193,-0.07999547036216623,-0.23496264531481376,0.2695799204920429,0.9539075304969737,-0.1128618512941684,-0.016435511688085352,-0.17272993921850316,0.10931615845305456,-0.03801023952003425,0.0
0.02746087273280076,0.3596341003138796,0.6645697340816279,0.5706709560066409,0.22941488480169978,-0.7347379447476889,-0.13576359625478357,-0.3000508141207582,0.3419290547049152,0.9464559164150138,0.010180479932550196,-0.025044470893028258,-0.17368329826937962,0.010434156233562836,0.014209595590249952,0.0
0.05576534810623593,0.4421767291851205,0.6672159605361939,0.6574736988086476,0.2534224437374287,-0.6885561508872711,-0.03614990229631752,-0.32752054930949653,0.24388316058501758,0.8732953884927896,-0.09629740758672097,-0.08714521079044509,-0.03482731133002975,-0.0005171695515725667,0.06215834935808747,0.0
0.0035866436729854283,0.4705385033718277,0.6883908663352106,0.7005040668722897,0.25350295781186694,-0.7369456398112095,-0.14013770455195282,-0.31064711325458666,0.39342590947695605,0.9740890727200847,-0.07604452813927662,-0.10816759685560981,-0.011980520092771955,0.09756042190813535,0.06623807062700296,0.0
-0.026848912429180527,0.33698413220558243,0.5886035813910164,0.6103213976719898,0.2877358875918945,-0.7753654408162574,-0.05579365211173795,-0.19606763556278461,0.45738219822047765,0.9984273325150088,0.11697166668520892,-0.14465595346059487,0.10119935666517045,0.04067802801197477,0.15038713602982454,0.0
0.03869783372194698,0.4751587505460223,0.7211437075841176,0.6260566664326571,0.2574426065886719,-0.7005733666056385,-0.03821440126735567,-0.2825593502706147,0.519104162235329,0.9811245240847349,-0.07284122514969917,-0.03515411721398341,0.024236842779781352,-0.05058932845350991,0.1478996332244437,0.0
0.00966913393789957,0.38017784635072355,0.682271215551098,0.6075523487191982,0.2512870603966767,-0.7479834258979091,-0.00245863420823398,-0.17525310539879396,0.3659972352684484,0.8895644206165301,-0.026445019483334983,0.044323328001524526,0.12218825470480711,-0.1527868846099229,0.13739509529109648,0.0
0.027676437167178963,0.3907856648740962,0.6530851003260004,0.6646164531732546,0.3024310150700319,-0.7057856348727964,-0.0773691872013929,-0.2946351880460294,0.3955898970530483,0.9496599764008298,-0.10559289283608572,-0.07777022417389312,0.13308622849116306,-0.12759657046455453,0.1116922021944406,0.0
0.09606593947253753,0.35345270961055386,0.5660786030137116,0.5852250621765875,0.18925761627975354,-0.7417909539111782,0.04632860662982153,-0.08867279916589679,0.36860214300042266,0.8974826479011551,-0.1873464145220448,-0.12886553987913002,0.2036884555120301,-0.07889448425324087,0.10003178530021642,0.0
0.05797426673295672,0.4216078743317753,0.7153666935042609,0.5629591497715039,0.3095616125466044,-0.7157426489698917,0.07361077159775195,-0.14726606249817675,0.41620253772763,0.8976016772290695,-0.267996046914104,-0.255753178925447,0.14108332559715164,-0.04400855823983854,0.15669273774905368,0.0
0.06997897764138036,0.519147403949975,0.651132210858108,0.5644905684962571,0.3529921271410238,-0.6878761329780184,0.028285357139839398,-0.1687328175758057,0.3922425383575266,0.9075807205549179,-0.10314033225066181,-0.12169440293955183,0.19348346215103465,-0.005189591956378206,0.06566406276106286,0.0
0.0899540573941002,0.4070592441664623,0.6981761720997758,0.6803113577052302,0.2513641541648461,-0.5900168535480895,0.0015686892282624383,-0.14114647081689635,0.41418225806558884,0.8840958967476358,0.05376257283564845,-0.15424658239495403,0.2445526324872105,0.09557834473667955,0.20424590874794596,0.0
0.016719375812149478,0.39211576923986413,0.671941799966161,0.583792004499876,0.2060152677605716,-0.5265025371258139,0.13689905501539587,-0.14177987241263446,0.5234100658485225,0.843364559289139,0.11832755265641103,-0.19195271318591878,0.25923761411336255,-0.001953159772384333,0.13041556950623112,0.0
-0.023220758960762436,0.4941252218295764,0.6766718703034926,0.637252329608788,0.23466370248325072,-0.5676309450309927,0.03644764744968053,-0.06147194017304591,0.5063148410040065,0.8652583014104047,0.030788289520970097,-0.003197949175938908,0.11675436861590123,-0.00859958884905258,0.17243082211191557,0.0
0.14845758703608097,0.3529532907918974,0.6955554955452075,0.6531430648165952,0.2171857927690966,-0.5570979862938525,0.037630073201285016,-0.01778346440322516,0.47403394669618304,0.8089914899804127,-0.0809926035336752,-0.2031866583648385,0.09137202900502957,-0.0015385496956615919,0.109242305376189,0.0
0.09097021489988621,0.43636774607066353,0.6684452728283525,0.692604220313266,0.3015141931934554,-0.5657177367382695,0.1385832368179174,-0.11574509273916554,0.5075183741969254,0.8408174812922767,-0.05473392755546583,-0.03303438893372715,0.08016160749951437,-0.11382693202445195,-0.07100261423453642,0.0
0.0823662239563869,0.49247447756934815,0.65653407934978,0.6834187481586226,0.26818548564325173,-0.5654175805040151,0.16885279672966835,-0.036193262726603496,0.46751076235364747,0.7905714782539676,0.02378753915640798,-0.060732454832209945,-0.1571228455930373,0.01739910260742522,0.01747238222204498,0.0
0.1377057975271893,0.46369286796517395,0.6869472243316808,0.6224360847856482,0.30750014605339926,-0.6318905284410528,0.13585123206827499,-0.02523824664575052,0.452042387077002,0.8625505494837873,-0.02708587203008275,0.12529512129463544,-0.16252241623718217,0.006784624237878622,0.0037969573717262853,0.0
0.08632365747441008,0.3668270478166661,0.6904142451278996,0.6315851261774383,0.20770956920013792,-0.5328664147487633,0.004402561784069017,0.030806069212622057,0.5120259320529035,0.7196649754168623,0.051487182702713116,0.08580021497021399,-0.07355141253321981,-0.05737850154787109,0.22540464524115772,0.0
-0.04165677539596002,0.36394456032742123,0.6527257626974294,0.6140018043165986,0.22376406299509816,-0.5873565867210198,0.1395518650408441,-0.04679023781542907,0.48762074600689753,0.7820618976041179,0.07595455437587577,0.215656670105491,-0.2055732513370625,0.11075685628250077,0.35426781735641366,0.0
0.06875363730836483,0.3388802000761669,0.6700777237648605,0.7129713893445274,0.23585416431870518,-0.48096034975613416,0.14157103062379855,0.016782735211147686,0.4635757380528939,0.792372517298397,0.15078170173180233,0.022837983278384086,-0.16655685153138894,0.05814466538524694,0.22121238260448647,0.0
-0.018713427529910037,0.36674547923050815,0.7581587092565278,0.7316160727983066,0.27178823770481025,-0.4069702390385408,0.035709617179010666,0.03873624543630291,0.47449442831003863,0.7748006815760368,0.2543072995259683,-0.11767828763849865,0.11272514775892957,0.10325670700892961,0.3925653170195845,0.0
0.0589974416934364,0.4066612545673735,0.6796018496155526,0.6997573384368306,0.2909571378562477,-0.501102797416854,0.07159602954009102,0.09379711162568742,0.48765163466456407,0.7546616814457722,0.32896909768505955,0.003795974818926573,-0.018015402517696066,-0.0049447755461200504,0.5382910754240655,0.0
0.07342029804092276,0.48342781008105395,0.607233814008616,0.651035472561885,0.21486988570436438,-0.4177182548214441,0.07978024124999389,0.012375840064425117,0.582554502313432,0.6664918949208362,0.25776046667666314,-0.053231133555346644,-0.14847027725782003,-0.056160910141731295,0.35770865537182,0.0
0.09459138805109144,0.3922400318415275,0.6874066200463823,0.6700514870073659,0.3278924399478039,-0.43900681350737647,0.08925254765968191,0.1798582227199764,0.5888067954606484,0.7935709570041042,0.043926169570746854,-0.11784182030382942,-0.15367237076160328,-0.032267556201476935,0.4153291017899319,0.0
-0.005013963632989296,0.3959022622797138,0.767614920345099,0.5930308100425205,0.305817030539816,-0.4807810792161723,0.11708996641433436,0.11902836800208814,0.5491207528514656,0.7393545808726515,0.02702069376169303,-0.04685220326033415,-0.3336095122798059,0.005186834769197235,0.3886594438570726,0.0
0.010361971194091504,0.43515528130079406,0.7401057704902415,0.6763002104541989,0.2617525304447487,-0.36456852488744856,0.21663435812248932,0.10278981579516326,0.6059439969480285,0.6884909893221111,-0.00036352791861320524,-0.035268726482211285,-0.3991801077142544,0.04759346393785471,0.3289282672181659,0.0
0.044460449314092584,0.4119084964727202,0.7425023152370719,0.6287045964742597,0.2666310021274525,-0.39053794684157744,0.17855058080026567,0.17832178237703472,0.5492321852438884,0.7515858745452583,-0.08927502377385739,0.07272146063308213,-0.3079563124679769,0.0699947621200466,0.3218585563117611,0.0
0.08528692822184131,0.46838136298071126,0.766738081805573,0.6241155741329062,0.3302549128529957,-0.42601572287362305,0.16015294188245682,0.18433603084120626,0.5301451805252549,0.6188613139248405,-0.17156228151939024,0.10569417568641107,-0.04426332672255101,-0.021377864700927576,0.10223967421192728,0.0
0.01907980534861988,0.47578559422050454,0.7751161549434451,0.7147275998377038,0.26564740937356346,-0.4037465888152461,0.2690031244202133,0.17567931119611013,0.5800292506613507,0.6423030384650859,-0.14123442495391045,0.07525261303274458,-0.10872955558032071,0.06935879479869388,0.22221306505100918,0.0
0.06982069264524318,0.42649268721222006,0.7474586581851449,0.6060148819990333,0.2830403512504393,-0.3897300090113027,0.2601511998713627,0.11515552267728082,0.5294851242804456,0.6898089734612931,-0.10666283425652853,0.16593551982802768,-0.02774248946574563,-0.06580315779236717,0.21526295244204288,0.0
-0.004301993758988487,0.4581968902534863,0.7640355296676609,0.6619374875455059,0.20881111103269917,-0.44041875438916933,0.10407520420184133,0.17808097065899736,0.599243954872982,0.5554170063005981,-0.06139859722985118,0.05707509755994525,-0.02331323536901849,-0.04396537745557545,0.10546466656428227,0.0
-0.017051700209338994,0.4338475012957511,0.7104798299952308,0.6193464186750768,0.4184060606800587,-0.29180043747174866,0.16828586114368502,0.2063166679616492,0.6459968472951423,0.5902583656039063,0.042796031024630636,-0.00926808168099584,-0.10686686572177384,-0.13605088244993083,0.11216070114471585,0.0
0.12522974110093255,0.3576047776437895,0.7216181164660258,0.7278887481701023,0.30656972948225863,-0.3238338970839996,0.2268499501293995,0.23079805711319215,0.6225576435361784,0.5947700939319409,0.07314634405312118,-0.1492936821299736,-0.12943256193269076,-0.2562083355308925,0.1401283957872737,0.0
-0.017980050514396856,0.4745691741465393,0.6739364875541052,0.7070246780982445,0.28638488166312254,-0.18790183065434163,0.2802070693599107,0.23254842474911125,0.5480094974580345,0.6648038361887053,0.12958318757794987,-0.16666192662908383,-0.05941442974442365,0.006887763458057472,0.06607368980131653,0.0
0.03337153916772263,0.41061185035137143,0.7017979818709673,0.662686559108516,0.20954503340607716,-0.227655971778507,0.22312121102802618,0.21008034846178056,0.6397917998654655,0.45415859249889257,0.16982024065949394,0.010442653985838102,-0.19259743841663912,0.09149689275649495,0.12793258615194472,0.0
0.04395785402725628,0.4321932294821861,0.6415276038401281,0.6471965905336929,0.22154003506353348,-0.3069762611294269,0.41183171784718353,0.3674382796059341,0.5806060998243548,0.47464459795343245,0.2074657499840753,-0.1098566705736329,-0.26126870006797875,0.04481629919627003,0.010091640366297325,0.0
0.05100373290774224,0.48429205858219043,0.7423206080923898,0.727636913914286,0.2845254961419588,-0.25748482671707956,0.26558784675771835,0.3368077265442262,0.6141922743590231,0.5630217234836342,0.16183839129509336,0.006610435321781807,-0.23075107422565552,0.08421622987483371,-0.06889805296445883,0.0
-0.05285155828270788,0.5467027045694086,0.6589572874562439,0.6488259515489352,0.2608473533957525,-0.11469294159991948,0.3106691101225219,0.359395140266791,0.6028165285519568,0.48384353324899987,0.11141008155088397,-0.030399947156757912,-0.24207916671536417,0.04349582838466987,-0.06798573187732991,0.0
0.05855104884588369,0.3884689643345547,0.7469698094053709,0.6660699139492697,0.2969963334597498,-0.15870505199546792,0.39351613517945644,0.2724223337083294,0.620867809658141,0.5298037680750391,-0.001345974228273275,0.07891647374890383,-0.12790796278571406,-0.0828480809067578,0.02451798470721698,0.0
0.0318227264110934,0.45277789362341,0.7512121381729019,0.6566143137664259,0.24758315367494516,-0.10918550985873052,0.3465989566167639,0.43700253036774955,0.7419956310076147,0.567865108340425,0.05556901575227289,0.15553301967012967,0.09334042889614438,0.08031469342169031,-0.11710309167650915,0.0
0.1160376008797255,0.4321222915959912,0.7136133921136758,0.6491790809291629,0.23481274907697522,-0.1527239360417119,0.3147919507869913,0.3186046507624609,0.5924656602832494,0.4111768752727579,-0.07462670165766316,0.037845256883516164,-0.008076341522792532,0.06278778390787786,0.06255589034558763,0.0
0.08977200175947785,0.4519016752792875,0.758778338782319,0.6864494783932635,0.26150333133400794,-0.1277799649037896,0.38858246915335054,0.3136504520673061,0.7701145331021986,0.5619165326816916,0.1378999460366804,0.16428693303470046,-0.09726773974917984,-0.003122303692578772,0.03130391710868309,0.0
0.03586242646168586,0.3379463786353976,0.717812771785368,0.6481060854909376,0.2755511999683261,-0.15800569223243302,0.281574312907198,0.40327209891465876,0.7039981491313951,0.5075190429275862,0.09632734653545633,0.07152828838743455,-0.13998538120647203,-0.12943065729170095,0.04876524823062335,0.0
0.15480963666442776,0.36847288050014926,0.8136234940833089,0.6554959753977144,0.3336703827062014,-0.1465209748262218,0.361092811265782,0.42089074140360594,0.6699129496276165,0.4539458614990717,-0.08330047490944972,0.11421812647392059,-0.17539382662692637,0.007928837308029277,0.025567723635583735,0.0
0.032171417379709195,0.4019000292159219,0.8251274821745506,0.6808852847395275,0.28436241800188006,-0.01022853920507201,0.3688736733109621,0.5447409689332294,0.693838373935002,0.37541005236973257,-0.1807608621498601,0.12012777060489682,-0.056280532835514346,-0.08606975578252568,-0.01417173128692158,0.0
0.05820345806743136,0.3904784638937732,0.7644502830208975,0.7517701973209205,0.36414266496219305,-0.060796266660848114,0.3262494918484542,0.46884725790280507,0.7884595364762956,0.3325476889318521,-0.029572552410649183,0.06921999706129647,-0.04143052246591705,0.15519765783472905,0.0669255063783498,0.0
0.09029637915653266,0.39409895560567065,0.7690119364565655,0.6023653859913964,0.16997238274051346,-0.11517524339019838,0.36825633294286314,0.409470827576518,0.7684676879913604,0.3626791700280538,-0.22129746146041188,0.08390556492160216,0.0042986945256317105,0.19039134502687904,0.008170163159193201,0.0
0.0659759353827875,0.4342724147036178,0.7998036118283555,0.7492415003224707,0.27825285448319775,0.03028076927255356,0.3687755422535064,0.5066228682483819,0.748608550323756,0.2533863192403031,-0.08022067033023832,0.08997467912339295,0.015859937416639942,0.2857683234913378,-0.011204405428872587,0.0
0.030842163128041965,0.5012123672932989,0.7698557248138878,0.720697355953267,0.25417044104328923,-0.020143071817937508,0.39568305925177316,0.5241941439224075,0.7751588999455323,0.27442176322146333,0.0503236789308151,0.3064285680182929,-0.020581268558303722,0.3320115548538123,0.08492102894501466,0.0
0.043189412918541115,0.47884266660655445,0.7950351003429764,0.7713984498091673,0.2948892863736229,-0.07706922037735947,0.31611190968668645,0.5446316553586281,0.6949310711780834,0.32284214905628883,0.035850741398185615,0.24529924116060497,-0.08660752469936407,0.24947863236242707,-0.03638213958961942,0.0
0.10960368978621682,0.4769756589231574,0.7566700471119681,0.66333209059085,0.34792995058600246,0.07811656234602792,0.41331949505040677,0.515737495229357,0.6684288958270146,0.1884720119924832,-0.18801143858056632,-0.04981940085935324,-0.07928148586748672,0.04224950526706822,0.07012344180831662,0.0
0.2414065089894813,0.40452881477170266,0.6751986017502325,0.7394025644949931,0.31107914437484324,0.031683849476748654,0.3655660696699041,0.48321393925652145,0.736630151026786,0.15000120234513714,-0.10989391232724335,-0.2440085064672249,-0.054241093266250845,-0.07608676553129132,0.1065476215750628,0.0
0.17844249182902416,0.4591617297249589,0.7722159068824729,0.7732535270622233,0.26239480925168884,0.06589540480437377,0.4860734360839671,0.5600006590127257,0.6634192707876043,0.23126860266861643,-0.1531267717137326,-0.12951374820743053,0.06433353737578448,-0.18684318612563905,0.2746020316353996,0.0
0.10186169218267878,0.47289282571663527,0.8255298764557949,0.7649416870590242,0.29905797606851686,0.015641975113004025,0.5073173905868057,0.563055559992192,0.7429725335569904,0.2169984947746693,-0.1880029230975337,-0.3392466860117654,0.17351494406333762,-0.03286116974031211,0.27687517149998375,0.0
0.08029189801845073,0.38631664491771694,0.7642501303719095,0.7265732269018971,0.3554082375982256,0.06529115980256925,0.4027413491255849,0.6305897066139805,0.8019291387529145,0.2610696321065745,-0.05910879094647825,-0.39737890390272745,0.02818912050596281,-0.1840278064848908,0.16283695031772155,0.0
0.005475183141201476,0.43899425871423664,0.8011714343835411,0.7575526160966835,0.26046440842855206,0.23100810267921737,0.41260099059057714,0.577693714767382,0.716885470138474,0.1895203439160028,-0.005746989682316295,-0.21217728334868846,-0.09405678431789305,-0.07542182426385236,-0.02173590877525361,0.0
0.13213891129102276,0.450870570663003,0.7093104105675396,0.7428945380060641,0.2625973545272849,0.14045526660693264,0.44756478590612436,0.6218650861390731,0.8450715366911411,0.1130630600178903,0.10303126130580001,-0.03713827562712489,-0.03713491477658279,-0.12628621786854272,0.057261021442230345,0.0
0.1059243618470339,0.4063444992676194,0.8045456898702332,0.7680329373004803,0.25565636049427515,0.18026344768232244,0.3999555066840604,0.6916608528484705,0.8814240243173208,0.14199903883564652,0.1162335892691428,-0.07536804923055063,0.016847857368485392,-0.28756693069151495,0.1151067148778459,0.0
0.09760741282828736,0.4464610940338412,0.7067590491440283,0.6745907319328717,0.34455884021135463,0.1000870444871845,0.49122846806328113,0.7057018608077237,0.6512745058228551,0.13121552039531442,0.17901008855673853,-0.011258738146548465,0.1558073078108502,-0.22168498425820737,0.16818939289973822,0.0
0.026891759823897604,0.447439385986998,0.7421519027049426,0.7145199284282837,0.2984510550745654,0.19959367064935465,0.5124259874071546,0.694732569551502,0.7873321837226792,0.09981969831502557,0.17597543697895449,-0.06689972501708259,0.037800595431157186,-0.09837405039657315,0.10502233928999025,0.0
0.026942649947651005,0.4404711356854534,0.735009573167094,0.734468344754288,0.33865028631261634,0.18816679417428495,0.4424195245422322,0.612874374201295,0.8771304127247528,0.09490692756504734,0.1786358801026517,0.09702933009561353,-0.061819493551091176,-0.02831822854831443,0.13548116293239343,0.0
0.10365488276883342,0.47988856235928623,0.8036772772416387,0.6799231505347901,0.39288849684451815,0.32522572935805527,0.4472483310931678,0.7105516163661602,0.8023105126240998,0.0596320993655199,0.3027269769688615,-0.1426206322547637,0.15154061760607948,-0.09448312200270757,0.0633086687722505,0.0
0.010983548812615346,0.3845019357979992,0.7445120208885991,0.643640748540682,0.3884256122916877,0.26086384680410024,0.5126247868723294,0.726209467579191,0.8635418867572455,0.018903869371426865,0.22109407340761292,-0.041939350288337965,0.23362776031564805,-0.05983147694650441,0.11270403212051328,0.0
0.10593579547049932,0.3855938140233257,0.7121984149195196,0.6718083592567664,0.3071332317435194,0.2374029906589757,0.502921816007513,0.7343529801565087,0.7927213508873876,0.13708957555858428,0.208025567559989,0.1328044975685663,0.07409470722456972,0.030499350419446618,0.13299401010542405,0.0
0.04842707238845856,0.5020982297698039,0.7770001875343209,0.7000253757527902,0.24290045921953365,0.2843700591486272,0.49307743662646364,0.7413276363656192,0.7933710540969496,-0.04757425190917148,0.24930830905351717,0.1367799665192016,0.04107334721690451,0.2378682586885115,-0.021040286477499767,0.0
0.06420583510045966,0.4573377497250633,0.7728064863420638,0.7816212697784563,0.3430156980297527,0.36519494020389337,0.5428986997612799,0.8220282100830257,0.8493494925458845,0.07124911975990872,0.34917257464889834,0.126941934248071,0.023018531610862696,-0.014046557469987897,-0.04059690065768696,0.0
0.09679044634195104,0.4762844328552977,0.7279037339421957,0.7914041642265864,0.3173485492056899,0.30583128482684024,0.5261505863529979,0.7822315663855653,0.7362092716882846,0.07972578032316938,0.3419907720135308,-0.05241187083343188,-0.1834074067502773,0.1043157665859606,0.037433972051525884,0.0
0.10696584280768821,0.45258821232969787,0.7465450672909597,0.6493970541304065,0.2933904267735929,0.28672299266673734,0.5054001487713011,0.7098029054891878,0.8469356475311101,-0.07417062671244262,0.3029165620310091,-0.08054424822348774,-0.26599238635933775,0.16086890074063662,0.05074491945091561,0.0
0.08525209393154064,0.4754930401825668,0.808293798026052,0.74102981240721,0.28152606045521267,0.39283795671785376,0.6352468726551992,0.8170693529220037,0.7696527479649836,-0.04416576746261424,0.23581153384647413,-0.059206181722852726,-0.26445889053964605,0.10047198903248784,-0.10112822269076988,0.0
0.12480222099445579,0.45689028280541616,0.6935345316065867,0.7486450224301185,0.23006969927811835,0.35718973736793547,0.5019565200482313,0.784919876428816,0.8452082695093974,-0.1157043539628854,0.2386660369000993,0.08742467494730823,-0.1768307894386318,0.04107163825202151,-0.0638863581532102,0.0
0.012973594217488033,0.48799090386944544,0.7794625477874793,0.7450331329325863,0.3332229533567691,0.3115741312146033,0.5048951939968792,0.8114883934093872,0.8670978054915249,-0.07786119302452033,0.326261565502016,0.08901589595694687,0.1211811900959315,-0.09320392185881937,-0.19206986630260509,0.0
0.11736475265426059,0.41147671357285787,0.744141926506454,0.6687678483458228,0.30825692542251604,0.34984342280180486,0.6992036389132363,0.896075771388354,0.9179116478035501,-0.11158323245015281,0.28696303610197627,0.047759017251689025,0.12820211293926553,0.03584714106486389,-0.16032521269584102,0.0
0.1130087636027572,0.48398741319054434,0.7531751887957988,0.8139910290752828,0.2938784796738345,0.33796563782576045,0.6795789965703994,0.8544022252794875,0.8456759212336863,-0.17466138344550716,0.30467281658575573,-0.02505845669833909,0.10773070751831167,-0.015591005688612228,-0.08176064188539484,0.0
-0.0037434574019704764,0.4972217210140801,0.7690067854935104,0.8249529560203646,0.30463531138418903,0.4899709370514378,0.5533543413913328,0.7508568114445401,0.8927634393650765,-0.1601512502759524,0.2242249219866925,0.014598836089336507,-0.08420736628923282,-0.2041620755542422,-0.22441164542241449,0.0
0.10314392042364731,0.5093049517161181,0.7863081697126842,0.8703030211160883,0.2557139678250072,0.47236042117432836,0.6129837105420707,0.800990284879521,0.9079931046366377,-0.1815154973761969,0.09326037651893193,0.08118708018236018,-0.30098084018043475,-0.12653105809038653,-0.22393501936516444,0.0
0.16929124452508632,0.3865446947377354,0.791917917740057,0.7079178999590074,0.3526227876488854,0.4516033030484316,0.6300652606569469,0.7982737716435466,0.8746862059542833,-0.19549847971383255,0.25222327968382996,0.10865495425562038,-0.18992296645800133,0.14685657885974535,-0.3820523035044743,0.0
0.10266805612542088,0.513083842880671,0.82082711012908,0.776843599175161,0.3719313775216024,0.4333631574168033,0.6173527120921121,0.8266451954764832,0.8582706936033703,-0.21977783650562624,0.17570477643642396,0.08527922325581451,-0.06188050291570456,0.12743736402022104,-0.14737363515524846,0.0
0.09620210797717786,0.4149981074978308,0.7414111284637294,0.8009231209523955,0.29579461180908706,0.4461877097825553,0.6549005681467408,0.8880433902912656,0.8979417545539369,-0.28901695442293873,0.42753876130244167,0.09024411889556616,0.1860827884188743,0.05304576836311647,-0.21204392080100887,0.0
0.06311080093572466,0.4982057605232123,0.7586764759557801,0.7041901004074785,0.3109186543121826,0.5241962603298512,0.5701838914475945,0.8254378995120606,0.8370453695856996,-0.1962391064581741,0.3294040422087278,0.07239588347175671,-0.0018933051963911096,-0.15182996925214748,-0.31348390603026377,0.0
0.12421280950041975,0.5114601885874751,0.8635263828460833,0.8304915893376025,0.3927825300388699,0.45179954081698365,0.5894603581346782,0.8204720526791524,0.9372105563753361,-0.2635620444810173,0.1445739486471115,0.17284344766420343,-0.09996404691414462,-0.2665150856727807,-0.1617713844020079,0.0
0.06456244545641143,0.5302706516179898,0.7893012647509603,0.7237980399567249,0.15663640221747058,0.5751507766485747,0.6588171333428557,0.8653359391978261,0.8767516730513252,-0.2701429947933899,-0.12750548446461382,0.24876218979642312,-0.1508864151959441,-0.28107415408269537,-0.13744701436544216,0.0
0.12864521880417742,0.4935595494444495,0.7900325046276518,0.7603194858256302,0.364001645968668,0.4863482832455984,0.6650744110520387,0.9964480633346751,0.9587911591996825,-0.3183435595621472,-0.07353366809846337,0.15696174972948457,-0.28045056636617527,-0.20366311168524415,-0.08368724657055503,0.0
0.13667551597597768,0.42464022299978993,0.8509798298206129,0.6977019822102939,0.27408178687118023,0.5902443308158505,0.6961131840282,0.9178016091761481,0.8960570956442179,-0.4378153048930102,-0.1906874830081651,0.21110125053690218,-0.1615867168127328,-0.027665357059878076,0.024834596382328836,0.0
0.03648430587684288,0.4393378396381988,0.816658718833245,0.6960959723374337,0.35354162881153384,0.6179285782629037,0.70639811551546,0.93090786872997,0.8401846863097816,-0.37850737084729646,-0.10644412308467283,0.029821090013605014,-0.006009462173664493,0.05430666176857974,-0.04406712176773585,0.0
0.0941154555649845,0.4604576418051944,0.8628714839515672,0.7147847245521983,0.2512294090460947,0.5855536364607531,0.7062947611600466,0.9533269103546055,0.9108459153670422,-0.32253641777073144,0.10962679243785907,0.03223916625308283,-0.22974908200743646,0.02656167068887454,-0.08576648448506446,0.0
0.053668957889048415,0.5084484646452484,0.7970474034014402,0.6682952692192361,0.3773899985060064,0.6408740188115762,0.7013803292917259,0.9626791736922294,0.9515220129089459,-0.38621265262100557,0.17022319893487675,-0.050183403559609416,-0.2839536851468258,0.21311292234518742,-0.04665211056095833,0.0
0.05099884577580891,0.4711196286523734,0.7508383540425675,0.8055121338575632,0.3788353699546468,0.6103334788675627,0.7511666308555695,0.9778142603964636,0.9015327388348635,-0.44803659174241983,0.1055633269102694,-0.2230510940407638,-0.3549884621249104,0.2062534141567458,0.0037116979097529673,0.0
0.2081308888769279,0.4767614442066637,0.727856485290623,0.7840594282279916,0.3228852638729511,0.6960497611470609,0.6565186670182227,0.8771387160387984,0.9133999689319405,-0.37467535189658663,-0.10196197709535891,-0.07233719455551162,-0.23755892328981087,0.266088007374108,-0.018252439657410777,0.0
0.13738611224701286,0.43108510451601056,0.819792374074591,0.8123594264981098,0.3266125489730261,0.6994367956216605,0.7170829545070353,0.8999854387025686,0.8922409677524218,-0.3364544458482259,-0.01726208111081906,-0.11383157932278662,-0.22012813750954477,0.2518775435037231,0.08195940001902964,0.0
0.027693663672694463,0.462130604067353,0.8741531426083246,0.7320746191371839,0.4274534388179482,0.8061643054331215,0.6664052561253908,0.890939041565788,1.0057771463780791,-0.45584376230564794,0.0017920241273035077,-0.02515257586700815,-0.2272869605593864,0.19214512520807897,-0.017454297733255783,0.0
0.14397392204142567,0.5444548033453778,0.868911592564676,0.7677794388901225,0.325371234887583,0.6881165332031949,0.7588511682803473,0.9494337325292447,0.8945936373165859,-0.5531215217061467,-0.0694090777761753,0.18684711824727063,-0.009877512478824346,0.0036422964253499668,-9.816679168710499e-05,0.0
0.09101061797962204,0.5405063384532987,0.8128002850640399,0.7243817371172282,0.24276153852424984,0.7140162740590957,0.6726552169553784,1.0192401142024115,0.9125317872322876,-0.45748243277397543,0.12237936897265587,0.2631802851457426,0.0021119394008143975,0.05119447944496956,-0.05089507031284484,0.0
0.13409932278631143,0.5041853107641039,0.8812644730573969,0.7999456270917773,0.3795452283385855,0.7451575587399428,0.7344039715543966,0.9746265516666955,1.0023510181887572,-0.48905164652173755,0.03739646850605363,0.28967347947081146,0.03344686825999541,-0.02812060023691785,0.006522802153077829,0.0
0.21564743486224125,0.46542507973540737,0.8306299568306896,0.7760389778129115,0.30136984849497916,0.7858459785191487,0.7434894793576469,0.9746034969005716,0.9106295039761334,-0.5112426261828439,-0.03817987854521886,0.21531867768705093,0.0013401496158337092,-0.03868190285813542,-0.18946846652284066,0.0
0.12076224344594774,0.5264180273933523,0.8228879039999112,0.806159601399839,0.3264873732473925,0.7536448991985348,0.8077745658076341,0.9944578973708647,0.8901494476179278,-0.4876679927158041,-0.051235894063024326,0.026911282657468324,-0.05583731549245621,0.0477544686944749,-0.09850960954317221,0.0
0.10370027606561856,0.41959951217260266,0.856642881941732,0.758675841934058,0.27703887256414594,0.7522193663907446,0.815429642269887,0.9572480142084628,0.937090377521235,-0.5230818670509126,-0.11198145693811752,0.12021558731344252,-0.06793566298500092,0.05365979661247908,-0.06420959244106055,0.0
0.1570304701486036,0.49001156759238373,0.8493325332786524,0.7270371708894896,0.4169208589251382,0.7529316627506937,0.7435749580886873,1.0346791058959177,0.9822320418722778,-0.55726557814846,-0.1793416252998155,0.0044966235008385425,-0.09961868223964998,-0.010553672781671679,-0.01307733640560614,0.0
0.11697156326593781,0.5326113011707272,0.8035389081855423,0.690589084505956,0.28599133226443435,0.7258466069691629,0.8061008485253189,1.1001393277118758,0.9751108162280301,-0.5603306043181345,-0.21340061338112015,-0.04770939021627381,-0.07033451422657495,-0.051338953911751126,-0.08510064428408837,0.0
0.1919679359274468,0.4522913570096766,0.7880197285016319,0.7360881175888916,0.32159700701909283,0.7713881380890625,0.7236984430622984,0.9994941442485602,0.934873333455084,-0.6060447025880386,-0.09117508020271622,0.0067788054920079645,-0.0307512204373208,0.06919047825398644,0.034033630500857615,0.0
0.11811584351835183,0.5699129239888742,0.8544384357904178,0.8119824250510144,0.26859298634039347,0.6823051733322072,0.868930194878546,1.0148547512443455,0.998877220385549,-0.6684164897672801,0.07214390509007386,-0.07521088689592981,0.013846455189863861,-0.01991071101309226,0.1407343447033947,0.0
0.05415463453950829,0.4452045912429349,0.8592927381669111,0.8073066857843476,0.4059957985638981,0.7548307556565966,0.7822836293826237,0.894927189723497,1.0165356500077702,-0.5790981834694757,0.02620776363384627,0.28750023150067006,0.09519568186469979,0.10615415129250003,0.05050912443102225,0.0
0.1692996378999801,0.5167328484500454,0.817483785023635,0.8134704753766959,0.3301592972172495,0.8978956380495987,0.7776294068024218,1.005909679114416,0.9164414114891422,-0.6319493913293067,0.1419717888811379,0.09056610258932297,0.07887958017677162,0.02950929028509941,0.13320402651109975,0.0
0.1994334573002581,0.4076863465142329,0.8928273546281843,0.7653389377826907,0.38731650493142145,0.7729515396271331,0.8493524178622304,0.9886876010799073,0.9717561278067902,-0.6153543979752331,-0.07418696042007351,0.024876938307741455,0.12572408912166366,0.1108868291022539,0.13656335944814377,0.0
0.07998947303370654,0.5274011258708287,0.8701986052323721,0.777847994731209,0.3366209537421563,0.8116803043075448,0.7286334180494611,1.004103396145041,0.9147177784212721,-0.5599974746075088,-0.1566244367126299,0.031205969517325835,0.17900476076432503,-0.007187221504671715,-0.044285314434291165,0.0
0.206969437944806,0.5025861071665458,0.826639110824423,0.7766402589317,0.24693756164007025,0.8973049237643345,0.7620707279092526,0.9828950974543946,0.9661809628175596,-0.7304390512073947,-0.3331862556618299,0.04701505417680968,0.1643020383538591,-0.07231132591824714,0.14547421129924482,0.0
0.1375946706894079,0.4336054134916667,0.89068315409583,0.8507592493469552,0.4493392063653867,0.893937844331438,0.7155050267596791,0.930406835718466,1.0044686837876493,-0.6836655772008832,-0.3275568387074388,0.11712022831417378,0.3367609254851762,-0.2638443413742718,0.05033176453278648,0.0
0.09479654427303477,0.5060030412035431,0.8148358969620363,0.798344466592622,0.3513041715452192,0.7921253122432721,0.8788492914143462,0.922642336330758,1.082919477673371,-0.6802861506077488,-0.20965428845575268,0.13796979303740975,0.2624424110574335,-0.23872107089292183,0.1051320382797424,0.0
0.24157789659843487,0.52843235263743,0.9169063407702669,0.814691639806124,0.34742512734418,0.9265266233034157,0.9123547478714295,1.0509255837084954,0.8896044556471289,-0.7945250676215079,-0.09114958755350855,0.03902048205129963,0.17970528317745194,-0.0797316273224946,0.02605285214535826,0.0
0.09475446127213741,0.5571701770660122,0.8201051298809269,0.7247836041583314,0.4514184610732133,0.7738957670312842,0.773564444746249,1.0802478993707603,1.060733566240984,-0.8038119552321884,-0.02035935977692381,-0.10407460672580428,0.24116625241657497,-0.0983362918228935,-0.11026720217403684,0.0
0.0777018438852391,0.5451027604610911,0.8044956884705695,0.7220085923033726,0.4596300997574225,0.8537117502375627,0.7912295387694204,0.9550880643707647,0.9415741628744402,-0.775350753202348,0.14002542379450741,-0.0047544827891152774,0.050296208815941074,-0.23460370126246735,-0.2830986006769972,0.0
0.19904051970303455,0.47128150537926583,0.8968085706349633,0.8115114962534413,0.3284477970456486,0.840429095391797,0.8639890494399303,0.9932849052214702,1.0393611255088822,-0.6719806006924163,0.1176491110243245,0.07465259953285608,0.0680115527003938,0.05743244797698549,-0.3790035881664565,0.0
0.19008879236993523,0.5088190603378436,0.9053343514901993,0.8018697939095917,0.3022721003548857,0.8739467511114837,0.8671216859031622,1.0392956241966789,1.0059002568212552,-0.708795493241958,0.12249384724330024,0.13470567936864059,0.06288316466503802,-0.11284000909983283,-0.39982660095007194,0.0
0.10242370530097125,0.5692420872678781,0.810051824368,0.7540449028622475,0.3561239738245641,0.9223823473585644,0.8023909659289501,0.9952568922288431,1.058814798213206,-0.7860520100453986,0.0299008585387784,0.3190277252570023,0.03193488785030955,-0.14633091531888093,-0.41314100556105193,0.0
0.12710451620363072,0.41851158786354203,0.8616689447774672,0.7859149471616504,0.29316970226993305,0.9260854112087825,0.8224477463307246,1.0068406730479424,0.9881933100916691,-0.7282055002079754,0.04254394370536327,0.2978377160203007,-0.07327191495881588,-0.0795182333245838,-0.25202267285664737,0.0
0.19913258652221305,0.44511210365562337,0.8447702863791863,0.8457821433683069,0.3743854329190283,0.8848340923056471,0.9320417821369117,0.950913438067557,1.0061860878660946,-0.8077259393335356,-0.028146424639365952,0.40205122523024,0.004808858933645285,0.045454064626917035,-0.24197895447332074,0.0
0.07286371045271556,0.5150795547814986,0.8122160468904864,0.8307124521341508,0.2944475220779396,0.9476675935228747,0.898534086291154,1.0713543692062262,0.9628920918986852,-0.9026269874842332,-0.07478152477238179,0.29331932822687656,0.07055731883935087,0.16089834768430045,-0.2029969785888544,0.0
0.09945784124627652,0.4034962439500044,0.8647454693412779,0.8600089799570335,0.3360869658524059,0.9431242270350414,0.888014216551737,0.9334420002278524,0.9452402769912166,-0.7751689254348032,-0.10041396694197444,0.26307504486204264,0.15583204669721692,0.15891825539790141,-0.20397093914644565,0.0
0.09912302387535821,0.4776152927449931,0.9120738729544469,0.8420899472404388,0.3552157184995355,1.05423237689527,0.8988429885880733,0.9310285664485493,0.983611849646289,-0.7552070302826737,-0.11840574316527741,0.07455676700967284,0.11374708457143892,0.2694033089469925,-0.10496354825627689,0.0
0.09815690328101964,0.48229527064858796,0.8646289243557619,0.8012928640540742,0.3703189002925611,0.9752982841952312,0.9367545087956812,0.9346830115624337,0.9829834709722165,-0.8676337253302036,-0.12100028493917964,0.11655644565006879,0.16452738234734007,0.1116709709254144,-0.12792225606427127,0.0
0.12916968292723724,0.5198363403141861,0.8528146131034707,0.8958111210679341,0.31908855751750476,0.9695266327248031,0.8715750653596002,0.9713050530045513,0.9666475946468857,-0.8610960926065895,-0.04878846089211166,-0.0011423940932387133,0.39474821644026536,0.011234353786621729,-0.15961315821694266,0.0
0.08162242840687717,0.43967030983866096,0.8699838482057971,0.8486755975341607,0.3656762526882629,0.9383880696371444,0.879993655371739,0.9859434290610852,0.9217106082376149,-0.9154974509440794,0.20155210973198237,-0.06750856950367498,0.2441528089525269,0.13929988660935838,-0.09577552644470586,0.0
0.06284323676814815,0.4762498240548426,0.886868148413852,0.8090953716632077,0.44879467248739197,0.8729015342937931,0.8861114689798397,0.898760305740865,1.0533008402792048,-0.9470346249776399,0.20168190249747503,0.02133471914580843,0.12368181069733805,0.036242327693525686,0.005841411456967899,0.0
0.08963794273877626,0.5587564749128529,0.9276503372388962,0.8955076427820483,0.30542301131809063,0.9773354878670402,0.9107368321019904,0.9460878994680213,1.0244517854885917,-0.922387336045008,0.34076726920728384,0.03695502744199645,0.223003393718257,0.24731736552459155,-0.08069813336111784,0.0
0.13825017654333266,0.4998556842413161,0.9479468190064491,0.8287530103333156,0.42894080450804034,0.9469398079834012,1.0141274175855697,0.9763476844482446,1.000531009166867,-0.9009993832994094,0.20038750172440717,-0.08331864077649836,0.21952010715156553,0.017489221443458575,-0.07866442612609605,0.0
0.059686910649305897,0.5242957832332176,0.9006009439931177,0.8087000609370759,0.3789843598022478,0.9827404455420361,0.9239356986168553,1.0272872719038961,0.9819055667881069,-0.86715826693,0.2599969577918421,-0.12562630830023155,0.0861142801976672,0.013458653141295596,0.14299882752297183,0.0
0.15152183649201856,0.5355447669925458,0.8639650527084441,0.7768993422611716,0.38446153783326026,1.0183745831612088,0.9117373720759686,0.9034367783877061,1.0829584936964622,-0.8934346408401551,0.2877630627871547,-0.07026743631393742,-0.013035901925793472,-0.07360246207167373,0.22742103815342668,0.0
0.19624489289051125,0.482842013608953,0.945138785898266,0.8402741889439309,0.3812481202379927,0.9868513562476832,0.8666572442090066,0.9447358406751128,1.0085672847996756,-0.8892540125500975,0.24259689673639104,-0.06744502006940517,-0.11743217695298427,-0.01917339669734419,0.10738295043656071,0.0
0.1804002384334057,0.4968791733455582,0.7929418180075635,0.7938533576476419,0.4717719205527535,0.9477514553525306,0.8079801491164607,0.9337811970771015,0.9883170596218072,-0.9349849674438163,0.14364529265521725,-0.05277446324250919,-0.11770677284790249,0.031089992256222457,0.07499619334613664,0.0
0.21919901981947024,0.4380496339473582,0.8999487405284567,0.8162154587957944,0.34884370876687776,1.003938324459911,0.9328315580154434,0.8470840985439085,1.0023926110542174,-0.9299700876479452,0.06678555765543466,-0.07682671325067017,-0.02904760704245185,0.06594917669020839,-0.037350109502872125,0.0
0.13123555004092877,0.5134500843866395,0.7826948334503844,0.8413662625769243,0.43584033286588797,0.9810870967661067,0.8799550535030901,0.8717780622164848,1.0108465270015374,-0.8876195784379143,-0.025396436895020795,-0.1302287355899915,0.056326284797188764,0.08076601050073624,0.09349555482511196,0.0
0.13586148753184413,0.6869790331643835,0.8356949113092254,0.775527903517464,0.3055256394841293,1.0104775504789572,0.9276569378319646,0.9220617088400319,0.8370362158988076,-0.8752047031071,0.08000117673462609,-0.11232881833111241,0.19843977149889294,0.1398426295521767,0.05912009825287316,0.0
0.16995950739482807,0.5716964707724035,0.8205260950925438,0.8790769775124847,0.3304139676989154,0.8789583369475362,1.0164142909471865,0.8635917803614457,1.0535040330834229,-0.9537845656666325,-0.09773190328082876,-0.03193402593356921,0.3067858490412949,0.1697477724255902,-0.08164866724339795,0.0
0.14638782638874304,0.4340085190823776,0.8841022446778004,0.8569323917227019,0.409349917429937,1.0364771189192195,0.86929476934799,0.9365298341922558,0.9295506961337452,-0.911443294975213,-0.07770837640639403,-0.07536569520156708,0.07693887569546959,0.10622911939856067,-0.27892436894817907,0.0
0.16529566149563119,0.5301046346945284,0.9271082501340954,0.8847349940919806,0.3762020153005631,1.0451521615726889,1.0166720003238896,0.8917781033441287,1.016603905547672,-0.9768341153161157,-0.03907231449647289,-0.12162870989432559,0.11783559704758434,0.18736698660538034,-0.30062126461312977,0.0
0.09125849960581406,0.46432988442496764,0.9194949138478088,0.871146615656179,0.3614930808526365,1.0810917009314347,0.892613997998567,0.8764799615946873,1.0400787044768427,-1.0490377152062795,-0.034280346862508235,-0.06262394613975947,-0.03829767747475214,0.10428793002378087,-0.3699728867982083,0.0
0.11877237719638355,0.5232319425417643,0.9298270458719226,0.836313093177694,0.37345015421663713,0.9738733399583028,1.0003451982231333,1.0041503558682385,0.9974632080590413,-0.9949241164072286,0.2431712777038827,0.03441671155863381,0.014737281782005406,-0.03271871744835371,-0.18260483400338567,0.0
0.2298679634271253,0.4660688382195614,0.8518333904820564,0.8029099293063987,0.4015866111809067,1.0393904800447553,0.957119476155204,0.7437506541934894,1.0308933756464898,-0.9982918717316258,0.16281815561840168,0.09849396828020095,0.006273359080438529,0.004609765412263808,-0.16580304811704327,0.0
0.10817678876091225,0.5354100695024713,0.9693585970901881,0.8136884820921185,0.4186646197979842,0.9564962200521654,1.0321393358725994,0.8518357228991514,1.024532449634898,-0.8973138358472885,0.21835176975208997,-0.11604610246337294,-0.12667974176511979,-0.12315790221207293,-0.22056062450618455,0.0
0.12788704611534218,0.5130842282902159,0.873839168369135,0.8998784131706864,0.43147784604670164,1.0139753657742492,0.899269063662177,0.8391884908774724,0.9906335111348921,-1.0297006477675352,0.26571195912365553,-0.08816842808304505,-0.11155422250152916,-0.0016547601351016294,-0.24427828507805555,0.0
0.01704055362859866,0.5031113731098863,0.922981569190358,0.8569362994927427,0.4331901542639638,0.9435190572350112,0.936793287188001,0.9097228915883091,1.0010038624502926,-0.8843979562274511,0.3319128068007401,-0.13085460675837143,-0.09679297615757057,0.0033498420309642993,-0.2588006047645629,0.0
0.18077736025960864,0.5770953564680484,0.9194677328638579,0.9452044545324644,0.35641537929686773,0.9674781341529659,0.930037204155084,0.8905653902208718,0.9891600067151982,-0.9604214847440486,0.3919470818989773,0.060892626132897656,0.049958341927116234,-0.04275995299677247,-0.3137425047580261,0.0
0.18219937653754886,0.5549009749501349,0.8968371159622684,0.8901250190133511,0.4325206621105727,0.9640859904742821,1.0082173015175573,0.840918585930641,0.9955005967688572,-1.0045497454391628,0.3408036773671944,-0.047839518153577565,0.032306055867551,-0.25276647410669123,-0.3080822683877749,0.0
0.15718299284223178,0.5849527555771196,0.9197276698451067,0.8351595814397197,0.3884352565487826,0.9148184440733412,1.0289804052964475,0.7571778676564098,0.9842834177494956,-1.0826692958623148,0.33701922149050223,-0.00648951821449438,-0.06365120860119716,-0.2013462573581307,-0.3097959583465641,0.0
0.2137154913343536,0.5315328627268635,0.9060008862798288,0.8407228518410106,0.3828811226392791,0.9431010989195283,0.9161897148333558,0.8009569510773237,0.9330538448570244,-1.036403069641019,0.323029800701317,-0.03983017516066625,0.009269598643603709,-0.21482558444642677,-0.1183708324760972,0.0
0.16657886452140874,0.5314586697164655,0.9555570478705021,0.860513085005962,0.3367218389996357,1.032317522589574,1.0757559949285838,0.8097578724991412,1.049498477867347,-0.9864721906603068,0.09174845995032807,-0.056465431551430884,-0.0015758731380235433,-0.017902921266292948,-0.08710171862416649,0.0
0.2110393222856285,0.5320595016899451,0.9312173718944129,0.8766739222228392,0.46055847768660474,0.9741734945657174,1.000444689589654,0.7777248610992658,0.9994701723528794,-0.9981977245372144,0.17493645450296733,-0.118542141824578,0.1582501762974394,0.01386903304795113,-0.12146114774053957,0.0
0.201319462903073,0.520571686665452,0.8820954684195511,0.8383596733512705,0.3508160156982852,1.0245667678216601,0.9653069151939696,0.7673093254691499,0.8874545635471819,-1.0230545479841187,0.12766691894984078,-0.2048447185252928,0.08390632112306476,-0.22419354062654745,-0.17600763515446965,0.0
0.14260741509785857,0.6035926449578919,0.8640098482422063,0.9325862758591135,0.3292822357296132,0.9726851482282534,0.983570428949539,0.8089740207990012,1.0868043241296435,-1.1007631378578107,0.22090854448169697,-0.1798033500464144,0.04382890131051255,-0.1654136557332175,-0.02869516331807888,0.0
0.14542729270162227,0.5824058327886291,0.9115651990810432,0.9153338368023148,0.4586018508580224,0.9995146798921106,0.9862314402949346,0.7332424776921445,1.0680419612200673,-1.012857833798175,0.22646814496981493,-0.08677407329918882,0.17876049925650853,0.03290368664804805,-0.23555131608712426,0.0
0.13324910108130683,0.5887619011786773,0.9206355052695734,0.9852059027824431,0.4309432088803713,0.9549283451278013,1.006493925460575,0.7738785694856091,1.011151398440515,-0.9735435515312283,0.35387946622990135,-0.1147014033323398,0.16235175101893526,-0.06998170077045948,-0.2219968212642657,0.0
0.06401092846381744,0.5486896096177116,0.9219666812513984,0.978955718644777,0.35734749460596904,0.9766300550451331,1.104395080009248,0.7056341733927735,0.945328751345777,-1.000763099539463,0.2624142154780348,0.05070214882335901,0.15179297362514,-0.151393614368248,-0.1706533634834332,0.0
0.14818280230398895,0.5813046814557153,0.9082014679105614,0.9259683020630151,0.4346417401200535,1.0696652036094696,0.973053971763428,0.6871930834450795,0.99681181844962,-0.9865163278382182,0.16817961212079263,-0.11965618988617831,0.014745889477187704,-0.0051203636419427795,-0.1567409542319814,0.0
0.1706256186978412,0.5389861501426254,0.9517044607174877,0.9221902369728229,0.3921673647587108,0.9746865606660892,1.0069751437625158,0.7227958089772248,0.9787819407990382,-1.0863258211815223,0.18163652744313788,-0.07022375675541276,0.02895314179663301,-0.022264303922829392,-0.023407955676406522,0.0
0.14911569231683452,0.5844316554355451,0.9397615657609978,0.965287690853507,0.35388199026477124,0.9041960703894213,0.99413631691447,0.6280095356293731,1.0246513977409277,-0.8952503455127929,-0.021974153475504604,0.17924258287757358,-0.009837333503304187,-0.028209347537631935,-0.10520727945821866,0.0
0.17035613369919325,0.5402014474942258,0.9310677404936019,0.9027596916217561,0.40504537885484654,0.9111348409541025,0.9315554843735637,0.698563197884229,0.984342468260879,-1.0326271155930418,0.07269257198777705,0.06397633277818969,-0.053614003922522066,0.12684205996443282,-0.12124843286138276,0.0
0.21921133023712214,0.5641922383277488,1.003723533627474,0.8879484349582738,0.3961040030106372,0.9691949997891662,0.9613027644285238,0.6807356192695787,0.9396264340272507,-1.007064345589361,-0.017123281963808204,0.16741403872172905,-0.05294057258732551,0.1321628892678044,-0.12495161717115971,0.0
0.20067442765894936,0.6049948244159545,0.932472006551678,0.826430055838722,0.5171519332367864,0.8621588238380314,0.9843792696588979,0.5844546173043061,0.9722719868563175,-0.9401844107091496,-0.01335703964839481,0.29539198867211336,-0.19186229616480407,0.13063062211187354,-0.30660499137584407,0.0
0.18652383119307522,0.5246932297456822,0.9638967038791821,0.9573536876268289,0.3873733690545908,0.883088914383154,0.978193623079953,0.6410650649031552,0.9837863938166606,-0.9336969456488166,-0.21781150737026428,0.29484229167204445,-0.07290968362351967,0.19822918221131397,-0.24992051473427707,0.0
0.18987165660761962,0.6057059672790382,0.9391368045330244,0.7996485400427735,0.4460000892168614,1.0380891524910103,0.9761672508981492,0.6387860786622671,0.9979027083617084,-1.0127902113936538,-0.27957184435080845,0.33167405871340816,-0.1724243550256982,0.26826595309906937,-0.1181888150917662,0.0
0.11081632326728094,0.5617092453393677,0.9105618720243281,0.979206549363169,0.4538873555020837,0.8520426509257979,1.058818887938575,0.597287037636708,0.8719706239119401,-1.0910943980772876,-0.27688310391492343,0.369680313302656,0.040420294778724386,0.14997071799281578,-0.014591091646998289,0.0
0.179749617404209,0.5258314813554773,0.9476676281916013,0.9228473745436903,0.5083776371873597,1.0232757438900062,1.0128750127587156,0.5501001980067238,0.9739690196946235,-0.9307957897088015,-0.37729495389087697,0.22430066683965863,-0.0010205366594762746,-0.060071756797685685,0.07104687521235405,0.0
0.15596709436840558,0.5532314470456885,0.9442207498345943,0.8641340406735146,0.41294213004732794,0.8234591583525773,0.9907157632188673,0.5736001284678935,0.9717095753473222,-0.9178636915847739,-0.2790655210394136,0.3271604197784771,0.023553451403685574,0.06001112899167418,-0.06179498055916192,0.0
0.15473715107201277,0.5809429584509798,1.021180629627922,0.9344733574087128,0.5057629550506457,0.8815993273675681,0.9695420896089931,0.5961423870912224,0.9346318131095953,-1.00923213122554,-0.09285573827886753,0.23334109304175601,0.04456658549413978,0.03855823909740554,-0.1505924221028429,0.0
0.20979754631804876,0.530768650140084,0.9316870263680952,0.8839718467094323,0.5113271337025072,0.8890960778415391,1.0632855915949324,0.6082443883617619,0.9079323617579355,-0.9428390202408452,0.017046461437728283,0.14667212576885677,-0.03281568508222841,-0.031586314916663416,0.01908863903742515,0.0
0.24835077033453418,0.5142601902701436,0.9593868165460293,1.0132487068424079,0.3808862117833684,0.896776701577786,0.9586661629030874,0.5702144397647259,0.9790588385559575,-0.973548224694313,-0.041161237258630676,0.026793970135861697,-0.14367878136024997,-0.12388453024201392,0.11586610664808995,0.0
0.17139155144730123,0.6053149757727047,0.9585090303565169,0.879244624453793,0.4081452679362282,0.8844422348136156,0.9896932536487809,0.545417475628101,0.8117187677170177,-0.9474571613887619,-0.13492047553496184,-0.16875866114384636,-0.17736562169288117,-0.04868199517687217,0.17351946694725884,0.0
0.13035860526443074,0.5757901347001456,1.0596760040089106,0.9411138800176698,0.46049918922127914,0.8679837930772191,0.9812259062271026,0.5560141265210918,0.9530285247848203,-0.8778934339524758,-0.20524824832573557,-0.009123570482730478,-0.2108415579166254,-0.017746542995598375,0.0868840920135835,0.0
0.14017202015130031,0.5547283388040184,0.9162832038481914,0.9295700553632917,0.47445398378752396,0.7881344008465955,1.0255814922043938,0.517087293606878,0.9289024980024877,-0.9722131162257034,-0.16879885421853413,-0.025270729188502428,-0.14880970556220832,0.0016652214585592233,0.05414489122044806,0.0
0.16464074643165177,0.5602977544541459,0.9462189311284193,0.9706090174735494,0.39113439239448855,0.7786527098115819,1.008884319689692,0.4687789667783853,0.9139624671061471,-1.0071299595664445,-0.11228355519635082,-0.05939020549923997,0.016979618627928614,0.027298534712654633,0.0035012403542699147,0.0
0.12340529510801615,0.5892419697645321,0.8944261225582749,0.8556094574714892,0.45324607104555886,0.7997504278310767,1.051263076836621,0.42582174210730006,0.8378974031330717,-0.9285051006050491,-0.1818789391139083,-0.07192159335412096,-0.06541940673280816,0.11972442272498274,0.05062782641273354,0.0
0.1843497069118978,0.5390269634518027,0.9794018383600464,0.9408863985946369,0.5415676737361541,0.7478267008242072,0.9712664144765809,0.4610523286346173,0.8216476019640214,-0.9517327605848341,-0.04577730719376279,0.07121428527145725,-0.0010752687073976933,-0.06983305893267695,-0.22828811065598043,0.0
0.12867656138130779,0.5214070275932743,1.0096399113011836,0.9399951359909136,0.36860674125231785,0.7925076154576307,0.9561924655919349,0.3985894594444712,0.8267100531002556,-0.9400733793526183,-0.06451742597769164,-0.16175510139493665,-0.15226209304150615,-0.07733035020993415,-0.14043636448224842,0.0
0.1547351272980523,0.547602444535731,1.0072076327835393,0.8665126052342269,0.4497965820428933,0.7619236423018715,0.969104299065671,0.4267279535007332,0.8985174608152569,-0.8676846913404206,0.04404300750876208,-0.19652867754133913,-0.1770661450681168,-0.12391247974493606,0.060863096413456094,0.0
0.22614745215838225,0.5633819845081405,0.9818745175920478,0.8551628331601329,0.474273047670038,0.6791928882777115,1.0112872997737081,0.5387270528450538,0.90906737926769,-0.8898472832944879,0.057866069376104265,-0.06581084934476099,-0.2469140901334995,-0.10569089020068635,0.03973366935175578,0.0
0.19352399975177198,0.6253497567178296,0.9906579030815845,0.8833550098897308,0.4442838108675912,0.7129710687042932,1.0693399171879432,0.4438735357719861,0.8846241719280638,-0.8573734527725426,0.014431054832385229,-0.02784935960767975,-0.2779284956010724,-0.004142983317287019,0.0007005270616042975,0.0
0.18823846749340145,0.5462397838174139,0.9432506655383895,0.8725631832565166,0.4988527969324463,0.7639826207649111,1.056121311719752,0.42179052229346375,0.8647942867875423,-0.8600222706659348,0.041082180973801605,0.007558172170216874,-0.23697135512835077,0.08851568578541015,-0.0006175110840156654,0.0
0.1118969001873144,0.5525911523997857,1.0159552920943729,0.8577498574948872,0.4078060389764334,0.7136133322017769,0.9397364755248798,0.32622901245198704,0.9529377258376841,-0.9029411965340487,-0.09573452272432353,0.041141636804255206,-0.14496083582012628,-0.08019043118525176,0.20686489581800518,0.0
0.24108747009427073,0.6563719014211082,0.9493180744271332,0.8970307832052257,0.48555244482140814,0.717127199280733,0.9593477117422723,0.27908614202684184,0.7883248715837756,-0.8177569770976236,0.10881051426314137,0.022033626136834177,0.015866639905242605,0.049036252303939244,0.06942419590761069,0.0
0.23003855044358032,0.6382930413574576,0.9661751829492858,0.9747135926513617,0.44944087309873876,0.7221467069563944,1.0645882918755825,0.2778866276041563,1.012640561189131,-0.7949516393941443,0.2343443577361915,-0.03569553769834606,-0.037651720240962326,0.00027382448192248693,0.058429120436528724,0.0
0.18591252538012493,0.5329084064294929,0.9510416396820514,0.9574483042990294,0.4835700918505768,0.6457330302703799,0.9368854102418966,0.3373262070189127,0.9062115029668043,-0.8346524140430326,0.2729132207678806,-0.12937578868657065,-0.2146648446316718,-0.050054643674596465,0.13565200615489478,0.0
0.16534049969001385,0.59768907859284,0.9489985700973615,0.9838550599064462,0.45461936833579497,0.6237119943398348,0.9295782157516025,0.29761693159801467,0.9176505577628374,-0.8224696055679872,0.2848233142899106,-0.19711423537818545,-0.1596994769855864,-0.1187788192132173,0.03305884573370203,0.0
0.20253013116901314,0.6243193548537588,0.9762582543516696,0.9454632373518552,0.4529741264925177,0.7386297283586196,0.8979806845537611,0.28966295263652025,0.8077364298782004,-0.7168689310069961,0.3000413312742351,-0.13875991331934395,-0.049348629638462996,0.055286891170065064,0.12143535555834956,0.0
0.22695157542300745,0.5114958722522642,0.9786866918428705,0.9146403352226635,0.4368825982643145,0.619100207777779,0.9252873165117502,0.3064400814020227,0.8752396455353009,-0.7237569034186748,0.37485787179491803,0.07087214173134752,-0.009755226433191745,-0.012333809348445003,0.10206316134240905,0.0
0.2907815152329198,0.6689746391642762,0.9830801522595873,1.008353431967061,0.45485300032675363,0.6848509998662261,0.9922712042472382,0.27783525884211807,0.781709533879237,-0.8707463970659214,0.1886918191723984,0.1129930599718238,0.07937589260033366,0.04847993031119445,0.057635576422030974,0.0
0.1356881893933023,0.5843800882231183,1.0117669832020644,0.9267186909221152,0.47113706989563686,0.6396254721784251,0.9460551177949127,0.23124068342711762,0.7863093950848461,-0.7829859985134294,0.04340893329547854,0.26736142507226635,0.13069403390791823,0.10208670306214146,0.02071276761953052,0.0
0.24527812234699323,0.5831424044304254,1.0721192585862798,0.9577065908130223,0.3864879533013277,0.4768168059845391,0.9451579660124186,0.20182322024182625,0.761088279544772,-0.702485423764135,-0.010292044289680363,0.2301876950444673,-0.008296985868740836,-0.0843666011131717,0.027984134422628988,0.0
0.20783580510048033,0.6018976539413745,0.9272414955144178,0.926526737070591,0.49614828097991814,0.6268407643207328,1.001150831434018,0.18952994941055554,0.8869518902123342,-0.7192726100713817,0.008453804343680336,0.1963215779516812,-0.07587046368619157,-0.059166800058333684,0.13917209952821916,0.0
0.21799783764132988,0.6396562120164537,1.0739652837056193,0.9360633340084415,0.4091888673281902,0.545677407104055,1.0351734606916465,0.09754773061115558,0.943736274844709,-0.7700177751065569,0.09833947619906805,-0.15841247956784274,-0.04093372084253765,-0.053547247244906865,0.03435808724064625,0.0
0.24756674294073838,0.5828358236678343,0.989624206656861,1.0070269499799325,0.50280842961072,0.5515480883845205,1.0361822988001874,0.11592694329905262,0.8682585477910862,-0.7178454455597026,0.24850259250721307,0.09364934661483418,0.0390342923396033,-0.017172733401709186,0.1504410072284133,0.0
0.16234749152334982,0.5666019509483223,1.1159470866733205,0.9029399475676032,0.43584211172312987,0.5217731993987837,0.9752061624348729,0.23162622784962483,0.7715088125822074,-0.6876228978951809,0.08532372661040423,-0.035316721309980675,-0.08034764623834828,0.11940447788783742,0.10711251547889626,0.0
0.22484829515362617,0.5100250301352552,0.9944931955177432,1.0553505289477503,0.5702946033494698,0.5324547978936736,0.9164099510678025,0.07353591714964816,0.836433982442748,-0.8022351999112443,0.08531599164830893,0.032426816056326864,0.09068075878670409,-0.06414162940609346,0.08203060925844922,0.0
0.22418420964672467,0.7342968159893096,1.058307927637434,0.9318587736819456,0.5116032533686973,0.5197316555887136,0.9634687044483505,0.09041177530417424,0.7555296336512632,-0.6709658336023882,0.19842850382695268,0.0015898230575040993,0.13832285577106743,-0.016599611150554566,0.17964927185391927,0.0
0.2091973926413415,0.575877659655823,0.9629467620952384,0.9902105774987163,0.5214112701199732,0.569268770115973,1.0115996256939677,0.11436444023950695,0.8128526870369165,-0.6637698632097966,0.1574774360484435,-0.06207931506677883,0.061453043907871985,-0.016490288879905265,0.37186305969163636,0.0
0.16897018809946934,0.6094579513792017,1.0057239391597141,0.9523187666482805,0.4730253296504666,0.3458122429827472,0.9679902196653868,0.08329162250049486,0.7650239678514653,-0.6318816050365791,0.19065494927865517,-0.08383827634602141,0.138907683572303,-0.08211482465421004,0.2507716342452127,0.0
0.22356630444422154,0.6798193565233233,1.0808801458093953,0.9714802410215505,0.4206311765341429,0.46035834010794063,0.89482535705221,0.06938927637406786,0.8249366606287589,-0.6662579383612902,0.26844600013567654,-0.15665736242658707,0.2227736825882442,-0.05355980085575012,0.3537366271951656,0.0
0.1986644497878876,0.5566015787531032,1.0076674239752599,0.9300936507354004,0.5210502715820228,0.5242729649870528,0.9199516875698354,-0.0923515437348584,0.8385540778727067,-0.685417850853236,0.20453447407204217,-0.08448507760541997,0.19481275128625597,-0.1317982680100784,0.2409043480311923,0.0
0.22279369168906524,0.530713475001695,1.0131672893883044,0.9205338172157369,0.4152439140587901,0.36561995237474043,0.9262568375374666,0.08575835245052474,0.6620860227940414,-0.6723220804788089,0.07744739873226078,-0.2995893238563822,0.3398673601077047,-0.1933647755759757,0.19908195224709888,0.0
0.17973714717490957,0.6202849820813892,0.9831369666728049,0.8931951238084881,0.40940993930045866,0.40562685552707783,0.8290005631416206,-0.03954741739756161,0.7209684416971607,-0.6231715975641957,0.18825039346261513,-0.07797824374599659,0.16277570556961296,-0.04763483252788869,0.17564712838284918,0.0
0.18971481626137882,0.6398886580490949,1.000111788780207,1.0367239258797034,0.5423798794879323,0.4021475432472824,0.974264820376363,-0.03724625110703292,0.7984083587626865,-0.5973859485683762,-0.08298158841050082,-0.08485249929414124,0.3178266120014706,-0.10532037903197937,0.13600212738239867,0.0
0.2058607008776293,0.5571995464024253,1.0943372332795949,1.097879352580455,0.5393094651398149,0.3216577179451736,0.9595631076296798,-0.025295552497757584,0.6956588319075032,-0.5397303156419748,-0.04128561981499132,-0.08709857367352186,0.2530949250487886,-0.05093655160088308,0.21723792757748178,0.0
0.17257173021886696,0.5431208107261256,0.9744416178090602,0.9375747478147026,0.5197806526820352,0.4299690360139288,0.9124320603189602,-0.030777944437217163,0.6732377421471009,-0.556058415699017,-0.12191675345040562,-0.1696750500467649,0.21514269918504483,-0.043815898970926755,0.114148648557128,0.0
0.2730757065739074,0.4942060782552364,1.0303256794947788,0.9760954100038851,0.5050068649349171,0.3171189909778707,0.9218665837124754,-0.0790481094515506,0.7489537711392132,-0.5322008282712296,-0.16571719818676517,-0.09702445901211632,0.19483504316351896,-0.13534015163402488,0.1563236661864607,0.0
0.18236889927506245,0.6160126288095983,1.0913362101013782,1.008765596463774,0.43922956710970606,0.316613915058667,0.877078650930037,-0.09367079350122319,0.689711130653157,-0.45361131097399593,-0.1982616114292884,0.00934409573521263,0.09665568361283469,0.13939526294568017,0.19273441337553665,0.0
0.260808600600703,0.7530463858280788,1.0648396714898545,1.1034852696550663,0.5251842636147064,0.3023194687450644,0.919534371180254,-0.09371808422838322,0.6736264876923491,-0.5405209922601143,-0.29618385709539913,0.014805413978365193,0.08187876416723819,0.21457378979333597,0.04111487556139912,0.0
0.2291777030756612,0.5967215132972228,1.0016803543309243,1.0317844409383,0.4467386865060839,0.26952096705687834,0.9472003200905184,-0.17924511270414045,0.7504472798169695,-0.4327215825043148,-0.19319845723561363,0.03087874990092079,0.12342829659936588,0.2276965939893229,-0.007704385559331041,0.0
0.3151742840585732,0.5473796347989479,1.050525760266114,0.978454802694648,0.4662578409125289,0.2264183203851553,0.932509354090542,-0.10175960558338995,0.7067806277539384,-0.49870783747577363,-0.1494433404201015,0.04824950871861601,-0.02042722737252413,0.20255092811962924,-0.024512485300044653,0.0
0.17975970494413335,0.5194841849322742,0.9748495924673474,0.9470061919340677,0.4933403314624149,0.21882273524162174,0.9409139721052306,-0.12314966997811733,0.7356475158591517,-0.42363135713377104,-0.11580501176944161,0.05831056052587884,0.020713454502428404,0.2081338129340466,-0.014325501007893182,0.0
0.25454391783029984,0.557924910243815,1.0189099651018787,0.9528853687664667,0.48661042360055684,0.2328477225862854,0.9786591464771389,-0.12499257945520337,0.7440332009777824,-0.339449906143543,-0.2057521773746602,-0.018350035158895814,-0.07918623536499524,0.1445754346045807,-0.09199553582201452,0.0
0.23051691607218444,0.6772614800698775,1.1013437446170795,1.0829627001278141,0.5481560839273746,0.24416932818892492,0.9514262275991754,-0.23837796611794443,0.7959880904614371,-0.4417510835728225,-0.10527830528578723,-0.024282878635971672,-0.13515316284303577,0.14792391167030355,-0.014867846733683944,0.0
0.17916479809441146,0.625319766022723,0.988928371574385,1.0669720726254306,0.5031423042446135,0.23971359335184522,0.9299875034071603,-0.13037941975261713,0.6924215664631337,-0.4000242731687995,-0.1127051205968366,0.01695542882148557,-0.1256264289033358,0.11911057109327174,0.16378731871625407,0.0
0.3007554485574486,0.6590628774381857,1.0213188445711565,1.083472806026496,0.5514403848281363,0.14698322323000462,0.9057124559195384,-0.24596148735782639,0.6829340628777633,-0.32275657615204756,-0.01910485577659045,-0.2669066403521412,0.04522238516094469,0.06648507299563784,0.04991689483378625,0.0
0.25927478666033055,0.680395750212531,1.0748706778472843,0.9804599687479525,0.5039617746565062,0.1580261818613099,0.9409751244322372,-0.29201102981247007,0.7566184414775893,-0.3601741334931034,-0.13592738439466615,-0.30983469996639623,0.13506789460100696,0.08043410950596061,0.04969960140723893,0.0
0.1933496935731381,0.5259094209090147,1.1397940241550313,0.9965593555012996,0.4999266310249051,0.23466961032610673,0.8685256808709463,-0.2358578608672633,0.6682591140428247,-0.3326900558222079,-0.18338838700965585,-0.1144883622952599,0.09026686845936845,0.06961353876895826,0.07251418248174235,0.0
0.1573077260683074,0.6792588286595701,0.9707295313081727,1.0151070725271425,0.5441226859047905,0.0765931991200727,0.8639137009612747,-0.24680367207650736,0.6866868616688172,-0.2806257470689084,-0.2504294900118288,-0.035410114713369356,0.023978087169350917,0.05837314845992115,0.13568180410463315,0.0
0.20913067412636588,0.660895606739045,1.0673592238677752,1.0826741971642064,0.5971825348165102,0.10118517354799153,0.8288002021630052,-0.33729508089020005,0.6866138728721302,-0.29516957407838795,-0.3418597747537305,-0.10480111936820322,0.2095214203837644,-0.06786692914045447,0.057039506065883636,0.0
0.23029101962348836,0.5617447182042985,1.059935361257084,1.0430088451293689,0.5047044174411298,0.015464560549555514,0.8809265378031721,-0.32691778178255554,0.6569669376236162,-0.21857850126258585,-0.3012930159568349,-0.005300046930593091,-0.15853827859426786,-0.14131765084615466,0.1453226506878926,0.0
0.21174806061209947,0.6025583944698999,0.9694606110456707,1.0128768891979982,0.5429849570393553,0.19969716780465419,0.9368459425581589,-0.29663093905853805,0.4815884619492071,-0.3236845531984849,-0.020120163659772095,-0.06951865758413299,-0.12651857568009134,-0.06855634868896268,0.07718031461016328,0.0
0.22450037460613773,0.6127866228568973,1.1486085543720368,0.9257464821521768,0.5242061035654807,0.04394086049772675,0.9143786485463125,-0.3679807969270026,0.6646239992055823,-0.17055152295409817,-0.08092294648947607,0.09236011655435963,-0.16490793528071607,-0.3066917229870333,0.15483450397930057,0.0
0.17080961629372265,0.6587166953570454,1.0319065812537684,1.0129879935513122,0.525588867901958,0.039461610371832524,0.86666955797759,-0.3393200570359331,0.7102705314463512,-0.20100289489257858,-0.04232871684730971,0.044431889817096885,-0.1047588995809978,-0.15544629095362564,0.22366821830529804,0.0
0.22819743295639294,0.5767407271164158,1.0451327559890178,1.0069677661315246,0.4016599758060329,-0.004513391284730146,0.9302851620376645,-0.3440098273965093,0.6581411888045275,-0.1395062676493805,-0.04918516986109441,-0.11604891120029252,-0.16280673483241576,-0.13914689306165318,0.2072146171081137,0.0
0.14576982853580245,0.5987648433565554,1.0111114057879937,0.996312753135946,0.47762341017132526,-0.049245766131172285,0.9329774967355592,-0.35741288999624543,0.6451689766727954,-0.17798727953516522,-0.05687671019240964,-0.16678461258639538,-0.09188623432493642,-0.06523309724986534,0.0965454013560345,0.0
0.20280069785916768,0.6917731738822817,1.1301098778668055,1.0002820581062255,0.4897823706516849,0.036626653096868224,0.9571769077278687,-0.4474148864324555,0.5443158952566028,-0.1574780708046247,-0.15670619825707724,-0.0333319576329881,0.02529741797128786,-0.05237256075528878,0.18503730537665586,0.0
0.2313537530250013,0.6577214767118116,1.0591368481010772,1.1445680638872942,0.48186428326918546,-0.023824572748589824,0.8647123514671095,-0.3453343990028281,0.5965989158574108,-0.11911390516579644,-0.12392071224745621,-0.08558142886703077,-0.038989011110813314,0.029726670216891148,0.13085667715650834,0.0
0.1671222620160435,0.6261344242166165,1.07952543480236,1.1215334423988361,0.48747418653789404,0.037178523834760654,0.8834340165635189,-0.3844331007589364,0.5627753848313355,-0.11313245741566985,-0.10131004134547132,-0.0772370589144018,0.18806106962967792,0.11252702225001278,-0.03142961165923716,0.0
0.302231893135103,0.5638843323662807,1.0440195770386895,1.0002068305630654,0.5373645168238093,-0.18922776842931294,0.7415026362172771,-0.5099316915917756,0.5893614244908812,-0.08619602771206696,0.19426413696036243,-0.09384220368896354,0.21790089316605354,0.12352050705764679,-0.00969229096324531,0.0
0.25616234485920003,0.7373645714798427,1.1272822281017862,0.9823347573667811,0.5551473236591484,-0.15862022898068204,0.796912978340358,-0.4841659339787401,0.5969774167659073,0.00814607634922078,0.23798429321782694,-0.111772631036463,0.2426359264991377,0.02733922841035579,0.11576064069813834,0.0
0.23614383762616714,0.5723678231433204,1.1430654339706234,1.088587371262791,0.5341620508606474,-0.12838826725145036,0.8480077248105311,-0.5223209701612306,0.576389302379822,-0.04614565076106858,0.19100040093096957,0.05036624446161231,0.2397156071861987,0.07782939460977331,0.14024283073304653,0.0
0.33879156029600993,0.5868693640408926,1.0900635075791596,1.075820378856881,0.6015279490731006,-0.0874979129807177,0.8654341914226339,-0.5435901543650455,0.5400363881293727,-0.029250293976440057,0.1590264513371441,0.10128628141475733,0.2040341153314516,-0.0981995730604998,0.0027863935086307606,0.0
0.25287856659603664,0.6689974162252195,1.1116348230407203,0.9988669793789707,0.5880527652361736,-0.2580811538340339,0.8930039435950615,-0.5895703792852308,0.587416377981703,-0.05253608892684293,0.09741351926151037,0.18346349536662854,0.038577811026629036,-0.19467456404933503,-0.03228971165171753,0.0
0.24904341214166623,0.5972770576528624,1.0655214722504338,1.0076974008801571,0.6511740406370041,-0.15720037781296597,0.8246761595117379,-0.4912588893362335,0.5162681749997787,-0.024512885545099845,0.07822027466684713,0.27142752642155377,0.042180339537613826,-0.008713883029418584,-0.040983591596321034,0.0
0.25915020761097995,0.5791325772654818,1.1015386485402172,1.0542916054225664,0.5582439787310731,-0.2048197258478791,0.8157538145495445,-0.6060061761109011,0.5795079856434853,0.08215339285863646,0.028891453699474594,0.17029525310144203,-0.0392121574143906,0.03623706849197249,-0.011548242885072554,0.0
0.22881646685774476,0.6105499620577206,1.170908664592352,0.9903638553406194,0.516621358565317,-0.23938669653088102,0.8723694360547654,-0.5993480366323581,0.5414854339010409,0.017469989124327616,-0.08907842977568431,0.09398005474913834,-0.1044086870847982,0.11058186144020266,-0.021758747743797158,0.0
0.23665918941975841,0.6170100249160091,1.0844236409597932,1.0061613010815122,0.55427804509063,-0.2919001471412082,0.7906499880070579,-0.5904829191404759,0.5518151008594061,0.11173325829961658,0.028188170420611683,0.021238306907976047,0.09438594600456346,0.045180774655744715,0.04164588852095025,0.0
0.31864429653574505,0.5067980646633709,1.0637948843519176,0.9958995122221684,0.49864915518772446,-0.20417090007804323,0.6902879784180198,-0.5784556021392478,0.5182372658936995,0.019637132840127115,-0.1104115560389333,-0.045913303704219956,0.14415789883917987,-0.06022998211039772,0.04819401870377651,0.0
0.16712235175517876,0.6531211259868686,1.1708642899498385,1.0757492641061215,0.6890099427591155,-0.2537995243800413,0.7753590688195682,-0.5577097087963,0.4150774603985845,0.22868473821713192,-0.06729232191965584,0.04761593682598368,0.17398003370057796,-0.15565396295539113,0.07829369838436195,0.0
0.3302797827957974,0.643516539267191,1.0901179699847787,1.0202824169911422,0.6339357339476391,-0.33574565176502114,0.8008503700781995,-0.6878760347425025,0.5419656974208145,0.03576191277603946,-0.1733050343227613,0.14147874049947057,0.092637173840762,-0.2082676161809553,-0.03444897282767215,0.0
0.3326543502586112,0.6663656764764584,1.076833018463717,1.0244361371046031,0.5099787270470266,-0.37977662090553765,0.7237090724805286,-0.5953345176702337,0.5201461425513264,0.09134024426258397,-0.020429627736684303,0.035663511457780836,0.3188138501882709,-0.27847690646746637,0.06031081168581455,0.0
0.18265325378515726,0.5683363035358204,1.1621353654125737,1.0678358693599248,0.4921044252755778,-0.186143734012721,0.8330711731118292,-0.694939182343154,0.4864469169584435,0.17261112796350597,0.07011142850907061,0.013010978155250623,0.31955208227844295,-0.20740747800649725,0.05416361051331045,0.0
0.27379583620025544,0.7002065991925502,1.1015146966709495,1.0554472376529436,0.5765989313512857,-0.2656423013460044,0.8333008096351497,-0.7394348275151894,0.4455724375555982,0.20841395022349032,0.371286321288588,0.060968811875335406,0.3006952696573581,-0.1382128083688995,0.0682728290652969,0.0
0.22959580559155782,0.6359534605879071,1.12950261839465,1.100755394037828,0.537932267985513,-0.4362290071994981,0.8200853054578366,-0.6731039437017162,0.43484826422714584,0.1935431716168789,0.2697482351465315,0.19164525262261659,0.19859424776965112,-0.24131775513109216,0.1264250552590452,0.0
0.3254460374549179,0.6161827151866867,1.174260940866049,1.0689758072322872,0.545123146666383,-0.27286919811422494,0.7865848826163668,-0.755521607332797,0.43550225269507126,0.11303277713368273,0.2857184985874228,0.18944881438228187,0.2526146426556392,-0.16211655586101856,-0.10698996716186887,0.0
0.2350804010054529,0.5592648845053658,1.1612126230270339,1.1434982922444825,0.5975724624196985,-0.2521740584638058,0.7396671854572747,-0.6484796131307382,0.4470548280772235,0.21316788385390223,0.3080106134397359,0.20147092708068715,0.1824976397268883,0.04663198558872776,0.044932382260747875,0.0
0.29246479536010106,0.6653345032501347,1.097341640081284,1.1195037788883544,0.6506867134068351,-0.35297429221098475,0.7255301494077654,-0.6882732065321668,0.4781832060832847,0.19895687535710932,0.30589426584359486,0.2857092761933972,0.17327898439684072,-0.047439521434854345,0.012999829510770392,0.0
0.30249819736082023,0.6143087938412195,1.1693170489405968,1.1023685333008861,0.540264746267473,-0.34021701246725916,0.823883357190255,-0.7384314942379121,0.4267357905450623,0.254313023582817,0.3759232913935668,0.14638869827843679,0.18349919705503728,-0.06870818260219434,0.05691704030786881,0.0
0.26415515434900916,0.6063684969347612,1.12625607426525,1.0970126482111502,0.5444957870215927,-0.41184385462242157,0.6895340425797428,-0.8128544455678322,0.4352497884410156,0.293199273521783,0.22809077324547988,-0.11899234352919864,0.18421349793175645,-0.08876391947042653,-0.17775577971160442,0.0
0.3064626768306232,0.584512398022538,1.049940448944573,0.9751687889511453,0.5742004625427459,-0.4967032583268565,0.7943834408692264,-0.7594449113164978,0.44151313619551835,0.36045560859555587,0.24480648352311146,-0.12927030351783192,0.16398897467957507,-0.12040039286638492,-0.16808821181290243,0.0
0.388888097096746,0.6077658287984242,1.0696249720163913,1.0733618436835137,0.5843611813996621,-0.480695468206456,0.713211076320566,-0.787166484882824,0.47134567178293274,0.40857230054171734,0.2978603654699443,-0.05752992396677263,0.07080426183846013,-0.15234655136255915,-0.08803239377907798,0.0
0.22431694734221966,0.703718742838201,1.0701476894781174,1.0780449275218218,0.5494186135957114,-0.47261016867361405,0.726537221078057,-0.8279375064771944,0.36914671686030365,0.27511640022654676,0.2666002199712701,-0.059248270675654954,-0.02117837765251992,-0.12146434622150003,0.03655951798602723,0.0
0.2637759777765555,0.5439251770257788,1.0683455860547175,1.118471824961387,0.533395040396138,-0.5887313033950423,0.7195856792003658,-0.8029392913995748,0.35093662783134105,0.290246467353286,0.3047081466049217,-0.11844456871097254,-0.13458546347261122,0.07218480304725981,-0.03252787037765201,0.0
0.34788206059522153,0.6587460532294774,1.0908737423231707,1.0641441844820703,0.636873262065517,-0.5320552309308776,0.8116632505662636,-0.8446150964926026,0.3640970164254982,0.4074070201926881,0.28289097957094644,-0.10367581456738167,-0.008545887971152785,0.09140420782077177,-0.09570845115833077,0.0
0.15782232608390653,0.6773562374195863,1.133764783246775,1.0876687728845755,0.6075364362517853,-0.6293918594177725,0.7117931021223416,-0.8180723698581844,0.29082275613355296,0.38727623854681187,0.09554799577585396,-0.3117343503437313,-0.16935446053957287,0.06199364857827084,-0.21471601163783147,0.0
0.20154364315283113,0.648881151169592,1.1324785450063921,1.0465498253940202,0.44484561656408966,-0.6445646781778023,0.6006021284786012,-0.7979454233774862,0.41397227674362524,0.3952066199312534,0.09806556814452236,-0.2870245453526491,-0.042360223846494835,0.07803185101096533,-0.053403220639645005,0.0
0.19469493834327173,0.6649000469362688,1.0398222621823097,1.0665260367135747,0.5747565985653951,-0.5507109598247276,0.6271592073682055,-0.8289133506920034,0.40153520402072157,0.44197040879749466,-0.19350282700075785,-0.24803467850383382,-0.04615495413677623,0.12130477802746756,-0.07639547660952381,0.0
0.3734326503389769,0.6680331611005934,1.1999244595610186,1.1060917643293169,0.6672855481531108,-0.5238102835655096,0.618602204343697,-0.8383599803481224,0.3171265013860137,0.44669454061931735,-0.31262555991100904,-0.02282031184623287,0.08582744751869911,0.06114855877924963,-0.14177852323580892,0.0
0.33843337140606916,0.7033202293256288,1.0467936162336613,1.088386996155254,0.596625076675234,-0.5583361059860195,0.7014294733640084,-0.8383499346863434,0.27692037137913317,0.37976195025391235,-0.15240125571018398,0.02915296610033414,0.10677907825031649,0.0643955111372845,-0.26332341923836794,0.0
0.24787352020831246,0.5879714077057324,1.1232724798911398,1.146615507529038,0.5933919953294288,-0.6275997246790815,0.6666145839704382,-0.8641335398048662,0.30236572879520596,0.4635255083358257,-0.07943099203847018,0.19660713274927746,0.04586883408879693,0.07250702291602716,-0.2653364310031062,0.0
0.30362782255028425,0.7014583095164254,1.1111595795407854,1.1191781799528662,0.61571622525104,-0.6353798947740713,0.5846831915713882,-0.879483188563865,0.22632511583482312,0.4750691998762594,-0.0993350187861869,0.06411038031340952,-0.02235969278873521,-0.03491763150778104,-0.302562076530297,0.0
0.2174191347803817,0.6669327210090246,1.1482084608229843,1.1308424794961534,0.5941098512983521,-0.627275711489638,0.6910877053049213,-0.8306145592127957,0.3559998161494352,0.48887348317836604,-0.09630786609729915,0.13170054368707018,0.03396376561490064,0.0007276436912034244,-0.3738677168316886,0.0
0.21369789601465933,0.7063277228458502,1.1127658693662141,1.2088687751861575,0.5645768017267183,-0.6770112760860274,0.6577123096736589,-0.8905378874684933,0.3132604775529613,0.5094142855190552,-0.1385919065452289,0.02754899291647772,-0.1190146992332639,0.11079656700179596,-0.29666792891994187,0.0
0.25733897524110294,0.6552212396696863,1.2707943639148147,1.0899047495303162,0.5741676786194427,-0.6234343297286337,0.5956119160101319,-0.8810775507936179,0.38731892666048484,0.5836702380211748,-0.24475233041120797,0.013230386135607567,-0.18658521492743052,0.2043611248198416,-0.08491139153565322,0.0
0.2577492094803651,0.7602198532355837,1.150170864579565,1.08450901258458,0.4554691260350021,-0.7443702668436734,0.6101678076728285,-0.8150040175422503,0.2200266658011209,0.5944715737113199,-0.11253493745446821,-0.04618332258450832,-0.22810543258059843,0.29544172764115395,-0.0903404036679322,0.0
0.27441250125690875,0.7599475611206941,1.1446433171543227,1.1271529192259953,0.5815467338013641,-0.7663038643740523,0.5217743299591162,-0.7624724985850151,0.33737152414545996,0.596424698862454,0.08415651800515943,-0.20919468665151095,-0.22038230232716033,0.33338324324413837,-0.07668700966718549,0.0
0.24599103461621194,0.6874207823464843,1.1482949959900675,1.107282358366312,0.5205363196534495,-0.7506866190409762,0.5863949698451599,-0.9294474343816599,0.3731592272965775,0.5661575114681351,0.03290246845624621,-0.19707186038679347,-0.2363838564863092,0.06501289315578465,0.0344115269947745,0.0
0.2669493496970629,0.6444448563239742,1.0606791242189204,1.070164993591402,0.5718708992903357,-0.6143387171754114,0.6067595271545437,-0.9309701243301528,0.24361484944810338,0.6830347433064059,0.012115110544635658,-0.2618667643043934,-0.17994538732681858,0.053173389893448456,0.1332882343620444,0.0
0.30251622228076264,0.5999093112370604,1.1672081301583126,1.1187015669872615,0.5330422183686037,-0.8205200937003672,0.6641745851595589,-0.9083917086068563,0.23681103243857987,0.7150126024073229,-0.19949549081748857,-0.13594096920648027,-0.07981428911848198,-0.019291486182780967,0.11151670440257726,0.0
0.30631516175448026,0.7228601426159441,1.1799594231979926,1.0149025626621917,0.6143484938360535,-0.7988943619367671,0.5785452869814497,-0.8923023472175581,0.1824201421326522,0.6334671407504563,-0.016016141128281897,0.05828408618642669,-0.0799855767395968,-0.20495055245300947,0.2007200395074527,0.0
0.35303771279458174,0.7343162697698311,1.1096411322838848,1.0934945695355305,0.574436483300535,-0.8054911015204793,0.6202265893876331,-0.9695216293494969,0.25513933609505957,0.5711040323344772,0.031421291553835,-0.1251662487062338,-0.00916790687994485,-0.2302767269411502,0.06594099312983596,0.0
0.2638692518639945,0.6508473263814523,1.1276485416275899,1.1017367028893685,0.5226158962257503,-0.7676958039008028,0.5166904846341392,-0.9408065069179594,0.19368255177301388,0.664487148534282,-0.031715150378333105,-0.1377529341130867,-0.11604207121438333,-0.07661350975875601,0.15278289304505588,0.0
0.3044265505462022,0.678657512565725,1.1509159319984266,1.0211540439807265,0.6043764935180553,-0.7079527891916214,0.5908730480293165,-0.9306667191967303,0.1370795431658923,0.6704567931353451,-0.13425236117609068,-0.16467956793404212,-0.026307206031427735,-0.08001949941198297,0.11770356045053412,0.0
0.22894895117916947,0.7385497566723405,1.145939699267144,1.0150989133118775,0.6657365865495317,-0.8158761017667241,0.5533133520460566,-0.9468970968127081,0.13242650885974094,0.721823340443318,0.01553468676145349,-0.0531755746133881,0.10672568249025555,-0.24079840898929997,0.28246598801750084,0.0
0.33654634390463684,0.7329354678133264,1.2150366887038204,1.092184464098463,0.6221518521718777,-0.8389720988460866,0.5152949912319729,-1.0086936144587206,0.10526848460148722,0.740910911705646,0.021241661831005662,0.08407025028385648,0.14184882337408164,-0.21775965844336023,0.2858923654201503,0.0
0.2725875007129782,0.6978793920080675,1.1928282706726192,1.0812997075205983,0.5125629509577782,-0.7894253975762557,0.5700916915659198,-0.837399340306511,0.18370484521114208,0.779753858637493,0.019833586685700084,0.09536256449472248,-0.01733337146916844,-0.20283992275502125,0.35003107857815396,0.0
0.2850786065172299,0.6533995596932249,1.2557457297050347,1.1142425308291326,0.5954486376571511,-0.8670324202986606,0.540360163412924,-0.9264910156810802,0.18450647167758816,0.684187896630547,-0.040374793531011366,-0.13008647507392554,0.04924459935542433,-0.06184776376588208,0.12568377182787735,0.0
0.2846095317810815,0.6605574242411845,1.1187460721337747,1.1356409352772672,0.6022333271614976,-0.784862506316668,0.45941129028723443,-1.018361279912324,0.268639249987621,0.7820852904838477,-0.01092377260844482,-0.15181713179282774,-0.04023739592304202,-0.1991046239842125,-0.09024896011710003,0.0
0.341914241456909,0.652925668105654,1.2212642924475998,1.1527563779234755,0.596577249461812,-0.8056643499768301,0.5447430632202357,-0.9339479230164,0.15147449377363725,0.7156083606956909,-0.037290106096741646,-0.27336016285710113,-0.00941619593025025,0.008297779589490989,-0.024723745916725076,0.0
0.32126076435674644,0.7790432038224011,1.1439798460505304,1.2084810579197498,0.5970874898139783,-0.8405780174474828,0.4304888139060246,-1.0078321177271297,0.1564546708298515,0.7241118391816734,-0.06708184237809942,0.045764960113308634,0.004396044006862482,0.181430014883778,0.022839305903309477,0.0
0.3400125696020617,0.7362601709947441,1.1833762054392243,1.1543592139352565,0.6023877899266727,-0.841827590733435,0.39848871922206763,-0.9838387244148381,0.13023096581610452,0.8018745970514148,0.028145058142605442,0.018567177475683785,0.07675596596084451,-0.008150413845751395,-0.020799770786850306,0.0
0.4149762444415056,0.6873091478926939,1.1925361006049726,1.1582887857123552,0.6659009534842728,-0.8821016311745478,0.5224615133543827,-0.9101585829801483,0.10110365614650774,0.771092636464265,0.0040774089420232175,0.033268627561204064,0.12579642730847412,0.14011989251965837,-0.005023726320336442,0.0
0.39092581369505763,0.7008652427447055,1.134649519868303,1.1451992303007963,0.6513353770146945,-0.7995871616481627,0.4741486946894071,-0.9987043060759203,0.06657712396914148,0.815989491587183,0.15028461176231994,-0.054641465364909124,0.19678230850112227,0.18901108336167763,-0.09921421805634159,0.0
0.2638768361090205,0.620484987622731,1.2053058772044833,1.183215600819436,0.5745289685507589,-0.8170526232989902,0.5757073853240083,-0.920314698386069,0.04417091137033722,0.82557283820587,0.11052202476252275,-0.11023242056751227,0.05796738039645237,0.24843530450881948,-0.115809365767889,0.0
0.2764491013704098,0.6596312517832067,1.161767479827186,1.1977439549721183,0.6623841505148536,-0.8724177958422616,0.4357848527893504,-1.0768665582446924,0.01845191295530245,0.8386542749330984,0.05016480047572447,-0.11715754898651559,0.17849780007825286,0.02034926256037231,-0.010311359935677694,0.0
0.28372632470241754,0.724287811633614,1.1323925459804425,1.1556543325675668,0.606419122516836,-0.9285573368904699,0.5167896146360801,-1.021438321682505,0.06610607694349051,0.8946778318071867,-0.05097716981561102,0.028925083510606867,0.0812509148347334,-0.03134055112511641,-0.014446806416412761,0.0
0.2889779128644574,0.6404364705090351,1.1941930204469842,1.1378393128109037,0.5885979804144781,-0.9273628712623615,0.39620722244685863,-1.0463649753033362,0.08054998922295294,0.8300614001102266,-0.015451416554467478,0.07904481269539754,0.11809175835450814,0.019849118464604708,-0.018014449163065396,0.0
0.3556412348149744,0.7058388710518498,1.1947727331933058,1.1839349447465455,0.6346031204616975,-0.8884670781013289,0.44699789801901996,-0.9612711377135182,0.07642361200588606,0.9472423435599289,0.01059922913479975,-0.1806681508048103,0.15503938343679405,0.1089433963011695,-0.20838673659384727,0.0
0.3136013827006744,0.5993288049291468,1.213917231754037,1.1639988991986425,0.6010568158697689,-0.9522621175111959,0.46675920107432334,-0.9526629949553295,0.007090848613028798,0.8136616698621439,-0.026905349244984354,-0.1462309647211095,0.2190098929357338,0.15060161210826611,-0.06232503404318385,0.0
0.3618319799736519,0.6863167650220998,1.2370990038292506,1.0781215105342028,0.6139008819436977,-0.9938928307037117,0.4174373708617481,-1.0189320781278488,0.0970420401219139,0.8478426651744349,0.04337095352561526,-0.05560918490634493,0.07666978914868061,0.28651186842357707,0.06983030058843989,0.0
0.30688571331885905,0.6649482897792056,1.3016477451258817,1.0867547382930514,0.7074263570833759,-0.9328907297590056,0.4207811750434023,-1.00977083749059,0.020869080407696923,0.8635384701377177,-0.09742348677422658,-0.027066677260068162,0.07387769262135269,0.04564824647428409,0.042996310568493054,0.0
0.32531450857326605,0.8044825815270386,1.06775978679447,1.1444566841735442,0.6429448542880878,-0.9497055520056749,0.3389294911122868,-0.9952372309429989,0.015836782022880528,0.9145662190902554,-0.16832713518865827,-0.04359275977468127,-0.15882615355723914,-0.019037076449536193,-0.038673347525193816,0.0
0.3539450017485759,0.7253923851054277,1.2933003458788217,1.0846287471071105,0.5398630939695607,-0.9109643382145173,0.34327093209417475,-1.0300103382039156,-0.01623089726100451,0.9000623745987687,-0.1185613047003124,0.1376089231464345,-0.10312213731186758,0.03954434654947022,0.021621558381624776,0.0
0.3527216819967686,0.6892290720380053,1.210815439544141,1.1790219511035913,0.6499759127732582,-0.9167218263635105,0.3736127340063071,-0.9982368675745433,0.005502309147621313,0.9191932104681297,-0.11666931913679113,-0.12091745296017793,-0.1072891520045634,-0.06466365485581636,0.02359523425727167,0.0
0.3365906169241267,0.6916238780028646,1.2139807601864834,1.2080078975312085,0.5872378914842509,-1.0074985765193618,0.38810677720819076,-0.9554287014280263,-0.030283385869147913,0.9649269693728586,-0.2084371829646084,0.021632347514837155,0.017602787599823574,-0.003982691772645208,0.025857497993876665,0.0
0.3523095830913442,0.6378994255317021,1.1912683679652154,1.2186715144634543,0.7218555138755643,-0.9469964842076016,0.391279696810583,-1.0241213763040973,-0.02353488749060454,0.9054638026724563,-0.0690364428029174,0.11718307088584232,-0.01720666160144773,-0.10357772389610052,-0.11668017959170854,0.0
0.2580729753376388,0.6447418392946873,1.2252057712554096,1.1778893021575323,0.6243184619082311,-0.9996808924615995,0.38604275717666026,-1.0182256495346769,-0.004199529166900064,1.0471163174274363,0.1418012993402003,0.115858007432646,0.09714842150286167,-0.19095589607411967,-0.062097166706419356,0.0
0.3803445688590495,0.6746519492193759,1.2298393356324102,1.1736986338912476,0.6248772133300728,-0.9673377621992134,0.3849169656191755,-1.0836404859335134,-0.02442217177010901,0.9809369978710601,0.21318804547276737,0.059712020153201796,0.3082861493887676,-0.19053280211862184,0.07726744367938633,0.0
0.32547182648556766,0.6393504583818825,1.2334381857209091,1.2260391845545056,0.5997444966310623,-0.9853537144946739,0.343803197451338,-0.9528470528719001,-0.03969970187249753,0.9851568629640806,0.21499378659568014,-0.03085764563477937,0.16716995482113692,-0.048154034304405,0.1936668016080545,0.0
0.3106291340092687,0.6564627395983104,1.1758428117303994,1.2589363409700094,0.6095832909431617,-0.904252236590218,0.38406524345910514,-1.0330116789447803,0.0044718446570186365,0.9162664023687849,0.1646011274038901,-0.07061077039693608,0.060495646659184305,-0.09588704093734751,0.19257492205005294,0.0
0.3654251034821886,0.6888199931487633,1.1861423358163834,1.1623661669840915,0.6769569080135481,-1.092990585094151,0.2916403531390971,-0.9148996290787711,0.02587499869817006,0.98388684925088,0.32996306421846155,-0.24722262466155823,0.09584428640228992,-0.26560379754609326,0.10326388084566494,0.0
0.27953266146837585,0.7120572626166954,1.246960068584428,1.1873452587300153,0.6152717082948577,-1.0001187469263744,0.34179567215556367,-0.9900998953947898,-0.05921590658450415,1.0346610993298238,0.36191412997198347,-0.2293437466067451,-0.012832273079433104,-0.19157614924105631,0.29273839410758384,0.0
0.27512439436784747,0.7226037424674397,1.190025897052913,1.1691464213999176,0.7206783048285995,-1.0404341895809928,0.3067323793908524,-1.0222633577946587,-0.13944440841425362,1.0094798151642597,0.3230433275326003,-0.025934365733029915,0.04660197331837647,-0.08237688355994713,0.1729972748676991,0.0
0.35672937978446745,0.7065793613314325,1.1716468519199656,1.147540194373655,0.6169991153994513,-0.9640275729756547,0.2740515617783075,-0.8776870112858352,-0.07513341894909387,0.9337690018447813,0.3145011290957815,-0.11948387622444154,0.154718632956045,-0.020059847003365362,0.0546476884723138,0.0
0.32672414467140465,0.7221449865469203,1.200024127359748,1.1449176134136034,0.8163234749758236,-0.9699917481243518,0.29173393190533053,-0.9874408364813746,-0.09047503973568963,0.9124451419660248,0.16016300743151718,-0.18324158534897983,0.012758690059381114,-0.22774312137932554,0.024119774990624104,0.0
0.4435263326527979,0.8300047333080333,1.2185621896458667,1.192248933291307,0.6448549967590709,-1.0274008848685332,0.3304598699840154,-0.92797440596603,-0.22034337793563588,0.9764039708216976,0.03474597816847526,-0.18240497699297703,0.12922003336520552,-0.17160858072895743,-0.14619691031947887,0.0
0.3284917989556056,0.7585125016356287,1.2487118127130807,1.1569590391846256,0.6778820128530032,-1.0629214473046662,0.22507410911311487,-0.9485350906792418,-0.061786127999869364,0.9673388617327126,-0.005388382424165224,-0.04107419488848606,0.1221397049973042,-0.23085760603724814,-0.17074463102570006,0.0
0.3884486430978273,0.8077932349280097,1.2425274536122468,1.2646435002101981,0.7745945675612136,-0.9803157314795337,0.27174073015659284,-0.8486761570382917,-0.1866973942823269,0.9364755386016401,-0.011919118933046705,0.1550435020048199,0.12990083636473176,-0.13087803486745922,-0.03291546712268785,0.0
0.3293701670582813,0.7488336240065827,1.28195155719323,1.2079947829240896,0.7290945389037018,-1.026167668991494,0.17756891591867685,-0.935297447361633,-0.10638543021257155,0.9799405612369297,0.10506147670112925,0.30347050523769736,-0.07896573404944808,-0.16739583829346527,0.1003170340066286,0.0
0.34251208337817524,0.7399713201008232,1.210275434498779,1.2025047967834928,0.665262274167086,-0.9610921264861138,0.233268647680984,-0.9739076693550421,-0.10666330194612357,1.0322237785951072,0.02058752492512149,0.10769325019979807,0.024439444982782096,-0.27686541022601335,-0.038442622348957706,0.0
0.39095547002908027,0.688334615099436,1.191116696250323,1.1787348100888997,0.6974194048200526,-0.9358396830534152,0.20352153921394844,-0.9182645543431986,-0.18196721952675762,1.0087855826394108,0.09325855788602161,0.024955218310571986,0.05534120978784332,-0.2288360471697221,-0.005508921900332912,0.0
0.453864619831011,0.7872923547350135,1.0938330110838284,1.1344288100369824,0.6343291945876005,-0.9746373564336837,0.29385541176424623,-0.8904010796223794,-0.1216387221754058,0.9501308453429881,-0.1048575710594543,-0.04465360662404726,-0.09239134422666963,-0.2421849595502222,0.037255154692609135,0.0
0.3468455849540239,0.7763324816373502,1.176938492474086,1.2393951727499946,0.6529508984808307,-0.985006648231779,0.23027906664550066,-0.9353817518437909,-0.12047346989583065,1.0711826577133223,-0.18771532041327027,0.21956704850228978,-0.21602199596839874,0.06357010761886644,-0.03792533485790908,0.0
0.29724813824791024,0.7420039834701396,1.2492608508130671,1.193828352087911,0.719958623820175,-0.9416103756023808,0.18581415739834137,-0.9312346766852803,-0.24472562652992147,1.0185373295944227,-0.18635701764866128,0.21310708552282553,-0.03605078395485882,-0.05081554158240948,-0.16012229901486397,0.0
0.2948954523163041,0.7548772669132895,1.3288630763760372,1.2094461493727617,0.6690917140683261,-1.021608666584087,0.2138030004148469,-0.8897922102074285,-0.2220045937481724,0.9935375479314226,-0.07544835478628775,0.1140210236647542,-0.12262278498397602,-0.04651158154416677,0.047981141471075184,0.0
0.2623268064540368,0.7349045457732466,1.2881619475025816,1.2001310129919922,0.670538935575269,-0.9605013962066413,0.24108783129329278,-0.9606980493352545,-0.18575102520768155,1.0776187052483048,-0.02065883537079239,0.17330418282465787,-0.06864552326368707,-0.1113321599983807,0.05663197316044721,0.0
0.3656036246522333,0.6959172467652875,1.2062575573223522,1.2191778091586098,0.7217907041175378,-1.0753479257366638,0.1840287970826666,-0.9513608562115639,-0.27258897800919574,0.914343045329105,-0.07429852558933987,0.023931015888661367,0.09396774883809544,0.18216954655205353,0.3093889408170547,0.0
0.28533701100888775,0.8323218759910527,1.273207449423945,1.2934571524819407,0.6704778607341771,-0.9518869763183712,0.23310570374340728,-0.9280603714439064,-0.2350463890209051,1.0702622442932699,0.02557920527081084,0.2033112355723142,0.252593298144157,0.1175146025593839,0.29409138488145525,0.0
0.4301406104293376,0.7486743170987691,1.2279852352684792,1.1971100839073472,0.687868117081294,-1.0638704662215936,0.17266749449605848,-0.842300781844386,-0.26304252487156493,1.082572316433567,-0.04208423773608529,0.0792310521608675,0.3283569079654811,-0.09928345452572115,0.2632479306879198,0.0
0.33115471478483455,0.7659005025649714,1.2510011698330263,1.1175341746644865,0.6227377670111623,-0.892979227026738,0.16765843689845233,-0.910004618994465,-0.22138011378710756,0.9851183449449229,0.006838576666517347,0.07344741595560156,0.29224795222576117,0.0777892971332344,0.1810484498519101,0.0
0.29551444398085325,0.7970516318472274,1.2469018507497536,1.2028220527953164,0.7452460156627976,-1.0287893280348206,0.06254865227598422,-0.9691161310116718,-0.2272559604243497,1.0228659861799414,0.04506819446150113,-0.16340228529710893,0.3278804099901611,0.11647944873053222,0.04162968854740434,0.0
0.26671152807418447,0.8715275946199652,1.2647861877820166,1.1824388787807172,0.6028767746460235,-0.8954948462641058,0.11870557251093322,-0.8727418590314798,-0.30842355049404646,0.9803121647688398,-0.0025558319444558136,-0.16658114159770512,0.22769551310769798,0.1465250105760968,-0.08686910491826212,0.0
0.400952749894676,0.7772650736038389,1.2950632486908928,1.2344177778168117,0.7338834270036455,-0.9648653571146208,0.11242931695960183,-0.8365639490940806,-0.2146750485571124,1.0119833121585826,0.20317319302868944,0.01820653194534831,0.12358661689980763,0.04632201977358772,-0.1899633958079554,0.0
0.3719235113850559,0.7880992408470563,1.2040593739026921,1.2448632296352802,0.6875111349979596,-0.9419143173047472,0.04916910829312825,-0.8517107791325874,-0.27814938995157745,0.9915627684197594,0.009999215121789667,-0.035587378703890206,-0.08081349655278228,0.07361402689422339,-0.06933205837789454,0.0
0.31815604442369455,0.7658020975706763,1.2570938556770124,1.259733674663888,0.7132824788461559,-0.9458305328813774,0.07788728558034143,-0.89182064679687,-0.2279650568652003,0.9677485557658381,0.02629086880577823,-0.05504641749169702,-0.04214612178605463,0.16623687083892974,-0.14907739464319916,0.0
0.3178417430405513,0.7827339040088925,1.1879579150391772,1.2057131799732381,0.7052688742955153,-0.9770851770669655,0.08833337349505621,-0.8437869664456702,-0.34289245495706216,0.9977384992688028,0.1306572623344097,-0.17532228592344332,-0.10709398987628932,0.13581846753710938,-0.3120504750081556,0.0
0.42676862777028435,0.7444326282895979,1.306011366451644,1.2865970420166208,0.7059908505098768,-0.9198294119211505,0.22996029377141508,-0.7787963153838391,-0.3617443272537048,1.0777323387825712,0.13129598295194328,-0.18156005450982848,-0.08458054632170708,-0.007903830960672,-0.28036889555520084,0.0
0.34055911363989605,0.702895930026552,1.3383912728734098,1.2383967959584115,0.6736163447170352,-1.0213442612602206,0.13836024858909785,-0.8390001752291611,-0.32552831878512983,0.9404582702562815,0.2872878782016725,0.19408560287649895,-0.027082457595460442,-0.05234321924118492,-0.2887031117782981,0.0
0.40288981489788483,0.6661631516735925,1.2440990992124974,1.2746404364786756,0.6666907266156868,-0.9862608198403349,0.002065432811487619,-0.8258916808066232,-0.2855880507205254,0.9532691978142412,0.2459832752923717,-0.006115858796570062,0.038500866977727706,-0.050855635696561374,-0.3125504483897074,0.0
0.44343507993777315,0.7281618528761168,1.3296127882894073,1.1701188173879153,0.6703364877588751,-0.9161062425428664,0.05147220629866599,-0.7479856087903411,-0.327948612691264,0.8846492525904257,0.3170860805071879,0.07410959383814596,0.05065251734926299,-0.09261665973094707,-0.2625058176937712,0.0
0.4442200619819511,0.7548765707185523,1.3469861189139598,1.2118557633497344,0.7233830906467895,-0.967991131270599,0.0827501997238785,-0.7792062277217903,-0.3376568638319253,0.8844121872544073,0.24405020662502197,-0.3286596402055393,0.21483152400774508,-0.021844429813018547,-0.3709535807243306,0.0
0.4339743838117175,0.8567573832571608,1.280854068940423,1.161325980696569,0.870777216584369,-0.9074303320990758,-0.025109439004418116,-0.8085801076011729,-0.3450950908287728,0.9759231004340628,0.4678668183798751,-0.1860316027282311,0.2756592063733343,-0.007492796551520301,-0.4245921143268882,0.0
0.40641345436640003,0.7069927198878998,1.3130995375806296,1.236978573015283,0.7073997079541945,-0.857130006169942,0.05161896076862763,-0.6650571482801638,-0.3192328258040235,0.9837726483282881,0.51294690995822,-0.1281888347323038,0.21610609766277938,0.06852261551381256,-0.34439856309402184,0.0
0.29789594703991074,0.7430916024047446,1.3248821614133524,1.2198784724485325,0.6529038788158881,-0.8802579579005723,0.03047122621905664,-0.8028154633450238,-0.3071894442310356,0.9622569851657691,0.43862279739752097,-0.13240028269565474,0.2137845012647686,0.0017899418939001169,-0.2751939191397853,0.0
0.36173921896255207,0.7226105820858864,1.3139074608057164,1.2272025634787442,0.6350530897100666,-0.8750814607809815,0.07078542041556699,-0.784162182904003,-0.43029593358585494,0.9351665866268509,0.29300407136906303,-0.06061068606583797,0.23035723078567194,-0.019662795414567454,-0.2283633348123318,0.0
0.42262946718314937,0.7694936010362137,1.325762519627566,1.2461589851562707,0.71949644440424,-0.8745313753628573,-0.05281829788468075,-0.7588697108870838,-0.4490966628456484,0.9290464280135239,0.1571073700581664,-0.02893733710476387,0.10374207443569206,-0.03572215828717358,-0.24451633834680023,0.0
0.35534532947852465,0.7575351558873479,1.3619626986116873,1.2458071180682615,0.6828542655680043,-0.8670129424054964,-0.08094476866682662,-0.5757002972177822,-0.4365921075369833,0.9279931019916009,0.13345300292831155,0.03085901499697369,0.21843457239359182,-0.09306059537897433,-0.16532192271597793,0.0
0.33781485080993684,0.7274105262269221,1.3200157864279185,1.2010596694598934,0.6684277308734109,-0.8153552598436277,-0.09343038696591846,-0.7113442293811025,-0.40786694468204876,0.9021330102415134,-0.13333788993434653,-0.045876234884739624,0.2431405412546557,-0.1449725715332397,-0.18331466638060867,0.0
0.44401208970393297,0.7394494788540723,1.2697728111128612,1.2635736777136908,0.7681162083802195,-0.9190050986997582,0.0732644517725058,-0.627684048844419,-0.4084471205347469,0.81221741315194,-0.24516387800684694,-0.1758942170011156,0.19329005199963625,-0.2525946342783306,-0.2656695987903843,0.0
0.28586237189781954,0.7754547267533175,1.2840265086204603,1.3017713907939061,0.7539894714701462,-0.8388083593004567,0.01196343826471781,-0.6953052379661727,-0.3628231497789436,0.7982109249273321,0.029290409850699417,-0.0801377192165357,0.0807259074306074,-0.17325545550007146,-0.09314048089296123,0.0
0.4497621841987526,0.7285355423315636,1.3181273402715457,1.2808952584131101,0.7820519289513277,-0.8745167978524963,-0.011428115488650921,-0.6743759167812533,-0.34590465754676036,0.9152615886814759,0.10243418576477545,-0.13156630508529193,0.15237419129059865,-0.0511786994673617,-0.20517617274086503,0.0
0.40737197985919504,0.6302858416258021,1.3219360562549345,1.225838722016271,0.7040655229000361,-0.767692626641207,-0.05798384960974502,-0.5934086793214535,-0.4562853876776647,0.905476986264637,0.07072532666389451,-0.0822557451001384,0.116583056443876,0.032479442087056914,-0.11827955811724777,0.0
0.4162294740123855,0.7213557196938443,1.3153232388500813,1.3112324938380269,0.7303758279450429,-0.8431843072418025,-0.0791770604456851,-0.6658952822955309,-0.5421798739929369,0.8639248888792367,0.007051017383151607,-0.0383912673921311,0.020087159741736763,0.137402115031099,0.03954854952128545,0.0
0.3493725370346805,0.7567806771507888,1.3805001860871102,1.2121289428087754,0.733556854510726,-0.8292768499538599,-0.1101018146172965,-0.6582806018088011,-0.4942007738427784,0.9163130224672896,0.00457064174057029,0.005871548484761093,0.09615446390020037,0.1191672933237413,0.03914476600295283,0.0
0.33524143506319515,0.8543482174648356,1.3930213100550308,1.3120667576909304,0.6152805968289368,-0.8083813090199211,-0.050179658994166904,-0.70004021774571,-0.5096857776071785,0.8803912559570285,-0.03357339337197155,0.027869205884315996,0.20281431460143667,-0.054443706902017525,0.13969288932217439,0.0
0.4481080224478601,0.8603475709234405,1.3054842340674155,1.240570077512278,0.6587088497320366,-0.7429423433665258,-0.0355254083580504,-0.4719863969114746,-0.43330216130966204,0.9047179750320564,-0.06208437183114443,0.16375232959250696,0.15544584474658485,0.0021957313977229165,0.1768760151848261,0.0
0.36057791719596877,0.7266781009069718,1.2445162746594787,1.404960886347607,0.6167137612667545,-0.7886275777547233,-0.1671744983451261,-0.599273125843585,-0.49004631174231505,0.8657381581172838,0.016788928764792176,0.031652422471406316,0.22802993816333872,-0.03600596581968744,0.22464459093941672,0.0
0.4483112038132684,0.881578753496517,1.2581806628335335,1.2748675298492913,0.7634467538492381,-0.8027573027353013,-0.08650141831494415,-0.6088828233532377,-0.49098230263673065,0.834834495823221,0.047704020741511324,0.10830334518801582,0.05454758628731739,-0.05887295038121661,0.29570600989242035,0.0
0.43512354838274503,0.881328076255814,1.349299948677706,1.205080832373265,0.6771396597300016,-0.7839882619784526,-0.12136758079011449,-0.5093135190519111,-0.47725371244377607,0.8423136365217747,-0.06631147218900212,0.05153608198377356,0.05971024309475993,-0.11444856756134641,0.24573886894490446,0.0
0.30457518531068656,0.8655708019067503,1.3376097261126567,1.2739933557922285,0.7390858729978644,-0.5982285057504285,-0.1828505671247339,-0.6068465519091386,-0.5500276727333612,0.778145215574375,-0.054662210253774664,-0.027787856126790807,-0.01518916527633015,-0.0900484254349477,0.16219819907125935,0.0
0.4288288068130325,0.7798434892463827,1.2938380997684864,1.2982290065215354,0.7235394873428949,-0.7815968518974864,-0.12549858778965506,-0.5007198716542772,-0.4498084698193994,0.8898303098965343,-0.015578532330698922,0.04426338155008758,-0.07807719770599718,0.13879309367727585,0.07704677597279255,0.0
0.43992112822757645,0.8596750344502196,1.3464997217126768,1.2878699178163941,0.7065197828438585,-0.6619780724369388,-0.16953697929365516,-0.6021652715218874,-0.5569866403443493,0.6928347844767532,0.03431524196781067,-0.007738525968542253,-0.10381571745472448,0.11342335736962422,0.02305793797764155,0.0
0.48220982037584315,0.8167070535655944,1.3251124110082386,1.28270689508048,0.6950881895524459,-0.7238111599335919,-0.20240621786752935,-0.4640053679447257,-0.5018295157852226,0.8539060037825661,-0.02068800216337732,-0.06218378297287223,-0.004827117618372248,-0.004249294359090841,-0.018542175026488597,0.0
0.513592604386367,0.6917921480901423,1.3397442892355051,1.3178821167537813,0.6704933435795748,-0.7449430813058627,-0.17004855945210054,-0.4931542638126035,-0.562945781008502,0.7336697976041283,0.0599451352426632,-0.06379318667162742,-0.033877199983850526,-0.1294091878183386,0.1532416843467657,0.0
0.4901519645698895,0.7619938131338988,1.416598971616291,1.3571667988760472,0.750313643840395,-0.7229639614899569,-0.2293210621240604,-0.4274685931969041,-0.6295066994758847,0.7663549983301521,0.13848984303841166,-0.055268858745770644,-0.09435839104649335,-0.00880642600699319,0.14675936045248505,0.0
0.5470101786392343,0.7392964686422048,1.3504691616249183,1.3063652292937313,0.715149047606388,-0.6934671513445922,-0.2095776091966782,-0.4763499259421877,-0.5994937381533479,0.6931985230869773,0.019488640328059484,-0.08669310132690208,0.045001170972388024,-0.12268149503802064,-0.08485266502797195,0.0
0.3706873970301396,0.7927928977466977,1.3980216412370878,1.3653430620991323,0.7523727256062926,-0.579585371939625,-0.18588953097360883,-0.38602953619524577,-0.565634646191485,0.7105818449638391,-0.03093066937768247,-0.14548903891032414,0.10865734051741506,-0.008525458718220913,-0.05775472478352145,0.0
0.39296671305800696,0.8069635442848717,1.3936349922076243,1.3531213823782189,0.7099555573660046,-0.6093197987796404,-0.3037361954613222,-0.3985864850991896,-0.5147500924364825,0.7017267324242011,-0.28185576338375606,0.1305403916733041,0.0183245005410302,0.061360284684200114,0.040290880957098936,0.0
0.36383423663885706,0.7418884171005026,1.308515495544031,1.280450080558246,0.6621695912099436,-0.6763266162765544,-0.19480495876995635,-0.3178632207840479,-0.5826657809706288,0.6945757869859917,-0.3069941492343601,0.06027361198744874,0.14182403218895695,-0.05313112337547573,-0.09972522575064097,0.0
0.39269626273969854,0.8149405206164214,1.3365300272117224,1.2862992162761875,0.758549576283121,-0.7257716875689272,-0.35453855648230037,-0.39012925085180306,-0.5786298699686951,0.7163719843536214,-0.10325758385075531,0.06588392818998856,0.06692603535896281,-0.12386275450023396,-0.19750387685428272,0.0
0.4868214547276991,0.8323159085411321,1.3354268184002471,1.2644497575568132,0.7481817515213716,-0.6499298422035005,-0.20408606037955127,-0.3758430666600437,-0.6928337134965561,0.6108919183846169,0.05685688794033687,0.03471122306058201,0.04556799472592802,-0.026281228537663633,-0.24728181661422424,0.0
0.4703142079891508,0.8428466756488934,1.3475417379960686,1.3050185078447694,0.613410200023482,-0.5475748930611359,-0.26547850735350487,-0.3289147635750092,-0.5712246847015046,0.6106996362884659,0.11608144426885447,-0.0762533853384777,0.009663443586468385,-0.07982431776671568,-0.22593764611031977,0.0
0.42840239395754715,0.8300030753935211,1.4408924391988533,1.3399999644125755,0.7090793876771603,-0.7017130567206934,-0.3262348222584901,-0.30398589311211893,-0.7059484660765027,0.6917962818355609,0.24144753064341085,-0.1366596561613713,-0.20688976191284472,-0.16347329460822313,-0.15793734820926889,0.0
0.46857361285862154,0.8157515319613797,1.4118177872933848,1.318911557881616,0.6363635211051698,-0.5138956575367237,-0.2668602328507995,-0.29663389355907105,-0.6447142362058244,0.5875897347370193,0.08366423857125856,-0.042157082692188354,-0.1917130882528361,-0.17984402573376349,-0.19933174695449885,0.0
0.44454910333679687,0.7889175103714978,1.3919455390653872,1.228138073245428,0.7168753091285731,-0.47304350451029853,-0.3104010972009396,-0.3106596773100107,-0.6139269510921938,0.4766824158406953,0.17612723825365634,-0.028690669073390598,-0.2654775993918453,-0.20106317808313745,-0.23997318270590284,0.0
0.4168244518202984,0.8533090584735196,1.3761152528545229,1.3442671888354747,0.7461692550814533,-0.5392310261795991,-0.35872213825576643,-0.3350369385252975,-0.6382619239525773,0.5148882423066441,0.30259833644861783,0.04412652880708643,-0.18134934862890306,-0.3189366479279662,-0.119971396861024,0.0
0.30885299628887364,0.7845515754090819,1.4186757108420438,1.3613625052253644,0.6816128700030413,-0.4371190077825053,-0.28718092010219015,-0.249807513499553,-0.7296226082472607,0.4939692106294899,0.314625782507467,0.05063473674308332,-0.01802272021388575,-0.32778806026696594,-0.17272346308453662,0.0
0.44584633703149185,0.8266764144329897,1.3508479362928065,1.2678978719063643,0.6768649040330732,-0.43747319447562144,-0.30413335421617216,-0.1975273120399946,-0.6495384328339082,0.557745100517872,0.15431311830334826,-0.08716556668813606,0.04157604400061341,-0.10554944714955503,-0.10731721489969287,0.0
0.47849273089077116,0.6994029114468736,1.379177238399349,1.3091583149003478,0.8197162043523515,-0.4791119185972382,-0.2621425645531326,-0.25818525875353854,-0.6584001436391773,0.5638687625099911,0.007014367141967057,-0.1767420275337581,0.17407411257846747,-0.14106403880397209,-0.17134574435188318,0.0
0.4753233497848493,0.8373981545296696,1.4310750183323568,1.3313890619851794,0.7311083976728088,-0.48099648783080484,-0.4440555350515665,-0.3239044608505617,-0.7159799684188439,0.5511010143441931,0.002243912202461888,-0.24729238201983555,-0.08409492138052016,-0.1243284753160904,-0.22269148714523274,0.0
0.3970002814922409,0.8434561546279388,1.4123500624316943,1.2261830821542932,0.7067724093502318,-0.4364196741461843,-0.3777040851086004,-0.10836475014915199,-0.6414023790089751,0.540383004927982,-0.023015629412695856,-0.18504145138190087,-0.24426321169157164,0.09696063172682957,0.02978835076339051,0.0
0.42650901754048043,0.754204163196385,1.3790381944059553,1.3863023623670223,0.7159955889362806,-0.4378625283214123,-0.3637148633330499,-0.1515542029523603,-0.7091288432753168,0.49433997306768723,0.04777860745433092,0.03790714111242151,-0.1459613578221432,0.06272734201885116,0.10892961096218373,0.0
0.4561335377490547,0.8289320839685501,1.3389304509511257,1.3564233877931695,0.669975201807369,-0.4324297361812567,-0.3432948836297202,-0.14165935958144776,-0.63191513957472,0.5462784163257027,0.14817863169178047,-0.03982435727725172,-0.17940860008886378,0.20377877088031487,0.14114865002277555,0.0
0.3423671577177104,0.766557343965942,1.405830716052586,1.3243018106220186,0.7587133807808883,-0.3938691114018333,-0.3194672916519449,-0.1651789915913777,-0.6562478798780367,0.44786838101386417,0.25645581651681437,-0.057888105955804035,-0.22272290379195325,-0.013388512448990975,0.25693069268178587,0.0
0.48218508666739945,0.7528565087404663,1.292767342817711,1.288936910695015,0.7330231586912538,-0.3834570693564433,-0.3822931007781118,-0.2045424372826777,-0.6427871296192387,0.4141804573080473,0.34976286251086885,0.002771976668373574,-0.17205566503630204,-0.006118978795501193,0.1686100355416986,0.0
0.49632005405171065,0.7651836314754076,1.4724273400331618,1.4032313227463715,0.8380523936455593,-0.4042600910209305,-0.40824445085452676,-0.0805432393686672,-0.7038696581641855,0.37991739593104007,0.3834477758780498,-0.18222057164079747,-0.17147121044074415,-0.16738702313592765,0.05283062471753794,0.0
0.3949105963594093,0.8821121308001963,1.4942576385158337,1.375709153134188,0.7611617228047154,-0.3171113606961312,-0.4036104391884214,-0.054131666842205134,-0.7087693120108368,0.460452094899508,0.5265619805539602,-0.0793668071201476,-0.06418764297157642,-0.15218452013913106,0.07259679615145181,0.0
0.5033856513112711,0.8302184776252997,1.3667782349349185,1.3761198820168468,0.7488357961772367,-0.37920841925982096,-0.3975590725884636,-0.08219440071757708,-0.6846316898442748,0.4115377363402175,0.5578667776624447,-0.21183233927132789,-0.16084363198748458,-0.15122920566752499,0.07899456874857716,0.0
0.3251943041595228,0.7939367380741581,1.4100191721738713,1.4646238909731832,0.7565350511378869,-0.3309247957369058,-0.4172732237004627,-0.03888056339765485,-0.7068458362995954,0.422341249316052,0.31227277642334283,-0.007385150721847575,-0.03388980177556522,-0.21812215292661216,0.25552838234943803,0.0
0.498294756071954,0.8263246445913712,1.3040010740025638,1.4052125459420515,0.7371990549621328,-0.26501561329350437,-0.41108084108359394,-0.046220230828584785,-0.7200283108706579,0.3666442778309085,0.11247850353172573,0.09895500516111322,0.008959631085782703,-0.2494343639666251,0.2889998594284309,0.0
0.4179962772544157,0.7709016774332536,1.3911170938815565,1.3781265026196874,0.7938886979694406,-0.3413724691008456,-0.46415048432063705,-0.045832050549648645,-0.7014984854421761,0.34652887337701826,0.06840473086583657,-0.1596667163485971,-0.03712345866122508,-0.08934650168745693,0.2952318810102099,0.0
0.4522081241879956,0.8145953182348252,1.4203309215282889,1.372173048874603,0.9106287668565839,-0.22889236543407152,-0.40359145488472276,-0.024911470552386697,-0.7798705669879684,0.2669710772961229,0.1088638591105211,-0.09312329337966674,-0.18903834293744512,-0.013373326828696637,0.32566326692192055,0.0
0.44965188058233163,0.7860610312515955,1.350442452087054,1.356625490232962,0.8142000156171664,-0.226627411185342,-0.4924342432737205,0.029703860556275764,-0.7929267472918248,0.2575163398840707,0.11565136805330048,0.0522537441340839,-0.030089245625183447,0.16231817592311315,0.4193260527915817,0.0
0.39184312029502316,0.8266906498892739,1.4150055346889912,1.3554668569687862,0.7931710273134371,-0.15357285155481878,-0.3690192235767751,-0.09759374712047875,-0.7109331196009686,0.23657712039097825,0.15102571112883934,-0.021354301546797058,-0.010983011721461365,0.15361977614271702,0.17144485883111324,0.0
0.47866633332973246,0.8595711928787535,1.2661672019084096,1.4146480637881205,0.719169544467287,-0.22763120669561332,-0.4464155307972879,0.07906888865618382,-0.7337558162868754,0.2694459373047507,0.16234697789590635,-0.07043718818767772,-0.04391342219417283,0.10720948379179905,0.31781213803101693,0.0
0.5142752904427146,0.9045219422105808,1.359940431969183,1.444779078637953,0.7766455403294509,-0.16174592322555814,-0.46948827126876647,0.2039338177559137,-0.7713251833946674,0.315749623123227,-0.03145633393145794,0.07700055906082082,0.23973169110006096,0.08715860711537951,0.3233692714706698,0.0
0.4326147517409728,0.8424710988472215,1.4621915492868858,1.4341119870637953,0.8167530229614939,-0.21528440693896425,-0.45573433970737603,0.15040076027717297,-0.861393867304578,0.2505658653366259,-0.052048098387553185,-0.06083608174024165,0.22789255959764385,0.052592099061767476,0.30464087705047826,0.0
0.4168240674441142,0.8094033562208997,1.3602093693932225,1.3478683640562787,0.8027921346209574,-0.18205109347536383,-0.4677595359495541,0.13416700314609112,-0.8234823131723368,0.21765472586061965,-0.15874301892530804,-0.12908450483989417,0.16218467978896806,-0.036124463513333406,0.32782806820520394,0.0
0.4945541636607112,0.7758458523862122,1.3948540062472368,1.3879489514505274,0.8350101252258486,-0.1682954281451195,-0.5061956428159365,0.12394122215230693,-0.8474831338871293,0.1605086256272065,-0.1205190191317447,-0.008009929684805711,-0.050377664127452995,-0.09657373605189012,0.28692675083342134,0.0
0.39687953036983437,0.8069993438350019,1.4000875058587041,1.3858098003055455,0.7235992204714881,-0.07249587102766653,-0.4726577328393717,0.15837400559883652,-0.8740763496482992,0.25889492149369736,-0.13461736505472321,0.05946321140626788,0.015393410374243563,0.07000449101270534,0.17384573907207407,0.0
0.45630152175625016,0.7936709591630947,1.4156949288922995,1.4289633719753292,0.8046207148473379,-0.11458871224807629,-0.5747340957108116,0.16426154912780636,-0.8642915902794442,0.15958226741475257,-0.006764603389796689,0.11271238436442588,-0.020182055544811978,0.18188302475666152,0.2725705318589464,0.0
0.5238528592578621,0.9168735098833845,1.3483109028147644,1.3804072773537976,0.7719967323401647,-0.05466823401197187,-0.47368353416350545,0.1679575244699515,-0.858810294459344,0.15217351403460797,0.05163424136427902,-0.09239514535531854,-0.06331648644498351,0.07970140933704495,0.2036047078798561,0.0
0.45866643368489646,0.936192841119946,1.4698571149243127,1.3692115551859991,0.7838053912621602,-0.00397813678631407,-0.4911359482195167,0.18726488474039707,-0.8828807414247756,0.12189529109991688,-0.033418348455345415,0.04549916612765929,-0.021525579720904894,-0.10292684296994542,0.3777544180971588,0.0
0.4554144285240082,0.8124751515041263,1.4021180884101192,1.4747184013870591,0.7188923154046687,-0.09996559659331375,-0.488093634587068,0.22497681795364552,-0.7963703106471944,0.19177258588364585,-0.06520412057832044,-0.1972073915290041,0.09613940920027299,-0.11636210070753923,0.22166011674847685,0.0
0.511907336341064,0.8797343062074876,1.4227949586467166,1.2987273476636367,0.8273518233540164,0.007758836861007723,-0.5157569459003885,0.1880582213732629,-0.8389914400216802,-0.014159001848399522,-0.2185920096962893,-0.1320025961733129,0.18949625427622008,-0.12011304796235471,0.03671895867812308,0.0
0.5739741164357551,0.8144726088260072,1.4697656560233487,1.4653900445613068,0.8249594230681411,0.05894741954827965,-0.5477224712128991,0.27143528648488086,-0.8404038601529744,-0.004045139035430946,-0.3531739762000358,-0.1375052321832771,0.24449581258365616,-0.10388860990460701,-0.045624456856988654,0.0
0.4976994018988326,0.8528194609385242,1.3701964797314918,1.2778425189280842,0.8101016290377574,0.09551286260649071,-0.6372308294757987,0.31077165606323853,-0.8241862330382871,0.031023969890028685,-0.28675346874977486,-0.07374048939301052,0.10686488597845102,-0.08681386881648381,-0.17652900503129132,0.0
0.5007230892214019,0.8382275510183206,1.5706826818701498,1.3560513817236823,0.8649886947653818,-0.06884210283592057,-0.4880293357497593,0.3083430990512545,-0.9520105411645913,0.047321744431899716,-0.2904652807115389,-0.017405177932716585,0.22159398041939138,-0.16563367304807453,-0.010523597569062015,0.0
0.5078783492357696,0.8690981918236041,1.3667903504113157,1.493004951342157,0.9248313039874682,0.09754558370344299,-0.6086969551189328,0.30356254072235966,-0.771042205238498,0.0057563687728305266,-0.33727391944235696,-0.06106538977739208,0.10825808587853977,-0.17306414920161262,-0.17451563803329034,0.0
0.4075283658830148,0.8937020317827818,1.3641405598922143,1.4141438839624763,0.837626173740797,0.1175555018504086,-0.618189700856488,0.34146772537269965,-0.9464073201423066,0.015444450627273537,-0.40781088395108067,0.1635166109731004,-0.04816871893854063,-0.12714074130376937,-0.07373204846113646,0.0
0.49799359859425957,0.795746248268896,1.4854602507047643,1.4612162624957385,0.8400757502954821,0.03426064061206209,-0.5209228768623608,0.4057799824307864,-0.8397899189473741,-0.016331110408845426,-0.4526208631795623,0.13157105783782347,-0.19820722585902067,-0.043457514851228424,-0.11501575870889691,0.0
0.42697109591534843,0.8033198401749704,1.4153789602811684,1.4367406508349525,0.817541918416962,0.10210678571044156,-0.6889728306814269,0.35343744989930487,-0.9354067189819602,-0.08365757976596432,-0.46164211094440927,0.13775691328088652,-0.290360950906126,0.09160406595110368,0.03161242193639403,0.0
0.45502137310608004,0.8430403339493919,1.5234197910829066,1.454219280377661,0.8219309068478726,0.06324345904300858,-0.63539546586408,0.29767733997451334,-0.8891589733104741,0.004633552692970916,-0.41989502845494714,0.13089059464365524,-0.26494945572604167,0.09022830432747798,0.038055110339613604,0.0
0.4823907292921327,0.785399730519964,1.4623873267104923,1.2719630546977783,0.7802438954908772,0.13320938338651034,-0.6276605846413041,0.30942749328806757,-0.7452989085394431,-0.13667121330714802,-0.3440005372340002,0.01966072047089687,-0.161133647464348,-0.07030374678921875,0.09610201992964378,0.0
0.6001108971678785,0.7689297634688796,1.427369959679305,1.4027398841414858,0.9237284572635112,0.08840213559069662,-0.6101955256161079,0.43317165998374846,-0.8312690135502057,-0.12147978739416943,-0.26370798860850814,0.028529547471500456,-0.1149557210202473,-0.0931843073042932,-0.008428411019106699,0.0
0.47869070109564477,0.9238095889328893,1.573715170504599,1.3691737906062231,0.8652706353565529,0.2485789876024103,-0.6131792314777104,0.4623869826389379,-0.9427818121351147,-0.17119949036071525,-0.38028563214240907,-0.01964605405068468,-0.11119258590800987,0.24944815827369843,-0.208036353437783,0.0
0.5093287399957152,0.8311126668929617,1.4536371677342674,1.3741537267016897,0.8288761205659909,0.21328105453047277,-0.6802769868221581,0.462550643640885,-0.8657189115811722,-0.16762568823719307,-0.40480556881975993,-0.11027133843565404,-0.16944794519245063,0.300114405781248,-0.12218496157728032,0.0
0.45103474402086036,0.8133055105178791,1.4062554783683263,1.3881147568078833,0.8132748065920432,0.31958624871680347,-0.6216215460008646,0.4012675860013045,-0.8468322923363005,-0.2530004700895613,-0.39484638763966007,-0.10724575432880404,-0.07935978107186936,0.31938944340280695,-0.08344356774701643,0.0
0.6010327658755643,0.8281133216262297,1.4568570312115905,1.4207551636682292,0.8441774193159787,0.23287604538542217,-0.5704203725236476,0.44989626652000864,-0.8589593069009387,-0.19027439366475055,-0.294400837752439,0.138849141598706,0.08917609569400667,0.20142939073507313,-0.03388338851524526,0.0
0.43537981874132536,0.8807874985450068,1.465905067087365,1.4747265202372062,0.8468918569032314,0.22364397451226553,-0.6343828755376413,0.4992818285041016,-0.8961186802981281,-0.16332617266788602,-0.23427141783186764,0.1651775905517388,0.02295939615599877,0.0972871473711435,-0.1932609193943071,0.0
0.43010955348121555,0.8314462281547507,1.5310932002467639,1.3721604865268782,0.8463692861211922,0.1913335994946386,-0.6177643785223199,0.44741562965881837,-0.9627547476162167,-0.19326266070144138,-0.24989314140337493,0.021852414718177518,0.12405568113358155,0.026562210452157224,-0.1273463041695557,0.0
0.4901654648282494,0.903108956129004,1.4585880923500674,1.4465467159374559,0.7631852415773973,0.2099618852905163,-0.6227511513010725,0.6112796808937068,-0.8657102289669112,-0.34433994640148957,-0.38435410518137086,0.13585349188860837,0.17103824863834244,0.12380619687704604,-0.1555664159919609,0.0
0.5006944042848882,0.850573763375633,1.4175945722067342,1.4459975468032709,0.800312903450362,0.3466132106779781,-0.6292818483392719,0.4985283679601708,-0.9248675160922009,-0.27263179045740743,-0.2506519956769804,0.13702577184165463,0.10097860637272368,0.09551200649006539,-0.046696266482711066,0.0
0.4388865220465633,0.8546192398801106,1.4950792932769803,1.3721934794370128,0.8334173158872602,0.24993195727677825,-0.6915295872063162,0.4409155283462421,-0.9344165644578656,-0.36850390881634204,-0.1602287533648833,0.1654563944962311,-0.045548018819017586,-0.05699786056487381,-0.11023917282450205,0.0
0.4301905716240544,0.9051302938596505,1.4501919707050739,1.5631273593775572,0.8446038005057716,0.4052583052805727,-0.715147372950038,0.5128908693617491,-0.9401312955102455,-0.311918745627445,0.01854074683312032,0.09475982928394969,-0.22852373137468915,0.0024297815522893937,-0.12001176524957172,0.0
0.5005555314317582,0.884458727567061,1.4494826625816473,1.410893677623203,0.8762567025876958,0.4626396522448918,-0.6894763183777962,0.5701630761380214,-0.9014854142357303,-0.4019632710540618,-0.20596971878386458,0.11639281468874944,-0.32659641184630556,0.05663404594862158,-0.1537174221577518,0.0
0.46673257120026923,0.8492121821626283,1.4297282356835797,1.4136526047867752,0.956710011680993,0.4124355931247648,-0.7443168718920257,0.5699109031341838,-0.8938552834970082,-0.3887209199499972,-0.2520510896513446,0.09496198300202535,-0.05226336027884024,0.0732202257211779,-0.10352486920380155,0.0
0.5325581315280566,0.8929004073471538,1.4423149985344632,1.4335349099217825,0.8535461631473056,0.328695696207515,-0.6350487562558078,0.587460396245089,-0.9652826798193295,-0.3234616220951507,-0.2684169676458283,-0.08124332202044458,0.098711011201986,-0.13933250325064817,-0.07360083082940927,0.0
0.549211832244552,0.8864335475037987,1.4885794608554341,1.476405419890497,0.7914762499741944,0.3523231322086529,-0.6130652601525604,0.6239895560993781,-1.0381537803563612,-0.4241883133428735,-0.18082255463673416,0.029963007195990217,0.022081646825021423,-0.2122788799389697,0.0017373790142878112,0.0
0.5093489272514519,0.861235826204901,1.5676880014986345,1.4142449737496197,0.8667990973344789,0.3306176145461224,-0.7949573977046688,0.6875366194215794,-0.9774000823909876,-0.4679176628816083,0.17540258843839823,0.0758979315985166,-0.10183881098664381,-0.19103997342502288,0.13459039555449684,0.0
0.49814975966695896,0.8778728023716486,1.5421718575152108,1.4860159376333257,0.8704601507773619,0.4104423461899101,-0.7468582822423715,0.6158457558697622,-0.9783534758368996,-0.41501852436151987,0.2291814269533853,0.046895809225619686,-0.19279653052489987,-0.11223946891366851,0.2982769097936071,0.0
0.5985085019273597,0.8521892545566997,1.4708279399769326,1.5191642451094778,0.8078796513882962,0.4691043865881518,-0.7150926188962564,0.6060145749870379,-0.9720022602552917,-0.4371358578214158,0.1400288557751768,-0.053083894628300245,-0.19877465207918668,-0.07884346080831627,0.2277155250919289,0.0
0.5026107184064358,0.8806286744582696,1.4786137106156987,1.463345078268943,0.8440633748960134,0.487680298042716,-0.7127179851723535,0.6738311955705765,-0.9465931424448301,-0.47741151389003755,0.0069644455207388545,-0.2296440978865099,-0.11185783149827783,-0.13337333961082962,0.043647564286484086,0.0
0.5241770016792376,0.8845609574944799,1.4982048272039135,1.4332890618887488,0.8780265575677025,0.4276586535973895,-0.7078662163534754,0.6482357298419487,-0.8738839739529515,-0.5350146338008991,0.03010224588756564,-0.08587237017025368,0.03756630975919471,-0.09731029498889257,-0.047026531558500013,0.0
0.5561095073637078,0.8925024310983731,1.4543330173364204,1.420864119440397,0.8328430581312956,0.5127852481284058,-0.7857331289732428,0.7123611997686679,-1.070580687862379,-0.42265956808513655,0.31693639409201574,0.055391383189538505,0.10201782947207297,-0.00699182353069,-0.0014017320216105564,0.0
0.5643871711006183,0.8785235275240431,1.6039822327584312,1.559234982662677,0.9073875884789137,0.5250845314562468,-0.8127404956789733,0.7125714620890657,-0.9720052524839746,-0.5253017829793094,0.5260715445419222,0.24907613682465868,0.050266371460485584,0.07083690276156329,-0.008151560387736375,0.0
0.5947423438108921,0.8710926554476445,1.5276620906121021,1.6028250756726719,0.8918040665378838,0.6012649201228711,-0.7467398486598549,0.7322197063426746,-0.9372811443366817,-0.5416872208091219,0.38042837222210646,0.010619423218586443,0.21132491320635063,0.1101487364772393,-0.049843590972787816,0.0
0.579841154896758,0.8548107492703915,1.5109681099640857,1.4808158744761064,0.844630178393736,0.5320213715365798,-0.689124626102788,0.7223977945969744,-0.913831493998903,-0.4257740855112554,0.35202663660986344,-0.07765056210634486,0.35426328313601035,0.2273269823071452,0.07207508986494468,0.0
0.5630126976371046,0.8831925485643685,1.5792454032454126,1.5054121317752795,0.9388458003967843,0.4880983616921801,-0.7605837604624117,0.6275809221713377,-0.9845360425925967,-0.6115951965882109,0.25093704031631636,0.01680458333715644,0.24650211481869938,0.12663347086953414,-0.0032842503222974342,0.0
0.5013392005770303,0.8412156683119204,1.4665934970379602,1.5339009845281093,0.9102109839677583,0.5253705004988406,-0.6915865016679155,0.7463783198892265,-0.9756143747252669,-0.4748741863385323,0.14888522512766342,0.14672436920144127,0.35191830479876085,-0.04589706778962892,-0.003620724268114607,0.0
0.5299860287946386,0.9247631483859472,1.471090693670706,1.5871023629085756,0.9181844284893689,0.6179822640729319,-0.7232959590742416,0.7841988016880571,-1.022375745716534,-0.5715728408560937,0.23821646651813982,-0.0324591309423098,0.21621245388365096,-0.023531944338648317,-0.08718845806623217,0.0
0.5072449724352821,0.8851591660561081,1.5181659923382307,1.4688427941894566,0.9786211428609674,0.6204932549702965,-0.79809425010627,0.8383810518704313,-0.9093047015939352,-0.6451605470629161,0.13671710930107145,0.09605018635859139,0.1842565233276219,-0.24847784853858712,-0.12462799597956511,0.0
0.5202092398146198,0.9103922568405817,1.491967783699792,1.4641149061681078,0.8493351904636885,0.6082356537966452,-0.900898428799973,0.8692082732362307,-0.9584900047820281,-0.6550268715534628,0.011795980873730433,-0.11482825532929475,0.2820644296576566,-0.22299761828384157,0.0273283665721393,0.0
0.5277911574364196,0.8055725713583848,1.5697682262677646,1.4582477884033895,0.9188967901242255,0.7331965589236099,-0.7717008241272482,0.8123459942110627,-0.8799180078635171,-0.7246745941702917,-0.11578476028687017,-0.1198515243584477,0.15202331363520938,-0.032393779788748106,-0.09776902712167372,0.0
0.5252160113674865,0.8989756070090668,1.554995633079126,1.4860787265325228,0.8700546636100379,0.7466396443487767,-0.8112409943817757,0.6667600264619242,-0.9952961638765189,-0.6217456127307173,-0.2028074593970595,0.10867024482981968,0.09485914523166342,-0.07050277697402342,-0.15866700715431092,0.0
0.46569114891125796,0.8120070990456905,1.4962692725951747,1.4672275214757964,0.8927926508454733,0.7183371686353349,-0.8557078824745088,0.7880382495712528,-0.9725015758029292,-0.7130108164278463,-0.05245036288457963,0.0883060345750198,-0.10065415592168513,-0.21958924956944814,-0.17900223304846533,0.0
0.552618624080588,0.8579643125101136,1.5838651626657796,1.5805209101136035,0.9268815871763157,0.773105717514333,-0.7699220354377335,0.7947584103899866,-0.9279028576829337,-0.5836103327026967,0.016591089852344226,0.1172495090561238,-0.06422402627555197,-0.10589168572890562,-0.23098772420752564,0.0
0.5582264415574288,0.9316157273204668,1.5447515739947784,1.4443268026882814,0.8881114356558025,0.6197902116127433,-0.9106718041994764,0.8858403199282988,-1.01074231870256,-0.6626082413798884,0.14584078506038542,0.06825101783617388,-0.04912657453370863,0.01357628068808199,-0.2809427275771301,0.0
0.5839442170580992,0.9486262045771052,1.5700798637171975,1.4685736629987463,0.8363517188236363,0.7622496219216983,-0.8819006802655023,0.8687390205413764,-1.013769204917381,-0.6887449289624132,0.0033329083155203415,0.050286513594529285,-0.25393270115221617,-0.009137693595546306,-0.19444215770346768,0.0
0.5075926664099705,0.8540052135170169,1.533638618047824,1.472497580431796,0.8560698247232034,0.8480284019281845,-0.8901709791639307,0.7228506290822031,-0.9642425163628808,-0.7730954946798481,-0.023203599686507297,0.057986608985219804,-0.20510064798180153,-0.056424588677633045,-0.1570345726156393,0.0
0.5689622266843494,0.7521866147055044,1.501460359026496,1.5016753997066623,0.8208590930248094,0.6877452904319488,-0.8776007374886259,0.8776278876854122,-0.966272483232977,-0.70789755103416,0.03858359820585039,0.07432149494836113,-0.182259646083015,-0.119978060930332,-0.20193226249343837,0.0
0.5416589923383461,0.9366006054110881,1.6076866905694354,1.4831443482310254,0.9384469713859962,0.8320324115453684,-0.7912777665420619,0.8778916477653218,-0.9036883134458431,-0.7943152924771073,0.08459611650702042,-0.06030694272018561,-0.15093699735299548,-0.03757823046437218,-0.06011566314333995,0.0
0.47578014879326014,0.9687339834415731,1.5750833744277366,1.5543844605727235,0.8456272897903756,0.706906713186563,-0.794318189019811,0.9910604935112931,-0.9603736306936826,-0.8290848746408088,0.2889797751160573,0.009039536218731235,-0.13584300670879632,0.04238598847907263,-0.05956352702617984,0.0
0.5141481480407268,0.8923868722746768,1.4988088179353725,1.462792048785572,0.9253381843136274,0.7781082058753779,-0.8516804005469178,0.8259891482702518,-0.9193549091335107,-0.8562436070478141,0.0715849059751742,-0.04994273751015086,-0.028129494030495014,0.10012695582325484,-0.1132322497844556,0.0
0.618964720481471,0.9288857601319653,1.6494203598225683,1.5130887281838699,0.9626344657952808,0.749121281169437,-0.8689913917813468,0.8666123973220987,-1.0015654264083378,-0.7679604732544943,0.05986879594295433,-0.10647875113848063,-0.07404853968845429,0.16626069018030304,-0.08255041803280794,0.0
0.5984029556226018,0.9480086558228699,1.6039469088096872,1.4114358612181372,0.9760018621613722,0.768765263879742,-0.7621065848098271,0.9104471270552943,-1.0157886375284177,-0.6818157902722073,0.05034242424901082,-0.17371878363604087,-0.036254346252842205,0.11317410120053255,0.08131467086674571,0.0
0.4853783741430738,0.908991356206977,1.6031334699550124,1.5480990097362133,0.8354500333340081,0.8282026336576813,-0.8748367938831157,0.9820415471582765,-1.0329272824986673,-0.7871847700121458,0.01642936380952593,-0.060473109819323606,-0.023960298596589293,-0.11541997501097206,-0.017506391061833285,0.0
0.5451010607832092,0.9274930308880215,1.5868667666185539,1.5411491002034852,0.9451327200334352,0.8470790206697384,-0.8467583380947156,0.9506853157770827,-0.9986268036126129,-0.8339658490870797,-0.20425879827652343,-0.18728272553591035,-0.06339325392372148,0.0020378665096558585,-0.11065795421812495,0.0
0.4548091329625881,0.8970503478784925,1.5478135575785803,1.5463066630593716,0.9256115610890602,0.8010666784711553,-0.9316086608136237,0.8640370960634887,-0.9374693261867201,-0.8414239414864536,-0.10683215993834483,-0.09167977611569084,0.03198646931623193,-0.15307240049722115,-0.24141994943171727,0.0
0.4715466641744004,0.926279698668106,1.544754080480104,1.544830306064061,1.0536515423931339,0.8711018815173163,-0.8496985430532051,0.9174573128585739,-1.0048749528515084,-0.8353637870489874,-0.08465263022344334,-0.13384805397904892,-0.016878239682006024,-0.023780104156409715,-0.17618408393175505,0.0
0.5827913167693121,1.0043277330337985,1.4946981105912296,1.5239702838480866,0.9591256544622894,0.9514021930165829,-0.8395916255413038,0.9732192327121005,-0.9964336691792659,-0.832815135356206,-0.10859632507838193,0.02359738612491294,0.1098752448143252,0.06138226792273599,-0.27391004834633276,0.0
0.5549811124383216,0.9972578616293456,1.5048008806083708,1.5632504809473682,0.9409158813213683,0.8464280814007622,-0.8440156599667362,0.9757669697482143,-1.0307481132812062,-0.8786440563226982,-0.12344082736045907,0.07633446465551719,0.011040501117159873,0.031170363934915193,-0.20421502652199963,0.0
0.5207904413440869,0.859866279851504,1.4802013106944296,1.4291265382487677,0.9677905931108007,0.8184331425812141,-0.9018533310525227,0.9863775258519849,-1.050721616971908,-0.8502214722832346,0.07060820404534826,-0.027686874741440833,0.17449986877764356,0.13035275273037644,-0.22617230667755536,0.0
0.4855401769384757,0.9595638934852303,1.628563955848676,1.547775220953238,0.8342360630330219,0.9269984031118355,-0.9587727636552599,0.9204595762612396,-0.9836257365289379,-0.7843291019165647,0.004680127177739232,-0.1423637919619728,0.21601762380084924,0.05938336404104423,0.05601812789165328,0.0
0.5914857939044786,0.9425720876181675,1.5298747150021925,1.5489241245309677,0.8929538405926828,0.8412953666984344,-0.9697985299454868,0.9713206761942254,-0.9093194369136487,-0.9016620751785834,-0.024713085661323953,0.053810444835255766,0.2339926291337343,0.0484005311708796,-0.10175055779436804,0.0
0.49733873299049164,0.8490825416783039,1.6263064224717219,1.56945890601148,0.9002052060261124,0.8826684791661297,-0.9302650206204696,0.9203251773349203,-1.0029768084039972,-0.8500807701511475,-0.2418183590320219,0.06208088654336688,0.22858231695404266,-0.1638483963011919,-0.2794623775770696,0.0
0.5651348957293844,0.892873041435476,1.6312391088480132,1.6142538725618625,1.025687953606067,0.9323300167788527,-0.9302032420633539,0.9549939210564925,-0.9862771379756555,-0.8442294279627536,-0.15350257538597,-0.040905039291569696,0.11127330323634635,-0.12226582433157429,-0.03564617516329063,0.0
0.5966372562765665,0.9272033811385905,1.5932092219941774,1.4459287244648302,0.8873275660547555,0.9533013212830183,-0.9462276073464044,0.9085773795035434,-1.0352426778220425,-0.8370204154978886,-0.15540488239088857,-0.039540266538326305,-0.04097352290161639,0.00254556166446325,-0.017880975770786622,0.0
0.5364493358386571,0.8384831120545619,1.5401146934512115,1.464393437780262,0.9189410040097322,0.975858291345285,-0.852871548328688,0.9384388009202157,-0.9889648643670214,-0.9426525783578534,-0.16396322922002488,0.03919230014932147,-0.18417605764581613,-0.012916630493748527,0.039186190798022824,0.0
0.5003878916353979,0.938857316265864,1.6060670169935078,1.554032757490899,0.8147713631898437,0.922860432015098,-0.9743316158160449,0.927499305973325,-1.0080074777402888,-0.8724716445046281,-0.17581147326850283,-0.033236297968280815,-0.19870998829141662,-0.13749185872019684,0.07556304576459826,0.0
0.454882769324545,0.9336139764539093,1.6376219080131897,1.6291784146170454,1.0096530516637239,0.8443507614395295,-0.9445474465822963,0.9685565311870906,-0.9317251527148547,-0.9143419836387952,-0.10443421274468256,0.023193739684339625,-0.05763859480441859,-0.0754839984548942,0.04593708538805378,0.0
0.635789969267863,0.9131820007338651,1.5938846845657932,1.539237137616191,0.9737214260754253,1.0039876254490574,-0.8878207126382663,0.9230916813383557,-1.1402756245374128,-0.9289356280518911,-0.08516974654002009,-0.014651592983537373,-0.1251312210010437,0.015431002643554327,0.054055808005050644,0.0
0.47568082475732865,0.9473132269733316,1.6844228243600994,1.543087892030365,0.9381399529377119,0.8564130014261702,-1.0134611250265797,1.034786935959298,-0.9439458120548897,-1.0078737937608921,0.0037614925281664047,0.041499044239579286,-0.14450004259924457,-0.10783505289860022,0.021548510655975017,0.0
0.5448998889732467,0.9094568303960925,1.5737229445886791,1.6091234575457627,0.8955795091780371,0.937428760081307,-0.852747166557391,0.920891137801671,-0.9663858414148081,-1.0035728480000101,-0.08333449947068938,-0.06853866529791333,-0.09068516209469192,0.048353667607336046,0.19065595016799144,0.0
0.5612885344127978,0.9845743760738281,1.5560612665509268,1.5191695463623407,0.9581207560075763,0.8507090196677116,-0.9199008110759838,0.9629079040702764,-0.9906212491566062,-0.9835816416949638,0.009130444211161964,-0.1688745132051893,-0.10472754132481402,-0.16929133702676463,0.285408697750275,0.0
0.63052083716967,0.925393059481346,1.7126995384462838,1.5328801179501537,0.9276584869359068,0.9505634600081692,-0.9132568294335105,0.9150533466576405,-1.1331238479205394,-0.9446149853060468,-0.09670882740392144,-0.18246195167408885,0.04955989879632379,-0.1805466036600108,0.3512679611018604,0.0
0.6103663061724164,0.9009843156466059,1.617655781177793,1.553481414158768,0.8547967637583435,0.9372610628105292,-0.9416236353455174,0.9406718481796696,-0.9759488199219432,-0.9224159252582922,0.05637695539385136,-0.1277954735306611,0.09194411881696098,-0.01780437571910512,0.29658785341367455,0.0
0.5834213724568531,0.9702833757924657,1.6598591944299859,1.5195648102140757,0.9343432038875722,0.9724376154532652,-1.0112443480648714,1.0702752591162008,-1.0636710230883646,-0.9554978042668989,-0.059776775077515346,-0.262508664582736,0.13090901882327852,-0.01852563665143184,0.21161257693483893,0.0
0.5840569663897588,0.8574927499201527,1.6913876976070172,1.5736832377709984,0.9471869184389162,1.0933778957077576,-0.8821449545909039,0.9579029036142154,-0.9410589771736502,-0.9965428053611771,-0.1408116807965253,-0.3183400582540412,0.19237557518593584,-0.20816789363503724,0.3496448603272895,0.0
0.6313824962523523,1.018867028806284,1.6720107257179906,1.5961128764484946,0.884594783531572,0.9716031940085146,-0.9489153382921613,0.9375918633777225,-0.9894317603004916,-0.9148742738868765,-0.17794065600239017,-0.06489263566735531,0.09644341740907905,0.0639984125768697,0.2684698126970635,0.0
0.533113240832963,0.8998267641450026,1.658305177603043,1.5214093695943347,0.9974709377440275,1.0260631499234734,-0.9528803747911611,1.0978959714905983,-1.0313641072046544,-1.0074874695165308,-0.2245490273642506,-0.04362892441340527,-0.004813951779126094,-0.07077577448711875,0.17936794440262782,0.0
0.5603048164731388,0.9820207182729519,1.5403927796585892,1.5480052380279832,0.9049494457290468,0.9638267027876606,-0.9990299090837806,0.9688709988033858,-0.9452635851968211,-1.0224191846733033,-0.14962132650356014,-0.11250886901862164,-0.231804863523587,-0.01654694811319024,0.046735432748772204,0.0
0.5825237325553124,0.9148913328178264,1.6495630338863965,1.519125666289347,0.9906231595587619,1.003737823465213,-1.0642434435581911,1.0765087195808578,-0.9768940729381919,-0.9333656003235482,-0.11061815991479791,-0.08197067887572936,-0.2311950584669466,-0.23474119990153597,-0.008575477481046923,0.0
0.5704307045035781,1.0343199683470674,1.5809590726791252,1.6070036366062423,0.9130702979172719,1.031618029922932,-0.9891081576686851,0.967036319975104,-0.9948080922935514,-0.9424838810078302,-0.10467355316155103,-0.05227601517666731,-0.270786841905072,-0.1013620983823462,-0.1402959070889939,0.0
0.5825047013846545,0.9396508204807323,1.620430231850656,1.5956211270054508,0.915852877764067,0.8223220311073778,-0.9511719692042756,1.0172505373849603,-0.8624947997069775,-1.0233469628322864,-0.03678215203843173,0.022630987517172914,-0.11331396963360263,-0.02210443365464082,-0.03988069719637692,0.0
0.6154474710434404,0.9595592485301793,1.6263491495751707,1.5644381053070906,0.9860001074089688,0.9627226116333711,-0.9318963161830147,0.9492792563209135,-0.9441804574117576,-1.0782755671669653,0.05903956774775805,-0.019217768244085574,-0.24045188752676172,-0.12331143281581491,0.02246990297382003,0.0
0.5483399231849193,0.88381272753489,1.6459863354030098,1.5934111949342564,0.8615560612383246,0.9675096388336816,-1.006802946593691,0.9155191620925904,-0.9721332875880772,-0.9787173315306331,0.0779095907797835,0.23852631472071734,-0.33410047205204046,0.001309770692279319,0.09217844823472227,0.0
0.5785529091282776,0.9809236388507891,1.6738020333761363,1.5925310349821646,0.9754291690522079,1.0121635298160636,-0.9671146032514384,0.9720318324034728,-0.9963797959289249,-1.028090262634901,0.0848625569432084,0.12071137544775083,-0.43655448816483367,-0.0862467012516203,0.020748701878589453,0.0
0.6728855182900831,0.9392323745299007,1.5173659736687264,1.5970086322552135,0.9691387495017547,1.0174996745496618,-1.013613426901734,0.9609985507823432,-0.9856875754881745,-1.039941675278017,0.1163457180041096,-0.0334900915633686,-0.3108478354029452,-0.3273048666058903,-0.05743720661363927,0.0
0.620653677857623,0.9378043672696398,1.6547034742029305,1.5953720401311424,0.9833407690623444,1.0057692211928557,-1.0642834170654323,1.032654631295042,-0.9396847357205181,-0.9695512408849822,0.2387685368741485,-0.026464315536650417,-0.21213760322760095,-0.2969261309659917,-0.17246808574987488,0.0
0.5520355500603007,1.0487374556775662,1.6658152354221039,1.645785609795579,0.9775685535223237,1.0893958158776877,-1.062950798025661,1.0151458499489308,-0.9990682539740154,-0.9801387751031796,0.17806422040103004,0.030575687283403034,-0.2954272140136489,-0.25220923345961144,-0.017034646158136352,0.0
0.6462094634628173,0.9450785893325926,1.6981373753283662,1.5370959214479756,0.9611141462372668,1.0792934076600431,-0.9693897557970236,1.040897447907824,-0.9002281325380026,-1.0192680502266256,-0.05432642923848202,-0.20414988364521094,-0.07712765155056248,-0.2546633311336361,-0.014587742865021354,0.0
0.5993845057405285,0.9840068220086693,1.6656672263591832,1.6105955916802537,1.0222561344364272,1.0848715408444063,-1.1282395504073528,0.9823732202213793,-0.9692534541904223,-0.9202535294360793,0.1165981622899471,-0.16103432075953875,0.022621354606916597,-0.14122322075186497,0.010913316140272168,0.0
0.552914100964471,0.934373927558876,1.6755498007887628,1.640660317394934,0.9549031232426752,0.9561668672802438,-0.9710263977629605,0.9893030742354145,-0.9712189958707109,-1.0100949772281855,0.11538926457553984,-0.04572513604544988,0.00512268726019284,-0.17839469768052962,-0.010050063775855204,0.0
0.610209837215047,1.0566611081426691,1.7058665126034254,1.5648293663638582,1.079819573272408,0.9845914674415772,-1.0385182966018767,1.0495134052729225,-0.931213286630599,-0.9703013751029783,-0.059401990011329744,-0.11299210018619676,0.10926344153521282,-0.20763518822749258,-0.033816814554244956,0.0
0.5954709716942757,1.047090285654348,1.6363821264020437,1.5899872169706495,1.0211990061330622,0.9242691162516398,-0.8917881613997978,0.9681026043253571,-0.974044530277529,-0.9565681995657755,-0.22531188547786687,-0.0799785192942992,0.08321978946743451,-0.21174800288382978,0.123916532145324,0.0
0.6497106884765829,0.9194746888787635,1.695571101015371,1.5559471679317491,0.9829179554820147,1.0376439241643274,-1.0611883995614764,0.9497503906005488,-1.0090178219251509,-0.9963696159930909,-0.16226226794164827,-0.11275924957627162,0.1739536328427626,-0.24614916781209428,0.20631568566457692,0.0
0.6147995885156852,0.9852529546000826,1.6470521545267534,1.6582623265501373,1.0577343058324682,1.059518943646652,-0.9328075860820373,0.9552644844265193,-0.9400357581890333,-0.8887675952998894,-0.04693602006223732,-0.2404131872103404,0.19614490491227293,-0.2029217211925401,0.23513661409955203,0.0
0.5945657205330467,0.9414014526701074,1.5876911913031402,1.5914710020546798,1.0431624602458334,1.0006461585111053,-1.0026253904400015,0.9962614753204849,-0.9588471125308949,-1.0194302977430894,-0.05287762582919939,-0.15755924795054232,0.14212383785311766,-0.054508903287574226,-0.05421986251529046,0.0
0.6145114555394481,1.0205652313606455,1.7199636077045957,1.6155200622125172,1.022724613687528,0.9813032318654357,-0.9562400773071346,0.933997048410689,-0.8302583970156506,-0.9927762342721247,-0.0263100635468663,-0.08639492260363725,-0.029570716991250995,-0.2336902620639228,-0.13694812011971874,0.0
0.6365425820631413,1.017852752799085,1.650953402379102,1.6732052082808453,0.9533046930449621,1.0088848263771537,-0.945505160413709,0.919608716514777,-0.9560738693070945,-0.9047989181365846,0.011412913274690014,0.04519759423068904,0.09688172440108353,-0.28897224101177643,-0.2021883448155914,0.0
0.4724975265787987,0.9632401840125427,1.6639762771062663,1.6180236865567352,1.030286421631188,1.0000131139782094,-0.9745556643613231,0.8888760254112216,-0.9216162349570228,-0.9088814155977587,-0.1352465820253976,-0.16674919554010761,0.07036518886732321,-0.16710366433846607,-0.25774771057837137,0.0
0.6420851832999933,1.0331141916359905,1.693064920242218,1.6793765744957612,0.9349980503755635,1.0388829833177662,-1.0491107034315739,0.9570388058864403,-0.9417080779937935,-1.0223488314368254,-0.09191147209352116,-0.19740696561642623,0.13757728776918515,0.08065226768975826,-0.24982111791630743,0.0
0.6661011621743684,0.9802522656826124,1.7417658326860062,1.6583384969055963,1.029607244374322,1.009055836644331,-1.0544565612212522,0.9553312123871595,-0.9642536336046263,-0.9239578679290636,-0.10822761441323994,-0.18621036906322785,0.1504578563168658,-0.05864940663113035,-0.19179192980415663,0.0
0.586200206989159,0.9459854097689934,1.6311939739307064,1.6257034694021084,0.9684721665263004,0.9978842117602704,-1.077203902263994,0.9535704636324217,-0.9116662188097986,-0.9993064868108803,-0.3168777177100987,-0.0981628998196304,0.2949532315605716,0.2231895603686291,-0.23569733417484967,0.0
0.6181551582480438,0.9741593418304659,1.689982467634227,1.5995498479764332,1.0405141092554626,0.9756984289418555,-1.011047453245368,0.9381272948075178,-0.9104045521457809,-0.972384072234717,-0.2683435813416113,-0.1729288775415762,0.12985215862442723,0.2375076635839261,-0.1375715006452621,0.0
0.6500786148968803,1.0382824971185418,1.7722854648231101,1.5869663939597354,1.0925544633810482,1.0337744256087125,-0.9439811955876428,0.90703355110072,-0.9121694050803156,-0.9788082400309999,-0.2930995476137951,-0.1652894046058307,0.1778114386955723,-0.046339806988175886,-0.19511923600740588,0.0
0.7066961497877648,0.9938746849380542,1.6183373194501887,1.6649122126258047,1.0307343669044378,0.9610348266315504,-0.938285103178782,0.8739861310982989,-0.9738240832103542,-0.8373997960974238,-0.33493030202510005,0.08890237522514698,0.048839992472950455,-0.022414159807887052,-0.07641093848622872,0.0
0.7666079649897574,1.0194014442387338,1.7754994794626455,1.684985360913181,1.0259486096308583,0.9731607662881852,-0.9825396760820561,0.8400586465573903,-0.8716035190925704,-0.9696895993760913,-0.23372267457794743,-0.1724988628477829,-0.050757676208773736,-0.0985782730437802,-0.015251427231682893,0.0
0.6307489761759407,0.9952798788402787,1.626123985851602,1.6732685067405706,1.0457726979817892,0.9624872017960872,-0.9931851332318528,0.8994695358095159,-0.91245744835667,-0.9476056564186683,-0.21674775880531838,-0.06972542588763797,-0.09736817201369215,-0.15394604103851894,-0.008309640078233566,0.0
0.5570843616841886,1.034481254548604,1.7615438912199128,1.6413952698279546,1.0522756742842243,1.0869860026392422,-0.9963717310823811,0.8190865640405854,-0.9265320062517659,-0.830962389647137,-0.34335921799307023,0.06612490729051054,-0.13748136508210596,0.18530840243624908,-0.07790894582642655,0.0
0.6194911129691757,0.9868766401533613,1.6468397618860635,1.6450321013657274,1.0979536304080357,0.9383755865397303,-1.01008527417804,0.7879744317541918,-0.9047625820338111,-0.9770043534022543,-0.3884406958070098,-0.09406293935524845,-0.02909578252354357,-0.05610189576173166,0.09203481504148364,0.0
0.5962099748949515,0.9129141410820489,1.699321231112807,1.7024998797554476,1.0303430368726831,0.8501197798470964,-0.9638961740514127,0.8275721068220667,-0.9517884381121186,-0.9146361172827534,-0.35523953335727715,0.025896927938886934,0.19913301448981796,-0.011364836492035006,0.2330295258068104,0.0
0.7164467472120939,1.0257518507173025,1.6914884554214609,1.6348035046328875,0.9992142455053051,0.7629738101750206,-0.8549216638641512,0.8728541922327263,-0.9694095138985788,-0.8223756618304338,-0.2060123200558811,-0.03568810307911076,0.2487023034728133,-0.034787682376079515,0.08889814176129762,0.0
0.6967833142768216,0.9818132595090474,1.7668677780082565,1.7702731491747095,1.1044734534766583,0.9072226215847217,-0.9988814946970671,0.8203537137906308,-0.9876769069032261,-0.8990269644050646,-0.07984131185977535,0.03964616956213261,0.36911511265168606,-0.19468645043449584,0.2015041318844421,0.0
0.6590239003486886,0.9269548903923246,1.6969448812177101,1.6324430819823312,0.9895094388155737,0.8606499002063371,-1.0395010360459056,0.7823065886060104,-0.9509979046612512,-0.8963193456194933,-0.11392511323166259,0.113923468421491,0.3178936054075401,-0.2670633826885328,0.09655546997642882,0.0
0.7045191712098549,1.0666804182800402,1.6871633291077555,1.6773378301649946,1.1350668519682732,0.8532956934685242,-1.0291217051950152,0.8241208293434256,-0.858593420507341,-0.8569353214344908,0.0034506346957773465,-0.13288741319104058,0.2641664616264722,-0.2650755753852419,-0.020342890360593502,0.0
0.7117067189665942,1.0168272865687524,1.7819437107874216,1.674855380200581,1.0190034670687291,0.893909068476615,-0.9234096110476427,0.8011451509347087,-0.8500148378331778,-0.8998742341312387,-0.1682518417047923,-0.18782492485497615,-0.013548252217853163,-0.08986422086943359,0.17343236679494317,0.0
0.6395135955780081,0.974043613853697,1.752748326625135,1.714652001239091,1.0000189726988278,0.8987866758601819,-0.949746311641751,0.6931105368270494,-0.9163275608538588,-0.8483214514776004,-0.0734877641155246,0.12735254912050137,-1.542565897496087e-05,-0.08745769044991909,0.3659846747085794,0.0
0.7415668831013802,0.9654982830299357,1.8230113077318675,1.620603383811175,1.0238689661810783,0.8552019992277656,-1.0720695683472645,0.8112840099852958,-0.7687414575355979,-0.8171589665326682,0.040506756314721046,0.18285758338712277,-0.1639535780623998,-0.11229555734435867,0.27664128399194704,0.0
0.6060629063045231,1.0510580177278341,1.6895925719137093,1.6856048986926198,1.0193636844517755,0.9173097146351497,-0.9996896866905485,0.6833201637232236,-0.8017970522497537,-0.8382131537160808,-0.025943239095945404,0.05018871840062934,-0.1411832581691439,-0.03663475070830351,0.15769047412830156,0.0
0.6578217955729249,1.0939906145504485,1.6889875571662198,1.6726217051167227,1.0054233416335656,0.8601503968712949,-1.1035467970230173,0.7789782191409029,-0.8910359376548899,-0.7820109589493206,0.06322793883133886,0.059732766776307844,-0.18983216721099935,0.07605061323935777,0.0428980061691976,0.0
0.6513428232593407,1.0086860332289074,1.658845866695412,1.7396738859653944,1.0604907467257614,0.8436875884788995,-1.0027167707580291,0.7853631793916761,-0.8973997903542587,-0.8711747294590815,0.21389090064568464,-0.054604591485012025,0.0037819099960671454,0.21763585001602326,0.046056965913522444,0.0
0.7416580610542944,0.9857279778669649,1.720541201854418,1.598467807350558,1.1315365291866848,0.8556329204367007,-0.9799963714520945,0.8330212079392318,-0.8374394479928772,-0.7875999257162363,0.06447899141429017,-0.10858002563781308,-0.03326118056850535,8.225654297663865e-05,0.019223415993582994,0.0
0.5960912687069156,1.0380512454097748,1.7078601723161142,1.6567482964722857,1.0180436341836159,0.808125139550848,-0.9857738272948089,0.7239390776604219,-0.9124946461690494,-0.7349441896171419,0.02108875837656922,-0.07907490347316976,0.0366307926716979,-0.07791342453677914,0.0512346441128285,0.0
0.6029713270913015,1.0086849176577635,1.6959694579950717,1.6978814015560895,0.9870897444392482,0.914106139957476,-0.9317498134000701,0.6832940229871743,-0.8000105587055252,-0.8095812763731282,0.004877286271444922,-0.16894022254625587,-0.16155137995764834,0.11637757313068406,-0.02110739287108026,0.0
0.6959185650698222,1.0991426546436223,1.7396937967130512,1.7216742686331759,0.9693228399160152,0.8070724533723398,-1.018734556956449,0.6611611048885481,-0.7345475992799104,-0.7782324702797846,0.07351520310922485,-0.11166126687073724,-0.2029984338149588,-0.020534036634722988,-0.010653504486119061,0.0
0.6988715529434213,1.1490705951900313,1.8152620128009223,1.7005266612990588,1.0585494131946485,0.8084388200074628,-0.9890847789992694,0.6801893585355223,-0.7560253307509498,-0.7063830397192152,-0.11881717850326953,-0.004815686784291465,-0.19760370014870873,0.0017913794272672104,-0.05227275545593011,0.0
0.6563011527107615,1.112777742929606,1.7250267005085023,1.6793597169842016,1.033802250182705,0.7742677645238111,-1.0277501542927283,0.6490277935331796,-0.8407670745850022,-0.6847156017326331,-0.24414953719533783,-0.05474055634167263,-0.1806050714972487,0.0735864796538832,-0.03522681820689033,0.0
0.6446998850038758,0.9755269084974231,1.71400810638101,1.7229981520499544,1.0220754437901882,0.7748904416440936,-0.9881106725565334,0.6037735345543696,-0.731717249310386,-0.7318598423473207,-0.2352196171593219,-0.06836642857636784,-0.1618809979804713,0.09130460064263216,0.04743523480428302,0.0
0.5785274705697889,1.025065598689144,1.7116586121643005,1.6931661660666808,1.0303793263206933,0.7042917530125754,-0.9314670282001571,0.6977198744718573,-0.828253991575822,-0.7053968861055222,-0.18636796232694552,0.11858439381347283,-0.16443391194726853,0.08454293419417361,0.19541267777607008,0.0
0.6826141170192783,1.0630441268018922,1.7836035436070914,1.707888486113264,0.9819235149056779,0.7373758133290922,-0.9063402743396297,0.640171216966975,-0.8578059701892377,-0.6650620767685024,-0.07341235317401423,0.18236308757962952,-0.07723219015959615,-0.0010977917461506767,0.23638078681926067,0.0
0.6966693457601337,0.9877155232620918,1.7639385458168488,1.5900144635139786,1.0596706109901384,0.7891698714472587,-1.0707988784181963,0.6438748286971745,-0.758939589590871,-0.5928459551943315,-0.13794477797828147,0.10482883341961456,-0.17617328260435158,-0.18927454196714402,0.15406595375962487,0.0
0.6357054035097799,1.0271096312572914,1.7253080077151524,1.7170872976802811,1.0091523342020845,0.7772015687348031,-0.855034203349979,0.5949372594249337,-0.7869027710824258,-0.7529933705230792,-0.013817935167606155,0.05685028749992633,-0.33832002485785173,-0.29877698946984577,0.10889150086569474,0.0
0.7421523560580743,1.0892581448600511,1.7071703313892315,1.672111561627137,1.092257406582727,0.6779199063784416,-1.0122612664127084,0.6691046177698969,-0.8557446571374772,-0.5746156912992444,-0.12541792630121978,0.08800411350226117,-0.15009827697539532,-0.2270456046763496,0.04366605161754928,0.0
0.5797972581244141,1.053654757928361,1.7197920594897946,1.6919821254305147,1.0333392546372198,0.6445542534217039,-0.9491191736132975,0.5181845684899259,-0.8288027051562591,-0.708913008587973,0.0025347884455591413,0.15900167683048128,-0.1640318363492037,-0.40293806371428575,0.18456607834768374,0.0
0.6152463539424505,0.9699000853679479,1.7948855221474675,1.6830479090685164,1.2351522515010862,0.7544485959914546,-0.9358310637681291,0.4710686964644346,-0.7298605492270857,-0.6547022556012186,-0.1304534283698595,0.11795179400133235,-0.1918803491965792,-0.10839407938689499,0.1364705388979886,0.0
0.6819428808578546,1.0721911027706967,1.7177100373526153,1.7664651614562494,1.1010369707655443,0.6209817286592436,-0.8782903978498764,0.4685246211182122,-0.8088739603029441,-0.561322161721999,-0.21528518814845604,-0.06659543674490244,-0.08120134212407698,-0.02273488278834724,0.19063509260002076,0.0
0.7029075586907851,1.0113154545353253,1.775817949622364,1.7120937265366902,1.150559968655476,0.5800039204821467,-0.8844780342481425,0.5424443464855202,-0.8018697407117249,-0.6993882756262928,-0.1720482730242848,-0.07095959948954672,0.09201271158152646,0.02110290423842251,0.2250039246699843,0.0
0.6989021950426567,1.0885628008465849,1.6796612609896708,1.6490946076859714,1.0673762966918667,0.6736543670687828,-0.9227120053740698,0.48543934245086756,-0.7991074274938668,-0.5798796544210272,-0.2982584206761216,0.10575066137098454,-0.0656163161580129,-0.04168222421584956,0.05000261014623189,0.0
0.7086095627653841,1.0301356031006956,1.813222062337651,1.7909503158531859,1.1030335292340983,0.5717552691556446,-0.9453986752319403,0.5691240876444187,-0.7498088322636971,-0.5831949768338155,-0.30944105449718656,0.016506072775456383,-0.131267583978033,0.021885430681496034,-0.14803349576739944,0.0
0.6531724464844235,0.9655672765986254,1.744590954268062,1.706995563029452,1.0727158984153393,0.6702019051211742,-0.8589697849575837,0.455785672426289,-0.775965536387163,-0.5401309786320567,-0.1555865696625779,0.0558849459238642,-0.16258422939396974,-0.05059265988699993,-0.2868866715399902,0.0
0.6943994507907048,0.9934922956134637,1.8273462875806765,1.760014570197046,1.107949020222142,0.5623214918039907,-1.0040027703144574,0.5114702674655237,-0.6496957394072866,-0.4990006457606999,-0.1958048496018368,0.08974954987323278,0.07454646066158159,-0.028319186709559394,-0.22643395840513145,0.0
0.7542283264660392,1.0045784484949272,1.8013957001410732,1.7113867133296545,1.2596962410112638,0.5901018390715402,-0.9264837426012857,0.3382697022858907,-0.6404938068115104,-0.4437402862767741,-0.08418367879902285,-0.07772975114742685,0.04710110738797691,0.12260633280572356,-0.25110053200796956,0.0
0.5726072274559948,1.0736374351874138,1.764184548049837,1.8040429447472774,1.0471296772389054,0.4823568495137972,-0.9073550029100871,0.4669053514591276,-0.6423120180194675,-0.5655374337762552,0.0058731460853659045,0.06587096467958461,0.14073009075768386,-0.13358300855226277,-0.13478927695365858,0.0
0.7163373886095834,1.0643054490990782,1.730062159426898,1.7034562439075047,1.0774004974888327,0.5537067678148944,-0.9167793848176214,0.3612738071019378,-0.7086718739996523,-0.4638809314228348,-0.13104438506402796,0.032375563639083844,0.07162917802266011,-0.12981574155784203,-0.10424525088016393,0.0
0.5925389004711232,1.1007687598297586,1.7449951950858666,1.7644559772078416,1.2184763173855755,0.4034612268775064,-0.9588894850823182,0.41000007666848204,-0.700217670136439,-0.3458401904527037,-0.16510102388018874,-0.011316036822819162,-0.11948814238379926,0.010894864291259285,-0.0872477131423649,0.0
0.7222792381867207,0.9795149512273582,1.8160662581443394,1.8265054303437562,1.0239213778109242,0.5940026176193038,-0.9067327342927016,0.3434279670808174,-0.6700055812450012,-0.36500487392415487,-0.1851037901490642,-0.09172092545944306,-0.06493020924306597,-0.013661490131518298,-0.3217104718438144,0.0
0.7406535030891331,1.090675329743514,1.744919094120541,1.693085799204955,1.1465399314682816,0.5775132630636906,-0.9545550081718347,0.3472476037997034,-0.8043437148014384,-0.33299367951421194,-0.012983055268956573,0.057524621904406825,-0.34211088869747214,-0.04091177650060457,-0.24947930226387277,0.0
0.7073842459863738,1.0305512553515137,1.7179942781174518,1.6696224620331384,1.1003884701352578,0.49095954929377417,-0.8669320862774224,0.40683947922172814,-0.6546940355330988,-0.37195450217439735,-0.10965935555600967,0.10822402534334416,-0.3184783261131397,0.042229873148256956,-0.39757055357508897,0.0
0.7140191679380093,1.0573309814568246,1.8420942295405702,1.8178870897217254,1.1695860848390223,0.47238366771387114,-0.865755622414754,0.4112182633435186,-0.7146694572533285,-0.44755593019842976,-0.26065530104920287,0.14255333616224522,-0.34803811427328896,0.05098407772908278,-0.4042168398574765,0.0
0.6339945329786455,1.118416035530791,1.757822948863337,1.7801052845315393,1.063303662544595,0.351378180073993,-0.8548344900585291,0.3328462391836957,-0.6797173596462348,-0.38700994055093474,-0.09331242849909976,0.047929840415760636,-0.3631552156117948,0.015704771832823546,-0.3189780421272961,0.0
0.7903813821588891,1.1125367820429075,1.8718938343877327,1.6431735003006551,1.0960865304045804,0.4150335006685979,-0.8876313637020978,0.28314468043120355,-0.6453000577247487,-0.3062192871376066,-0.16277637011180732,-0.16359484342715755,-0.22317617315505298,0.17158625602130023,-0.4639525807064541,0.0
0.7653563175727728,0.9933152620503082,1.8364564644149128,1.7276905074448585,1.1367173004358528,0.3039907347079862,-0.8803185332709053,0.26277579809174734,-0.6763345634028411,-0.3636159771516314,-0.04296858084567182,-0.2572546936782791,-0.04889294716005421,0.13319870459502348,-0.34923976649918725,0.0
0.7695167609128729,1.0133037770378095,1.862145112457771,1.714671263838861,1.201027933101634,0.3983544674303907,-0.9086974982298683,0.24144691539452376,-0.5873549997481117,-0.38065669177541495,-0.00985506221007696,-0.19182842250293433,0.0366947131399302,-0.054170727356446124,-0.2224400722555905,0.0
0.8298799935683316,1.0283449860752438,1.762679248036192,1.7663598001058922,1.1961746901198849,0.4150464689497733,-0.9087046773588241,0.269647588412567,-0.6828869787404777,-0.406337885892487,0.011233373103144234,-0.1330240705616755,0.1571956762599543,0.1054854199495403,-0.19489508229818242,0.0
0.6377615615884393,1.065743440216971,1.8543793652713036,1.801489246651038,1.1395403251655631,0.45116059113879314,-0.801116937064672,0.3120761431513417,-0.6771607482843961,-0.2686860679316683,0.06463137688505416,-0.012219682643144048,0.19893141579951645,0.058889610086595816,-0.26902927266095267,0.0
0.8414199756901115,0.9600079899643759,1.9049576047629848,1.7002426087992717,1.2191800927625578,0.32951217856951975,-0.8835115400679062,0.2789717460962364,-0.6851369272160113,-0.2788239316673689,-0.05248054968529284,0.00509179473645515,0.1019063492511117,-0.0058996814721621604,-0.24080563542608985,0.0
0.6897578216378749,1.0549842801308373,1.7725284127839245,1.734915104583544,1.1199906300108795,0.31752520752318786,-0.8394536716949598,0.27684318940649044,-0.5914271827404259,-0.2331136383996649,-0.011943790701081744,-0.04803083166919715,-0.09156964170376064,-0.22115617638492405,-0.16042064534059877,0.0
0.7042220462524703,1.1064090198882675,1.8225707195945757,1.8277978952398033,1.054818238774977,0.3622073968089783,-0.8919570720248192,0.11581806667453008,-0.6293002450033564,-0.1796507775212327,-0.04980059156607806,0.15315597933880565,-0.10734623991338874,-0.2747551251513169,-0.031872610922665884,0.0
0.7013108915507001,1.1703273358341653,1.9248373478116738,1.7100069304819843,1.1569710437553957,0.24697000264372643,-0.92365911715113,0.174900648941739,-0.4923381863019202,-0.16376069322231324,-0.044652525743833035,0.2020848993680533,0.08131038994545693,-0.21800136356941066,-0.04082739068160114,0.0
0.6397142571504875,1.0053431416427863,1.7962292290348003,1.7790004834008286,1.1577796458841818,0.27184545148330125,-0.8606878503209995,0.20895447087045818,-0.5884989477110479,-0.21936562480889332,-0.07288965493652275,0.027576097250687076,0.023467907001260162,-0.042691760606722653,0.13597141122516518,0.0
0.7491911400652068,1.1326994156451178,1.8725257785673093,1.847432878929565,1.2172194715048168,0.25113212325755346,-0.8506340827308009,0.15551885783353592,-0.5288386545957531,-0.18223823822431653,-0.08432365476312512,0.02541798940701226,0.10438821764595466,0.003903950012569709,0.009091493797657432,0.0
0.7342724121355471,1.153508624263049,1.7122267819504569,1.7977767201544967,1.159307290044879,0.23870051291061548,-0.8735796969727709,0.1309847009563759,-0.5698388350671204,-0.15436170841572663,-0.042223718747099695,-0.05018712477057616,0.18185404068748995,0.056827882316053076,-0.047927373554254214,0.0
0.7104033138986302,1.0674358213649007,1.7898613483948493,1.8389022775998551,1.0904418841754742,0.2623441270668561,-0.8444014175905251,0.03238160057505292,-0.6176220216920845,-0.15529678409383135,-0.022078022809787046,0.03100764586870132,0.17598099985339852,0.2026063796670322,0.027623329913474687,0.0
0.6721821082247391,1.0649548524314905,1.7968782252079394,1.8068425983698417,1.188482127118549,0.18320177879470223,-0.8268361963986142,0.14179731587991046,-0.4532583153743666,-0.15759698305735292,-0.15631325847561273,0.11033764118284814,0.29893075142932185,0.1923756796354573,0.04831902217869427,0.0
0.7982090213372193,1.0887719322875449,1.8222947833441883,1.770889410750616,1.1763678606309937,0.1622850985866563,-0.8425473944949123,0.07654766017202112,-0.6322409812609272,-0.1277425263954464,-0.13138173466563205,0.13864844392721265,0.3031454018549269,0.24544259110839262,0.18989552131796517,0.0
0.7570419279398887,1.0642474867201772,1.7758821449162365,1.8219248264022885,0.9980620511751321,0.15272701130457528,-0.7644007596663502,0.028698277368806365,-0.5646492642778429,-0.12295488603710178,-0.10230106216882891,-0.047466248458403915,0.3557974657395827,0.14677408508054446,0.14033820107143297,0.0
0.7227367281971525,1.0617448084771748,1.9171090875350403,1.8290508293459327,1.161555435045566,0.0908542292241094,-0.7124570090607665,0.011209268915691104,-0.578445584895435,-0.009426896885109406,-0.1067586382071399,-0.09391761807016141,0.1586799594672918,0.22633154985205384,0.16167484394768877,0.0
0.8268897149392932,1.067762243859617,1.9269878557016418,1.8809033798682742,1.160731649348517,0.07593536414609534,-0.827734727131953,0.010437463555581767,-0.6476418534095781,-0.07299009005554749,0.11698498148858484,0.02944825689747463,0.16379646453425561,0.09905940849743955,0.2042877191064239,0.0
0.7262493770469058,1.0583056674028941,1.7328761181007095,1.8313607987573395,1.1766715981782585,0.06294914705084301,-0.8126876831953369,-0.05539326595280932,-0.5452984195512398,0.06204183059796651,0.19655931623756065,-0.19931900382018805,0.12746854907026733,0.17193461629269732,0.20826597078018416,0.0
0.7450114324240271,1.0081910750297927,1.9333823081010695,1.8393859136170996,1.1045490188456073,0.03127661238287367,-0.8818346590906907,0.03872535909295399,-0.5382240082859976,-0.01956473520045613,0.009227954579206998,-0.04129390035644624,0.22173928996976294,0.37297070386677744,0.039901219342504485,0.0
0.8258146899015274,1.0925118934868694,1.8623813399313613,1.8396650562779737,1.0995504005470516,0.0451516213202693,-0.7776236134538123,-0.0496176447312396,-0.6076742056076678,0.050087696399295986,-0.06312955247108769,-0.02925557922281015,0.11548088214352042,0.2577749335631895,0.04910479926137834,0.0
0.7777326534476798,1.0968100463533572,1.8443347734913882,1.832450021011562,1.1349951894446682,0.054318669602835205,-0.8048284009620453,-0.027527332622749524,-0.4464213573683954,-0.0054070991989420905,-0.07831679769616952,0.0003774649670220259,0.1538365632423851,0.20931916494994388,0.08103294509799236,0.0
0.8083449748308175,1.16263930551701,1.8815526243219702,1.9555819592028039,1.2284891093114807,0.15788195445417502,-0.8405542525991179,-0.0674512264172666,-0.44626862707638476,0.07544841472541125,-0.0863880023804905,-0.018205763199059644,0.15588138275983818,0.09851578250879427,0.10545437611865077,0.0
0.7476903047499492,1.103476782610905,1.83681104179369,1.8726922143057083,1.165493467860128,0.06099029396918413,-0.8103561532572313,-0.1008923630774492,-0.4534245206282719,0.11148678579639608,0.0404138872876765,-0.05642204731381448,0.15749603709565482,0.03355080628036795,0.05074814789114056,0.0
0.7807907009517896,1.0874139779018555,1.830829730183188,1.8531917162796367,1.1182581085478676,0.1257528591248409,-0.7823863617295941,-0.046110560480805515,-0.5528159391097253,0.12295810174064503,0.024288243161314754,0.04085583255538257,0.1335665722623422,-0.006793640025624728,0.03872255281869472,0.0
0.7725343942130529,1.039572863498196,1.842461852805028,1.717950562818567,1.2218828614660102,0.053419375779764605,-0.752371122259599,-0.01418405579879363,-0.4868596710879629,0.1691416979133687,0.03579645560642859,-0.0009888816949619253,0.04728242806127348,-0.039738141303660345,0.027587997985862738,0.0
0.7549451370442798,1.1028353837402172,1.8595952602047372,1.8290819246616663,1.1856431985427371,-0.02999513898044221,-0.703010298875111,-0.09647101230556193,-0.4928479906308982,0.20569799905799083,0.08180729636344167,-0.010007995834704844,-0.18625305568115696,-0.1149139416320697,0.0005891263668232061,0.0
0.7112091180946895,1.1961029475400315,2.00059923077957,1.8955328296909835,1.1602292408309622,-0.02480923282273919,-0.8156381690298,-0.10404620945984286,-0.4744122205839697,0.16405333838580302,0.04083205115226077,0.11244692049055555,-0.14348072424629035,-0.02261834895270455,-0.0952506190685826,0.0
0.7946833961489091,1.0878848855195693,1.8617896326416166,1.870047581390758,1.1803171001901906,-0.054390134614884164,-0.7741338476058608,-0.14601028303814054,-0.49234506789343224,0.18001828926418534,-0.12479399341140367,0.01025395162444652,-0.1984295367856604,-0.03796917930258789,-0.11471636206515745,0.0
0.700689621050983,1.1250945555130156,1.824104357077055,1.7968307146613047,1.198519066579109,-0.1241110003023331,-0.8233911098342352,-0.2158100823107819,-0.3206394346318256,0.1892125714147688,-0.15392498515297517,-0.16639074709613152,-0.18665867366012834,0.0774378040426338,0.13011195838831363,0.0
0.7931650319904481,1.2335231271934664,1.9842437067445653,1.9058472699848885,1.171301133304443,-0.11609048002194772,-0.8532120053866283,-0.22502091798292279,-0.35605870039190746,0.23522761804783715,-0.2889836631016843,-0.17031378288154775,-0.10409571336936962,-0.030140409273965038,0.18603759084229676,0.0
0.7825725000659377,1.0979122193902753,1.7955431274147235,1.8499039333875538,1.2317720367400113,-0.06657722576989335,-0.7054507921999659,-0.34823549158381606,-0.3215384171098844,0.17831421453518045,-0.23324763825870604,-0.08122750301141886,0.08921747958166451,0.0033432760439746217,0.12589778633901533,0.0
0.7943412061391515,1.1137149820041274,1.9216537837918903,1.874179441011589,1.188879005259706,-0.11421744781495476,-0.7668098655676001,-0.1846474058465811,-0.3008976968145811,0.2592130043345121,-0.047558725993937206,-0.01254100014989279,0.23421388621032024,0.000840306604795951,0.12095193191718395,0.0
0.7018882193594341,1.0709845252262005,1.8713359197818622,1.852472829530831,1.1502861880013864,-0.16041477118595132,-0.7590298891438448,-0.27499036019791556,-0.3542517355924831,0.19597086442577194,-0.05244064500021844,-0.16116079725418397,0.07411763640470839,-0.06212016716810551,-0.02892824169326101,0.0
0.7497121008995771,1.0928131864705168,1.8444463047891553,1.8012493433942383,1.2290555379176196,-0.06658079544106962,-0.7280566228161033,-0.35503329583020576,-0.4224665865427445,0.14898148997468416,-0.1426923121005929,-0.014300948581253442,-0.05704692671508745,0.003963419103994559,0.045001805122812086,0.0
0.700850963337326,1.1170884786840887,1.9054766047886142,1.9385306034654408,1.1293455570570847,-0.12862091438442194,-0.7207759562756241,-0.28774153657739826,-0.3340456137578132,0.34611727100871725,-0.09155569882569879,0.06442250624181504,-0.15308785811841258,-0.021698142252983364,-0.0072353931848179245,0.0
0.7328394387592819,1.010023713305318,1.937126959035163,1.8641828195671726,1.2115483800643587,-0.3425371350266718,-0.6993692109392796,-0.34141290392840734,-0.3396681030793631,0.3620719892085028,0.01495706726689286,-0.004045994621242582,-0.1732410696524065,-0.18273564849443014,0.01424523609170682,0.0
0.675655554900642,1.027374596423436,1.9189590532227125,1.847883085415871,1.1149760093195022,-0.21744709472949558,-0.7527992201319235,-0.37351417798349307,-0.36570465848036765,0.31709006991110805,-0.07742964263638519,-0.013150947696243781,-0.17359095597921492,-0.13674441608265397,0.016395505225272018,0.0
0.8131772388469745,1.1064712907509138,1.8586192519082108,1.8257782017877398,1.1474363914078958,-0.1916936247886671,-0.6840765421602266,-0.3719698505278306,-0.45068435066357615,0.3698283888812351,-0.17571558805018234,-0.10201750591173844,-0.059384342013520455,-0.1986295313295514,0.14872515203495057,0.0
0.8438509279761873,1.146525838112064,1.8832584251932551,1.9256324545749657,1.2972007440953017,-0.23122538198187537,-0.6718157460885688,-0.3772547068783925,-0.3528605884083642,0.399010934288526,-0.304955167021956,-0.033425146017994525,0.017116728756748495,-0.31866047796877817,0.1069891746140202,0.0
0.8436906347573607,1.0544338569307568,1.8769594404227008,1.900536081053987,1.181548501092132,-0.32497772543255155,-0.6852661400057601,-0.3013519684834026,-0.3182831101861519,0.32708069559313546,-0.24246026400079765,-0.0528531855346647,0.00859874091287011,-0.004831158187568629,0.27678207115858633,0.0
0.7442784605796756,1.109658374370137,1.8736554234425529,1.8687608370828066,1.238748903041778,-0.28447685448280086,-0.6448587719969469,-0.2956548011870185,-0.17695681796162094,0.40844455373776883,-0.11988025349923873,-0.14161068847242764,-0.20992812639284994,0.01148503869213265,0.2915777381418959,0.0
0.7570376243664712,1.0988593277904215,1.9075210231350592,1.8558424863031087,1.2293487052623995,-0.3915354203007929,-0.6607701724482838,-0.4244976504888181,-0.3001388880265719,0.4630356839382427,-0.10768102605994474,-0.15681577533233773,-0.10974052261518619,-0.09186145895360659,0.1816603154759674,0.0
0.7320382598078337,1.1154948814811239,1.9434146057258348,1.989523269741845,1.180114413908012,-0.3087791923359451,-0.6787562465428117,-0.4742075476694754,-0.4306597790154299,0.4615219439056185,-0.11585593605066127,-0.09623194432349227,-0.03569899035009385,-0.07983972095175548,0.09045523875105699,0.0
0.8443961001762404,1.1431871592767364,1.9216772085620404,1.8882848248352921,1.2240206053642275,-0.2877279674489154,-0.6776589167724205,-0.4881526267116778,-0.2890218981556836,0.5188040217422771,0.02064316296526114,-0.1489293200049156,-0.15440783695144863,-0.0728322222562654,0.017900400643224443,0.0
0.7717685666295406,1.050835220351149,1.9396012100008417,1.8089417933529628,1.258663194815667,-0.3647978340675911,-0.6751350518820085,-0.49564592396461266,-0.23211376387253463,0.6001621073405701,0.21903487517191914,-0.06082604399658072,-0.3253680586715551,0.005055497011218775,0.15156934805390287,0.0
0.7869535603707829,1.1465495843219806,1.9377834342623899,1.9115766810701662,1.20262037624296,-0.5297957408555058,-0.6413353185981688,-0.5444078259504499,-0.35370563362262053,0.5287416062082072,0.04688338608652742,0.041459358648881,-0.07044514550141295,0.07896883235752797,0.2506760076961336,0.0
0.8468048812235653,1.0887053401980737,1.9240174601609283,1.8856103050525663,1.2855689075328802,-0.44973543312919856,-0.7037486918398342,-0.4171055065144176,-0.29633970085475897,0.5103642497522459,0.028671569794976808,0.0495176631934193,-0.03713612038346671,0.21771877612265775,0.2633348365440302,0.0
0.8625075610855606,1.1238458727096416,1.868056609477436,1.897957766004583,1.186579449727516,-0.4398012483395975,-0.6205927486343364,-0.4792670712709255,-0.2872063965618896,0.48108086431763397,0.054325973904182326,0.14791776007049592,-0.1196685917563182,-0.01347137144454949,0.25065705010910533,0.0
0.870504133416581,1.1427215502810253,1.9201595909700506,1.9394406117775644,1.1427775100115254,-0.46230972238642354,-0.5899938723362959,-0.6015928020607237,-0.2325060789477417,0.5660237120620376,-0.0939287416868505,0.21386523014792683,0.1588228172736739,0.11912880392305535,0.1986931925447659,0.0
0.8693412667723761,1.126123030346959,1.9153248772527163,1.8578105035389232,1.1812859170819874,-0.44874082310718494,-0.6906484419526812,-0.5031328686550527,-0.3355062728461921,0.5798710746124377,-0.08753625995991333,0.14891468303162156,0.15637534382549267,-0.015480512433798235,0.20054915732899542,0.0
0.73839181598507,1.1757714994366295,1.9619118830751237,1.8692458793668845,1.2992607320091705,-0.4365284762287983,-0.6054920801576543,-0.5939866949838836,-0.24342730421963793,0.5241276327838629,-0.08462212452744537,0.03919714378534829,0.04664362601579507,0.09850244784969182,0.07004852901343615,0.0
0.7922288755795922,1.079574408503392,1.9187343311756253,1.928520655010056,1.3488255374433482,-0.45855514513052104,-0.6330552229641427,-0.5034043683542683,-0.13587721887956195,0.5790136409188013,-0.20265242414212153,0.025965197576341564,0.16052029375270457,-0.20606588110856908,-0.010656553857211815,0.0
0.8542861288825884,1.1844728287877253,1.9490145174660758,1.9223786216923846,1.2594284413955703,-0.54110778144422,-0.5419726804032111,-0.5769221791438034,-0.10893940060835766,0.6655652079687651,-0.09001512936359243,-0.12494222980343604,0.0833694653379036,-0.09789642769462184,-0.016753848116967375,0.0
0.8432901055863729,1.205981605970122,1.9547233656013427,1.9023863795886182,1.1606540975889932,-0.5327013758686501,-0.5166199478794196,-0.5556641273541156,-0.27129357737369786,0.543727903129812,-0.028880328840354658,-0.11889216192530452,0.08328417065986639,-0.040435243841143484,-0.028657773898964928,0.0
0.8403095416470157,1.1385361729460342,2.0454828766453668,1.9228261892737937,1.2579082818771632,-0.5050381036431497,-0.5871463370708773,-0.6181927381402333,-0.21965502009882523,0.6344807602290545,-0.12416169063207322,0.12095569627256812,0.24224515584318743,-0.06483397927043122,0.010172977160694093,0.0
0.7651257657418644,1.1318105690959646,2.081977870531868,1.8750613386557826,1.234883849677907,-0.5297651407945303,-0.5453405538098298,-0.5910874722670704,-0.13009296830842162,0.7268373956720026,-0.17483729858576869,0.11994331302762773,0.14388438689370375,0.08772495050169152,-0.03912761562890349,0.0
0.8506849799301738,1.187429780716133,1.8915599009242126,1.906194649874553,1.2298575537663698,-0.5460542974835731,-0.6256860578160187,-0.6818305908826281,-0.1707078968684488,0.6945128107486299,-0.07116042708734133,0.28402504558482466,0.03304027879377776,0.04413637300256828,-0.05938203753089026,0.0
0.79924724672512,1.0494846373773163,1.9974045267430018,1.8590683072994356,1.1311418270905105,-0.6513401514102941,-0.5936848134812964,-0.6241944275517908,-0.19662047235086233,0.6736332951968786,-0.1512361723601801,0.11690687960860852,0.016951953442779708,-0.07262625525057928,-0.05560897348929555,0.0
0.8624722381987732,1.1184606766681762,2.068839981661988,1.9346088298323991,1.2698532618510894,-0.5913355214020596,-0.45742779610329787,-0.7053625769559959,-0.09891515427866036,0.6580962440707078,-0.06483930634177057,0.22347351078007283,-0.02185540374582453,-0.12318899495365015,-0.16499651686688505,0.0
0.802949401291535,1.1743436539373542,1.9714861440477436,1.9341238093514292,1.2840704796377576,-0.6514474873614665,-0.6178438083429001,-0.6969236771712352,-0.21202659651160527,0.7189772546333357,-0.10585962664433476,0.1672113390132342,-0.06802660880834462,-0.20950303879623253,-0.16641147371266657,0.0
0.8481364002145069,1.1486193841355101,1.9880780100032944,2.0189935273248385,1.259398740497496,-0.5823746701197586,-0.5259405761680007,-0.7016893005765766,-0.13427086055122145,0.6561454059420122,-0.1413003801546202,0.26757051895899225,-0.07356890360859285,-0.1075518490782977,-0.15027739581867045,0.0
0.855250430366855,1.2039483816886305,1.9638172589298148,1.8174260879447754,1.2946132894526423,-0.5824873730445891,-0.5312610579971871,-0.6619361205179076,-0.1636066260259115,0.7231237083330638,-0.1671924821134229,0.09683988471418616,0.07237105276286453,-0.25263824265210144,-0.1080833675497174,0.0
0.9014826431083934,1.1573659663022657,1.9950888845552932,1.9574722816152264,1.2357178303808665,-0.6920679154239456,-0.5810723375859992,-0.7636755273019398,-0.05125179814949296,0.7663248270256846,-0.03163294901076334,0.07813315184472494,0.05459252428589797,-0.10434178403427465,0.02533965815381241,0.0
0.7766589812677698,1.164660993052841,2.0063555769779,1.9429194000611445,1.2045407399801433,-0.6208085512271989,-0.41682711157406244,-0.7222455843986844,-0.16354917756553689,0.8382307194775235,0.07473653936279695,0.11494278188757565,-0.12761788807165683,-0.04494655311026867,0.038607620819183376,0.0
0.8450657797689591,1.1669405272313855,2.042949702910671,1.9012201218439964,1.2601520897897256,-0.740301467605247,-0.4361851068969923,-0.7095997432287747,-0.07545547692309132,0.7407653649837518,0.1257832505631986,0.07044561759596979,-0.08913274912419923,0.026815362989805223,0.015201777467909842,0.0
0.8298171502670241,1.133110361891868,1.8701703341441431,1.900956742950567,1.2763975937690952,-0.6857881457545896,-0.48512697861719833,-0.7286511030766314,-0.040682593681331855,0.8431214681547855,0.011667456558589473,0.06884715962176124,-0.16949439955997475,-0.07083763878026508,0.0209303398204383,0.0
0.8106999868269644,1.1738034701907332,1.9386691258525734,1.922214398440606,1.31062873835531,-0.6963926888679358,-0.4069519880919471,-0.7165208010383436,-0.13216216406448503,0.8466925688069545,-0.2858304258766474,0.10682225229714463,-0.032434579648627906,-0.029417716233781036,0.08524762886839954,0.0
0.8221656481804118,1.140880098433242,1.9815382004186823,2.007172259551445,1.2765650471530174,-0.6701422268386588,-0.4780166808646283,-0.8086957209790868,-0.1061221964228205,0.8541587750947665,-0.18263964625881415,-0.15488104504475858,-0.0552705300302723,0.022101770465703698,0.04006824299671818,0.0
0.8779744896784015,1.1195058183787048,1.9090282209095448,1.8382472763205562,1.2547846078807479,-0.5943010041667289,-0.42867313434497284,-0.7493844131624229,-0.14715814856182943,0.8095125758992646,-0.18789021403725328,-0.005310408438939179,-0.12287803833301206,-0.13740532748733808,0.006774511674565387,0.0
0.8459433085749382,1.203059568509948,1.9648694564559868,1.9293728295307215,1.2242024656363653,-0.6908564285052732,-0.4288267534080118,-0.7711753679631799,0.0006174909519507596,0.8439563207653111,-0.10069587496834895,0.0320542352279346,-0.22960005868698427,-0.07155815004607183,-0.0756374587795823,0.0
0.8354639422995345,1.2374428061532428,1.9488709927171453,1.9553074892580877,1.2752003942637762,-0.706305401013619,-0.3400320646727349,-0.7500107187163809,-0.12676839926317454,0.8620442792171398,0.05525807917835179,-0.05564498264832413,-0.191157122859223,0.010133178072308326,-0.11920185439010156,0.0
0.8885806378325115,1.2065329661283235,2.1141417723021663,2.0284352155871668,1.2838306147189982,-0.7301199184621514,-0.28923238993071243,-0.8223496952444675,0.028686689498421424,0.8257111558085106,-0.024073297157977173,-0.19038701755377424,-0.003895228358454156,0.06292108885739892,-0.0672961693909564,0.0
0.8884977666931395,1.1349990281869642,2.018216643035661,1.9166906421150842,1.2840596788878031,-0.7665971515318687,-0.3916453218410238,-0.7953552372492272,-0.0032778932414477234,0.7763661405899713,-0.0569067714372015,-0.03021695185234058,-0.0080688222797397,0.1659108997762087,-0.024886447807658987,0.0
0.8031604824128515,1.2030531043564774,2.008864351592127,1.9525755523177692,1.2623294046595108,-0.8549617425213363,-0.37524158394161766,-0.8242550331688747,0.011201012538647052,0.8725941153728842,0.16702841598901833,0.16079310315169382,-0.13484470750257746,0.10357901953990521,-0.054860556729405686,0.0
0.8276365311779859,1.1974702350674593,1.9709390738377262,1.9790371860857385,1.3099506074310954,-0.7522571288137382,-0.3290841462087701,-0.8499524788845287,-0.006573596700292046,0.8213589688515983,0.015355846935796433,0.14489837858502322,0.0738558617495527,0.1527033743579711,-0.16095817914593874,0.0
0.9096248828160888,1.1530268889454054,1.9292566620333917,2.0267491372676414,1.2892315192634565,-0.834709738654364,-0.4062101201144661,-0.8364243641430391,-0.011045156257498676,0.9907940202178247,0.1791601489119116,0.12142712145873981,0.1608841083696584,-0.003657625499323386,-0.11787957135450336,0.0
0.7977681506720964,1.1118632849512655,1.9894866798253237,2.013355199156661,1.2705482464156022,-0.8102259663424226,-0.40077876901506193,-0.8621395161470244,-0.04242282195372095,0.9216105280542645,0.15668975289133547,0.13109524298534586,0.24155661013307683,-0.06699808794568858,-0.17063248805740544,0.0
0.8900183191797895,1.1094968785731854,1.98644755225645,2.033196371932603,1.23861650735114,-0.8514715573232212,-0.33661562059140476,-0.8010378897433681,0.08005608666812483,0.945110454313669,0.0951473830552872,-0.05413715378373607,0.1003078141148239,-0.14146947618338157,-0.19713030398713058,0.0
0.9052155755069615,1.1924680017635059,2.0437963870025824,2.0466196054050796,1.355370579261959,-0.8683132064819613,-0.3199337279025323,-0.8766325822088193,0.0356526574825009,0.9376622853571706,0.15443781411551577,0.07000609889798895,0.3703613366425183,-0.061543163333554286,-0.22358889394986825,0.0
0.9649842289619386,1.1574710308203713,1.9678520398262793,1.9213033917729314,1.2735146450063275,-0.8623728395355503,-0.38037674123314136,-0.8777718952468233,0.05754533898433156,0.8840566642135548,0.15951043633837972,-0.0474376303165443,0.37305045588030944,-0.2876597317160379,-0.3699651792751953,0.0
0.8487295142329099,1.1908231505217473,2.103019732316574,1.9841039835598853,1.3077447490967613,-0.8543947111050093,-0.4286861640860777,-0.8835026075360704,0.030342592846353905,0.8402298144040758,0.057192448428531634,-0.07960534742820952,0.23933044156723465,-0.23210386616377368,-0.3762112638459334,0.0
0.829726412215395,1.0697300976273896,2.032121739535711,2.0050621065482,1.2779350544836363,-0.8763519740002,-0.36044882886533824,-0.9057274401647377,0.09093395315086061,0.87695225508219,0.06508938388902229,-0.005786184821443198,0.17644074980019891,-0.17427282008874997,-0.31568367878944437,0.0
0.8671956152874615,1.1421474781772456,2.07330965926579,1.981707304295251,1.3189550484717367,-0.8460835751827017,-0.23732579298878087,-0.8147967473590578,0.06684804367731587,0.9254879669193696,0.13774641231057022,0.04484781104996145,0.17476534302234778,0.08757644519923811,-0.05538741846521386,0.0
0.8244234833424753,1.1033934145089217,2.026602122311519,1.9707043454907565,1.282409931115151,-0.8232490975219373,-0.22743016109383907,-0.9174023361989936,0.08041656001538733,0.8614027056510076,0.05159733071658706,0.028266480854498524,0.10203510803722912,0.041513618931534796,-0.18355654097861798,0.0
0.8651127818197376,1.2636556136697163,2.0371758068584804,1.9288015837329415,1.3763496515465825,-0.8881295663589042,-0.24913511818246714,-1.0151156189920736,0.0152239502355999,1.008968395266651,0.1655314828457568,0.31829308582228233,0.16509088933607965,-0.09027718710505016,-0.2025348609920888,0.0
0.9206395818089007,1.3155005182837318,2.080863646613971,1.9207748193707577,1.3679022199823887,-0.8701197336068006,-0.36191472634294586,-0.8905407872115809,0.05141744461456991,1.0239342128105011,0.03907982967662224,0.17790622083171806,-0.08434776846364964,0.08472784962413307,-0.11950844072514116,0.0
0.9180442339207029,1.1346072991283087,2.1208460663068576,2.023179367899595,1.217632593660478,-0.8985661598607813,-0.2785026614096637,-0.8394663198969202,0.12260462711449087,1.047572016622863,0.06887673976724917,-0.04395985269588698,-0.0550000332739089,0.1475525301505668,-0.22648096315169255,0.0
0.9133227717668972,1.2803163588909965,2.0227993272799383,2.0630082230733846,1.4131815489958366,-0.9271891705186456,-0.2255131213573666,-0.9770791089222614,0.13191481763987745,0.9499848576262704,-0.06364580901212162,-0.0481216062816416,-0.09379160731671908,0.1751181743213001,-0.003958177474831459,0.0
0.8553170023494122,1.2869404052288096,2.0291113786873574,2.011763363523516,1.359401211052142,-0.9454336470342707,-0.2636602785852596,-0.9353447458122147,0.1138736925581321,0.9520598475429415,-0.21423712290784036,0.24122066547123108,-0.04380021452734115,0.29194778315315956,-0.0015313779697778021,0.0
0.8723300398660417,1.170051434611496,1.990506342343145,1.9654698510724067,1.2903563595151317,-0.9177398415232313,-0.3056464342904003,-0.9338208681760798,0.007546116976495182,0.9229207013924197,-0.1903623760296095,-0.0031033109643403,-0.019135152996091843,0.42631282982998564,0.027327356934010873,0.0
0.8380448753252394,1.0385349961908559,2.0764383312063717,1.9254397969803034,1.337923270950948,-1.0022198342338255,-0.20226408150900937,-1.0422504652689337,0.10522534019732857,1.0167775082510049,-0.2124798618854952,0.06530989709455627,-0.06675547701615861,0.21827097836368559,0.11665250455903486,0.0
0.7832521562341077,1.2054617040472673,1.9955913347536358,1.8737501777445047,1.226937502997136,-1.0545884521255073,-0.19980190992852878,-1.0166719609793513,0.22273449767752257,0.9927562536982663,-0.11152851211161886,0.06345583927196496,-0.03820597462020661,0.16656799563728003,0.3250176408994916,0.0
0.8648607320075695,1.2109424702988958,2.1257331330506353,2.0638896746144186,1.382166109332801,-0.9562909011506353,-0.2764375320677549,-0.9283787299152636,0.2236854112710377,0.9112778995377996,-0.09499759709833176,0.024958119235938877,0.06995040667923774,0.1693620339549911,0.4256235109500376,0.0
0.9363271179250641,1.2930004578131107,2.0826793073174503,1.99526529704158,1.3433550412128776,-0.971402413003887,-0.17245349213589323,-1.0491639603860041,0.07908182091876177,0.9597682040536734,-0.010368350994225659,0.17455752212064168,0.027807258552584386,0.08358487118279831,0.3376886398459035,0.0
0.8176253103573784,1.2300862943507798,2.0223214000294387,1.9924367298694534,1.430019392593415,-0.9983374854155139,-0.22896941425265274,-0.9451917755994445,0.13409812053275216,1.006833148272354,0.07551629787151358,0.24700375862555196,-0.03644575522574623,-0.02648208840832525,0.32139702857152874,0.0
0.8670948299625345,1.2204107586135509,2.104111049705924,2.046064122522725,1.4088448314461404,-1.0140361973595937,-0.15361308757617098,-1.0239807908053022,0.18519592453874995,1.0568864076654336,0.025209320160584393,0.27920769572448606,0.2503874770324278,-0.05789227929628211,0.19375455229868382,0.0
0.9547048327826507,1.211177009917546,2.027694250664859,2.041600445646264,1.383231129929263,-1.0189357306507931,-0.19436081190776622,-1.0017046640406047,0.24160115731873133,0.9728050608107951,-0.004681468706232015,0.08463585233288702,0.2048764141716671,0.005989127143526021,0.1437927948347292,0.0
0.8721991719789515,1.215978171123105,2.124060039097361,1.9918302721959853,1.3820479082154193,-0.9630060259915112,-0.2169817444911771,-1.0821231107431797,0.19626834090152717,1.0602194072925666,-0.059985097407914995,0.06259163132182302,0.08849541358639804,-0.02338226399104161,0.23858408668860398,0.0
0.8645933291450928,1.19323444051424,2.0239761970712666,2.086555298411894,1.389073987698201,-0.929795660412531,-0.20628873854590457,-1.011171526273376,0.2163630227415992,0.9302888522739031,-0.08787120473666454,-0.1412019519274208,0.054041253191200664,-0.11374801665729645,0.2375059516552988,0.0
0.9837723351632619,1.2551993322688242,1.9372057717609692,2.0170596605598563,1.3380080325765003,-0.9566571518233153,-0.09976754737659144,-1.0392039286862595,0.15716955851305398,1.0400386282135274,-0.11494418017531943,-0.27977494370541406,-0.07773516495511013,-0.0617488019042456,0.16289714235365613,0.0
0.9757212352065124,1.246088096323102,2.0513690110686125,2.0209406774208216,1.367687297783326,-1.022678531644345,-0.13824422593265667,-0.9900810964271276,0.3264035441453679,0.9508754106737937,0.13670572614366444,-0.272790107904864,0.03255634394878459,-0.05065773714875116,0.21620274828375258,0.0
0.8771930603577532,1.1429206024049388,2.0936273181227745,2.0426057742178925,1.386388973759565,-0.9601405779384158,-0.13640147330019847,-1.0086062997235965,0.1662695572415014,0.9952220253974211,-0.026655174559395076,-0.11493194635827111,-0.03443470373933093,0.10986222229447702,0.11922523076462102,0.0
0.8464558835444883,1.1899689708580081,2.093967744838524,2.07104009474846,1.3325215191572517,-1.0462809772085806,-0.15965472856047672,-0.9747689343036223,0.22102011159865328,1.0482488463040294,-0.05893199927530372,-0.06557476538424101,0.0019270144752839245,0.2915041283160837,-0.013528979536313782,0.0
0.9335538159131903,1.2866918555248779,2.084838081546063,2.0307844461789335,1.3191663355596994,-0.9865669841031884,-0.04940290156628818,-0.95812967578853,0.2561203841308457,0.9437902494616405,-0.0830345924444768,-0.022472342244643336,0.04062755142625875,0.17322650201938988,0.043641338645378544,0.0
0.9806344535044021,1.2614411709690219,2.0609851034827527,2.0205017263796474,1.3211971652626224,-0.9924341024662447,-0.22279929295915596,-0.9606974203725712,0.3053864332414874,0.9949084404675622,-0.012106670204296323,0.11386341202350123,0.05566085830241982,0.12336646023369363,0.01220012447495094,0.0
0.9322915132672629,1.2105612123733274,2.0173637649087466,1.9892095536302186,1.358601274058366,-1.0430044453476264,-0.07005651044590706,-0.989775248995656,0.35248975345208083,0.9962731592988175,0.06408263112297029,0.039105160563163946,-0.02919852761189127,-0.025666594648805746,0.04647545476835807,0.0
1.0242400937465082,1.135603658339324,2.0376236724868253,2.03855393901981,1.3641867189735983,-1.0707507316775429,-0.17194783348012066,-0.9753175689403468,0.24946919784643304,0.9646761646584022,0.15972469697204184,0.06516557486259231,-0.1641925609310576,0.050891808246975714,0.08880029370959809,0.0
0.969128134426307,1.2615887724624322,2.065309199420154,2.0748280442401983,1.4066097450921784,-1.0550956193897822,-0.14765276523937781,-0.9444414037880906,0.24590385261793168,0.9950996532691025,0.21246205233931925,0.10877873732901926,-0.09404887221701619,-0.00908867763648332,0.09644533795554415,0.0
0.8975317497787842,1.305426392438481,2.0793443527691107,2.0864558151416546,1.3589795313184134,-0.9521510980905296,-0.02809461730302635,-0.995173814753463,0.30003267821455165,1.0424167128414343,-0.06207693224104263,0.06628851004427311,-0.014652617546400695,-0.18012187265044097,0.19942702141765845,0.0
0.9774405638581595,1.23604633138836,2.094025442345358,1.9872805214149434,1.3793188807301726,-1.0726284623235598,-0.04303379602708707,-1.0611946114102433,0.3674264429529424,0.9772997634215118,0.11312286849718853,0.13298856538896267,-0.0794195044010999,-0.19497533184259427,0.08727045774563483,0.0
0.9423227589472606,1.2529271812982774,2.083636906150251,2.1005340768123095,1.3525945954724772,-0.960847746486335,0.021896572203306305,-0.9979607067375587,0.3639761331340785,0.950280093634836,0.06854157486723929,0.17036362757311713,-0.06410636943710109,-0.1711212832111979,-0.01909745763686907,0.0
0.7961467516296348,1.210947772363709,2.1351093725457027,2.0067139274418695,1.3355585024718093,-1.1338381802036122,-0.08694735410434412,-0.9076345796795331,0.3918195746465781,0.9909966462983835,0.08883608422321274,0.0615414562343235,0.004670911802615467,-0.08444722329088988,0.023266422455565518,0.0
0.9143958301208909,1.1589507901292933,2.01191880467726,1.9742061315225732,1.4397668580623284,-1.055445297488608,-0.11634931557526856,-1.0185429713757332,0.3473710796633037,0.9229441964729281,-0.040291498713465546,0.03418222764796446,0.08479117519482456,-0.07321962607005446,0.23846694800989224,0.0
1.028799705342548,1.2657273365396373,2.164836356751674,2.0334034861570713,1.3095351067678247,-0.9791546411506141,-0.10639925383466557,-1.0917662039926115,0.3519300292213691,1.0344474424950307,0.033128641100606954,-0.06015449231776934,0.07882473738345411,0.1761176862952029,0.2727612578729064,0.0
1.0134578138091976,1.2390431641765722,2.0901142029288624,2.1535887620182725,1.381528973708884,-1.039868961188656,0.0636808233586964,-1.0396950736597652,0.35800885950769445,1.069417460215652,-0.13407031952648893,-0.010842560039840951,-0.08957283128932825,-0.1758877214130111,0.2273723924768328,0.0
0.9981979116136303,1.2039968216112935,2.10756121724317,1.996940182743545,1.3591975631320559,-1.0249456736882112,-0.049464727284041235,-1.020680031216343,0.3835081975815806,0.8451253635635749,-0.0670179934902542,0.09787188770667438,-0.14265154724687173,-0.0206525250288251,0.00194417648115347,0.0
0.9324498743767459,1.3014404758416567,2.178628117554254,2.0343059325526083,1.496569218661095,-1.0352505911664633,-0.0651713750792511,-1.0238385395851606,0.4089669196049942,0.9380365472813519,0.008742722767993018,-0.08637822821094907,-0.09959790968656519,0.060934638411681084,-0.020104203163611327,0.0
0.9666586520309342,1.2065330497023732,2.14011019207156,2.1229165344777052,1.4276276897348257,-0.9581773258003672,-0.025761017075440578,-0.9222904618196232,0.40224048578777616,0.9202529636187392,-0.06775642383390315,0.05633369685713059,-0.1363737502905607,0.07050483363439897,-0.007605195103692869,0.0
0.8592786661503105,1.1648664545484495,2.0236761816734297,2.0162556796941042,1.4208757349060595,-1.0253023254885287,0.032327939838462216,-0.9881536513791305,0.417083875020206,1.0450150445528945,-0.09153271438871072,0.17209259358498583,-0.00478791023486147,0.05802282724411478,-0.061596347878304675,0.0
0.9512224107708299,1.2699455857972177,2.1260867987041863,2.0395651381492046,1.4633559502539926,-1.0487304330425646,0.012008969321566188,-1.0020269828322472,0.3826827060086172,0.8988350144972054,0.013553475737097101,0.19604847911702242,0.08228180665858259,0.22381160680206097,-0.16342240258062596,0.0
0.9036568246619444,1.249497248884997,2.169622325785908,2.0826685482839635,1.4022097504172695,-0.9063674524209638,0.014679596363141235,-0.9977204198587218,0.3822619914946183,0.9069743794097127,-0.012053089626661455,0.07014281466814487,0.269621145522355,0.2612916257541243,-0.19379195919420522,0.0
1.0698255479644168,1.2820005886450947,2.1959501603880205,2.1204050570651223,1.4359676170550237,-0.9217893030008183,0.13650464129150186,-1.0319142495615763,0.42034887260540704,0.8747217830539643,-0.020012345620663265,0.03763669317203879,0.07064664373223115,0.1557361107931095,-0.21019018560444225,0.0
0.9361331060563094,1.242867689207051,2.0928442277053145,2.13666794084957,1.4511130738422517,-1.0332322954569402,0.08240379912569444,-0.9707130289718868,0.5252373433351696,0.9424533965754005,0.0800930104953305,-0.04614665339865284,-0.05746661601613359,0.06883074378148082,-0.2602646438029401,0.0
0.9127347279069465,1.255666909783062,2.125615474848373,2.0930370764140718,1.4450218057793989,-0.8877248825452394,0.10305066159755459,-1.0388052682978783,0.5237205769559552,0.9237065991640735,0.1949300680055754,0.09899267201329724,-0.1303845469825611,0.03687557580310007,-0.1775259756029113,0.0
0.9279263213667025,1.1809332987024148,2.1162867446952776,2.1011072845225325,1.3914616008765093,-1.0389063229578555,0.1273967735575382,-1.0053337665674273,0.41424511349570864,0.8994767516998828,0.2215990421123173,0.015318404973551372,-0.08416086539308318,0.041542465949877684,-0.21762099703059795,0.0
1.027789536954854,1.2752474547747144,2.1256169640667193,2.1187459912812012,1.4670694549869503,-0.9512733204427091,0.11637729540348964,-0.9058472770578998,0.40164382971440865,0.8736793787153755,0.24243492209024228,0.20731400035800834,-0.0649125670176629,0.24818424530245084,-0.3629962323667475,0.0
0.8987414874293805,1.2506557424358662,2.165216061576869,2.1238843785694486,1.3014596318179936,-1.0178776959176261,0.04393276159146652,-0.9236506179854735,0.5886192313741929,0.8948123918875172,0.23167982338443824,0.2617061341490674,0.062223213764407106,0.25278088139485766,-0.24502194320277443,0.0
0.9013733964669122,1.2866471093756326,2.2077821759335454,2.132242183689854,1.3879358293675153,-0.9004375437514528,0.15367171149936099,-0.8970058175130022,0.508835728772446,0.938039424301877,0.24375922328660468,0.1844716147069061,0.026065720302367444,0.2249572584916687,-0.31064429687683004,0.0
1.0182920718064037,1.2035136596960798,2.1775717609495815,2.148056800239311,1.4861307611366548,-0.9373760389785059,0.12441636203246731,-1.0302769668256633,0.4137414280761029,0.8848395992933422,0.21843594911070663,0.18069612195185167,0.1550283603114431,0.11359988823450881,-0.11929092330837968,0.0
0.9869353378007535,1.2101258736257805,2.1456944865775944,2.176329272229124,1.4334094008664502,-0.8739858562216484,0.12452364688473655,-0.8847199686021345,0.4982536630769658,0.8989198709343525,-0.0368242920712496,-0.006093228801592618,0.15011973581824287,0.045204975892521086,-0.10238779750785806,0.0
1.0062807636202877,1.293759335236498,2.1427785907961012,2.129033785371784,1.3496155372594492,-0.9043113414424772,0.1130641447330653,-0.8443389333997751,0.5267700551648856,0.8761156697335484,-0.08151806708823855,-0.14381697308778246,0.21838234076822788,0.0856891378317503,-0.18044630323521024,0.0
0.9656221668333326,1.316339075000351,2.154734725935564,2.170697945938208,1.4074709173301065,-0.9887135625418547,0.19135699629241695,-0.8903379931172762,0.47914713741803133,0.7499762759878283,-0.09608692610229724,-0.09392004644283614,0.04094469474346232,0.0752811531761281,0.014537235017085176,0.0
1.0026007939175658,1.2504194084468694,2.239442106340528,2.131371652987592,1.4251921567048063,-0.9360335994256994,0.15512773593164536,-1.000065028028063,0.5180082845838321,0.8174045013499185,-0.09588611392072241,-0.0882684611567208,0.09608059348919326,-0.05208314271637638,-0.03432555407024934,0.0
1.0625940520651769,1.3596550277305952,2.2159019613648105,2.0735759290763807,1.4983626765681757,-0.9653661641685859,0.09790648002028003,-0.9690117252480506,0.5123532436603596,0.8956877524162674,-0.08402160940402363,-0.11525224565609637,0.2305567970742637,-0.08355343631095594,-0.23674530780970227,0.0
1.019500951774069,1.2426689072720225,2.329549080583184,2.1258233994646094,1.428396639099055,-0.8390119995799058,0.23825062652356746,-0.9891196445004634,0.5484789368557206,0.7960545867966887,0.08558378313662172,-0.29377766012863377,0.1404438705395526,-0.03247573934756823,0.00890271381877647,0.0
1.106635983221149,1.2765519221922403,2.1064530322317725,2.1326100366879963,1.4470573888681295,-0.8258518172759161,0.17492092391205893,-1.006511301690441,0.6943552240883406,0.7700142869479767,-0.00606948002298395,-0.16155172874320195,-0.01898173420594619,-0.1426132925745209,-0.09378927422155905,0.0
0.9263105773069109,1.3194029896172628,2.2057527963287877,2.0149089986476802,1.4655564161069012,-0.8122381788948253,0.22635647207299098,-0.8516547707674513,0.5427045296398793,0.8238252344044756,0.012157781805998333,-0.11724491030376624,0.13417010867185558,0.016426397152333697,-0.020566919386977064,0.0
1.039262198574101,1.2558766222196707,2.1379978916354236,2.222440952569051,1.3816990494014278,-0.8409259030712515,0.21315415783376532,-0.8061894774964526,0.5541568804706632,0.7365729186566654,0.2205875402130619,0.05010747176462338,0.11724318612140913,-0.15499184473020203,0.11068310571268539,0.0
0.9489472430234028,1.325682834711004,2.1393236823740813,2.156201299548336,1.4665446403827764,-0.9188533279198047,0.19743761794350626,-0.8430212063428015,0.5583523181320644,0.795201233470579,0.2888925126487238,-0.1321709502109194,0.02200217742691958,-0.24174328703214182,0.06301593914814563,0.0
1.0690211814706077,1.316969406482373,2.217917634840289,2.0547375087942474,1.4935290790276432,-0.8511595564523313,0.20290730270668733,-0.8714152119988194,0.5956158626709795,0.6892017702915124,0.16451040738411055,-0.07282297100623669,0.04201510597584521,-0.10815806007571946,0.037223287077081904,0.0
0.9712882566019428,1.2063379634054,2.181507800364543,2.1151492934749356,1.4336310120748323,-0.7933858674187512,0.2820186785690952,-0.8472761619187524,0.5687341306298137,0.6649913691418369,0.17916175542079693,-0.017623570126301828,-0.021118203199847384,0.008503450326758047,0.10255950739521616,0.0
1.0646130609280402,1.35003913749644,2.081381999400506,2.0557913432449935,1.3905417674764995,-0.8541567595833054,0.28998587091602096,-0.8846775866477284,0.5884617691989632,0.8140623219750102,0.2680681545652215,-0.08905755677943689,-0.0518254082185962,-0.04278735427437071,0.10928781049483298,0.0
1.0150798948797215,1.2486843967177068,2.1560174264631122,2.104616607575568,1.4179938446678149,-0.876201511273817,0.26278422171204324,-0.7867098000098152,0.6340682086311629,0.6964583045190177,0.2423026544017783,-0.09978388187456952,-0.2134071980352708,0.01340329081130328,0.07460191252214729,0.0
1.0269503049575872,1.3175050800551584,2.14829691479633,2.1552265285839365,1.473658407310985,-0.7901131598103412,0.19910258130802022,-0.8170794028526119,0.679856196760991,0.7132846061848248,0.3067768205397244,-0.29722049907321996,-0.1462348814158971,0.14318013022812584,-0.04628159970946722,0.0
0.9907873603103333,1.253167577196588,2.176722563423176,2.135013284864591,1.5067002748359513,-0.7235720784099101,0.28362968884281664,-0.849481926179579,0.6154748117007219,0.6564848461110769,0.22555344148398698,0.02904680891421918,-0.11961874427801378,0.26771399799952095,-0.049499394643852945,0.0
1.035971872084196,1.2469558898067226,2.060549269666105,2.172140676896293,1.544328823159836,-0.7854659819348001,0.3782752300097587,-0.7807369070022778,0.6197832605956723,0.5716058040133996,0.1712847166126418,-0.1360193434124692,0.024656517258859117,0.27258364123523726,0.005789254219696886,0.0
1.017992300455474,1.244335383556962,2.1744037766556645,2.2015633637731016,1.4660241367088982,-0.8552799721828426,0.30766436201050457,-0.6911281784466224,0.5564443966010476,0.6792980221083067,0.10812170511041079,-0.05981178214562971,-0.03719090589110304,0.14202435684431022,0.18658376581216637,0.0
0.9525307233233803,1.2681215619887467,2.190308846363395,2.1425574569605255,1.3442899841922715,-0.8487747486900177,0.3796480559464791,-0.831531276500246,0.630278310800247,0.5613178102236028,0.13178284205818874,0.040643781353048296,0.1423383498068917,0.14727058669836662,0.07744388380625818,0.0
1.0125324663561754,1.2281540003413338,2.1847060805954177,2.1220370034326104,1.4238668603569389,-0.6980032195467114,0.36469005203231364,-0.7454746451095545,0.6849600383766621,0.6204546941271907,0.16489508253061108,0.08669728534955704,-0.03712564330428067,-0.031214944519431895,-0.029622861740938977,0.0
1.057524971414941,1.3555285742762881,2.275863646675344,2.2504973831781943,1.4992594558700312,-0.8302433109539638,0.29073485107652847,-0.8049353639891943,0.6433285401524091,0.5437824936525135,0.001841842906544655,-0.09358553191415961,0.14310264426820468,0.10673211462335104,0.03635061169736023,0.0
0.9266175619498562,1.2622358041574662,2.155352624501345,2.1517734087107825,1.404399279348477,-0.684421989526731,0.1993895220038919,-0.6932904357046068,0.6607111466611659,0.6173045811987888,-0.00808106984920922,-0.153417593544031,0.2335935274782427,0.09964839566978227,0.10906600607537136,0.0
1.0061928813352845,1.3707833216529102,2.1736995015085103,2.1900628901702452,1.5326985467598524,-0.7461666157556964,0.26178951434368325,-0.6917037453068327,0.6749554816993045,0.5694784703518779,0.05058731284143563,-0.07720965111342386,0.1265973825499473,0.1107271112545099,0.06224860446967487,0.0
1.02932521630387,1.3189950548476181,2.212625145891606,2.3042073949055673,1.4669367451373774,-0.6480416723741006,0.33747799004233786,-0.7853362326270175,0.6344385890542948,0.5729144808330254,0.20705953305640196,-0.034669077612164464,0.12874495621951346,-0.019035796228623822,-0.09912403912196292,0.0
1.0694683900753066,1.298277298993485,2.2209035517522895,2.2397220389462604,1.5409689238102744,-0.6189516342913319,0.3490311698948955,-0.6826559046037738,0.732161540861637,0.46024319458704316,0.024332773011195963,-0.17989055638250384,0.009498394283748754,0.031552608097575735,-0.07234900897761563,0.0
0.9164319873328228,1.3254503789036933,2.211036674600453,2.118022750778737,1.440515490271931,-0.6635764111856446,0.35087441873238756,-0.7320241591343831,0.6884865746146963,0.593541981693683,0.20308850919778698,-0.10839278961097787,0.08366054253646724,0.03382748584627466,-0.09600866493876456,0.0
1.0071630610465996,1.3015991954351835,2.1773132812979554,2.1260517336877607,1.558085033428735,-0.6970264367465111,0.4003880125193874,-0.6573367832996164,0.6665865671830355,0.5141670660882457,0.3187409188732513,-0.27693516923125044,0.12764850469615288,-0.017313816888456804,0.008328823639401794,0.0
1.0092950978188895,1.3887497089948708,2.1591988773496125,2.122001435248176,1.4812903383814011,-0.6770457432669522,0.5295366043249707,-0.7238862358458391,0.7453643367099207,0.5672509789187331,0.35841479772968454,-0.13775179662720338,-0.033348071724927944,-0.11027285426273464,-0.07364331426615511,0.0
1.0231899579160095,1.2869297190955333,2.2331954833602747,2.2293531992531195,1.47102238494899,-0.6355459885065253,0.35438483201376514,-0.7261125994077523,0.6297140470320713,0.4652058023477801,0.15969082704791288,-0.06787229795464848,0.2981182788782111,-0.04709797853957805,-0.07060274901290131,0.0
1.0261843150883978,1.2661640910149314,2.160428574804999,2.1869497993407565,1.5681734435681514,-0.6569826028792354,0.3735414728741227,-0.6348557286933406,0.6224089949377929,0.4300241871116905,0.09910028762121356,-0.029885012563994565,0.22651459357267467,0.009668591882063489,0.01886458568531242,0.0
1.142101317746063,1.285098361178471,2.355695893160201,2.2113268442883944,1.4694482921449146,-0.6547837435645781,0.4230209035357871,-0.6119289433421565,0.8199002211165056,0.45494197907861744,-0.00688985598062862,0.023322196123213908,0.15827179801022528,-0.06311261389991533,-0.08290697002496264,0.0
0.952587541200889,1.3359705748745359,2.2028198093348537,2.2259755013883584,1.5446668814706197,-0.5605822780945134,0.4425707675037859,-0.5208296422934903,0.7645657348968622,0.39009108721508245,-0.004837782035314681,0.19825772973669267,0.08523532212569473,-0.035146249575834634,-0.17629915236299787,0.0
1.0843690802613617,1.4010951219942827,2.332211174757835,2.1659156750525788,1.522334841656754,-0.47220492296333666,0.39166197045485884,-0.6357673623377004,0.7628406413626104,0.32202991586189134,-0.10378717791368214,0.18760899979079879,0.1041454434864553,0.16021545194187078,-0.04105616649044472,0.0
1.0572550172977377,1.2923408089810158,2.2312954484076317,2.156750446117794,1.4277979976873802,-0.6080128613848645,0.438017940616254,-0.6279993805689559,0.6616272849192494,0.3086193407584079,-0.019194322301734845,0.13793101931228796,0.19096955018993528,-0.04724507909327941,0.06712816097143319,0.0
1.0956132290829848,1.306766577970594,2.2304821114523934,2.214418227477667,1.5807159269458395,-0.5014583637505243,0.4528311720975586,-0.46883294409608456,0.7102835432546487,0.3249133243465975,0.15255903555712372,0.20198633443908748,0.14759051831000794,-0.00431463014307145,0.19535048947921269,0.0
1.0251146877761306,1.3465371956380432,2.190512645960157,2.2763190620210096,1.527743991425265,-0.4573653457589145,0.44014450657097093,-0.5808570188364007,0.7858684921813686,0.39767754809720246,0.06930103665787332,0.10932453345489948,0.08730366717012926,0.04894548965147524,0.02377922616029493,0.0
1.026821032971045,1.3197848343413991,2.258836893383641,2.2485700618444278,1.5640892097242474,-0.5878140979846698,0.43533661927496264,-0.4691017078076495,0.7190437126155569,0.2765357425479225,-0.11404306478628809,-0.06015106894041823,-0.0821122287178728,-0.09764085592092657,0.2176809770585655,0.0
1.0288323422359587,1.3741996206183595,2.300065871259445,2.167262787624661,1.5136750406617685,-0.5101309534677928,0.45895685391589097,-0.5772337474700305,0.7097394660042741,0.286969965071335,-0.3285689229736857,0.12568013998439587,0.11439082271967077,-0.16047672784495443,0.15143487913110443,0.0
1.105187956979363,1.319265688565632,2.2275460780213576,2.1688159300636176,1.5293053171471815,-0.5175703393802629,0.43091642595427193,-0.49787721755441167,0.777457162716888,0.28134584265752444,-0.2905252408472414,0.21894735082614442,-0.015020824195834281,-0.1668007386300719,0.155874699909408,0.0
1.0516859504920821,1.3681772291685483,2.268785618408545,2.211609100333639,1.487014493561587,-0.5777827886015298,0.4733513891412498,-0.5657535356580081,0.784798720390708,0.24188595470458726,-0.22614441139366392,0.3345303782431932,-0.07945152250377044,-0.11363515206693592,0.1295290701157363,0.0
1.029898885662798,1.4779304268093496,2.1870010947967224,2.235737702777385,1.528729034639816,-0.424286937226898,0.5711283102152998,-0.5343593925295895,0.7839643370430903,0.3019482565061143,-0.050068221653833594,0.17087880746644968,-0.019569026388782627,-0.029134201109680118,-0.032668857886284014,0.0
1.014752430099952,1.2743704944842391,2.2641078671661123,2.214223407547505,1.4350747740425949,-0.3841775669656119,0.4562762202392815,-0.4901327227839453,0.8173501677085688,0.27110986348489374,-0.0704048939163837,0.04780416628675224,-0.1083756700625902,-0.030588616260789656,-0.02955319447861792,0.0
1.047142723625434,1.292320089305989,2.224840791127474,2.2393145645554595,1.5494415354978552,-0.37209178767407425,0.5742344089634105,-0.5686383204498204,0.7261180707073271,0.31826588710283515,-0.08465672916091459,-0.004423520576750023,0.05578974752595156,0.11293756212587301,0.07309240078063312,0.0
1.16938804473912,1.3748767709355252,2.2504780472235075,2.154662751180218,1.570721179414476,-0.35631797549230126,0.5865518624058556,-0.3894766297097374,0.8034259227150167,0.24248351251782682,0.06798283972943404,0.16385127132194796,-0.16880821174131777,0.10511670395451875,0.06075172619108914,0.0
0.9925041579024656,1.3719664995091134,2.178468803283926,2.2504218049770914,1.54312123524004,-0.32901270939088106,0.612469434566548,-0.36982165125679256,0.8479909159639315,0.17101719168989996,0.06538609056116318,0.1389026525796015,-0.14825459810726088,0.10771573392122989,0.27254999616899933,0.0
0.9548320155723494,1.3269874144132203,2.2366464742862338,2.1710824559112862,1.4738029337907623,-0.42861360063426346,0.4547189243350996,-0.4180261273480337,0.7811773177485233,0.18205968252121654,0.11810459802127504,0.16161700975447824,-0.02672008704117343,-0.06651298699960108,0.3364319034494388,0.0
1.0935744306266966,1.4107746618224692,2.338855460794676,2.2231854289211928,1.5082073353867513,-0.278338234215657,0.4533668135265133,-0.39353301732156665,0.7315109074964092,0.11731205470299774,0.08739477631163045,0.11521821607958896,0.034256820249254014,-0.13045440303183123,0.24711800949212678,0.0
1.0556458962029087,1.39709872496834,2.3148699679226654,2.1982282213911075,1.5486837776698252,-0.2646613983170147,0.5181252769927153,-0.2772008468746723,0.8362553138848725,0.21955172069962164,0.10698336552805263,-0.0020512246871203788,-0.02795716236090656,-0.0661801059030869,0.19449915782255295,0.0
1.0651193618841448,1.2771656613564002,2.404147991638747,2.2824396806212426,1.5021180225394424,-0.31299805698036376,0.5123431064153513,-0.23551709685642574,0.7755261200888368,0.07929950756000319,0.018127929683204078,0.14420149309024288,0.025836648507106503,-0.08021513558283064,0.2511017825921837,0.0
1.1270149248520158,1.3607852670891738,2.31417317098858,2.1666335631542695,1.6094219987135032,-0.2378714977959698,0.5609762244515855,-0.41867638119888484,0.8951708545162932,0.023064484450732115,0.11893499899465138,0.02652256470511373,0.06620238089961564,-0.03287442431301857,0.3281760652839961,0.0
1.15314878333499,1.3284100993259527,2.358099021638169,2.248967668920125,1.5016159507812603,-0.29698543890053664,0.7027773790834346,-0.24488872384646101,0.8635102827216689,0.01578230190457007,0.0488074199729781,-0.12239404457676784,-0.185043642621536,-0.12095500195434483,0.2513313124079595,0.0
1.0420258954567452,1.3318643787600941,2.2053253076351678,2.196103884711557,1.547335966561932,-0.23293229729565237,0.6253718742620906,-0.29628417635447457,0.8595643577164834,-0.0215499287124708,-0.06901973523300178,-0.15847737459121058,-0.304052967539438,-0.17735959326232675,0.11660670765893537,0.0
1.1509022103731992,1.3066180359080182,2.2954522962926194,2.2671664278691073,1.4928366406077564,-0.19338747201975195,0.6449948788846537,-0.2233208486870794,0.8310027418476454,-0.027539278857007292,0.17073604857991484,0.02277176893007564,-0.1454292775690615,-0.21794147783872736,0.14519857343623363,0.0
1.0782488044302507,1.387014114881253,2.3601665931630476,2.285681164658086,1.5618319639310594,-0.1787056212022285,0.5676503513777533,-0.2275503956346371,0.8722470020236219,-0.11235529567752425,0.009069570894697343,0.06391193000508959,-0.05618321545456017,-0.023160721449966087,0.12431379802223906,0.0
1.05061381327136,1.3310227039773486,2.279249214982033,2.2132699072059254,1.6053634507865526,-0.2292642926699478,0.5671841614026882,-0.1651334879544249,0.8171510101399999,-0.047228429653671716,-0.054792209790290064,0.10292462196518311,-0.007246447123372413,-0.04446845169020422,0.0513052936156836,0.0
1.080462099669358,1.4211082496587346,2.2338222367349716,2.322390986528909,1.5693518456876145,-0.12576192918308937,0.5905321550804634,-0.2339612364635603,0.8103661165200101,-0.07258350606174119,-0.15037189455858574,0.10223629500913473,-0.07932209682864708,-0.1614291642744845,-0.13709335285918017,0.0
1.1185601294892789,1.3661512091726258,2.375286469007879,2.1904450484931717,1.5672453810306302,-0.20843177362793136,0.5734459429553653,-0.22707636398727202,0.8284674021710796,-0.13358075370130046,0.04738283625620077,0.06867833453778688,-0.05971858434415252,-0.134749966059791,-0.11858350629293232,0.0
1.0229409846681248,1.4609160786747866,2.3274433717210514,2.31727551770094,1.6193590217382998,-0.13162998884138105,0.5970540742272643,-0.20553649690185677,0.8138349515868891,-0.09577440914845277,0.07414840361117275,0.030865050655221306,-0.002674903990538588,-0.039336702060418394,-0.03688334875747526,0.0
1.0942794643432625,1.4332606830037886,2.2731121647145427,2.2126128164742918,1.53498391782771,-0.15994127895300764,0.5914847579223701,-0.20163003747311192,0.9367635556888858,-0.11985672425659151,0.07363504139521623,0.32970049460765144,0.08588217853544464,-0.07355010771503502,-0.06229164370020358,0.0
1.0719469011538263,1.3743071092217662,2.3825037245921106,2.254523956122368,1.5546644562525207,-0.05455862776132652,0.5944093502222809,-0.12993491389236017,0.8502557760381536,-0.050543736169533914,-0.03596771296416615,0.0593555802656939,0.008075866171383311,-0.015171638974990263,-0.019537707237082848,0.0
1.1299386505733193,1.4171806531093434,2.3448490109892357,2.3623221996587866,1.5533160343936119,-0.07375233364489223,0.6681218662407876,-0.11708018301607755,0.8420710797558454,-0.14365276544535346,-0.024285562215440808,0.11141461677169445,-0.1091200531304218,0.021948492304132775,-0.03436563808397733,0.0
1.112312154870708,1.4492339653565771,2.2346839764863144,2.3417596027669134,1.613349539608321,-0.005948412269538947,0.6581432465785443,-0.18205541872619974,0.8760762868262211,-0.12247338710288543,-0.16204025574823938,-0.07397433719376752,-0.054369889906233884,-0.059100317675492356,-0.06703505750649308,0.0
1.1591847694684163,1.329796040113344,2.2810688563644645,2.2883841990633527,1.6135134298009026,-0.06861417079994536,0.6571709911771031,-0.2019029034204691,0.838222017578302,-0.07387674428315268,0.08919667516366059,-0.0322893257919468,0.011358736550517091,-0.08812363244780955,-0.13624074894309257,0.0
1.1231574583059951,1.2643665274134985,2.3350842361375204,2.340109065757352,1.6539585310063627,-0.026340427506657046,0.758051529505726,0.0007579099278266499,0.8547647438511091,-0.08992898261847458,0.2106970350734068,0.0684629324036789,0.1560269335509143,-0.005039984329304137,-0.14435987581267531,0.0
1.0849860477534268,1.3574921345141924,2.382537322490387,2.323745568661474,1.588236480269644,-0.005895039972202604,0.6180385262840872,-0.056427478450385746,0.7757058366394151,-0.11302947463814897,0.11818454862349308,-0.011027419894895044,0.1723655458961691,0.0340195887903172,0.04965014225941297,0.0
1.0900160443344231,1.3728984099590102,2.260162235881725,2.2543770558390364,1.5398058713303346,-0.10956854545877358,0.6724694973785088,0.0046237711488818015,0.899454900617342,-0.16354236049248247,0.0964150969207922,-0.13615820264965114,0.09164532038049157,0.15618669772689073,0.10051664632838977,0.0
1.0759510147167053,1.2938404334253681,2.295983244699643,2.283311670577061,1.6815350486258331,-0.10334456725731408,0.7043222726788749,-0.12252831872931402,0.9543540682056242,-0.28026074397818,0.06017715374859993,-0.05479110075788048,-0.0829560908409279,0.07867310512603497,0.25948255119848657,0.0
1.179700787204752,1.3236679483518563,2.441350904987063,2.4413118971160226,1.5669496329889394,0.0036630986106533266,0.744004854166902,-0.051768327722829216,1.0072270070420546,-0.30183608350701663,-0.08968349829000312,-0.06228810873243963,-0.1583271332244094,-0.016899250422467302,0.07004656318296718,0.0
1.1036320103003117,1.3793643638668953,2.353580053798289,2.414402921198654,1.6046397947378779,0.10486249230011857,0.6632830998185741,-0.017762927485346205,0.9767034710571728,-0.2910008450158966,0.0388779906851868,0.07622592239046287,0.06272019086547444,0.010856817768746368,0.017134065652259292,0.0
1.1925109715939655,1.4068655862180792,2.340038232839408,2.377577416394244,1.588041879571791,0.10642134940151288,0.703893984153272,-0.03528048119501513,1.005310811210319,-0.2731215875410422,-0.04565911569720531,0.08101916935622462,0.1266226401152784,0.12594831194266756,-0.009590161537968475,0.0
1.0812894231394863,1.383555127562664,2.401110360054637,2.3658682075033104,1.7231551431052763,0.054130791435317266,0.7915028796012415,-0.06100778208696227,0.8940451139167405,-0.3044475521144494,-0.20692033826315842,-0.09260246633525769,0.13386855974007655,-0.003177648504200506,-0.05809912450107565,0.0
1.1362431634595256,1.4124697266426383,2.3153012975704805,2.336962137877818,1.6083596867592327,0.06994677657876178,0.8183121200514122,0.08460335779365044,0.9888337693697579,-0.40402849843202143,-0.1689058153969883,-0.07489620323661264,0.03186152358921732,0.18448344587252663,0.05254920177057755,0.0
1.2598374297782113,1.3957948872731942,2.445497678154945,2.300324124970923,1.62566821114148,0.11997939488493219,0.7833634662728528,0.0644288964719305,0.8911844135658955,-0.3302105633973603,0.0006377707016252676,-0.1067186234572605,0.17118721508880333,0.11693980404538046,0.06838735446515731,0.0
1.1840978666461441,1.3716530209158,2.4426634902826136,2.3259411221384965,1.6276837708949752,0.11135491034198758,0.721483948213389,0.0020115779728314964,0.9315859297469719,-0.43102329047887067,0.04891529200110728,-0.059370180016949735,0.07601654598418614,0.18564552591001415,0.08843143986110752,0.0
1.090269434431087,1.335929578401689,2.453722438627461,2.2793081741658385,1.6498577094572826,0.11809477219438466,0.7140242027474597,0.14980288525972194,0.8373123980692851,-0.396441883220801,0.1428934029381892,0.05069858984764907,0.04701086310521447,0.03979841613403329,0.1491073151243788,0.0
1.1196013938009588,1.273642760101272,2.3944832655703876,2.2472484975270173,1.6489780240940861,0.14013509172817465,0.7469496315498874,0.12092185156681791,0.9260486406132282,-0.47307809509234106,0.1977229746478802,0.18031381394267043,0.14764291027738985,0.08300032870752795,0.18461242506374304,0.0
1.0918296911031016,1.3633406671718618,2.406852814961125,2.2800458215945967,1.6048439428489516,0.2804697982784592,0.8413223670828611,0.09111439812126285,0.9740661008245509,-0.4686078462205253,0.061977092691682445,0.22124920223368105,-0.011759580620156487,-0.07423671430499276,0.309389103350478,0.0
1.051904127181059,1.3766626647250395,2.4088817810889585,2.3341731005662747,1.6524968966483384,0.29951467741595483,0.7270647728146055,0.061344960154769715,0.997733728407588,-0.47075202261199134,0.2015261573634124,0.23649464444616952,0.14279672404784013,-0.061023543586039314,0.25761257694320383,0.0
1.132618935504577,1.3941905817595888,2.408274560686967,2.2944495076426397,1.7151899253681773,0.2132574793854145,0.7617838002693933,0.11890025558918557,0.9708037365841816,-0.4241241780601872,0.09930397948840962,-0.032380841138931554,-0.020032011927879317,-0.03270695373730627,0.32130785534945006,0.0
1.1438559761768934,1.4720628331272267,2.4223852546589586,2.3964663690439623,1.65291879563674,0.28291309300221573,0.7816686238687738,0.1974153681838247,0.9413500770974618,-0.5294128080447904,0.08796039842554272,-0.007414868608998322,0.007987797877592042,-0.010599651708708246,0.321761479857282,0.0
1.15349957143831,1.4030546654943326,2.3365225600366326,2.2964671840121196,1.6476962193514588,0.3264894815670122,0.8297681163286005,0.2551071652831214,0.9318576915255785,-0.42824175052956803,0.15876470006479296,0.018758712834720165,0.08058037596655876,-0.09773771336184567,0.3742278235814844,0.0
1.1173219282490428,1.349914677329457,2.443816041931274,2.318393802624698,1.538530376835976,0.22006235223973822,0.7346859518378649,0.22510600935741235,1.0048374517038083,-0.44898181416166866,0.11642554842715921,0.14988438864503487,-0.0491037120365176,-0.1641139392100724,0.20845861608127783,0.0
1.0807434924868462,1.359375493848983,2.334947995063064,2.3019972414937726,1.6295962349237176,0.2557372789147736,0.7240844471064999,0.1674172018078522,0.9816529320413591,-0.578191334450404,-0.04017108219825245,0.006559214691374993,-0.016668682368469075,-0.19094368119167532,0.37578528367442976,0.0
1.1187864803115966,1.3870103294519815,2.31935181817277,2.3819856703318596,1.5750216713546747,0.3046999449248119,0.7891687574841385,0.26261733381599095,0.9155399379231913,-0.5281343535505477,-0.0438921750353556,0.10648249372977844,-0.0423193255593516,-0.12223831217450519,0.322992272283852,0.0
1.2547368064161943,1.3779999938703014,2.3970282150948083,2.3851318493922786,1.6885432754649647,0.2998450871555482,0.756681832080344,0.3592816878173605,0.973418349851402,-0.49525232563352783,-0.034197719886373615,0.11052733407939797,-0.11724924195519731,-0.01927956470859328,0.3378883041127363,0.0
1.0842605049809821,1.3550148383930196,2.458639877076224,2.358699230937399,1.5999793252818628,0.3412393839678153,0.8504196749478683,0.27136324091240965,0.9900417753589303,-0.5132437046336673,0.01998506520868656,-0.17378131720649903,-0.046442250540350546,0.1247437879900857,0.3385711675994239,0.0
1.180623660552168,1.406918947758644,2.3608316638548055,2.334124252256894,1.6728839760996168,0.3869034566070792,0.7563448801322542,0.3518370978694481,0.9922030541552003,-0.5628196006152167,0.2687330153700408,-0.16834393828191074,-0.07711899298393106,0.09296376468170597,0.42980195540299715,0.0
1.1380706139409233,1.46201859599002,2.4322015921521776,2.320671265522964,1.6365496599648697,0.31936335491460843,0.815515069915012,0.2356903716954319,0.9598248766682577,-0.557972392813568,0.265096980216547,-0.0541217565143488,0.24137502952227857,-0.009019562798955424,0.2674462097569643,0.0
1.276977181419441,1.3897428160633898,2.4345832068615714,2.3774547835702027,1.7153518337542104,0.35463720686670747,0.8036704321224916,0.3574078545117092,0.9900962744053178,-0.5791776422615342,0.0763816404291022,0.1353668789521565,0.1598182138758758,0.09168906284579817,0.4154937097568062,0.0
1.252555153866512,1.4024246816373547,2.3430912667720984,2.3713771550431644,1.651544332898102,0.4519647780410049,0.8722207580851379,0.35057258170665906,0.953926220893416,-0.6723433287827287,0.06259436691747576,0.19915382534617004,0.05026956839970263,0.03301780387978544,0.2867589751887861,0.0
1.1810390847506484,1.5100728278538698,2.365077110445526,2.3473912758601005,1.7014708548319177,0.4679330699645624,0.8052368537377332,0.42275665741828766,0.9826499433632649,-0.6395050312182525,0.08695122431503065,0.11218305926172274,-0.1136180418969723,-0.1033191212248867,0.37921412161403645,0.0
1.100621141721933,1.4508006367754005,2.510543204758589,2.3561315247687156,1.6380613046799724,0.42647828577740327,0.7894804605391917,0.36048799293961226,0.9883859983881206,-0.6696513465389773,0.03491298181915042,0.051188920584755465,-0.22892210268605453,-0.07809711570148331,0.3372594265006208,0.0
1.1805686759247673,1.3596292460553585,2.4822020840319405,2.402489240502809,1.6022524491170502,0.5443308686675473,0.7827143296048088,0.337286891626261,0.976675096306264,-0.6683231420486595,0.037427826811797814,0.010700290626559531,-0.1887505042709639,-0.06866353571830529,0.3148964374430383,0.0
1.2529622718102091,1.4907239162625547,2.45981786954219,2.4782704856456346,1.6383449180546992,0.51952705900231,0.7985701732261695,0.41900701556859293,1.0519204332205232,-0.7640057878947124,-0.07055481279992046,0.07824336989780285,-0.20662292443034874,-0.21741630234422443,0.5068143659857167,0.0
1.191993679642947,1.416428938823773,2.452788380995444,2.3880695639941742,1.6877305170724597,0.5484491797830742,0.81195831667538,0.3706081390423568,0.9953516485219691,-0.7555815108153027,-0.17978719203415658,0.1705772807444808,-0.22428217176897153,-0.18698812814945207,0.24109620379194652,0.0
1.2099526999366417,1.4654122640731257,2.4472309448489753,2.4053018463571747,1.6790783034027799,0.5205503955064102,0.8155286805323765,0.41996704902255844,0.9738234119037279,-0.6953457639208664,-0.12591956205091187,0.0340734497345353,-0.1263169315742883,-0.16830795437962073,0.21660364702434032,0.0
1.1832439654556373,1.3516047743303397,2.481209874307539,2.443119494090844,1.6933529576579713,0.5662248982580271,0.8614057186849479,0.4604132475256507,0.9806699152108852,-0.7647318555265057,-0.11608013236476747,-0.1739691689630926,-0.14626267580384367,-0.06668691117883813,0.14915142181037327,0.0
1.2543731282611605,1.3995659454068803,2.473850840919935,2.368449456270947,1.6269211200911302,0.4967714820028769,0.8853480784398582,0.5059965928713247,1.033456826455673,-0.6845171323523493,-0.10715257967433833,0.07785995063858613,0.06040535265514965,0.04752644344910547,0.10969496124948286,0.0
1.1795176559079092,1.344754780374534,2.3819119908984585,2.413765275255753,1.6462923240903333,0.6404384640136482,0.9166988838065245,0.5015429160575915,0.9940111770043442,-0.8088090635308947,-0.022879944440956493,0.12876101309203755,0.06792523575077436,-0.018862538917939417,0.02582851706054956,0.0
1.09578138551429,1.4999184331344007,2.4613995189446127,2.408438465102699,1.626590485557906,0.5954810598165519,0.8671972998142895,0.5363089390106842,1.0146632571955894,-0.7487504326022438,0.09149972472185514,0.042309298899260654,-0.06097748157133303,-0.14947361403068646,0.11085792120821658,0.0
1.1619499333106602,1.3752338860565088,2.4241036217170455,2.332022910885519,1.659688246786766,0.6583539546532462,0.8906309481911869,0.4685439027344748,0.8818135974532877,-0.8726268347077879,0.0504951090998661,-0.007761098213506509,-0.00592090413241271,-0.09117212818024235,-0.03930234426762942,0.0
1.1465991663823605,1.4903632509926683,2.475928339494572,2.408123494792221,1.7456202121002173,0.5017299985493789,0.8173665612994777,0.6122941229561323,0.981532527951575,-0.772858186795936,-0.020619890732484318,-0.08852249927430766,-0.00934094488842957,0.152533713911511,0.0886637635207186,0.0
1.1687092961209733,1.51135606963417,2.3670625099548173,2.3729260339441094,1.6838395494632161,0.6066246191275589,0.9802795006353636,0.5018810193278962,0.9890321195978429,-0.7483153385548253,-0.09870601879910812,-0.06050754913218418,0.04595072496337503,0.10671718027155315,-0.02541705039784549,0.0
1.1815940131161078,1.4714550531884973,2.4728548353950517,2.398863779190536,1.645186021149602,0.5792338104441273,0.9117023262937429,0.5904418811290049,0.9145994064575282,-0.8232242486731899,-0.10630230308282666,-0.044128199169497846,0.03822325279108083,0.01537177065138147,-0.09887685919804011,0.0
1.1507449105918488,1.315172347184567,2.4119214237014646,2.4408162903655364,1.631568262360295,0.5957614062668073,0.8906429643305681,0.5726695910128655,0.9611973925037391,-0.8451204920560638,-0.09192183174767438,-0.1733516740154357,0.2025949064775944,-0.2908215806870588,-0.09229320760379929,0.0
1.271333674860093,1.461584111775123,2.444389537406988,2.3940399553029037,1.7745854900802258,0.6506904327367752,0.84347527553959,0.6504106986082555,0.9340883778545767,-0.7783194385245196,-0.07231370737702518,-0.16784893426509445,0.2036340085870188,-0.19501692469598708,0.10875846583358652,0.0
1.244846755225531,1.45161913450609,2.455970568034999,2.5130827904419792,1.6916786413384064,0.6931418316558549,0.9732366120299618,0.6819259600959037,1.0547271905460434,-0.766962370722735,-0.13885967624377238,-0.22785688191835501,0.19722139237512348,-0.17119864507078475,0.03520239914201739,0.0
1.234869664598688,1.4175888177114644,2.4224341399616875,2.329813037326711,1.6604369323116595,0.7156645849865599,0.9196180456399328,0.5501423087495332,1.043498836331715,-0.766957469932578,-0.04154995566274851,-0.05284783443875812,0.12389115061100846,-0.12645721214286212,0.09329907832284107,0.0
1.1800291891949928,1.4318625603687536,2.4874014144883234,2.471271616088498,1.775576181610217,0.6698008565243726,0.9474325344144979,0.5688799705925598,1.0964469457570565,-0.8964279751908781,-0.13181120088483952,0.020506775503337883,0.16495755970876375,0.14161726844958883,0.16426891587994308,0.0
1.3078285390080138,1.4692732189292141,2.3775029427252776,2.4537638567824014,1.7333359394874515,0.6640304600642645,0.909135162172178,0.7066785366178796,0.9298136683901568,-0.8747827494442849,-0.21922482044639396,-0.021835437284280564,0.09333078756432649,-0.017435996250384125,-0.006503171768101418,0.0
1.2275963729009227,1.4387612299645778,2.502594154959917,2.393885021416833,1.644743521331791,0.7575935025453999,0.9026757190622082,0.8022575227470399,0.9323033062538832,-0.8588070253340393,-0.30750382248368735,-0.0238315732649266,0.04217504555928667,0.10939387631980327,-0.023090014345383793,0.0
1.2137832569767926,1.4764154388302095,2.4944409347396523,2.417690966201209,1.746455368790025,0.6771921712305171,0.9237539285460282,0.6564767630732486,1.0245297817410115,-0.8500324969021464,-0.2944833695641502,-0.04771022024258581,0.2799241754759509,-0.009030884735751296,0.1569918298719716,0.0
1.266771660278506,1.4459339192745766,2.4676378016742087,2.489130787315721,1.661328204761892,0.8269263018453936,1.0157208449393453,0.6525467783968012,1.0572143425295448,-0.8027569004130364,-0.3719637157828381,-0.011875647523958952,0.18972282058225962,-0.02791754073339077,0.15620909406365446,0.0
1.2742262739224066,1.4720435002332197,2.450790182441944,2.5529530331176318,1.6475375665476342,0.7666029298356654,0.9284530301398813,0.7044195693678446,1.0055740388436767,-0.9031211240120788,-0.38646738912324874,0.11215791635894756,0.11855727078269614,-0.06742804742929176,0.33700873462844083,0.0
1.1608042497182207,1.4508867912292343,2.4145648981099734,2.5393611925897592,1.7281662949001386,0.7625418140229694,0.9661255381887505,0.7087515861474658,0.9806895216386936,-0.9623252361499521,-0.4273345728506007,0.23931411250986834,0.07049709840347695,-0.09800753915015692,0.35307448941854663,0.0
1.2080057534814912,1.458961032962833,2.509434285167772,2.385591240523725,1.6847400090683897,0.730209626183797,1.0029857691040627,0.796821996516176,1.0435416323064992,-0.8948203005216886,-0.32962349256648005,0.18917621827624792,0.009085437493815865,0.08760809536594254,0.2566541108812403,0.0
1.2614779853473914,1.524751376742081,2.541879855466079,2.5004392080595097,1.75157105844394,0.7304449239484907,0.8299161042227681,0.7381876851536455,1.0774691808390806,-0.9333730885711748,-0.31095186299580596,-0.04016379049201309,0.08463743236153244,0.11403040020862362,0.1428874776252686,0.0
1.261102979924829,1.4749233905610613,2.452395179604764,2.5160060695391087,1.8106614774554015,0.7365651337498378,0.8964818094861577,0.7412232455968757,1.050766349413291,-0.9137489359490357,-0.374580288643656,-0.22237240256295923,0.11559863681852696,-0.013033568841339077,0.130548256753473,0.0
1.2170562322900418,1.4786931681866624,2.5155657326088066,2.4996098266888485,1.7440431684460131,0.7820982177784831,0.9591445356177828,0.7579650721702449,0.9685357258157712,-1.0104606652713926,-0.3314242082920418,-0.13070665578323293,0.1419192710163173,-0.07030665289977472,-0.016848513081594726,0.0
1.2775920174342703,1.503774273145472,2.5225794000087487,2.512662920524425,1.732334275063221,0.860328336361188,1.0363580673798185,0.6983983750172132,0.9006808970894216,-0.9313511240702363,-0.23067729297894862,-0.08084663753481142,0.22508635139820088,-0.011877289074263088,-0.021327368541855546,0.0
1.1769121378631908,1.3887736956724703,2.49263646076428,2.4685835691965323,1.7049460695499297,0.7830029418672517,0.9938023829820366,0.7909722381399364,0.9673119823758284,-1.0220297291934495,-0.1341932253231619,-0.07248733119514836,0.19655308615854014,-0.11622328366477092,-0.0624027802169899,0.0
1.1999644438751293,1.430113097638061,2.506365877398527,2.4216823025415324,1.7185982410395144,0.8723804829658517,0.9951980643889164,0.7334924882074734,0.9369731750684938,-1.00380793487569,-0.22383032029837818,0.116381230148698,-0.08047223946678281,-0.038510154871679546,-0.0919806832646443,0.0
1.1998571288042674,1.426582967201366,2.4593200957693604,2.547746199422721,1.773197384642684,0.9897148827572768,0.8933988203270586,0.9500019090850353,0.9759100718823082,-0.960743307693103,-0.2133905742181531,0.08428930037906104,-0.13916264490399605,-0.10300972846930667,-0.1380791419376824,0.0
1.193107768177312,1.4669951190295076,2.420595976625178,2.466946757976733,1.765640262716104,0.8341353644285968,0.9580586781793136,0.7331749998307374,1.043230084523017,-0.9537567276763037,-0.035864904264547554,0.1644339362508106,-0.16816772926848633,-0.0558084332772972,-0.17885900841331182,0.0
1.339169506589289,1.4459518645927378,2.505929390219288,2.509414629891063,1.7786453032000265,0.8860760823506891,0.9567490243575425,0.8620523754636272,1.0251880725635913,-1.0234383735725021,0.05834917237153246,0.08814573529432622,-0.20468424718020486,-0.0064487052357976825,-0.11647874707809881,0.0
1.3325024530649685,1.414033415449368,2.483669676348097,2.4783865288119773,1.732691433042644,0.8997073003278725,0.9820192399194358,0.8114098981090759,0.9320418669814664,-0.960318045275253,0.043782337398589354,0.037572894894259384,-0.09759943164085635,-0.0002174258980219019,-0.08808134535746276,0.0
1.2263321447085322,1.5055406106889504,2.4940038600580903,2.4465106771962426,1.7430234394454167,0.8373183403183297,0.909790047524446,0.8335287478794716,1.0296228865223227,-1.1114628632351653,-0.032564544719188925,0.04503622181598391,-0.07823182199417403,-0.13173953405580496,-0.14718998573923778,0.0
1.2179774483574286,1.4442067417306927,2.5468411910608824,2.4918246092029355,1.6950075617016267,0.9055340892545156,0.9754811451257482,0.8653306772510158,0.9893410818784892,-0.9950441048638674,-0.014756910580816665,0.02092384580652753,0.011013889492329738,-0.22135286850541408,-0.06708363501514125,0.0
1.3152448657582652,1.4288375614109683,2.5970749297378104,2.510614920035834,1.6826016871710452,0.8651495433158201,0.949543901820278,0.857594226321488,1.0080752494301202,-1.042400475524424,-0.16972298500091032,0.1588379230451636,-0.1710814870943538,-0.12070276989244726,0.010881074908923115,0.0
1.2059437146934175,1.4636398871956717,2.537018703591583,2.572382594840544,1.7543582026371816,0.9659414054892442,0.8849009918505952,0.830794869155523,0.9967441718470017,-0.9477174907482473,-0.07600857542713454,0.07565648871043362,-0.16466785835526393,-0.11233863558186258,0.13464579216393535,0.0
1.129184843154716,1.4147223661714716,2.533173372874158,2.422277774165855,1.8706158522905814,0.9522892867922415,1.004248205710735,0.8159265674121758,0.9540190750879418,-0.9893589003851551,-0.014485574020863812,0.2701760348481638,-0.05237009420361832,-0.12069260388278549,-0.06008396285537819,0.0
1.230303557690498,1.5402780623999202,2.5156395109486485,2.4787858248603807,1.7142931154792092,0.8026320351644529,0.9681143611584122,0.9082457774054905,1.0423885237321655,-0.9965780352001153,-0.06258439115581671,0.026959404370249657,-0.025920284802470814,0.15876476413817628,-0.11013109949332998,0.0
1.3227356604335565,1.4170078468213716,2.5730210602306127,2.4863654330166876,1.6404728779670867,0.8877546515076892,0.896633098860828,0.8468160082203642,1.0089161209860507,-0.9563451045572808,-0.18992288182778058,-0.11898896391698315,0.0263355032951916,0.22702421690644162,0.039063611692667824,0.0
1.2554787346529157,1.490505063708316,2.596835267640177,2.513700362253249,1.8091875326597533,0.9567990013146974,0.9908443306056136,0.9732866203865157,0.9350374804045539,-1.0222070856539756,-0.22122945925406906,0.10242364470040452,0.05843149972720649,0.1943506752728521,0.08671675102760998,0.0
1.3403889906853215,1.506709753714917,2.4797841482867278,2.5004905564888102,1.7909475707629996,0.9455418449016073,1.0114713572473077,0.9116808267203728,1.0036017775403172,-0.8822762420529605,-0.21757819718103605,0.018714343799819837,0.03657342113555747,0.02522697801570449,-0.07673845052398107,0.0
1.2867846254562547,1.4176628124834691,2.4510115279479248,2.583434214781661,1.8174116838106928,1.0079415256661357,1.0872561782661,0.9141271816529775,0.963488051137408,-0.9526302329152601,-0.19078218332295796,0.11482944951337251,0.1595923333012246,-0.02272577741209414,-0.002899953257763814,0.0
1.3094270118671845,1.5392421260325198,2.589108672648718,2.423497494782829,1.730154973979852,0.923873073229456,1.0701375767968926,0.9531321801623142,0.969219338522391,-1.0447149478819848,-0.10959128151440475,-0.0036770628402447575,0.24655845370886004,-0.015004669703763308,-0.058156601264735396,0.0
1.2624830037462824,1.4656498630646937,2.6025579412968427,2.565567040474591,1.7822276798733636,0.8753571578346674,0.9828724719211134,0.9316847713432902,0.9271421440816917,-0.9091044540720674,-0.016545494931454074,0.19177689198388057,0.2434291893352193,-0.019897967122873006,-0.1424495759680492,0.0
1.2457057254714528,1.4894030933872704,2.582216716597166,2.5208940049816766,1.7533677465582103,1.0196958521260513,0.9395639054928393,0.9871149027123123,0.94464988162523,-0.9440384740371437,0.06760327080791785,0.03146332642904878,0.24653652497680079,-0.1890915307024428,-0.07670739018533258,0.0
1.3407261155483936,1.5026596539854882,2.5216791287396334,2.5914669633230996,1.8151922927507702,0.9999318618561874,0.9507969699147901,0.9224359493555185,1.07350460214419,-0.9228082616659554,0.03372984747461248,0.00039590176097676483,0.3077120907077612,-0.28569745939215974,-0.17087371636780102,0.0
1.2999929925340468,1.4624828907876255,2.5345351749796357,2.5132696322901618,1.8067854961298164,1.0292316002155932,0.9632627549831102,0.9886980261206795,0.944493866185834,-1.0635834075554462,0.005589645052163111,0.050228780744566895,0.20965675386744945,-0.1658028157834088,-0.18770093879484767,0.0
1.3806488017933347,1.5457491400588015,2.54532416734937,2.505804008758885,1.8052760772511993,1.0392963854085941,1.062029674993164,0.9923528987489876,0.984705694952279,-1.0385719532100899,0.10003869153960519,-0.1152960400414833,0.29122579761089573,0.00782480223114175,-0.22707463964831912,0.0
1.3356378376145972,1.5485877107316603,2.5719853154283827,2.550219131747343,1.8019278542697152,1.115346721406706,1.0103467091214111,0.9384508867240424,0.9849492555194633,-1.0130718376570835,-0.030747824980008998,-0.17555870355852193,0.30113453588371464,0.1755842660949139,-0.18606276321157336,0.0
1.317622273656967,1.4302603944027243,2.5945649119029035,2.5508245240299208,1.7813324549249083,1.0745286399681497,0.9740760452287851,1.0216881612575535,0.9168698206748789,-0.9860756912919334,-0.02442112292688499,-0.18969713229723945,0.1004633281028398,0.001640024987305394,-0.22212699238451217,0.0
1.3360157194478555,1.4498024683987962,2.55683496362612,2.5472060544234556,1.8999593474989507,0.9852221333411676,1.0191882176049591,0.8512125395747931,0.9736010481963863,-1.0539959038372104,0.06172197511038395,-0.24912835823539797,0.15509913123883262,-0.08168670322830894,-0.23270170546833147,0.0
1.300673668933862,1.549772531863602,2.534973280177406,2.534778315727393,1.8252498673721733,0.9407539603508456,1.0054762313782293,1.0061569969590678,0.885521920119558,-0.9199797047396906,0.07914367052802136,-0.13826259128987745,0.17228063334952368,-0.12263358014317408,-0.2813820561964271,0.0
1.316146317416602,1.591360223073097,2.5894223385191757,2.6662715507649852,1.731713553656664,1.0008446692322976,1.0257123756417865,0.9629534164307911,1.0503959688482964,-0.9692526687932753,0.03192283443189906,-0.14998974343386312,0.18135236445328867,-0.07003645495913505,-0.3244787082335465,0.0
1.3630518129499347,1.5027893057335742,2.6237173359469232,2.5539587322974464,1.8794887138396028,1.0509017302314314,1.0014036558202994,0.9908740548959559,0.9799968278490616,-0.9405938010552052,0.037396171963411884,-0.02161575400373089,0.15542030591449485,-0.10715540123044472,-0.17699657872422586,0.0
1.302340639061139,1.4960427965960772,2.626621217375796,2.675028154119744,1.8151358279421992,0.898382237123727,1.032644002033249,1.115564942357849,0.9365902442726334,-0.9620130447659638,0.038259825589164784,0.04036882391262968,0.09184968082791879,-0.12244181835610328,-0.017700714069099233,0.0
1.2448314360495645,1.5657086665428213,2.620670791772949,2.6232787292374375,1.799901559774296,0.9259541359950177,1.0574897330307709,1.0118926167614373,0.9470402512270276,-1.0307951025645847,0.208007672182578,0.0322598190873158,0.14798830221600917,-0.08125082862246852,-0.015619168118970558,0.0
1.2890162433363819,1.5161451592783453,2.5677421632046133,2.5148440869547017,1.7737742826715621,1.0338726161592564,0.9863640389613543,0.9483969053859842,0.8894600492333894,-0.8873995638013525,0.3530633156584803,0.10441555705485947,0.32420098605048187,-0.02391076012988097,-0.0797933072667581,0.0
1.3717678247677985,1.5465894666765636,2.6135919258551246,2.566464355746525,1.7709220407351123,0.9782774444380794,0.981964573548944,0.9048847387663936,0.9522297490043877,-0.8645667177216094,0.10667160029779224,0.18174221332325136,0.2051369425633133,0.12559114695370394,0.00798528561674279,0.0
1.3051681767022414,1.5238693039224456,2.503297177514832,2.5115034263465437,1.8408220507761068,1.0912407350651498,0.9555078054022026,1.0287210155284041,0.9670086644314596,-0.9391328022697817,0.3138069003743412,0.14679562499847593,0.2735521945363233,0.06779952893434134,-0.006320880987363118,0.0
1.1984357639425758,1.5224089243427226,2.6068474460935724,2.515049158273011,1.8404887619121901,1.0494625313600439,0.9588636545477685,1.0701676742106683,0.8860379036458177,-1.018615924738639,0.18409496743617598,0.3440027652620636,0.13072855923392956,0.06057658367588724,-0.13269083114716668,0.0
1.3108478676311557,1.5332143841411203,2.530382895723367,2.6261040352267004,1.8258515411052767,0.9925662518221601,1.0134268237238402,0.8930799982858817,0.9119086776891071,-0.9722506735476591,0.23119314552765435,0.039494320319433535,-0.08666925970238451,0.05319415578356675,0.004251696409143843,0.0
1.245175547107498,1.5630567379368887,2.5771806041277547,2.7032823351935895,1.833286682188633,0.9277595424902718,0.9840828850156742,0.9836177468113345,0.8734373330021081,-0.971121213920349,0.21077183791496934,-0.07621887828979908,-0.11742625210893201,-0.028603973038363782,-0.16484954366524082,0.0
1.3495610897362424,1.5445070596876078,2.625902035101135,2.519059021634967,1.8061315842757288,1.029469660778494,0.9156703590959779,0.9735689383433679,0.8805421621060671,-0.9409321404048622,0.10942496214994085,0.13596962978321503,-0.12153429338628163,0.20489850051664166,-0.14160676927389804,0.0
1.309686072670454,1.5228701322870448,2.606356194131,2.501851373359187,1.8332825616245652,1.0276771564759306,1.0798014183562752,0.9272081060801838,0.9111373100268373,-0.9194685316606768,0.08839020443700464,0.014477463045663996,-0.0449797991243021,0.11308119208946335,-0.12157230326092304,0.0
1.3452984601496376,1.5605012682004062,2.6502990209195048,2.529631334866106,1.7794727836783835,0.994286645992461,1.016897541477928,0.9268971507880506,0.9278093391900191,-0.8603782830216847,-0.08685651995168207,0.14482263302412182,-0.04050249595324268,0.006389025302600118,0.11274978574760697,0.0
1.3827822072538236,1.5677929767188443,2.6091222470721576,2.5954449656698237,1.9616038370939912,0.8841747948225626,0.9443671778403898,0.9899327458027509,0.8444140342807183,-0.8347764392403464,-0.20389744370981788,0.07385553198504632,0.09447314707569703,-0.1528401283187759,0.1786766104936473,0.0
1.3495454915962886,1.541323400910694,2.5985198677178345,2.6025183567329964,1.8772218162782484,0.9223401968036371,0.9706864963846924,1.0749900016167815,0.8598196040445587,-0.9035934894451816,-0.002377723316140695,0.06345546117463993,-0.0014577014579619518,-0.16268458834851804,0.10072821430083082,0.0
1.2494869562259456,1.556435421196174,2.679573966577449,2.6293765049308244,1.7609773930938721,0.946040472409844,1.0402493399823296,0.9649417257669073,0.877771087223548,-0.8412546337508818,0.018932612818391852,0.2858641697742966,0.009117815583473247,-0.02288761067244789,0.1156188942025722,0.0
1.3339608008252688,1.6209072373748243,2.6804284756536827,2.5958886265671484,1.8442412704961864,0.9068139877976662,0.9531075858111526,0.9690119061026782,0.8705310026039127,-0.88526743284679,-0.03223781059498859,0.22524832137519019,0.041508534312165675,0.07050815900735449,-0.002392746309903826,0.0
1.2753800429789626,1.518769274479771,2.6416426982676167,2.595188998328572,1.8681995206832591,0.9614942314379354,1.0607894699785132,1.0428154363409434,0.8892552052644279,-0.785717947870486,-0.1184626718608448,0.12104384580059967,-0.03489384712961593,-0.07178978251247684,-0.17704535476534072,0.0
1.3078407378143833,1.514144291734947,2.6369687260022463,2.5854339528115786,1.8392416679752313,0.9031261728640876,1.0785062970780912,0.9644794858183685,0.8229586587229452,-0.8395099920935132,-0.09656809181720365,0.178942506907588,-0.1715801653965,-0.13437919343828245,-0.14633345592721386,0.0
1.3881001864723947,1.5391633522831485,2.6365502994707,2.536737638728914,1.904709984691848,0.9106720716266358,1.013419867422115,1.0784290668049945,0.8347165303119937,-0.7682600392495984,-0.007306267316739723,0.23045048644743132,0.06350897911200049,-0.22287085762434122,-0.03302174295538955,0.0
1.3711133336509747,1.5382790725970714,2.7975629388776593,2.657610206856822,1.863207180762661,0.9269178815728413,1.0906590277013521,1.0627582733479362,0.8000285784108286,-0.771806062772357,-0.018999497020857178,0.09314333516207926,0.03312738692973129,-0.23962373592424618,-0.08068150110310304,0.0
1.3998349640473857,1.5386261223928108,2.6201729032276706,2.5906211147446285,1.7648669478224843,0.9667025990179915,0.9721285324825711,0.955391492737329,0.8929863367439126,-0.774342525136514,0.014532715160627464,-0.08472285875595129,0.010801153399499231,-0.18464985879936902,0.06959026747345567,0.0
1.3225144601869423,1.638942983632236,2.72632193544312,2.661051408541893,1.8779801024641256,0.9739028887736774,0.9243058162001286,0.96455809791359,0.7741277023433544,-0.7715926927624134,-0.15980325200763557,-0.02604953836215171,-0.07254968178754401,-0.22655689877204904,0.07515140854380857,0.0
1.4258947679664875,1.6074050639892787,2.6411297212168954,2.5260390075317685,1.958285076828677,0.8976570721778024,1.0292944403686548,0.9695922761258078,0.8832064654396099,-0.7907439623460273,-0.08617922121626642,-0.09756973196254645,-0.31777305994695854,-0.14172822568196566,-0.002224962362149571,0.0
1.3565103212482224,1.5883167832570853,2.6031247100741455,2.7111601874457776,1.9407312960091163,1.0079214893409394,0.9431427244239654,0.9795904767439255,0.8116520876420232,-0.7482477766704688,0.08430099221162368,-0.03206370887173015,-0.08749946306874368,-0.1277082749113291,0.012546094958840544,0.0
1.4036617771799782,1.47845861730874,2.6609693873240134,2.6564900107361127,1.8106817219865832,0.9958922755689893,0.902161472756452,1.08783214956412,0.8611038359616544,-0.7115700419891946,0.03808405437659202,0.05343540412606541,-0.10759916862392567,0.06446917916298074,-0.07460691809164938,0.0
1.353317720974745,1.5220866168612872,2.6957643448542026,2.6462213444197964,1.901110538713702,0.9083665546835129,0.983549741604932,1.0064255023634465,0.8801232624609738,-0.7994944171103936,0.027951400404092316,-0.05792649458632214,-0.0013377936807340146,0.24135043527927427,0.016279682105146735,0.0
1.3966484006033995,1.4964642415519045,2.618624618238846,2.6775812520471653,1.8527123411326218,0.9020354194842026,0.9855709623569505,0.9577967230354958,0.7737012697910806,-0.7763443709003529,-0.020254609889403412,-0.09061824812925294,0.0407370145240918,0.2953869722022211,-0.005518653784832548,0.0
1.3173848315998642,1.5817658594750426,2.773670820643573,2.5937618780797997,1.88276020692617,0.8718054787658714,1.0444289094365653,0.9055680974024853,0.7921570059558568,-0.7497392638862191,-0.14424846120385726,0.03662123194584335,0.06850128208698808,0.251974467971002,-0.02805097548918061,0.0
1.4042153270839264,1.5913429762370974,2.6935164842726103,2.6942679650589585,1.8768881735407958,0.9077706581041699,0.998452393027821,0.9616342337853413,0.8024444684008696,-0.7104114622292192,-0.0039443599656490275,-0.11506765067453312,-0.026989076780772878,0.1832908654205186,-0.22138173599991753,0.0
1.360879366727818,1.6666235882864293,2.764388113976461,2.6448259112810892,1.945175059419179,0.8945394861344611,1.0215329406247522,0.939964987137418,0.816510971969765,-0.6388597181555734,-0.18461705463725434,-0.11794609648904844,0.13841996767310866,0.03210222866606799,-0.07695659763437339,0.0
1.3408766087656647,1.7076281713772294,2.6749636695103587,2.6329404401508025,1.9529124403744724,0.8812245447998402,0.9313963124912866,1.019843229540492,0.7831073942776469,-0.6737309755422034,-0.15850214307479218,-0.19923877194530631,0.12916699309323984,-0.07664988847034397,0.05970944181933055,0.0
1.3776725818849729,1.5758897405065504,2.813719921562795,2.63834686068774,1.8498177164321563,0.8924927771625937,0.9643020386161488,0.9070704963330464,0.8326704307528762,-0.6793192080591671,0.05055387717464241,-0.04484588320737977,0.07233068287372597,-0.18278818397255647,0.12819431493262312,0.0
1.3899141952078629,1.6341826981967513,2.6862854488093246,2.6875503534597387,1.913286922520793,0.9409825430678254,1.0318529803400325,0.8479765718014906,0.7373953709864964,-0.7266630343983304,-0.059766933026626126,-0.12899388222606697,0.056754766767146865,0.061659594742043466,0.08915707427985019,0.0
1.371899815359743,1.6253505295679203,2.6897591753769428,2.7122269941767017,1.8930158895910054,0.9272067591415202,1.0419251656006916,0.9138214874451792,0.7572011170479968,-0.7023173629804784,-0.13167276779587367,-0.021103084710073564,-0.004593375740024427,0.0176325870335786,0.04856706933363944,0.0
1.409595211083863,1.52474282161844,2.6913379112155282,2.6603107945378923,1.8884637318853308,0.8212191518062186,0.9929875889205849,0.8840381379828057,0.8079606548068432,-0.6561069959637396,-0.17256474933435537,0.014380546988875344,-0.013116300246072998,0.2291623698792346,0.12313140029675723,0.0
1.4074806764747056,1.642322007196061,2.716033851590137,2.6238052973289574,1.933734911155321,0.9187890862248741,0.9545666410058365,0.9711351138527068,0.7802050532476484,-0.7014615449720399,-0.00860667936416673,-0.036736404543331644,0.04224684763681912,0.020278279237172375,0.18841080304236052,0.0
1.3747963346519863,1.646579855068046,2.7012938015155163,2.6737117788005764,2.0203810587136273,0.8876216882615269,0.9611866260252817,0.854590431188254,0.7748675509523769,-0.5940991874948653,-0.06345798787720709,0.030792911269867586,0.11458613931951417,0.04798176238633905,0.17847739410258592,0.0
1.3780907079362605,1.60631386995042,2.742701302266729,2.695777420816038,1.9171167671226774,0.8084402108303115,0.9014495787564696,0.8761222533736033,0.7411599332725666,-0.5086468548517921,-0.01559335392797348,0.13909379425804633,0.09554837429474783,0.09106890095777391,-0.09078275218069054,0.0
1.4473467342344037,1.6133729957441818,2.6711533414116126,2.7295885875862917,1.9589543783104624,0.7974850764028222,0.998712663782581,0.8684303303912847,0.7236970020583184,-0.602825215378642,0.08498033190508676,0.16350907795454284,0.079240957330434,0.1356012220948657,-0.0708750335057941,0.0
1.4306285712041928,1.6262818489481967,2.8009647110402285,2.7943410635848926,1.8857765311178254,0.8305747664737617,0.9109914328060865,0.9170513217498216,0.7287715015977774,-0.5704785676709363,-0.06986585182292929,0.23597236294827023,0.08942514132795512,0.05192437939594542,0.14098496091062054,0.0
1.3813928878317463,1.6563170814001582,2.7599241073447236,2.7135298338790834,2.0013378564345845,0.8443053664615444,0.904636050257728,0.7958224418130755,0.7268858366160649,-0.5899671203301735,0.11622801660172769,0.2557181709434139,0.0434031941750025,-0.0043372541203995155,0.10581253440821596,0.0
1.3515045136451476,1.6578472868438445,2.731672082469748,2.668618128619124,1.8850293619440388,0.7962893116529738,0.9850545498611801,0.834537468607256,0.7097993600214164,-0.512821282345919,0.18172174004853747,0.17256095271449967,0.10888278949649455,0.18320715013367614,0.1346570127614232,0.0
1.3685353770976507,1.5391606346226094,2.7332793752781392,2.8165224270641764,1.8882305766988194,0.728536354563299,0.9060562377246766,0.8618214340511205,0.722523910553632,-0.5381055892166348,0.2389071495271089,0.20843000218891178,0.009410640140549667,-0.0655146435923978,-0.056693926293632346,0.0
1.3568957640798498,1.6085486542464316,2.7587479259201624,2.7623144490904443,1.913601509152813,0.7206034657271152,0.9085254372650892,0.9061903268101715,0.7051312580716493,-0.5103680420482918,0.2780517467124009,0.05506592752946972,0.09848492195381826,-0.10262207099953258,-0.08676572737786722,0.0
1.486612460202631,1.676409304982835,2.7871446773160566,2.645276667181741,1.9093128290818082,0.8041750696374046,0.8283249481845818,0.8771437221652684,0.722848398318751,-0.49457104701846666,0.5027908326919686,0.219447580668922,-0.08909784457719101,0.022080256665687054,-0.18585626590568077,0.0
1.4795979527229444,1.6699174937669534,2.7588019109110964,2.7810613294413584,1.8898708201355985,0.8202414424479106,0.9404094815798153,0.7695409288987288,0.6694944645376952,-0.4876435257803171,0.3622083515045051,0.023640245609951316,-0.11348734991970205,0.09410549617886566,-0.03485959985252396,0.0
1.4791682851598795,1.588420674085765,2.7532394107649028,2.7486583763400603,1.9469487471652305,0.6870047788639638,0.9306964549417853,0.7436939698954546,0.6384793740380207,-0.4513853667229791,0.2725330243318039,0.061899200254654646,0.07362699867874689,0.1314747674190792,0.08355595638051928,0.0
1.453998138456962,1.662644201803158,2.7533640392932757,2.6715664594163573,1.9296296715604917,0.6529440727706168,0.8592678693096243,0.8578617755221049,0.7284032198242768,-0.3854555071525119,0.25902787350753376,0.0037620909285618898,0.0027328946210427585,0.09311149472341458,-0.04368849896371639,0.0
1.4621857305661186,1.5843679663523076,2.787784647649123,2.7685945410226203,1.9766258652267885,0.6650131565688573,0.9346878521362867,0.8424113632659298,0.6530049899009659,-0.3953866408140275,0.28167471575185543,-0.033134110202802144,-0.060774024454093405,-0.08367544996993755,-0.1733735417838079,0.0
1.4175053132440614,1.6475617243547722,2.7436042747319545,2.7132215188491955,1.9743230397033533,0.6642610788165617,0.9186724837608916,0.7808654220897614,0.641458465889394,-0.40742330184016223,0.2949758511335282,0.18435922750824102,-0.27511305786707274,-0.07905616330450628,-0.08712160016699327,0.0
1.5036175468272868,1.634437348930149,2.7406820632970543,2.740091259345589,1.9248549957427643,0.6771784710621657,0.9606905741211575,0.7975973254042469,0.7037193263818006,-0.37663745251881264,0.27156815939947815,0.1371458398884227,-0.26545888993125233,-0.20382278389082792,0.10217854739072478,0.0
1.4575848002405936,1.6442226112061245,2.7886123706973946,2.6902426439225886,1.9300811560877518,0.6355116675799122,0.9256375908183402,0.7594492883908631,0.6819299979088261,-0.3379362322683081,0.1698982105746313,0.09978910399486515,-0.17205468530549184,-0.07824390937314736,0.046639028375294454,0.0
1.4326656228662673,1.5866217687202666,2.7907493120404867,2.679725519637607,1.938097324165426,0.6405196972635985,0.9228972422581491,0.7554865174629576,0.5859229048087966,-0.3281298940469717,0.2658007364233231,0.1310726693391966,-0.09881881409978453,-0.09251451781705963,0.17184846267642284,0.0
1.4935009625478648,1.6221847092554502,2.7213401844466425,2.7620677995244076,1.9966115737579542,0.505641078136475,0.8607370030855834,0.6985919777405037,0.6728584163884159,-0.3149367105071216,0.2899336102062768,-0.0002306699995210243,-0.04206399516457242,-0.07972684728997409,0.04593124030077299,0.0
1.4385450668574187,1.6274009910907201,2.6945002716576196,2.7013919997252134,1.9870366486655766,0.6321976614799728,0.9203272500139219,0.6331303641036645,0.6154364862155464,-0.2677415513491837,0.3018893815126514,0.12889930745150358,0.0010091787822831752,-0.057964267988825154,0.10252350675411821,0.0
1.4853383491000591,1.6696109267114168,2.753562198790668,2.8218054866149225,1.909856647011493,0.5567439550584691,0.8216441656789395,0.6799799478860853,0.5825694366475643,-0.3641762071651585,0.1804257298394152,-0.05966709797318631,-0.08526905454381302,-0.003761941727818366,0.12173627631089773,0.0
1.4356497914265165,1.681649841845774,2.740858136285863,2.7441533688159243,1.9087670078131662,0.5723530107294431,0.8523462811176505,0.6682610652041576,0.5896931283728604,-0.3407954239577814,0.1456366338563691,-0.018086158037611613,0.054838384647023945,0.0954819803145907,0.2926853705835867,0.0
1.4121245152919655,1.6099731613371888,2.773181694268229,2.748473186608427,2.0117090568790434,0.497188837976403,0.73447329832892,0.6298625088772071,0.6474691741581194,-0.2724080021558363,0.05160267750088908,0.010425999313321364,0.03414955464529188,-0.06707897417634734,0.2256025244415413,0.0
1.4266430128182945,1.571144740265924,2.8080274408779795,2.694002407229803,2.0171360526538726,0.5023655488879543,0.776022596058449,0.6376739569955132,0.5820438582231279,-0.2731770123308165,0.07328505749802122,0.12007439033509676,0.08825525416433727,-0.009166225036007773,0.24851043888062802,0.0
1.3530459983265195,1.7058988902570924,2.7193471746840108,2.6755759266708865,1.967754417076927,0.5921863998936316,0.9253193762065197,0.6663601245522397,0.583420315952654,-0.15094839835861834,0.04146577463139168,0.2417790431870447,0.21789035846786092,-0.0220450049229883,0.4829282083587251,0.0
1.3765380327216685,1.6838044582005005,2.8555242015918356,2.803474057445336,2.07718668373236,0.5654844519193846,0.8335639041661467,0.7432248713219014,0.562707692209509,-0.1342776194213009,0.032856043875393426,0.09947251616722846,0.344586457029049,-0.011471610059462376,0.298778786329671,0.0
1.4367089644672593,1.6531910566312362,2.8027570239282484,2.72211810928734,1.9841792541582377,0.507303867123366,0.7557390173811833,0.5866566351364153,0.5161861436197922,-0.17005581378802262,-0.03475994406275936,-0.11846308163694319,0.17900435411142102,0.12123248533042288,0.3505385189849767,0.0
1.4012445830989433,1.6425069354275612,2.8103300925407906,2.7179529133496456,1.9888077904020809,0.4793194393974725,0.8284186577712122,0.6408347899189643,0.5789433763899271,-0.1362751494528946,-0.11464195948017109,-0.03949976771630129,0.33660568829101534,0.1427848504816745,0.24146360215694354,0.0
1.477736863153835,1.664043647712962,2.7678634203768944,2.771370040805416,2.0133642410152532,0.3882385004880658,0.7491507272505841,0.5754013073229096,0.49123064147278284,-0.12420463170607743,-0.12688882419869907,0.0850728140085051,0.22433528777184855,0.10201340944633328,0.1680262014362901,0.0
1.486041519684463,1.6857564403207845,2.850200617282964,2.668397104729988,2.0402982698956094,0.4262237495816557,0.8795435603922044,0.532825787035418,0.5347857106747048,-0.08404660344812159,-0.19488974479110194,0.2547719918696387,0.1762849931154002,0.026740406217523716,0.26667045897131514,0.0
1.438817559435432,1.694180766261953,2.8311781046580804,2.6707627926068325,1.9175900041923275,0.41564085190248495,0.8280887120924679,0.5770298725585322,0.6196722469003138,-0.12034696257920924,-0.4027937404850509,0.20415355714830796,0.23227644397698663,0.012723173261920077,0.16331131945356292,0.0
1.4322111383123017,1.6165382311260112,2.8119593457141288,2.7321532541243245,2.0347649119932805,0.41571251028345796,0.876723280336086,0.5968605033416291,0.538629787278231,-0.10943150160428065,-0.2541472178264148,0.1525003781094444,0.30118168611183865,-0.014651499533623633,0.20757190571791348,0.0
1.4248098174191053,1.5840890326826862,2.822321924408583,2.8389534284560716,2.067990853892098,0.49782039306361303,0.6991046022250128,0.5622757233375747,0.49689508588390013,-0.08765141677014279,-0.09281586936216302,0.09565035352012285,0.30002236563842427,-0.07359301524317616,0.012864489091310688,0.0
1.3578530268450466,1.6767379716899677,2.8368779437971394,2.679413366735992,1.990613903571881,0.43659954251501837,0.7552269484447237,0.5026270042056489,0.5567700840298866,-0.036085478017878266,-0.030032056423621903,-0.011551260739178719,0.2426989639453752,-0.15681812635670977,0.09755784349158793,0.0
1.4501204639889709,1.6345983527151637,2.7617660695552804,2.767861728729369,1.9564336041159849,0.3060868661191781,0.7977035329295068,0.44325109393540046,0.49716523202998447,0.005763849878100819,-0.073827148525936,-0.03011307935636833,0.21866181259341957,0.1254908812063291,-0.03265616421016526,0.0
1.5245888079153513,1.5429374849013993,2.818574538622146,2.8239370324784403,1.9865226819135906,0.426024386962684,0.7649780598319883,0.5913424999836527,0.494954588725402,-0.05045479444208321,-0.10029867876468584,-0.049067314762612946,0.3592655976692062,0.1484731179560855,0.07581671161027811,0.0
1.4689074781431295,1.6563807693839407,2.8338977554582776,2.8164352874186864,2.0326797129637497,0.3099493771458553,0.8411744563233032,0.44693187434364423,0.44575522732125145,-0.0055389081000712,-0.05392873093000945,-0.19573149858171296,0.341735618756904,-0.02858535841796775,0.09563670273391862,0.0
1.5450282085410778,1.6776506381540124,2.7611457390400105,2.7660754456956713,2.011499743092366,0.3032851231684329,0.7564648244197982,0.4830639451855845,0.4956567735098811,0.05261655890068825,-0.21433725596696626,0.04148672760425853,0.25609092243248577,0.08746494995215581,0.14133156376281383,0.0
1.4513348466625162,1.6758611557117644,2.841880274486681,2.791054806782091,1.9158729130048897,0.34692610911948724,0.8660042371123242,0.5096308849564483,0.5006221190577398,0.062347184226889146,-0.19701934092270443,0.021025301706434085,0.07785101180926647,0.1209538266580329,0.10448266571155382,0.0
1.4004091245722077,1.690146641127665,2.872633482299612,2.794723599721812,2.023640360130963,0.26080658695118697,0.6995760516112468,0.4339811489525749,0.5035338854088296,0.03725902833948198,-0.23829338057872534,0.14214870088566925,-0.1409434149277258,-0.009752966519499362,-0.05731083784174473,0.0
1.4608200432890752,1.6235615949650264,2.8218957433162464,2.6807351540225475,2.017865212282762,0.32693422356749635,0.7071605849843291,0.4680797965956901,0.42297869739081895,0.1340142906601597,-0.272526217295075,0.1301164278754739,-0.3034666414872456,0.1513763603411632,-0.16072261005494304,0.0
1.443215970373744,1.6818156464734362,2.862578332405164,2.7724798785134244,2.115934565771852,0.24763219008969456,0.7669789277483285,0.4279009467391993,0.35599271950509004,0.16361380595707561,-0.18085642722725487,0.12993880582480102,-0.043045598148859,0.06666125568934811,0.02372448481167802,0.0
1.4325883977344487,1.634390548105449,2.8151155285745033,2.7849331218687086,2.003442869745131,0.282894577798354,0.7055210626131228,0.4232040417629229,0.4641551116177617,0.0971027083903076,-0.21007475859247715,-0.057109974656678136,0.17416397204494327,0.06582986597413011,0.023823014676455482,0.0
1.546052004287879,1.5724988774144955,2.8638295287464124,2.793005530770667,1.9854152918926211,-0.010248618189806541,0.0180805168191995,-0.00880896196254032,0.003062743944575971,0.0219386887601947,-0.1924271177038811,0.17199494966105222,-0.355833161383189,-0.33148951503156326,0.17250159311311833,1.0
1.5707598759913937,1.5996059583137763,2.8651494606957058,2.789840333026093,2.026465284090142,0.22554444027615983,0.17061984558669732,0.2503700228440232,0.2198192281226302,0.19597825428837767,0.2591216137994473,0.290015245495918,-0.43301595168211515,-0.025075479475884694,0.11889597983865134,1.0
1.547126814503398,1.607669399156426,2.840693369588662,2.8088999322673645,2.027918041854217,0.41937235890757635,0.35394128398481595,0.3396020265177204,0.4334055773008153,0.416349752309797,0.12151685042307167,0.19564367228756815,0.09471508979512044,0.11792588593027382,-0.6181629172953512,1.0
1.5645930950080817,1.6154953209865153,2.8172478295098493,2.80692867584711,2.0325367170882096,0.4970876542730603,0.46285147217241696,0.6142943002837261,0.6468527992136631,0.6227064154528923,-0.10517836922587562,-0.3598327578282518,-0.11885125812804964,0.203547260370017,0.011741664836689479,1.0
1.5099845573053627,1.6057897605577642,2.8092195822175916,2.818754437267253,2.0266392526648507,0.7375089664414031,0.6829703801887457,0.7841759670335184,0.8359150417470065,0.7353092810492973,0.3159893396960832,0.06161404903399875,0.21868502956169136,-0.14758819155686212,-0.15170136131678774,1.0
1.51830394194986,1.5952014181100702,2.8654069733387937,2.8119615987401048,2.0140182220811744,0.8948342161592246,0.7595120311013872,0.7889053706728364,0.9193234074455005,0.8748164575233147,-0.25525607253206933,0.15480004808989067,0.24615326246500951,-0.14220221201768335,0.02010467637793626,1.0
1.5117567152139757,1.612208448600036,2.872765076788622,2.8101974732962787,2.015261990816254,0.9287926253382018,0.8904210092234757,0.9890304034337192,0.9150456813815716,0.9138924663346516,-0.1639115088831738,-0.01703656404452307,0.10657967151922153,-0.27422547862875274,-0.0032922362482459126,1.0
1.5489480278198426,1.6114354717865158,2.906464422228788,2.8213998898710546,2.0228943033832536,0.9624585680253064,0.999298523254072,0.9557391525667057,1.0536007579962212,0.9827593662523458,-0.29759526973456507,-0.24885713502022758,0.19830855312954704,0.19870390561097123,0.055912991584015796,1.0
1.569826604260091,1.621540714945028,2.853342216092578,2.8206667467060327,2.021832991429095,1.0190001992317264,0.927871222482664,0.9886428394222088,0.9387887973213058,0.9116257893493831,-0.14188438581778876,0.20881252775860126,-0.2666540475791404,-0.11511749703815449,-0.43949525025278124,1.0
1.514956807543107,1.6081480668372723,2.872511680288286,2.8402693734330398,2.030589268590373,0.9617788932745297,1.0035126945355708,0.9207711122750346,0.9594284646698824,0.9853056483002779,0.05509905611558106,0.3439397641969215,0.2754422016757616,-0.12744121130928768,0.4856483146341628,1.0
1.49994434241918,1.6007061988546085,2.8395733349020995,2.8239444853182554,2.033368790537801,0.9784669464272403,0.8574827511952654,0.960562068898361,0.8984486032332843,0.9346000742203081,-0.24724013522954336,-0.24446680530365697,0.2099044182867798,-0.04291862682844054,0.061686692311028905,1.0
1.5794113604014002,1.5948034006313243,2.870833642356189,2.8131782498579767,2.019492074574653,0.8019576872395157,0.8150638413942158,0.8082142896672273,0.8513086422713744,0.8445699137484972,0.1328393451771754,0.21878744361020652,-0.22700405138006188,-0.11626259238038766,-0.0072469811614224115,1.0
1.5502682265024692,1.6203822806133925,2.8782489860167435,2.8107688047819703,2.0122621665196485,0.6954846042962041,0.6194441054975557,0.7305625793389897,0.6837567554885012,0.6527718664877581,0.13673879663658045,0.18772538558812116,-0.18664987887065174,-0.09814640965711728,0.4019229897432058,1.0
1.57874646218706,1.615001043626034,2.8766874629765558,2.7835295031531504,2.0133944627209015,0.585057855836006,0.5411152803591023,0.49979689379939646,0.5247014285382219,0.4813975952560352,0.014195908430260815,0.20477538490405547,-0.18667838083806867,-0.2775801436900283,-0.09178186641263376,1.0
1.5391423994913938,1.6161611279728696,2.9087671506646893,2.817783569976571,1.9959269578873746,0.353617819444873,0.3056882258476703,0.3460247933533075,0.4373975993583687,0.33998922312924473,-0.3864740397948528,-0.09425286631259547,-0.059993331944091385,-0.1415751234219091,-0.21945698922241832,1.0
1.5151022245445134,1.599002329938068,2.8517324124330434,2.813431179061349,2.0279336212089047,0.18692282185787468,0.1550117183555682,0.10459919947148202,0.19035044493573233,0.15356187170959007,0.4431241376803302,0.5904296560718886,-0.06449979090766202,-0.1328152524684569,0.06144123940591371,1.0
1.5492436868011066,1.5991523311996487,2.845684022140545,2.7863694469404834,2.021640822436941,-0.10520196262935143,-0.050438394415292735,-0.0375695804923742,-0.02157201590111415,-0.09565622550616965,-0.24796626103489802,-0.12033448978641063,-0.24671251197190908,-0.11285676986985631,0.2014684820253346,1.0
1.5439861594651514,1.6154400085846263,2.8816944982072337,2.8333050665083483,2.033829924737014,-0.22993798584611547,-0.28793921765572916,-0.2591948720593171,-0.30266197373264186,-0.2302161525006661,-0.12391782103548755,-0.12341454742869798,-0.017369857889646557,-0.12299104707996068,-0.0627928650285092,1.0
1.5362713619732207,1.6192019412206384,2.8673587790928954,2.798920122212008,2.0223699333204808,-0.4109223777876431,-0.4445807652487962,-0.4640170837642379,-0.4200566829436972,-0.39798100979102996,0.2740218787926343,-0.0029376111390692957,-0.1218102632658085,0.5071490994081892,0.2331576465645106,1.0
1.5298618579100838,1.604734887603396,2.8899327794983267,2.8263758626351376,2.029442029322196,-0.6880197845352205,-0.5077783928426818,-0.6015538465450191,-0.5657881643118368,-0.6794072259561841,-0.06670786700189507,0.19889324485746726,0.4225894537602025,-0.06901921953408412,-0.16149061180259797,1.0
1.5233078302983747,1.6013351514092562,2.869267017404141,2.836856227048116,2.0317522451198196,-0.7805568410024173,-0.8010876687500175,-0.7483257813918893,-0.7218578210170737,-0.7327755558373137,0.31898650463157924,0.26413971562511734,0.17450330736008926,0.35007391168991736,0.14638333616261467,1.0
1.5154949523654695,1.5908366949419892,2.891157181249389,2.8429037888919813,2.0346081170155665,-0.9078910229105328,-0.895267846634879,-0.8546493568238029,-0.8744914103615964,-0.9548997168335718,0.32403678987546963,0.25804069137974234,0.13869954398749282,0.30392564002370015,-0.07452469091560872,1.0
1.575716230554338,1.6149686710733302,2.8984165224338234,2.828121133285285,2.0284242972395394,-0.9709201397562379,-0.9906221892217862,-0.9872123974094552,-0.9335768574951836,-0.9233027690988979,-0.45308132385565664,0.10463275823589957,-0.1220893503039275,0.5023277681192384,0.06473886894668905,1.0
1.5402898654304757,1.6132047284816398,2.8771195189601277,2.8238925788287386,2.0309382158468545,-1.0571142890194218,-0.9854827218349462,-1.0516274016256029,-1.012015764769889,-1.0435148360196647,-0.010293689531778541,0.12434597943714892,-0.1258602118300802,-0.08372784169400879,-0.05233235366307316,1.0
1.5577038079802616,1.6149113232904502,2.890008730899796,2.841659449521719,2.0208576611359055,-0.9880756006744017,-1.0737343803800414,-1.0452390006959928,-0.9256942785884419,-1.0168621346779805,0.0002789566933979306,-0.11770783830235308,-0.06809861000084264,0.057136508132735526,0.07224854001072128,1.0
1.516482400044847,1.7254158924856366,2.9453126975402384,2.964096700291524,2.1562014011488935,-0.2270788272115016,0.5583476906654404,-0.11295521473572379,0.09731594009070021,0.5676241011964551,-0.1261697171833518,-0.034350962074512104,-0.17461558610319564,0.06958243743933697,0.23257394372955117,0.0
1.524979439438647,1.5924240313869167,2.9384998552073,2.80069271056255,2.1751800227963796,-0.27820376934592334,0.4623559135707792,0.0535199096815435,0.128925062099322,0.5827045087737298,-0.2616376996178414,-0.16203452975781016,-0.08686595948968448,0.030611804479459388,0.2050953675001155,0.0
1.5068627082971684,1.7323672703510946,2.926211666154127,2.901920410747579,2.126540369305805,-0.31057393575662806,0.6412952027494299,-0.1703063802552998,0.1801378046823919,0.6533568675188187,-0.2634709561199612,-0.21421365078209825,0.11578939409488144,-0.05981428739937541,0.23196670940132944,0.0
1.5273476404550033,1.7073988998364658,2.9528119574499154,2.778901711827132,2.100333915236282,-0.2728722587531021,0.639738154734695,-0.09307663205398897,0.22018211954903022,0.6484415758693975,-0.2550023681150928,-0.06180265309432642,-0.029613226342556226,0.1432871698861782,0.10762304523923234,0.0
1.5552744357692205,1.7238298946079855,2.8865138819662217,2.9873380364249793,2.157697966569709,-0.24778246428233847,0.48932261741705346,-0.16593982264195384,0.21131441520835692,0.6035917501221758,-0.12238350530525233,-0.05611898283049688,-0.04649351116874624,0.16113131019887045,0.18056083748275564,0.0
1.6238509020908827,1.757315839317966,2.9556891911284575,2.865877198364851,2.1444209063464257,-0.2889101594144603,0.5228596494173827,-0.08876922333360807,0.13026785987828796,0.6149422801102113,-0.14057589301645845,0.09561490890725728,0.040756138444901356,0.1081865913987114,0.0788698306217066,0.0
1.5378344183077377,1.749541180658749,2.9840547259144254,2.936788772178905,2.0632999712250735,-0.3853399635699607,0.45911990368919114,-0.12030540898485416,0.15664717332367947,0.6793681085454454,-0.03215476322914239,-0.01865807849863209,-0.10082082757806018,-0.12531551060947083,0.08727346164260003,0.0
1.623838562555722,1.6888325698055977,2.9136227260934664,2.967539736893924,2.1390781788218702,-0.2932313863500619,0.5418230275772622,-0.16853709360584718,0.21280157743830497,0.666514596129744,-0.049801150944471365,0.022017844645886343,-0.024396824254328424,-0.011123686713068806,0.156859710230599,0.0
1.4998653377556481,1.7638027214231158,3.0281865632972704,2.9843180773252795,2.1549350453768006,-0.3673409372864324,0.505473868234853,-0.1811985197884355,0.05405969443247155,0.7719384898936601,-0.07996498796332649,-0.003875286464201381,-0.1158517200813613,0.04289359017730291,0.15983465717223214,0.0
1.654798248409651,1.7133068692133557,2.9376213889311624,2.90016595243386,2.132485061426075,-0.4383439110937838,0.4136677564850486,-0.1598816648278889,0.13425356097541824,0.6076580216154726,-0.03466380221714509,0.2384636687759098,-0.22014591300906022,-0.07758703329247198,0.1680209518818056,0.0
1.5038698815887204,1.6859983374546121,2.974704018032758,2.932239407140647,2.108516826046041,-0.43574741127019007,0.42394999663275434,-0.2187400858920125,0.08543552003582602,0.749047484340547,-0.08858094454048127,0.20043783566165382,-0.3511702635933789,-0.09517861417540271,-0.012470524157515872,0.0
1.6000584603068044,1.795529484829996,2.928163922939662,2.9316153893435977,2.073123189152308,-0.3687757118300351,0.3956875192636694,-0.19820020028539403,0.06188620606542984,0.7376841752735553,-0.14937409853371833,0.0057428402741993845,-0.29536077539662464,-0.0007975908861991704,0.052082510409125655,0.0
1.5936587059323428,1.7370340721546833,2.985182190025439,2.9143784964329473,2.0851339287267137,-0.547158150103217,0.4994293317923897,-0.2975411248764195,0.03041956134050299,0.768108022819941,-0.1693965623216874,0.08155415113094668,-0.34638766920187025,0.0816952943846155,0.1381645989379466,0.0
1.6283825259494478,1.78339218498495,3.0625354335578767,2.83899487137584,2.1342200192762775,-0.5337984342999665,0.42042564612070327,-0.17069323388995006,0.025900865470968717,0.7811373044525795,-0.15955953487542568,0.02917927910534613,-0.2402698729921398,-0.11705552303917005,-0.03758012429460535,0.0
1.6159534107304925,1.7239869784808148,3.0461191277900865,2.9399976388840954,2.2292816611913224,-0.552152167916601,0.4462856923795229,-0.2076973270082268,0.05218941827203481,0.8119742652573152,-0.09718319247822835,0.02240669952730056,-0.21009226837676745,0.020639885225624433,0.07516025757874269,0.0
1.6551673213779958,1.8438771326379981,2.9678673026721003,2.945592616510525,2.1670271015645843,-0.4953360502723758,0.3707597827300741,-0.3218169291795375,0.03270298612128364,0.7913593883870212,-0.05335056129384875,-0.03698948650616946,-0.07672453288809908,0.00015910387560698,-0.013767210744206157,0.0
1.6261299323472647,1.7708959377661444,3.0324061393229234,2.9976288851031683,2.1136859324694353,-0.5418405619945391,0.4564369432543727,-0.34798567736359753,0.06283019306483004,0.8170258005075965,-0.02304010599776503,-0.06122216048371277,0.041507807400865404,-0.024931922901972145,-0.12827003620185384,0.0
1.5728032952789384,1.7965860619223053,2.91118507353356,2.884057676070152,2.1655035462408936,-0.5579505599489277,0.4027499599605274,-0.3490540453072513,0.04256079466353494,0.8191474352630532,-0.11595001739819953,-0.05567919508165964,0.030130529809499807,-0.004190966512216367,-0.11397255777800182,0.0
1.6395379170373467,1.7410253766368349,3.017744434332019,3.0971312402728612,2.283195021261624,-0.5442467809085658,0.5066191829306625,-0.3235155459343742,0.03743598989373755,0.820213150131701,-0.10102508389829154,-0.16146532284573062,0.04035206357330791,0.07197627420315557,-0.015061490462425567,0.0
1.6163280218058893,1.705698497108679,3.0586025732646096,2.9835161515458872,2.178146420890957,-0.585959106559375,0.42643062042135843,-0.329046800420268,-0.0423174881366835,0.8717000413841386,-0.13634479071941533,0.08607203250664618,0.09964832383034926,-0.18622879420547755,0.07437198398513048,0.0
1.5067138628550254,1.7695987478509936,3.017038845886772,2.99192938917121,2.1740418517314857,-0.6012649852798645,0.3831444467557941,-0.36495796416989196,0.00299434741052943,0.8904754066626863,-0.2530980908195063,0.09936869105332637,0.04485528243588839,-0.15826461309919698,0.02287546975542821,0.0
1.6462159695551002,1.7494323666239195,2.9448762160049853,2.8958562446225447,2.1752858211607,-0.5821527952087964,0.3113393387687735,-0.3999521085423296,-0.02699847982575445,0.9497220476649171,-0.03430981703023711,0.13344669041773463,-0.03458144969092777,-0.0614332800995705,-0.07112675786379734,0.0
1.669989438353106,1.7676258845868351,2.9049115525876426,2.8968292041031245,2.1445204401123825,-0.572260647374855,0.3842620484020587,-0.4356888497728463,0.014990087093596755,0.8709976626452383,0.043853704453678366,0.09802093981836318,-0.07391525439357616,-0.08132797427203739,-0.2268392074341778,0.0
1.647038350303212,1.7827389758263603,3.0525119381848422,2.888788750371287,2.2715684940444256,-0.5760826082653685,0.3770828509136129,-0.31563899302617904,0.07565614401670016,0.8663785635243596,-0.04578691477683833,0.021004138228884577,-0.048811208510508186,-0.009314883725924941,-0.1330404230827678,0.0
1.650259827977366,1.7222321203168638,2.9309996528493327,2.9793839025927245,2.1602752855625424,-0.6779758403834004,0.35638557131575005,-0.4334597406759924,-0.09221626263760116,0.8334337045324121,-0.16786219809837216,0.14972510008614628,-0.0363241792958949,0.10878622617149758,0.0007714199729649679,0.0
1.6679269179845964,1.8244360388865024,2.9998503682634223,2.925650089637927,2.150567489339839,-0.6424208092494973,0.2872413750686955,-0.4762341750499361,-0.026881972763289907,0.9097574771794893,-0.1070799564216603,0.10723378091085081,0.029717831471097172,0.16209725027299857,0.004032419452821825,0.0
1.57305856500283,1.7096024990205638,2.9997906625699544,3.028816446710786,2.1678252278637133,-0.7177332660581173,0.3251998112248234,-0.4348803644810275,0.011930039003665162,0.9172172086191459,-0.096254009729886,0.07426434538419897,0.08443946212415285,0.11196144006327385,0.12111741799219948,0.0
1.6746924733525415,1.7942446116957196,3.0082921740451876,2.9944707474701473,2.160050325023509,-0.6634068743307996,0.2523627421087664,-0.4103212522500823,-0.0045351542924783605,0.8529842310656001,-0.0037276532804966095,0.009705293130808888,0.163576294122333,0.04777720192774672,0.05099942808977492,0.0
1.609853427892837,1.7967080521996173,2.995886679998071,2.9888462361025363,2.2235115452413283,-0.6432867938859373,0.3068845904690304,-0.5463422201174508,-0.04906664312573025,0.8772849826128248,0.11771077011434923,0.21455129119807462,0.2649446563354872,0.07027123180519139,-0.0011462400288584987,0.0
1.7257594190297558,1.8031088261287436,3.014348883917131,3.019431036472839,2.1537481069055495,-0.7772209240002248,0.21666710359171132,-0.4950239199369864,-0.04656611268667,0.9768786830809402,0.027100042499815208,0.018546201128668713,0.29892985823972806,0.2203762998798438,-0.20883161946489084,0.0
1.6255082091895938,1.7485946761835505,3.059374449287555,2.988948470778047,2.137769758197546,-0.6838822504779135,0.24869294368165118,-0.5909720130251201,-0.04633823584200737,0.9326975730690985,0.1372555111802871,0.055415191973364926,0.19419374689527005,0.2928644352101665,-0.07253208379866102,0.0
1.6273791493220346,1.747779822689905,3.1651644214083103,3.0383989926609485,2.245577763903409,-0.7471444951198334,0.19992098668270292,-0.5741534709586182,-0.15036678410800866,0.9222715447129911,0.17056313811546503,-0.13207709102265125,0.21964802724928817,0.07978838553146228,0.013988372262016928,0.0
1.6071393229834203,1.7814279282119225,2.964653830138557,3.1068574774232265,2.2461347812117625,-0.7629211693321852,0.2901208631630586,-0.5946657569306615,-0.10075774632260544,0.9374513418411938,0.11280853458979749,0.047728974245554986,0.01019963285089448,-0.06599397796139937,0.08995822486690065,0.0
1.709175328248427,1.759401117102021,2.9985338414315064,3.0100991203049,2.198261408280552,-0.7496928724176904,0.3352717572575188,-0.5823708552979252,-0.014837586525417931,0.996749089472359,0.19238294773306872,0.04171821164991439,-0.1492115195919548,-0.0782910013428712,-0.06335816232957577,0.0
1.633069938676018,1.8348940188824785,2.9666830466908523,3.0705006427604142,2.243710227227172,-0.7260119757211049,0.21398455891307674,-0.6194689154083262,-0.0587577965222392,0.9375247670077991,0.04954511017782977,0.11831852936382929,-0.036279968901668916,0.0028068130176661377,-0.07975920380328322,0.0
1.6434054860545413,1.8330829935938913,2.995838022565242,2.98330054530413,2.294856100280661,-0.8258976000066379,0.24983271712025223,-0.5935705775625442,-0.17306469614058984,1.0216949138105258,-0.19426765770283633,0.05602305277176707,0.07564048491018775,-0.16368822356974558,-0.15861041207011795,0.0
1.686152210042987,1.8483969608495723,2.972562902869479,3.034286360970624,2.3072666654245837,-0.7568488944218356,0.2226290299610713,-0.6469598622621066,-0.1016649328060106,0.9160803084001146,0.05438630731908964,0.08691237810039854,0.0041656020817449416,-0.2241544741406057,-0.10049437921508578,0.0
1.5759119535846036,1.8964196507669793,3.036003570239391,3.047276890921271,2.1354103880113726,-0.8266870064497719,0.25877986678686327,-0.6530169723723989,-0.09649022818201465,1.0389425696718015,0.19566315844037735,0.08751182444461536,-0.08549248456449271,-0.08399322692231592,-0.015901502687642302,0.0
1.6864922052738338,1.740321705782082,3.099643171323959,3.0911090884214634,2.1763187737177065,-0.7483293529843008,0.22717829095135306,-0.6044472860071465,-0.23381576338104487,0.9854253087459698,0.24953521605710285,0.09801826815700726,-0.05491902011314511,-0.15331394163273776,0.14926632552860877,0.0
1.69924752672482,1.7690662795542968,3.0553816891137187,2.968260439648971,2.2193533819876587,-0.8329652023945056,0.2740714635788485,-0.6281007823019695,-0.16200039824026527,0.9384524060601577,0.37959953548112957,0.07169626223204564,-0.009199945322079253,-0.02146789886043557,0.12977546613802587,0.0
1.6278219817877113,1.839998838140583,3.100608336783745,3.0020681784054797,2.2511356791196966,-0.864427730509856,0.12567792008916473,-0.7101000786973124,-0.08280496711473809,0.930002024100749,0.3274230380723697,0.08472732652122793,-0.0007187682151929544,0.17236695741886718,0.10643628936348384,0.0
1.675990871247135,1.8273885111437114,3.0123256046037343,3.175333830477128,2.230077946900053,-0.7346958910027377,0.1788031027544468,-0.6620671849294181,-0.17372019236863045,0.9550912023707434,0.21782889649265713,0.016427468186590473,0.032905107637682465,0.2317871402992517,0.06446193509819233,0.0
1.725066278995751,1.806954138334712,3.0014946173114003,3.038173609929651,2.248500050026598,-0.8377919556693858,0.15721251238814457,-0.715396882283753,-0.21607195416013714,1.0333499273055542,0.16344476860429338,0.0047785656837619536,0.05881776625852002,-0.020483511522295134,0.09581662549971925,0.0
1.6826875651137185,1.7804805063191262,3.035566967846676,3.0758629594644766,2.283182151615313,-0.8559238312401926,0.10248402286455364,-0.7421065605286243,-0.2383673018877106,1.0378676490782075,0.19301013027913458,0.010947046511910351,0.27927814928551603,-0.010861732349430912,0.07418134511500482,0.0
1.6980992596730344,1.7446432942839134,3.0782259170197963,3.0439520976324412,2.2755353988936298,-0.8603585559572586,0.2883343972263588,-0.6846141074701088,-0.13052377196261244,1.0170451058052583,0.31805698586833575,-0.08315143625684401,0.24556662449265412,0.061566842432145115,0.12468162906322322,0.0
1.6838405510420382,1.7987255855166877,3.1146904208885107,2.9065061918686315,2.262273339571628,-0.8912227817623659,0.04147354050122695,-0.6604680638339463,-0.21241247004075214,1.005128100619872,0.22165987816631363,-0.03845386546497179,0.19417060340991452,0.06907493836955987,0.010056300547892888,0.0
1.685173267675156,1.7938198387869388,3.1323590860351938,3.0845044032631073,2.29181536235304,-0.9659148417929757,0.08046312251967186,-0.6756248639018714,-0.19739853510443492,1.0335847404363125,0.12625159119056661,0.02149231128022262,0.24122474158410928,-0.03764794790761566,-0.10873319901157937,0.0
1.7417858612094028,1.8751532962759636,3.0151740186413702,3.044920590060573,2.259937149066003,-0.8794728403070441,0.16523079493285736,-0.6621773231972226,-0.3204244566012962,0.9786823315439427,-0.012907127785412004,-0.05921530720850034,0.30323180707410596,-0.004223718922326262,-0.27052604503484756,0.0
1.7119519481003345,1.8104273201217198,3.1344384160716663,3.0737980130980183,2.225836101752151,-0.9081703471300109,0.06337325902152602,-0.7819183819600494,-0.21050589472974804,0.9719319323361416,-0.1204649618030768,-0.13436230930497894,0.14463113706698547,0.12677617492287263,-0.3085250445990757,0.0
1.6157887325646725,1.7809602626267107,3.06158960232224,2.966828800845248,2.238061795399061,-0.8808290714044699,0.1372226571124652,-0.7671906831266891,-0.2387639157678929,1.0106222985394646,-0.13835470020906895,0.017198049806358362,0.105284636573677,0.09534164151016791,-0.07953920920277385,0.0
1.6814220393049328,1.7735748535348899,3.121979146266067,3.057163571088522,2.2888273586314556,-0.9842058170859008,0.10385894377190959,-0.7515185143833163,-0.2693288119686613,0.9932319148204235,-0.14644124995306185,0.12017002868082616,-0.03151111202987318,0.017247786192110003,-0.13231638799981205,0.0
1.748912056171445,1.779935388321891,3.0589591854083147,3.069930701579249,2.271949458670983,-0.891560487274978,0.03990533779211341,-0.7378933887379916,-0.229820725707456,0.9151875042513357,-0.10158301588147856,0.06015795831785608,0.10454514526272461,-0.1748062264094649,-0.07813031017312166,0.0
1.7525834431421943,1.7920812306291278,3.1268673031277885,2.984132456478638,2.3026115323259577,-0.923070665485977,0.01333680382692963,-0.7796361660406629,-0.31636574715780247,0.9367793518273737,0.07775713551011004,-0.11615745500187016,0.08705283045985007,-0.23484565076778638,-0.16961318427692634,0.0
1.664119519830944,1.8717141442064742,3.187492269635246,3.0892242068239373,2.276518099804666,-0.8930932553047808,0.06962245493440593,-0.8312940232261057,-0.3298477989021444,0.9871895043430076,0.15046478462494423,-0.2174850121914842,0.006165308440216413,-0.28511611128280534,-0.23715683772253748,0.0
1.7436823341992138,1.768144388190527,3.0689481696503167,3.108394553828539,2.279965655379881,-0.957002752294648,0.0397089163165447,-0.9470620091810877,-0.28803102714905454,0.9984849083828695,0.007097083345397409,0.004737516476092357,0.06676442238868174,-0.36100287173988727,-0.16595288432076388,0.0
1.670152166901727,1.8146654124195847,3.1069611871361738,3.0729710031020674,2.331490574684686,-1.0052145951455693,-0.09257031619729025,-0.8439634086504266,-0.35612848511685136,1.0134739229590577,0.18374709657041985,-0.04192393298717179,0.0975730416430883,-0.22599297948855226,-0.17674236229898604,0.0
1.6523486513440018,1.7578358376428869,3.1025921330338444,3.1512042560621105,2.3949473004954838,-0.9972732889752728,0.04116012166804679,-0.8513721173820312,-0.3727533567658314,0.963620030811989,0.23716977772994652,0.049502013665962366,-0.027795146107466293,-0.42994874077715084,-0.18901620776614664,0.0
1.6133709422394356,1.8685090887996951,3.091941295333653,3.064981981994983,2.2686758438258425,-0.9234660934753764,-0.002493348554324957,-0.8957757059954232,-0.3799067512948396,1.0269937480061095,0.12433240461133417,0.14479680497752642,0.12160289816014026,-0.40043116136724166,-0.3476955349409393,0.0
1.7674757723942942,1.8717554930457543,3.2278667081088233,3.0379991972097224,2.3095992190827217,-0.9932120657769058,-0.018364245665696895,-0.8499220712514329,-0.2997607894315447,1.009464415882435,0.12644704150513858,0.0017018354466125513,0.054955628525588836,-0.33873926269349347,-0.14755815158302643,0.0
1.699150957258343,1.6754900737475256,3.1010594026097915,3.1042256435109885,2.363950088161531,-0.9253995390130135,0.03476409021385822,-0.8868145552770067,-0.4425019111997458,0.9128715915066791,0.22244494247264002,0.09771364766803267,-0.10103436727009979,-0.134902623095634,-0.14919371153469957,0.0
1.7842472533977423,1.7835724013201566,3.106266547367115,3.027711187723713,2.25207178598695,-1.0042941914422647,-0.008699281404668966,-0.8759410086785908,-0.30674273324409507,0.9332091117497094,0.02752570391693998,0.025921649853365147,0.004062259782729852,-0.08097462843379628,-0.09500839897627167,0.0
1.730387774595117,1.799990402235866,3.0965168547722883,3.1071719667277335,2.285377940041572,-0.8996138749092989,0.014323277571991958,-0.9527690417906824,-0.4613548197316161,0.9640173927700566,-0.08136150124919098,0.0006209215735301036,0.09346209949284623,-0.1992154899349246,-0.09412610467480084,0.0
1.660307407275251,1.8827475034148629,3.0834957077602594,3.009319988089828,2.297175705749619,-0.9962978486219797,-0.1060135661669772,-0.9024470910641081,-0.3864569843354939,0.9148852675256585,-0.17202860978476636,0.05245908943473032,0.054000655313015,-0.12101705918333869,-0.06279916428302569,0.0
1.7135816714218175,1.7828610911319815,3.0464380143708554,3.0289591407945653,2.3591788683508557,-0.9293853939949958,0.0056832542654983685,-0.9123399296226524,-0.43438392103593493,0.946995071964328,-0.05420769888205525,0.2994595489667539,0.0085815370137085,-0.15744733823773682,-0.2766668431783238,0.0
1.765452249985648,1.833756506447222,3.059044876154147,3.074685010568176,2.371227734611449,-1.0080135393901353,-0.01870734947721015,-0.91801884877206,-0.4850497335345357,0.83785253266048,-0.08935627696500423,0.1655996829953139,0.20153310185621154,-0.22043959338443062,-0.041245312115167077,0.0
1.7275539520210728,1.9240413280694184,3.1382536765393674,3.088828835955432,2.3528161613966434,-1.014044330201625,-0.08102447315758939,-0.9100258212264674,-0.346867806291386,1.006103232380743,-0.07161081329398032,0.29467005256156814,0.014210115735178386,-0.16065413576861454,-0.09525278212815333,0.0
1.745735238859139,1.8315688650760038,3.082054690878443,3.1219877471532715,2.3875975959704085,-1.005100112528845,0.003520739463100643,-0.9578248994274398,-0.41161565683060736,0.9050550232544025,-0.018659059179428165,0.2207754337636372,-0.051998491601416376,-0.08735967787069478,-0.15125851788344222,0.0
1.7130179963840355,1.7956393207915455,3.2318021595059556,2.984477429379054,2.3221143097889367,-1.0664123882644887,-0.11559345684039704,-0.9492135935498693,-0.3900511533590556,1.0641628975791033,-0.0027614988117335842,0.22827880458502797,-0.10888395242365867,-0.08845578062089379,-0.30997492875542065,0.0
1.7384727454277826,1.8882505755959365,3.182300614688183,3.1848949654958263,2.35740633629465,-0.9886478707689133,-0.14383401689459946,-0.9671769931533944,-0.34912022923681385,0.9490195895193397,0.2617266455161342,0.06107114629629298,-0.25256228717582324,-0.08339138857074166,-0.3488933138493231,0.0
1.803507720011944,1.8076846528503672,3.1279034757200344,3.168236439219556,2.2863420886674284,-0.9912742554283946,-0.057179541880576494,-0.9263610055374907,-0.44042319818814685,0.902546014132057,0.2296949360872779,0.06583795160858184,-0.06317109349081913,-0.19125197235911268,-0.3264172734949749,0.0
1.7967000717848152,1.7646292060256807,3.195213079928635,3.197789601135735,2.4101829675387587,-1.0937589571748045,-0.15280065817127694,-1.0237368077369804,-0.3539144748208584,0.8448442354124722,0.14699827344093574,-0.0263422270925186,-0.0077470665962144775,-0.17343313949294747,-0.11565217887837403,0.0
1.8129704560944138,1.9311389507380516,3.1888452048621145,3.064365568898142,2.420177440668919,-1.0851492598077215,-0.08696579234312561,-0.9428774678288748,-0.4565178468117399,0.9113395129444471,-0.03616878622766745,-0.17976413207807657,0.06828826436648773,0.0011823702439828776,-0.0583181890136306,0.0
1.7753738087504964,1.8262671573457678,3.231403659393557,3.1818460251320855,2.378914663160252,-0.9597359727408993,-0.1153155315697559,-1.025190600657543,-0.47812671690608644,0.8528010327957469,-0.13428556513405734,-0.1917436733786827,-0.14187466760800121,0.012401938102601874,-0.12203618536950514,0.0
1.8463785480762707,1.7383243193316236,3.17586742442854,3.1182371448383557,2.3618347522349916,-0.9421884621109261,-0.1715444195895495,-0.9960847035096934,-0.4369267777726338,0.9018483008117322,-0.0278316603380154,0.0011220149950171149,-0.2425274573515105,0.11264294883788485,-0.01673816403381892,0.0
1.7122162862476555,1.8997583940632392,3.2113220218719216,3.1486778364020562,2.391395629633171,-1.106360967853612,-0.139647860398632,-0.8992599973859938,-0.448935480553143,0.930287505674396,0.023896938341496417,-0.04422074486744785,-0.31789996538626775,0.12119390386245796,-0.016207367507911272,0.0
1.7604838704201882,1.8797569157919063,3.1851255759193724,3.0810049213080517,2.322603233717966,-0.9697338070115692,-0.10098796066959252,-1.0290856076143358,-0.5746853423141682,0.8885384802436909,0.04296751213653444,-0.1543862956610428,-0.22746888727312936,0.1041984269095949,0.1087327468549711,0.0
1.7630262877632208,1.8790834468283424,3.170357440319585,3.1838231775726618,2.459364792910019,-0.9648395828288987,-0.21410904369006062,-1.0886457686706599,-0.5039463219742051,0.7410097044871101,-0.053460598224454065,0.03218135952362293,-0.26938345116565166,0.08100401729782328,0.07114476946233439,0.0
1.8265323481107674,1.8449723932107103,3.2717991403461704,3.0996013784417924,2.4034227683311644,-1.0144737220361368,-0.19372649753198348,-0.9626951447503524,-0.5425914424737531,0.8735299122441375,-0.0521414423362772,-0.08627849430409922,-0.26485956188634163,0.0035214971147276702,0.19671563391433408,0.0
1.791909289700929,1.8164391313365447,3.15033133780063,3.308204582673124,2.4712589807453744,-0.954235394446006,-0.16436629901914518,-0.9968438501535312,-0.5324662567097811,0.8771617596621842,0.10132743919456352,0.1284653757924871,-0.1254863694880493,-0.08690254161863369,0.2704300590060111,0.0
1.75909534677307,1.7911391430789754,3.178070234478477,3.191072673253432,2.3545429174978514,-1.0329604902776952,-0.18725645611937006,-0.9860682997282726,-0.5868010821915477,0.8533560795869776,0.11445539677932454,0.12222677258998725,-0.02949954418700993,-0.016013946132704987,0.3338869586984712,0.0
1.7599603024719501,1.944009253082854,3.1847865236814896,3.1239377332581735,2.336233100555444,-0.9743368191346758,-0.16042572000983096,-0.984952635861966,-0.6321185563089002,0.834209580529488,0.04962510193320875,0.13117983384362836,-0.04488241513004078,0.04653781688202342,0.0918998598545441,0.0
1.737909445763102,1.842804566961406,3.2184963754930584,3.0973159344818035,2.3611324378896223,-0.9431746626859471,-0.23436415339866326,-1.0053991412699994,-0.5372303096285117,0.7874082034840741,0.23043214255760636,-0.05819483638068847,-0.01326570400970787,-0.027247216929567046,-0.07827311332679138,0.0
1.810054422034575,1.7762013873741702,3.1751160503045086,3.1400870229062616,2.329623289009952,-1.0318692344646971,-0.21718763737772695,-0.9013824850183598,-0.602678969135659,0.7070006631980918,0.305014187384384,-0.06785091615153976,0.03724904460873658,-0.1574909668633028,-0.057043547397751464,0.0
1.7597889779879896,1.8924053541907504,3.2280925285127102,3.221543902893182,2.3039327419407587,-0.9704153178482443,-0.24897791188391535,-1.0507942062904903,-0.569299744198135,0.7376391510639112,0.19071676079924596,-0.06134399807824642,0.08515008490187978,-0.19624234624744938,0.10003355675422831,0.0
