Channel_0,Channel_1,Channel_2,Channel_3,Channel_4,Channel_5,Channel_6,Channel_7,Channel_8,Channel_9,Channel_10,Channel_11,Channel_12,Channel_13,Channel_14,Label
0.023631823957297186,0.12735745575949015,0.0021454206970626527,-0.0003100238736765916,-0.030086430473940374,0.9301084806348737,-0.03610606981589162,-0.12656887757945004,-1.0179150167109752,0.31020174531282907,0.0,0.0,0.0,0.0,0.0,0.0
0.011244279006712925,-0.036055134055109905,-0.015444352057872843,0.03625381201574235,0.03204345844302194,0.9289851750862186,-0.11142518370628177,-0.14443555514095305,-1.0036476735005073,0.2571243578271695,-0.0549112091865392,-0.028336108019012887,-0.09491076914792324,-0.02948599193296262,-0.05092788866393236,0.0
0.07350091351433262,-0.017595900541650288,0.014946613398788352,0.07156895363997673,-0.06124222745971814,0.8383109929082789,-0.11585157257818378,-0.13242814991446747,-1.0341932770644107,0.28042234867507204,-0.09149332068792193,-0.16342953478804473,-0.17185340912232666,-0.034782454037858186,0.12084102087900071,0.0
-0.1043420411505265,0.04326209850158466,-0.08362727462164478,-0.025775566160171223,0.05572441316918196,0.8894287012238772,-0.05268809982450635,-0.22038834960210946,-0.9996736388957982,0.241519837175886,0.058994849450949266,0.02816741420980262,-0.04293191769785784,-0.19817584975242236,0.15785432615327558,0.0
0.01609392631318041,-0.015049385669998016,0.026993825115326064,-0.04164175937348311,0.05405974317749991,1.0967154565307196,0.027130821152529253,-0.04919752588551388,-0.9666819552152881,0.17945355607879163,-0.06906791053381169,-0.04165598263289461,-0.09153095867817862,-0.32328672594266517,0.07305498614995842,0.0
-0.03317691414112449,0.0006132399123439929,0.09934608488038235,-0.10142716832739959,-0.0340635005664017,0.802307633048759,-0.029664821783470102,-0.10763963263988618,-1.0414642680733361,0.21848542672504714,-0.1721007970986662,0.0900647045984084,-0.09325763960102142,-0.256661004166527,0.15594860039296832,0.0
0.02945928400571635,-0.001464546610776336,-0.07050246734303217,-0.00969908049174847,-0.07627281925138218,0.9913644672810948,-0.07202596443381326,-0.09428628476955445,-0.9068662289754688,0.20378832654171541,-0.11954848372071358,0.0878216819961448,-0.08574147597861853,-0.056823497747936075,0.06561503148332462,0.0
0.040670294641047225,0.006504351608922935,0.00010386854829668585,-0.10525415036952443,-0.013822734524617629,0.973352086032018,-0.027597367450720795,-0.005345206771061071,-1.003543812248302,0.1325222914772826,0.007125633465665415,0.09683440144701175,-0.06714068851236309,-0.012099264393724121,0.13620648179162564,0.0
0.040956958479758124,0.02979521738985206,0.05790464504365474,-0.05280056624831275,0.06684544297206245,0.9686843922462148,0.047092095176039406,-0.020234284031276993,-1.0237865572631573,0.1790052679303419,-0.03783577939596066,-0.02682568284796448,0.03671198055319861,-0.09556602952627367,0.21446909849818627,0.0
0.0063666631836207695,0.06200779386284169,-0.045898822935187954,0.03879025217364344,-0.011783554080552323,1.0421180708372138,0.09136501503224345,0.04081334070447867,-0.9887423130482953,0.12390467114743249,0.020714694357868768,-0.24724495603758453,0.06681485336442841,-0.12237120403682204,0.018464698393642787,0.0
0.014161806030571324,-0.0354930121142055,0.023784220129368865,0.04129127311302966,-0.10457432556976862,0.9901079274591297,0.0028400114036299384,-0.003094600246118495,-0.9876928716375897,0.08647310693204822,-0.18154082622085913,-0.22844809528515658,0.11903095055070886,-0.17169930432209632,0.07163435857631756,0.0
-0.07071983942263317,-0.010860621443271382,0.153034114847482,-0.13299827374272533,0.007933628569994881,1.0350883492643963,-0.04226550717898632,0.07867596887806821,-0.9011621841275863,0.11581882033281596,0.07193290783984035,-0.344218301479276,0.24321764487421876,-0.2532068563853333,0.11380163214904482,0.0
-0.08294934765442324,0.04553518312699941,0.046921212592220686,-0.03313171714481062,-0.038366901381185335,1.08229106676869,0.13650601263656445,0.03675944753036312,-1.0555626561197884,0.06784626895933418,-0.04572863973584204,-0.38242878978789874,0.2854532668216389,-0.23720367474546952,0.09125193067475211,0.0
0.017657364978666837,0.16436997366215073,-0.007283110418982136,0.0022025819608303705,-0.012584647258184452,1.0051532324050914,0.11577242287248532,0.044166309346643125,-0.9655740353704166,0.10049223210482296,-0.23473755709855887,-0.34705603115579886,0.16238413815406602,-0.222308525788292,-0.05720290392320154,0.0
0.014783536583563203,0.03507496381056593,-0.0347774916722913,0.042190600201727324,0.06498979633155141,0.9045594918698163,0.18108244214038005,0.165103129146206,-0.9257530660872761,-0.059659878834828345,-0.19517114108358335,-0.208509893032073,0.1443511821662855,-0.2385560912356513,0.1167214804226257,0.0
0.03480028447252594,-0.018235386185750525,-0.045225260780932926,0.05082707999749875,-0.015010951827983288,1.0671876991170783,0.03137609543760314,0.038359356064503004,-0.9859502735484036,0.0422292482698258,-0.18929507478614913,-0.25871105558322544,0.24844821900211675,-0.32588052306118104,0.2441428029139251,0.0
0.009366807812488926,-0.06328659762253429,-0.007628653547100733,-0.07209343563065197,-0.02080922387638886,0.9928457036159011,0.123835541851608,0.06565956595860675,-0.9929386336197557,0.04892570238942316,-0.0887128377014797,-0.2740020387913922,0.21256872900681112,-0.20388918320693006,0.37588131832473937,0.0
-0.050052498525696716,-0.026062777282969067,-0.05997223192101582,-0.006056550846119423,0.06373830143749645,0.9983473151787197,0.1358073307555766,0.1282373786750279,-1.0322535982434982,0.05272643877636867,0.04518211578243224,-0.2547501862719092,0.2364233620947103,-0.28328980830496886,0.3151153189248975,0.0
-0.050573936564454886,0.003898535042855567,-0.040693167366910823,0.033217149261126955,-0.03648280212060083,1.034185250038602,0.23403453901802151,0.14559503520671804,-1.0272609335528702,-0.1371683190847789,0.13392777925578458,-0.10328755220303111,0.035446396364623364,-0.31411084056746025,0.3340504518056593,0.0
-0.058411864343957495,0.09770098281347106,-0.0483729876437602,-0.029702894439496773,0.028558983313003876,1.0099890064551773,0.24294739954779965,0.22278329388773785,-1.001323606950796,-0.0787247119010884,-0.0010154863578746148,-0.13567478796239468,0.13822017102038212,-0.16630373368971935,0.13336424314315673,0.0
-0.015841554380742837,-0.0031243626776413696,-0.03595779838634925,0.017560617611112554,0.04190822105929906,0.8994073630829464,0.27995965375617365,0.25100164226321653,-0.9885614710695322,-0.0805540867585843,-0.05626118967128302,-0.18173893615567294,0.06003996929847728,-0.2682485654000255,0.20193786806372688,0.0
0.015276640412325957,0.014245269452661777,-0.01790659019376433,0.01713964379626671,-0.019575666354390692,0.977080888054102,0.1862916996933703,0.2695929533604339,-1.0074377545335662,-0.03262942160269716,-0.048286493846273225,-0.09062047874378724,0.07405473776821175,-0.19350423810663125,0.30142756147159866,0.0
0.0032154202971539465,0.02491668867371931,0.03441578199989262,-0.021434205859867803,0.03895755466977209,0.9820140506306433,0.23214892519433641,0.17332081174225886,-1.0875016779790165,-0.09994429185945243,-0.14307538561301988,0.010144543393083849,0.18687020392556827,-0.051200645957772156,0.2982127054877072,0.0
-0.05126983284690986,-0.009439910822587775,0.06207573753837245,-0.06541317122759288,-0.03728791539637512,1.0652615242437515,0.2616085104588083,0.1227595225996182,-1.013242669901504,-0.092647539935854,-0.03462131100979625,0.07060916515246812,0.17270000726162776,-0.04744536246569358,0.22045107306526113,0.0
0.008236106410329737,-0.0065502708772251055,0.001804457251049059,-0.0421473969995849,0.014644294503734178,0.9866024014734397,0.36711117765910617,0.2091528635450215,-0.9741505940513705,-0.1277191551117311,-0.13944392078693074,0.34779553118226936,0.03835189256593621,0.0020346047754430385,0.07734960680286028,0.0
0.007246225393557879,-0.07603776033425932,0.025590831055929894,-0.05142570374837802,-0.05260481320084452,0.9649622503409759,0.29318336575571685,0.21385210086325931,-0.9681962577767796,-0.13708264294891392,-0.03922526596338573,0.4185952890586133,0.17746266764542862,-0.10704992008901679,0.1843500389545627,0.0
-0.07790603760863304,0.026467219865528566,0.020543973760657818,0.029864028707925896,0.052345892766017824,1.0313731095164402,0.3177167253038638,0.2533867583496195,-0.9910183866908471,-0.1080443423653117,0.1380745194986486,0.10488824687213263,0.14317430386228147,-0.06445746087224002,0.10985916263230433,0.0
0.002130158355882571,-0.011083258215609746,-0.04138059660849339,0.0022218231394884147,0.09967497350650098,0.9690610798587038,0.33064065310776364,0.31552597220770495,-0.9160646771569608,-0.1334006659615586,-0.18696539951727192,0.11576737471333098,-0.04031219122238265,-0.18522435987881936,0.0610541833328716,0.0
0.028388477002256763,0.004263419215636761,-0.038154837526355095,-0.053454566322197736,0.021102059170096388,1.0355812571717096,0.30715300968382375,0.23693333263820404,-0.9145690368663408,-0.16205979949780192,-0.18136229227377063,0.031234420747345296,-0.11315414186148363,-0.23302767734446783,-0.07732978912647182,0.0
-0.015727431309310556,0.08095574303448631,-0.03308205676767637,0.015925583675749196,-0.03291836932453324,0.9845430839538826,0.345361668410923,0.368475134742008,-0.914995513205673,-0.17924850800100964,-0.1570483719175865,0.017373065037836574,-0.12981144847528084,-0.3190010725769531,-0.059520917252586306,0.0
-0.05490389553779203,-0.0565793130616849,-0.03881807163253484,0.09538503813577859,-0.005451783375658319,1.059878754659629,0.3537866489828478,0.35209079370378477,-0.9332675427124946,-0.15725149171622055,-0.10687672285243564,0.007330604627141283,-0.0977477709645631,-0.2426162681789822,0.014921854389601467,0.0
-0.0808671750804832,0.05042012091833806,0.047554175862996526,0.03196166440139833,-0.03700312037397199,1.0441109974304636,0.3592383068609397,0.33610822204233404,-0.8156063948243457,-0.17634142070754125,-0.023958228596186897,-0.03252807444259598,-0.031079566733656836,-0.2235345064070256,0.006428041961756477,0.0
0.06380540308620812,0.0025416067404432415,0.08121504322894227,0.014017769596604711,0.03293142959920297,0.9598463942280058,0.3970384431942926,0.409187431997435,-1.0501734194461796,-0.157073098505968,0.08479830028577812,-0.08715796275614313,-0.09901699136614643,-0.21447453142884312,0.16756484242028044,0.0
-0.017523204345020364,-0.07760270178892877,-0.11555804969717083,-0.043513330450866104,-0.04395577473589356,1.0582300274678456,0.359544839065203,0.3602041925991599,-0.9854777235476955,-0.2870436634608398,-0.02283257585894316,-0.1740744975596646,-0.17317141829389313,-0.44107035416197204,0.24130926680983267,0.0
-0.02318815303031238,-0.021324591355647515,0.054317803600147825,0.012005719680905916,0.048960378686809906,1.0289737851690617,0.2861062834973528,0.24975416711027634,-1.022660452570882,-0.22742246452210685,0.05725581707199892,-0.16630870242083795,-0.05843631316445026,-0.42726622594142794,0.05762860351637503,0.0
0.035898292475056416,0.010294590393485783,0.06430978044242926,-0.034362230793681364,-0.02595406678955111,1.0434229427691724,0.369633585023384,0.3217603186934995,-0.9255635792134987,-0.31878896320116745,0.011768051639943149,-0.15696453174111255,-0.08195074410381434,-0.4883874591132803,0.04463682097032469,0.0
-0.028167031243999885,-0.048962525685293294,-0.0068402017703317435,0.009883265714825815,-0.010959071035385022,0.9523147927197728,0.42127862879293276,0.3479053843440514,-0.9512136293070339,-0.24020572751277414,-0.07545573533585516,0.040153095777839126,0.012321213378826502,-0.40382901099346014,0.11900407972890094,0.0
0.06378481561255771,-0.0023742523997825737,0.04720454924223246,0.026692988887494627,-0.0503912520309425,0.9638013181169598,0.4733689451069195,0.40773685281518496,-0.9244438087750284,-0.31442133465542826,0.1720019685882288,0.07945300207753878,-0.0884477477925728,-0.5667129509034569,0.04552277244375922,0.0
-0.046417568060289745,-0.03978214973110719,-0.03829799621144169,-0.0685302475699473,0.021396668377659585,0.9651237108339372,0.5509290770606172,0.4322033805589137,-0.9431071339414906,-0.28726214223018,0.18081095854972803,0.14210643002177614,0.009728264827627953,-0.38531813258965236,-0.06083594047589041,0.0
-0.02154140732008722,-0.030987194141436747,-0.15591555796942114,-0.028378973264423405,-0.10819722987400987,0.9787960102371077,0.46537430457217394,0.5236856749375856,-0.9441184189039677,-0.2799386362483595,0.029629426788938026,0.13296001856439202,0.01728554534899093,-0.3629657564979081,-0.06736587590857003,0.0
0.02764518107756203,0.02864807970897799,0.024404501081157173,-0.06646730150557507,0.10866063608678893,1.024263160834803,0.505938997707153,0.43228737910652393,-0.9146204572199492,-0.42086287615908163,0.08005288212454022,0.16601803997195347,0.025970020559585423,-0.2806499995568868,0.01423235972233479,0.0
0.045980500576771687,-0.028444486566462174,-0.005597230867206676,0.006811752609015936,0.06626629423862779,0.9378502742168205,0.4948387994955231,0.45069618617713997,-0.9017000200009727,-0.40081345450992806,0.0026937725359103756,0.18054250162592478,0.10503027054643387,-0.31266845727480397,0.25099504278603835,0.0
-0.03172459989279959,-0.05740112579525423,0.08449167156123186,-0.034278422806244234,0.11114305801884863,0.9996285415001025,0.5539191970174849,0.3774327806316533,-0.8850040641288796,-0.3418076963388891,0.026988796062288385,0.05286773289286248,-0.00833101588980463,-0.2605782372888733,0.19587444077212612,0.0
0.06977012407327013,-0.059987537450281556,0.04420206303988608,0.05443514878007929,0.028685547353471213,1.0982314167080003,0.5771864144203489,0.42013008694084386,-0.8578265525879523,-0.4089488894243589,0.03940538767037595,-0.14980028541752988,0.03785942680356254,-0.40227139195939515,0.19214319324772125,0.0
-0.07198168989703102,0.052159287503200286,-0.029404777699816705,-0.04058880982686278,-0.08838863436292556,1.0490119285261201,0.5067854040626592,0.5435498262310027,-0.9504639328108877,-0.5131822901670883,-0.006673929556304289,-0.15993735399428594,-0.04159492099672667,-0.3015035769936338,0.3323667608315509,0.0
0.039602632194202465,0.08686295495728678,-0.021464839263997698,0.09935337286455431,0.05558349530255244,0.893743870058084,0.5039269662854733,0.525008697943573,-0.8683576025765546,-0.3923471481366289,-0.023885191000063064,-0.18845421187247932,-0.15831343551915933,-0.2129259337764275,0.18936090755302745,0.0
-0.05654146133277884,-0.021607966068133498,-0.035001167172511435,0.03243030409875058,0.030625471929781753,0.9160541937935806,0.6360805807846868,0.5222379008961368,-0.9217378465704399,-0.534164263751554,-0.14710685775493754,-0.1855323643676583,-0.15909012049959737,-0.15052898444412635,0.1288223090772941,0.0
-0.025222727919852802,-0.04811780393002852,-0.0149262565533387,-0.042839577312679164,0.02478604931715056,0.99637358052034,0.49325436221741886,0.565722385516251,-0.9136716117009964,-0.44813574235717873,0.03470133710586583,0.09738936072307841,0.08560578281755368,-0.20065972522762007,-0.030570493331879237,0.0
0.03310357876160742,0.0067352828801364815,-0.007871619251921291,0.01479609950721656,0.030352951884112325,1.0452580091761046,0.599479892724968,0.6448935504341671,-0.8709039096152977,-0.43978027757905575,0.10580075503275158,-0.17168361260139114,0.08234559058775003,-0.07245781978700686,0.045681818566923806,0.0
0.04622889652828657,-0.04582690691331475,0.013892857087594395,-0.017055040941925472,0.03037958161294214,1.045014015236597,0.6412618499082818,0.567201984526828,-0.7602119816834617,-0.5746438446165485,0.10193733628292076,-0.19434717743549534,0.0018210012363627515,-0.19792057475616606,0.18678220844226412,0.0
0.12461193981987356,0.07876754896258878,0.014610813056697796,-0.03841616142093732,0.09728289102722218,0.9517826264991639,0.6646104456949704,0.5135010673732556,-0.8841795238493622,-0.3919431521004808,0.08900411439213023,-0.1878923535640754,-0.0894217716415091,-0.20645525615222265,0.019199126406000216,0.0
-0.06763166030030138,-0.05243952398033666,0.06196485771638087,-0.08963305494861779,0.0530783180258013,0.8968058066705684,0.5722563644388978,0.5826572153816252,-0.949510143922436,-0.5309874517689018,0.21800981688234813,-0.1440722389220824,0.10931091058295597,-0.1468465209050466,0.08156886609059386,0.0
-0.01441365223598661,0.040338344231234655,-0.05866783582386777,-0.011279288758423033,-0.03072612581086178,0.997823365625659,0.6248504769967693,0.5965854822242271,-0.932117921027879,-0.6393029425764324,0.13081595805451135,-0.15650893527860738,0.02731566802434964,-0.08328279466990338,-0.043274071899554664,0.0
-0.020754896333873757,-0.06842858718828809,0.01891551240351513,0.015861286040280607,0.010174925764453106,0.942951303014262,0.6146181229522142,0.6830824550498307,-0.8415086530049795,-0.5364810332827906,0.08978135716280651,-0.058355498648205745,-0.008767366507372046,-0.04683181053523401,0.08203915429530156,0.0
-0.07196755827121769,0.05963728393100173,-0.01698647184310023,0.053486920477205935,-0.03185590072615051,0.9764907417089396,0.7024088369508754,0.6620442179994704,-0.8289278730346676,-0.4151657360374319,-0.11437421278905467,-0.10510605561940287,-0.13659880756868348,-0.1105620421371781,0.15861772135954866,0.0
-0.031861434073350195,-0.10951846122114783,-0.07979564623820577,-0.04850691340140658,-0.059513665494867724,0.9700484808764346,0.6154270133429242,0.5966475199013874,-0.816056720483659,-0.5507004619876579,-0.19906618612078492,-0.22382760804467414,-0.0730886029209746,-0.11966332429530913,-0.11856987875920622,0.0
0.026406643236736197,0.009085737434460697,-0.023308303477273133,-0.0077739268278392264,0.07597489635388233,1.012025441110522,0.7063066574786413,0.6741981615258674,-0.8304228497857665,-0.6460082703194373,0.03170761371513603,-0.041972589173221955,0.1307688635186679,-0.1507613566781541,-0.014451077279186111,0.0
-0.011129151062843767,-0.03772112446783419,-0.05239572788413322,0.019899276729470054,0.004489352278241059,0.9383072053808544,0.7459256131697276,0.7175995535433048,-0.9910976713950657,-0.524996353867122,0.029234878986407035,-0.07512320216063777,-0.0970036522433591,-0.28532393667963385,-0.02768158335591122,0.0
-0.0478171651661073,0.0010764671795652075,0.013338460807966732,-0.03746832418950739,0.057002555603369184,1.014162366007919,0.6369995418058361,0.6755285330904653,-0.7726755556049871,-0.6865517203359445,0.24996422879130337,0.003361649455547018,0.07307652856425692,-0.22827547731021924,0.06085723286310117,0.0
-0.018888716862959332,-0.019906576513651634,-0.011537936233182207,0.012561450199237892,0.027440548735074104,1.0031390684291346,0.701432408661465,0.6485179894652291,-0.7969020712943192,-0.5431682810406901,0.2523255469139417,0.021006256529072863,-0.0481857068208071,-0.2370959315274006,0.1209017763114178,0.0
0.03380239502472779,-0.011649661947365764,-0.02897786120620658,0.01581007443234874,0.050685897275599426,1.0537485050542117,0.7339495976758477,0.6850323821396604,-0.7860316157678984,-0.6102015332647573,0.1720540715294997,0.08615354966512301,-0.09202863443752145,-0.16502980698927588,0.116570374414949,0.0
-0.017668197439846746,-0.1084035769869139,-0.008781875628981022,-0.03070487698299992,0.008028534461668494,0.892645800663181,0.6692450132445547,0.778784473235318,-0.7577755701961444,-0.6812260496654382,0.20188600214239533,-0.02390476691192432,-0.09028123741405386,-0.2569297375114866,0.2616551134419386,0.0
0.005320912481133798,-0.07699006321182125,0.05462061565541726,0.044960068453013036,0.02018741842008394,0.9330928936428319,0.7964132334080414,0.7144357025699093,-0.8210604015412952,-0.6472420386403278,0.1999152518302716,-0.0734497230263746,-0.20161932320112175,-0.08030219516371531,0.40138461280521276,0.0
0.051821217004122594,0.012501428398258116,-0.10318730336314547,0.024386801342707307,0.04492110793046065,0.993951631753341,0.7826311125840041,0.7635837917719892,-0.7768038201706285,-0.7046616813412064,0.39065936366297865,-0.015260123632442044,-0.11876645411096949,-0.16850812610812047,0.37107252043047584,0.0
-0.025865600817587996,0.03660761910094175,-0.008366315704990678,0.009591854957083742,0.030108156640093826,0.9763996653440012,0.8740192594117179,0.8273679934635778,-0.7973820378362262,-0.6604933826199201,0.26957701755184404,0.007723249562624919,-0.08001410939485697,0.054018637522100205,0.18446396042344793,0.0
0.01295520611932324,-0.04142484030380178,-0.06834937542141709,-0.03188353928686278,0.06139607068154078,0.8924243116581123,0.7957161453976332,0.724305344582543,-0.8759831043394192,-0.6200520562047206,0.3724312140830965,0.12496917077107642,-0.0904643702730406,0.015770610228885942,0.1354582571201008,0.0
-0.022197836357765406,-0.018661133621088982,-0.006706690096977195,0.00387048776573116,-0.05299191312874236,1.0068721904914886,0.7092628099900011,0.7897621615816182,-0.7505733798559671,-0.6621837896473451,0.23395960731651955,0.062252515415318246,-0.10208224266188767,0.04253588668121561,0.2383255586596073,0.0
0.037150304848132996,0.019505497060037826,-0.02447382664141399,0.01314689823753467,0.008111495943041043,0.8983084954166152,0.7575726527530009,0.736593865296696,-0.7422642019835886,-0.7242675252141352,0.09188633992448401,0.0834060471805114,-0.040520552171057,0.12104566611900919,0.28561264611413495,0.0
0.12104913275347802,-0.1031517458095062,0.028384258133913064,0.05666867717242484,-0.11171277059100468,0.8561163208737346,0.7419084303441423,0.6384816332074958,-0.7360322932601424,-0.6829604552282756,-0.0410455842475317,0.20670912376477563,-0.08427633163604785,-0.07786078467361422,0.34987792799682343,0.0
0.02468457641183172,0.0321900643367028,0.0756925859729693,0.03816242573140127,-0.011534404892379488,0.9862631511008588,0.8092663987217942,0.8160852584486202,-0.6800539070617462,-0.7104695405146595,0.16562009780406556,0.05726617893218365,0.008618679890888513,-0.1343391713814,0.2829212781281344,0.0
0.0255752602435117,-0.03591162236085434,-0.09636299038187474,0.07306031922363265,-0.028292980208589707,0.885613749551164,0.8022658497828016,0.7025321966927722,-0.8336135889141405,-0.8130094140069657,0.06542239248380433,0.034748965710973086,-0.023980572832941464,-0.2832921696024929,0.3013272715512647,0.0
-0.0168363954711469,0.0556870998134145,0.044294647203444344,0.02760838493458813,-9.041103191182419e-05,0.9640857917712998,0.8160785210077259,0.8369528186115336,-0.7314020209377465,-0.6855628581270639,0.07976371454897473,0.08584208994962744,0.12008915695956907,-0.11191112847636481,0.39157405093694053,0.0
0.01282939128885862,-0.0621748214833126,0.029951980520610228,-0.015535534661946645,-0.008855518014510564,0.8686555470780536,0.8306987718288457,0.7353364033990469,-0.7820019594582635,-0.7382130372975786,0.2973835299233397,0.128238444940699,0.03376660482438642,-0.08231019858332288,0.30373548521292165,0.0
0.023637094657636866,0.006961385984423751,-0.03394746378064893,-0.06237895676336159,0.01988140430309189,0.9793883712593571,0.8743197353021742,0.8329167470314892,-0.6974691346646322,-0.7015604754338882,-0.00815486534451118,0.0803025365944227,-0.015754492335838702,0.0785693278057683,0.17700133132687473,0.0
-0.01479001173009228,-0.010913448816137589,-0.16842751157761426,0.018987558706421645,0.05627043305125902,0.870610933620478,0.8554271706109319,0.7667729753506484,-0.6984256052507888,-0.758933350234774,0.12068790204909785,0.20399064272939316,-0.03358382431455523,0.06111351037924007,0.4020049688989748,0.0
-0.024276224938617717,0.010326810095919702,0.016503643513202798,0.06177908902923422,0.030988258386061132,0.8497218966631264,0.8413401195543533,0.8634331831802436,-0.6697649431211695,-0.800528136548194,-0.07430254622160493,0.08267442581600012,-0.0160358335231818,0.1435382127038325,0.41653638379825725,0.0
0.04222489773710071,-0.07842005082649957,0.00010391261397901808,0.020597422377111946,0.010173273891284331,0.9533394860868871,0.8380149946190035,0.8693199775724498,-0.7095288280755055,-0.8855150911896614,-0.27788784933384236,-0.09763810392019087,-0.1671659348577653,0.18845224838840963,0.3743258109780208,0.0
0.04428205107804794,-0.0011146273251810418,-0.0258102314476677,-0.01682253042997336,0.025875991672125672,0.8519592811838035,0.7980232396235819,0.8531077158355194,-0.6387665651632621,-0.877713654242854,-0.1384795573863587,-0.17174384990255487,-0.10174152615815522,0.19792679389647377,0.3665091924594697,0.0
0.02932317825321422,0.0011072909919064115,0.020863829698885568,0.018011987176066658,0.022419742740855238,0.9179699197953798,0.9288607075107914,0.8340458378972657,-0.7414814153397518,-0.8085225658470414,-0.044775277759534424,-0.1714876629385967,-0.15228471962615514,0.2690186925647814,0.2902582329519648,0.0
0.029263357962998712,-0.038934859922346875,-0.013805248001924078,-0.006512745206785048,-0.07491615240847185,0.9255811663155163,0.9552648165773703,0.7797385175870823,-0.7011163896045977,-0.9298830446313385,-0.0013485445155328735,-0.12263094381234145,-0.05615786115631843,0.3847659439201139,0.07779140727925024,0.0
0.014220509709340932,-0.00651312923867009,0.01582528541123175,-0.06593125512244684,0.03875131425416009,0.9267375919455826,0.9548592657499273,0.8107733512747912,-0.7212074347595607,-0.8306642420333458,-0.00024527103468447743,-0.30942330188737893,0.01624606225830654,0.3769507363871203,0.0761293001254203,0.0
-0.048491210402890034,0.040904523319720776,0.02443960313033001,-0.05259005251392422,0.04992315547219915,0.8634447707441139,0.9293333261466589,0.9181955262107016,-0.6862411327574854,-0.8607357458334035,0.07762867005305908,-0.4063350665570886,-0.1251949124403592,0.40312432183485447,0.13196967518379688,0.0
-0.07309975203978179,-0.0745894911892669,-0.078108637099262,0.07334342243709722,0.07493409319309936,0.9811695815829721,0.9460415025258325,0.8312307174293447,-0.7275951383488161,-0.9538567941503359,0.2863932411403973,-0.20853127517897085,-0.1453975426497565,0.3412368005505113,0.14758435852813448,0.0
0.03768470986762885,0.01908187411473131,-0.024373847044013856,0.02043597901486207,0.12864573867860457,0.7907176444033421,0.9359769347074859,0.925783238728826,-0.6862497709721108,-0.8784376989093309,0.20886678720744756,-0.2642923544646685,-0.10175221396280582,0.22307594223995578,0.16272053816179521,0.0
-0.03595748552740831,-0.05647546985077724,-0.043677717871831015,-0.024203009408937937,-0.054503102543962983,0.7958905973375672,0.886789969246346,0.9205615096790613,-0.6952609658432455,-0.8697545732096044,0.081420705492039,-0.18128669021790317,-0.0013486808242009346,0.27750833396812713,0.07328661671457042,0.0
-0.060143058156495934,-0.05125435675366396,-0.03392408992892086,0.04231203840026436,0.015212975122342895,0.8574924744519955,0.9875289349347917,0.792897726334514,-0.5603037896785783,-0.8671008102782973,0.18630378873038023,-0.024008142528837928,0.10181264255710615,0.3552291366461515,0.01788655776191269,0.0
0.037262378389635774,-0.045464882589803766,-0.007632063288286903,0.012305447830356028,0.010543868746965087,0.9557778778954997,0.9248137628990429,0.8964199628770358,-0.7101864133991281,-0.8923393130180896,0.27774282679431894,-0.05850696766736467,0.08705364810194949,0.21050396411552386,-0.0857959535481133,0.0
0.0019022491306487678,0.016134209480212297,-0.026229226112745044,0.004372753437220773,0.032131457029531234,0.899130796930444,0.9748726953957189,0.9429027283048758,-0.6339230053422971,-0.9060609541689966,0.44916216701458955,-0.023994511526773062,0.1792556708652643,0.1603319891757167,-0.13564553924631725,0.0
-0.023947680447362226,-0.04026446097352926,-0.019253504960168904,0.0190729490845491,0.0007733827045059861,0.8535457726568814,0.936373811220125,0.9538919895195882,-0.6203853459322755,-0.9617542486671685,0.25966876369868286,-0.09582922186813465,0.07648985322278207,0.18167979457478606,-0.18097422373930794,0.0
-0.0019294978731340204,0.04380317425030389,-0.03625483146241232,0.04279097272623981,0.03296373757698387,0.798365892955293,0.9031783006132221,0.9170297269703108,-0.685737799806437,-0.9261533300474081,0.20279040231574802,-0.12424080644597754,-0.1855301789748982,0.18757906741275432,0.032655861543895104,0.0
0.041008207351112734,0.01175331291903096,0.0022910676280932588,-0.01818559648055537,-0.04906120219161825,0.8406670613198662,1.001833018531735,0.9633755228589871,-0.7162676805717019,-0.9063180307194767,0.19491512359913327,0.06060447959885884,-0.0255983988046298,0.285827879863884,-0.11685895136742733,0.0
-0.007794498773843515,0.02324073204314249,-0.051841967784909224,0.0251617807030129,0.04610383063591184,0.7449497896948283,0.9198492093144413,0.9478398487642855,-0.6820503246049231,-0.978430895571801,0.06611814328435704,0.019625400226085946,0.09863073355115953,0.34475335687584197,-0.16861485173456742,0.0
-0.005198763495813488,0.045780427886333776,-0.040866335444333,-0.022106886001384822,-0.04600645944037961,0.7753671146824113,1.0397270553203142,0.8802593106880945,-0.6636969456393708,-0.9871504993012286,0.17075759311514288,0.0430662868874773,0.11658393824355212,0.34766983288466247,-0.35885552221630546,0.0
0.04469781739281456,-0.06453145678683939,-0.0750405402731763,0.04763947906157338,0.034412265366563485,0.8215098039625613,0.9644061462667387,0.9043756817019363,-0.5873361486921724,-0.9236170915091365,0.21857818969845083,-0.1264690802102526,0.05861768329662169,0.20254395100916833,-0.48296489624313904,0.0
0.0014988250506234777,-0.04745611138782741,0.002020228999848661,-0.0210802728847828,0.08257464756996635,0.8347172349932163,0.8954382870244617,0.9916072477585308,-0.516546305646053,-0.9992543346597014,0.1434838611597674,-0.04474672972910543,-0.1815620633206835,0.11318517627208484,-0.3144615740295976,0.0
0.04712559573925556,-0.07647543127022895,-0.08034215300820857,-0.0044389135168710955,-0.008506411734593784,0.7817767192348056,1.0180890122493795,0.9498965910007391,-0.5169829782059124,-0.9254054162820843,0.15993251995594135,-0.036058842265885696,-0.18550277997719095,-0.026064830814717374,-0.4586832696799631,0.0
-0.05620742802507458,0.05269331942400204,-0.08752910779294368,0.04651450316039981,0.012496025574315905,0.7629850487477546,0.9757431386640847,0.9500961619264978,-0.5591590624344696,-1.0141786036090465,0.20797626183498402,0.05256722546727476,-0.16217749704183881,-0.08203951631289207,-0.27759006369405825,0.0
-0.03354560580253536,-0.048401472702337626,-0.04861970696390454,-0.04690660179541097,0.0554836418165614,0.8377165150306009,0.8942553274942754,0.9301035359757563,-0.5790342907918898,-0.9199756177279905,0.1777345766676813,0.002441079789474797,0.04386072166058941,-0.0776748940592488,-0.12813827525806498,0.0
0.00355762402871471,-0.015267719416256612,0.0381251157608993,-0.05440829511760019,0.053701197586209434,0.7151631873366144,0.9570134265826413,0.9770056799710388,-0.4504049720559875,-0.9969433479338382,0.17494560834166478,-0.07314975466563922,-0.11762837766118622,-0.11756251596581879,-0.21839038482856693,0.0
0.037553618936418384,-0.02471719447672972,-0.014649381526481393,0.09677634343938521,-0.07655032667649396,0.8076303917326016,1.0188701034347238,1.0369757363866121,-0.5218881330496693,-0.9992692512000945,0.129611039738607,-0.04651865983444392,0.012916777130839566,-0.03379177656565323,-0.3130463990804532,0.0
0.05227628870876522,0.003045499145018428,-0.12374486475079186,0.02777465477333506,0.08989062809054049,0.7206711881147314,0.9508454429457395,1.0430525598817715,-0.6108582231255872,-1.0150022606778335,-0.06179285808174939,0.06569825680053912,0.018056391235090306,0.11988430082528637,-0.3789146287264721,0.0
0.01364310370542578,-0.03070032065513095,0.05456867887306969,-0.007562014584780643,0.04849867495633803,0.8699726188229965,1.0038510233638278,0.943691068464742,-0.5655569216553051,-0.9501635241803561,0.05144943668543727,0.09570598568787866,0.1340132281692431,0.1099229564267016,-0.33749753185638187,0.0
0.029961807410668808,-0.01691929542252675,0.012897910023838721,-0.03681881044128936,0.03726378058399436,0.7662492385194374,0.995246046584541,1.097998098609513,-0.5445421958627349,-1.0855122147924614,0.3243344277429854,0.13631156110416015,0.011999873237783024,0.24640097971035319,-0.21926515229538823,0.0
-0.02287852697092966,-0.04289613969446976,-0.006364715895067152,0.04604947813277615,0.16956216215755965,0.7859960055104003,0.9810715950438632,0.986319393708088,-0.46201210778790247,-0.9992251308428223,0.2854756028520393,-0.006442547473518578,-0.02497156893284195,0.2650103671888115,-0.21072668055020602,0.0
-0.003973681050572449,0.022382847474081015,-0.15961768962240905,-0.02575392624897078,-0.04949129110527398,0.8240787783078054,0.9383496822212528,0.9970686681820863,-0.5589884181338178,-0.8840082575195741,0.1898780536515643,0.022089466006085003,0.10370929142549672,0.308306945334401,-0.29009355904229317,0.0
-0.0096500570013731,-0.022990262869485648,-0.09452198620530952,0.03234998170432764,0.09470781025951326,0.7179806141579732,1.0664190772891569,0.9902403525604119,-0.4687352856885914,-0.9727022846936139,0.1427285625369737,0.06939637455447287,-0.00799135675043397,0.4294248881389993,-0.2232501297985842,0.0
0.03410655480207606,-0.04365480549615779,-0.04971381177872108,0.044020544836444034,-0.025237490237442917,0.7142670841126826,1.0317387946620853,0.9715242667327286,-0.45928843648823525,-1.0053103837940904,0.13116886802418015,0.08325258062553936,0.022214029895806568,0.42162121144431863,-0.16343069395905965,0.0
-0.002939317739848518,-0.04789970726066833,-0.03923140578379493,0.09547692088522941,0.03796741685034573,0.6924195358021241,1.0721839281377137,1.0396226014284482,-0.46861487452937234,-1.0847072354318932,0.20273115846481668,-0.015565810085676424,0.04281113673410334,0.3907066085259668,-0.20793557743074265,0.0
0.029862946046693872,0.032146262693299205,-0.03529147693749744,0.05619699658188351,-0.02903336371989961,0.7315790588529117,0.8458129266395101,1.0635662855049999,-0.5141700187631357,-0.950991265232952,0.33555424579092713,0.09682176644872159,0.17920337389101373,0.3250831626190502,-0.0978812856508543,0.0
-0.04298775617308827,-0.018299210831689366,-0.036571846403565283,0.04911817955831037,-0.020893670393516472,0.7632219593223836,1.018677214766134,1.1089365719770043,-0.46774293078930895,-0.9905864394458044,0.2025065259660796,-0.0471541678704977,-0.06775807268379326,0.28335511194333746,-0.16528136866345172,0.0
-0.012890788320244179,-0.05414490349936026,-0.04175126005181365,0.07274040428095384,0.01821827500726952,0.6858181121708659,1.041809374773796,1.0119640080222605,-0.39333859979359015,-1.0072225862648188,0.14533668728267285,-0.18813133329197335,0.11039860954648009,0.32357794724575173,-0.18757563926452211,0.0
-0.004177879070294184,0.01014539189319805,0.023484996925661708,0.009682979573236477,0.037273966220215796,0.7246637766986078,1.0109028391679304,1.0814329265042852,-0.3901587383677586,-1.061105415464042,0.1878885930299647,0.012001906139751356,-0.020212711849766835,0.29238673058207565,-0.18923727598754234,0.0
-0.030760943126824328,0.010465232912584655,-0.041397929813320265,0.003672676512851674,0.09150370325369062,0.6322162639729817,0.9907117599117914,1.0435277896654032,-0.4792331462431477,-0.9832452521064573,0.18969294892743002,0.04123286599293511,-0.08590898868891418,0.3554713550417987,-0.346673327134658,0.0
0.02581731455761643,-0.011875258825387869,-0.0027485569292960282,-0.05399194383512377,0.12702236378832546,0.6985277456011294,1.0286593730800357,1.0190302500604618,-0.47420324756997784,-0.9691829207728768,0.032289274955782696,0.10050637115650116,-0.15205852595152586,0.3943491534475752,-0.41018325771452663,0.0
0.06133601468128327,-0.10224934838698037,-0.03863661357044744,-0.027909453211873325,-0.052640880630866915,0.6803170137578205,0.9943521940031895,0.9158182442981734,-0.4492481192710006,-1.038508272728565,0.06947608280410869,-0.0904624683736132,-0.03614575481320802,0.5978640713185365,-0.3545459995649902,0.0
-0.004085318553037639,0.0028755779200456133,-0.06259062105944385,0.0021938326270727615,-0.054243106864344616,0.6817990606275999,1.0105692437908718,1.0191038761689444,-0.2725919456754268,-0.9738643174320217,0.1774865264545601,-0.27793673432564203,0.028442855403530025,0.5858100967090373,-0.35519878607806843,0.0
0.003560265461100793,-0.06061704394140385,-0.06134203020176571,0.03692237591819405,0.05153928138880908,0.6023426365844852,1.0151461079793056,0.926605533764866,-0.38471389612513474,-0.9846176954889965,0.24536839423331236,0.009505787227751528,0.01537667439260369,0.6101089313723087,-0.37758936189154213,0.0
0.0013980602138282758,-0.0029552139329533204,-0.08745791265240437,0.0012337996573312908,0.0443163427402743,0.6979874144702738,0.9834588851955024,0.9868812831032423,-0.47305010831634076,-1.000990652147684,0.25654561804331966,-0.14789072561681457,0.2101756465187277,0.5004121178720857,-0.13887311341447178,0.0
-0.03305110741893664,-0.04235803743102902,0.07351623065652438,-0.008322613871679128,0.003024289002714644,0.6625120031624551,0.9571545406376721,0.946008826326904,-0.3149788698591855,-1.0300141461043004,0.3099913909313336,-0.07937784794769764,0.1916518150880173,0.6552847529446695,-0.05941523625438533,0.0
0.008969655135635787,-0.07236189071044025,-0.067995896086642,-0.031143693279064126,0.06128815250187815,0.7479885053951554,1.0846131368586276,1.0757909184741075,-0.3647639857641211,-0.9668582001008835,0.2364839067231018,-0.02304751463595943,0.15549226067896874,0.8313943438148225,-0.12475350422283805,0.0
0.020066136203230427,-0.049325915709736365,-0.011530240943098707,0.044118495357680504,0.045523968241624094,0.6353706514817746,1.035668385125225,0.9181297965482829,-0.3481394130669445,-1.0118518532361216,0.15828545698931737,0.10493475599579916,0.006781660082745,0.8098074117777773,-0.02701713571001542,0.0
-0.01895382093968651,-0.014955686326490879,-0.10089529355916649,0.055910455310059934,-0.016062902199694334,0.5780614541883062,0.9811061536350569,1.1067135386655786,-0.30379314565480603,-0.9652625673742061,0.27379231823535677,0.0937081219099043,-0.07577870064036564,0.6920242559519832,0.026464509293929548,0.0
-0.14582922582771746,0.021192476953569454,-0.06657753724280238,0.04394351955254878,0.038282633045275155,0.5755921894638623,0.9563997341798838,0.8841900478381798,-0.36386570914251487,-0.912774281065178,0.1795260053534456,-0.03151497857591028,-0.0941186196424823,0.564863969307743,-0.006554343506472882,0.0
-0.09508674792029356,-0.07974174198134955,0.04286922766542102,-0.013919770096158225,0.05945536422954176,0.6267038141650961,0.9522702582005322,1.0131916298347794,-0.32530104836324947,-0.9754024869720638,0.08750848127160607,0.062249080779356036,-0.014924435987862007,0.3691561051878669,0.17078669169030092,0.0
0.034055370393645146,0.02070857326032869,-0.1308464980198742,0.12420112337052405,-0.00438858043169604,0.5724136956294823,0.9882458893457392,0.9652726172225625,-0.341079594079638,-0.9621011909995728,0.09121885795913878,0.02298933738454486,0.03594731971553235,0.10949021345336529,-0.04784168129726887,0.0
0.031233424215224827,-0.09198417887025073,-0.014177998476816108,0.04180287158817214,-0.050758921880564495,0.5136897510140469,1.0009496111987162,0.956215531434468,-0.2910810285375494,-0.9264667122585264,0.07776813183409144,0.054061926655774736,0.02479011324461445,-0.005907619924583399,-0.173726115216708,0.0
0.0459427117555658,0.026930416667444786,0.013673479643783001,-0.04146438684437019,0.08171397878463638,0.5419686032278529,0.9508178947055728,1.014531865321907,-0.2905760998505408,-1.0182496821307918,0.12941758595621294,0.1304626905587814,0.06945327151437101,-0.22163032530708754,-0.06679986981403031,0.0
0.009776175348788016,-0.0520811377600523,-0.0760792467408997,0.0013297450198553086,-0.034925969475759586,0.6140928852285092,0.9069780347504631,0.9445002268046706,-0.2698164586039863,-0.9687137502133998,0.1318990408475259,0.16860792590719395,0.10655639291098004,-0.1517174043588266,-0.03253885194364742,0.0
-0.03672746422190483,-0.029827212368515682,-0.12790482493419408,0.050003411289767055,0.10659283571505085,0.5777689480946127,1.0233470545401606,0.9256661497967207,-0.26778556027318523,-0.9818443728180672,0.024180102813688487,0.18681981429684957,0.05496065628874804,-0.14728285537617108,0.129364168074165,0.0
0.052719386589064124,-0.06305875441722841,-0.023232594536517163,-0.016692731494984007,0.0019875103506989088,0.5404167849461706,0.8462965959012303,0.9779160456238647,-0.28210513473253895,-0.9337039695082382,-0.0197328036197391,0.0957410440512777,0.02571273808105725,-0.12535534031037948,-0.03918128224757961,0.0
0.06410824365644088,-0.02798235567922537,-0.18726978529712202,0.05242800820613411,0.03631540119395206,0.660147462765712,0.8633231431657973,0.9822300580688264,-0.17434893626971493,-1.0293352001815332,0.09229663194000497,0.18491006154969336,0.050347544206781454,-0.15711274819828616,-0.16113227548972675,0.0
-0.02714687758099142,0.03287189350923303,-0.019828290783903968,0.0974803376627883,0.037987985446260086,0.48411961358629235,0.9339096464772377,1.0204073595619678,-0.13969205295044962,-0.9078896811926005,0.098737183301136,0.08821807703029846,0.03535169483701743,-0.1790507414573581,-0.18092518410758468,0.0
0.02946258533181799,-0.105519253307739,-0.013340775782406257,-0.007981179587849448,0.002046045832821211,0.5459587515936671,0.9251895857200458,0.9894493999989596,-0.22067944448622354,-1.0465154823627698,-0.07403623619942658,0.0654582502429079,0.1743843745112297,-0.013999292677034564,-0.08842224429855504,0.0
0.0018119344001519566,-0.06482735899413475,-0.04420298909929852,0.0287031667217027,-0.09442122739456298,0.5751468835919157,0.9108034945014359,1.0066256354835026,-0.16787086902594764,-0.9749264027480056,-0.009513183205929407,-0.08851812473228689,0.034337342188031195,0.27227950473190093,-0.08509773540468521,0.0
0.0009119737186089822,0.010490061137262335,-0.03302327414048094,0.059411640813163635,-0.004025671292105286,0.44176478383472106,0.9606941043648985,0.9553977625936882,-0.1266138857484836,-0.9019030025286322,-0.1253128337332184,0.18475028265562718,-0.009678350959305373,0.2193168958801919,-0.16499124035009677,0.0
-0.04761518455805312,-0.03598310332929027,-0.13420935092721392,-0.022692609818293318,0.06519763982057389,0.5486019160838166,0.9079838315625474,0.9050461528530478,-0.1769753390599534,-0.9153113108474217,0.07425288902993335,-0.0028166283657577174,-0.034528200465112395,0.2086999321877808,-0.19813735043125144,0.0
0.013287161269432914,0.042300166992089966,-0.014888042837966183,0.042079901688769114,-0.027581095195047332,0.5280654961086974,0.8850729821225051,0.9499303443459556,-0.09992266879378647,-0.9929905006361618,0.0690925904039627,-0.11162466947574876,-0.21800727692957844,0.148905488973675,-0.21643366133021363,0.0
0.0038316628260409674,-0.0743013045180243,-0.04666181352693964,-0.002435261069553541,0.0006239290159792028,0.6478745060779345,0.8684957748967513,0.9512502253281583,-0.16813435168958124,-0.9444376600561764,-0.054909693536833205,0.12347378032523525,-0.10626798050639212,0.2038060086444996,-0.22016696504352368,0.0
-0.014655236403317923,0.006717396761075738,0.003958522668103502,-0.013978697502911603,0.07224187481799078,0.4342946057484545,0.8845102824717191,0.9037596586984987,-0.077949361951854,-0.885673015880808,-0.07299217087286855,0.08846026159519661,-0.12956770105642407,0.1844356771951631,-0.372282345907982,0.0
0.013041228820937468,-0.0636501815531516,-0.061851846251031684,-0.024632804268559086,-0.05206876635788821,0.511741239626863,0.9320971015991402,0.9462536321515275,-0.1685490549963351,-0.949576612360354,-0.026143808187099004,0.19424157701622105,-0.21000350827247993,0.24239949361240665,-0.3356083155316595,0.0
-0.11474934844499177,0.014619958608185782,-0.04471261288294105,0.06243557671826837,0.021282938229410797,0.42656006755275216,0.9219428740737632,0.9333080906966057,-0.1116452529658512,-0.9259818574251617,0.07133594168408963,0.1663849048063604,-0.07382337297291175,0.3809839047573329,-0.24043532126219952,0.0
0.0406505527189296,-0.03558411138461189,0.02993028316523469,-0.0029535316024086045,0.020556314151115595,0.5022676548966388,0.8446933013207595,0.8818759827685786,-0.08585282404917699,-0.9461841350625213,0.11889626922143777,0.13085747361904196,-0.03249671863002525,0.27935104494119584,-0.1928880736335754,0.0
-0.007072812750708501,0.04168572407674325,-0.058118555323066076,0.05933812670115912,-0.051359636725741405,0.4303306982015479,0.8274865801818183,0.9005466705058376,-0.18667668592236467,-0.9966523053598986,0.12021261434103007,0.02867597844417971,-0.18956713772468586,0.4758569775056463,-0.15288124383627877,0.0
-0.02280133621934064,-0.03082330436439769,-0.07395825518568601,0.1651084518077672,-0.03737807093397172,0.42629955713981527,0.8836037775499513,0.9341416617636128,-0.12256015632663717,-0.9690308763884841,0.32476578358634,0.20462423240272,0.044008355640482,0.5577404910003524,-0.10237238275942454,0.0
-0.007077622512306131,0.0005441094206015407,-0.0444270021580243,0.03929024714712081,0.027545028514806877,0.40721277306835474,0.8911349544429591,1.0209927259194713,-0.1127920028737822,-0.7788562162614044,0.18037925677385308,0.19573369925717823,0.08941169057031688,0.7710925931817707,-0.09275532382991439,0.0
-0.01689753565774462,-0.025794334272853083,0.0001551525222556957,0.02248700058017042,0.019173442654175598,0.38063561173506455,0.9319145716692693,1.0077188400750965,-0.09680728533195218,-0.9473041686433756,0.32116200919984206,0.036219557670043465,-0.0874923093711139,0.7774681991330767,-0.08968722218291736,0.0
-0.0189363773792319,-0.09517716743051687,0.03600627200968874,0.0464844822272821,-0.03554241587594886,0.37011301338117486,0.8721283446254924,0.801197017453384,-0.10936455521595272,-0.8448428543693145,0.22288657786165436,-0.11925568463055927,0.012398297809530917,0.6723590821303406,-0.1418257947031446,0.0
0.02230075694057225,-0.055112155989594194,-0.1764313809372565,0.04316762182232051,-0.03429346142164434,0.4650191191170446,0.7468483846332672,0.9360206946809061,-0.07889346832146428,-0.8550630193449186,0.1992352155738233,-0.17621143427083605,0.22663430598285397,0.5082711555617312,-0.21101672774309055,0.0
-0.0437961120122007,-0.018701139325372033,-0.10046855505031022,0.07028273565205537,0.04069121141741683,0.3088012028928088,0.7386502189557621,0.819161923078337,-0.0515694164514594,-0.9321069433381812,0.14888755977397333,-0.32685572757464565,0.32390933655823684,0.43033472875007456,-0.19932666310028052,0.0
-0.025235391901095038,-0.1434997517942656,0.0011031495383568776,0.024259841983476065,0.06968738167265237,0.39171384203357396,0.8974568374144382,0.725110988006636,-0.10831474536279326,-0.8026697850748513,0.020416800607795813,-0.34317433239537043,0.15861585906555606,0.5456392698132854,-0.29510925007182076,0.0
-0.01927329894266025,-0.04394337128280262,-0.1586046939595388,-0.03178593061326773,0.03837746192676217,0.45395538696028154,0.8316313119941792,0.7747822722259969,-0.021329607525628402,-0.8310288939702852,0.046084480088999596,-0.23071936323921247,0.11279502858508357,0.36454146490550166,-0.19234085146604135,0.0
0.06862928323004709,-0.026158676825365754,0.023064041952747416,-0.026324964798219955,0.01548607326045424,0.294563809133656,0.7756206373378157,0.8340908495865073,-0.060090170533924944,-0.7980818499918393,0.03520210894155809,-0.18168208385887172,0.05213917533765636,0.2035481469232291,-0.017435933591769148,0.0
0.001739586556688618,-0.02662338569274332,-0.10053374438580379,0.04997820893002723,-0.08923197854011569,0.4319948772656789,0.8351113913295112,0.8303689282672404,-0.0600096375048985,-0.8955390254359719,-0.09824419727672719,-0.17601049611445438,-0.07230622616641512,0.35950099441079164,-0.1302889091805903,0.0
0.026715372211896144,-0.07006781261611933,-0.052053982556039116,0.06267330543177062,0.11058800252455397,0.32381672448538207,0.8038650198422983,0.7811311392150293,-0.0301561667654373,-0.755263692874781,0.06552993413215903,-0.16946418909761068,-0.1119559116361282,0.28531385039479296,-0.0923524773856995,0.0
0.03289699486748834,-0.019625951325501153,-0.01639665797286366,0.10749515286006425,0.14330699813912784,0.3251995153133008,0.707308820407237,0.8210663306731398,-0.044305060970905204,-0.8125685250129849,-0.012228399642187644,-0.2900826138918252,-0.04733635784909118,0.37946104152620214,-0.15421500301613073,0.0
0.08060381812147988,-0.010332656976984881,-0.021434090306251933,-0.02023921637610035,-0.030185244083242444,0.3223549933156205,0.7793097085325504,0.8493186542636494,0.05805576183695647,-0.7954260800271415,0.08171175187918162,-0.28821301601738497,0.1035495413447548,0.41077285503813704,-0.1404594823670792,0.0
0.024538629408105903,0.04110152461852523,-0.020731200415679933,0.0908283365712114,0.05148495083662011,0.25335253528454155,0.7583599987077734,0.8692477319372838,0.018491408152220046,-0.7571855062352386,0.058384584665815066,-0.41239351704446814,0.22658458170170653,0.4239966026869284,0.013014017142354756,0.0
0.03662944440221604,-0.024452399271211598,0.015507139126912067,0.07766743366112644,0.0975005648300934,0.316500658212191,0.7057584496083289,0.8482353003737826,0.10192836120815542,-0.8300846172922234,-0.03822381664895744,-0.09825044372102942,0.16856620129789496,0.36344885563211493,-0.005270012687993261,0.0
0.021889538929867718,-0.03842492703409259,-0.08059414915364221,0.024657538324966633,0.038241709578185394,0.3323189612463217,0.6642264219353747,0.7585105151088121,0.12947705349297772,-0.8167255762643313,-0.11684893853708564,-0.18226155718112758,0.19349160261809167,0.2036151145434658,0.07723671690191604,0.0
0.018282381820020004,0.04058759020201452,-0.021766684419825006,0.0012559872974935646,0.015523652964719803,0.3634644947196577,0.7657443132450973,0.7927302605609804,-0.07036711209358018,-0.7259518891402343,-0.12858221810527087,-0.17710988601965272,0.10975992967496662,0.34827835166582866,-0.05963270549167185,0.0
-6.1462938014515e-05,-0.12446368592498765,-0.08329676149192182,0.09261233816007647,0.009683806609643832,0.3156425424455567,0.6666833769734787,0.8484672893142731,0.09908326391543379,-0.7666996894915137,0.036105962819753756,-0.24347843997534913,0.1617242991412953,0.40904147594979745,-0.0014499970138946716,0.0
0.0392701925085941,-0.07719292775970228,-0.06728748058205807,0.0284774024737805,0.06206583548710869,0.3348005396109365,0.843752706206906,0.8851195360949357,0.020636545883303055,-0.6907700002724108,0.16160483030511438,-0.029409117729210454,0.06564811893708644,0.3748311432819438,0.027366692480674647,0.0
0.07489085540663,0.0015080873256306665,-0.05860397884494188,0.06976433051569766,-0.002213501076265459,0.39540101744420464,0.6982954355023748,0.7865341091877183,0.0826476790156074,-0.6617768718525406,0.1371990602561194,-0.1011491921455802,0.07962874539386405,0.3704547568162476,0.17065795357379698,0.0
-0.002402730746279025,-0.04014196874265274,-0.07688839185772958,0.00967972658508319,0.057056230704864985,0.26586820523310983,0.6934043516375485,0.7684862995073898,0.10229456458011262,-0.7021543200370125,0.12233250306551313,0.019885275788144405,-0.07122706239940907,0.42432891060921524,0.14335854620664062,0.0
0.11271445289194783,0.046782402962015884,-0.039988907035540144,0.004891294520680586,0.045676662495390326,0.31480044242386124,0.6981339594378151,0.7684834673739669,0.08779936245370465,-0.6676569547538246,0.13640063497684057,0.08206722536519023,-0.1705919711095546,0.2923111159977937,0.03722025701116742,0.0
0.05372458596364728,-0.059951041134839136,-0.07021599129796721,0.0010069575210151158,-0.006649597025797524,0.2638838944567674,0.6059665309469682,0.717928009776193,0.16208708368249453,-0.6500165639061021,0.021262270585373166,0.032730484165380686,-0.16669982368029965,0.3506514425155741,-0.05891892218183311,0.0
-0.007302310259364227,-0.05519291955334992,-0.03194734784176048,0.09900115856173215,-0.05356269066436349,0.10141596333982086,0.6374546167905992,0.7044984198850593,0.21467566702316587,-0.6549429733597925,0.01943752959657987,0.15958499855961766,-0.209848342158317,0.25549889355609895,-0.06430554361246592,0.0
0.04136181220464946,-0.1286646682921473,-0.1293806363974938,-0.03870225657830696,0.014720070036577028,0.21585413631405603,0.6260098448258081,0.674291973942811,0.15182472502308259,-0.6372611052057695,0.1802735267333805,-0.06701876060368894,-0.13304571840394208,0.1908881135060203,-0.10338533984019281,0.0
0.053492138691448574,-0.09984359560686669,-0.0363157593173855,0.027618352801474302,-0.01924486175610421,0.2069309050734503,0.6280367184718134,0.6616313930279172,0.13322454078993115,-0.5689909772636859,0.09687997422246752,-0.08996007484507643,-0.03751116435592331,0.12027496896114111,-0.23839704983118387,0.0
-0.02615890277936779,-0.08435184597449516,-0.022050149741155028,0.13817202869013467,-0.035875584913072724,0.1760318753154837,0.5383363934142678,0.7046125806146771,0.19629707131462198,-0.5777899965837843,-0.14244608571660328,-0.11598059381495365,-0.08740726432661086,0.09721372491956128,-0.2725199574342203,0.0
0.014669982115720666,0.007273636185476995,-0.06384001834575129,0.08530545641515387,-0.014107914825611398,0.21372824965492201,0.6006296312679602,0.7591483668824262,0.21625883997195566,-0.6300572397897832,-0.08380849533497398,0.031189081151529907,0.17197213295785485,0.18112141304832863,-0.25867281586238766,0.0
0.01333723176585816,-0.11215614359280747,-0.07074036444438593,0.04658030870378656,0.01698373993963908,0.2076386897425359,0.5514720082238149,0.6877843326858001,0.20103064600780762,-0.6433927042366031,-0.01540134259126906,-0.02842259483536013,0.1161696350862998,0.09025094370429278,-0.0790962841162497,0.0
-0.04067256451119888,0.03549095503028316,-0.05735493172059704,0.09621007008466433,0.0360271902530126,0.16165186504716822,0.5260237109603625,0.7548235129745672,0.047681474746799124,-0.5826961315657881,-0.05995594981027995,-0.09869572713540059,0.008489417019573467,0.1087681651859333,-0.17510212296668098,0.0
0.03004632503204812,-0.04866032610620911,-0.039776651090611286,0.08196055552507372,0.04895435865801144,0.11934680564527433,0.6104032356497385,0.6678105737416303,0.1322629567153077,-0.6543865894084719,-0.14533779527305568,-0.10517659569714996,0.12102826573065953,0.0015703803448896964,-0.22435206442630937,0.0
-0.04399441257323949,-0.0728060899086734,-0.0667568135744251,0.054966932274279144,-0.08016947073992993,0.1728557494778079,0.602504113719919,0.7401784891736403,0.16326013928773792,-0.5064623690792178,-0.06486036709932866,-0.08995413088051799,0.04416342175623644,-0.030282557425965008,-0.22210978640065127,0.0
0.12213218255560163,-0.12124703990898546,-0.025451212262628444,0.06550691966092843,-0.04709748667558816,0.06063870952852303,0.5785941371203672,0.6146285673218366,0.19797221365773865,-0.5731073523914186,-0.12831841471527228,-0.06128693872532255,-0.0341229382345007,0.0862943859501644,-0.12303121761150972,0.0
0.004095167218659445,-0.06040888415522823,-0.12006209066487493,0.09629816440245437,0.04646868398896307,0.06737384473118492,0.5256277150764525,0.621470912281118,0.16392215132657828,-0.5051791740862296,-0.0951446977790241,0.13980949844330492,-0.09804263725991696,-0.1339192370629096,-0.3414494927252123,0.0
-0.00737927335254529,0.04672466645675259,-0.0560980695454181,0.037511529652106926,0.01665923749294949,0.22398773970258468,0.5321626237966107,0.6252650351536749,0.2961939448466354,-0.5225393704229119,0.02198118636426792,0.31322322001472014,-0.05745902931030916,-0.04009115651644103,-0.31642189196601217,0.0
0.013694970422264198,-0.04759273176798671,-0.0036421452643147292,-0.042449690723400595,0.05352158490712571,0.10765413685223603,0.5584703320134743,0.7219765744226809,0.28503867507274055,-0.5685583069974305,-0.025037568339026886,0.48814862067645337,-0.017318245544172075,-0.05516643331338958,-0.18805584800178574,0.0
0.06314240634634087,-0.0508650204199602,-0.00042944210393281584,0.04327957649806457,-0.031355007374450725,0.16502443164594952,0.4649546578469385,0.6418426286575996,0.2492506341385491,-0.4904784785785379,0.13103376188886232,0.3429692846762889,-0.01562024270968606,0.11397875758250568,-0.04495711926188847,0.0
0.030633241739528395,-0.088030272388822,-0.08502115236422081,-0.014802677205343943,0.06593482152914215,0.08610632141914669,0.37814325036498286,0.6166244821374701,0.1754863936713211,-0.4913989483018658,0.24321989310288375,0.1108181342325629,-0.118070534223266,0.029809285481661035,0.013433939222088138,0.0
-0.023801812458249774,-0.057945384485553725,0.00726948786559406,-0.03570614084112596,0.0350447147821657,0.13128402741690307,0.47646142464883773,0.594240601350431,0.32822653206834473,-0.42430948928228773,0.2837643238825611,0.035600476010301384,-0.16955527189830907,-0.0024232410849260623,-0.10725244011594655,0.0
-0.05838688870401056,-0.007680330847418378,0.00023137148508804717,0.01430905584327025,0.03612520185640356,0.031431505515869054,0.39402775908761534,0.5840226365466061,0.30825500090221775,-0.4163506465067811,0.3156964124791546,-0.22298639825970273,-0.08780579660076764,-0.09909249464428335,-0.11899558954927436,0.0
0.035211675019798355,0.009362371416745743,-0.18075704746542867,0.01789087445156784,-0.005663465602842525,0.09602799373062582,0.38305801734699785,0.545814902113674,0.2512966758927775,-0.4642416667374471,0.08963320411011558,-0.1800265167008919,0.005940819170619588,-0.23938101967541914,-0.1569537862288331,0.0
-0.027735835714756914,-0.04062722928543995,-0.09562857194546381,0.038097625481635325,0.12132186432316261,0.05885808664079876,0.44711492717414153,0.5370150019472486,0.2893836376720002,-0.46517451290675976,0.29484449524020784,-0.24199362629237456,0.0009607680641405118,-0.1490642215283112,-0.1389779629836163,0.0
-0.03336907066211854,0.02902610856151354,-0.08017795644768688,-0.00433631081488197,0.0503335756120501,0.06796707696323062,0.44204520543425874,0.5130734878949239,0.3293058616535706,-0.368806395226735,0.27159306973542047,-0.30952957016632887,0.00753189398830203,-0.12948588872769543,-0.02977820535642721,0.0
-0.0606990551878682,-0.050066706912447724,0.050650053355359326,0.06969957288128276,0.0591018041110363,0.022446318084372665,0.44652798767541796,0.5899931329472575,0.2854039322625695,-0.41510285040721684,0.3113331783980079,-0.20524013590712584,0.008695530840380591,-0.13572912239367038,0.004951973156772028,0.0
0.0037118741747760777,-0.06727475768106538,-0.05280844531838201,-0.024390646685803694,0.023872570074352353,-0.026584061458920682,0.3289921212173244,0.524406273229775,0.3124046506628455,-0.3601158015997211,0.10601787830025058,-0.153119743128189,0.06529516669118328,-0.03174387131653933,-0.03035248900335381,0.0
-0.004433358603358214,-0.045983381746886196,-0.04276557870528829,0.05576957739773759,0.05116276398051892,0.03677454513976815,0.34605646670940626,0.4787611221133066,0.3625008661941849,-0.37202244909792853,-0.00453133232617077,-0.2201634445267211,0.06702555293038401,0.08207987825205611,0.05787373301062231,0.0
-0.025764573165322366,-0.10334392854425178,0.06691716275426957,0.030206673151018038,-0.010137666032164268,-0.0560727889311136,0.36574947508083283,0.4831205414710911,0.31941462670368526,-0.3680897925518864,0.061865668064938886,0.05543291438216025,-0.022574858032525645,-0.097320629082927,0.061298965244079184,0.0
-0.018865241915129432,-0.08655102104110522,-0.02855907036903317,0.017526573590273233,0.02716259284144147,-0.0635808927199741,0.3190107275413883,0.4489620624818493,0.34783555803659644,-0.3429260591704983,-0.16581065697425648,0.18799608462665926,0.061229014712984274,-0.12684282318631757,0.007173054670739941,0.0
-0.027825685018372348,0.03203563051593871,-0.01760843655703103,0.021118415117915835,0.04029671636641689,-0.04365041896850565,0.2354047995182984,0.5224837695547024,0.44680145779026165,-0.3274180227595107,0.01571111224885255,0.17875646707006665,-0.07265391511269839,-0.1314307407441781,-0.030193841906280508,0.0
0.07216380600090036,0.043078732438503235,-0.04394897707332303,0.024820795558786156,0.037518168162525366,-0.04921872231255901,0.2598321809736061,0.3251539239556357,0.4296847207950708,-0.38795246142360534,-0.18683686703581268,0.09388206867790726,-0.018537759944589248,0.12986882805180333,-0.1271955150710234,0.0
-0.007290648835704242,-0.005483769417998836,-0.054499107099820344,0.030058395904225557,-0.003954995616082736,-0.06735029859125943,0.3323713205439929,0.4172923760169857,0.41819857010613615,-0.24818765494862632,-0.1196899961724654,0.22868416753583193,0.0031181760638555045,0.04429155731122329,-0.25405760085202184,0.0
-0.03823493775651616,-0.03383940788276149,-0.199835910743941,0.12939811687987313,0.05248458464806833,0.005008724083134769,0.2666623966234858,0.49329454207164564,0.41452482732770524,-0.2784211967122564,0.006787814714943968,0.10281535884838829,0.025635521267256562,0.028103276186894663,-0.21994124567650822,0.0
-0.06361302857641235,-0.004509013034774578,0.0425836394736063,0.02256616811313096,-0.030544347978065864,-0.07831069044823881,0.26840388649408775,0.46357244475515236,0.3880321472703061,-0.28290032147500427,-0.1326024629151906,0.15079702612307905,-0.01715747634023226,-0.056577944606703075,-0.0762152908837096,0.0
-0.009012675855907043,-0.045895708030996,-0.07699903657669854,0.04914750260263075,0.09353397173853978,-0.10852141272885846,0.33866956944469384,0.3480749011431731,0.4111604761208837,-0.3272609471289836,0.08517769085284678,0.006517843943895929,-0.05277766077777977,0.051503056102104455,-0.042493975540095166,0.0
0.02728123250354864,0.002068446238606962,-0.06805450082065272,0.050801357320212244,0.02700141338633439,-0.06789414869864013,0.23031392730330347,0.41009549196053624,0.3839849996387429,-0.18587162166080057,0.08831700809356244,-0.03187071313284232,-0.03805320633651023,0.03860814257836708,0.028798792573435934,0.0
0.01447575794679082,-0.015685079739435885,-0.1141208628903641,0.06763277013935207,0.01591753538684862,-0.0701847212925976,0.20033035890130552,0.4249048350272406,0.4069313185248146,-0.2590322227807893,0.3523059787853262,0.08211714814244418,-0.1465388909510799,0.13887729032925555,0.2615292791199942,0.0
-0.07433607145385042,-0.07725751678237361,-0.06934210836838865,0.06572919318022746,0.06843023796131967,-0.07826508018650177,0.20159566559802194,0.3930376573004568,0.46413818297526177,-0.21655875533640914,0.1443542409198066,-0.04680584989804015,-0.20058815507462047,0.06919728786392607,0.2017721809674046,0.0
-0.08434590460604205,0.010339951375758792,-0.05194444847904938,0.04415283359639395,0.012699270309573268,-0.0756662029065524,0.24660164167845278,0.409580085273223,0.4969471417593382,-0.146523915598482,0.05470876669049289,-0.1352415938674643,-0.12202505121366738,0.07076483774941388,0.2992194321346684,0.0
0.03287920761614799,-0.021302953869604763,-0.07276442134483731,0.010916733254734502,0.11972926587503172,-0.14762944256717858,0.11333369961693629,0.2334428738320049,0.45276397255042306,-0.11099666529145182,0.07615164068463236,-0.17681229767826112,-0.15284224839688645,0.14509476803629567,0.1174693889406653,0.0
0.002968106860797162,-0.08619020844904622,-0.13248561467865327,0.07881142965996205,0.00030841440452358815,-0.09400464484926029,0.1679805734029563,0.4020201820413109,0.44402403857710704,-0.18104643633431017,0.14745567587705144,-0.041819070633932864,-0.2448020848228259,0.10626444741535646,-0.02101210096630088,0.0
0.023742517108475122,0.013466548764415831,-0.001609803030170713,0.046842245392339416,0.006104522703816791,-0.14703771284899333,0.1762425433202936,0.36769326894893145,0.38879320283202345,-0.1744245864136979,0.19168924670868037,-0.16719822425325748,-0.22982564636209998,0.24691743898982516,0.08754490439670065,0.0
0.11688419424053595,0.053289533129027906,-0.11548884270421447,0.09297061413110773,0.08928269752796242,-0.21611922605298323,0.14449123915900416,0.37849049663672063,0.39932069480105975,-0.09144368159727413,0.14415339692488408,-0.07696036295771462,-0.004324194702648471,0.20452457619711226,0.15839404104542182,0.0
-0.02772903097074368,-0.0330881878500425,-0.1724837496789301,0.03224650915551572,0.07310727780101975,-0.18975318962347673,0.16865231562021737,0.2127568259134908,0.42534699920271407,-0.09161897866315966,0.12539313334386748,-0.09734610121586867,-0.037775141607757697,0.3077232605163518,0.38141572701709925,0.0
-0.04607583255191902,-0.08588644745413866,-0.0907136443541631,-0.012086502182830382,-0.0016108711356130206,-0.13646335242985938,0.20784946788482742,0.22848790282271217,0.41258079331826564,-0.027158169778150595,0.06612303494105996,-0.04547461232813085,0.18557380057917852,0.33888537386899,0.43102742801666044,0.0
0.0533509737936358,-0.15968836133000391,-0.07656718260169677,0.1268276563299565,0.008631640083335161,-0.13690701030127217,0.02722718915566836,0.2548222847452209,0.4467340641951116,-0.059081324449469216,0.03444157738178446,-0.03267275143224561,0.022640209272491274,0.14924535085735902,0.3222030446269642,0.0
0.0015465962724861802,0.012750708222534012,-0.01161653468633056,0.08917402874396013,0.06160818225052819,-0.10852264766409046,-0.013627331549026955,0.24887585854141508,0.5328075420481685,-0.07219744757028479,-0.026583082416064906,0.09553071204345398,0.04568899805620965,0.2524354495361219,0.37840391626398806,0.0
0.0039945182423997,-0.07000972236747455,-0.09479371892215419,-0.0006222794881376933,0.09080253485046252,-0.09599846715785688,0.18408906792989543,0.24403132702446254,0.5327323583063176,-0.09189690631654926,0.07053256593435041,0.12329353106363444,0.09392475994131473,0.2775875641194569,0.39850875414296455,0.0
-0.03366620749045879,-0.06529089307816488,-0.16430987933212599,0.07055076387142052,0.04024943170483282,-0.2325684985693268,0.08863489035171754,0.2761430133789176,0.6104548297084298,-0.020278667721039575,0.15077318359691994,0.21373450538618738,0.17403224047064222,0.39150282645594486,0.2904463957312033,0.0
0.03310397341844748,-0.06444330479836198,-0.009554478781977668,0.03925380638237105,0.05991941379121035,-0.21468076103855777,0.010390013952233296,0.20238875416143307,0.563301546294317,-0.02928797062495904,0.09529798747322454,0.1686937812245433,0.09034632016950254,0.2543855663945771,0.3227363841336579,0.0
0.10396215706651189,-0.03399316919939304,-0.05160899684525799,0.0502348001692636,0.07220421086170668,-0.3099930145786391,-0.04426172779974927,0.12692319573330257,0.5454509809624528,0.012833289900232522,0.080690997049085,0.22179675609160204,0.20118934207983116,0.22251311346231661,0.23157378786466337,0.0
0.1306145848992351,-0.047103663564647555,-0.060843167855356886,-0.003717359153529498,0.020924587238023543,-0.20426671683365297,0.01975381858471576,0.06524552913630974,0.524579027992979,0.03725237709458555,0.039887695936197586,0.15124384955499734,0.1729489468923432,0.2530251306240074,0.16329923466456123,0.0
0.059221776768222704,-0.13474111565050162,-0.17183525845717942,0.00719649228917555,0.002452807251594684,-0.2210796096315254,-0.03085811888273069,0.14549166041553133,0.5392659507750833,0.046528716524300455,0.1316207096500142,0.06103965484074407,0.20608702439519086,0.13235096157585963,0.15896780792741988,0.0
-0.008972213449003102,-0.013515289513966938,-0.05860639276973839,0.05455227817594784,-0.03693276136473456,-0.23370335641614604,-0.0594469621764066,0.1895502690259267,0.6891682060155186,0.12185090935164125,-0.01564057572295545,-0.008518274065159197,0.20005503109539616,0.11090837852950645,0.10910052418423077,0.0
-0.0025466121488595377,-0.08222818046570261,-0.07863748464253942,0.08388628191876571,-0.03667934875654311,-0.33095641641584433,-0.07037688746473275,0.0755078652280502,0.6078539901269383,0.018416704569257383,0.10161803791817126,-0.023830333622104495,0.17970181273312757,0.09264178139263943,0.2908335136582235,0.0
-0.02155231661179048,-0.052566233592203054,-0.10128695247357947,0.0154759904740783,-0.01892944781947159,-0.31966502125212126,-0.09241869307685019,0.1303929482337131,0.6074242708644683,0.11346790293435717,0.001383260942473749,-0.12237770622923057,0.08000093292971999,-0.05619926660761197,0.13175835285104692,0.0
-0.02571327510471358,0.010494962724896549,0.020929744232548453,0.05250182614457181,0.052030820762360264,-0.2422949754207458,-0.05127770063253067,0.018541844495590293,0.6071688675872527,0.052771785373958574,-0.20318354159205074,-0.12341071686377197,-0.12641015915479734,-0.12077555513483351,0.03334893346678257,0.0
0.0504357777129391,-0.009569060375780689,-0.03617432348275289,0.09515558676361396,0.06081601348450961,-0.305743711372922,-0.07188327415269999,0.04766541675979455,0.5790751726509722,0.1511154091667284,-0.048700451687412605,-0.007107530828500339,-0.2061873605628833,-0.268488556170125,0.011513060637138018,0.0
0.056098536238643276,-0.061820436729701486,-0.052846473934863594,0.0834122899740762,0.07909350691572228,-0.2893936399310133,-0.21115708904905933,0.1269517714644104,0.6168768202132647,0.1319985695018343,-0.1485267443455085,-0.1410064871710059,-0.23844033228069497,-0.3156415447492358,-0.04604975283682115,0.0
0.08325052474299466,-0.05683484947049455,0.029080536085647875,0.0442574910642579,0.00554542465345656,-0.2663474432758703,-0.1742853062693513,0.02617908133926653,0.5828835922842142,0.055898603756170645,-0.0657410052787833,-0.22515681021700626,-0.10599727882185098,-0.352459560537009,-0.0791861271354584,0.0
0.06029382909622709,-0.0010409470137270685,0.0786914507041383,0.04910704156544935,0.02076833414247425,-0.31862466578235,-0.05515223451877656,0.033018126372281784,0.686995326450673,0.16220304583621686,-0.08621593585253623,-0.09049485659895286,0.0642718486826804,-0.27659994655350706,-0.028247461203751226,0.0
0.07253771317780064,-0.020068309487758704,-0.1395616982727553,0.029275595323228595,0.03681671478337403,-0.35772890837775856,-0.26381744107549654,-0.05020107137063743,0.7542498631296988,0.15702730864399428,-0.11147074424179435,-0.17883723917322514,-0.06815446203003364,-0.24032591980175166,0.07198571722488444,0.0
-0.01829639236758273,-0.07639991976140748,-0.02281695869406994,0.027563366015682808,0.04086636468354109,-0.38181554929510286,-0.2030433103542413,0.011740823441609961,0.6824413370461603,0.20837928947181836,0.016959675076040334,-0.3863735805826641,-0.1445581755923681,-0.3800898594584746,-0.002900841144910446,0.0
0.03854145632366077,-0.03342047644252929,-0.01183682665207069,0.052249745927195355,0.04449302969420712,-0.28820592928116273,-0.17530543465116805,0.0011021733936647255,0.5799684776086528,0.1476704037988299,0.11300215873538436,-0.2190717956869091,0.008957722903483581,-0.5514917049106499,-0.034897494566658624,0.0
0.039773867851527735,-0.06060029157458356,-0.07401146905307475,0.02512655217010768,0.002808692042209536,-0.3988797359026368,-0.15320892095278538,-0.0011465137897652515,0.6849215333103614,0.26062915180760976,0.3104977952841,-0.09638264862158309,0.016311019345664042,-0.43207097560766616,-0.0811910145859567,0.0
-0.04930260973003697,-0.10256657841934506,-0.0906455242261445,0.01164383685909548,0.0471077831000317,-0.3590762152295122,-0.15731535436663366,-0.08946985639278518,0.6596951547700272,0.35677034362637716,0.26082171189540265,-0.0923025623045739,0.05270996771170692,-0.4989672165217599,-0.051090855168283864,0.0
-0.021669308649526813,-0.07087148710919874,0.11217833798980119,0.024415318513076448,0.044760412077908165,-0.33288220217917164,-0.23427519921797824,-0.025126066306324225,0.7379065808352334,0.24678737997427722,0.30100629416305824,-0.1666129901799126,-0.12621658326961804,-0.34520130406962485,0.0001631953825125057,0.0
0.04020759306038463,-0.1379783940782301,-0.05143522781797126,0.04451960207216267,0.08183498456367734,-0.38465053203829175,-0.24223917778547668,-0.03637546531352007,0.7483563835846115,0.2994224129207569,0.03885952591613273,-0.2115461740613381,-0.06698978762309404,-0.24797162547167692,0.35957473857522104,0.0
0.051037377833007616,-0.0701042424036458,0.03052138785536737,0.12017170725663459,-0.012693085846775407,-0.36836493846211765,-0.24228227779501266,-0.11726419405504321,0.7255036945109958,0.2540405760640203,0.06987700730014984,-0.3389341168799303,-0.034401384795204326,-0.30245266667583426,0.3425318081911496,0.0
-0.02479206379514115,-0.05952320928403246,-0.057654919652243855,0.16732530126300188,0.047346802919582945,-0.39969038730875994,-0.28887422546612573,-0.006246448947348285,0.7170502654951821,0.3303488781598554,-0.010272660595835294,-0.38800773495215923,0.0863596500022617,-0.1507588400791017,0.23992335524811298,0.0
-0.010906534110800975,0.041681501572651644,-0.05377610142844361,0.05666494976931975,0.012458810095459356,-0.43865795919736766,-0.23744734910719334,-0.12968555089422887,0.7321892421916147,0.3047041495400821,-0.009177745660050876,-0.12662587201418024,0.09914515862695214,0.02838984275435552,0.29407564351823834,0.0
-0.04898465931353983,-0.09537645595356738,-0.0355640011940094,0.07938920227144969,0.04995000903039833,-0.5114120114675077,-0.2659533466465239,-0.16136544536782704,0.7124756519633627,0.27080877196990233,0.08568174404974085,0.03379687088827145,0.08366431704052424,0.08333723440910623,0.2263716288585264,0.0
-0.06748910188100934,-0.014163365277880521,-0.08865821583928254,0.02996294894390822,-0.01022061509285558,-0.5376782970865579,-0.2969107276964152,-0.15046845366589695,0.7036706650209325,0.24442712427594437,0.13301718133987295,0.0738797709183034,-0.04240093709009958,0.06218253809499562,-0.02138640042047657,0.0
0.027083134919585566,-0.08184358894574538,-0.07207016602166344,0.19972154124213065,0.01573090992950959,-0.48696128026353513,-0.307974800921436,-0.06281717116090732,0.6873707630367971,0.273141796927198,0.18019929801475704,-0.17458199797574958,0.033626282546228604,0.02869232203021584,0.04820663699825714,0.0
-0.020391051784411425,0.1042484047479117,0.031855936171655504,0.015044892040480179,0.0786426617217543,-0.557679253687617,-0.3554710033085976,-0.1999425942921882,0.6772482557111729,0.4067815911613442,0.21590961985482227,-0.12528371308519035,0.07759356645828641,-0.1020351348253201,-0.0163909689869471,0.0
0.08675865367758252,-0.07936432818908855,-0.07117547589637432,0.02447669645270946,0.12257201634668075,-0.4652794017256471,-0.48989521204290176,-0.19120538858333433,0.7029043281129491,0.3406969594046343,0.1452038994264166,-0.049592380159023286,0.0567032244644355,0.05414611653980124,-0.04214410350664395,0.0
-0.04520577440958068,-0.12741169947794745,-0.05210090160305852,0.03728946163666653,0.1436416335236398,-0.3649775530532305,-0.3776609563302247,-0.2147198655612304,0.763262323623348,0.39606068124179095,0.2213977419930594,-0.2075800739575743,0.024949622555326713,-0.04730696755379108,-0.05764381218125417,0.0
-0.03142265487135705,-0.02978158234323463,0.00312618491750654,0.029527204762261845,0.12922177240610358,-0.5718452688455943,-0.4458553864792192,-0.2604396846829599,0.7409407569813486,0.5092565518905748,0.14677680534446663,-0.07521179810196095,0.11133279261007333,0.032642071044823834,-0.11606247243171489,0.0
0.038211354119678444,-0.1003060434697057,0.03484227431145294,0.09946682824593701,0.002349112269365926,-0.49977092358664055,-0.4600296876797041,-0.17789091987722377,0.7714229545587298,0.3679314318302467,-0.0333289378788897,-0.012422175965891152,0.12656259065736625,0.09390718705902378,-0.14180807432201165,0.0
-0.05097749273641083,-0.059587017769519954,-0.09776162958641468,-0.006332111267037727,0.1466658571015491,-0.5144160509542631,-0.40419104225981545,-0.1348144755456779,0.7760464969005165,0.5452960825186268,-0.04993689187023073,0.019612828621647385,0.08669178433448772,0.0659586825105471,-0.21383396480456812,0.0
0.040530101678869355,-0.030968636909821937,-0.0416001629475742,0.011943332860550278,-0.021993691568649235,-0.48337679425811436,-0.3925063691541075,-0.22220525765022597,0.8481248770145386,0.47580195242401163,-0.16157457393044064,-0.013369356773256059,0.024834063702192374,0.09420975939555429,-0.14917326509799111,0.0
0.033302443223637304,-0.13747437074030655,-0.12960101177698807,0.03372398673303883,0.1135968326837836,-0.45149298385820336,-0.4199745572695057,-0.3462110674501576,0.7448682241142814,0.5252363157850017,-0.1052967309984067,-0.02788393263772847,-0.060233743471391,-0.0504242134285974,-0.17331700602964545,0.0
-0.0017570589966220424,-0.038424645659158777,-0.08497220036527563,0.0569229385924898,0.014822183019584254,-0.46806971523837115,-0.43678111501650213,-0.32652155264292665,0.7764959914342375,0.5195830146719038,-0.11748611692630924,-0.15213789392013077,0.18861986659899949,-0.112461930322322,-0.14834921246376184,0.0
-0.026971613042808696,-0.03750905415722236,-0.03355413573890091,0.07525482629961547,0.1155215705914095,-0.567389244188326,-0.4812169606901001,-0.362691020624342,0.8697813555508456,0.4910450886414647,-0.16172249013086176,-0.202258191196865,0.24881085955096238,-0.06365537829157653,-0.045034200618229506,0.0
-0.0037557962958023362,-0.08802736913726442,-0.009001203575811322,0.05526539652776803,0.07581439792042215,-0.5971218006164414,-0.45038513677733216,-0.3597739857802474,0.8901617185998737,0.5027138678489554,-0.09113748734519883,-0.023810780312948004,0.07353753830752051,0.2579665473238222,0.003440224262981788,0.0
0.03669029699090473,-0.0014144515760261336,-0.15000929379473538,-0.06592001849708427,0.0822107242045629,-0.5615774348761139,-0.4642842381765272,-0.33818437338122925,0.9138892274238762,0.48728566837097625,-0.04615215458070403,0.09270109102062697,0.0062229228118227745,0.08180532036375143,-0.04561326169006916,0.0
0.06568618879924028,-0.05105317647049973,-0.12312445406045006,0.13121715565531394,0.015110942251848447,-0.6175507943449113,-0.5431131329657576,-0.3012782580903789,0.8019173356830798,0.5294960808632267,-0.12864464204241655,0.17163499181109165,-0.022827344135573857,0.04883957533244458,-0.10715531527959002,0.0
0.03847987327084933,-0.06371797952821684,-0.09252630655422152,0.06119370718148307,-0.04679247716601026,-0.5111495357696291,-0.5408853377919652,-0.3632940928804627,0.9328258948649112,0.48485111942339304,-0.17715897872295575,0.22419136812439555,-0.03705930286723254,0.1945912904325048,-0.1657890288307602,0.0
0.0577225894412878,-0.04415006307799284,0.0554287606339602,0.12821248091184873,0.1094578020615313,-0.47702179582787296,-0.5669510844966811,-0.3247694922321095,0.9582655734512635,0.5505037509798137,-0.11881390635109522,0.2514776645359589,-0.0056366980503789604,0.16495288652047563,-0.21946791986050654,0.0
0.094455039896758,-0.04663134497929107,-0.011300420968461795,0.03891365825128296,0.11491627498916336,-0.5663677807879123,-0.6137757053730177,-0.36737042578370116,0.8013409577762525,0.5720348388855865,-0.007172801754865843,0.23856024824093217,0.05102075402604699,0.17146445810108477,-0.26722156673585995,0.0
0.05098186255008376,-0.042759979635551795,0.014657780415270404,0.04415463491247558,0.09567363320015868,-0.540524693256925,-0.5981979942907366,-0.3969850655572636,0.8015562090424497,0.5716730924267635,0.005879744318300644,0.1660272204706712,-0.008881802154603588,0.11728051321920116,-0.18238176419032703,0.0
0.013940520825036763,-0.08105118198246469,-0.057505698305254024,0.013154456023009992,0.07035503394794902,-0.5647775278653233,-0.5847433399474185,-0.4355230639614535,0.8673907210670132,0.5969054092926305,-0.14426824787941284,0.08866932113776269,-0.04982446138298432,-0.02735367892416267,-0.13435264347136616,0.0
0.15561578794201522,-0.045387447798870856,-0.06853398446138992,0.06959455069160606,0.027535937637905718,-0.6414116993503634,-0.5891749567462488,-0.4296198887318299,0.7029428639934681,0.5811923273559573,-0.3348280795448343,0.060329247850321885,-0.07282686224933681,-0.13571468270950948,-0.04015536134670061,0.0
0.023627809904281663,0.054381354552580426,0.038708392488033525,0.11854490267872594,0.014231421812944567,-0.6236041759514099,-0.5827272425683167,-0.36134835866113885,0.9327296925171397,0.7536154181841899,-0.3926637807813346,0.0018704778085563006,-0.059554869493129076,-0.08202206774291747,-0.03569086407473222,0.0
0.022821347124168195,0.030655719577895833,-0.09431469630472741,0.05815659873642826,0.12699605976543998,-0.6336238507417192,-0.6718963343312484,-0.4153278746658818,0.871119043052754,0.6693884615652576,-0.17105380575725804,-0.07262812511893088,0.10755576007312906,-0.1991243453593006,-0.05601873568689009,0.0
0.03261028579833189,-0.06209929012228804,-0.09894278917147042,0.17289433261136739,-0.004546219547574573,-0.5690313860478404,-0.6424426569720759,-0.4002351095108797,0.7850931712344775,0.6512046191407127,-0.40991020082681784,-0.11545636554561363,0.1704594283199657,-0.050084674246979516,-0.07910459900775696,0.0
0.061923873654778326,-0.06688255245847385,0.03750839187799716,0.0399816531819659,0.0825774116502653,-0.5975073352585966,-0.6709803687282075,-0.430415983979734,0.8503494001212895,0.6537675324217466,-0.3597118721787118,-0.004017176653088039,0.013863422939851253,0.019728087081484352,-0.007461207917558804,0.0
0.0008039230259141855,-0.11154950106284306,0.0313698960034105,0.04723022719026754,0.09935934448071826,-0.7578794914596,-0.6839615892331581,-0.4695005652421114,0.9186408861063731,0.7819969419695425,-0.17717693005723026,0.03928389709071955,0.027005142370323566,0.04880520155130935,-0.2963265046574276,0.0
0.12960780122973958,-0.024911232936579014,-0.03318441071223044,0.07437576139151753,0.14688835072115664,-0.6647963899938416,-0.6154452447278655,-0.5016276239012083,0.8742983060074903,0.7495417203756303,-0.09343061225030969,0.02304078964855726,-0.013272102557696293,-0.1601613400346706,-0.22689165594239336,0.0
0.04681683238094271,-0.03540636760419423,-0.05582439414659464,0.19683438217688598,0.14675014278143445,-0.6167088139739784,-0.6702175719278441,-0.5000499387984482,0.8115061137242393,0.7744250864156051,-0.087700667124357,0.13270512729073616,0.010141377073620702,-0.1427039515584346,-0.0872987781857316,0.0
0.019716968532002204,-0.08574704898112766,-0.05353003309142869,0.15073776509715803,0.1334572244956439,-0.6495256581598644,-0.7048414321892307,-0.5411423952096621,1.0046793031615782,0.7169749631571687,-0.04019185664737484,0.13543017964505336,-0.1481434049319967,-0.10395203615530921,-0.16017992413519078,0.0
0.04763506194153502,-0.035164476283257445,-0.029804958277715933,0.05932110960481905,0.06869394531413377,-0.6722906790400114,-0.689359949313015,-0.5008714692060283,0.8752593475556087,0.7794939895604309,-0.17468566081172213,0.1131335504274798,-0.3186857861190531,-0.05026403682082738,-0.12154160706408623,0.0
0.11403086419535138,-0.03976806539284823,-0.15320817649638613,0.1352927910574152,0.08190131937491432,-0.7888676377286199,-0.801764221929756,-0.492510312529978,0.8414604996612776,0.692861535876741,0.022945435114910512,0.09880136346388779,-0.24596169464536344,-0.22201277168589445,-0.20513396016095847,0.0
0.06205823452648927,0.04919999136168846,0.004264058648754107,0.16050527679320398,0.03246775588479196,-0.6923143517841351,-0.6195267696606744,-0.5528061898207699,0.9387178478252464,0.677272582682025,0.01845709829046805,0.08385483671298716,-0.19366755327969826,-0.31214060881488814,-0.13719714693984242,0.0
-0.010060173994439505,-0.06555518007447028,-0.17495832095901925,0.0016720438622082473,0.01021471083104615,-0.6916095986784323,-0.75165200931867,-0.572331417640364,0.991340940186897,0.7325956023981547,0.11435078602339353,0.1816807653634188,-0.2174624029026247,-0.30712814034585983,-0.041116839714014766,0.0
-0.015197251582488254,0.062398197025844176,-0.10048158914417718,0.02408099864310411,0.0841172233761933,-0.6977029909185192,-0.6821366815408068,-0.5605668499500591,0.8869319798099969,0.7643790373332984,-0.01556461198511358,0.15832547265167046,-0.2287371567029633,-0.3502595424758856,-0.1469142390969577,0.0
0.14879353139650306,-0.1493354601915452,-0.06915981659459684,0.04315159799376547,0.06207227349311824,-0.7440095892791259,-0.7144347218302292,-0.682844295890207,0.9765125725872816,0.7980676959326158,0.022468816115053494,0.277789593946854,-0.33238101004810705,-0.33662922745940527,0.12932116842745633,0.0
0.014023510889052883,-0.07356599232530601,-0.027246225899138013,0.14728755699630214,0.07818997996944044,-0.6185016749647417,-0.783381616275008,-0.5184954859816057,0.9284221606892714,0.7674668883020954,-0.08841244094836476,0.39899237923385955,-0.3850934018663268,-0.16654390435497415,0.04832908319303543,0.0
0.005584617685071775,-0.05910994408148483,-0.008365353348506202,0.10860639554934945,-0.027971212854130303,-0.6888374186748377,-0.7833347261213844,-0.6409312870074363,0.9114328379007237,0.8188855152494879,0.06531643898102667,0.5068505785269656,-0.2094518270364093,-0.10396165998109894,0.08985508232552414,0.0
0.1332017617067296,-0.026075616388699666,-0.08805040313983267,0.16921267943559637,0.045870420383705326,-0.7062692704059381,-0.809906001960756,-0.6005373981312631,0.8648792340684297,0.8005209674158337,0.12602856070995097,0.4316211976755555,-0.08951985444825108,0.03661839697054353,0.019532057191346805,0.0
0.024629563037743933,-0.05762129667860913,-0.08180454428582751,0.07866334495870811,0.034603996568983025,-0.7440992627246555,-0.8893182661749327,-0.5696705790385779,1.0009507651356293,0.8763981185119059,0.23158358992681458,0.15282770113827823,0.044032001916299454,0.01758220937317067,-0.07544188186284109,0.0
0.0630589848319037,-0.15503170732398178,-0.051934489322417704,0.10132471056904045,0.05718583324989615,-0.7988840479721901,-0.844957967666017,-0.659299125233688,0.906820701740586,0.8612300531694844,0.19215074371425234,0.10232167345056817,0.04175922733772085,0.11070962503609595,0.07516642332178394,0.0
-0.018490966788656662,-0.09449121604222349,-0.03325154097827125,0.02542601831532345,0.057676530829522565,-0.8189832535994893,-0.786066555015347,-0.6747540690440846,1.0343066116347284,0.8429578972427653,0.07138197979323425,0.04811091415587279,-0.18336304139326842,-0.04608525280213786,0.06934106467450304,0.0
0.06248122210390435,0.051880152467725496,-0.08408044525938962,0.07375043897814282,0.09121588983059374,-0.6812650668797484,-0.8029377509039366,-0.7416054094612498,0.9390908824170917,0.8647806738641657,0.08200746090126493,-0.06278597730527449,-0.24013463499391657,-0.057178559348950136,-0.010203698268283289,0.0
0.008945494733412995,-0.036691204209505016,-0.0772889177511687,0.07200081814774488,0.09239514251347586,-0.826001298279525,-0.8272131205182655,-0.6832532005428582,0.8932620909749254,0.8066791998683273,-0.07089608497223876,0.2970418931965866,-0.11876377830282865,-0.04956560718891635,9.645171069746182e-05,0.0
0.046859710093494045,-0.0008198398012191632,-0.1435726979951613,0.051620745951376217,0.07945764779469784,-0.7382542609321335,-0.8562574351293792,-0.6747003232002345,0.9693879115547147,0.9214881680549517,-0.007422620390006934,0.23949452894842638,0.019908823919149388,0.054796353286294175,0.029375462200203078,0.0
-0.026764849313411995,0.061959768358280154,-0.10165344826092901,0.13799656079258282,0.11966972382597689,-0.7470398420472317,-0.8362596864292693,-0.6783974197827872,0.9019173273356846,0.9479542269324351,-0.06903863850290633,0.03134262545670338,0.0749698343621785,0.022194541067288107,-0.15818478869624125,0.0
0.00018654125314394865,-0.04611026202097235,-0.07881564506139249,0.11592297566929682,0.08646425106095039,-0.7355693240675442,-0.8264439030277201,-0.6950017268763712,0.9802262040334984,0.940522086896153,-0.15442639120521615,-0.02445476784607123,0.08955640585767836,-0.09648830989379881,-0.22403967709492323,0.0
-0.042899164710502355,-0.033562132694357275,-0.09404883967796109,0.04442605902348462,0.14327119629391757,-0.9111358544344649,-0.7996092409842224,-0.7745985286145918,0.9295863549869678,0.9429663390650426,-0.24893736741498035,-0.07921384638846694,0.1295244198703866,-0.015838323887558098,-0.22705612677864703,0.0
0.09612807509479565,0.02621154651007903,-0.1255080735595043,-0.006884058827215642,0.005478840230304788,-0.7308925237992628,-0.8871598080656105,-0.8396171170283591,1.0219701447564984,0.9221153843987758,-0.19793982627277468,0.1649175285310991,0.012624334646721191,-0.13929156556525887,-0.23462031547515097,0.0
0.01929171593636452,-0.04338315420735917,-0.1271918085934946,0.1290660615618394,0.03137453969143129,-0.7975153523836457,-0.9072727875131583,-0.8397725935227561,0.9001258322871256,0.9396772423447148,-0.13890394762909017,0.0625359811689338,-0.0834355778980231,-0.25094027122204465,-0.29748980293566485,0.0
0.04419276355933062,-0.034122904465462935,-0.060993872166253016,0.058914517571702574,0.07691286877708642,-0.7309038631362536,-0.9360313736492354,-0.7200341673113809,0.9901922870551787,0.8773703084266201,-0.250391131289641,0.09210794770212558,-0.04518338343702874,-0.30853333627308527,-0.06671029347492852,0.0
0.08921621898400026,-0.12397065595418894,-0.034667677352515636,0.04255810824395133,0.10090494022975548,-0.8386339351918742,-0.9017093040262072,-0.7517813890410495,0.9920999177308581,0.8651086415978778,-0.1364731164076417,0.06645723215106521,0.03688422093078646,-0.18617597569236682,-0.04426234642074255,0.0
0.01757783752659663,-0.07094722604420785,-0.07553632662233047,0.04606395383901786,0.0204455517728696,-0.7833610787783498,-0.905477976872487,-0.6894157072773248,0.9592876995835156,0.9378038373215074,-0.09416377574352915,0.031480422936968164,0.0024174287000529836,-0.055047483116575785,-0.12930965826821736,0.0
0.07590771127970443,-0.1087030785042526,-0.04537837538328575,0.15819590043221987,0.025779112795367556,-0.7443741796746465,-0.9054896773880184,-0.8432511179505923,0.888368700561192,0.935929974461157,0.017838857948922746,-0.04850724807698452,-0.12809425622096635,0.00191084838529431,0.004106547762097165,0.0
-0.010363353718104821,0.020976691334860992,-0.04977571683805287,0.05117456479870154,0.04592871838902214,-0.794882045163189,-0.8615149099019075,-0.7945385480166607,1.0157784232851974,0.9522199276139824,0.16761355853789678,-0.08634717227596297,-0.2063279830004977,0.012930369542662993,0.23088377849805183,0.0
-0.029878780314344735,-0.06563363613086359,-0.0378680464703106,0.14183936492496724,0.023766657126448806,-0.8996409411517825,-0.9356721608022779,-0.8231557362831324,0.978942949932161,1.0434661851388127,0.21676317267765105,-0.13845997254849474,-0.18865617240141938,0.13916843855676242,0.337932417622942,0.0
0.06823942319027243,-0.07065219495322381,-0.12153770831487147,0.04435429083629611,0.08200172889046495,-0.8405234202101419,-0.939492045066006,-0.7480231955351831,0.9847347405398146,0.9420409521013958,0.3089073306880792,0.030844009877657785,-0.11462630830792188,0.3059349244538242,0.32573293062372993,0.0
0.04005898657078805,-0.004778955818947928,0.010171497144635902,0.11664591205032171,0.02169298285306373,-0.8333607930075964,-0.9172200554227069,-0.8395647170391782,0.9311802948938224,0.9915718616938747,0.04881772112036903,0.042388595770301546,-0.0433077964065958,0.21254636401963245,0.3071707354564499,0.0
-0.06014012538582247,-0.08277698282888898,-0.015761325224220496,0.11235307397881475,0.07316331531287104,-0.7299267263508555,-0.9196512641427717,-0.8025069530793257,0.9141663964245161,0.8776929998082572,0.00297554878123768,0.03245258489434409,0.027276263275756663,0.23701145182048566,0.1899186082520556,0.0
0.038761854301117046,-0.055739902763712365,0.02191675154280373,0.1552940785760989,-0.003096724592288297,-0.8604213251164983,-0.9012644101532198,-0.8499668358212307,0.95749101133335,0.91201495162434,0.06805013555630521,0.009933804185819746,-0.1844427274994735,0.27678182604744817,0.2080553098190358,0.0
0.08991812032839548,-0.044840758818721835,-0.10048944518726884,0.14400783119828012,0.13869356689419002,-0.8603444265038885,-0.9262582169527627,-0.7354783562439047,1.0017320109961283,0.9485337115161172,-0.03932092448118625,-0.043612732150827546,-0.018521636098303887,0.43986442508930923,0.19137741917377157,0.0
-0.02948954997745394,-0.03145815895224065,-0.037456021895435884,0.08211354340999125,0.03183787878585027,-0.9031266704010068,-0.927628587923268,-0.7775988802081882,0.9513491917984092,0.9850162628449628,0.1440326449313788,-0.01416111261816658,0.036046046320034275,0.1972007102564628,0.20531591335677118,0.0
0.11391630888528904,-0.05811888303420884,-0.11802383551266359,0.17065671679247119,0.07252179787034221,-0.9427829621659897,-0.9434003269917783,-0.8855379827205498,0.9988691918399979,0.9076184391482517,0.10930822614745209,-0.14857652289187637,-0.20726691010045625,0.10744971868650571,0.09083946279418599,0.0
-0.012475775530856964,0.006711126541920666,-0.05076112114155153,0.06552573076225054,0.1015252666608861,-0.9372498241085495,-0.9582251843518333,-0.7999758769751737,1.0022766534830692,0.9557848426537363,0.059507822276435196,-0.12481675871230631,-0.14091058889688352,0.040801022416193974,-0.07621255211806134,0.0
0.00625128676292919,-0.038318926514362354,-0.08989509981222016,0.11062234699581812,0.1121637151966273,-0.875281950316731,-0.9815828556603812,-0.7351652569582914,1.0166092480090667,1.0559270838415138,0.07541833845486692,-0.15570017406764047,-0.10454404676165695,0.06333719697899373,0.043707750731341935,0.0
0.09844094909293079,-0.05279139411190749,-0.06718810071772643,0.014890535624738327,0.06408860419283496,-0.8651398827653194,-0.9430829565455304,-0.8646460803418772,0.9654638279232222,1.0263074672930765,-0.06674961800437465,0.06928542101201257,0.03020902523746899,-0.19491157845975612,0.09481055204605952,0.0
0.08888809539601543,-0.0065626053421051905,-0.13279209673563452,0.06405599912980733,0.12469136053208899,-0.8630580918690012,-0.8797947186681492,-0.8992277561213589,1.0465319999883902,1.001582221794202,0.03481143179291858,-0.14237178895430344,0.08200708701546683,-0.047047918759994145,0.22597970148689772,0.0
-0.010553904378305924,0.0072337137729563475,0.007096260579912569,0.028103738537073444,0.18252068256199588,-0.8799928520406107,-0.941851444123335,-0.8970500327315668,1.0522371876509575,1.0445484300289203,0.007173825299975383,-0.17281643026873292,0.012271617504126899,-0.05530946738333895,0.0781483594745093,0.0
-0.0897304232184281,-0.024932322460989108,-0.08383974567498215,0.13806367382064144,0.058816932499549265,-0.9220313915551804,-0.9583483247523356,-0.9100308078518649,0.9975081197220653,0.9884444648020669,-0.015546557880598909,-0.017833781847153507,-0.02866326177892023,-0.011858884351463497,0.15777212948005698,0.0
0.09244024389329689,-0.08548634141113483,-0.11895044680790434,0.013362782018291039,0.12815245702829473,-0.9045101891322681,-0.9215083660343519,-1.0181553949028699,0.9246251030207087,0.9586316596524677,-0.03690777451324639,-0.031095746710117028,0.06281626703826926,-0.139492233696629,0.2746607937292379,0.0
-0.02591575324766257,-0.033878494488714696,-0.0008072101158818415,0.03675934167715865,0.10760853755624435,-0.9410424309961873,-1.0502899030748507,-0.99862812847489,0.976604800259309,1.010892242101423,0.011734367669845727,0.056798873479394704,0.18119358701240765,-0.22850687450248777,0.15290284469686483,0.0
0.049342210211491516,-0.0462308664457498,-0.13581673587498352,0.11117874327307023,0.007110550157356135,-0.8685506892164532,-0.9691771628479289,-0.9446793427210426,1.006466555255613,1.027452524073629,0.025208742473720982,0.03658624613041138,0.1981478058719759,0.03607355006064411,-0.013899084906611153,0.0
0.046287346110439165,-0.03924605655000937,-0.13028755074151466,0.053963279345961984,0.1372563397331728,-0.9806930560333936,-0.9441373438805399,-0.9006961998935938,0.9491643003910348,1.069886326965028,-0.05249153954654738,-0.13585534745188252,0.15568361339582812,0.17813980525018577,-0.18179183512940178,0.0
0.02281567356396825,-0.010437135487619861,-0.0036125753427332513,0.07348686917395815,0.06765441057993377,-0.9613652215370444,-0.9984015433420196,-0.8776674747657038,1.0478156785362496,1.045405438173041,-0.09464553784637433,-0.23778668958725263,0.20254840813666064,0.11727486065638257,-0.35151441506765213,0.0
0.06556490909277753,0.006323892359859737,-0.036113314051286385,0.07767226576902969,0.13587389531914884,-0.926336539299431,-0.9679492402307249,-0.9521115902986494,1.0058330886314846,1.013894203408708,-0.2389286261475315,-0.026685373013974112,0.1309004480002452,0.00313625354905038,-0.276372101452416,0.0
0.04381523878384271,-0.1175805931629918,-0.13161179507869153,0.05348109632654943,0.05026866443860529,-0.8938245417239701,-0.9678282255716043,-0.9681365581267801,1.0151647013287592,1.1474225168886605,-0.19220596901959847,0.05179072300074918,0.14743639591462834,0.04195244037625209,-0.10672323320950303,0.0
0.010041356497529314,0.01188924727907631,-0.026478483216482128,0.05968417769199601,0.19407846608034757,-0.8935012927455284,-1.0044524641723394,-0.8845101000650737,0.9786504310937482,1.0785905645876879,-0.28331019435891286,0.10326702700382487,0.005585820905344124,0.03915646924056378,-0.03915946627062034,0.0
0.08590804161859325,-0.10202178167132003,-0.0798652067037613,0.0664639192994288,0.08504042937908443,-0.9216522171029098,-0.9989825662703989,-0.9254463496822494,0.9159717903146133,0.8780267938729764,-0.21668660929037975,0.07711403547617397,0.0331657605518023,0.10545159054407414,-0.22766394992356304,0.0
0.060051350105625574,-0.03470511142870744,-0.09315837496101576,0.13839019353296766,0.11793705124062066,-1.0375667999191471,-0.947212622059329,-0.9102447082997683,1.0187449093354748,1.0626780188088283,-0.21646447152564383,0.14293290293877461,0.1319275296572499,0.13258059060880462,-0.2924567669322809,0.0
0.061064087845226274,-0.028281574438520262,-0.08452748242973043,0.06300738807533496,0.05255688161824267,-0.9682327580906386,-0.9969562272430561,-0.9066943313080302,1.0220576084007766,1.0202060560802546,-0.23860909359932825,0.11231352682361756,-0.06224542430073397,0.05427697287191045,-0.24833595973599315,0.0
0.0006435937489659843,-0.022949390796536805,-0.02159770656023846,0.12615839579439897,0.01755870973766073,-0.9410649873311256,-0.9928990408372615,-1.0042594894958503,0.9608861045612165,0.8491963813714286,-0.12158435910901014,-0.048842063832965146,0.03555245622384377,0.16094086961860873,-0.12178348023110948,0.0
0.012732434974271525,0.008636860406496534,-0.01984557530465382,0.02456280261788671,0.08003577747368555,-0.9919478373652709,-0.9976461162883984,-0.927330719639315,1.043613179268482,0.9814203702574619,-0.13995214380118318,0.03721977562637906,0.1056679374630649,0.183715377791291,-0.0318868049660265,0.0
0.04079203749291126,-0.12343922067612507,-0.12038802677165461,0.09037198996307891,0.09125079583795537,-0.9103946734431096,-1.0456183699607038,-0.9184687636230191,0.9559880596589209,1.0011882711298903,-0.11241851987713046,0.08390257897247817,0.18317482731364954,0.19842955755950797,-0.12598073074529306,0.0
0.06428979210162203,-0.07685717011355861,-0.07836571484266318,0.07326303601577304,0.059108673007404605,-1.0268281102721128,-0.991954429845349,-1.018557819051404,1.0147287781186187,0.9786757158576667,-0.10747604126804927,-0.13382248725938561,0.05567693451630481,0.16235005694798138,-0.07663229054234391,0.0
-0.0007288523491619341,0.028763971443405284,-0.16219469679447934,0.1184952726449677,0.15514998368375388,-0.9266171451619966,-0.951979791864286,-1.0598161883974342,0.9162961799784753,1.0041025055888773,-0.11766732290469595,-0.1194762778590297,0.05030313091289611,-0.009326059783832552,0.012851447398319296,0.0
0.06594779564112332,-0.033094052614758895,0.05493498209194626,0.14039580903045212,0.19760660476965528,-0.8824894572590701,-1.009057064800026,-1.0696958212169427,0.9922856225069624,0.9654963947376866,-0.03531836604694531,-0.28951241650408666,0.08521476048359856,0.1851666961714456,0.061001876503764596,0.0
0.013088930576705526,-0.04420901683521039,-0.0032262624804887535,0.057781620979730275,0.1551021208935912,-1.0500331365177953,-0.9891100090571862,-1.0100407798111735,0.975904329165983,1.013340228854792,0.03282809467641555,-0.1807395238900402,0.02555512137328443,0.05875630701079035,0.13275822064617737,0.0
-0.00025581349898331357,0.0485891614210099,-0.030398474643125017,0.07743620468821116,0.21256938278842608,-1.000897714519678,-0.9833017261695791,-1.0145940604989883,0.8976499390828715,0.9114615496724364,0.09656705396339091,-0.2390722622258442,-0.07025942669653625,0.19738463926730135,0.2190584158556988,0.0
0.01750861448053615,-0.0413373415430663,-0.10656336696492245,0.06519138763024154,0.06369357213516096,-0.8875549944838729,-0.975974085509465,-0.9973835489850158,0.9588132950714281,1.0265107848671682,0.19136943000255358,-0.3072339996560328,0.05756613007860716,0.22001099201463023,0.2642690377518143,0.0
0.0035538184343564053,0.07673238984287994,-0.06855312868991412,0.006203617732678093,0.05473782616640191,-0.9838524715392133,-0.8903511098509601,-0.9551080763422428,0.9834169538287038,1.0388971584041256,0.11560334877450268,-0.26638243912584014,0.10482416050087326,0.16437471625765454,0.17894715698867003,0.0
-0.0047956595472107635,0.0023842175126808605,-0.018300545744052377,0.12068177411022714,0.07906206938738952,-0.9469941603216357,-1.0098979587139854,-0.9931330937480056,0.9562566045563103,0.9956655236229489,0.0039007259139236944,0.04491286403498615,-0.0020102491741258166,0.25649035611921844,0.1371737528862214,0.0
0.1675122341157742,-0.00430392356055663,-0.0572014122768021,0.1374915133219826,0.013201308423531233,-0.9924607737616833,-1.0172768270754091,-1.0206866254533569,0.954787523302475,1.0376411693516732,0.029727319480368008,0.026032045204310485,-0.11323363972058559,0.06417660050607263,0.03882769388700877,0.0
0.11867469653822804,-0.05858700373640037,-0.060757066806217404,0.0929348302792287,0.09305767143549788,-1.001989712368256,-1.006984647750678,-1.075844865010107,0.9112055045392404,0.9514891410855881,-0.1410761569287839,0.04168504853235302,-0.14330238672518888,0.1331356383053377,-0.0026064817723645897,0.0
0.04760090401464516,-0.07158057269636715,-0.14604229003634098,0.23760742819916908,0.08484063193848891,-0.9684088631929382,-0.9901260583412638,-1.0270397935493847,1.028029630215065,0.9202562591103782,-0.14975209331018152,-0.04735977564247739,0.007546221278511719,0.11187139796715738,0.08219300041641879,0.0
0.006556239225203708,0.002278151087508739,-0.17980739392745093,0.07306089725597006,0.026816503043120735,-0.9806719495750926,-1.0070372225637525,-0.9906953700456146,1.0361779168374605,0.9169083211993453,-0.19681883897470978,-0.039249964250402274,0.061096524744378156,-0.0901717797189925,-0.043955489423642274,0.0
0.024680200384702002,-0.028657931437212267,-0.03622865430374059,0.16317739869003733,0.08166937219529585,-0.9115904759049165,-0.9460323506011958,-1.0150247357018092,0.9656191036109043,0.8868634030770244,-0.3510211811063016,-0.04750872389974814,0.06551939872067289,-0.18410013473191128,-0.1883285849520131,0.0
0.15699719103517765,0.004732246445576953,-0.042747607169173564,0.09479553268926363,0.10110259038715966,-0.9745657474066277,-0.9278352709899105,-1.0391311660328124,0.9805687692981828,0.9951466690577828,-0.32563189880441573,0.043663794539713974,0.06582656165819144,-0.24451216839289158,-0.20971540205281017,0.0
-0.031198478976885213,-0.004772195634605403,-0.06726153207746369,0.13020386478787982,0.12352080016752082,-0.9685685487682049,-0.9713410763019812,-1.0440551573180696,0.9537053433390476,0.9176079121282724,-0.20953565648534372,-0.07916890097249404,0.1887928068103908,-0.25895514429206146,-0.151600521499109,0.0
0.05440533815910095,-0.011487579354187987,-0.0609127131669286,0.11164079869754145,0.04107078364998086,-0.9533150108741029,-0.9619227628950358,-1.001139090222698,1.0468151279430218,0.9328595378248451,-0.13601643910153188,0.15755411547757095,0.15579444307043866,-0.21014966113005845,-0.14223772255626846,0.0
-0.0013709225387835977,-0.028149899957640587,-0.048597997760640874,0.14598267800688627,0.18658100356141066,-0.9353467507348605,-1.0088313309001533,-0.9681319198632289,1.0182326831783568,0.9004888803210586,-0.19233220484497965,0.030010129068793703,0.1972210632313038,-0.25783641351303355,-0.10073892709200964,0.0
0.015572122081383259,0.008105870967896875,-0.019483372139850436,0.1374158209870098,0.10363875241764105,-0.9526102496945357,-0.9711601781098492,-0.9383661763557243,0.9556042723289565,0.8952070651830603,-0.17944938061564442,0.12252263794489893,0.03509501673180308,-0.32602139914669404,0.03701469889238071,0.0
0.09177668677138984,-0.05807684097228743,-0.029450494582675485,0.16747229246399342,0.04456374096102046,-1.043306728337586,-0.9540158411728629,-1.0132916477797564,0.8815124195402243,0.942287721877778,-0.29108576660017016,-0.030013887464253486,0.08485428414003961,-0.3488302690734395,0.091607207964672,0.0
0.0335946039771877,-0.08894582726968102,0.006431633220456437,0.05333086233489333,0.06892876272237951,-1.0620955392547609,-0.8970020243960789,-0.9746958833098659,0.9034346441661942,0.8495405307028114,-0.32583902412373467,-0.06967698335108177,0.09410962204912354,-0.4013704597699629,0.09946858508303058,0.0
0.05477834368606668,0.02143897912619744,-0.1438572635918829,0.130989912513937,0.12629492226574887,-0.9948669931196367,-0.8827463877970944,-0.8980859552358098,1.0061585031576894,0.8832632099518463,-0.05278936632948025,-0.11466761889528124,0.0789875601104236,-0.382937463554237,0.2742081139592092,0.0
0.038301128812439016,-0.06109394548691266,-0.12593047711613564,0.13615364797276533,0.07807871134201921,-1.0417210182102454,-0.9196638475419244,-1.0652899126133772,0.9414529828009023,0.9241034974151883,-0.06328567847473543,-0.011749079744216212,-0.13014134933964813,-0.40723319445317324,0.18685504435673725,0.0
0.06694327615357468,-0.005626877145406415,-0.14103853438682182,0.11074033371717958,0.05042430860303183,-0.983872982252184,-0.9939667414649656,-0.9394753069815961,0.8877113054471133,0.9630826195061237,0.03477469028253943,0.0026381188220584283,-0.14349344731634034,-0.13481470232077705,0.15008488443229268,0.0
0.08859516572813021,-0.004086659166747848,-0.045815745142383596,0.08100637827890173,0.13508515458142523,-1.053378282919125,-0.8914780659336858,-1.0181962187717484,0.9761706153613832,0.8233346296462631,0.12252210396482231,-0.13978174401948892,-0.09009869377460411,-0.23422334381375953,0.06347450266532344,0.0
0.09695990095801986,0.02807994508194797,-0.09672585411341394,0.08867829770352206,0.07691794595763288,-1.0084648444175381,-0.930484099692511,-1.0220368702319085,0.8270062902376294,0.8815501294777023,0.08298186333360127,-0.04447935246709783,0.1594396545057661,-0.2893488705905414,0.007457218414160402,0.0
0.11530251833938686,-0.12932240144048113,-0.08873352219372102,0.05832749285302215,0.09327089714351686,-1.0460569946215097,-0.9711104255926845,-0.9467258628186833,0.8689326094751728,0.8587034576814813,-0.019760076796190712,0.05024578719677851,0.08112201442852066,-0.2213525344869372,0.003280726621618821,0.0
0.021801884744856254,-0.03728854571653699,0.0138413467679879,0.11695639978740356,0.0556223529007876,-0.9866862195383713,-0.9217264018357934,-0.9569370974575063,1.0270637965999065,0.8818763990609277,-0.2515862613740001,0.19163037640154618,0.26034407546500665,-0.22176250350251347,0.06550577156393787,0.0
0.06527931379037692,0.03375257493599279,-0.06418551914660502,0.11392915636717117,0.04862234295010667,-0.9642956765961135,-0.9969795248065145,-1.0149209672739312,0.9290359828463419,0.837748798273266,-0.23223549655029693,0.1910338843525093,0.08082110924352523,-0.26740241175965374,0.27305544667729525,0.0
-0.02676487697423339,-0.08568739802722312,-0.03410498899374925,0.14642706114834275,0.14260069742296386,-1.015806608610429,-0.9177993695280763,-1.0403176316653266,1.0192504782551832,0.8528712699108036,-0.08401631559345168,0.18521252967649698,0.07694546472930576,-0.3418660697759389,0.13406171175509107,0.0
0.08658114797569377,-0.016607913912343147,0.009802459106322145,0.07813056702998492,0.2565746700867268,-0.9880301521392673,-0.8617816202435842,-0.9314009223940494,0.9531627411416457,0.7631590260286193,0.005899282847941514,0.14974109595291782,0.18105966299357326,-0.3638260276258545,0.03981787265434815,0.0
0.05716771851594819,-0.018547585480669974,-0.024572563754995273,0.09763358665484335,0.21070085492188462,-0.9087899170160179,-0.8322115755366966,-0.9700248235888277,0.8795842301093172,0.9403931300783849,0.11248394082732283,0.19893718529937482,-0.0011404567802482113,-0.2710462330672522,0.1274613609808069,0.0
0.12645819761383575,-0.06837360729166721,0.032174671336421656,0.10990276330924645,0.10980294865225752,-1.1119976561884688,-0.8677237731992146,-0.8981452362088339,0.9307061135904753,0.7245918993510845,0.03421828199337232,-0.023016755722652216,0.04458132725114103,-0.24249648092560508,0.034178430982389874,0.0
-0.011970964227424746,-0.06463692024166583,0.01020552086665584,0.058415312663135696,0.17279654163037655,-0.9883094468320733,-0.8596584496488806,-0.9925008169292499,0.856725161813449,0.8254505037978401,0.03468270679437164,0.1443126423827808,0.1758148097511331,-0.1626473537054766,0.04889053278330001,0.0
0.09755469045627749,-0.05024168257092555,-0.025014081190632514,0.11748742152241892,0.15910978340866916,-1.003241214629668,-0.8841208377182547,-1.000570334673025,0.7790716888092855,0.8023241748175046,0.15794680312440687,0.1348724448128703,0.18916393360302536,-0.20026387630076076,-0.14158380779797408,0.0
0.10112998295213882,-0.0031443913075495135,-0.10187256537479539,0.14733152901676888,0.20263871856086207,-0.9757377730002519,-0.8723923415513823,-0.9482279771361679,0.8473456803759373,0.7988466737587858,-0.05143796817608563,0.06595654420855795,0.079035457717094,-0.21575303806809806,-0.05177188759604297,0.0
-0.0035535997052120877,-0.05721660714289049,-0.0829846433259532,0.11068602266136254,0.1457556379776434,-0.9892624113230603,-0.8139481720788825,-0.9269512982417003,0.8762677952321231,0.8019696735915309,0.1147773403830035,0.03249432400808529,0.08571801914175137,-0.08803656778095548,-0.09523969580753343,0.0
0.1100836188142393,-0.11357602408637253,-0.11153154694889897,0.08046083127605333,0.05537727775454476,-0.9767472386445085,-0.8550604597788738,-1.024736734087431,0.8844807891999462,0.7160536045342701,0.07800038234121102,-0.10798469846562375,0.10377337392620326,-0.0036098497448477235,-0.08759295976007661,0.0
-0.08569648310464872,0.042344058719681485,0.003851936891132654,0.09163265666595422,0.07939536941751495,-1.0558549004736286,-0.9322429250918606,-0.9506278095836354,0.8925089885801826,0.7745896018488727,-0.012579624320122898,-0.18258676270025342,-0.016681196644261084,0.05084348300892851,-0.20354494485525176,0.0
0.03900552860231054,0.016824501333312508,0.07686900705970447,0.1802613905661595,0.0890188535220722,-0.9767894819323513,-0.763970733589297,-0.8915523538362925,0.8281191602838902,0.7660691113434841,0.2634851861726522,-0.1643428263625708,-0.10001602024458342,-0.10987321836892991,-0.05275632126941808,0.0
0.11687445510950431,0.034281318287357976,-0.03433029865571142,0.24894290489177362,0.11776843662928467,-0.9547947672442497,-0.7879627020309139,-0.904360797509296,0.9164603951994434,0.7105190716329649,0.1877548181158386,-0.0831375235964543,-0.05230635620705524,-0.16273401210521712,-0.009771520922278662,0.0
0.04020532933795601,-0.09214965461322869,-0.14075930423306934,0.11280299524912221,0.10765757012360597,-0.9702379023001666,-0.7855730499669308,-1.0361848061452146,0.8554339975552149,0.7482292004845005,0.2728963681392104,-0.18402901957901022,-0.016801388143474018,-0.13428338624884711,0.07229500218186094,0.0
0.05736166998252054,0.01326917101481169,0.028121561175119686,0.10363226758093524,0.024314728649133102,-0.972523965337573,-0.8162395891878865,-0.9217097863015432,0.903014159289326,0.654405155578343,0.1629871599858125,-0.22911581937971556,-0.04151798386092463,-0.1400333146971782,0.07240447460224561,0.0
0.07186559801601403,0.0014092411235895573,0.022645937822084683,0.14798300732151254,0.05596413158396253,-0.9584441846750269,-0.865764254363483,-1.1148933247199537,0.8026338065350785,0.6751207814553987,0.2559228876026801,-0.12097218721155187,-0.22085492732730222,-0.1900449868949874,-0.018832418199525462,0.0
-0.028330566520839394,-0.0008051172704989784,-0.07195128300503063,0.07097520363164982,0.15846757668891404,-0.9954660287517835,-0.7383684457576496,-0.9517474558567723,0.8875485103320455,0.596195011252488,0.3466657998408501,-0.21339344174569305,-0.06697454550953622,-0.26695209542060305,0.09005274428781235,0.0
-0.018150311081855122,-0.013809382549315827,-0.12068152450307681,0.11502240072482713,0.13922182172177575,-0.9496798801058943,-0.6583690203742771,-0.8961726727170883,0.8612195205954468,0.6996988303862061,0.23405205737388385,-0.23135722660677854,-0.011973891732994475,-0.26061579632849113,-0.17491970392384382,0.0
0.0535363117417953,-0.04900557790266068,-0.018076924273271767,0.09831339173281836,0.08278421426084799,-0.9960808468775426,-0.7657914426777215,-0.935339781081014,0.8309869327758933,0.7271509045471194,0.28486134102065924,-0.0974958348387735,-0.025429501933336186,-0.056239930701402846,0.024285802771300713,0.0
0.005128217946937165,0.025823396738865086,-0.08690350017500845,0.03233442105367193,0.1589293776439034,-0.9595104132746656,-0.7330482728398652,-0.877116316092105,0.9020855232208691,0.687355462235827,0.21223543529466657,-0.12004469468482507,-0.037294915342006074,0.06246171365620154,0.05700877252109142,0.0
0.09329472136614396,-0.028588886624717293,-0.06275608297654306,0.07831761611291496,0.10648006559292945,-1.0123298710694681,-0.7191222119208391,-0.8980333301678493,0.8402464916427896,0.6429839861687385,0.18654817733431592,-0.05454709850569303,0.017392756198807664,0.047166329559422585,0.06306970608312917,0.0
-0.040993948120876825,-0.04095432855504255,0.006576364492955344,0.2614337639608447,0.18118680796621978,-1.046715668284518,-0.6599445805775564,-0.8039981406822384,0.8198094987680361,0.6639706794889888,0.07588464307121848,0.0891830043877549,-0.026723283260504934,-0.01901612854197602,-0.1389349012814127,0.0
0.15433997175348207,-0.12772904286147538,-0.03356446262670344,0.11741896785518399,0.15651888461540292,-0.9568027833237338,-0.6415956672672738,-0.9192036167777866,0.9642544451165614,0.5387913324452404,0.18434167318389427,0.0005355589976599462,-0.1442661623049131,0.027734359014186877,-0.1605715171352033,0.0
0.022560886180567365,0.014784312707994594,0.055887419468506644,0.17947075029627396,0.08610645193913086,-0.9775012399058076,-0.706256432907011,-0.8490901678802385,0.7730687710361794,0.6010162111047669,0.46707807754295294,-0.1077653662494277,0.030701437191438058,-0.09546967248356854,0.02257517097573375,0.0
0.0562419224913069,0.02201487870278155,-0.04912833247987686,0.21124338860927638,0.09896534315430579,-0.9716415338035107,-0.6694903833222368,-0.8738870197328223,0.7647709077443328,0.6041968842958235,0.22784801590915071,-0.02439595871112106,0.025671167630526067,-0.2582705058759363,0.11673793042721942,0.0
0.10576122292557008,-0.019771671608098472,0.06167308515940666,0.27621527040819205,0.10784290058133598,-0.9728093308285386,-0.659031892164577,-0.8489822957773974,0.7701206026681576,0.6541980823659713,0.02787077166462945,-0.04279889712533509,0.11150934357428487,-0.17400418030934406,0.09714368826876271,0.0
0.009620637764152326,-0.06131760221042357,-0.1480554322996092,0.08931746951101707,0.14683026455628917,-0.9610619778161122,-0.747925143552342,-0.7898376264577638,0.852821701142701,0.5242732385525373,0.05268593354179375,-0.09702300236967654,0.03474517825018679,-0.13278587498736305,-0.03293679164382764,0.0
-0.036677678275568615,-0.0027604936088714838,-0.054287697670319,0.1873234531536469,0.17174291336521408,-0.9970369284586826,-0.7062939553036846,-0.8106420102193056,0.7452619127471595,0.5909364220318417,0.17640520534127818,0.048635970120399996,0.041294784914075136,-0.1278096558534552,0.022713176885584194,0.0
0.05585904799321244,0.022868988936814626,0.03669631687481495,0.14899012220475005,0.09368860391094531,-0.9910511294351916,-0.6762253906678946,-0.80807390152521,0.828393077455875,0.6299468989632362,0.19179054869575352,0.04324917819959988,0.12716470832353063,-0.2493047507361208,-0.012525978801927299,0.0
0.0279578102671476,-0.008713477509364128,-0.0601232371780826,0.1606491808236311,0.07570325763485608,-0.9484333480396085,-0.6771052921656223,-0.9066865691216441,0.7738635134906147,0.5871982332496527,0.18793295552930078,-0.0060384412624086,-0.09536658193724253,-0.341431035821503,-0.021704956012101824,0.0
0.045324117217041805,0.019139230251272607,-0.12025736589706165,0.23369115913001715,0.07332202337909582,-0.940316776586302,-0.6346431495778653,-0.8839693521588775,0.8476556569769627,0.5871044885678568,0.184420589994171,0.03329113834365313,0.07346164055105138,-0.12695887736402456,-0.04401749659803507,0.0
0.041889403638309286,-0.09012357980054256,-0.09280408966847314,0.09928434745695412,0.14256551676838403,-0.8957191252221058,-0.5148335359362148,-0.840369206177004,0.7628609097403415,0.5122433169766937,0.18428098420706324,0.028159670672727292,0.0466855434394954,-0.2731407375993792,-0.09308211653803453,0.0
0.12418673641303174,0.028421917373915626,-0.12197797512476265,0.11969085702710203,0.07481151705364972,-0.975670056513666,-0.6190590477478065,-0.74154455194267,0.8146725933924277,0.4735657321610797,0.008975741625370182,-0.035393684452690914,-0.05438083569397007,-0.08581693522713524,-0.05621492860118786,0.0
0.03193839008265382,-0.04744000121460377,-0.09406893098973129,0.244555577116881,0.22485607614406528,-0.941455071314386,-0.6313804247744308,-0.6894503465863322,0.8207714957779931,0.48675873781974166,-0.08050110959506185,0.16055395177230058,-0.1603887450924771,0.025468381735415935,-0.011693995696275633,0.0
0.03475026293296664,-0.10978377871631491,-0.03821021050018712,0.14404691606022038,0.14443800320746114,-0.9234446308564536,-0.5837861825761053,-0.7962864975967336,0.7999048880776619,0.36208653443597794,-0.040043495353611756,0.09478548440150286,-0.17337201653912415,0.24534903727112403,-0.054721161831528455,0.0
0.09559038989074564,-0.0420308051346653,0.0440486463140258,0.1865392129181025,0.122029013989833,-0.9164165210484385,-0.5601836523023267,-0.7633048999603294,0.7020237987289499,0.3705449486560459,0.15178010447199541,0.22189066148502717,-0.14897835868511564,0.07860783112458186,0.03743750385103274,0.0
0.0724157791850818,0.05660814326001533,-0.027658698890120587,0.11883770242723937,0.14396904490023954,-0.9207352839034313,-0.5559386294887432,-0.828213844253454,0.715550115507388,0.3668275700959588,0.2203934516908313,0.24175292939979592,-0.03076926643396831,0.13784433392049417,0.05156628515999983,0.0
0.07794823289375655,-0.06263516596886336,-0.04203744879594577,0.13149878953283628,0.11591723904124679,-0.9457645413971982,-0.5701873667683035,-0.8255142287683006,0.7370039750328021,0.37062650240556144,0.0808840582208883,0.2684911047414448,-0.013956913293315706,0.17173123800657356,-0.025354424936741546,0.0
-0.01295153023291367,-0.007477435500215273,0.05216126963247973,0.18350966188365148,0.06834046397534632,-0.9578128958421684,-0.5661660154544441,-0.6654161867287639,0.712796078441573,0.37502305146865084,0.18445684774604126,0.21725518265186186,0.012419637122166012,0.2377006581125644,0.08814765207087129,0.0
0.03039351975889324,-0.07365121993212037,-0.052026869911127316,0.13341200899418587,0.06798569713886411,-0.9866208256368911,-0.46706423885716375,-0.7532107924561411,0.7812592751200423,0.4069335011636784,0.2820816306683891,0.24662244187455243,0.10519433882687536,0.22635311424970944,-0.033608617047000494,0.0
0.09002166836384676,0.006292770232866573,-0.14633910082432391,0.22246170882339408,0.15772486352981913,-0.9354569033690959,-0.543099002710882,-0.7864453557635924,0.7597191888561465,0.3177133537225115,0.47747441204541363,-0.006578259777736101,0.10870770558595347,0.050380086259442014,-0.08662444675110326,0.0
0.021192300461117624,-0.04265912583557409,-0.061428437989791494,0.18751446177077763,0.1640340199978933,-0.9202563585627783,-0.46455634138312757,-0.7080848103670079,0.7557673969765049,0.25074551187446803,0.33366968578168305,-0.004351896626872171,0.1011321268869377,0.08312047033308533,-0.21194388412588883,0.0
0.016848735380533497,-0.027326675554322513,0.05447280110825842,0.0600496370295847,0.10819839235256355,-0.8806448259713777,-0.42270076642281074,-0.7491329431271442,0.6922935619803461,0.278757197495291,0.27188015852769243,0.04980420019403176,-0.12663697210879835,0.0017616114394714,-0.18943731471912925,0.0
-0.03738692733460908,0.030046810846539262,-0.1237898422545505,0.20464059851142433,0.049976368294978396,-0.8711913380230379,-0.44189191454115045,-0.7245572837303476,0.7599637859058178,0.24575267696654712,0.3374155172332015,-0.08879167447849866,0.011341752374743386,0.052675753363571914,-0.1915338705655101,0.0
0.09152135626598726,-0.004891127569119455,-0.061183653768111475,0.09466525722741943,0.07337089930876514,-0.8910060914024238,-0.48418079511977824,-0.6419483446870357,0.7034882571773493,0.3253193610713393,0.25447757427212747,0.011844881909609362,0.12432533508523538,0.02697569297000238,-0.1934770131471229,0.0
0.15105656613501708,0.007352991269779834,-0.10782988604100095,0.1542870387668913,0.1765494553097175,-0.860057825068636,-0.3972125802761504,-0.6546436862578611,0.7634260246639063,0.2762043104400542,0.326677822592389,0.06783111068740887,0.08308652088291898,-0.08564815612762014,-0.2710891777422678,0.0
0.059575363232621456,0.0778880810050176,0.013015768274163439,0.15787643853670957,-0.010028678895736637,-0.9138005608416312,-0.34441703931864703,-0.7541246732411028,0.7176234164467534,0.3175171324873758,0.35682886719575263,-0.08726863210977069,0.051063499913909585,-0.04715255217107894,-0.4798040729539854,0.0
0.046350211901308655,-0.027040026089831512,-0.01179604893160368,0.15599845099049625,0.11081862990342814,-0.8834509578056019,-0.46260155039405665,-0.6945515804674013,0.6359898390826516,0.2074633109866369,0.1771166652656053,-0.3655971021754798,-0.07133179758783942,-0.08071582172382288,-0.3284811757132019,0.0
0.07559004608063277,-0.10861221615295823,-0.10143039380847657,0.19831042728330855,0.17208939608994944,-0.896583699323186,-0.4182556213879174,-0.5857820960376107,0.5554530366494794,0.16097381477619135,0.0453111062321631,-0.1356708449381044,-0.05831524029371163,0.16844176936125155,-0.24596259393338032,0.0
0.07784306768719504,0.026737798306933784,-0.0028854870411877884,0.23519759969417992,0.11421990199215823,-0.9000564103972784,-0.33585543692745634,-0.6114372669613004,0.6198744442435167,0.15789919678199238,-0.005547475547252698,0.05605952460829236,-0.03969040717680864,0.11712271724419877,-0.1765669900461641,0.0
0.1614563209623402,-0.08097919754658764,-0.06842451811707415,0.1937372787541959,0.1693331096147148,-0.8798295873296486,-0.32090467350896196,-0.624987855949817,0.6226873762908853,0.24867144401963298,-0.012364104675916893,0.024396199894896612,-0.16589060012393242,0.1398377723635308,-0.21544863843883144,0.0
0.10114220512239913,-0.05837255413486482,-0.005650280874444025,0.23203741732118052,0.00035585874068960743,-0.9355506429541776,-0.3878605108245569,-0.6143854035053974,0.7377208595160275,0.23415122246211892,0.027110551659530108,0.027717260977086287,-0.18739103922233002,0.15053942769085282,-0.05333309937001038,0.0
0.12273340229933183,-0.03517312291065999,0.016633506409678728,0.16590842749920373,0.17998077399146417,-0.8999463769747822,-0.32266422396253147,-0.6147594711304224,0.5616289855114415,0.17364555904018575,-0.08457919028574762,-0.021834087730756617,-0.31090691307879864,0.07484810182317711,0.026756599687900257,0.0
0.021357378783035987,-0.0739730087528243,-0.1655214629132305,0.12004694472881143,0.12453332067262944,-0.9154266526807621,-0.30224299902845464,-0.5134503462112386,0.6716985994452271,0.13245089918119599,-0.2007906953186184,-0.04090622839630907,-0.0659519271093506,-0.000927074453877158,0.019296176927901858,0.0
0.02988934483386367,-0.04958604804421127,-0.023252384819277366,0.21686278182918212,0.14766871343840435,-0.9523435308535498,-0.35539626617776854,-0.5234217818136236,0.5872883720435415,0.19365792094030176,-0.22291128501357826,-0.023042611178109032,0.17599964448756514,-0.012919843646976152,-0.010738796835409323,0.0
0.06176735561124363,0.060161262736790164,-0.031109814976059084,0.1692960942443325,0.13466784029297482,-0.8732147934262762,-0.3086737960286169,-0.5821193719394704,0.7015782638601563,0.1398516637629956,-0.07735756082828459,-0.11763994430718529,0.1209462995607509,-0.04669556826798914,0.05259832337725189,0.0
0.028370062374207337,-0.02830938230459499,-0.017009866909580222,0.14853934734308433,0.16969700396898552,-0.9278890523011858,-0.3143037237578732,-0.5476038797800343,0.6336650712073956,0.12250131706479755,-0.1221074821289127,-0.2446152247396138,0.07643522191675822,0.10103703577656828,-0.04264840316176492,0.0
0.02053005420557305,-0.019851484015449408,-0.06321807109157795,0.1504251840263896,0.10406408140204715,-0.90470863838935,-0.24757424634114325,-0.6402015777940112,0.6318554542125219,0.20196851495631968,-0.0340272188966928,-0.14729015940408371,0.07848920962859413,0.13355301348165338,-0.0877723667000973,0.0
0.059699349025460084,0.05668184417056317,0.019734908549827082,0.2607656372332398,0.12137428421109081,-0.9444073794335107,-0.2627722667331332,-0.5265587814955709,0.6118815814673538,0.11993645522779856,0.12255702129693945,-0.19085125060768368,0.08576683251291453,0.26382002082800793,-0.05793891037125419,0.0
0.004001607856770978,0.011092761775702925,-0.16116843689808485,0.1821631153508194,0.1440849555095847,-0.8368709405198413,-0.2525359429607852,-0.47370263822723074,0.6118087307034796,0.0340831757443878,0.07881658621393901,-0.21220533673511144,0.13822616246798428,0.19733516455694125,0.09113898773676844,0.0
0.015403411363458436,-0.03717266558931459,-0.022679399898400995,0.18426149037764816,0.17713419011453277,-0.8643629452970235,-0.2664079125817853,-0.5463522134143802,0.4880545711261557,-0.002861365873798795,0.1426434171722588,-0.209273600575753,0.09010803257153806,0.22186449287622256,0.12903396854278115,0.0
0.11970094309105794,-0.1775993137486998,0.006319134698531417,0.13325396095047154,0.08222970325835904,-0.7950636811110262,-0.3288601959835108,-0.544386211174136,0.4898060272584499,0.022531454812094856,0.3053240832801283,-0.3040104308242161,0.11135373469009861,0.15039718188315682,0.10738491397067913,0.0
0.01744572955090582,-0.016195465812128423,-0.01594231555754693,0.1510492305802848,0.14663935867479008,-0.9194920902659434,-0.14994907505707042,-0.49635855886907243,0.6124747949953675,0.008001445696850684,0.27170687114232034,-0.4838099987822645,0.16313214930178382,0.15185224312896506,-0.13861331262503268,0.0
0.10517723078021919,0.017665017919686506,-0.06357523076826854,0.10241164038258052,0.16697109194683532,-0.7605415936046964,-0.13686743674228347,-0.4399987491475397,0.5388771404527659,0.02079202995008636,0.19377336439050935,-0.3580629300328493,0.13501630231482942,0.11447810974740694,-0.10817618626941226,0.0
-0.08339523564100493,0.08302360829022916,-0.04906870026074455,0.16829275198607402,0.12772522785239243,-0.8720390861977454,-0.18123780835090253,-0.38049177570184156,0.5379146125815027,-0.04362799947950774,0.03585410587311244,-0.05749238922902972,0.13664954187956022,0.127910847595903,-0.204241455383269,0.0
0.11203984665329317,-0.06771786251957025,-0.07116487525771015,0.22568974014222604,0.14747595981859035,-0.7502425891041363,-0.2724077851762784,-0.4824887775609775,0.5236443497969147,-0.0500121359500601,-0.02481333381805079,-0.010956631201647134,0.19459698340516657,0.21883855286237436,-0.2881882621792518,0.0
0.09154706980895604,0.033911556955126564,-0.09442589041764418,0.19064378523589715,0.21023365406116498,-0.7670349019454582,-0.10252930603254887,-0.4717438499228587,0.5261699431306307,-0.020965123714719272,-0.058925446176207694,-0.07483896439274527,0.23521724684804568,0.17326624950525613,-0.4203528260031416,0.0
0.0460736270094356,0.05193297716978992,-0.10360567372677024,0.12919378737355464,0.13621661557887846,-0.7132211090041951,-0.20294139282206225,-0.46271630511766965,0.5896994305964642,-0.05262731011242179,0.07330012175099115,0.011214306975653829,0.1166616266359919,0.13766584639209872,-0.3790733301188723,0.0
0.1515103294996446,-0.05176205856536037,0.015374711475378555,0.25246453758319665,0.11694186219171016,-0.7652462205612082,-0.09735122019183683,-0.43838550985543645,0.44151642200599944,-0.07156390537264844,-0.05028555977937468,0.16059784746819902,0.0456040035828217,0.26355730211406625,-0.4230117716838452,0.0
0.10626701507045264,-0.08965375570454116,-0.07293142289581395,0.11954269182030493,0.15688744005450517,-0.7549930748436745,-0.07251543781553556,-0.3450774061526759,0.4903843253375284,-0.04552900368820094,-0.03970637558380519,0.08073505963723732,-0.07327471601377787,0.23538931841031654,-0.3993470137058271,0.0
0.07540143557754361,0.03197737874766136,-0.015381796659176793,0.22109095754315966,0.12247317245918078,-0.7053657160416957,-0.14370514376920246,-0.4389408436390411,0.5291544472921748,-0.18724585638184926,-0.24103403748805435,0.008889542120295496,-0.14291926876831387,0.1585479591401426,-0.35766092109039316,0.0
-0.000612748735331986,0.14786333262338558,-0.0566876522793503,0.09984385129140957,0.13068922531339797,-0.752012396705586,0.0162435102577358,-0.32255371498550744,0.5232316721062139,-0.1694050334327232,-0.16275873176508895,0.16509650407859353,-0.12774008124811884,0.06547395110085877,-0.2948215584051898,0.0
-0.02577619018320243,0.0386999141458768,-0.03638119467184289,0.12701276669517503,0.15025619261547885,-0.8434644005357806,0.026846734057919562,-0.38264311805456575,0.4510283458168522,-0.16298873364759153,-0.00029245818716293337,0.155983422791862,-0.10117210997189306,0.13315857835639455,-0.16276242915505534,0.0
-0.008020976125880597,0.024769758244781982,-0.059028511606206716,0.19469196859597776,0.1139345783859635,-0.6921091611647103,0.04036463945793121,-0.2496682724778432,0.44651155649129204,-0.1399901865541168,0.24198222203123634,-0.0757113828428382,-0.07306881715706218,0.19481792848884505,-0.18868227783430774,0.0
0.04410496802800497,-0.01981828902586406,-0.023550454667176042,0.1362409459886635,0.22570054764750297,-0.8551618211704126,-0.07441342277614199,-0.28930841586589795,0.4588191500130177,-0.1464387298304371,0.31755364288944615,-0.1085300478459694,-0.12384057719950203,0.20780373512918648,-0.11324442078879413,0.0
0.08437395904395936,0.08287911045076911,-0.05309284166313359,0.15217872740921817,0.09385482060830974,-0.6655638651703385,0.04443221071708354,-0.250821866284791,0.3828383864336793,-0.08803139340314331,0.3726203202413565,-0.0945651863088313,-0.07680274939732298,0.1379125920374059,-0.12008216347961001,0.0
0.07104339011911665,-0.04527051934430398,-0.02132953172587541,0.18114359395637938,0.1789908518903491,-0.713282003128082,-0.04519728160036493,-0.2846748448686799,0.33733183525524607,-0.19058203240360067,0.43655152170312883,0.006890378434327618,-0.08663157009444541,0.0893794967570007,0.1424792482234925,0.0
0.0765921637135771,0.015877099826867032,0.07847899757029475,0.2519822419719842,0.11967098850976556,-0.7866195120962932,0.05649662425475648,-0.3099717394589302,0.48293013337528534,-0.2716383555884055,0.2700031100157988,0.040120746686634304,0.06381922032933088,0.14211391202252577,0.05985102020591477,0.0
0.14437760820363177,-0.05038017928111063,-0.038306615222258866,0.20763111286664793,0.050049567673414716,-0.6834941959090232,0.06067394131426833,-0.16647230432273113,0.49353873472137333,-0.34938327325044977,0.1356648215582903,0.04843081202502299,-0.15259536954342245,0.2231277699746469,-0.002571299226797906,0.0
0.025313947867317332,-0.01937654755685663,-0.04140614415041388,0.2074233517253045,0.147324805386088,-0.6840826620821561,0.13046818544455574,-0.2903120173975543,0.46838276885423025,-0.21966701172146477,0.16983781373043444,0.1377898596467657,-0.032530741736900785,0.14042803281376154,-0.11137801952311081,0.0
0.09683244107128253,-0.011601285291086179,-0.005407443760551828,0.21972967250861566,0.18244239684873326,-0.7235376332719871,0.14241695581994057,-0.19756471490668073,0.4068835307447545,-0.32028313230966854,0.05533963643911334,0.1390024677094239,0.0489543398382324,0.07682909913619132,-0.16408417864706973,0.0
0.02097442791122788,-0.0390404774437757,-0.07524943558705363,0.18848852330260601,0.1889325706737449,-0.7049680237712121,-0.03294159543608549,-0.22839083383307687,0.3285771152558337,-0.29847360919444416,0.022786222340606673,-0.06866242698043792,-0.02342194624115314,0.13566835039679326,-0.20403261372294412,0.0
0.055826045024202076,0.02015605006695631,-0.03748768228027268,0.16114187806510744,0.15148616170396673,-0.7356831281610424,0.07470503602648251,-0.1307879379945955,0.3233404931568918,-0.30254034162407806,0.014047128343027366,-0.16413587895659323,0.04833389779644826,0.1622403843208195,-0.1540655944518722,0.0
0.06427298562981128,-0.05138795037763161,-0.012865120885027462,0.21841323004603502,0.2106527652059197,-0.6815359284464584,0.0911595467023005,-0.2377793590354777,0.40181869665378583,-0.2707546930281471,0.0019419809970012327,-0.3269949313245953,0.04027455250683022,-0.05037639415520373,-0.08670324940996271,0.0
0.12264187170214891,0.021813068633751487,-0.08392352133055803,0.24493267686381687,0.1335030517697433,-0.5875758816129567,0.09131711843728887,-0.2094104943263763,0.27666163772790797,-0.24934843374740823,-0.19972950108117202,-0.2606771957221026,0.04778111060413735,0.07437384524417251,-0.1321517812514692,0.0
0.09169602111729838,-0.02270917198067438,0.07830731053417156,0.2399818915192133,0.1904060879134009,-0.633044225719415,0.14852742920549603,-0.16104104170058917,0.3777347130749976,-0.197885152056348,-0.15148359278609175,-0.25697741369333094,-0.013137807034153532,0.0922101523637013,0.07933031145306166,0.0
0.04509999657902601,0.021925577709710202,-0.034709131925507175,0.16577637873576698,0.14254933925670676,-0.6872804334806374,0.21536626490646038,-0.17457517751154134,0.3683367122154184,-0.34393289409306993,0.01975001500691871,-0.22979776641300098,-0.11833055082034338,0.037912299450918154,0.012634465348192604,0.0
0.11302025851269382,-0.07752371290026568,0.03761347414465069,0.2934610708668223,0.18469748708939104,-0.6726317858350268,0.19915554628540016,-0.10921932863694847,0.2723361390146719,-0.4322941083770553,0.024634071128691433,-0.22115912054599485,0.00031559070235520625,0.027445527723126834,0.08735198666218166,0.0
0.0016858204601946786,0.041661494573298784,0.017376657822265586,0.13564960175036245,0.16715381141219626,-0.6820410764867335,0.285275974611692,-0.06192705969646743,0.3778601134690837,-0.4105464663335816,-0.01677135002908623,-0.2036264606501869,-0.14730746766549632,0.06922672762698732,-0.05035816195751816,0.0
0.14026464660663224,0.019385908554172923,0.012389217613622425,0.21326412184160742,0.08821971097216862,-0.660565869685508,0.249972729505711,-0.05998473948739017,0.3625064886954373,-0.3531621550774205,0.050871989456159145,-0.3678208166073721,-0.05676800304619724,0.056317004801992636,-0.05146022597146594,0.0
0.12316387653866559,0.0395417464127904,-0.0933485342403387,0.22414324800126612,0.1502512270776418,-0.6241079566374406,0.22443254837910045,-0.10104301832352461,0.32908847925686896,-0.47378189028191947,0.1558077219758776,-0.42780770017067377,0.12366517352713591,-0.05229890529003225,-0.06867019254444501,0.0
0.05079771996278583,0.10563476653297856,-0.049925421157158395,0.2919173987985227,0.16052748802445685,-0.7608074200173707,0.24244750966976666,-0.09535131913175435,0.2717686634945107,-0.37968840861528536,0.15819168875965653,-0.25162639377267293,0.08517403777554981,-0.14336845837231169,-0.2629092154662365,0.0
0.07597968756765239,-0.05305353602425639,0.03627620458628053,0.19325799514364814,0.08866684448706706,-0.6246187075036976,0.29652232444079746,-0.0854719994110164,0.30910264898535594,-0.4681691155071336,-0.12030526183399716,-0.09392767092285421,0.26551723006517725,-0.10848528272361155,-0.3155097437569586,0.0
0.08152869739845481,-0.012679949661529532,-0.0768610898820698,0.14845189698618003,0.14334136737798733,-0.593891127456706,0.24546611993490042,-0.0024133456731939215,0.23304309509488513,-0.44230925529833454,-0.21126871772513803,-0.14155235018163714,0.07388362140100166,0.1161221006814326,-0.23335677680806202,0.0
0.0755155470830773,0.04423727816940191,-0.05853283689688181,0.08698456423399947,0.13555746654220474,-0.5617195729916628,0.3409928253565968,-0.11662634119443005,0.17995267630540873,-0.3886493468917738,-0.12240612732115441,-0.10969105801992071,-0.06142898879582223,0.07707926138018173,-0.12901972648783028,0.0
0.04020244939879651,-0.03098388245018773,-0.04025185673469318,0.21340262304297652,0.13000933943682771,-0.49842731453236433,0.32882409459217093,-0.0060680680145151,0.31414742712423116,-0.4378583491345584,-0.001152625325740786,-0.08754529701409691,0.007597605200137601,0.06336545004836341,-0.08680552179014299,0.0
0.13732293908600146,0.054662664227934074,-0.018812782267480392,0.11838359657341177,0.09765110550976278,-0.6293865931064565,0.3085981116897838,-0.002584341780469293,0.19426511789274561,-0.5717674005910628,-0.003249762394115783,-0.21013784988887518,-0.11045319047940655,0.016319831305989123,-0.11026809653138064,0.0
0.11000705442071342,-0.007226757648634261,0.08299927946222119,0.3325794013966331,0.08795407631008016,-0.6227105777732025,0.4407388730843512,-0.05531172984987309,0.28222553381771587,-0.5410284119297393,0.0833708500211234,-0.06821346387822629,-0.07632786991441962,0.05214104703279651,0.0029686646611177675,0.0
0.023508313604828662,-0.07422798749462389,-0.01697919089931819,0.19276796689733208,0.21570505403425932,-0.6905093643069343,0.3169213897077468,0.003937091729498179,0.08866399451593834,-0.5632048748751154,0.025199622233377003,0.005652274855279395,-0.16745460094030412,0.061965496300605986,0.009771392625719043,0.0
0.064880317381406,-0.012780989200322432,-0.03845947736293392,0.18195044896262053,0.14277462821808368,-0.49787809791415827,0.33785536814820816,0.031961397831374506,0.24289585385548174,-0.5621098075778561,-0.1493331577797774,-0.046117356304991614,-0.20405590014387162,0.1089608400302784,-0.1599928990659415,0.0
0.0425063405156194,-0.0518478042891168,0.029035044429117626,0.14573590517816734,0.152548993535053,-0.5378611816142957,0.37867585660891906,0.07083706867762925,0.14424154301175598,-0.59038080274813,-0.16615538650521258,-0.08084549984564728,-0.16881568476770145,0.08421830397593613,-0.09229063023814232,0.0
0.10690408568249105,-0.037429335768170376,-0.01313374416338903,0.2387329401438356,0.08263383226006106,-0.5898353418726725,0.37093433511216894,0.14670671248976952,0.20996192278182757,-0.5779515068582355,-0.11958735784026664,-0.08051536683157902,-0.24685607401484122,0.22602136222176872,-0.16336411729268527,0.0
0.05508932859831407,0.02990815093704865,-0.11084556910232005,0.20108145120756948,0.13130018315094352,-0.6036032970414841,0.37800451831020687,0.10056282342347497,0.15230828968663399,-0.6780808055191035,-0.020347395605642485,-0.11179826190217217,-0.1607976394191319,0.20934964703249115,-0.0954062078210905,0.0
0.03163812518014086,-0.03545280747302561,-0.007276999736534742,0.13815096741701804,0.1532986559210465,-0.4988655436032017,0.40247096799861,-0.00889231345914919,0.1833558978129023,-0.6089463482507658,0.08353169244120698,-0.07941279195330216,-0.2472238462143544,0.11680134254258435,0.008956631424578768,0.0
0.06382404010747604,-0.003904946761212844,-0.02607271315692635,0.2791142668429931,0.15895714518526563,-0.43955479387716245,0.4321945874294515,0.20684480761422913,0.18071515826279047,-0.6458587165348262,0.007489562598297736,0.1672966064702747,-0.32388971705629654,0.1060504749835269,-0.007659604325580496,0.0
0.06189977975232366,0.09385388778033718,0.031141992969457785,0.1888046904033195,0.1412668324688239,-0.5948673610878532,0.45937864934297545,0.12170274680967416,0.1732202135317594,-0.7067707642876473,-0.06693144461630622,0.02322758449153753,-0.07964124502536801,0.13570385937366689,-0.01580018009277101,0.0
0.1494560667450482,-0.03815799831434901,-0.04138757993995168,0.2553434556903864,0.10859363913594816,-0.4476880668910841,0.5409022922965505,0.16634865452665065,0.14640166574929697,-0.6803722355274081,-0.1857992369944073,0.03138903847483451,-0.05175703713652733,0.1870062809518454,-0.23460279747703694,0.0
-0.005103950083817935,0.03828162205577043,-0.09949830387195033,0.22296504084793267,0.09667912923902776,-0.6184137873010082,0.4364771047358587,0.09263436934211944,0.19525185755611818,-0.6793861560039196,-0.17043299021173694,0.02514956376957799,0.033084842218062294,0.08029790150823417,-0.15236583314213076,0.0
0.05268805272501803,-0.0012769630547044292,0.009888019273054244,0.22858050201809021,0.27375525029052616,-0.46323272656262643,0.4091406833223713,0.14292510360994184,0.06495675204724721,-0.7082262304591043,-0.015753190118968863,-0.09695455251201938,0.029632846520764287,0.02190213773354783,-0.1493309763774558,0.0
0.11978145491582928,0.0813762604583688,0.014417052677979963,0.22765973390345678,0.2087306760576488,-0.48712471135637175,0.4397808192776876,0.13369020589088063,0.10824391820982285,-0.6607761718280154,-0.02921274928524767,-0.1947388620483675,-0.058331271529194706,0.06944273749181387,-0.28010778276883763,0.0
0.06934686629731737,-0.024622598677286937,0.007107987133706806,0.30514379473929365,0.1143080928952267,-0.4603934524348518,0.5511804498903266,0.15057920835697602,0.11333457017285943,-0.6780721929568309,-0.16831237938769839,-0.1252912523628894,0.07536533708432588,0.1174173860908086,-0.29240050384678606,0.0
0.030319094949953294,0.04795887978267111,0.045829648420518454,0.26372230522429846,0.12950081327796292,-0.48034521536817315,0.46601411944042453,0.13976704146107133,0.12660973405273804,-0.6952859826256474,-0.1264693489233734,0.0462368542726915,0.05103367938816967,0.10736628192697657,-0.22934614434236264,0.0
0.13528041629855825,0.08133137250008492,-0.023123222228301765,0.2900320769405294,0.14090875647546572,-0.47145185199065187,0.5042942040730529,0.32922260641469336,0.14297364317255024,-0.7996963058795964,-0.006005735907064352,-0.0016076108508153233,-0.01780241157859736,0.2206975788330366,-0.2549247131022455,0.0
0.09148476925907824,0.020328668736467072,-0.07473629674736179,0.28653592072745704,0.12969750715192188,-0.5239913442162519,0.57602393157695,0.24077818055614497,0.060258013158146065,-0.7825892446350713,-0.020844655073196914,0.17891367722597376,-0.2509356302194417,0.22783669940034956,-0.23880415667676974,0.0
0.1231655659643408,0.0031134013693380758,-0.11791980530349845,0.14641059060753597,0.15520774942428994,-0.38361383909521196,0.5439613949953593,0.3431690447041259,0.04899151862699473,-0.7023131308656563,-0.15811582917064812,0.1625082370167488,-0.18712655806099696,0.283363909831036,-0.18919349502909527,0.0
0.058918054973328804,0.023728021624550403,-0.07699918314155269,0.2639684586950344,0.19246259882714892,-0.4835311641780814,0.6792349990137424,0.3181386294942728,-0.0008281964248504428,-0.7018557300357776,0.020139639628238976,0.2600529806039098,-0.003167441580118488,0.21200028260549741,-0.04549934314447554,0.0
-0.027280273889585746,0.04293427160215145,-0.026745490531135008,0.25764365342623147,0.11738184231518226,-0.5146126926251292,0.5649043857477195,0.3692457682071827,0.0657057836329936,-0.739258311476554,0.16499862591589537,0.12751990325835383,0.011288165901733652,0.0844379304904512,0.04741854307814064,0.0
-0.02628906744033878,-0.016798041389952126,-0.09192609430185178,0.19081805721374337,0.11604361393084175,-0.47399086972397253,0.547077290849654,0.3099861048135116,0.13495045973050623,-0.7119059538282119,-0.01721856961648116,0.03181449013212338,0.05574152635223147,0.13510048767520844,0.038789498916271786,0.0
0.09461064737474553,-0.031912901918008586,0.008634371756598917,0.18117014919017227,0.16574828157741928,-0.464317195135199,0.6344104158930844,0.4114281167487786,0.0037408671136079184,-0.8377582805322646,0.07389310955306629,-0.06816945289835254,0.13035911374222361,0.35620106640437205,-0.046174090389425305,0.0
0.04272183423567951,-0.064949205460033,-0.15537158750141364,0.3351960635339757,0.08771951761588778,-0.3679121675366888,0.7115282763834949,0.31505024988442715,0.024510693794822853,-0.870777987973237,0.007484073604971622,-0.08353743182204959,0.10038496516488357,0.3238893997374183,-0.10228403675203243,0.0
0.09929167742504694,0.01584352454341469,-0.0684872508081104,0.24217450770071752,0.16534450575458481,-0.32992801337916944,0.5704220898931729,0.39746770096651185,0.012365847566547213,-0.8581209040290609,-0.13037104771385682,-0.058293551237422726,0.03457536022536804,0.3377622395305933,-0.17742479271882827,0.0
0.09051815700143014,0.04074508841976633,-0.03291438680672673,0.23368104565633271,0.18131076516843145,-0.3622348970784374,0.6173246126043124,0.3837559641950271,-0.04202715194971704,-0.7451931887578409,-0.26887697907510977,-0.1346897086503699,0.22575145512802416,0.09264548775705994,-0.1305758241076433,0.0
0.1407407021131688,-0.003996877115563215,-0.0005067505350730139,0.2326816735766125,0.07379007402373455,-0.42623260364629867,0.7129753812530365,0.38460793642852786,-0.038179589915885284,-0.8739508196520476,-0.2730440780504158,-0.05018796805674124,0.14743795959753536,0.16100676626494762,-0.050132694321073694,0.0
0.09043600611893057,-0.045726571904179086,-0.004687031663553363,0.3009683373051149,0.26276948332575034,-0.40684078570547,0.6387454372977147,0.39729943594543826,-0.0012507564636074497,-0.8288223264236245,-0.09089972682337646,-0.09235069904430347,0.12691883700758977,0.2032599083311839,0.006933744668134324,0.0
0.01021330294752315,0.002181608192343778,-0.05775539321907387,0.25831443759779926,0.12514925579156677,-0.4295174025266886,0.6003688498724794,0.40660659705239255,-0.02562345270754635,-0.7994519174685276,-0.23409533525382958,0.013269368674102194,0.11892496601988081,0.199427238581375,-0.07082676548833844,0.0
0.15883836631990933,-0.022953312018666384,-0.07364725251837514,0.2046557632080345,0.1004237809957026,-0.3082907205788389,0.7528354288160586,0.4499235860074013,-0.07514699643691715,-0.8707108222429609,-0.003240468124725615,0.005836463438988858,-0.031133023359101328,0.3507286928880884,-0.2602591271548616,0.0
0.13650539982510712,0.0023802376266946826,-0.033467763215777734,0.24480250791373737,0.1344976406685356,-0.36683015934325985,0.6123404784889988,0.4351477066956986,-0.03724236709305477,-0.758362350731416,0.09052656798593761,-0.018119216910521648,0.005383985963437466,0.4467422649037265,-0.17870340735505855,0.0
0.11145399400712708,0.0201764410072917,-0.009348769214598193,0.16161959208318605,0.19308495881845436,-0.32175276006295683,0.6423128593803011,0.2989041102131441,-0.06302480815405524,-0.836396417190352,0.09570081556245708,0.013845979098675056,-0.20134711642041608,0.5051676484132648,-0.14197819842009676,0.0
0.14235229999805435,0.02146742620242161,-0.06083343768922024,0.12351927468166854,0.13015485478231065,-0.3896371456193388,0.7738517365111206,0.43038204111562406,-0.07957061104936759,-0.8952418430073802,0.06476926734828341,0.025999577311757862,-0.22297175132127378,0.21264064529553972,-0.1637831225753918,0.0
0.025994261541853497,0.10078839700422672,0.013257330428179032,0.3124167226254993,0.1462536248112013,-0.35657430333677326,0.713467094448043,0.4315611455690005,-0.050940564233095786,-0.8518320650434534,0.044813301887974125,-0.12751978755361634,-0.12159204559056809,0.278307083715385,-0.3153042611896774,0.0
0.022736730259927854,0.03995513992442759,-0.04349368089041647,0.23248190051741266,0.24010484942720517,-0.3152215412913812,0.6962706595159883,0.45597304449914133,-0.09561306227083102,-0.8926358767877863,0.05045000671887503,-0.15922249689926574,-0.06354282317493604,0.12594150824524103,-0.2931789244536778,0.0
0.08255734022839442,0.001639324715793939,-0.05061772841470187,0.25890034172953785,0.18027950925718988,-0.2962090545654934,0.7976195604038487,0.479267726815731,-0.18513853801669947,-0.9480737452760547,-0.12126854860355192,-0.12872829090801194,-0.14211382588586718,0.15670403661123503,-0.44287491427837933,0.0
0.09040987618487155,0.0007828261218155441,0.0032652343092543015,0.1462629035513596,0.19588953227763,-0.27811294984309215,0.7728135918702628,0.5160450342341218,-0.17286810949738596,-0.8026391682025081,-0.11534441379502898,-0.006602792513640515,-0.15008038443500735,0.20416916053432763,-0.20937818962233914,0.0
0.11383713046186898,0.025479550818189724,0.05735911787090127,0.2752220419092186,0.21779892017744526,-0.3147335715554901,0.7298964353917048,0.5318007825066338,-0.10401636111136825,-0.8862192403437056,-0.17662845366975793,0.10984606778744281,-0.12639645450486217,0.19020354305501833,-0.18381904223573123,0.0
0.10751390165010566,0.01923541857119006,-0.10529700762319227,0.2192734635473445,0.15323742269756166,-0.2689334159712897,0.771131518003144,0.5278775346554255,-0.14827460561353578,-1.0044780112081717,-0.07174810693953167,0.07985021860526227,0.06692170889232514,0.07446075808212968,-0.18491539768763413,0.0
0.10660291184086361,0.03208742279326722,0.04218308973240077,0.25520817856063727,0.1488346924459021,-0.20012002494390682,0.8157362665673668,0.5196889747509776,-0.21977581469266813,-0.8721450324390195,-0.11475399769036274,0.03334238999110126,0.023316569852613416,-0.026616688524729967,-0.09289441241886516,0.0
0.22368121630414667,0.01345390500968352,-0.08690610478540284,0.19935975062526526,0.23476166035826024,-0.18324789074105688,0.7760371231184148,0.45440322212005324,-0.11619700098305347,-0.8968434189744717,-0.24263925952376342,-0.03315161819600329,-0.030703197701592636,0.12165177289433185,-0.17831778009566462,0.0
0.06313289483584555,0.06535512087064961,-0.03704625710456452,0.28188866822960207,0.19646910902301265,-0.1705374719130322,0.8590993472710278,0.5412610834399054,-0.12726999395038696,-0.9327410998523393,-0.33917960743856757,-0.10323626966473931,-0.06709590967969027,0.17622696311363598,-0.13848634587940306,0.0
0.06454918248000281,-0.039357400181559934,0.024723366616706655,0.3415940376695318,0.18095944228848487,-0.14810549497401743,0.8578182597646666,0.6448343988081782,-0.12699814754057698,-0.956598844714674,-0.23771171869746516,-0.1426198699762023,-0.0395621767705448,0.2875990855715197,-0.19508668521189176,0.0
0.12890487979088444,-0.02067547478980669,0.042267056785742,0.2568357582828289,0.15965228007876311,-0.2916918582278074,0.7878039980395328,0.5849957616131806,-0.3268003360960024,-0.8848259579491051,-0.23003186341753426,-0.14048031024644797,-0.20362796714386192,0.15270495115074684,-0.27590823644242035,0.0
0.0586207666430838,-0.03070957715665696,-0.06830480323575963,0.30973677321564547,0.16259517969160253,-0.21709825971570337,0.898048838816348,0.5974460878060742,-0.17845550675248814,-0.9197397483899155,-0.17359781495458484,-0.21190654751613086,-0.2602678516508872,0.302707093718688,-0.1935064632286336,0.0
0.09840996189673126,0.03273254645804377,0.05327204210557342,0.23910700106174113,0.17514556837345688,-0.19256959067298351,0.8858321880361613,0.6146482925499376,-0.19915500917455303,-0.9414708184321592,-0.10721099916712826,-0.22920198600454353,-0.2537070173099071,0.17170657315763727,-0.21160217433933234,0.0
0.036973682106143546,-0.023426904887936986,0.046859228554509386,0.26521546138321755,0.20294572062102156,-0.17905513918870727,0.9279350283848594,0.5978157937731968,-0.18160822246682476,-0.9037578939822817,-0.09455363621190098,-0.13656134183887209,-0.19677997718357376,0.26992986793433404,0.09662900668095623,0.0
0.0907071041796991,-0.012352205900240672,-0.08550446092479161,0.3087893625736481,0.22311498806796964,-0.1977306977562493,0.8771881198568391,0.5919734859351223,-0.30600433711215336,-0.962909818278272,-0.09670043542730886,0.14908119216652702,-0.18522200889262985,0.1177578367173909,-0.05822505223929296,0.0
0.12083629074514038,0.06587199884884265,-0.08087199434717643,0.1648240238489017,0.17284784371291023,-0.19021310346028336,0.8775756606914276,0.730894858593781,-0.16233707464063712,-0.878193917898484,-0.13361739901476885,0.20715019532517864,-0.12441462730221249,0.017351564312254,0.23744138720790148,0.0
0.09079648949747914,0.06722404251737749,0.01686856257763983,0.22888687637755728,0.14414032857463085,-0.1445807262340372,0.9541623195521657,0.6216553849820606,-0.24339839067321303,-0.904315788270452,-0.08711413710167507,0.27855504439782974,-0.11338418976170954,0.022840816364277476,0.2887113572459629,0.0
0.06970695109265294,0.03883034715241773,-0.014182976176405614,0.2721351848982615,0.20074164256435365,-0.13219367352679148,0.9151535733110585,0.6065438492432491,-0.22825806315280786,-1.052199279210695,-0.21183286623026715,0.06378015762308936,-0.16010431919838497,0.11836294848465795,0.2665329012668592,0.0
0.1500195982160755,0.07732038659773269,-0.010969493176104336,0.30352134856086693,0.18180856421549524,-0.0963135133531548,0.9543507140972917,0.6970699414955103,-0.32004074979716196,-0.9911456660773138,-0.4162403087612914,-0.06846673118079798,-0.2320848163862102,0.05823932741449875,0.3092518128776545,0.0
0.08316206048615549,-0.003975319054098855,0.02388018452321744,0.24090431111583036,0.15386171985880054,-0.20287978379925808,0.8716717910937128,0.6534519717197314,-0.2570233914364784,-0.9690186957041202,-0.3651816388736033,-0.06685587338390896,-0.04075672204666772,-0.13175744957817123,0.2569276073820159,0.0
0.0634941656150589,0.05046614858385519,-0.029979878177845722,0.33816996617483996,0.21271000712230728,-0.14396476114416976,0.9237828933922997,0.692802192511278,-0.3541584753222191,-0.9810675878442825,-0.3489881836435534,0.008057129941238465,0.02502638222809979,-0.17280932999781462,0.4455277071586612,0.0
0.05230129339745664,0.051128540520488125,0.006488690118040402,0.21917812625407132,0.13699467853654496,-0.19174765984200715,0.99538394686592,0.6825845112765088,-0.20853694700486852,-1.0394090310528725,-0.15109592293867335,0.04558767860384875,-0.015394251511417012,-0.07788859473352584,0.23723967870006268,0.0
0.04478890289641706,0.10231090882389242,-0.0871644552442675,0.23477584589346623,0.13574645888415704,-0.09814078106881961,0.8744764658961207,0.7382044107027905,-0.2936559052892323,-1.051727243131906,-0.05846031755707322,-0.009491827570308843,0.012858392872599045,-0.1829657508939841,0.17631579816328072,0.0
0.09304024931770556,0.024463442872533443,-0.00300817938812532,0.276870237305756,0.25332956632555337,-0.1593268268893645,0.9447156221436855,0.7118494238703643,-0.3484775615247249,-0.9550800683807718,0.12127745883244122,0.02198894335785669,-0.17878474389725488,-0.1335042330793882,0.0924343147470991,0.0
0.138563366908027,-0.05315931496256551,-0.12969980555526117,0.2495288363577706,0.22611249007382184,-0.06342571806321375,0.9265775274388249,0.720323606067752,-0.37592067538277074,-0.9977234231999933,0.07551202318235252,-0.021342573941879696,-0.10306414588137706,-0.015614853849312035,0.11876039792975322,0.0
0.01952327955923218,0.05458053013631221,0.0243263589678233,0.23754507090920726,0.15039810143304078,-0.10979864577347578,0.9502681620122789,0.653462621990535,-0.2907729453790368,-0.9007059892034235,0.038991578321067345,-0.07147976616349377,-0.17205834210645166,-0.06173992843356055,0.16321452748747273,0.0
0.06076634380403741,-0.07455600024036363,-0.00656022313092848,0.27100196794520026,0.22309429701451572,0.013313477963796873,0.9175985885730492,0.7587399915215461,-0.36510311704903536,-1.0197789326128215,0.1664775167362877,-0.017268781740082915,-0.1407877458447255,-0.10183434736201011,0.22588403894894615,0.0
0.08675105704079211,-0.007847181615006207,-0.04808453908134438,0.3296441609651892,0.19258684708089666,-0.024574039769980974,0.9481658162080004,0.659044883444111,-0.351457085850299,-1.0377441104761131,0.2419953305012716,0.07953791567011978,-0.12255137500611044,0.006704995387926793,0.2649622194886144,0.0
0.144958036207291,-0.05414767271635901,-0.05849861168299093,0.2720673279273394,0.2534347903872669,-0.010870198722310025,1.0036173357060436,0.829290161166041,-0.29977165990436394,-0.9590326860400323,0.2884815960182805,0.01544476893171378,-0.19359528270212317,0.06694588397009284,0.3219389523351996,0.0
0.15287600115136527,0.045939319213296706,0.009205966651064788,0.2230087293138806,0.21086053622541429,0.045870735382406096,1.0242543450658945,0.7829748292939002,-0.3923699483636614,-1.022297318859044,0.44863605695707554,-0.09325324157104305,-0.23157212155562812,0.11022663143576104,0.3054474813649182,0.0
0.06336850332650559,0.11430439079979228,-0.04393571640121398,0.2808905730353253,0.22907722189312055,-0.01164820974223827,0.9749957912736947,0.8565985253096738,-0.34086892830478044,-0.9957579339963866,0.35349459574468284,-0.03593912801742321,-0.2730442885840455,0.21215887898548796,0.4324369081306919,0.0
0.1413370239532126,-0.044404598093860576,0.01425130436571588,0.2636093761082738,0.18472479961665642,-0.05573940832891671,0.948780132425452,0.8146194348310561,-0.3526497535421038,-1.0374543473202016,0.2853321305887757,-0.14387475805308708,-0.1127313446638843,0.13913006375490256,0.25402662243773705,0.0
0.0597504669374886,0.015857234112108286,-0.036894129852788074,0.3019810617325284,0.21457499336147456,0.05300268824894833,1.0476116350432747,0.8280014783161547,-0.4967103209858861,-1.0053822433950177,0.3677648115409224,-0.14555534926562202,-0.25361834287771906,0.14422357154135296,0.2695156603795138,0.0
0.07019301770370127,0.07817839071757729,-0.08564532923633507,0.26685665321764135,0.17839531969566813,0.03536875540352881,1.0687106387388108,0.8292995604881879,-0.4166850883616546,-1.0152514647259538,0.2822419482127712,-0.13988961173678077,-0.21744451851928498,0.17273515250785432,0.1605864254441804,0.0
0.1148288613079406,-0.005043392685455617,-0.004671228930179325,0.23408631670884208,0.1888118580471983,0.09397673550978623,0.9272703967496365,0.7700273670268256,-0.4364408503068175,-1.0150197829538525,0.2707772331056589,-0.18338012791914843,-0.14183824925668856,0.28141042145567763,0.093558706654018,0.0
0.11425725648549344,0.06291533422392445,-0.07124893755953768,0.2508222217838755,0.11146429957623744,-0.03983958665235258,1.0174647904036187,0.864928619621995,-0.4138820731981406,-0.8105696326584872,0.24173966789238055,-0.20541181552124038,-0.13146260419420597,0.31328873667834445,0.31628992587496485,0.0
0.16552363110911106,0.043289647626911384,0.021676746591690943,0.29405780447932184,0.3213919074435677,0.04601925198643622,1.0825697005714487,0.8329207665007592,-0.4765453111668141,-0.9752090742525359,0.10081264536351253,-0.08341153528537353,-0.02380013088515058,0.2918160277324001,0.23093334125103732,0.0
0.17646826755726588,0.07546210657396907,-0.04521022795227703,0.27335910444279476,0.20770748578248938,0.0547220733709809,1.0399613494797242,0.8681723848309782,-0.4369766619394525,-0.954232255306278,0.1817047468478249,-0.06244454853550649,-0.05721377327558512,0.19087245771512307,0.22551605754786236,0.0
0.2036400629308408,0.08591530609411946,0.025601243307404126,0.26743702726803936,0.24811135300922132,0.03879095872319818,0.933253831778006,0.9780967108249187,-0.508340282375479,-1.0106739193188388,0.2537921849260929,-0.25286712867566874,0.09017956667320941,0.23838331131581314,0.0840149382010531,0.0
0.06606051957372537,0.09208982009700097,0.015625497006388087,0.35461302648514437,0.29069970873946804,0.0700682890050183,1.0436252491060327,0.7505051678505283,-0.6165119419650565,-0.9351451234054667,0.015454144372078205,-0.058499056339072514,-0.0070189442135837055,0.1691294971008348,0.034369443437594564,0.0
0.06942305745648486,0.005079297432631524,-0.022726712840846652,0.25843569605335753,0.1723137746354888,0.10997559737071815,1.0565150954649123,0.8151964351016754,-0.4730526224243367,-0.9311504025071378,-0.033135755697240976,0.04147609818970089,0.016168451408589773,0.015730096906882596,0.18195061397957152,0.0
0.040012734804339194,-0.03834184429816251,-0.06651718094956677,0.3312332301204987,0.2318227791621652,0.06720774662921591,1.0157096349641803,0.8985527870435067,-0.4936952024305921,-1.0130130013447542,0.03389518141293409,-0.021856051646580707,0.07649635224725833,0.03781978889416151,0.24853838901028052,0.0
0.11918900214004782,0.004523480552290175,-0.04946323278869677,0.27080864905244256,0.21752823233410398,0.09310575942208155,0.9406650981769792,0.9314651688877784,-0.5309173927285968,-1.0242988036246723,0.13750123274466763,-0.08310141473441948,0.11591043490512934,0.343016525650625,0.16578485098773943,0.0
0.025252848160208327,-0.01591209991268573,0.10126105343036054,0.3336149180045521,0.2670097958664375,0.017040265805419688,0.9836959992912409,0.9749209469627396,-0.4470707239763592,-0.9337105127894018,0.15376018079816356,-0.1713824532526533,0.0418186206932875,0.1750696323231531,0.2741530491686293,0.0
0.06282580752161639,0.10141856659923976,-0.11762084625095072,0.33899273974871624,0.20297653772352564,0.07054770161313101,0.9868207908875449,0.9496697800277548,-0.5422781612798732,-0.9331314240665695,0.3503298077973919,-0.04681449612720273,-0.005278843250223361,0.09888209492417671,0.21326293666051108,0.0
0.09149581518214235,0.03619550777166891,-0.05096473430341886,0.33990979480648403,0.16275702297310785,0.15878231191516165,0.9967254828695127,0.9582748807723127,-0.46687531549919126,-0.9986320177677602,0.2671226684470057,0.12409120797070176,-0.2440020112046371,0.03839000502928029,0.13120148176207008,0.0
0.12035014652893862,0.12871314853119714,-0.04396809836727282,0.31174395574615027,0.19854074697025229,0.10065902126225082,0.9911195580334784,0.8682693355609169,-0.5110010613021193,-0.9521218556322695,0.24275356269912435,0.11874892015067368,0.012063331090846813,0.03793802523758353,0.20539624007230045,0.0
0.17505738180448005,-0.06446124745911996,-0.04582495290441475,0.3222613296324869,0.2029400408888122,0.09050703079265122,1.0359319293497333,0.87735015607624,-0.5829539706482348,-0.9903183817507464,0.23161478610544725,0.08920920688780073,-0.10002811179537331,0.08440941067316216,0.17161228751836155,0.0
0.11224939360477756,0.013892476385209532,0.037937212902726766,0.22990752077042934,0.20773522890221202,0.20270029929217828,1.03888976213449,0.9274916151300785,-0.6221719528006324,-1.0337415908577736,0.11749611345321467,0.32475794831125776,-0.19721611073324186,0.12677679210846787,0.3441184773295084,0.0
0.03795400659682817,0.02412242837321415,0.022042005515920726,0.30675025284715196,0.23208949432329534,0.2145222142504178,1.0473549152085382,0.9192690281662731,-0.5312168933576723,-0.9551520030748069,0.32208089209761265,0.4270250814853199,0.1630063120185605,0.13150886548022017,0.42853112732529985,0.0
0.10316132971162074,0.08541208105950668,0.010438733969012376,0.23323295157549584,0.13859122371993038,0.18634566119946044,1.042872221140345,0.8929792338546761,-0.5851964484509476,-0.9395899168666333,0.19668763474296438,0.3289333889352312,-0.05818855869257056,0.009836444447701528,0.260230089305453,0.0
0.042340557352744515,0.09200883067781057,0.0460937089442611,0.31043813972392925,0.2683710058128652,0.12461398713880113,0.9692398609934485,0.8995810553265173,-0.596411649179779,-0.9174567517904721,0.09216138312965597,0.2514000995690502,0.07132879343753526,0.02260450360287471,0.01694590903208948,0.0
0.06652917154892847,0.08413554031292625,0.0341456061066649,0.24088134126018892,0.21447565789391385,0.2258574661128665,1.0277454668906902,0.9491474171117725,-0.5355027570369287,-1.0418848340971016,0.1434075714505868,0.2582331324216066,0.03267415456511538,-0.00388595064905101,-0.07272917690648951,0.0
0.012685349970558701,0.059002994751961545,0.05607274559689533,0.3252448404044435,0.21540553576388582,0.23423281575901078,1.0833243151124674,0.9785186819455719,-0.5504343280114755,-0.938031783273184,0.1912709818761975,0.32230810767753304,0.05591458911460449,-0.02429774463840762,-0.15741038935408957,0.0
0.098786448994733,0.033363514911903855,-0.08243942417626607,0.24890320190333878,0.194852907077009,0.2495986730798564,0.854308728670944,1.0272371264531024,-0.6154865624558703,-1.089983214248155,0.25106284381854865,0.16787034373651472,0.1497105727455148,-0.20710128946797926,-0.273024366955457,0.0
0.1125307685703627,0.13606703663569122,-0.010534506521636254,0.32645511547171213,0.21159158356686084,0.2098312468124528,0.8619925606177488,0.9504084310256788,-0.6151680611733726,-1.0027721640841285,0.38614973071154934,0.23661795590055618,0.046021866732963906,-0.250082064055591,-0.2752502162379695,0.0
0.09180536431682924,0.001918419917424613,-0.00011631996198461364,0.2742121620372938,0.254495214460986,0.26598017034740196,0.9466430164007875,1.0215948953552376,-0.5938926838776328,-0.9443610731986821,0.34774500964217625,0.10354644948706612,-0.10773376531331337,-0.3507934530235104,-0.18161245144849208,0.0
0.05250073266038964,0.05895529349425794,0.09035611922987268,0.30429525092381265,0.31768520210162693,0.31711905473470847,1.0471440844888114,0.9262053506668119,-0.5770539910834923,-0.850020094697333,0.19393510434465605,0.09335806858884949,-0.1317565474703582,-0.09315353922115499,-0.1520054803129673,0.0
0.07746030463648823,0.07114275040385036,-0.025247088932322394,0.3074495076057753,0.1982371628205845,0.17521263882730603,1.0143601199419134,0.9241659774964853,-0.6536387809279446,-0.9816508088828811,0.2064222697656158,0.10409802097855086,0.026043464923861837,-0.09773283527189082,-0.0158518990092493,0.0
0.08050487099929157,0.09064039213619209,-0.05632825268282144,0.3117397707640441,0.2682051110627134,0.31112407194991365,1.0399716194617,1.0622368973177643,-0.5863175624960535,-0.9296667985848416,0.06496665732348755,0.14697410021038543,-0.014810819640384842,-0.09568155617623236,0.0023915026071860655,0.0
0.2189615293725558,0.09846824138548839,0.05632016191930113,0.3354502959252409,0.186442641366549,0.32376048960440773,1.0464157113491739,1.0169643684973646,-0.5508535709975069,-0.9930238989754998,0.21094576742735585,0.11906279797868657,-0.012022414284581548,-0.1592810063604186,-0.12235072754496934,0.0
0.15852380761235704,-0.016332553900079747,-0.0490418569162159,0.33852428576234694,0.22944086625899887,0.277351231253238,0.9690764417749308,0.9476209333046333,-0.6773542872350249,-0.9539631372735474,0.19913654086960791,0.23491634596849229,-0.2132200392973499,-0.1642803952362709,0.016048643116700623,0.0
0.15823802148021704,-0.02400400651850962,-0.022820373371506112,0.21599534280669763,0.16194582609459637,0.2500610656889904,0.9609597032004401,0.9911227596048556,-0.5771931559530321,-0.8202605011352417,0.09159923075553617,0.23472137180184133,-0.15009935997037843,-0.19933896599502687,-0.13338344674402366,0.0
0.12249097198855323,0.08015247434793706,-0.09074353835250153,0.31770257502277954,0.288948255362115,0.3191128816910352,0.9057584596643206,0.8838680880741978,-0.628520977340097,-0.8679126157851409,0.1029372027394073,0.1310349799327858,-0.19080198625466038,-0.30747849784486614,-0.09285260094876013,0.0
0.14346012208216033,0.07517367534267524,0.09822291340370004,0.27700568829514716,0.26706117266133944,0.2978269937254502,1.0024080819995596,0.9727961402865123,-0.6756456324133889,-0.9036607572128799,0.16919767566281915,-0.07941909631493273,0.009226061417953124,-0.19992574013136857,0.07505680165008692,0.0
0.05817125498025029,0.08941192494117951,-0.08435492108369033,0.3030863590918511,0.21424800595282226,0.30324645461047406,0.8640305532209177,1.0037612402603506,-0.8160536279811341,-0.9134416867257752,0.058127769611692845,-0.14965843636128573,0.02274289638128033,-0.19449575421143697,0.13026602330899356,0.0
0.122673438979292,-0.03712939662776571,0.012587481189727079,0.2746988973397122,0.30406788129018303,0.3741618742111054,0.9002574719154655,1.0230338053692443,-0.7625694471201723,-0.9148180824059652,0.004430404226916991,-0.11954626247078723,-0.0602155450076861,-0.20241593165730135,-0.019047364608609535,0.0
0.14829773017923023,0.06334828479496081,0.04592091467967055,0.33720724195252394,0.18069877629414788,0.41257636802843034,0.9531293216933932,1.0000934853874124,-0.6792772664248411,-0.767190486821914,-0.10729278764962022,-0.004447914962437724,-0.11586137922225088,-0.10201716070197242,0.10023409110452058,0.0
0.11534721348614697,0.004936071132452355,-0.003436697633184351,0.31612004146387496,0.17151926655726807,0.3738677821526818,1.0300478197746454,1.0264981891648808,-0.677840021115559,-0.8604482749646135,-0.11746126732540871,-0.012443883189546943,-0.1829852685831571,-0.08366756970541572,0.15405938075376674,0.0
0.10210297327645093,-0.010487602258815426,-0.022433887831312827,0.22963693122329076,0.13519632844488716,0.3298513754192073,0.9267647077955783,0.9876309842538913,-0.6066625092303992,-0.8460790380310368,-0.10233398625313549,0.08558720436874723,-0.16207326458166316,-0.10398064660672271,-0.030965133786990062,0.0
0.060515539288376344,0.0632593623998415,-0.009003585016328176,0.2323479643062739,0.19162827199446425,0.4291719590651175,1.0003411665571715,1.0329958705003397,-0.7196736372385028,-0.802489911465284,-0.230036854792263,-0.04562819048560049,-0.14173273408050113,0.06861512489508574,0.15380693767253845,0.0
0.18191223056279757,0.0037507210717845976,0.06590428853004406,0.2725421481586558,0.2418345461345669,0.37742337331392584,0.9111907882803205,1.012699211178381,-0.7388177227204958,-0.7879128441784075,-0.30387045141985136,0.03312549751059802,-0.23668412642761355,0.08600394388524697,0.28677803190653267,0.0
0.07800485261180297,0.0962106002790847,0.0004018851554353116,0.23515719261734258,0.1845348468932437,0.3193497538027211,0.9330105215229171,0.9333528028469285,-0.7161653917110729,-0.7740575832642187,-0.3114530192958539,0.19404897759274745,-0.1348834335818842,0.17772197675287693,0.2219738219307922,0.0
0.1392464953248095,0.070561590247516,-0.033125505947265654,0.3125175302863475,0.2831011030856406,0.4774839938603514,0.8620207619344753,0.9882496502419597,-0.6763279140561234,-0.7445544730163015,-0.12366503933430746,0.10584547286530319,-0.15251695809466476,0.25584884213334985,0.17189431522413187,0.0
0.14529162673708051,0.01574715920183542,-0.0020696841638453796,0.39520122726050216,0.1898312212554214,0.38898166866113815,0.8576076497019703,1.0644000205776538,-0.7110239326577764,-0.8080186508807002,-0.08647622046133076,0.15568981765784942,-0.04872328076599171,0.2971574507208154,0.1588896495253919,0.0
0.08005022248173513,0.025349108624506615,0.10199961964367772,0.32287370267762966,0.18733493802082024,0.45991892131596435,0.869882664875466,1.0006911116055652,-0.7715119619302927,-0.7502479539694189,-0.04595130555755628,-0.10992999091880187,-0.16037688530026362,0.29844489037279015,0.1061831463495845,0.0
0.08585686378238544,0.07447868322323284,0.0016281430545095794,0.3519693962619462,0.23700716837626268,0.4161686637373492,0.9525968158363557,0.9991913620099555,-0.7652392800629747,-0.7755787400414001,-0.20556692736977636,-0.03667311616683762,-0.23574346042631603,0.163849327445721,0.10855098232327201,0.0
0.16634999555791227,0.0674651313194014,0.0542439716026561,0.2812962875076756,0.2492065497839101,0.3575652098076651,0.9710514738050201,1.0611985659144068,-0.7918268692385247,-0.729806934506758,-0.10967570919044761,-0.12542467180847988,-0.20186746564777908,0.30297639394268117,0.1292964579330433,0.0
0.15256944116585947,0.12174964370998295,0.08469418153417312,0.3826819372147501,0.20214516041291586,0.4636988350821185,0.8800426636708695,1.030565105824828,-0.812669408542898,-0.8091462512597665,0.1648505401252358,-0.1519089458912519,-0.047602945631789906,0.20634110139934733,-0.003564596405846554,0.0
0.07706494753572396,0.018722043586484403,-0.04350949585742309,0.301617446554013,0.25723372773395126,0.5208525053801352,0.8709860570350723,0.9755531538624433,-0.8293968042295394,-0.7504343688040287,0.2360902778777627,-0.22879428181151293,-0.02626496904057138,0.09834983894437672,-0.046295076424544036,0.0
0.03111650337904885,0.15478461460767712,-0.03621602780258512,0.3314356822442609,0.20651452719620061,0.5279646997537468,1.0199931748772613,1.0015865374281445,-0.7609410716110984,-0.7435942221103023,0.13048304070451516,-0.07298468949868057,0.23254362267509965,0.00874920099022769,-0.04191437322145172,0.0
0.04645934247279758,0.08171763493826593,0.0018522367130015868,0.2859540953342278,0.24506723647473164,0.5111788195290881,0.8918152597783713,1.0736708903689822,-0.7868430907708542,-0.6427024542532466,0.1459842170144858,-0.1537430138366513,0.16133518269256283,0.06994143273937596,-0.08477285448853475,0.0
0.14106014154433763,0.008952881632278267,-0.04998871601453961,0.29072264891214333,0.22685178426946886,0.5286126081321403,0.8418417279940194,0.9430174530890673,-0.8223297001937416,-0.6373575414640598,0.13473776353461445,-0.14051348353001858,-0.06866239365690797,0.0806284003795107,-0.0714722825075285,0.0
0.0869622983239997,0.08272208411960955,-0.07220188054775406,0.3037288125233547,0.2782280029389674,0.45182666885501366,0.7601020839773884,0.9218671569607332,-0.8479156302457743,-0.6289554768337831,0.06937491998013141,-0.1352259705230278,-0.03528576858885282,0.06595337216443663,-0.20320276916063645,0.0
0.1272238615863984,-0.03876037958168835,0.011832182919853485,0.2593412222405906,0.20994113615273652,0.5952181971729171,0.82463399282809,1.083666189876445,-0.7987637900265468,-0.6943407976710638,-0.020104165741001406,-0.27599245596485444,-0.17263513906557482,0.06916800301663782,-0.22505704319857817,0.0
0.22274680317036621,0.06724787877001474,-0.012800191155724545,0.31475314675024,0.26254930432569257,0.5050499852686502,0.8791529036531424,1.0327670590094644,-0.8185746452887686,-0.6377831275801699,-0.06789453063041016,-0.2092741262260081,0.06378644939324268,0.14356536119449054,-0.17672866374947732,0.0
0.1704615768597982,0.013721534709096324,-0.0896316892929228,0.37104400586439623,0.23089552541605227,0.5446623347842379,0.8089089805280002,0.8923098018083385,-0.853252323530976,-0.665457951055795,0.0297056608938117,-0.0715760856057419,0.08113480071244433,0.2471708700363458,-0.19768620084166433,0.0
0.09834899885894892,0.10602685181153743,0.09499602110251709,0.279437101522418,0.23800505734783212,0.6008153740823722,0.8087325286543068,0.9712590071068624,-0.8278245569328578,-0.6712789784632104,-0.03233559467938124,-0.07118644073886049,0.16845054207914428,0.4028620628835822,-0.21617778607419125,0.0
0.038404325485881005,0.03917358846539838,0.006329293137940859,0.3152964782573309,0.2507043210105411,0.5388259814275289,0.8346285456469952,0.9602260930069743,-0.8571862349173517,-0.6939039523020492,-0.09946023414261067,0.06793713963144915,0.18257900793065218,0.21172284761747262,-0.17848960034233496,0.0
0.09206590425904249,0.102159105352344,-0.0228534978434857,0.27460393220899243,0.2126868017068782,0.5797862886529418,0.7624680083270131,1.0302588674477917,-0.930400675328611,-0.601894495479565,-0.0825690749892827,0.037859521505792,0.21512188274099353,0.16612595670196356,-0.08103083046716236,0.0
0.1453670777416606,0.12976288533733504,-0.09163662108133022,0.4831680317729987,0.21048358565564007,0.5940077146685089,0.7760690056560714,0.9700471710653084,-0.8858128930500991,-0.6683902555400758,0.16506947900903662,-0.08747886233697985,0.13898763685158208,0.21803488240317426,-0.01845509474557945,0.0
0.10964891817985732,0.08961365431216235,0.01014486328617071,0.35330113647270067,0.24716532949648717,0.4977377920575732,0.7847964534387628,1.0164846767026758,-0.8603945628581342,-0.5632367817409799,0.13651796053843102,-0.1098339925602308,0.2259842915866156,0.29657107231590113,0.07988800491496471,0.0
0.1983635417734952,0.15724513452180833,0.04601171288919487,0.2909093299900291,0.28042159151125134,0.5976090304702998,0.6820699190098047,1.0489745059635414,-0.9053836676898324,-0.6641321542437018,0.10309163802628414,-0.06663166265803346,0.3786199156609966,0.3806515928160945,0.1874302022801943,0.0
0.12349731657884044,0.10565498536192716,-0.030441645966403745,0.2911925378352479,0.1597778794726895,0.47976364657855713,0.7446236394381901,0.9499067762731503,-0.8381490167602097,-0.5313736334964131,0.07799315619473395,0.02991539013773177,0.29446460868292174,0.3046354979394694,0.20299141558979839,0.0
0.16636137048466124,0.12318345373070616,-0.10326449531243458,0.35758832925426537,0.2503532832080376,0.689267336745682,0.7868649980484519,0.7985279840947677,-0.8247122952006449,-0.5645587431913133,0.21976299696699847,0.11810944172959244,0.3137096655877819,0.44277469299543915,0.10842807259035807,0.0
0.07892313113657654,0.06667818218311958,-0.022966226031053874,0.30599486044498,0.22938788921202544,0.6367075851130399,0.8094070292786671,1.0024240827426687,-0.8542180564862183,-0.5632317008981145,0.05226645171187491,-0.025606186749385015,0.11855935724526923,0.3142695392613983,0.038024205282788076,0.0
0.16180979088390857,0.0709010797155014,0.06451489563436247,0.3394526116084872,0.2769508470536862,0.545688517063799,0.769640995476668,0.9327701476407608,-0.9001780113722256,-0.5815850436621414,-0.1250836565707561,-0.005183825966076605,0.09846795337136072,0.1375496349548716,-0.09867324960876347,0.0
0.07630028081127024,0.04265778139687493,-0.024601938588438232,0.37129914074699333,0.1834355765626943,0.6081887212830912,0.7577047058286157,0.8541730235025746,-0.7760778023933297,-0.5050010022956279,-0.0022734860496395476,-0.2965946815899587,0.26275260053402466,0.17742274206246486,-0.1928134924189669,0.0
0.1819788211817129,0.08801285814913563,0.005785038427806671,0.29217585996759143,0.23478791535694363,0.6430142322724895,0.7488858971055129,0.9671843515986901,-0.8199520347814914,-0.4834855261855838,-0.04121539456755249,-0.11163037046771386,0.24438554508070445,0.27173180226471383,-0.04999835574703898,0.0
0.14568861947828773,-0.0017779603494035845,-0.022576135169028955,0.29532961901767585,0.3090499389989079,0.6647544768180881,0.7392724843551082,0.9771737773249575,-0.9119408074794602,-0.42774702629188566,-0.16966396566086495,-0.11311186985483904,0.10168322199917726,0.18018790835608323,-0.1318294028490057,0.0
0.10272787743819373,0.02396075809975006,-0.07444227974964654,0.4118567555612511,0.2917062842443688,0.5852070770479304,0.7380728924477004,0.8682908783978007,-0.871249912318933,-0.4429007422584646,-0.09926248730591794,-0.1883600732346179,-0.011822727215852952,0.1827763896636021,0.014988461270071377,0.0
0.10810588587989398,0.03423683326046928,0.0688439089435812,0.3389841712366678,0.20446289135141474,0.6344316496724752,0.7029873924834815,1.0049069523743,-0.9741794344527589,-0.38665011539585836,-0.10283192642308603,-0.2176530331487168,-0.08352104438164011,0.1036167674384605,-0.008971693788151328,0.0
0.08051101315149792,0.03188849359086603,0.06667059674735154,0.3597861092643622,0.2501297486997411,0.6745698229232594,0.6334513100668899,0.9523519926169298,-0.9220560294055596,-0.4287880828327321,-0.14703522840311922,-0.17359589176621504,0.03318384624495774,0.1012140681944919,-0.11219367329461098,0.0
0.08581674317671337,0.07965735843769799,-0.10699620383566752,0.24182860850503346,0.2561759163629823,0.5093483458538139,0.6834632449071045,0.8632534277624635,-0.8967025911914757,-0.4936483036299748,-0.15562094056120085,-0.061000055307646364,-0.04445879846028089,0.0818511601931518,-0.10908029212124211,0.0
0.057157655426855206,0.046319983337896095,-0.03752565087075679,0.28439238960305235,0.1802611235084542,0.6100437420438249,0.6841149255301313,0.911236380788023,-0.9186972164812247,-0.37809290096700415,-0.1664710286860343,-0.03994908783788281,0.05112076625793664,-0.04278877892346335,-0.08838862542310086,0.0
0.011444820246066634,0.032441916286633246,0.025037669941151947,0.4727384681329693,0.3179807900584222,0.6842165075443235,0.5952312442188581,0.9235687899925444,-0.9771150544211499,-0.31398154382294313,-0.2656636957148119,0.18109334799825533,-0.13598313953487312,-0.030373590464607646,0.10201892101952585,0.0
0.09809423219139145,0.10796652580304746,-0.04210201855453013,0.4149407548924106,0.2246085124683962,0.6614404810753816,0.6709093948220418,0.8923217135180823,-1.0108575665152115,-0.3384361060463359,-0.321079275202136,0.042484038629331394,-0.06477754695199725,-0.10603564843506712,0.06354257352115468,0.0
0.1389143741681659,0.03295182203853276,0.03541587715929251,0.32881831503547065,0.3169832902552596,0.644055841764843,0.646505798308284,0.8568017429032169,-0.9187218880726109,-0.3966793924823932,-0.15032806647573285,0.15151439818121532,0.07037740280931595,-0.031715896859428314,0.020239726522889488,0.0
0.08508563666483396,0.037468361509358755,0.025944463133494782,0.3754970635995821,0.18737653600952445,0.6568469334798278,0.6495296067047303,0.8898061334846658,-0.9954389615745401,-0.30697057795287047,-0.1271951497852381,0.1267175218992635,0.22044991271538986,-0.07224703392517606,0.07601324235699225,0.0
0.22510759778425452,0.036004760938958304,0.02425064342603447,0.3064767578250648,0.2416597630846205,0.7017518321112471,0.5798618838710867,0.8989726957714357,-0.8632896269147526,-0.2906316586106656,-0.1758673376287247,0.1428385095605588,0.2213931505884206,-0.10637113121504525,0.10523222092982185,0.0
0.07008214322643708,0.0489285356981144,0.052596877800978256,0.3718338976876867,0.3310133855910651,0.6500509562580972,0.592360281628342,0.833120629429243,-0.9655181817834503,-0.3304061303501109,-0.17066803504998262,0.15819217573204053,0.18715780238128432,-0.06892786046120296,-0.06537044588542149,0.0
0.16087978869891267,0.11143922031657759,-0.09251398186417194,0.38837645153207445,0.30446986213378296,0.8368445994929339,0.4668076628119331,0.9099946130360808,-0.9976905119715223,-0.35833597322253563,-0.08553695361823963,0.046748763131149576,0.01792533087184224,0.23144219812852931,0.05325160670915561,0.0
0.047019214314233976,0.12160195209498349,0.06073623445947485,0.28256571939464814,0.26102954424610186,0.8100726263409286,0.5884714089760724,0.9091871073307121,-0.8940783059479386,-0.2809773929655987,-0.02826557264933393,0.021784415537359547,0.059227604888396256,0.1547702338356105,0.009572135099782303,0.0
0.18643509393046606,0.02566938645378028,0.03709062817244788,0.4337754089763691,0.33767709972960575,0.7305325583417357,0.6528722139252233,0.8122695919853501,-0.9606353137571085,-0.15794597627262424,-0.1488589531226189,0.031161059265452092,-0.05394003903627188,0.17940558871786866,-0.20043849321112378,0.0
0.07927317277431142,0.1791990665142046,-0.027597311574778925,0.4656900813073833,0.24679267196782217,0.7252673334456798,0.47941936164938603,0.9824305689968439,-0.9587452931755873,-0.18373638446484128,-0.11923065719448199,0.028572705298057978,0.033685211163618084,0.1545579154025056,-0.18011852064582454,0.0
0.12865150618630902,0.09743562397689788,0.1206257853957861,0.3663133519831163,0.2072050684692292,0.791161377363004,0.5768360999256805,0.8969055990555351,-0.9926409903801291,-0.19201648333217702,-0.09590251834931429,-0.09911735110108605,0.12580766465830784,0.08779356191087664,-0.15438460343146726,0.0
0.16243838497405177,0.00396342848176931,0.07152579883010479,0.3864571193101502,0.28671630342095555,0.7156534023485109,0.5227281928019871,0.7142807168863683,-0.9297812161920613,-0.15786383429321132,-0.04722626409078623,-0.1630283472065583,0.05716098837129856,0.13160670821926393,-0.07392107360602522,0.0
0.24205523975846477,0.05536188469714209,0.07811471688075462,0.3539266459349403,0.2861115276450792,0.8124023057913043,0.4683818707874179,0.835383264345966,-0.9110849970416607,-0.11829766047597148,-0.134878533446015,-0.3022432188757559,-0.07447495748700297,0.05951500391483675,-0.14134874626647254,0.0
0.09272433939546425,0.07907061965556861,-0.05083560705748673,0.31545337156459075,0.3165274911263646,0.7786570485416534,0.4829815748200878,0.8108939277232913,-0.934197455020538,-0.18137174225882055,-0.19032233962550427,-0.3228285515350714,-0.1265257824880871,0.24771761586608035,-0.06334759621717459,0.0
0.21547396102469085,0.10355142410589288,0.07816951795276009,0.3728177716020406,0.29857750127164273,0.7660033966113633,0.5086950842550807,0.7968259544280768,-1.003116100110666,-0.23244169002261358,-0.2949886118368349,-0.2663987082862789,-0.2663704235552061,0.20714501861565787,-0.05307820771489731,0.0
0.13205246936118747,0.09599903450579507,0.05726471377467058,0.42846877897651353,0.2903155799004879,0.7687546879356072,0.475523761998589,0.8784744292631481,-0.9953861623282083,-0.10988709092679053,-0.23766441730071533,-0.27794788020607475,-0.15221610466482002,0.11668564997502617,-0.14557573496062165,0.0
0.12691449648331038,0.04802924683625366,0.04990823754572342,0.39789708538442514,0.27680930557040295,0.7560552778959462,0.3485483709814642,0.7406371981608593,-0.9734871830931112,-0.06256255628359128,-0.20208653943356114,-0.1499551340805324,-0.2258504193749482,0.0015268084819553829,-0.15751107666397718,0.0
0.11098881128155573,0.17061367980548142,-0.04028946267881302,0.34951047949420216,0.3213984944614703,0.7899578644886142,0.4601972367454176,0.803141169593061,-0.9293817787496849,-0.0885591674666324,-0.15355314975268705,0.08162847918404292,-0.06890485291323172,-0.15971888592823222,-0.19364204857610426,0.0
0.09807600387890232,0.10533653358930192,-0.009720611935187928,0.33016937706559024,0.3236066403751481,0.8200566054612827,0.4335825019446336,0.7702453664597195,-1.0165723046464334,-0.0574300061897207,-0.21059340088826667,0.09308254918155555,0.051301037843387756,-0.11245634589854953,-0.022268962301075224,0.0
0.13609516331576285,0.022049070197921752,-0.03603216149668728,0.42685756585705437,0.3523550777381915,0.8325480118738744,0.33590451486118034,0.7288611596958027,-0.912913802353563,-0.07279903278066513,-0.1620904305757253,0.006084435397104002,0.12241716538548952,0.03156490267804858,-0.055509931098241344,0.0
0.1404152966660794,0.14951149427386504,0.053304642669040454,0.432138393286828,0.29286145556994053,0.850762587644275,0.44424092169379237,0.7750612602753459,-0.9347750362715048,-0.03225479241617561,-0.22563079353850524,0.186495217298169,0.1521919867941604,0.0417977907386908,-0.17086809490206195,0.0
0.11409037104242235,0.16148754682388866,-0.030387533818280632,0.4184189150191485,0.2700365945320477,0.8628096441697461,0.42745977914190664,0.7684105776735067,-1.0408548827179411,-0.05724218963936706,-0.19758252867302933,0.009326917231031379,0.206518673589131,0.18779287653380428,-0.15813926556205535,0.0
0.19151551138537906,0.08216091266508727,0.06010208129388747,0.38254484804514993,0.26740463499508854,0.8499232261712462,0.428299709170237,0.7804393140055775,-0.9291748578527603,-0.04680016909441056,-0.10128345598214665,-0.02919980130212206,0.22068603444732093,0.11315083530417289,-0.18960971378115865,0.0
0.15707192102248013,0.03291339659810124,0.020055412789450867,0.35950905820731893,0.29687678235647624,0.8376956497521304,0.3468542129764896,0.7243160904914632,-1.0516193501696356,-0.021055708393420768,-0.2841638736137656,0.04477413155396835,0.1961868801865168,0.14455521647526293,-0.15057330967824326,0.0
0.1608328010840768,0.11370488123161938,0.07571686448041967,0.4610851717703044,0.281918430713556,0.8041805730891242,0.2705937560448376,0.6636719823196164,-1.004574458677546,-0.018476326336229677,-0.2887949745838297,-0.15467921747474359,0.09766422569912311,0.2219592649928129,-0.13999551716596353,0.0
0.19212370849614802,0.03794436426311762,0.07307442612797957,0.37198550061098906,0.44599777571105553,0.8660724702865757,0.37834086267136724,0.7659868108144517,-0.9567160820799531,-0.016578136750106682,-0.3828696534299562,-0.1821448721005201,0.21588775411072797,0.09936873750055039,-0.2656108066830466,0.0
0.17534791979108744,0.21253387911669652,0.10534735616954935,0.33870393934967824,0.2681468003502693,0.80918949538045,0.23929004402833415,0.6639394852698859,-1.1110768737841676,-0.002673640937817544,-0.42855763968961175,-0.026446257322387173,0.20022802049199884,-0.008311231637672403,-0.1034516646762692,0.0
0.15645514658448764,0.11983177950969572,0.004462256965747556,0.3616480310868886,0.35085542386354207,0.8846650837771096,0.26075820922505943,0.6861951988994077,-0.971877022348877,0.05980931739895789,-0.3166609189479323,-0.24802203562757125,0.18709088609781335,0.1818588509173397,-0.13971298486479816,0.0
0.20176209713594356,0.10011883561849916,-0.04436826891007391,0.3878658919434822,0.2832008282997267,0.7909750459954303,0.35111490848652627,0.6547321889621808,-0.9969126140316202,0.0011974634356320957,-0.3460649176764249,-0.025063460504670704,0.020983022026252046,0.22351189210069616,0.0004274008294678222,0.0
0.16603655590415695,0.0696113127051109,-0.040315712326265976,0.37508451183024566,0.26601199692856864,0.8140239349843588,0.18097297879662547,0.5500969682921065,-0.9171775466387749,0.015281881350779986,-0.32097073161568174,0.10455377352712669,0.1793951643782448,0.04424199421398245,0.08714010277125121,0.0
0.1029464425922755,0.08665540461895038,0.05171093720318566,0.39692784330945363,0.320865824951642,0.8346706927550207,0.24479069685089966,0.6402130508692462,-0.9956353771623526,0.0836077098040546,-0.29593348774490297,0.10324727923422464,0.04505040221287329,0.08374005301458648,-0.07764283626751789,0.0
0.20797238071447907,0.03780941159089039,-0.051558042659413605,0.3165568251588604,0.247520559089366,0.8897905443314975,0.27085945229021857,0.6730386962315973,-0.9090597105717976,0.11532703483498173,-0.262263037607324,0.11279094841312416,0.020298108824072295,0.061370993860119925,-0.054624885843464525,0.0
0.16598812680156172,0.152527264364404,-0.005937573032196476,0.4154800667464095,0.3610548197505347,0.8767112016297771,0.21269981715001296,0.5793633141541809,-0.9574435495961882,0.09233318695162368,-0.21461270915397188,-0.05735164757055464,-0.08827126170129479,0.2529925896682104,-0.24089845809313148,0.0
0.03338615038503498,0.10329781063244495,-0.11104168063315717,0.41099521567004726,0.2909791579388544,0.8385898672854277,0.28068340129264485,0.6888900928126549,-1.0462206406236194,0.08638410706653497,-0.28428381998979396,-0.04390625792328756,-0.15597781815233347,0.26747974401884994,-0.2886893845851847,0.0
0.15006259307946054,0.13848210106516962,0.10095945575761998,0.4393386589224616,0.2761974785875016,0.8558240796195519,0.07062039692837134,0.5604950692655816,-1.0421330978532768,0.15846662054315427,-0.12903253832763686,-0.09849782170294683,-0.01936593692678236,0.343620265672606,-0.24472895563830774,0.0
0.1391667970101077,0.13928815805119157,0.07856797430346008,0.32754564713589307,0.267123657022144,0.9419996169013867,0.17368037571256273,0.6541887548267283,-0.9936970859360885,0.14357437639135837,-0.24862694881404537,0.014776180506179917,0.19425715813693667,0.2683556838471814,-0.2908006569372148,0.0
0.24325592792159428,0.13615469390934032,0.08418684772957843,0.4168595916028453,0.32830737725336245,0.774771629856566,0.17499163499083845,0.5697740947227835,-0.9849231311533031,0.14997840988217975,-0.36322499210875664,-0.0431445982064518,0.19704524097155052,0.21729034645859302,-0.27783510007965145,0.0
0.040597267459205444,0.13182885155229462,0.05284853600994972,0.3906808944877005,0.26590656747037844,0.8917739788045603,0.12422605272292438,0.5910740204854932,-1.0882094495870498,0.2690454985340008,-0.4171452034932228,-0.10975063346059957,0.28323526985472847,-0.045386275728264425,-0.19086314936797827,0.0
0.19988063262492783,0.09047233006942737,0.0002821019444961409,0.3962078319232407,0.3140663001543365,0.8764966103480014,0.08792852951701878,0.49879253909080645,-1.0321934256804843,0.2708744504954526,-0.020530258517193367,0.014891105590490283,-0.07814947405770095,0.09098440378143191,-0.18113299753922785,0.0
0.15295488185791858,0.1697065965353683,0.030583400575002865,0.4289854441833986,0.28446083533226507,0.86905243025325,0.08769824577591787,0.5394100115049834,-0.9536963066367169,0.2769146466825935,-0.07200726576692343,0.006332995932414585,0.0265243131701837,0.08439606378325314,-0.13164919224026128,0.0
0.02470265292154833,0.0029376927528819707,-0.0025733344868088953,0.4025231260511406,0.2621682814549221,0.8849473564210395,-0.021363701806515728,0.5540081419558125,-1.016862117154253,0.3148971729435279,0.1771045663188331,-0.07400932004778453,0.09872967535975088,0.11749685773502702,-0.11976649049904899,0.0
0.10942294346012219,0.14298841271142523,0.04890062931459094,0.35951119555929545,0.22765664054099202,0.8741632162650925,0.19872624370525774,0.5765707684140605,-0.9698463061333826,0.3845785124073304,0.13746949642217476,-0.04053041222434173,0.1311418795572036,0.13038546162793913,-0.139803626467148,0.0
0.11039409854292821,0.055456166053376485,0.05304067859646411,0.4499699492261703,0.27563515042143616,0.9683002458824597,0.05336020244855119,0.5029487879036362,-1.0718089468403542,0.26546142663235045,0.002116078917348732,0.25578193170980473,0.15861563707690732,0.15436508592882078,-0.15534141966769444,0.0
0.17178814399787692,0.09149405833239563,0.025245165653583108,0.34528600812428517,0.32579753267673234,0.9342037825699578,0.04488935968388809,0.41723146347065926,-1.0589065693052768,0.22996280565239302,0.036863311127891395,0.14001806928530758,-0.0014586776614210345,0.21319549405843352,-0.16822392163214375,0.0
0.12897744806761963,0.18384631158556874,0.0016048469029810268,0.4081801002673213,0.24949254850916286,0.930438584302984,0.009086671326722855,0.4770105056264071,-1.0681052419345207,0.3458918174159845,0.04119077541728961,0.21588809562299371,-0.09467419598735397,0.11740318382171915,0.054546995114750446,0.0
0.17670454331598012,-0.003177881244874642,0.039080651608957635,0.4382355015551963,0.2602097985341798,0.818509906150728,0.07098545924376831,0.3707619223921895,-1.014038859386473,0.3763838738696612,0.11124841375049567,0.13253432629989598,-0.09994897887384971,0.1757735645480041,0.10904931843105511,0.0
0.09656131951736682,0.09636060759287293,0.06543232591761775,0.38748286013847133,0.29408288153021234,0.9499248941099394,-0.05886234998275904,0.4482801621457055,-0.9486834426695298,0.3822051301739927,-0.12496071400992868,0.0653620740443388,-0.14276314448257788,0.1528519820132409,-0.049607728512879826,0.0
0.19904923791215834,0.05978577969303417,0.024016744456616015,0.37706896781070676,0.34459869373061214,1.0159306139482982,0.014571697216297523,0.3847182405254346,-0.9745806326991987,0.29336972778135506,-0.10102279848980428,-0.007641833725143432,-0.1965518562933685,0.1281491320550749,-0.1160563907056086,0.0
0.19273580718291883,0.050846668479432866,0.06655770429635062,0.41979470550726944,0.3751189839039706,0.9417280943062623,-0.06657060010414806,0.4882343081929055,-0.9538568839102048,0.4286018119720967,-0.05152252408234257,0.06650384108229303,-0.13481222795508288,0.18162565097472874,0.043039082208263926,0.0
0.16531515535187957,0.11338647947849231,0.03786644571016787,0.33534652164250467,0.3382316007528704,0.9020724180647071,-0.0677633326187288,0.40472989271320914,-0.9661888792407558,0.34003632498196296,0.05441273497756557,0.06201818935973385,-0.20308976455234157,0.059401745180629864,-0.08723547290433409,0.0
0.09845608394745237,0.15729395521713632,0.043347867450712285,0.3537045327161802,0.3549054609215291,0.9818377184669874,-0.027408136768244436,0.4006609690397628,-1.0166227678200677,0.37550614028267826,-0.04214898629161518,-0.00799169973136478,-0.170281026761242,0.05799735542610306,-0.12894914615544628,0.0
0.1733318686913851,0.15083014228730207,0.04193401547177202,0.4407409083085,0.3063094022710858,0.9905395323943904,-0.11682376360773639,0.35535575246225615,-1.010308581714627,0.4777210740932587,0.006432576079821173,-0.10125846560540401,-0.20151712359600105,0.036016593789702886,-0.15777982332872525,0.0
0.19506383382824913,0.14498198418955732,0.004249438073385341,0.40415652817292747,0.2693158216861683,1.0008868201407812,-0.05743346249669724,0.3923900251361717,-0.9693534437694764,0.3747743354774974,-0.14321937131440482,-0.10364181871149071,-0.03354350207524591,-0.08820302220912798,0.019171496924329512,0.0
0.1583261564314461,0.13793393959335648,0.08048688387539808,0.41822119907581046,0.24501898068269537,0.8472541136706371,-0.11300754980377592,0.3545574613355242,-0.888461631327009,0.5113798723698794,-0.011212049027979787,-0.13181365484832108,0.06750161133094916,-0.25162735608532183,-0.017476428566250455,0.0
0.14592199355416582,0.12300193043315542,0.10386387629127475,0.4138856786739006,0.31837067552752224,0.9002493497309548,-0.09468770235638839,0.38864255421234517,-1.006620826034836,0.4714854605620119,0.22078896549734756,-0.3235598198591867,0.08677277503982343,-0.060226208167371786,0.03108749343700183,0.0
0.27912655156923066,0.20160027545100134,-0.05823263345509379,0.41027840088846523,0.33009921864699787,0.8805408652500168,-0.07555127905993517,0.3089988208515549,-1.0166907970074823,0.3715940067130639,0.13343591327054852,-0.17822567641524828,-0.004402987278560963,-0.009042067171263775,-0.054391187916532635,0.0
0.13139810896684756,0.1398810120581348,0.05988963757005249,0.40797922224686517,0.30194407488025177,0.8909265734758218,-0.09485885214139264,0.4000879613252012,-1.0193670386389981,0.584326728784927,0.07313530695135637,0.0694999753316872,0.0331890014656121,0.0742279305398472,0.11426049384532092,0.0
0.12408136014523194,0.06511984947465202,0.016708559765168975,0.43653937743861887,0.3256475785479559,0.9951400864780563,-0.18306272164123716,0.3391450178339821,-0.9317563845643794,0.501807831465805,0.028527327727428338,-0.07310801586435792,0.09183010649431314,-0.04847691522865967,0.11964444576867066,0.0
0.19807826200413656,0.028079526064451618,0.08324623073016316,0.41674663883193835,0.2642608189519471,0.9828663557790787,-0.07658461476075513,0.3156437171290211,-1.0298348379685212,0.4372986903458104,0.019723999200237166,-0.013332243274505752,-0.013337170190657083,-0.009007061220515124,0.04744299693796918,0.0
0.13543469705946323,0.08697401133599851,-0.03406616366197572,0.4688213759714278,0.2133953897094772,1.0059122394751217,-0.17025883831825567,0.24009026486137947,-1.062516035200799,0.6141205966760618,0.024249579509705837,-0.1049043268013951,0.07973745362436085,0.052408671325269884,-0.101104912103326,0.0
0.1858539790602443,0.10549569049089275,0.13505398617797676,0.3887221186861712,0.24193583501229465,0.9445437897225244,-0.134655807675151,0.2390955540487497,-1.0377547448252482,0.544337392109519,0.06400593121886133,-0.14835577075923712,-0.0016355585958012023,0.11144143136570762,-0.0781736496966779,0.0
0.22323832886484202,0.10943890529802655,0.012448757865555285,0.3924827349504764,0.2578010448469901,1.0152166807763345,-0.2750244376801071,0.23374520166891782,-0.981484092417698,0.6700614725015014,0.041975717223104086,-0.11734817126533362,0.02316386289233754,0.08194599716441742,-0.10728992537133114,0.0
0.11961940329432907,0.20798691150592158,0.053607576822106054,0.43034819917832323,0.3225230451069757,0.9602495160542095,-0.246949804581699,0.20894176299678624,-0.9832675972102456,0.5505510965132248,0.011024025032337088,-0.08703672269484114,-0.05033520468533612,0.20471626132206044,0.0033578444479790276,0.0
0.18164513917231626,0.19372227625625477,-0.014961092632987893,0.3730089410610127,0.2805689445309955,1.0309817742420737,-0.333489139479704,0.22481486353291183,-0.9043071623291784,0.5889286777328699,-0.026387294976699532,-0.003761876634716735,-0.0415824763645324,0.11938925510734312,0.10409571769518787,0.0
0.11911944730796614,0.0412941876625299,0.13952626641602617,0.39185139140701036,0.3247487936117014,0.9671590113137163,-0.2729265764754671,0.2300401945148026,-0.9337311882388474,0.6110384533281531,0.18644871513590125,-0.12956361113835263,0.05381055007429317,0.029710610616709432,-0.04988951568369129,0.0
0.19473295187570855,0.11070675489774327,0.03397191419486486,0.3766932931622933,0.30655769237250363,0.954025915516814,-0.31856250282353704,0.19336571664410715,-1.0485209951058498,0.546867764305546,0.2638553277547635,-0.11267087164382159,-0.009450252114170596,0.16934144781564517,-0.06018752213596838,0.0
0.14253094479316583,0.1147004953419733,0.020483953874684113,0.44008649300583064,0.341160713264412,0.8902816113148496,-0.2991850410934555,0.15557158443417463,-1.0003939387112781,0.5719687454764759,0.10325958121050491,-0.10938400648213328,-0.24235713948371573,0.2294999750449077,-0.08835621584657621,0.0
0.28494559729722546,-0.006857585074705463,0.006610712704030415,0.45385208551864487,0.2690402308381794,0.9623693931132108,-0.31792511969608456,0.16580737969970907,-0.9847309698486255,0.6341815769538837,0.053736546664825954,0.003499893138070309,-0.04397232173690087,0.18703800659018097,-0.1813754598702359,0.0
0.1050981349885976,0.14994725181616364,0.02117463858241564,0.4753677015292027,0.25530045477881586,0.9428900086716184,-0.3411718820642316,0.06291595588589848,-0.9460986975812808,0.6223625915359343,0.041449848550853624,0.2398677517836953,0.013962132496170312,0.317036880015616,-0.24170044752698816,0.0
0.19832099509607098,0.07642305215362485,-0.0004506606675562519,0.3995249715268345,0.30494433476981186,1.0338812930515469,-0.3639440506579305,0.11680520087287331,-0.9618445982250069,0.7222715118541421,0.018178827655628726,0.3076758599121969,-0.1318855086350836,0.30604593735295027,-0.25969922461702866,0.0
0.17794863096480737,0.06138179919633076,0.027319355185276326,0.4690911437265539,0.33122346215982207,0.9007414781436003,-0.32898308885601035,0.05959761316058992,-0.9763215457517775,0.6739626753755716,0.08379456807934434,0.2690507132353878,0.13019947940375032,0.4074842863264345,-0.1148209228398246,0.0
0.1465115689792595,0.13144893437826438,0.04414721580769797,0.44122700420365385,0.27490290989731603,1.125167790659667,-0.35546517703747055,0.13441372384490233,-0.9454249858574195,0.639609627497199,-0.03033500021540199,0.2398597659975993,0.023471123246898713,0.2513252570840303,-0.1008698492635466,0.0
0.20246129897783177,0.17730047998908233,0.12633130472001014,0.41109513807737325,0.3460209186892687,0.9958750893980343,-0.4228512219881839,0.03556662721254682,-1.0064752888081399,0.779544409330718,-0.14219889815020093,0.2979381256884603,0.015210933402150267,0.26631531754103194,-0.19959492794740763,0.0
0.17709860869752317,0.1935053485486108,0.022897860639364435,0.4152410214001795,0.3710457041620683,0.9751991834954781,-0.32805578839851995,0.16694963576311472,-0.9638698850177255,0.686438633111605,-0.21556352909896212,0.11578309130480365,0.14995579228351652,0.37278503075593,-0.1708275959674719,0.0
0.1289222575756781,0.08890932344976452,0.058527615376594615,0.5267327982724537,0.30178267758385185,0.9685993378474406,-0.4755995886202602,0.01943045947492774,-0.9723095775881848,0.821056958509922,-0.12161893874021984,0.12088576215103879,0.10673027534599326,0.44792623525769776,-0.11729187986534204,0.0
0.19610448135106512,0.14341131924680073,0.04850987988147747,0.37336909383280953,0.2979733406106534,0.965069598217138,-0.40485386204884966,0.04387294092796105,-0.9659308951010984,0.7441859691112291,-0.17934853119339123,0.04952671047173998,0.045186309732466706,0.42142307362335374,-0.11070991231933544,0.0
0.1499802126350975,0.21611025034640324,0.04414763199606988,0.515485097396308,0.37920944963669734,0.9867294194395768,-0.458827944918226,0.04394601392446664,-0.9505566121673277,0.8168816431520809,-0.12337906147960834,0.1953044126631555,-0.0030434252898483873,0.3157206768352897,0.010062339756252453,0.0
0.2474665017328873,0.17701043767559865,0.047809623957871444,0.3460722088412959,0.3295295376135119,0.9973970606233084,-0.43249541561617333,-0.08965969680256641,-0.8837201402175786,0.7734809027131723,-0.03566213669938338,0.060601504022197245,-0.0015841095882078598,0.28644006533444016,-0.014769244600775423,0.0
0.2570028931839654,0.17179453299709618,0.09531081516251144,0.42995802713347503,0.31476229727261407,0.9542529656702586,-0.5631786960486946,0.022103739295408615,-1.0033763365766537,0.8200611746990016,0.034762722618068634,-0.0473139680852085,-0.051435544266760884,0.19655878121070147,0.07715088167820013,0.0
0.12823143677186435,0.15347563673592893,0.03957683915726205,0.44852978403937327,0.3242461146892434,0.8764751385821334,-0.4993605435076364,-0.05566801888704954,-0.9212220300865653,0.7537391170484723,0.0002139271189454013,0.15719795067194114,0.03553174371767399,0.038282638255170226,-0.014066327236604073,0.0
0.16213071616512317,0.139941251924944,0.04913317498406538,0.39530271561798636,0.25928058910091334,1.0084806241790512,-0.5421348464329485,-0.09568496156030873,-0.8521797357983266,0.8677584881998287,0.059772725146098916,0.274528360468139,0.15310570216834285,0.009279284167666473,-0.022612462265735232,0.0
0.1981641289540166,0.0922698270594367,0.051578706519847375,0.38486065906396666,0.34527324377932866,1.0102863668939253,-0.5305152733438775,-0.04749476579737384,-0.9004352350678647,0.7573152200120515,0.21594456562749953,0.1428843139747823,0.30910609401234423,0.1069388234412431,-0.07999482648262994,0.0
0.30104738404178255,0.129439491259845,0.09548957147067952,0.3432167761159307,0.3885299777885637,0.9700490121416397,-0.39283559723953315,-0.06954219398777761,-0.93876323766046,0.8561624504331663,0.14363942623459713,0.14686233235402144,0.20453277978636514,0.05318393351928628,-0.11357877817448586,0.0
0.14107096846989972,0.17974983605657413,0.1290802903936451,0.43462814293632873,0.3158687855951565,0.9530657154690797,-0.5132555722996902,-0.13136749134026848,-0.8736058195083243,0.7906800929398201,0.07021629174797517,0.08848758980064983,0.15454362349281925,0.13032030477641587,-0.23779697046973375,0.0
0.2507667450726101,0.153443657389085,0.012197745238432887,0.4329752661988527,0.36642685721722623,1.0064272452570138,-0.48971656135705566,0.05991856980819836,-0.9209086654637222,0.7747319741987551,0.15940903864818096,0.07264269993671704,0.07838543374887473,0.1274801377675549,-0.25705103942939644,0.0
0.2049583229850092,0.2083111394409104,-0.05542001884278232,0.5081235180423309,0.27179255917696105,1.0044562699509128,-0.550831440548674,-0.09901363372333219,-0.8229983623113477,0.8291896686677588,-0.012411166976012161,0.02018759876960767,0.07113170687535009,0.13310520788904903,-0.18712986101989368,0.0
0.12966231521517405,0.1689144572220057,0.022903172187620044,0.3901139398345367,0.3163325856199867,1.006267703684548,-0.589692492691117,-0.15201154051126,-0.8789590298906438,0.8580457110164836,-0.062419898935129024,-0.0873733714791063,-0.030691200552084692,0.2867237310417608,-0.3809125276641402,0.0
0.13266425080135313,0.07592103116887697,0.07103341485755371,0.43387689448541483,0.34407007487361585,1.005167917894584,-0.5424560512109994,-0.06624961664857164,-0.7548782833787724,0.8499493175261186,0.08786586749277972,-0.08200956948472173,0.18089710098799977,0.3081504591132286,-0.25371703379966504,0.0
0.16479385932593404,0.2023439543807679,0.020461057612484554,0.47683117006329895,0.3750731728909617,1.059010658518151,-0.6238645582412041,-0.15069154824307213,-0.8197134392361798,0.7738089656292675,0.053755702952417196,-0.2546869878941035,0.0037353280361100555,0.29014198541691505,-0.18552314746123155,0.0
0.2316455063111624,0.0858642926693722,0.008327626387160954,0.45704666971166596,0.2954496191012149,0.9714924167986072,-0.6496750146112917,-0.15790360852466134,-0.9064210724796136,0.8357479083610517,0.028101736990775,-0.23086303091365257,0.1467958321749543,0.219989764208596,-0.12894014302673562,0.0
0.15561648701519312,0.10142551202271961,-0.022592848303252158,0.5590945825033988,0.3115449782744211,0.8919985384303531,-0.743343348455119,-0.19897402360773955,-0.8337747818221276,0.898380097534337,-0.06728574810632723,-0.09307776922187118,0.046314349974651725,0.20068423471561353,-0.057401381865984494,0.0
0.17516065600388475,0.12803374527057487,0.08139978805310588,0.4989849433946537,0.2716980434296457,1.06072591912653,-0.6410408916926575,-0.21255783527698152,-0.8494690292261884,0.888502312405363,-0.26401077031571063,-0.11461173289325048,-0.10889420685945247,0.2112216840328514,0.03778862485145928,0.0
0.11034436461715078,0.1527513613265044,0.08600341329533905,0.44894880391338543,0.31335809276832016,1.0123570295483348,-0.652732246778043,-0.17877307560498362,-0.832882500103091,0.8744917515714336,-0.10365794186585107,-0.0028893135503726547,-0.09793681938711808,0.24817835534150226,0.023102259695161054,0.0
0.20923160033395852,0.17309260782392966,0.0871787578537348,0.3717168128529323,0.27575812201711974,1.0482372332094332,-0.6699170278234633,-0.2376301139523196,-0.787090169761004,0.9216394584374286,-0.03346960559309716,-0.07877591717735143,0.06451984540232933,0.10006117763224885,0.056201170396451276,0.0
0.31104192273303854,0.19579916553071178,0.07847053908253601,0.42891278112045267,0.3189212599983837,1.0106123038752952,-0.6343663312047869,-0.24357456712120387,-0.7615706896718308,0.8570494430390218,-0.17234526055226856,0.24879959303553878,0.06790946806780984,0.1150144603238397,0.1587583485095201,0.0
0.18627941084508576,0.14533478580528444,-0.01993673051582867,0.5119383468722735,0.31313647416408147,0.9397188663269157,-0.6623935948467802,-0.27560713251104985,-0.8328890338074829,0.9152198614462412,-0.12478014787208647,0.18205043938559956,-0.10712479120730165,0.14841139338567244,0.11962867023245674,0.0
0.24494907056604595,0.16883687121238924,0.06908318214240455,0.44118131911333813,0.4296798601586617,1.0490370142875007,-0.6213807721549561,-0.3111147621175488,-0.8178273600812765,0.9605875364660604,-0.1460729343642272,0.0999111940921169,-0.24188083288846088,-0.10828900577928169,0.12781544085803268,0.0
0.195425622802188,0.12066084108435499,0.09975594675565123,0.48722138665380255,0.3697533753821634,1.0067572102137499,-0.7554539302019473,-0.17270503059953216,-0.8816051956390291,0.9140357134345538,-0.245046260704628,0.15164744084959603,-0.11378036393709315,-0.058757937266142514,-0.0760763516445621,0.0
0.20606045520181912,0.08932926506533655,0.013299965999122164,0.39318027998557276,0.3495560757521426,0.9773107408409991,-0.6597111999028202,-0.2862429203447785,-0.7598882647528091,0.9637861256864378,-0.30620304700161144,0.16342983907768693,-0.08913952934958372,-0.17197352749556144,-0.10980951441008041,0.0
0.05947354109029779,0.16733179043715557,0.05168335625426315,0.47698328920909727,0.31318874783196954,0.8830348292275614,-0.7148080964632955,-0.3141678983783931,-0.6798735356876434,0.9947120799471116,-0.2046798917277381,0.04305671879148086,-0.1830063294838391,-0.07128613151297748,-0.02720914179964308,0.0
0.10470561041356267,0.14623684264924797,0.06321088766493053,0.478965698456107,0.2854021550476364,1.0003353035604707,-0.7519137673968374,-0.3473264897773684,-0.8862661621993339,1.0283386988385637,-0.2626476952834407,-0.08390266320696242,-0.02423178016662801,-0.20348017251254905,-0.20907951045512166,0.0
0.1609826846204923,0.16300595906761695,0.021573980829894465,0.4473801939149784,0.2554606905076843,1.0238382291978079,-0.699238803479421,-0.30459476241649824,-0.837922851220423,0.9068638501941324,-0.16996570521387624,-0.04125378511250964,0.11121585285514644,-0.18031168444257745,-0.20089618900287373,0.0
0.1392137152311,0.0832204132101803,0.0071466146491807325,0.35258333520584095,0.2910531325154746,0.966576645577818,-0.6552043297826419,-0.4144137751857272,-0.7321033682304318,0.9074150968494216,0.10906128300077716,0.05583747183213357,0.12067289598186942,-0.20439453114495232,-0.18263238006929344,0.0
0.1925577052696994,0.1552386061112616,0.157406127624605,0.4880785042595565,0.3158091143717886,0.9683880771899074,-0.7696997142835389,-0.30247067640500125,-0.8036883369794234,0.9921859784615198,0.11564820187091718,0.08288530504224129,0.13664366314304685,-0.3357552100660177,-0.20109775786763748,0.0
0.14864249830613405,0.12741404272519422,0.011993300271808033,0.4488015309176908,0.3525387690711154,1.084180051011871,-0.7658909550461726,-0.35088479557207475,-0.8284577924264546,0.9338180879689342,0.3136711128367274,0.09970771641395162,0.0248832185421064,-0.3314418599551455,-0.19011348847687062,0.0
0.21609862733886173,0.13709691396152843,0.12097993016138886,0.4867966836787069,0.3232659857426544,0.9670300122987507,-0.7629793753167832,-0.3348782748772848,-0.752471979882722,1.0969597648160954,0.29779156739786417,0.14591862350897736,0.10735645537691546,-0.22256832956113537,-0.026990049893463597,0.0
0.25557071895830374,0.15177413766033293,0.014663117456405445,0.529644959738133,0.3104190232862012,0.9898837673887804,-0.8327206565443124,-0.4239691096379875,-0.7110681419745217,0.9235502090012208,0.19585432427100374,0.024102555603428874,0.08934937131294324,-0.329930285182919,-0.04851714237856734,0.0
0.24535682974344014,0.17776894654469522,0.04071198441164681,0.469274807564083,0.3157223729160939,0.9511333636718804,-0.8251782099172635,-0.5310671084968744,-0.8201051726915742,0.9915152928384705,0.24690119356305928,-0.12837174881235197,0.2088906172514543,-0.2464001254161403,0.17162213021595607,0.0
0.17832460602463357,0.20137269908027694,0.01943531776863614,0.4449476923480593,0.3837641288515672,0.9596000851171852,-0.8274778594980388,-0.31309802051297897,-0.8047385544780598,1.0058559151006479,0.04456036843273817,-0.08505527668453952,-0.048169234547098344,-0.10310583593476227,0.20312450901935375,0.0
0.21413100001371116,0.12211737166196512,0.0031311967068399227,0.5026743626497138,0.34548620280233794,1.0057921122345697,-0.7941859108736334,-0.38305960539424794,-0.7651206784290167,1.0009385554100907,0.22963051862571937,-0.152123009585591,-0.09137117212580734,-0.06503037541704436,0.36095219234582,0.0
0.24454014416892006,0.17077273437342133,0.06732301269848409,0.5357136583620077,0.39190705675738585,1.0808699211899058,-0.8157351073732804,-0.40627728552085923,-0.7305211185827114,0.9297590287785212,0.0849171407930458,-0.08245100854932999,-0.034311981585350274,-0.1257992152770226,0.3535985067507172,0.0
0.20092165961893932,0.2088962290722963,0.05165927962613201,0.5753160180380796,0.3286513325882278,0.9555318711604643,-0.8643900995011619,-0.48096679646606555,-0.8190636470683677,1.018021299167242,0.12401831956471576,-0.2465068058796105,-0.043038431629477694,-0.15968403594910824,0.36349198017296913,0.0
0.2411637196140093,0.07678363458273071,0.056258282041837436,0.48908727108438865,0.39391221441475277,0.9086726112144479,-0.8684407094637386,-0.48351990739709866,-0.7824777155685407,1.0032403629349878,-0.11555099310229376,-0.18720609044277317,-0.04343338432181573,-0.08289623416412331,0.28547122097619076,0.0
0.15725527561054,0.10639168769352261,0.1566404577305856,0.4157099145698645,0.37925121492953295,0.9646670239614575,-0.9008144613667792,-0.4870595161364365,-0.7107235791736066,0.9127986223640144,-0.12139522873998324,-0.24315544086470126,-0.01508484326101035,-0.058987002742438746,0.22114631635566556,0.0
0.20788619215933693,0.24021778229012408,0.2133212348006228,0.5568978085176544,0.30993669981046135,0.9755439738095877,-0.9062025197312485,-0.508237092196249,-0.7725662969763033,0.9430392916204043,0.011859591919464965,-0.1265073847650208,-0.06624941386796893,0.04930254007243997,0.18745020689700928,0.0
0.14356419594195158,0.1817167085394381,0.03231766850859511,0.5585799068186652,0.3604525660194993,1.0333142106275461,-0.8504994652317487,-0.5382267019797666,-0.6545784300258352,1.0416912246835217,0.11064940292847629,-0.03889777029974822,0.06692827204988609,0.10492503228648653,0.2499061439197435,0.0
0.18365694988182352,0.18442494627004197,0.11276710019625683,0.5147382896646788,0.3256204445104161,0.9513972881582885,-0.8703508858158903,-0.3969272709498294,-0.6268315660361286,1.0613732008185004,0.019710000525853075,-0.12720774043187213,-0.06440108749825726,0.0019095484017171427,0.14320149661175413,0.0
0.18172053383734496,0.1969066775858566,-0.003504372722347146,0.5317831383911983,0.31726269085453385,1.0114681831419885,-0.8151936035764561,-0.4550488607062445,-0.6766494263758969,0.9995962897817949,-0.02612530445220839,-0.2014313043897254,-0.06352285865119772,0.087864516494672,0.2074156778264483,0.0
0.17329203159707368,0.23286784676212563,0.04574541529055029,0.5277982604172352,0.3253057378483946,0.9508961820248374,-0.9708129884601264,-0.5683950498312652,-0.7220556391034153,0.9974385180839621,0.08236231758058397,-0.14253536788006346,-0.10256242710027948,0.008200322206505475,0.19320281928657054,0.0
0.19313716139903508,0.14749300454060646,0.058599684928712814,0.42403101617693634,0.3156532604989853,0.887069272565979,-0.8484622035871645,-0.5098775943621439,-0.7008249107822,1.0724522557644993,0.08572339964545542,-0.24308169163561322,-0.08883132247656071,-0.09098677494435131,0.10726022191262294,0.0
0.29828151642355644,0.23785480834666184,0.13374643714827722,0.6278701389427155,0.3515065348532943,0.9459703563878888,-0.7910761817313589,-0.6177459529407949,-0.6325423841094645,0.9345754216402042,0.10313310615999113,-0.2514138972622742,-0.022161887359799952,-0.07900858571495525,0.10847580424471222,0.0
0.24883951628176032,0.15891312997934437,0.05413917971966292,0.5365120660951674,0.3844260404880671,0.896176710765915,-0.9267425275196992,-0.598348548170137,-0.6517588128791387,0.9706881156186382,-0.029533492213583992,-0.4380996768859257,0.043922325525935085,-0.027717122551003087,-0.00475135181255576,0.0
0.26650944257143494,0.22275078488097658,0.11233337443819905,0.518193171148555,0.31246309154460306,0.9218334156771861,-0.967826300051366,-0.6053369978956772,-0.6888418766779942,1.1078232062132776,-0.023940950556983687,-0.32855237617177374,0.0038747158642145167,0.03207907549540391,-0.00880572619641122,0.0
0.23003877696452626,0.22015772422271424,0.1129323566661042,0.5475430859018505,0.3621551336257523,0.9719199393948991,-0.9248796373209148,-0.5905764218290592,-0.641309899364355,0.9226143606426055,-0.11863700299860551,-0.314013793083809,0.16469159791294974,-0.08378043814150316,-0.14346959786449642,0.0
0.3073195144552694,0.2364418418309191,0.13003896409386265,0.5039426015858721,0.39962118828002213,1.0151012191048614,-0.9570287585132622,-0.6839789132332864,-0.6500741507039886,0.8964698521560105,-0.28555502520474657,-0.26537542790044827,0.015640403624606586,-0.037660738716433675,-0.192427709614294,0.0
0.2803377518380687,0.1883573199504859,0.12374915469026032,0.5172573724225183,0.4752241680841089,0.8530185867746896,-0.907660750143127,-0.6630667302576775,-0.740845569134657,1.028759241781449,-0.2330946483156807,0.020767340576996612,0.13129672379411866,-0.14925349360111168,-0.15087374173464732,0.0
0.23867671174302948,0.2676515425193131,0.0445792226310959,0.6155622914500796,0.3736691718261941,0.8987158322360567,-0.8852925615912305,-0.6855059761263242,-0.6647024805649699,1.0577698219152507,-0.012157811674276903,0.12265406424730144,0.006325485409790457,-0.04184671877221874,-0.14275800199041982,0.0
0.2062331093121005,0.1033925242470793,0.05075389078979521,0.46818895858034343,0.3903657041055066,0.8872793500270719,-0.9717170887986318,-0.6472273634471976,-0.6215983481699514,0.9951623964188365,-0.0010206157086861088,0.0787111612694166,0.09877896415540073,-0.21614622837163816,-0.006962788595149386,0.0
0.14426228106096547,0.1672176359272099,0.10401365986119553,0.5527302470129927,0.3958703837424511,0.9094730918870197,-0.9282058075699138,-0.5948807754483592,-0.752591231703407,0.9630522522140098,0.18292334337006155,0.04203612830221427,-0.0426609255204058,-0.24951954259406792,-0.032491306771766426,0.0
0.24233408226908526,0.14773447498408027,0.021702202804896306,0.5938907545833323,0.3275958624240283,0.8749001539814057,-0.9713582928113458,-0.6923174974535601,-0.5423212109547635,0.8516711676176971,0.2907596934353465,0.1612708960192277,0.048575476719964567,-0.2539080464964009,-0.053768851204546775,0.0
0.2911082202357228,0.11680242586285322,0.07079900980711899,0.5100013973134471,0.32852104528151427,0.9280432967663846,-0.9836554243331492,-0.5646881330264838,-0.6360910937842985,1.0009099096108007,0.08310388038173722,-0.039303561172092896,0.047349903851294284,-0.3413759723487654,-0.1092057582728465,0.0
0.16684202497716707,0.2419264225147872,0.07308167559470066,0.5147182392041297,0.3562597505004595,0.9151041308571952,-0.9674754626737104,-0.7261791580034505,-0.5042130047499153,0.9163814128539546,0.2356770997268531,-0.061386759626650085,-0.07497717118173283,-0.4464589558458173,-0.1820824731483468,0.0
0.23053484518721049,0.12981584339120364,0.07884630545773472,0.5032696546394834,0.3665962633393096,0.9685940999713013,-0.9851802031101557,-0.6886197337532304,-0.5402496227737813,0.9655256309900924,0.04177455480798958,-0.05562705718690709,-0.0771334330751404,-0.4224978134747203,-0.13696926288990474,0.0
0.259774849479211,0.1440585628626095,0.08342102511296663,0.5249063634354116,0.26903258545524816,0.9875222560995123,-1.0015392231712434,-0.6945798435052839,-0.5924299794090967,0.893713727550428,-0.1459428274949302,-0.12051010463985383,0.08661382919206949,-0.39096897818697773,-0.3028742370441615,0.0
0.17685957519489937,0.2623033964605688,0.04904220177990834,0.4707628197582465,0.28192917400336104,0.8994803469045544,-0.8887329661810354,-0.7144282363573814,-0.5956690476754708,0.9827211420544064,-0.05891188805884142,-0.10340074867231339,0.02605988222583687,-0.368784421023457,-0.13489834811876866,0.0
0.1688773403327551,0.11347586832540109,0.043115990809927604,0.507727635849757,0.3553341111320989,0.8439579197460991,-0.9477649739788095,-0.7366377643105779,-0.6190776256995892,1.037231159141744,-0.016852446222015434,-0.3212897298848847,0.04414852306692804,-0.27567903175462777,-0.2235519249069834,0.0
0.30062439499945215,0.22753926978828362,0.16174635811612476,0.520456993626857,0.3639013035248203,0.8464846562386944,-1.0665147169504692,-0.7173903798932351,-0.5038888799764512,1.0069144952656592,-0.023797080706356027,-0.2698851231715157,0.0617707641435096,-0.11486891560294243,-0.14173047634722755,0.0
0.2404242680872801,0.23604629607299968,0.06907972128419539,0.5991686413917594,0.42880654312421784,0.8377159172174445,-1.0085455381614006,-0.8058720243674672,-0.5549788911970763,0.9098044032026692,0.11106905458096698,-0.23446239869063948,-0.07726190630560552,-0.07635734774429923,0.0368953910686422,0.0
0.17514876316211822,0.2279902794229549,-0.004662380286491755,0.4823180704099739,0.3992781482335298,0.793996789681474,-1.0830782480466103,-0.800904705700802,-0.5732903088044162,0.9745386639651495,0.17263011368466652,-0.0996344039930123,0.15265161191803173,-0.14637165099086374,0.2018885026167428,0.0
0.2605233689801923,0.18294779391963412,0.12747642565622636,0.4605715641077727,0.31584080171241735,0.8636345884456407,-0.9883502394327724,-0.7449308872323681,-0.5392258994432619,0.9816175330424285,0.07389337696561174,-0.08808401948072044,0.10127554253482386,-0.17044797519147897,0.21130161431220174,0.0
0.229111353906494,0.13922236640445734,0.02865852879362657,0.4787769682935172,0.3524460959046028,0.7974287388419946,-1.0307696127197714,-0.7765518486241085,-0.6010557193257395,0.8844982783455251,-0.03381920323667631,-0.23830344107383977,0.22693327679076106,-0.3177095891581769,0.08472068115759343,0.0
0.18597815065609813,0.1619346214517404,0.14974650464924666,0.6304441777057731,0.4083088636381815,0.9038014025771647,-0.8692484384903025,-0.7707714408386563,-0.5167390556498415,0.8508419294880822,-0.07951582483222389,-0.014086478156689508,0.18911029565208842,-0.22361818641668707,-0.07601916220250131,0.0
0.21831239300355104,0.1668181566610878,0.06130321828183154,0.48392206085227213,0.4465861739635305,0.9126474501795705,-0.9678789393028553,-0.786646309253929,-0.5334867366061448,0.9718991347668425,0.004416308721688869,0.14987476430123495,0.05823318621003316,-0.03099925742995127,-0.07583487444835962,0.0
0.191338511675498,0.18635399315470358,0.09837389231741549,0.4837641409556928,0.34155746891511174,0.9206031514378363,-1.1216257220863672,-0.8388244026105405,-0.4454414898222356,0.9069189209629733,0.06353688251779901,0.13199447368523426,0.12913377077876254,-0.00128102299939244,0.10092035855572985,0.0
0.24661480260123475,0.13781939010242014,0.026411520559439544,0.5694083320159684,0.28124362610864806,0.8020711670307454,-1.0233710202064685,-0.861598441817228,-0.5938423337308067,0.9515978865290419,0.2329685216181671,0.06575065828868432,0.11120362522209079,0.046768275622652275,0.013771327520414739,0.0
0.22629529762495976,0.13253069279585664,0.13521235959945016,0.49401838026420974,0.39023221454294793,0.7559344675315173,-0.9802034862373379,-0.8072456490255208,-0.4679294619443294,0.8305125215724516,0.14943794427235085,0.06488575551365783,0.13085980677772996,0.12720608413185544,0.23152436067561055,0.0
0.21853921329098105,0.18288851872998152,0.07606038411466992,0.546750432506078,0.40532825014417395,0.80208973021131,-0.9709345372294962,-0.8384504941438344,-0.42084582705102036,1.015253463410334,0.13135513468926746,-0.004596596130879309,0.04165500812433426,0.16904786283219622,0.3268361853989391,0.0
0.2167808005230081,0.2636701538795837,0.09394347947127968,0.5024298731568726,0.4615200194237794,0.8383017187650954,-1.0754217557036143,-0.8072249663455676,-0.42656691669410474,0.8480046235046025,0.11159228057339189,0.046878055013105095,0.1775004730965495,0.1214552739226636,0.17902297505143228,0.0
0.10878262105126343,0.2174138384265254,0.11452920301972995,0.5306506069746101,0.3889724032436833,0.6941448146770617,-0.946887222034626,-0.8462069239449298,-0.4241004244496931,0.9528327224931579,-0.035964680147547765,0.15167157003252296,0.10126319825077576,0.03955448523007617,0.1268857440372495,0.0
0.23277526310507085,0.17083235394366675,0.018755938855722465,0.5379086599637626,0.34524605896960525,0.7789117698082818,-1.0371188295897458,-0.8522795150317358,-0.40814104937316037,0.7796870001576024,-0.08470866520894815,0.20201749892049334,0.06567231005645009,0.007964554814178966,0.16233637843096405,0.0
0.1920618657005953,0.22891989815279878,0.14460239815803888,0.6372744205018352,0.3213262517954743,0.7962717659142186,-1.034525216759348,-0.8792497475750275,-0.46736214797478626,0.9566190522535036,0.022932171069811866,0.11981101014039827,0.082230022609883,0.21699458768119906,0.1881203284448666,0.0
0.08712420744620908,0.20059053382480616,-0.008934185318841548,0.5123040795122543,0.3562069796308544,0.8154129081055768,-1.0825106443216672,-0.724556274644055,-0.4239594131757125,0.9316626818645232,-0.12065391706150087,-0.08489201924820086,-0.09265809856279035,0.17026061084789126,0.09231159241566014,0.0
0.1871765575320109,0.19225340968691101,0.039537739645041634,0.5788045944380994,0.42179983498842444,0.6867100294810081,-1.056656539647578,-0.834765651711302,-0.4125350498188752,0.9013131383716784,-0.1279462439245971,-0.10814578938951067,-0.15057580837228243,0.20321607554166596,0.0772066169044324,0.0
0.09449642407997588,0.25365844423996897,0.02690974243361391,0.5199418845255985,0.3678901862513455,0.7073630284078438,-0.9770108221551679,-0.9695789218663486,-0.3684411681131969,0.877842179150464,0.05960101062924407,-0.13908029548669945,0.04699934745929571,0.28634630900743063,-0.12153589952540597,0.0
0.24085694003384872,0.19476930377738697,0.07364202352254828,0.5967500933627242,0.40084710200574575,0.7710767616784885,-0.9093858633165781,-0.8662138531800871,-0.3990933473122239,0.9024013857565422,0.21627883232537107,-0.2551058632779403,-0.1616339274086818,0.16375756574009986,-0.19026094236761026,0.0
0.18402825201897172,0.21626467851894124,0.15769090687441192,0.6021232959425493,0.455121963002827,0.6863600178998023,-0.9370745933510699,-0.8781657517145056,-0.32682115650342813,0.8957395023042494,0.10421178269864811,0.02690399738094912,-0.10041105231621691,0.4192320716034409,-0.1331222167736467,0.0
0.254945942752683,0.19773285045397912,0.05643851371473678,0.5279545843450801,0.2731592945888265,0.715879945654359,-1.0135260729768214,-0.9830433864055126,-0.3550533641708114,0.8316977744004076,0.2670640189950251,-0.04192997626182939,0.019629722848991955,0.5185362567992888,-0.2092563398213581,0.0
0.18174356146754927,0.27078418394181547,0.11585096980078013,0.521162125588353,0.46929288090340665,0.741943979137309,-1.0357698104769986,-0.9676329886055867,-0.4017523068127181,0.854007752007796,0.12028134269286332,-0.21395675191917618,-0.023115758233665178,0.43846948086399046,-0.0037983416656932056,0.0
0.2660596996392986,0.17976672614838737,0.054898402137387864,0.44382949385416215,0.3732559938828685,0.745623860244933,-0.9581793448236525,-0.9829067783077133,-0.3197689118214222,0.8378989209483906,0.03501986403369921,-0.11810585930342396,-0.2513303090458304,0.5638090666922704,-0.12639209468313783,0.0
0.21901962607971073,0.1911739331055314,0.1162444361513201,0.5433176943408378,0.35792402957898967,0.6680367898411639,-1.023980826577328,-0.9915824227865017,-0.32423009625788834,0.8926776625632755,0.08704340374695171,-0.2046199006085483,-0.19800522551501226,0.5187484620473721,-0.09034204204151992,0.0
0.23491417345566196,0.21221953708733354,0.07361229486591003,0.5545977508748214,0.3685421678661279,0.6720660644104832,-0.9949613664279103,-0.8908655936982437,-0.3151242681718933,0.8625248644160538,0.09103869437796441,-0.11630375094954587,-0.13210551325973355,0.41082107841409155,-0.05729482241369761,0.0
0.1600642380103634,0.23692245987833785,0.09838870760326346,0.6011955400963258,0.4226374205932482,0.7486038696538807,-0.9611340236503648,-1.0086443172769801,-0.25214613439910527,0.8303002078614825,0.0865397801165037,-0.0659538408537113,-0.24204973233709312,0.45084533893501566,0.10037560377121293,0.0
0.2803821525763422,0.2584634575880302,0.09697062965723666,0.5430395214883953,0.4317609027099297,0.7309799702376713,-0.9862821024021186,-0.9702712250763532,-0.35814897974040727,0.7648272430739285,0.11441896106170177,-0.012838366581870514,-0.3079659413030284,0.37558465683634285,0.1617671343950695,0.0
0.20338704513236322,0.1973022921113256,0.050443563158691834,0.5364592815397393,0.4060256402073194,0.6764928626348721,-1.0271995601324377,-0.9082895616012441,-0.24548142602071427,0.7541748770300657,0.13665574758511623,0.011303662346479433,-0.23660689169710036,0.3072608336725034,0.13565247043233294,0.0
0.2238447407934434,0.25212701396034976,0.03149469576045745,0.567406809046547,0.5001407972501075,0.7660419981832048,-0.9805416954347651,-1.0178035004962092,-0.21605796009037914,0.8117976965152627,0.06884314997565519,-0.0392681744128033,-0.015261467333815781,0.1756558152673352,0.01942518570816479,0.0
0.26881182532481634,0.21602647203974074,0.10498145576866773,0.6270453503585337,0.3845096096585373,0.7285719695868752,-0.9290426166431582,-1.0859717115241696,-0.3097054363727755,0.8220581911261026,0.37948548990416103,-0.17360343547258886,-0.07240027048434389,0.01448331007152548,-0.06425953094040689,0.0
0.2807749109438835,0.1626142190656246,0.1196649596410144,0.48868704511529576,0.39491558083128764,0.8093479530362759,-0.9220566784579947,-0.9302598607170718,-0.2577236813137377,0.7779032532751802,0.367614396995645,0.008780032213802774,-0.025432086707955995,0.1485002114775404,0.05573352382095615,0.0
0.22696633345183853,0.26582087847477465,0.1955016930491269,0.519143435424665,0.39643445320156456,0.6432730427937094,-0.9521982523361331,-0.9829223940258295,-0.2594480003760117,0.8333758504952347,0.4445152383531238,0.022283830948608002,0.09723238734000553,0.09048541966002921,0.013231861219225899,0.0
0.26999702850497165,0.21088273097873703,-0.01626609795359521,0.5369379828966236,0.4906938098904498,0.6065888248343025,-0.9815606620525137,-1.0719076681206763,-0.3510707730942191,0.7320692548847887,0.2556041870979897,-0.15555054819191125,0.1538201642445002,0.23939667437115253,0.01822415861858561,0.0
0.33574551816459003,0.26223793113108507,0.14611811061689306,0.5418221767716918,0.4020836950238947,0.6034470829051837,-0.9373225804964299,-1.001215325320779,-0.3070642150456956,0.6630108528364159,0.3428409303923109,-0.12008739624597878,0.08806636767509227,0.19908228370367656,0.150820708497981,0.0
0.19299907662983706,0.22372771059376123,0.11919215451123377,0.6268445943151162,0.47821998024973605,0.6413965051610268,-0.9583603812349624,-0.9457460280912348,-0.24225138897900259,0.6710569476000946,0.26341923170169673,-0.1187885395469704,0.059205667249101895,0.11314371202764967,0.09409919718768134,0.0
0.2846109554378897,0.24131172594273106,0.08828283623328502,0.5827180640935494,0.4094757789297098,0.6749634354633313,-0.9328737191686967,-0.9493030511315612,-0.32301826718874393,0.6975679820853675,0.24298545860370838,-0.10357018643994184,0.26191877906686734,0.01663332055306492,0.25077932461362534,0.0
0.27588601328288886,0.164764536860403,0.15907859822960452,0.6008930673389482,0.36315669676336,0.6482921148719691,-0.9926525977334489,-0.919277033087569,-0.16194528520404958,0.6624370228601798,0.20008455208772416,0.1089550582879953,0.02503819249049316,-0.010850890308525369,0.09070685369244341,0.0
0.23043555444749983,0.16175128459864904,0.17049374635142017,0.6282268175801711,0.44499934800325197,0.565925807558143,-0.9649099544280103,-0.9205458615780262,-0.21625578992964428,0.740335811125008,0.17872565779316618,-0.06217680836462425,0.12280998808689352,0.0990561299494088,0.18806321640370421,0.0
0.2467609815725211,0.23727571064770292,-0.026572419913192813,0.667371045065563,0.37462852785328327,0.6361459609629027,-0.8890349291525736,-1.0711349495238969,-0.29941147975852017,0.6372241902425608,0.18434759982537904,-0.1819930516915939,0.053739858749209585,0.12472581911270977,0.32970669980127754,0.0
0.17736071931690084,0.1871748848812749,0.10193134817821159,0.6375506830156126,0.4172861114947996,0.6363845477041027,-0.9282296006971011,-0.9227909734227638,-0.1993847655662714,0.6697874308229698,0.23704248214461293,-0.07421416515371479,0.07296787385717353,0.2298505348803127,0.22017884154268907,0.0
0.18195510362955605,0.2600777763574072,0.12076846287207782,0.5254849668679628,0.40708507377683495,0.623428865635169,-0.8951661348306414,-1.069628146077106,-0.16660205678384066,0.6191348727895092,0.22354400169452962,-0.09865802736618903,0.00429785176612358,0.19102717549575357,0.33395252378841067,0.0
0.30251187297086823,0.2742593947885261,0.16461401561176311,0.7215414180928168,0.431861060302238,0.5638475975923554,-0.9254040372801563,-1.030478945895482,-0.166230307093235,0.6155578143137003,0.13668564392413493,-0.04002209937226178,0.05822267613798894,0.2479602545321305,0.20984669345122692,0.0
0.28547081029513127,0.19370428096796616,0.13142810713909922,0.4390358259089615,0.38372820729716955,0.5302121402424084,-0.8701383370002899,-0.9667881991106174,-0.19266957484356723,0.6328874651087464,0.18567487912501804,-0.05673424326160405,0.02477318925117359,0.22860868708487844,0.20961428403801768,0.0
0.24610241928838772,0.2290561122040699,0.08389315994032921,0.6610818192271901,0.43505234302081663,0.6031888062468485,-0.8682336260251089,-0.9764139443181163,-0.1906136548972267,0.5920198369415849,0.1109620999377639,0.056293028688099996,0.07243586941260555,0.23896436022686138,0.3265630341433262,0.0
0.238403087199561,0.13979310394826694,0.09730305151949029,0.5717473041901591,0.3893058867428118,0.5137070176396452,-0.7766330611084872,-1.0058429104382833,-0.14720299899950326,0.5068335824648721,0.049280792443632045,-0.11784845970626945,-0.004724513803191048,0.158529113254939,0.19793712361329013,0.0
0.19192209727973303,0.13882243043815018,0.12785464861540488,0.6075881427101126,0.5468404603222399,0.5666844162321277,-0.9091475568730262,-0.9939343518122326,-0.13529464491266247,0.5434443264204128,0.11918020810513968,-0.03937469485937978,-0.1072126620571991,0.05363195012256915,0.02059234233918339,0.0
0.25267371747259926,0.2593706869012066,0.10072824289370783,0.5625404656645151,0.44774555414446826,0.4968870185142621,-0.9041683938689097,-0.8912674047336758,-0.12683311868426833,0.527948675058031,0.0745452453694471,-0.055704173449823244,0.16469141773664556,-0.08691018111352294,-0.012316677075748923,0.0
0.3341675898171378,0.24322752210497653,0.0880280230555848,0.629297917724239,0.4884203843221329,0.5654187923301656,-0.8409803691487109,-0.9733760585496197,-0.17589006880153013,0.4496802422495423,-0.01246460869422577,-0.00797598741321226,-0.014863655568538275,-0.04402198065987945,0.005080507826218918,0.0
0.18188228085915953,0.2989374188405338,0.08183234435718226,0.5892077499667523,0.42211901957238496,0.545940173545735,-0.9172852224315271,-1.015375995687418,-0.0068195928409993944,0.5262401966034871,0.0026359660371452227,0.12512457122635257,0.13311522565940342,-0.05193181307067436,-0.08143883327808801,0.0
0.250118332666687,0.17081590523127127,0.03527201503492822,0.5753232064039878,0.472869892945881,0.4941182373667665,-0.9294067745278798,-1.034767791744084,-0.10872693767698151,0.5306947647703923,-0.09876269492855443,-0.029912695137827544,0.10553083124116047,0.04047471530766132,-0.23308690428693934,0.0
0.2652356648543521,0.21842549662372918,0.10047159056571463,0.561934677162292,0.4840857905768384,0.587233323801329,-0.9176725899223799,-1.035177350313271,-0.10456306242861478,0.49563458497694984,0.09033975064431526,-0.03784614981200402,0.0986223020780709,-0.12268430055785323,-0.007712361420425473,0.0
0.29943679990315547,0.21626718628436217,0.09609794653174726,0.5620871510111919,0.5028756390792286,0.6104590185447233,-0.8600321304538221,-0.9853075344764649,-0.0915136899696957,0.5525570976490765,0.21384238499931413,0.02191596720879233,0.0740426114424399,-0.08538414727133214,0.00879081512738128,0.0
0.28046315578037495,0.23370414800399508,0.057311385751362076,0.5324791904551551,0.4436602091245896,0.5252822768784134,-0.7762748607091005,-1.004811886221359,-0.015110639363991235,0.4075561661517241,0.2556820301849666,-0.10726093562543476,-0.029105203596265727,-0.1147207207608063,-0.12343249440778913,0.0
0.26882583214663286,0.24270925478960242,0.11444467575783869,0.5945007636743478,0.5677467258186972,0.43790574482437283,-0.8791173728751409,-1.0507421880361063,-0.10524640178377329,0.523158045935878,0.20628292782850263,-0.017300025839722094,-0.05156745775401498,-0.031126793176309203,-0.2004974277215032,0.0
0.20533450402351802,0.30997644695718374,0.030700434117713407,0.5154820331251788,0.42833963325240826,0.4576614569677123,-0.6726152210725307,-1.006029220378542,-0.005530174610826638,0.46863339974584567,0.2622297059531825,-0.05814978049022171,-0.06641365637187599,0.08552819253976945,-0.20539711647026393,0.0
0.25060082908239867,0.2170364003052896,0.0776684438585306,0.6133046058174124,0.41229371160583117,0.5879338878276973,-0.78011795408381,-0.9732732468488439,-0.003027429504962955,0.3760516068264912,0.09103540488234976,-0.15520601726081207,0.08795451997737971,0.15956775288381803,-0.034108618596886936,0.0
0.3202681230168282,0.2612210893548815,0.1651268742591509,0.6155990401594574,0.45286333760511,0.4225841492098965,-0.764723639844406,-0.9924958714332756,-0.016321897561141312,0.461356769825049,0.048435085817612536,-0.08858070102347207,0.27315380363895503,-0.046546212620869165,0.03109074600406733,0.0
0.2953689929308896,0.21813131339052186,0.20786024363191288,0.5688824154884283,0.41969969739358554,0.43105630083062974,-0.8249738330319599,-0.9841916265712335,-0.10247043506219088,0.3778896275409124,-4.3982429531366773e-05,0.057714223755914715,0.09872027046904677,-0.16981301467681595,-0.17497709814184317,0.0
0.22276508467592795,0.21584836859560852,0.15605429655427608,0.5000381370834162,0.4420962861058164,0.4482396322176806,-0.6991461755469633,-1.052156418514472,-0.016603768527512084,0.37599573526812413,-0.12584549018759197,-0.05437941903484122,0.02225029797884153,-0.22692991219766967,-0.09372003268944787,0.0
0.220782439402225,0.21186397216691227,0.10942699509935236,0.6148760314365629,0.46275067412238957,0.5129797154893028,-0.705634258319595,-0.9991491282338408,0.04265232304143718,0.3976965480586971,-0.03565297331660505,0.020936076527146318,-0.14044873027053018,-0.14140310885100568,-0.03751370809386117,0.0
0.2744203538689439,0.17161729697130162,0.17513717548743393,0.694317902127002,0.4192634357768173,0.3301935426175768,-0.8238793751958051,-1.0422872759359822,0.02327264818402707,0.3630530766051861,-0.010861964101592864,0.12382084587124284,-0.15962934177473326,0.047770653401468466,0.11560550025017727,0.0
0.30955546754303354,0.25610579461646515,0.1248354915378701,0.6726091506761891,0.369115248913138,0.46818778353833373,-0.7821623387399442,-0.9845408533882326,-0.007881535994714695,0.28971313980748503,-0.2085892120809613,0.2662406446909328,-0.040987560426844795,0.25506720434569796,0.21082005556943315,0.0
0.2744815854240868,0.21940666148630822,0.0646783475095137,0.5351196880928526,0.39278771088242026,0.4063652214763922,-0.719116861822419,-0.97613086502565,0.07894813469506066,0.31577716394499017,-0.17450243573387522,0.1540226569568028,-0.13113269371221942,0.15169850522628736,0.20269691809989776,0.0
0.2378107106942351,0.2865048662986527,0.12917596106384174,0.6715653306242291,0.4622327102052068,0.47653625932701804,-0.7801914513587556,-1.0273039993949094,0.061139763818481865,0.28689500786053534,-0.10233089739463046,0.02017187111407727,-0.13122691070678535,0.11975083596759023,0.24803984370882412,0.0
0.31364295986880103,0.33553123138356433,0.1044229072480079,0.5679997740606342,0.47511169018069105,0.44830994352157505,-0.700102969383736,-1.004576451584973,0.08219652424801706,0.21163650431645986,-0.1014481718638379,-0.06039057539149065,-0.1324652162508664,0.13012109727414167,0.19736426041963073,0.0
0.30685623047816674,0.17012068669963393,0.056823081702224804,0.5572208604268778,0.39971970957149755,0.391643190552716,-0.7982671017385587,-0.9311023500191666,0.12117498848098851,0.34984039574634723,-0.12131847565828995,-0.09588898202563516,0.1153559382069489,0.21326535447468176,0.1826747738273827,0.0
0.146514205281134,0.23928058267324184,0.16284211426595008,0.6345049939049653,0.3751326269279188,0.3417799017144259,-0.708917871860691,-1.1130098583991401,0.0867238287597863,0.18877445074964178,-0.07471116648684356,0.10217446006311168,0.1557788304937655,0.08990346618524613,0.1647052890761547,0.0
0.25020669583465355,0.22876376094934833,0.05246215034909932,0.6575898950314386,0.35601779840067327,0.4969938044411697,-0.7603549958582949,-0.934121209472391,0.1132992232341147,0.16640194780224174,-0.023396072967212446,0.172092514085869,-0.006971516067212885,0.17189532148775485,0.14729479501819986,0.0
0.21469007392132824,0.2685473343952141,0.1650580338120996,0.6480482981594751,0.448980464534726,0.3317216713009604,-0.6063452722355658,-0.9301854212122447,0.061305805846135195,0.18877811525783417,-0.2494688034328107,0.27029848093069275,0.08042060199736249,0.21495968728091636,0.18611021241283648,0.0
0.18549100184056805,0.23229826476563942,0.04186498707489718,0.6361464899971296,0.4054134857011761,0.3337608764874043,-0.6966505388021917,-0.9313371319740795,0.07344333880208267,0.1920395695138033,-0.1642633301736841,0.22859733093193846,-0.2215444269053892,0.1319076244904946,0.02720618688640239,0.0
0.3289821561804477,0.3025856734697163,0.11232984452159925,0.698604263263714,0.4997013889527968,0.3186730120727003,-0.6597732831223128,-0.9592883173555413,0.07871428074289835,0.25878977870688213,-0.17477125520398126,0.19477817665207992,-0.07948492243974242,0.06367907546714113,-0.022722228385900076,0.0
0.26586956511101134,0.2046039204258645,0.05211172384495577,0.6438304332060845,0.4044681614228512,0.4737846887833803,-0.6072754311702266,-0.9095317078971863,0.12533550766732693,0.12113589968269581,-0.21825042650134246,0.17603138879652533,-0.1565419843809559,0.07540354092134643,-0.01995758311759908,0.0
0.32331062223983154,0.2863554038414371,0.13422163663520378,0.6618108970403975,0.44264308027325366,0.26425828622392383,-0.5879268572567083,-0.8904474339366639,0.15954435563377378,0.13558696488849498,-0.21142799482652475,0.25754401639345625,-0.02162151063640333,0.2605586362408955,-0.005807238040596727,0.0
0.32575904186124227,0.2533783605630793,0.09160572518371171,0.7108281803324505,0.44346733168557395,0.37509540221496546,-0.6837906200086811,-0.9925147950220028,0.15070426145487997,0.19456616062638854,-0.3180968326771056,0.18215783667346447,0.2636385696430006,0.2675674789069485,-0.10624834242776307,0.0
0.32907370995050406,0.18937642272448998,0.14140697267205282,0.5985838424200216,0.512422614827934,0.28858543879217796,-0.5758436375032525,-0.93378413427494,0.09826061180270149,0.12828311344647564,-0.5108888826328868,0.024166346393825394,0.14486370081750216,0.3034880280306622,-0.17094863658838128,0.0
0.2531665727780584,0.33204464085596364,0.07853735364590203,0.6938486400578615,0.4441571583645318,0.32602351669342244,-0.6376403031015103,-0.9771749792277399,0.27465160165632235,0.10035030833674467,-0.35501335030917314,0.08976998666803138,0.04674774206537807,0.3198955703161564,-0.025908732181610133,0.0
0.23420624008435748,0.21756861076151116,0.12708725353961967,0.6487635125276231,0.4997147516152527,0.3669510422467583,-0.5677518690399748,-0.9101410626158102,0.15790661475593382,-0.011056320610723855,-0.27653626446132745,0.09053869386561732,-0.015926871920022366,0.44092459546756857,-0.015897595175382213,0.0
0.24020072812282522,0.18599667736796208,0.11732203160640631,0.6367801909957321,0.49827488445230456,0.24250905340176113,-0.5057643888373189,-0.9169567394542499,0.1920584630935559,0.08897198284088187,0.04706260919668959,0.04563345651814894,-0.10341015474634241,0.5446418446340378,0.11630503036661816,0.0
0.4035543233984753,0.2761469163726528,0.12665593674659067,0.6383555956330929,0.47905221342675863,0.3184556284427279,-0.5961572675473579,-0.8917806318022431,0.16852709956675288,0.09183298899796019,-0.016969994466817233,0.1653631608139392,0.04356937060438923,0.5296880894180633,-0.028743590138667965,0.0
0.3087065571913602,0.27692785169836953,0.1511978055101618,0.7211630653037158,0.4829030129827391,0.35209506865387175,-0.4219696824869312,-0.9463729937656943,0.09877480182311146,0.059633075774803236,0.1761079184603307,0.20017584415674744,0.14469468835020774,0.4065996750929406,0.17581926663208555,0.0
0.23393373976890502,0.3138951898551564,0.09881826034086114,0.6287282003605136,0.48788165676462714,0.17407832646935695,-0.5495568664502785,-0.8653476923380128,0.17357990750688576,0.08127403724383148,0.07911505169265637,0.16743663068004103,-0.019528121129733747,0.3909419436732205,0.1462852421480948,0.0
0.3166299235449006,0.332293265814105,0.13442106742470442,0.6303615356433788,0.3559608603612264,0.24122745647282007,-0.5757842659461498,-0.8198248528586218,0.16660943369732412,0.11321906875182103,-0.0040533958868178704,0.14695827502518832,0.04696954893301458,0.3068147382508005,0.025014780774780213,0.0
0.21994294538871817,0.30902604453309984,0.16883806392500522,0.6537039663061424,0.4396418351988763,0.16699881534479255,-0.5361902109938761,-0.8716849609097802,0.2950759350210431,0.06760176050846325,-0.07672345634922358,0.03504565355880748,-0.01410449585783433,0.38456305809005453,0.13951349005910388,0.0
0.2917211925133945,0.2782983586210449,0.14991835637350143,0.749803282429801,0.4460948625297232,0.2257451515278456,-0.46913697074470784,-0.8961803006966319,0.3427523316756707,0.012163632446352109,-0.03970696247910119,0.042019494253634215,0.006193727390999685,0.2656352591298756,0.2967684844009257,0.0
0.274086804153896,0.1736744071662965,0.16570545099406742,0.7300139741144602,0.44662448881059796,0.19792162497153756,-0.4524088827630611,-0.8358375331098926,0.3110345525933663,-0.039253236372534014,-0.04748301625975564,0.03015603478891052,-0.19568383206497633,0.21923341840846322,0.45078171757561913,0.0
0.1741084814485181,0.219330882913712,0.125987928415516,0.6567324063696753,0.45267342883808354,0.1807042472030436,-0.4952602590380632,-0.8892327954109663,0.27299151156746576,-0.06887222600827078,0.11870102895851148,0.027343348842206024,-0.020422892002774598,0.24169278684011866,0.2703147267323495,0.0
0.21279423089131436,0.3076033915540733,0.060615043231417975,0.68421991896901,0.4582718245921947,0.22013895423805413,-0.3902262155189469,-0.8303551228346641,0.2360614821653482,-0.11108767342588957,0.07726656472197274,0.04956242802248296,-0.08456328138477892,0.23393133359239315,0.21326825537689026,0.0
0.25767300015902633,0.2147320503218857,0.16675016430564873,0.6209655621207455,0.4980748170434176,0.19711406912042018,-0.3883923681642954,-0.9256085972748347,0.2869969949428205,-0.050426338987536755,0.10959913446419516,0.060459472746371874,-0.05253904890246448,0.42976415883106744,0.4141227741536107,0.0
0.2807796199856926,0.16507131277810536,0.141756631540439,0.6459349058444086,0.4844448010939435,0.13232449731699983,-0.4028108632826339,-0.8687489693962455,0.37345072347504754,-0.05421465151232179,0.26500094508332056,0.11599681249094551,0.043866322811139134,0.2950202581822686,0.475685146561304,0.0
0.3996278484198365,0.18002939208072122,0.13969838041556973,0.6278609532760044,0.40736931146831823,0.11642964730018956,-0.4378896408892242,-0.8082652361320367,0.38180177371499663,-0.10992387789227376,0.31598577062351246,0.08198244032845481,0.002774999027399805,0.29810759514945934,0.49582014192836343,0.0
0.23356674857191312,0.34096557404632355,0.23299370275228437,0.6869746232230973,0.5159318172665252,0.18319643931300075,-0.36692082095582035,-0.7771501751014885,0.3061667145774534,-0.015009435153385361,0.17439179523198192,-0.09334508296825879,0.07167872394150566,0.2621154216247653,0.38217393326815213,0.0
0.34889865735079373,0.15949705530497726,0.15524197390558112,0.7157779708346172,0.5573718634318797,0.15583019660333533,-0.35075191626098934,-0.8270309518390596,0.1879044609232928,-0.20419190835040169,0.02175888458051184,-0.06512325430953603,0.11952598888749548,0.29108435558799167,0.2915129938611826,0.0
0.32676544345192826,0.28869343240937445,0.08671647245546671,0.7729234948043365,0.5526221986075059,0.11357416137586535,-0.4247872880065057,-0.6776034451283667,0.26806379904775524,-0.18621940260152967,-0.03518954813171868,0.04032889746044131,0.056438951784623576,0.2512127266089099,0.09044665259506485,0.0
0.2698518920746681,0.34126415007833155,0.0938646697605354,0.6332897084307421,0.5094671090982112,0.14463591425910644,-0.34489561443085237,-0.7742531662640506,0.3122717833841351,-0.23431005341599262,-0.06941842355564229,0.1416987766781744,0.05819725515890821,0.1988825646446212,0.011422206193148599,0.0
0.25175687367262306,0.24582220000189473,0.17002118801764685,0.6893177026396394,0.4163191479782936,0.23854885674058024,-0.2554236115492569,-0.8487627068464371,0.3676425520169075,-0.18730644748897285,-0.1050082408228824,0.031833351764754506,-0.02189456310258029,0.1444473108299246,0.14746975885492292,0.0
0.25951021608850644,0.2980462530335022,0.1770394201283108,0.6857788600089455,0.4592264980030509,0.0809787926503597,-0.2660278634594711,-0.906096403922623,0.38900899550984586,-0.24037870712482484,-0.05836895968944126,0.02557709856189369,-0.1562713365607255,0.060854088374028836,0.2334723965885493,0.0
0.3159317150644806,0.2609910854179107,0.05641719294713418,0.6856843538173565,0.5659817848725962,0.12316644819087161,-0.3139045858597225,-0.740873108590113,0.4409625147343751,-0.247665901484356,-0.21641100560872387,0.10013853616157876,0.044312683626211005,0.019215488170436244,0.4582436240426892,0.0
0.26154505847517845,0.2446253862682839,0.13289369102679394,0.6832088835704109,0.48763880988171837,0.03526671468586541,-0.3371601356804974,-0.7680940708233224,0.3393269572568829,-0.38247838721071276,-0.2511204697558949,-0.03736577932740491,0.06424078598265251,-0.0934688383056821,0.47253568128672874,0.0
0.2902414877215874,0.2704573422373279,0.1727103640231839,0.6800871416586882,0.6155942446915517,0.0443257926197027,-0.24375310781311307,-0.7957103814156749,0.3082762513101888,-0.1894991770418107,-0.10802594785168772,-0.05813961971554251,-0.1650100843338826,-0.12121751212012086,0.2895434971916038,0.0
0.2566117970960774,0.21221322980350363,0.21745826218857545,0.6549672036850869,0.5075565632646566,-0.007094982911787381,-0.30378302801208873,-0.8278304408685391,0.35070748733690243,-0.29343883465598725,0.006731134554702492,-0.037083343816776596,-0.18742962923629514,-0.02091244064229142,0.34980740542767425,0.0
0.2578836846219542,0.2928357488718155,0.13853067609131595,0.755760273904636,0.3892641916880102,0.006832343313487151,-0.24605694786981705,-0.7368511291681569,0.4167132666772237,-0.2373107998697103,0.22326532343193553,-0.08033273798549531,-0.2057790575115664,-0.2711468010229411,0.25976204062494607,0.0
0.3212403939469777,0.3014329399827005,0.20119333449019025,0.6074016300089871,0.5161211359509579,-0.027049915347944015,-0.22483987219643764,-0.7552595206193028,0.39798678062119985,-0.2743404953457045,0.1390388856048836,0.09168672207841412,-0.060661693299577865,-0.3147485804175764,0.2061296626886255,0.0
0.3106470523085706,0.23274386887618495,0.17097775742735832,0.7479228985358856,0.47391367113050004,0.0019150700564987966,-0.17815710104127594,-0.794618050907314,0.43696805287190704,-0.34176607160474026,-0.010943318756791831,0.06452487087033289,-0.0737295849615045,-0.11588709984649553,0.12197712672868705,0.0
0.2852713647256138,0.1654026134909558,0.15213805434057537,0.6807957333694193,0.4846071659953237,-0.022154553737810168,-0.13867745351023605,-0.6753969799548086,0.42783299895497584,-0.32464174973559723,0.11210884183974154,-0.07745348336754987,-0.14290325668245385,-0.13792588831030814,0.21563486267904808,0.0
0.3120434443219021,0.2755982385880538,0.1535300487437985,0.7076239099376103,0.5783565785825404,0.030365129718294793,-0.13678461693097316,-0.7906040779990434,0.5044479841821314,-0.3466072045347283,0.09527783905156323,0.016442588161789867,0.04050221863199309,-0.20487796626138624,0.11303495585288256,0.0
0.2904334987176349,0.27818608432151526,0.1771371937069841,0.7299501929212407,0.5574082508327453,0.021364421512641465,-0.15305909893596525,-0.6429174786003032,0.5510252411049916,-0.333977130330221,0.22061681091074054,0.044476191989449944,0.028885694021863195,-0.11314242627724819,0.10148583585814566,0.0
0.3486428023236706,0.33178692757020456,0.1621720805252034,0.6861330998006505,0.5044979408782105,-0.077245123963287,-0.16124480376146172,-0.5888584169773794,0.5928936850642453,-0.37288011251378556,0.14126255984421837,0.010229682276747015,0.04398964490241086,-0.04791981510427937,-0.10652768278589407,0.0
0.35174541672053095,0.2627136429445598,0.216162196805455,0.6786489196592105,0.48657133334896213,-0.14727359245538726,-0.14973312880417727,-0.7815248496895554,0.4715260959278523,-0.43394996417556897,0.08684003015015014,-0.062443623896509245,0.12926472762726893,0.07316973995622329,-0.10777988884345649,0.0
0.33144538356406733,0.31506592394577837,0.12962100466728863,0.7726535124786388,0.4616358601925266,-0.019957497855875993,-0.0730150526706809,-0.6202078337132877,0.5022559651143844,-0.39993671089976046,0.18003815891129443,-0.019396916283743723,0.07102697561486535,0.14037866281926403,-0.08355517057461628,0.0
0.2903752745186066,0.25601614611778756,0.17130214893048085,0.6933242151045814,0.47700688647947753,-0.08426696296229504,-0.022275688620077824,-0.684610855562998,0.5320168960196981,-0.37410448989710443,0.004298013811789569,0.12820897349510746,-0.04029354051475126,-0.056559336979322805,-0.12838612486399292,0.0
0.2792831418008461,0.27323058289516494,0.19065036416413078,0.6214722522448833,0.5043622569564934,-0.11115804999795505,-0.08865446542673795,-0.5987288322961032,0.45350199043993006,-0.42508986115465586,0.16642042603811918,0.05883273115601515,-0.10454939720366288,-0.2250071613980058,-0.2131261633009343,0.0
0.26720142150536463,0.3553037274059427,0.22943072900828682,0.7080614818161233,0.43021737909874436,-0.02677990208096831,-0.09642972939078386,-0.595754541935397,0.5315593312757535,-0.5257221106692503,0.19403580573002044,-0.008975904782914747,-0.1628683000806373,-0.20537355926995166,0.013341803765596683,0.0
0.2701004615187044,0.38865114710008875,0.12701588861354868,0.7222964891727214,0.4632882104042338,0.044028062048060757,-0.03274960569862485,-0.6567357924572633,0.5077900825635698,-0.5298987541202057,0.05892458349359553,-0.07231924570785297,-0.0905473690033386,-0.19067725934242752,0.21422174243160794,0.0
0.27790236479926744,0.2234023858331456,0.23598161141283214,0.6765751552794305,0.49296092589007456,-0.01414767944217181,-0.07103123894806657,-0.6070641235841425,0.5195271338990798,-0.47700465684255683,-0.10082771407602246,-0.10672796338748068,0.01256812465698584,-0.19293235196732778,0.27356172014623725,0.0
0.29085321785675033,0.3378311002662806,0.1264980772035721,0.7609512172089803,0.5440730986428601,-0.1582009708660684,-0.04467361290988072,-0.5540108264733334,0.4748045208892248,-0.5760257380948034,-0.18845897575992362,-0.22560899750642568,0.011836445722455298,-0.062023306264073305,0.17160658215140132,0.0
0.24682175830319628,0.326748796246205,0.23679292354537748,0.7402223350669068,0.45279731905114534,-0.16310310768426395,-0.018211526502394854,-0.5693352504266606,0.5249096091310993,-0.5015961900759504,-0.02698784221423227,-0.17104167984230428,-0.040401579188349426,-0.0134394330311274,0.13603774552379042,0.0
0.2720394930767922,0.26474375301901604,0.21733509939666423,0.7534024371337447,0.531770773022146,-0.12277603594645274,0.036544249572030583,-0.5631643575621855,0.5328213192038984,-0.5130254279266584,-0.16971226323063823,-0.029720662857888214,-0.016098874343393847,-0.13075639568706598,0.029072554413580837,0.0
0.22177327182315282,0.2942976517212097,0.21304147614738314,0.7384050158467166,0.5396044167879104,-0.13158232888142096,0.10238741007143216,-0.593672537468136,0.5782386847080262,-0.6120066652141541,-0.1776679919553436,-0.08687556560780285,0.017194930139468607,-0.07048352075331595,0.016361057902931957,0.0
0.19845727872729832,0.32919852326336385,0.15817248801745434,0.7532284542815935,0.46221271716751616,-0.1539008888753634,0.0868087226849784,-0.5473714320350573,0.5392207893651261,-0.4916920726660374,-0.15412656964253715,-0.06378853739303691,0.10406883089476353,0.11744654906643083,0.10040543181616915,0.0
0.35242566558781496,0.283055134453476,0.2522442781705916,0.6560645771881835,0.5510942064099038,-0.11024638471734438,0.014382084641440515,-0.5927141009184566,0.7023101042955558,-0.6215706131328926,-0.19099507325577508,0.08590277146370073,0.06987077738488069,-0.14625104961401855,-0.19859029366382408,0.0
0.27375919038583846,0.25255278772578266,0.09131243930033364,0.7346402016179694,0.4372876133746506,-0.16049955158496065,0.0053184160462718955,-0.5156096457348345,0.5666082708483215,-0.6667921457443954,-0.14015408295621254,0.06224577806224906,0.16890140524624864,0.03187348761225334,-0.06346955961491571,0.0
0.3435735819696782,0.31371985153220117,0.17506173762250055,0.7425805396160063,0.4518900444235383,-0.04949337605755269,0.11842036896385226,-0.5426637056643194,0.5077959593749594,-0.6129025768477298,-0.08290157678349834,-0.018378288270570968,0.15072493113816743,-0.0009216864067014864,0.05609571560292837,0.0
0.28849251325967007,0.2692859722628705,0.13967137056394885,0.6827646447824186,0.6289744940919171,-0.1942164244427375,0.10218804264078758,-0.5219059015858737,0.594259042285001,-0.5794876558937823,-0.19360997764058283,0.07589163448497756,0.07294788090208763,0.011328657950405425,0.11557633884377222,0.0
0.32455473553433833,0.3612701635353578,0.1596489361502325,0.7446539037187077,0.5228607383928774,-0.10627475642365161,0.08389297486185492,-0.5420991136063256,0.6663876784866932,-0.6091925461530379,-0.18457830899953387,0.09532707069490032,0.06644899047711586,0.0040942725696019025,0.09502060774150729,0.0
0.3650296102631736,0.37684328157313773,0.1726066688631808,0.6523599020531649,0.5157889705760049,-0.2380731525357482,0.07476898392403554,-0.45424169222008476,0.6183074412606331,-0.5170955876670659,-0.23899754592226005,-0.08252950654176439,0.15916702045304887,-0.06545301763845923,0.051919145716925234,0.0
0.37571379959183965,0.2669239262560936,0.22079803549578353,0.6552317367131333,0.554018603962338,-0.1656756615463625,0.21361504949669186,-0.48677067286462405,0.6821804757358728,-0.5888318084151575,-0.11455901545178138,-0.06728618074601679,0.013428361703822347,-0.011024176473598525,0.24561756493036208,0.0
0.2824723652612286,0.33286171580559154,0.1306044724332855,0.794902683308975,0.467194271866639,-0.2908046783987243,0.18276905942315946,-0.4160301990445644,0.6877670128981417,-0.6169928179078636,-0.15973108339712583,-0.18832565800562762,-0.11005111032881441,-0.00671430011567593,0.22124773501605202,0.0
0.3364088476589121,0.3133447118469884,0.2174877233475035,0.6963363892338712,0.46720203554928663,-0.23964062296742694,0.14006070173342583,-0.3949634241254111,0.6156075357718198,-0.7067152372797816,-0.18994053794379928,-0.3822711030708267,-0.06561760916917389,-0.030670661965340726,0.1863128321433183,0.0
0.36474882613965437,0.2714269681881918,0.1881724978505034,0.7704129441964822,0.48885460471313213,-0.27463221842716456,0.1411217692297353,-0.43058377558903793,0.6758290364341284,-0.6090210609942929,-0.10035517201346783,-0.3204448544926398,0.023311188591247832,0.0068634017689920244,0.08656149230839302,0.0
0.3093767817093588,0.3521119027239732,0.2334125206317223,0.7520580623284783,0.5034276773743773,-0.21173036833761402,0.20888457008755468,-0.4607577770971691,0.6857991352173632,-0.6592579974702808,-0.09435872978527647,-0.04229382421177219,0.06292762967823817,0.35449444121007334,-0.03711664462057136,0.0
0.33151528393427554,0.37854847560163685,0.09320588785592247,0.8008065816133543,0.5310001945699319,-0.20924593084084311,0.23054270778405095,-0.350796763453829,0.6726201385752667,-0.6998130569609433,-0.04250261616045753,0.02772343838245356,0.0386217691377748,0.4028762944011487,-0.019250462256148397,0.0
0.45180342861973866,0.17111012798549152,0.18906905491910794,0.712764480102619,0.559168080963146,-0.3043321089752871,0.2762499488649967,-0.35616442900415707,0.708439476059062,-0.7361800043444079,-0.06245820602123446,0.2441553376455889,0.07223473521477164,0.3064904417096481,0.05794853204312048,0.0
0.2577986629020939,0.36598357114070096,0.214246224808632,0.840032263768624,0.5428439523360006,-0.26753020033642827,0.15044778057490676,-0.33367714415958233,0.802069549225182,-0.7691825699171657,-0.021595862972817972,0.0486076183951846,0.1175414585313624,0.38166305699984004,-0.1880990735573927,0.0
0.3111871432726629,0.25927703839082367,0.13521809414262181,0.7644340448043702,0.5005272643996889,-0.30717403725715364,0.25056520517008507,-0.32318312352844114,0.6681765430597613,-0.6816731067587702,-0.04864064898805619,0.12397772513498753,0.24487642137589835,0.41952567176442895,-0.29585010600132156,0.0
0.26516009538281105,0.38403405352485864,0.11805735523417406,0.7172927209772515,0.535797582238039,-0.30999915027989844,0.22868434354303227,-0.40394548146604065,0.6748971044302369,-0.7198302811114066,-0.12253097628289589,0.029769717005873428,-0.09235885741563021,0.3654296755736698,-0.3955617749764036,0.0
0.37224715409760967,0.29420742767474944,0.21026317836443265,0.6423783837156676,0.5499775199508601,-0.29385496473770756,0.3849576736430675,-0.3558425410196488,0.7305646891872282,-0.6290402344445023,-0.13744488001922853,0.023550756533499924,-0.011448368716362213,0.15002018803916012,-0.2914706114177332,0.0
0.23195002122390657,0.2525742148755382,0.19917923297003387,0.7263860518893496,0.5002353592240271,-0.3257127823841326,0.3392275324373714,-0.3383125377709325,0.6773459280612426,-0.7289751919391227,-0.10133588605070756,0.13171469945195874,0.03265306320328596,0.15582100093361742,-0.28601791052680503,0.0
0.36096549542230405,0.3401434133754668,0.24052963914688702,0.7142836923033512,0.5288796652063272,-0.38185986785201775,0.2769756314004475,-0.2751349697467904,0.6890888892364913,-0.7442555547698098,-0.049737137758745706,0.022711404492110038,0.0588310222751606,0.23407701476985932,-0.46969358617673,0.0
0.32488498173801167,0.3372396481422439,0.21514952274237553,0.7573930269808874,0.562500190122059,-0.20917525278907823,0.35500591070834553,-0.26439225884066164,0.7838640848238213,-0.7809600500431347,-0.20561714657345223,0.078294242812927,-0.048919752320123654,0.25103530416620745,-0.4411617841552739,0.0
0.3317248556337143,0.33202519284367127,0.1662090845590806,0.7588498402525571,0.5603706296927469,-0.3304858161155694,0.40951195528507134,-0.34704075153491665,0.733622321231891,-0.7655395081116197,-0.32393896956085155,0.1282613223660487,-0.10908034471685979,0.41228158563113515,-0.34412158286104344,0.0
0.33296003446890293,0.3395672756738604,0.12059454059427227,0.6842355292772047,0.5349150246028432,-0.3594308643084343,0.373414769099528,-0.3357705359846427,0.7320528224150793,-0.859393600700105,-0.378698267337752,0.19259985340480565,-0.1641345010548837,0.47813541000549536,-0.2080624867969713,0.0
0.2742683503423264,0.34764511852908053,0.2614483555184715,0.7535008834706728,0.5322710181609832,-0.33146676165336264,0.3526734466910232,-0.2856884451675921,0.740642354684119,-0.797800399260406,-0.2320174912286,0.003095831963095569,-0.10696743360220348,0.5568589338290076,-0.09516932706569033,0.0
0.3477000661368395,0.3262947409839641,0.2550688687759772,0.8483245618935382,0.6451021117085454,-0.36964773192088446,0.45861772220567654,-0.23575137542836702,0.7289469955008367,-0.7381933545118782,-0.20357586986122253,-0.03700940897639476,0.06504109000126933,0.5334101773017805,-0.05102698999023849,0.0
0.3070466620543197,0.2946379615233596,0.11790942272864724,0.7536461005330312,0.5623103155864757,-0.35517431664359383,0.43094583666986375,-0.18847088476190899,0.7773274618352242,-0.830409227846431,-0.14488979344298275,-0.023806066966494746,-0.00813922681984127,0.6180413078494841,-0.12679382980806403,0.0
0.3276565077106945,0.35937828898625523,0.17511755811870738,0.7583171109530781,0.5404137630465684,-0.39426446793393927,0.4002679200327227,-0.20208356105717576,0.7527095979198555,-0.9040368116872812,-0.0836332807829295,-0.02165837203105635,0.025575071954227944,0.6519830420193652,-0.06811519703968788,0.0
0.25443494607973705,0.34215649736498777,0.14196683669929797,0.8100575107760781,0.4899438927912819,-0.42756172712598883,0.4218073841224724,-0.17164979236928743,0.7686170499542061,-0.912126073341198,0.033725313329834763,-0.09019901285489927,-0.006348176780571917,0.5905778397128072,0.0664901970995785,0.0
0.37375727528821134,0.3505589686375693,0.2039423065624358,0.7373333707304659,0.4726209689552678,-0.391989766323228,0.4594565941678079,-0.15940749586807473,0.7610400133361965,-0.8362509895605207,-0.11443967065481216,-0.10293182059076125,-0.07242219153137211,0.5944957541455703,-0.014389482199896192,0.0
0.3237176340910965,0.32689568129452956,0.20143744343697542,0.8108341524576643,0.44853817384356787,-0.395933921102507,0.35860707207212583,-0.11150458815961972,0.7579780377009232,-0.7753940430843593,-0.11902780930255252,-0.10644794074964967,-0.17173131012821846,0.5433469678183638,0.12373720900371155,0.0
0.39957010806764176,0.43899251377660226,0.21792270858497714,0.7730839821529938,0.5900897225710038,-0.5006124482033867,0.49894059249379497,-0.04528245726673086,0.8768380613623131,-0.892969661815882,-0.19466562792328793,-0.3502743344619328,-0.20546906106486862,0.48220807912416336,0.06553108979291311,0.0
0.390708582914866,0.3019627443009321,0.2219882194985375,0.8383144899741433,0.5378067161099528,-0.46496412727657727,0.40560383556075014,-0.0598443259082033,0.8046034789516416,-0.8910885366541984,-0.1857100962191208,-0.17769813268562293,-0.22832612535448615,0.5204042649000329,-0.029506442218412844,0.0
0.2302135672280446,0.3480395308662285,0.07993021165531294,0.7298430850997215,0.5326996562386898,-0.49194308191233194,0.5005862670868079,-0.14199379617279934,0.8029134285458451,-0.8868134765893751,-0.2843271510357245,-0.0533971780204511,-0.24354013463790458,0.5760622096757473,-0.08341968205728026,0.0
0.3031599541922386,0.3268072585347005,0.17639479646491635,0.7979168746889025,0.43017349020555806,-0.4593810795890813,0.5345439363724044,-0.06583034244805086,0.7375905213503623,-0.8965886107788748,-0.16687718998978876,-0.11898105917305565,-0.11716819869036293,0.3442855435285088,-0.047469441055393566,0.0
0.38112752423918583,0.39941060532542455,0.22191671316680991,0.8235803958426857,0.559032496356696,-0.3994200218747371,0.5199959452024238,-0.20384724848596658,0.8532571760614056,-0.9930627442431779,-0.09086679090819946,0.09049865568777463,-0.15907773954072812,0.4978036689452674,-0.02041132065375957,0.0
0.3543736562937054,0.35727423359515714,0.21575080476377398,0.7985402051863583,0.6164390725975855,-0.5015079135724296,0.6212381312663621,-0.08069544942435632,0.8311901154850723,-0.9294709668615448,0.01412185349382257,0.1756651420863686,-0.12118696762687836,0.40223735872808275,0.013494682608209727,0.0
0.36424640908971967,0.22812966885045352,0.10345008837519899,0.7500458775763927,0.544491413062308,-0.5618611235135437,0.5400125474552766,-0.009623592682449507,0.8210101137202915,-0.9415508868302234,0.11285055706112236,-0.01566080560428121,-0.1611618399260288,0.4556353382656194,-0.1496331149505969,0.0
0.2883169970111399,0.28960841934029746,0.14175733571556226,0.7142144004551445,0.4912961721132689,-0.47342707012617335,0.62280128009185,-0.05467683461947664,0.8511155357155293,-0.9354359701223317,0.16161704655726786,0.024572983359853126,-0.0827301211690499,0.32775440678222867,-0.09049956269819104,0.0
0.32115960887481976,0.37684496704851045,0.22952965413601073,0.7221087360635503,0.5709945637781244,-0.4747864195505201,0.50654210576313,-0.03095406994773687,0.8116694979143344,-0.8989000050447894,0.05030619742760166,-0.08390676826585887,-0.12861929116007723,0.2584025061652042,-0.04912513254552964,0.0
0.3594670593529391,0.32250171340526246,0.18436438731217308,0.7103478424644557,0.5195244660064151,-0.542838567816773,0.6458568417787327,-0.055906873807843115,0.78479555767062,-0.9912973033099186,-0.025640474942558604,-0.17424704348554726,0.032605303193531096,0.10288969859626465,-0.010493060035669091,0.0
0.2916489690945882,0.3260312624596888,0.22729787912918342,0.7927194563606048,0.5851507524750394,-0.5185968689772177,0.49701207094316696,0.06441413510658461,0.8074800408286682,-0.9016505733017822,0.09692863073008223,-0.015763016933946203,-0.012282013176477133,0.2262283397322623,-0.028726380393884712,0.0
0.28980294385781163,0.3268245616018784,0.14767109189416386,0.847493406216412,0.5735694808233159,-0.4745860958781275,0.5729802069795012,-0.004336801309326288,0.7978100551701601,-1.0029987710277675,0.02279939023950292,-0.12334377034102885,0.14576185819253648,0.18204213816266457,-0.07521093719655077,0.0
0.45230866977951667,0.3409817875366959,0.14314608512590155,0.8700570042249498,0.5968813299530425,-0.5396930901617265,0.6819309149588269,-0.07836475506938004,0.8180188513672936,-0.9164669359784021,-0.07752008531319599,0.18155267190278995,-0.061646670962853395,0.10166872797113106,0.03613204863632731,0.0
0.39151815506500326,0.2737334140593789,0.18328439018135823,0.7741036244747194,0.5597441090319352,-0.5029187479706165,0.6325310944841886,0.0771434403732827,0.8685145791002636,-0.9061770343486384,-0.07747983373123798,0.20562123738249036,-0.016706624574768306,0.17777333407381468,-0.16868199266274791,0.0
0.41346435284143235,0.36944688104246903,0.1451033969179455,0.8232200124165344,0.5124888409971122,-0.5783417718925051,0.6028986625276567,0.20857500914558125,0.9521344965021369,-0.9849909224447585,-0.22850477826480164,0.22201342645747094,-0.19489545880232953,0.1815108809426111,-0.2959504902791483,0.0
0.29673990798986827,0.29688144721473536,0.23745655673003677,0.7360174937687438,0.5923730868522263,-0.5880465244834889,0.5451013757547617,0.10671192294995473,0.8262469841228309,-1.0061367534251053,-0.19667790009098376,0.20379297463482354,-0.1083735029979205,0.4501303934713171,-0.024330378073176867,0.0
0.33493648279493343,0.3840389389686513,0.2507873372839836,0.7487260767792725,0.5341897943076532,-0.6158575101670627,0.7009435847060721,0.06198529728861723,0.8781495064389766,-0.9650787443874735,-0.1832636549053093,0.17241794166647156,-0.016838934107740254,0.5097069880092427,0.0652182471316195,0.0
0.4286414004452298,0.31212849799177095,0.19258581609637299,0.7340582752700855,0.5575810260105452,-0.5559944220724757,0.7228650144995346,0.14862151655922173,0.8872055134827438,-0.9770081291174715,-0.033016822633261556,0.0384392214885968,-0.07378082567172577,0.3700488689878828,0.057953896340157796,0.0
0.3333046829320361,0.3691022351687888,0.24049289727172424,0.7651095719812471,0.5096021424896702,-0.5967790713325198,0.7549979874964086,0.08691873486373086,0.8777370765423619,-1.0362607770917998,0.04219556875500946,0.18116992209991684,-0.013701544882442088,0.4323821591774833,0.0025520695578252414,0.0
0.28614097006710004,0.3483824102244677,0.23483338035176113,0.7908396129303925,0.4757084084579374,-0.578590309050345,0.7105162723634109,0.034351912000191456,0.8930567386419346,-0.9774106824072447,0.0010083928188478128,-0.003700787534772265,-0.06769333112844932,0.40314729518605863,-0.10701815432936683,0.0
0.24692995512713403,0.37114476407675884,0.15278945684752898,0.7784642896538949,0.6006194725881776,-0.5582305471525827,0.668138057574171,0.13810583922237557,0.9301049227491075,-0.970938557146141,-0.01625934723966017,-0.09138667394607596,0.030707485991301887,0.3749060496601052,-0.009748482127259706,0.0
0.3348020928735329,0.39173562163610637,0.2115984662851052,0.8992787311367079,0.5676554982846234,-0.6522107748591343,0.7583598607476577,0.1496549048360297,0.8187373463304892,-0.9522933818303889,-0.07641785844003532,-0.056818810888496885,0.14412320244283658,0.26684422912271105,0.038591905631492604,0.0
0.3225776535187822,0.42986574817198886,0.2946900684773097,0.8085646105588815,0.5984008570459768,-0.5676981110546461,0.8016657843753391,0.27595984678243657,1.1129803351691012,-1.0097830283889682,-0.0922181224814444,0.14372286996858225,0.21881891869562214,0.12902169821472328,-0.1273026822437472,0.0
0.3410566330446766,0.382329837326067,0.2264951537709381,0.8787112574490478,0.5934143851411489,-0.6413274232620776,0.6741923385732635,0.2065097724707804,0.9853595959413701,-1.0543591162328814,-0.1101860101865565,0.02695026095503683,0.18609699112709077,-0.021017637153155452,-0.1807120331282091,0.0
0.39288917804674667,0.36531565972632174,0.18765708208823062,0.7834022434407705,0.5746857339002214,-0.6191460785438996,0.7237590259948955,0.2480030571977537,0.8263422257815949,-1.1019333566518936,0.13496610141935617,-0.02773180937610083,0.09952290226060612,-0.21441120570517852,-0.04960323214631278,0.0
0.42045766150555386,0.2986222842046864,0.19580568241304475,0.7829560799847829,0.4504177821030162,-0.6786877873868733,0.8199495881477167,0.2939859801326238,0.9710985262118568,-0.9388058899360414,0.1561912461853425,-0.04423029712727068,-0.07965874275866269,-0.24375623780818909,0.01797645704370402,0.0
0.41096097102942863,0.31028092204228336,0.17254876775349667,0.7943793061558921,0.546734693094344,-0.6510005739373536,0.8033155728782762,0.24113619033203443,0.9672798479714038,-0.9150873728454579,0.20938584784163142,0.1709559622474133,-0.0048469848650564765,-0.18890935217026272,-0.049423566202773765,0.0
0.313869292705559,0.3280845440534477,0.1932527967451808,0.7815633516269138,0.5545069447539714,-0.6428602099167093,0.7141295372998239,0.2412513414525092,1.0512237604511416,-0.9633677424839378,0.2513097567067243,0.08320488138789739,-0.06983228514396073,-0.1968965391272424,-0.16938491235216688,0.0
0.39001735278012,0.3975447545144739,0.22119682840343288,0.8311506229263355,0.5460429086759897,-0.6544895499907045,0.753312002624894,0.32410691494667937,0.9111831627532619,-0.9718906337796895,0.19849112163444646,0.26813134314544523,-0.0370174602653352,-0.08739045509437873,-0.26004050151890007,0.0
0.31021168720583453,0.4288436048208042,0.22449812027190602,0.8303583696878144,0.4983872304754912,-0.7095002670731295,0.7639376737158906,0.2777632299442083,0.9714084790083359,-0.9320460709804255,0.15324615804719202,0.23397927128702356,-0.02411650385351707,-0.10317405320326149,-0.1166875507578609,0.0
0.3509505613177588,0.3512497479558733,0.16951966384699138,0.7895148194428401,0.6517626056126578,-0.7613298228031987,0.7514584154459395,0.22523518872871484,1.029748605128951,-1.0052038793498301,0.09855694925368351,0.22621495226410696,0.15430261192677033,-0.21935179117873765,-0.06409065685361473,0.0
0.2845247062502805,0.37623119895165585,0.20774602937467135,0.855693286796106,0.5771874690679276,-0.6662413221450136,0.8452294248247708,0.34861315795491304,0.9036572581367299,-1.0483116972596533,0.22660237160060398,0.09097306276137103,-0.04273151217194658,-0.19776747267065425,-0.1990340720990356,0.0
0.31550287396410487,0.29320235132895567,0.29585840148377784,0.8347540395437,0.5612059558419586,-0.624671939612718,0.8356884060252059,0.28601065942039283,0.9338681514676767,-0.9659871572555842,0.1426192729577599,0.04966039461821044,-0.011366797060405836,-0.11311076760112675,0.026126389165970376,0.0
0.3143503164764883,0.3245629945221859,0.12439180706895882,0.7437866958427508,0.6358064887554795,-0.6780880531020674,0.8621580703309673,0.2535482039650439,0.8533643471360077,-1.0221022471693249,0.24052751962357724,-0.04955559027413658,0.14494758334251334,-0.1720499682638844,0.05823433506346126,0.0
0.3843005580022049,0.34802201579949366,0.22804972842742885,0.7466608507199752,0.5919030372303418,-0.7656259864625122,0.8924713140800258,0.38450271413855586,0.9322605775127084,-0.9872233762615712,0.02301870204389242,-0.14014380622632078,0.021831996393450154,-0.0014447120472099728,0.024903465976265637,0.0
0.38083817205433773,0.3727320835543257,0.2551890000602524,0.8618812160672866,0.4448496266976434,-0.6895262008454012,0.7783274072966209,0.4140180689321985,0.9612965668027514,-1.010637881937196,-0.062038034331950265,-0.1068221162995665,0.2128242051726867,-0.11687245658655233,0.006439857628626387,0.0
0.4114068885368952,0.36785782772995373,0.23612970260072808,0.8963683854719263,0.6153987913695707,-0.6812750454365742,0.857878817666349,0.4199091963714329,0.9475568232344852,-0.9635294654605182,-0.0704269213446957,-0.2381881956824864,0.11876599606112159,-0.14827385731013398,-0.18983242447984575,0.0
0.3370185341625232,0.30183641477888973,0.18676492709618892,0.7649222651453013,0.5194201239541298,-0.6971416390682241,0.8314470850696698,0.4124379802656474,0.9419256125799103,-1.0770567274021636,-0.08326977965178851,-0.36503116040402517,0.0378926963681677,-0.0029079951057401077,-0.14498115124950897,0.0
0.4503215489376243,0.3646551714059932,0.23035178609431556,0.7840943467685497,0.5102991921611257,-0.6637816099622547,0.8446487936419833,0.3835036082161802,1.0510817914214565,-1.018703706567662,-0.16022669067796774,-0.127595989844029,-0.018878147529284947,-0.1292492993783655,0.1700822949431926,0.0
0.37550811324404154,0.34417032013933085,0.28683669533380757,0.8130576092869265,0.5710735022597986,-0.7210913555928139,0.8740600111424797,0.4514321113207592,0.9815197846642515,-0.9424366345668298,-0.10605827420884859,0.05374683637457402,-0.10405404954373869,-0.06328985709432447,0.08793340447741163,0.0
0.28803878313439074,0.4585585158012791,0.25697694863962706,0.892305438955795,0.5280660532677459,-0.7318221159105167,0.8341630919828789,0.43560248705800414,0.9882589833278456,-0.8903677143637574,-0.2875764554570179,0.07869390657825323,-0.05492498220798983,-0.14833522230004792,0.25631365969122605,0.0
0.45472903827127403,0.37881729090609795,0.2328387557407947,0.8184505174720009,0.6249550421741074,-0.7893448554239432,0.8496731281305935,0.49200305512394277,1.0286854227963176,-1.0442615805974407,-0.07813942069942362,0.17676195122577854,-0.0664211193934229,-0.16948401451884032,0.18069017530240705,0.0
0.2994158309343181,0.43554132514771704,0.20976627425994893,0.9202237162153175,0.6755969679813738,-0.8300398183851155,0.9051966167675821,0.49740571920245724,1.0113815557069405,-1.0169897227026732,0.03023231799595258,0.1002785202944331,-0.1279358240627047,-0.2857863844136118,0.15412533915636956,0.0
0.3699895982740248,0.447919631730392,0.19425298161535842,0.8715953992925329,0.5662327866274994,-0.8255353287343685,0.90307393595306,0.5324249865256361,1.0137130869583837,-1.0038485551634597,-0.029640725115175477,0.13901865259186177,-0.08729529455240065,-0.46243471727582264,0.21846711480499326,0.0
0.3399474706998489,0.3400320685405128,0.167539688336037,0.8495597471763597,0.5320825100975081,-0.7207648764317667,0.9683518559834776,0.5745801879304477,0.9770204645101421,-0.940232762801844,0.08159486882723206,0.3299967198881072,-0.15553690594230835,-0.6061567934138422,0.336601256145456,0.0
0.41936181139867634,0.40196591104025975,0.17941448223421896,0.815377035270979,0.6042819376398278,-0.9070328316230687,0.9489418733749069,0.48538844475035614,0.9781947152445511,-1.021588156953523,0.06172860254136649,0.1181594723007954,-0.174564706326165,-0.6897527236976851,0.14772160202125267,0.0
0.3967968149933153,0.4517503404770697,0.2663764945945251,0.90032328057627,0.6920868488076597,-0.8269371665734496,0.9610359756536984,0.5133351094656722,1.02532116993053,-0.932197419105594,-0.04301904938816994,0.14710608687399776,-0.10805497564092442,-0.6725027791753139,0.07565388473009885,0.0
0.4110104943781482,0.41312583430451555,0.2234677015882529,0.8177560352495504,0.5550922881466381,-0.8100836519645387,0.8657163532654634,0.5568664449243241,0.9570491732808651,-0.8206757684359749,-0.1634455122622581,0.045973421254867974,-0.16580844708467982,-0.5818658264154081,0.14603664853389536,0.0
0.32469968918748704,0.42059176237181206,0.22999556860778098,0.8406738269233297,0.6293909405851347,-0.7623465668020492,1.0051879699138986,0.5680726727544932,1.0377487337295426,-0.9295622368572679,-0.0599750286171961,-0.1071922218109149,-0.15046932111357203,-0.47572878074341285,0.09402527252129515,0.0
0.41119398350598596,0.3961354447105471,0.1698851165094472,0.9033976796900421,0.5688362759275696,-0.843437834414188,0.930056492642672,0.5196383847057026,1.0629717934188454,-0.9618081275773622,-0.10116518731672089,-0.01625651313396488,0.03311115707776087,-0.5687832651509492,0.10800147838108803,0.0
0.3755747682021354,0.4194507405585831,0.1565916039606643,0.8714122842798651,0.5154324446785312,-0.7822956063513512,0.8671890012378374,0.5629252722513247,1.126394947637876,-1.0054573398653708,-0.10982856436070998,-0.16501796139015623,0.020527245983610783,-0.3977915120642167,-0.009883541277745295,0.0
0.3814111018378661,0.39702410443189173,0.2448656600274486,0.798932435238637,0.6714831267740181,-0.8604663853843999,0.9022484187265564,0.5712180293190008,0.9324309420958854,-1.0096847825910118,-0.010562354763753876,-0.13368987244517544,-0.0785067412492297,-0.2860893447562308,0.01365936785540861,0.0
0.4704356276364471,0.3140219081139451,0.17038502891375273,0.8525981915134193,0.5547333551079292,-0.8535199727198087,1.0465498818298489,0.5535581708911759,0.9867605336577387,-0.9538255457728897,-0.17505155712919265,0.03400079818088356,0.05707445642535788,-0.31669154967471674,-0.08734617174363311,0.0
0.3998036012881784,0.3643464533960872,0.2588159544515137,0.8509116819777264,0.5171646825631131,-0.808962522837388,0.8412802056308974,0.6375892786489955,0.9789713897582432,-0.953929375614158,-0.2152035328320876,0.11987269892862405,0.03675442165512194,-0.4373082333449074,-0.07053818261479178,0.0
0.4543724819431711,0.45374922912108157,0.24065611322126895,0.8399936432706023,0.5657643497747556,-0.8048265848232357,0.9656291153079594,0.6169851347429608,0.9823209492374111,-0.9199078779704897,-0.07875945924471817,0.06506932261484541,0.031373248260721534,-0.3145067837040245,0.09778826926656997,0.0
0.4102892949915173,0.36690907101420955,0.30562593913139413,0.8269314010858722,0.703716219551973,-0.8479247212167527,0.8670405211513712,0.6410144775084858,1.0963846905584258,-0.9457156508920218,-0.07246694250363794,0.01617623329212727,0.009795729540679426,-0.32573748823334653,-0.010730082660266538,0.0
0.3862916449399452,0.3656730379077803,0.24011654648533162,0.8262460301650084,0.705504640828939,-0.8803989506245485,1.0081899050343592,0.7202289421333744,0.9992277490575305,-0.9503544823307665,-0.15244951786332658,0.058309668978750825,-0.016843820759511578,-0.2154227923501999,-0.16305764855409824,0.0
0.3531079958738138,0.3715936726269967,0.2349576682315894,0.9748375118035139,0.5729048977687354,-0.8716557533865376,0.9792361635170809,0.5738075392257324,1.0000382547781443,-0.9141898757808399,0.016258872391196263,0.06362979295563098,0.11887706074586281,-0.1627484830408292,-0.2895562283260742,0.0
0.3958606704395461,0.4183357013367907,0.27851675104280316,0.823247020123444,0.6364343010321374,-0.85243501709867,0.9299236050719701,0.6305550442161634,0.9578997621615726,-0.9637964796631182,-0.02318403424767241,0.03877112391025493,0.12793431925334323,-0.21561240280980978,-0.15439703314957298,0.0
0.2953426541686361,0.3757307978967679,0.09853418557504401,0.9048478823903252,0.6475167881442524,-0.8744493492296992,0.9894893656479004,0.6113397372143938,0.9891073181411251,-0.9493863147070956,-0.02474312199388398,0.020467871801270174,0.026559596254694354,-0.14487833227473038,-0.33685497750044024,0.0
0.3861783001954083,0.36526501606945894,0.29093558955259374,0.8299522526259067,0.6203204364238631,-0.8642074399940787,0.9271151399167435,0.7104317081230168,1.0917910278151959,-0.9420307023135333,0.032002019409029386,0.003116813929933607,-0.10289087320226759,-0.16372398754715833,-0.3879217034924904,0.0
0.34443347057005497,0.4087748535431226,0.2598071506697187,0.9059843902106847,0.6564292705946912,-0.958883427429734,0.9623725216180463,0.6812186293663455,1.0069746236012582,-0.8741560252681679,0.006174591285106942,0.11056499297921625,0.06367982926756477,-0.2525785851930739,-0.25400975087671623,0.0
0.37039173465609565,0.33470453948995144,0.27037028873958074,0.9206245709536798,0.6582586978575251,-0.8754053865157609,1.0718540506404894,0.7505361079269337,1.0648160246704688,-0.8989014788469749,-0.09889419469763852,0.01898065137631172,0.08010647029465748,-0.271224325439388,-0.29469606644380647,0.0
0.3611153905013453,0.5020274760280665,0.26651286813789543,0.8264411146275412,0.6467372371711274,-0.7577099224727039,0.9575873514636054,0.6499394738992471,1.0253198480213872,-0.8167513754134178,0.04722181494990538,0.1479504315286953,0.1510916119826466,-0.31016166024120795,-0.18107234759640406,0.0
0.33483092803111614,0.3953022533527689,0.2906999017295213,0.8900458845897423,0.5243381819320485,-0.8765049790976123,1.0113923315299744,0.7124558613808446,1.037353572728583,-0.8410070686829664,-0.021642451491351127,0.12201627514012514,0.08178151921255704,-0.16977538146230825,0.015530991913781017,0.0
0.3320657913617995,0.37216627029539195,0.2820489577872244,0.8803698054068736,0.539773562563518,-0.945357219195373,1.0318271313344682,0.7883347790652443,1.024453569078106,-0.8569175374000244,0.05818277775501559,0.07313739615219575,0.11540161744578958,-0.15559449027644437,-0.017540058108847068,0.0
0.35424704181223976,0.36999887312462115,0.352098709383863,0.8953860278448055,0.6435449329197606,-0.9369648633614529,0.9891378198449858,0.6960622178515571,1.0101609188985932,-0.8678440117623336,0.1683641022162708,0.08982814100902542,-0.011845204882652852,-0.018043700195125606,0.032125647229360815,0.0
0.4133236853428954,0.5011795593935384,0.30369676492665054,0.9816654223855722,0.5476029759752753,-0.9383053862307105,0.9209650988371152,0.7109672547816863,1.0929241222258061,-0.8416760323694227,0.10739054603938315,0.07878299299161584,0.03607595902170438,0.1560891520589782,0.1497406867381273,0.0
0.3266804067044175,0.4069257983487458,0.23881822283772794,0.831113778670703,0.5756449001993603,-0.841599659705098,0.9962445544594627,0.7575714957984824,1.001071136622571,-0.7407520490395764,-0.04543397791961243,0.13555847693046869,-0.00981771614866388,0.07441334053065252,0.07890113441339092,0.0
0.3849516285623043,0.42847637655684195,0.1725561925571476,0.9274064855459323,0.5157903865168096,-0.8903053797338776,1.0812408574874093,0.7003347971061649,1.0048862710283661,-0.8777259268427315,-0.02896211074996327,0.12280959854261148,0.00265335267291727,0.010539936121567312,-0.03699215963765169,0.0
0.35582339277488423,0.40385675966150264,0.3048125568149127,0.894738014063797,0.5977623226909952,-0.9545977163040924,0.9605511648534508,0.801883329128783,1.0338622392931505,-0.7885530795394937,-0.13968581382472722,0.18982194262611923,-0.06976609161134116,0.14167657009612414,-0.005255416023918831,0.0
0.3958692971194306,0.41299663236334483,0.2901444180542101,0.9084437500471002,0.6391409853689097,-0.8928453089353396,1.0009937656064716,0.8113237695885607,0.992639963466272,-0.8246185586963678,0.02297140891514951,0.0884009981659227,-0.05232068579616017,0.14350711788452203,-0.09794866562787731,0.0
0.3521699019243654,0.5133653896482392,0.26309732203367686,0.9674474402294011,0.6343361592392669,-0.9825818079519063,1.0187952310139081,0.7642845471731414,0.9544535914023644,-0.8654675928019717,0.1266237817564437,-0.1891417255958795,0.058590500083073795,0.07200437386430536,0.12358951048843134,0.0
0.34215214651516646,0.3757973840976805,0.2695377603971063,0.7936175089446222,0.6579103693583924,-0.9253430006571347,0.961974081692136,0.7415289140828981,0.9730904758429405,-0.782230981248671,0.09338806181636004,-0.2817170545367079,-0.04294725854109208,0.009121635808456104,0.05088809267691603,0.0
0.4117096163372202,0.4855352011652327,0.30336558060688323,0.9128930901364819,0.6142594915797858,-1.0217246628446555,0.9820301257848999,0.9112894814321963,1.0682015628277313,-0.805066851729471,-0.02732293611018402,-0.05181302790856249,-0.06473469444329132,0.005705373927618416,-0.03507643358324097,0.0
0.3321841960260177,0.48999813624261246,0.2505459397529319,0.880719060708019,0.631739384626922,-0.9041989215653353,1.0270096291962212,0.8014669793281968,1.0193367844018455,-0.7960767134555375,-0.1261686262590028,0.07727514271992836,-0.001349186853989541,0.06802068179043858,-0.085973757457875,0.0
0.39787068336048975,0.4114056014988466,0.2446490119671111,0.9269522909214618,0.5064958270042607,-1.0346164985220532,1.0248941621332266,0.7969410529937252,1.0255085861267361,-0.7501440421831551,-0.3374643830905173,0.08913015867102794,-0.013595571720144743,-0.097630073598404,0.01361978842645438,0.0
0.3947856753235701,0.37527444920939024,0.18644890006949175,0.8514566898168212,0.5779278888267818,-0.9991654093423918,0.9991264975888237,0.7602107914708873,0.997213666440928,-0.7414599650493229,-0.176506460662264,0.2064052217511828,-0.022528878852896856,-0.33208240842521125,0.01443021567139499,0.0
0.4579424893508818,0.4161573906370536,0.277577314754767,0.9710559337563429,0.6037295642463262,-0.8869004770323392,0.968769152025381,0.7766250347648627,0.9793192051062873,-0.7599050418620583,0.059946891220383325,0.19218858266396316,0.12083488483707906,-0.2201485348818658,-0.11387024730148641,0.0
0.4740531900523302,0.39500566379099267,0.23142606032865704,0.9252243708612208,0.6706147292418243,-0.9641878716761069,1.0031572394432193,0.8125017815846056,1.000972492346303,-0.7503108322191192,0.06722268165861238,0.043652262220302274,0.11028142848644938,-0.12248775135398468,-0.03134107262314041,0.0
0.36124347489532865,0.4070055218398722,0.1602189304475962,0.8190348759278792,0.5617727539537822,-0.9563739493971102,1.0443139790064724,0.7459159287019658,1.0507512332926006,-0.6923786288366982,0.09736743505465367,0.16389668937151555,0.13761766044182078,-0.15724164921988126,-0.20189952133022165,0.0
0.44189067096801293,0.35665701379975534,0.19567926100294009,0.9125891785006468,0.6872642228718724,-0.9413530911681278,0.9557296533875219,0.9140770055655271,1.0427237348384755,-0.694618003848128,0.19480755611396355,0.19455730417381165,0.014744917171359298,-0.22275518658702473,-0.22512626109138426,0.0
0.4374212426232091,0.4345819344410203,0.3540683441854286,1.0353175057711783,0.5906566819637536,-0.9839234160799974,1.0893017713370245,0.8765220168659514,0.9611799569533086,-0.7705226355635083,0.24102241334853147,0.3238886993442212,-0.09086738148773633,-0.2983032282924304,-0.06191043001573507,0.0
0.40873289892576015,0.4160112073290146,0.1925123658960825,0.9254116004550219,0.6344105266333862,-0.8341683654767517,1.0243600640993318,0.9427468633951194,0.958638131096994,-0.6597505251249842,0.1945862844348954,0.2408092969383323,0.045899192504262845,-0.26057277973101506,-0.16737109369372707,0.0
0.3605271232819461,0.42832756511724546,0.31706762970021934,0.8349435482864032,0.6842744402972691,-0.9978295126932093,1.0545163187550215,0.84116690655219,0.980755406774854,-0.6581925055509165,0.4127319057007808,0.040450640882850886,0.04810443798894948,-0.2979758665293978,-0.1691466328341506,0.0
0.42139797964825026,0.43573171773994734,0.2556370434406937,0.9618883649292056,0.6311812265008874,-0.9605158562447929,0.9298927916968158,0.7382095646141182,1.0580419242139285,-0.6742855533947373,0.25932720987348823,0.06141567188643751,0.1246991673521208,-0.18485991967040388,-0.07313083760166056,0.0
0.5006168142123364,0.44661242058322786,0.2565291331621097,0.9177425897848882,0.7143225173826815,-0.9786926452667074,0.9430261707069593,0.9337252033582453,1.006318701380141,-0.7207113036098929,0.39957776941188505,0.041867184408982544,-0.0038571974338784537,-0.16178837004784605,-0.17628479697231847,0.0
0.41421447319202365,0.4545455555865592,0.2788453328099505,0.8378660799511344,0.599694944768425,-0.8853933094266486,0.9762199635954071,0.8169637096060315,0.9565739514840383,-0.6457638917062895,0.4372429319072246,-0.07106571342960914,-0.07172100004259918,-0.05492083623870056,-0.07774060396229192,0.0
0.42135580431015784,0.40383542126119043,0.27990167379048336,0.900049931598643,0.7061160996132705,-0.9391263814555791,0.9105374972325484,0.904291261683348,1.0221857120962226,-0.6586723914834889,0.42906852855059163,-0.006738128849564526,0.0228602058870032,0.015497562502892324,-0.25761162160124507,0.0
0.3916704360428677,0.4332297464161769,0.2728034214091206,0.9203833943348769,0.6274799754306027,-0.9335281188409136,0.9522952369352309,0.9801755133206522,0.9799695684087033,-0.5377042455866923,0.24114885013102244,-0.05928563464636337,-0.09931006920986685,0.1890742029442204,-0.20996694417996017,0.0
0.40422401629526333,0.45588950083491586,0.2244272308497217,0.9648334849049357,0.5703585122015703,-0.9537619576603283,1.0120784206410127,0.9833167542391863,0.9684486894316421,-0.5849232204504993,0.18626653667518636,-0.015948766583291342,-0.0974498784366442,0.24573779725172518,-0.3021552537831611,0.0
0.35248464302122695,0.4679388353724647,0.31694120737904324,0.9491551491989648,0.6488045290832971,-0.9528538841121131,1.0010620890886828,0.8700291480168916,0.907378502584633,-0.6102826177357659,0.01647781396924855,-0.12081695662798564,0.08610418117134513,0.16721156577871168,-0.3470884041861872,0.0
0.4685995371283869,0.472217364241795,0.3491281981127787,0.9867352307213212,0.6992722442498336,-0.9303855559390196,0.998326356988239,1.076414467654535,1.0197463306266734,-0.6153645468542154,0.10002442839122229,-0.0450208342789214,-0.013721917320127543,0.202661200275496,-0.0929472855247429,0.0
0.36152815901514934,0.4631070635518621,0.29711440834077624,0.8885523622364001,0.7198182601330801,-0.8193304666101925,0.9845938444133238,0.90593652469975,0.9021735522336047,-0.5204532385635118,0.07771253367316718,-0.136535002159486,-0.022140851376088802,0.16589305594276316,-0.06134607103115066,0.0
0.3938105761592419,0.44074714405730064,0.19258792355253537,0.9423681935721696,0.6393237889345404,-1.0256221720621368,1.008721829370433,0.9621779123835068,0.9292663457910711,-0.5607187951277726,0.06018523820710639,-0.15142669219689026,-0.18969983354813552,0.2043410682383191,-0.03395575584672242,0.0
0.40961696129218805,0.4634523379835082,0.24779328349805066,0.900243213602825,0.6558542409599664,-0.9087322920734758,0.9463727276320318,0.9915767178447099,0.9775086905288458,-0.6004769527520382,0.12287482267259041,-0.3096068833818887,-0.04418574844485805,0.1875499692361549,-0.10980453589459487,0.0
0.33021426396715065,0.3660992279156894,0.22745560327490824,1.0023746809649914,0.7604593644451179,-0.9781136440084386,0.9126415646411786,0.9443421742645205,0.9128727070340952,-0.44901096006659946,0.12626121617068373,-0.2611214275838605,0.14856114499344295,0.29138890540558354,-0.05119851949485157,0.0
0.33919940864588694,0.5851635977670375,0.2542574417267165,0.9151519399267977,0.5928317093798844,-0.8967071017831023,0.8956926478275288,0.9822660797221016,0.94403921512415,-0.4081173419173276,0.20740938815906784,-0.15513710310683448,0.22122096136590552,0.05821511531186099,-0.017413234219566434,0.0
0.3547206960746165,0.44941871048543947,0.25038747577446635,0.9072120805162653,0.6639401381979636,-0.992522775690936,0.9004865509619545,1.0060616721124307,0.9071038452340772,-0.521872869821023,0.22661211653792188,-0.16005487646998628,0.07084687597897985,-0.18068079032345374,0.003769533972458723,0.0
0.432649801372973,0.5436345659161379,0.2901265295261918,0.9152037379941941,0.6628250412552168,-0.9995672461288477,0.9335429429330819,0.8909072078831363,0.8293018503861839,-0.568247833524835,0.12497272153521646,-0.07354202917841467,0.09779842177393672,-0.25823145618706767,0.03096983114043714,0.0
0.461639078881795,0.39899179050304495,0.2353679885939259,1.0014436643772577,0.6269349355302609,-0.9992386853777424,0.9569559020595971,0.9301286602877092,0.9321495205765628,-0.4839599556843756,0.446262615951334,-0.08812503214579756,-0.009737137775845638,-0.3991234043526403,0.07325795418984238,0.0
0.45788378999939416,0.43077884596281646,0.2901018206660461,0.945455183612896,0.6940384665071905,-1.0000891312832663,0.8416023005905864,0.9266943163692481,0.946410171808749,-0.4073940166541682,0.2741928547290008,-0.12625628651515913,-0.01901485987547853,-0.5237120554493833,0.08654613894591934,0.0
0.46089238901301305,0.4164266167233497,0.3092569323303187,0.9268518194284874,0.7583391777243245,-1.0649103696247464,0.8809386512920864,0.9177604581044748,0.9667137439064984,-0.4473703849325922,0.2787463807583369,-0.10991270716476437,-0.014799752986395357,-0.46709184751116917,0.062464431131896855,0.0
0.4225508246409633,0.4394081578294456,0.2834437842003126,1.0740945126143546,0.6521568338035412,-0.9942707768887565,0.8792403569628597,0.9230835983136954,0.9076951220218594,-0.5250440914621934,0.18062709657956788,-0.21430663522377397,-0.1747157249757005,-0.3934517742291234,0.03231656325692986,0.0
0.4779093319125158,0.4560431756441733,0.26185626353157276,1.0253207997234948,0.6743899365736296,-0.8216943185066075,0.9402451927904015,0.9707191632387695,0.7626661773866211,-0.3259271480371069,0.44588385570907585,-0.15085918667508802,-0.20078636862024266,-0.37147295102048017,-0.05337926704605009,0.0
0.5128465025620772,0.4228203165388926,0.3138637538840306,0.9590108642731622,0.641433675164857,-1.0386233677030878,0.8822551223549213,0.9970113666197087,0.9474423837374957,-0.3899724148896234,0.38496127569355626,-0.25633223098729097,-0.13480160859430018,-0.10955794591479709,-0.12768700959550816,0.0
0.3726872047694467,0.4918574209012747,0.28451224033461076,0.8839204929914009,0.7455228825306138,-1.0198071916817768,0.8012494886675109,1.0946830713744051,0.9038979243300033,-0.3098151016550717,0.3086181600745385,0.04507510093680553,-0.0892332412143041,-0.14358890518453904,-0.07048478151504008,0.0
0.4856564366643859,0.5002902658807779,0.4441735769246644,0.9726986860150973,0.7021918211259228,-1.0073585075277183,0.819011794328383,0.9798040953971034,0.8346638638860449,-0.24701084570215276,0.3686277677517349,0.15212914011924084,0.10671231033955544,-0.19891378336863147,0.060223372877463925,0.0
0.44628161226622,0.38421802192881704,0.34125793558376594,0.91303000923367,0.6249782067355493,-1.017812321649251,0.8558896313809509,1.018067324492921,0.9091437832801076,-0.3302326226686024,0.1643483779215104,-0.04686767453206013,0.20201326008471232,-0.1520234610696854,0.11525398038278875,0.0
0.4028769585997593,0.3893360536181529,0.2933685076687167,0.9410049008009236,0.6157492436438109,-0.9291349343119208,1.0132986725720108,0.9468177394830298,0.8924659388734754,-0.2579302979163762,0.09335838371110139,0.14511368375976147,0.054176862764545905,-0.29319525368813154,0.08304443203436165,0.0
0.33614207438058724,0.4754251911973067,0.23872717196996707,0.9571001374816983,0.6869333512064747,-1.0581515583764898,0.7527695735750022,0.9236510228718371,1.008155284217133,-0.19516908608980055,0.04805296319715487,0.31445140237716507,0.21506230353496142,-0.45175085433241635,0.20400961783260543,0.0
0.4295224772194301,0.5031944820905775,0.2803241535082636,0.8997583887128515,0.657447558407516,-0.9284508356093626,0.6778170209522842,0.9914872123325424,0.8291935724941146,-0.24634590022752695,-0.11175894635069039,0.31147877741638375,0.1702045295417529,-0.44985511062359457,0.05364065503225207,0.0
0.3185551888294045,0.4900638044881995,0.2242128125553548,1.0105637130119172,0.6661284514835416,-1.0258946508479334,0.8305303379700156,1.0113916559947704,0.7869472412592629,-0.21778406907501022,-0.0198608388973264,0.2138348929416206,0.0838836233481027,-0.30150453679216477,0.0947522684381075,0.0
0.46255355382401625,0.41506340385862067,0.4191475028202225,0.9497576880773062,0.7267940952659818,-0.9705951270985489,0.7927730862162665,1.00444072824743,0.859895324524123,-0.2624169783680375,0.07934110324712601,0.07482661901899997,-0.05350661736023602,-0.21587585736708162,0.01192177548946538,0.0
0.40473492245167675,0.5531349666922498,0.3864994900462217,0.9567835044884367,0.7863429679645164,-1.0253825423776959,0.7648055965633941,0.891198075127313,0.8525342144005796,-0.21846680374214864,0.04999241300453671,0.08777871531086762,-0.06419956836520838,-0.20033057122364953,-0.1466857512006118,0.0
0.4525104042171883,0.5147038232871994,0.3429385457535875,0.9334792616054581,0.6258164115546565,-1.110074856859294,0.8181029939252141,0.9610083636090868,0.7394330375486872,-0.170010460404827,0.0024118346762826634,0.2172606485781214,-0.10711994159853988,-0.15600748865898217,-0.08287457537645651,0.0
0.4336250073977716,0.5524629058455864,0.24678786055111976,0.8963886666340695,0.6646405025288915,-0.9961641118511138,0.7285866758607826,0.9880258938688034,0.8544229524613786,-0.20827162822194573,0.09325625825069776,0.11652641182960996,-0.08238711509966437,-0.14356060835540446,-0.014054771613821876,0.0
0.3444449701868995,0.48275772298996456,0.26125049653991644,0.9237948377462468,0.66080077444573,-1.0456983531101962,0.8097805693620513,0.905505835469431,0.8451529006267915,-0.22825179677555807,0.24780272065070602,0.09192233576006564,-0.052865959920364115,-0.016667251798897095,-0.03459113419773455,0.0
0.452266348449888,0.5062966285853524,0.3040031511465622,1.057119118798272,0.7432209761864317,-1.136298740594753,0.7520029115522869,0.8977667817221859,0.8518864070923596,-0.19862345429683836,0.21417983964004267,0.09832721940840064,0.00011397729413192836,0.0877081020690983,0.045581091912209576,0.0
0.38346146615456755,0.5540659055911896,0.37736553679501844,0.945671134760377,0.6671758402173603,-1.0118719326824444,0.7887363003319159,0.9541687106720292,0.8446254014693106,-0.16430800255955733,0.22241759185363172,0.04588579611859703,-0.014320794611085135,-0.13450843708787497,-0.10421791007263653,0.0
0.423549308437509,0.5645582071497145,0.3823209715803225,0.9993487186172605,0.7429217872540221,-0.954197292981857,0.695026253627041,1.140179910649378,0.8669970090822786,-0.28343796144931543,0.13419221519413738,0.01156364770146668,-0.032214194140369926,-0.1774701833887403,-0.014325074430012255,0.0
0.49660826161889676,0.49004209285514694,0.31091790123627927,0.9984814877877206,0.6335294009464411,-0.9125474819425086,0.7185560466808176,1.0541233131702485,0.8560752252645438,-0.06904780414422461,0.1483149994729877,0.011824892585639613,0.0009784858153215024,-0.13269787854829745,-0.052985439655326386,0.0
0.3548093960150955,0.4307717865519955,0.3215835299198985,0.9653600227083221,0.7823253151199638,-1.0027895645114777,0.7407910681603764,1.049311651653051,0.8595394762332574,-0.1838048873789817,0.16163889028189324,-0.038121777448053944,-0.09063270009562052,-0.03791908266413943,-0.17472649582209732,0.0
0.4461353142127761,0.42721501002518225,0.3260514973371389,0.950013963971545,0.6300136955235602,-1.015391870309128,0.7024359524160017,1.0270888854312539,0.8465783710415276,-0.09516495701377985,0.18220269282883472,-0.03423508851989188,0.06565561231720268,0.1199160402387417,-0.2395745545737605,0.0
0.4904357575445118,0.5781727175931033,0.274128975163718,1.0555303203196427,0.7741198546045579,-0.9799100123835285,0.6191104259429423,1.0093570200587234,0.8744840042801122,-0.09623963241863448,0.12532939274136257,-0.12127728607903153,-0.009507691560000975,0.05169260361073817,-0.22055973088489567,0.0
0.4658003272495947,0.43285722357476336,0.35298271026396866,0.9480347342932518,0.8215794080049486,-0.9695485149374777,0.6776969580297745,1.0159350444156838,0.7391527706767135,-0.11193743585697082,-0.09675796430161683,-0.022276627394404253,-0.1210617643880023,0.09560200826370778,-0.20552205331583853,0.0
0.3840216277760671,0.5319614342926516,0.2863579747576262,1.0548883697828269,0.641132213245652,-0.9843670231544681,0.5845135872241095,1.0150395505760967,0.7539639820639954,-0.07926068271058775,-0.11084896511235112,-0.041949368507702145,-0.0177877196643716,0.04240809093026367,-0.1017867352040767,0.0
0.4222123290746725,0.4615100624859799,0.3324339251313928,0.9834769320943556,0.7124622276942797,-1.023111376781098,0.6091649368996989,0.9898607308269936,0.7972857895191677,-0.035904772004600224,0.06842761627348107,-0.0747061058178041,0.045215108504286214,0.07907026743042662,-0.05625850924421267,0.0
0.43176222326282804,0.5682586832139598,0.262155331784543,1.0145137084306892,0.7707014941859796,-1.0343163317067172,0.6968130392000698,0.997698738532391,0.7320854512670673,0.029691234041080376,0.02266545225470218,-0.043365870804711604,0.019383898582615987,0.15907924432493542,-0.009540593256687456,0.0
0.4572018982940387,0.44641850923777204,0.43014247925097127,1.0218043109495418,0.7489678621289004,-1.0333338874818865,0.6333893224841449,0.9327595512409541,0.7896324235458442,0.003628762259622367,0.00952634210924884,0.11499256708714173,0.14146440654759065,0.10250997474973601,0.023607742895702645,0.0
0.49483764482347586,0.5082529107262287,0.29608951444285053,1.0526409744708474,0.7120161017025488,-0.9354773138824378,0.5460279172725783,0.9741079696952477,0.7603840388160209,0.014432769888676304,-0.09654735373696055,0.07524173236625976,0.015368167693054324,3.39555806729841e-05,-0.06338530130247369,0.0
0.47001417064379125,0.5781419761946801,0.29408705401260843,1.0214456514217995,0.6373310055382048,-1.031705183612645,0.4917214401390492,1.0440931319603308,0.7755552855898104,0.0631567307444714,-0.3021110962242772,0.17269793303990044,0.015728740824193378,0.03504914337482112,-0.03406941457551098,0.0
0.49637076384078904,0.5509709298704086,0.38193327588957005,1.0532029110313095,0.7318497740503731,-0.9731837286705967,0.5395061737522564,0.9687035605190566,0.7686383793555662,0.055436561396487595,-0.3300208315011147,0.27346638908548804,-0.1176411413735532,-0.1156478702097168,0.11498238024942169,0.0
0.5612208697368752,0.47052380651632686,0.328124499821471,0.9653276463765216,0.7144207467105719,-0.9716574802501794,0.5485736700640987,0.9810165509860984,0.7829981954459342,0.07541237451839419,-0.21605660303740598,0.26751436304989773,-0.218876935292771,-0.21729058795029926,0.02871328146955804,0.0
0.49827486624517614,0.49204499612855923,0.28986748269190205,1.0590038505512513,0.7317369176802759,-1.0643138014958913,0.5302582437282953,1.020143627401088,0.7436849900894729,0.019329113863248232,-0.19322578937773477,0.3362016462851764,-0.16868864279442525,-0.29303863457567203,-0.1002808280135637,0.0
0.3465340483918221,0.4687006498773973,0.46164531917019647,1.0441432836175244,0.7800782771712169,-0.9162404687049188,0.5266631618750302,0.9454988842137253,0.7499159219941515,0.17510935691328283,-0.17935519735420072,0.30576735906664615,-0.08923716145704522,-0.3266499034686917,-0.2696848966754726,0.0
0.4028284338192611,0.5590498491139246,0.32394245331115046,1.0158147951240148,0.6655846048127894,-0.9333203911880067,0.5285684103656693,0.9954860202526361,0.7069721196266111,0.24681913298379304,-0.11698418336451631,0.31305544211548164,-0.16955610967984502,-0.24367151795239506,-0.16291673773002407,0.0
0.3620875945195253,0.4295244012300541,0.3295879365588827,0.9896730797608612,0.6332868984193983,-0.9495316900454008,0.46933849501439645,1.027369701208521,0.7313737533688053,0.16469251946043192,-0.2917197981848366,0.21181195879901757,-0.15050912065153577,-0.09124831423111815,-0.15726021816352062,0.0
0.4833185680868137,0.44555502898655397,0.32920223676140187,1.0243075567539084,0.6795646320707673,-0.9772849416857985,0.40806022856287233,0.9014246235527988,0.7851849116810203,0.16286188674652305,-0.30129488564953727,0.23700717100179963,-0.18475356264170864,-0.3285877941165441,-0.16663001587966797,0.0
0.4001017140439672,0.5014502868953259,0.31018302522523933,1.006312008316102,0.6040008535630704,-0.974260631883288,0.5096601458458311,1.062602065803436,0.5807669340690341,0.2190024705112827,-0.27923220450877606,0.030329851842499173,-0.33150864821901727,-0.2380657863686562,-0.17617055984991126,0.0
0.4338026481314513,0.508552237580926,0.3520794933305517,0.960807426782542,0.6366755423950291,-1.026372416718115,0.5262215518076384,0.8664165569585089,0.6741747867914468,0.28594807222336055,-0.2951654553293584,0.0730643795013509,-0.20036676527990174,-0.08920276598698362,-0.009704765233281482,0.0
0.4227580830200699,0.5273719050275166,0.3469104588317168,1.0580682473198753,0.6814745703270806,-1.0160430662312567,0.4865193794508286,0.966388358277798,0.7070937570121865,0.22734903092740072,-0.45911096180521044,0.0719352342500746,-0.1491740124681681,0.0888301953393247,-0.027800432177321616,0.0
0.49090148317766763,0.4980005956823591,0.4113192590523548,1.04131247717461,0.733143833020014,-0.9484969780151994,0.3724646062956513,0.9086285804947755,0.7238205499739147,0.24955250311521393,-0.3641359153944371,-0.008503048551886015,0.03585656454930507,0.26830368799976745,-0.2776064861800503,0.0
0.46907952009221454,0.5605282957875011,0.35391344485957055,1.0027437439849314,0.7798109853053764,-0.9436393623220382,0.5153042101037811,0.9627614859962221,0.6534377712053504,0.2793025090675561,-0.4280011254075369,-0.14951739936771527,-0.03283056664198352,0.024833937028314518,-0.2144716970987076,0.0
0.48593962086120934,0.5319115735103292,0.4180598781839988,1.0812977128676888,0.7288082394875569,-0.9803702990945717,0.5371648893592078,1.0117382796076662,0.6172486662777786,0.27306283860871783,-0.5139536633572286,-0.14318530364993654,0.04913283676107893,0.07020814028210272,-0.21315073081128458,0.0
0.6151221571733674,0.5573131028281418,0.3067063419991939,1.0798428436271057,0.734912297212881,-0.8962012248398549,0.3681720931670514,0.8746048119707025,0.649986176305475,0.2555129881356867,-0.27589254535994717,-0.1856904411896719,0.09746716923140157,0.12468290341062764,-0.08187257712291557,0.0
0.512669672425867,0.48107395057634567,0.3142892980455089,1.0750812973892239,0.7157086564293486,-0.9738052872630822,0.4235319736203651,0.9470061613807842,0.6235500616780304,0.32019221650564,-0.17141550831064795,0.02494675895394155,-0.05998289424021245,0.24081399225903694,-0.0038718603975797655,0.0
0.48795234862758247,0.5089432096672238,0.35270367256271595,0.967175211767901,0.7424857527379823,-0.8754459996750841,0.3393581305477267,0.933828040482118,0.6511635912393485,0.3421319191955037,-0.2095214311788166,0.2564231381804395,0.06068714098779482,0.29439951974386797,0.021752290134833797,0.0
0.48376972336890917,0.5204289229272917,0.39900593778462545,1.1249352960781798,0.7398390299785415,-0.929875549742155,0.4325575827319621,0.9053371622326105,0.6286808094931527,0.3978614259481009,-0.3034047933381847,0.26661013799763966,0.04160263483133123,0.196092163051313,0.10595665536644575,0.0
0.4320687943590435,0.6194654310596002,0.33503980446759646,1.050133261522459,0.8217233236336712,-0.933878704964323,0.3308538403105864,0.8873298958887205,0.6006469904720801,0.18939109428554388,-0.2492648076265001,0.13069690944915868,0.05106490669227459,0.306773274959702,0.26691409245686326,0.0
0.4965510236542418,0.5270680234371454,0.27910786927921516,1.0337115711113456,0.6561151748357823,-0.9169396395400689,0.32269783664545076,0.9359656019307173,0.7299281312444983,0.2366250450133743,-0.2747145544045553,-0.001524233130824837,0.19700644873912637,0.3089130576490947,0.2390017532033411,0.0
0.49578164206434294,0.47025021002778344,0.37994212180111875,1.1207965234102644,0.6989931412544838,-0.9868391997190408,0.35886114091382776,0.8643803710208133,0.6467601975549703,0.4147818383988516,-0.3759407552491486,-0.024845673651552967,-0.04601846829611336,0.30677857985389706,0.3252073541979542,0.0
0.3852070111399581,0.5111445629277654,0.3492363274170696,1.077528007440058,0.6250691690634923,-0.919273146725232,0.24881151909392452,0.8503388020710253,0.5366284041384511,0.4545341407421745,-0.2647561967698286,-0.08184697862321832,-0.19179205558598186,0.1850850533207039,0.3010373037103546,0.0
0.3735122819761093,0.5138727067019953,0.34025087089233713,1.0683912719275905,0.7338899201825407,-0.9323957840399585,0.3174421664979483,0.8165213458980054,0.5384959109790586,0.29616827933311896,-0.19138647669905212,-0.0760451027143021,-0.11194023443731038,0.08909717791991587,0.23468828404065945,0.0
0.4804180822238362,0.3801822649725146,0.39121516427466285,1.0385485964078778,0.7893836492503603,-0.8855636068257622,0.26347373317631806,0.9036104225957908,0.49520466838917276,0.34583909961016973,-0.19384392395334943,-0.05032244624176339,-0.07297005200924993,0.07634884891770798,0.26158394461293927,0.0
0.4011681093546307,0.5214929472895405,0.28869347262854733,0.9981160981615846,0.7081920749208984,-0.972935074536497,0.26475065793265384,0.8701789004465311,0.5835149110518774,0.41415667567385717,-0.13355403228425272,-0.010674768469034389,-0.18505926377508602,0.0229293363408374,0.1953727291748017,0.0
0.4075347691653346,0.4242239391689719,0.3196606678262983,1.0296770789002136,0.7365319012977455,-0.8684087161922691,0.30301020710145604,0.8850779847569442,0.6205654098654425,0.46652675336779187,-0.24578344153986104,0.0919255279532209,-0.09972213795489263,0.014143080984539431,0.2807316811302212,0.0
0.5220653475821677,0.4673243273781657,0.4775498793072092,1.066262732313023,0.8104457063728987,-0.9948867174321664,0.18159706885987656,0.9054332265985626,0.5753089164783038,0.48542592718124367,-0.18942209655938055,0.09308476896177842,-0.2923179621047485,0.046465801950838166,0.27867893089547796,0.0
0.46042297445291586,0.6057445687532206,0.39000991620221526,0.9788162068490631,0.674118668168973,-0.9391794866800828,0.2856789309442484,0.7946032654251276,0.5387193830951824,0.547603584369808,-0.1521900685417144,0.13949889383582684,-0.0922569597482949,0.10693360372053523,0.24789108842273808,0.0
0.4837525560801196,0.6402263786013244,0.3927185187250335,1.0884146847364056,0.7532677996508451,-0.8863431223878832,0.22075465718275195,0.7745132109368355,0.5826479637353023,0.5063869706214359,-0.055389892738950765,0.08383906220277154,-0.20575165231195214,0.12615081718314697,0.28495916644856256,0.0
0.4086300821815665,0.4758330824893022,0.32248804400270675,1.0531614083211913,0.7027782041168037,-0.8324098275020704,0.1641730155816368,0.7588121979303734,0.49224737722441136,0.5226108400520342,0.08920869422440439,-0.013427704603924888,-0.15700573332046927,0.2001119234307886,0.1666998783073962,0.0
0.49156600169436643,0.5825300047721272,0.3454706352234204,1.1457287563024463,0.8186978953109767,-0.9058974799762988,0.1951169495697554,0.7663606479835092,0.549186484037256,0.5073043200659841,0.07036409053864723,-0.19691828302687342,-0.04680565175420622,0.20378553954477502,0.19670494862937796,0.0
0.48070897519166084,0.5077430141947572,0.31362856680861956,1.0945220806812732,0.7208087771826281,-0.9172747312914941,0.13070066315308432,0.8402675449616189,0.4271033106815588,0.38165352933316266,0.023833056412042586,-0.23572110487733947,-0.11940128008092726,0.21103624427169448,0.20949335288517293,0.0
0.43944838046813617,0.5862886121983518,0.2921446070960692,1.041304867104679,0.7171533968702059,-0.8954475699931999,0.20234034153511438,0.7767734624599212,0.5086808015853561,0.4833512204986257,-0.1513129874764576,-0.12299063220302692,-0.09362546777952259,0.31845998730810865,0.2518708946587933,0.0
0.4906858399264206,0.5175430714053418,0.30442732543244444,1.0648050077013445,0.725531717329421,-0.8821215468982765,0.13162608561250272,0.7782959206895526,0.47963103090046866,0.5542159386683178,-0.13162235030296981,-0.12972043832089736,-0.2557803793383549,0.37874515602543524,0.12840728848513466,0.0
0.5299555399341536,0.45805460790944974,0.35065086604243495,1.0710856986002872,0.7243093023136539,-0.8405262353325432,0.08661567808850412,0.6544941176218184,0.5533437324769753,0.47564715421985176,-0.05470808057025399,0.09134485857583564,-0.23632899597326476,0.43548318899231986,0.0004684458744454445,0.0
0.4106447196249217,0.5821801569506043,0.3479018834955544,1.0814327760131215,0.7767958259371051,-0.7802137766917892,0.09045672746247929,0.8824981955212234,0.5318069171479745,0.5787029027711141,0.09154952859425544,0.08430336936743625,-0.4102828978198957,0.2641783528430539,0.017546092229190315,0.0
0.4143601227300031,0.49997267108356436,0.38905493342744585,1.105540750271436,0.7838039949905877,-0.7848829930008552,0.035829360932971704,0.7254607603910649,0.4430507797059774,0.5778217342779669,0.050094364738703705,0.04555654967798263,-0.18421493478957204,0.2579971049773809,-0.10681597877968248,0.0
0.4702737950290003,0.4639920068819855,0.3224714176875147,1.0370451848786872,0.703967235003033,-0.8272204252891562,0.13778916963892185,0.6380677615063337,0.43908525480883603,0.662230650531182,-0.04350612583183385,0.126754248769546,-0.04031215205476657,0.21896034113884538,-0.017467361811550564,0.0
0.4839291142495988,0.4719754185628371,0.367238520401234,1.0635735436453908,0.817497956430656,-0.7841080436849542,0.04169849085925793,0.7064250057120205,0.3627061940165157,0.6752520013909783,-0.09450139138762112,0.0848264689776216,-0.06729452482494655,0.22271265075767974,0.0036528268566912454,0.0
0.520405969582153,0.538674905520652,0.3243925021230412,1.1625844026229966,0.7339709676088111,-0.8518011332150428,0.14067564311092373,0.7211950006612221,0.4163409034832976,0.6323779866464361,0.02044460763019286,0.1189092518134276,0.10986646367634105,0.1970633886451535,0.05514782725048667,0.0
0.4485267323648433,0.5527432630303392,0.39473975104335024,1.09075393329211,0.6425126048994934,-0.7397886532801315,0.013441389558464197,0.6867074364297896,0.37827658780750373,0.6231647937814244,0.01870682372611356,0.1266085140758304,0.09420269550479746,0.3087703078757642,-0.14856311451226364,0.0
0.37181119975760907,0.44419814013678227,0.313485257201244,1.0888003180013281,0.7284152280170199,-0.8228835968278725,0.020672892734772682,0.6718912860831533,0.45935944573893955,0.7430949495280883,0.06944684933893312,0.06310192871619319,0.08062307370134708,0.3443092631388921,-0.05604883352710975,0.0
0.5111439206386055,0.5303096401574845,0.4496539258042337,1.0649950670001025,0.7702287860198374,-0.8015903440050463,-0.026907521693161247,0.7099656550396891,0.4072737283505128,0.6803049305436355,0.052348583773486675,-0.09647401916501333,-0.05455636253370754,0.2178479417104015,0.0717949716288328,0.0
0.5249977654998362,0.6203160334608899,0.38120473490646994,1.111272855705473,0.745022162877444,-0.8021703634339014,-0.009395521925064982,0.594393685081985,0.4099750657341678,0.6779026232010638,0.15915067555824913,-0.10844028367400428,-0.11045981001792726,0.3674715713873862,0.04335077186571701,0.0
0.47635777417319913,0.5287376822311127,0.38675658847737676,1.1341596123093842,0.6507505749541782,-0.8213826831276149,-0.03999423433404592,0.6418440385638425,0.4110827022771208,0.6772265900945462,0.19828960297226036,-0.20856655716627676,-0.07974001233995862,0.35777558809505994,-0.01398861922607035,0.0
0.6190563902143935,0.6021669339213872,0.38950617501534607,1.205534358771641,0.8317969509590574,-0.7751820721135209,-0.15465779282532696,0.5967834919337897,0.42419266420679275,0.7417963692964836,0.0500046354413394,-0.23747910538704234,-0.2023388118072617,0.4725232483325904,-0.016210359273121498,0.0
0.41207681889967923,0.5539192902828359,0.4214582439263298,1.112707399808925,0.7713813976547097,-0.7324240575989218,-0.05744712071733901,0.631259887902223,0.33801085802923947,0.7069450606861415,0.18376165883284967,-0.031024135434746053,-0.050480152266589806,0.47330182177494856,0.03798883723191226,0.0
0.5574986056578567,0.5262263048067489,0.3626733459772848,1.053225942075551,0.7455506583940358,-0.6797335383770677,-0.11469075299483089,0.6168014795746359,0.33757741114464673,0.6656266505139301,0.20746330584209602,-0.08331593975395155,-0.07591479133514067,0.5218237332491893,0.1471169274261107,0.0
0.44296117178488426,0.574043542418727,0.3678243040585576,1.1640559510329007,0.7603025082892385,-0.748803510268552,-0.07216575727233474,0.5909801146347489,0.3518531606455891,0.8462388909200055,-0.00018231777116967107,-0.14514634387423028,-0.19983039374857936,0.4188042970192817,-0.014907215951435349,0.0
0.4488418185773455,0.48382619834448515,0.3031008041613854,1.1560023785265812,0.7565664005374594,-0.8409058973371868,-0.08447018956494404,0.6959486285785134,0.32508831472627947,0.6646803323690318,0.09281517698138744,-0.15731040314590775,-0.050365286128049094,0.40493670246323515,-0.053410983145014614,0.0
0.4477407924612101,0.5985023756441733,0.41438677014850744,1.1410894446953637,0.6866448723824538,-0.7554903204476033,-0.14547733181378283,0.5552837834056503,0.4209842466230314,0.7121429339775571,0.1972750038074433,-0.02245208512230691,0.003097394341965095,0.3340590163564689,0.029709004617738552,0.0
0.5960210931324403,0.5628648699252419,0.2902099786008481,0.9983384669280571,0.777679212524231,-0.8378194598582804,-0.14817086270767915,0.5256586968030256,0.3627673130070903,0.7391309587690533,0.01888694841563973,-0.052687078459094025,0.002525296648249197,0.4216994634860343,0.026786772616603918,0.0
0.5113557504215763,0.4921206735809963,0.42774424723353077,1.1888043250140161,0.7644203291443709,-0.7584637840201285,-0.12500419892646167,0.6227695925506915,0.31301279128817905,0.7530293884965826,0.0748411048483349,-0.04055310475972544,-0.03308415630214343,0.37529964467065907,-0.10926790186088871,0.0
0.44912786453975595,0.6346939816707906,0.4240933783444253,1.0897442578575534,0.8175534221476175,-0.7606192264966908,-0.197117619665932,0.59358316199997,0.33336370071903276,0.8034466566289482,-0.08293561587270461,-0.012203098931400355,-0.10188951439172592,0.3889496412534686,-0.11552218626575149,0.0
0.499628022958545,0.5128870755635935,0.34611076466023893,1.1926019435657669,0.7716873528277072,-0.7570375380967176,-0.22143511102190783,0.5771444085467713,0.39241889520325135,0.8038470116625989,-0.1584785057911644,-0.14439621406482447,0.03126239941332265,0.30246451839405214,-0.18618399014658926,0.0
0.47891259231767475,0.5398579989749328,0.33611555411946104,1.127296696582953,0.8235934062274951,-0.72114353186855,-0.15761106566938296,0.39868021341272,0.2949014618956852,0.7699356130955356,-0.2743537238480148,-0.21869676117986658,-0.03594915034505565,0.045546233592437646,-0.1714428025471982,0.0
0.4442757978991787,0.5656544581678425,0.3827075838632056,1.223074819028706,0.7160219332613219,-0.7907967502624184,-0.17806080206268454,0.48577206237272863,0.32933429244008056,0.8074988584162779,-0.30903012860227913,0.02354916738950963,0.1338174393925792,-0.07810033945128711,-0.26546130498103704,0.0
0.5056353770512899,0.4504946052902703,0.4372749535792498,1.029629324736719,0.7979126377677814,-0.7310132542554442,-0.20634469085076823,0.5514461394539952,0.22946790372689135,0.7550250584912597,-0.23791790772302587,0.08255516626050338,0.18649986062398316,-0.05761321168040431,-0.19418102959332353,0.0
0.5342274038963575,0.721251321398756,0.3808069177878448,1.2099911374245067,0.7532874465241027,-0.8223535586654074,-0.20986665216636935,0.4598922385545229,0.28229266054056823,0.79222708157826,-0.16373734425263348,-0.007930868678057292,0.20990142236863668,-0.20065459721603826,-0.19419348860338295,0.0
0.5552079194900996,0.6094901944808317,0.4199340592282913,1.0757446242973117,0.7377357034225567,-0.6986762513276848,-0.18567803084929208,0.5830197687254511,0.3668840920268467,0.7934265453578172,-0.011727434745952336,0.11459934813984547,0.12509845791755617,0.13617478588330528,-0.1594546942200189,0.0
0.5225373903948698,0.4852669269216282,0.4363154594612908,1.0839089575246574,0.8188796569290508,-0.7398309439914552,-0.34876680038686103,0.5107679277458096,0.27269647911679756,0.8999614219095227,-0.05278595711603231,0.14720172849820562,0.04812669180408222,0.17788571089423483,-0.19668615533208678,0.0
0.4907655662696329,0.6019301389753843,0.3668560227368008,1.1561014557322302,0.7791059187629015,-0.7086370657920931,-0.2820100818418612,0.48830687409654594,0.18636108852607583,0.8897467669563514,-0.07399651923878339,0.07346758609336498,0.056519350152206424,-0.04157693876831295,-0.24550739665415844,0.0
0.5259037347714897,0.5214120765042901,0.43937307487764293,1.142173055789801,0.7572237120164225,-0.6981731753700242,-0.2711549130849145,0.44017485280787116,0.2754829773139541,0.8929379621469835,0.001395817542541769,0.08043523753274455,0.10128950762085527,0.07695741120187699,-0.2816211123612913,0.0
0.5262424712676217,0.4890566049048847,0.4138638720623243,1.0710521276151863,0.7760539264138222,-0.7346780092540937,-0.27408284483587664,0.40888354141813943,0.34392915758617604,0.9537038355772706,0.025946363438241596,0.04829368903174052,-0.04478891731088491,0.039153758617902865,-0.2838193079328372,0.0
0.5365955746675044,0.5391782996043178,0.4154581705150014,1.1053490982548375,0.8154050969894916,-0.6302754462367435,-0.3139219930001339,0.30689311338154746,0.2752302942288335,0.9106312302142904,0.004206132721100271,0.11145330936795733,0.08670822185354951,0.06799095946652389,-0.15615386408174828,0.0
0.5539876424649567,0.6766023943242416,0.3388957138205299,1.1481839114385255,0.8003719536065809,-0.7190523912939348,-0.31597948301287176,0.3893574778265671,0.2549971339234657,1.0097458453928874,0.07493099219034197,0.06419915256610932,0.03932001923444543,0.03053707377435213,-0.09357399505025937,0.0
0.5145975942723117,0.5920115444590685,0.3500843480226497,1.0942336936348047,0.742630049691314,-0.7423912046588333,-0.3804136720579866,0.5086422106783043,0.1832784988179918,0.9341728394430219,-0.06125445052155212,-0.11690060371691596,0.17418792567168528,-0.09900293505109709,-0.026488899234287704,0.0
0.521150480014154,0.5827779258460564,0.36605510844016387,1.2030216593489773,0.7859465863370461,-0.6192035889975349,-0.3065623338718401,0.4330041192436723,0.19408916320356273,0.862870108859445,-0.1472066536782043,-0.06295549734924605,0.021669571022933334,-0.22698827600887622,0.019615808539294916,0.0
0.5285896902778314,0.6037873907942022,0.3952955232692259,1.0643735458629136,0.8570346309883883,-0.5815395045637809,-0.4014522874344764,0.39093227509960593,0.1414515498135181,0.924792205513095,-0.14419180089685918,-0.03634923580892742,-0.18311490775010966,-0.11873606169434509,-0.008700395438555202,0.0
0.536938964071407,0.6353637652863745,0.4635709730719255,1.124645797475865,0.7749651565816357,-0.7000292340017608,-0.387895429568298,0.35737001056238893,0.16870870734649934,0.9004580201212521,-0.10093634358331928,0.06602278203675574,-0.07110331710448667,-0.1819103539193178,-0.09347408435436307,0.0
0.5112384939778571,0.574098267080435,0.4381044769424454,1.2532071034619434,0.7629725146215767,-0.706830889923671,-0.4810360838142378,0.36979427894950545,0.23076856404163487,0.9209662888644857,-0.09197574464740432,-0.052325135305350545,-0.022133926491345334,-0.2924079858653219,-0.018223541560087812,0.0
0.5246534033126763,0.5228388524549858,0.3007779506857511,1.1355088116339527,0.8269775534164797,-0.7284843390513865,-0.44458612981337614,0.31945291967896056,0.15153811623476252,0.9109802486105479,-0.1750524374493827,0.026106023633026137,-0.08963970248563265,-0.11501506690848592,0.07823014089271522,0.0
0.5842797931798418,0.6488863811405472,0.29934619224368353,1.153283728853467,0.8018628204922522,-0.6036342722564725,-0.35928395162218735,0.276916562682549,0.07573138520589917,0.9734824008148435,-0.13885975993068103,0.07974262243258444,0.08714774518132448,-0.08022646563896063,0.21511062621221286,0.0
0.537706374520955,0.5555758281309138,0.3962192209854969,1.1850108202084007,0.8056787637217111,-0.6396036887837923,-0.4678600658903874,0.2818981578284259,0.09578513046856145,0.9273943991282833,-0.08347883789017192,0.08314673990185935,0.02393271428597273,-0.028189316600043077,0.2954392010471951,0.0
0.46495496596576313,0.5740525024993864,0.4224832736385143,1.1409233304959243,0.7663419344243839,-0.6902459515533711,-0.48050372220405885,0.44028577920455625,0.21115963088080802,0.9484171791317162,-0.0890185945230108,-0.03967564536884935,0.05464375310597519,-0.00990401195844001,0.30362390306867093,0.0
0.45875013258515074,0.5842635859152239,0.4127858929159479,1.0935072143790292,0.7524183980901348,-0.6463542840240564,-0.5372902026083531,0.19603981469304693,0.18896772674520762,0.8844525270152169,0.08260143711194882,0.03622162183580807,0.02382387450513714,0.04340311386315749,0.20486615150837667,0.0
0.5562154921501256,0.6180375990208362,0.4102823233245487,1.0439173562928774,0.8005415819177041,-0.611802739929875,-0.49671848109886113,0.19961099743798857,0.09535689142215456,0.8989433475583004,0.07594435185670453,0.11048287430474278,0.0868510400651594,0.20066508399584232,0.11284727065139333,0.0
0.5217618870421793,0.7010770856109731,0.44467076262306976,1.1193049992462931,0.7933229539406207,-0.622288842147619,-0.48498042447974526,0.20160458573066264,0.08680640227602998,0.9513710114550978,0.20830309099533972,-0.11060635718948598,0.15171701177434943,0.29753676080205743,0.08012342011107704,0.0
0.5245229960680635,0.6203618890060917,0.47866766598194654,1.169053803067908,0.7152213460988904,-0.5531008607984936,-0.493220048333871,0.1744245094508607,0.07410653931775493,0.9165044088469492,0.26103629748443,-0.03950984529308414,0.24651405960953537,0.3639382434044424,0.027724307866299452,0.0
0.48939696654084813,0.6152647563854702,0.4423463939649862,1.0636865821963857,0.8880721914433927,-0.5701376478216856,-0.5653616378952564,0.15789330876251648,0.07264993454327338,1.0357465829565466,-0.00738003359985534,-0.06748216267411569,-0.03261307958939094,0.3056778329753286,0.07221155203019602,0.0
0.5293704766198348,0.6569004202056302,0.4152435042440959,1.181876636765506,0.7870835674991757,-0.4416527688707231,-0.6069135838712905,0.12119962997932603,0.07850569992833419,1.0050644284042736,0.06692836365024117,0.003987639100974452,-0.10022963135978144,0.2185406421209131,-0.03195175535467369,0.0
0.5390680519516352,0.6163182697134815,0.48974922830883255,1.2179303672622872,0.7637434944207758,-0.6313406413417891,-0.5374193566766485,0.2159141449064929,0.13303305936156473,0.9076058250298692,0.12643428184228084,0.19467640611104894,-0.09462441405846883,0.213990213190177,-0.071175954520268,0.0
0.3879589736630659,0.59875176015702,0.3888146047914963,1.1238757664467203,0.7519718487178938,-0.6042532743009409,-0.5050684471165593,0.107796605352956,0.11905646917528775,1.0100838172192177,0.12685857184058913,0.20167887938849227,0.037925701440429185,0.27097385299284066,-0.11614533418671061,0.0
0.4270513282760144,0.6336223627084188,0.3370269180952432,1.1153857220805026,0.709292596278807,-0.4577141786790346,-0.5207107102690167,0.10127288968530529,0.05485167948519669,1.0424073374537848,0.12865119866919628,0.0902322778002008,-0.03179432741971512,0.27808193920338786,-0.1561712539173408,0.0
0.5749728426949534,0.636840308623122,0.4016576777255237,1.2602228334172594,0.7657095783791471,-0.4883815607293738,-0.6053651799446318,0.06310245842070925,0.1292682968875016,1.0096332918538535,0.23504014147943253,-0.01868371880768506,0.08544823127265713,0.3300255649236937,-0.17010437151486743,0.0
0.4742594727964291,0.562897696474719,0.4466538025325832,1.1446449376170444,0.8417911338554873,-0.5436084838102355,-0.5843798415247512,0.10541745277860107,0.13904279699539832,1.0035828424548163,0.16777123328143986,0.11378804325907353,0.027663343665181934,0.22659906782396683,-0.3721018103185793,0.0
0.4536059333274414,0.5959004565073025,0.4146221866047519,1.1907859402135217,0.7735045418961376,-0.47126946634888195,-0.7034308934197702,0.0840434828958865,-0.026115525445247412,1.0464325311778102,0.1054520637915657,0.09311728519419128,0.11574880314861319,0.32447318767382405,-0.2836558738022454,0.0
0.4805985613277217,0.604227027005626,0.4486749222812564,1.172690502768943,0.8442503180442653,-0.4844576184269873,-0.6039177727088617,0.051104555903691284,0.069553939893448,1.0771850529189293,0.022015691772482478,0.14723501086040403,0.037871862162267976,0.2588064395706989,-0.3717258193373797,0.0
0.5515432412500004,0.6740092630542123,0.48528184269232155,1.2361598057514385,0.861993525013419,-0.47839805744221975,-0.6411067657515016,0.02016117074292368,-0.027615283397459597,0.953613279974292,-0.2081608756220584,0.012345247426262251,-0.07470054810622367,0.353167939404307,-0.2933195428343123,0.0
0.6067219604158307,0.577595565727499,0.41029702156292414,1.15569504666878,0.8155760920053016,-0.5502716495649591,-0.4103595434213605,0.12914835485472176,-0.032773106679558295,0.9580552274707537,-0.18015658511181348,-0.05944435709757536,-0.00965680193051778,0.4119608764668952,-0.22304513970635267,0.0
0.5580073421520014,0.6056630168326753,0.3623309874053837,1.238368834104595,0.8614578218950596,-0.5016476125312469,-0.6872493632403057,0.09303227899704156,-0.032181264274431916,1.0311533083569555,-0.16968849029420138,0.09010304650604573,-0.06052794296755528,0.3304675628767599,-0.28278745164496033,0.0
0.4649275965414638,0.612076437575785,0.41278301121348676,1.2061084229769616,0.925428333625461,-0.5228518619472451,-0.6440949766505192,0.04358594428373355,-0.017943584691202615,0.9931217799089685,-0.13897321111094363,-0.041243048525801115,-0.10377140615415004,0.38250645938677585,-0.36667679979477286,0.0
0.5314462263596568,0.6122364178440252,0.5397072504653985,1.1945988120488724,0.8408257763157567,-0.5126753409143259,-0.7294379830877429,0.01804824474924792,-0.07753586861184779,1.073289669142977,-0.27611384485585627,0.03126744533613912,-0.08369070989614259,0.3659397429238345,-0.3474173575476923,0.0
0.5601299541596029,0.6329997066282556,0.3540465693092912,1.1944224024879717,0.8317843879326852,-0.4585095196724314,-0.6870381102928648,-0.0027309828987896554,-0.08677167397605896,1.023929207652845,-0.19951051844457288,-0.04621449315240725,-0.007583683401320318,0.3110205083921873,-0.11833291410809613,0.0
0.532556752504287,0.6506818420380418,0.42409299879798845,1.1935920292756992,0.828058037908725,-0.45410430871975765,-0.7326716481165424,-0.009833644947922764,-0.11691552328499269,1.0114928736520816,-0.3244537888183795,-0.13207631534761638,0.022974017267693513,0.3960973441711456,0.09599095175656397,0.0
0.5688319658602615,0.6527534187794468,0.44737304765305325,1.1300998642430848,0.7835434842567582,-0.44620803950757887,-0.7066902841046329,-0.053483631938817014,-0.08307364077373292,0.9789002124347209,-0.14154975874309553,-0.1287757162728418,-0.006256870915170888,0.3183509313531783,0.14742527266954625,0.0
0.5716919245705436,0.5988602013117812,0.42380275183996946,1.1749390957102335,0.8492418699684672,-0.4034469547314468,-0.8102368708588213,0.019532924636708818,-0.01770684549296518,0.9495298105103285,-0.1099465673472023,-0.2527911845685577,0.07500470020015969,0.30557906371286825,0.016916244203774924,0.0
0.5353805724884564,0.5907938572875134,0.46555242839509936,1.1479100066553525,0.8628946779327715,-0.43578176799711804,-0.7211567569634298,-0.005003795063221357,-0.07145196403803386,1.0086447538446326,-0.2592848947811232,-0.1838757253982075,0.14093341512534718,0.2771055413143449,0.13208671668412622,0.0
0.5352371903595268,0.5510248186082152,0.43072424391897524,1.244527883849599,0.8324949113080701,-0.38123150315384735,-0.7384792105591829,-0.06341185184929113,-0.1410646308094332,0.9544011869467959,0.09490158434133564,-0.11557227308428611,0.1749014482288168,0.2261698956801361,0.1483436934197963,0.0
0.5831022301018273,0.684858202420489,0.39764843342245415,1.19380030639371,0.7569888754453628,-0.3819805093768012,-0.7673120427444607,-0.10933992546892042,-0.06770184416661806,1.0163334379543427,0.1809645880637948,-0.08011209360896682,0.053568955787019645,0.143810668648425,-0.023112924101961724,0.0
0.5247833570309748,0.700330543096275,0.47488995147518276,1.1802438028199627,0.7502691725059785,-0.44464163251655003,-0.7036787062111314,-0.10753162706897224,-0.16101141289846727,0.9743893281699966,-0.0005223213010947247,0.07548928799233057,0.07584156053868424,0.18728291765761013,0.038614779278856586,0.0
0.5179815177185367,0.6729205865938921,0.37801507370582316,1.2503268250510733,0.8302281502211262,-0.41616174080845403,-0.8101494387976511,-0.11284518233285491,-0.14451562924764735,0.9751006297764238,-0.042944982253626925,0.14438935146723902,0.22311388647661481,0.11825545333257631,0.10806360679238725,0.0
0.4891016419301887,0.5745817194424256,0.5064896980044321,1.1917896535956178,0.8206736993238996,-0.4034329545487345,-0.8539468383511262,-0.024421133675429252,-0.16450785396448073,0.9784816621712626,-0.14316207797579106,-0.012246591244773272,0.1214202081428901,0.13619609703248284,0.01849964871585627,0.0
0.49161999287587693,0.645586826940576,0.4118630120977727,1.2414824107534528,0.8135625236733958,-0.34921571923413436,-0.7203398040691733,-0.20245403379699756,-0.1342827780278076,1.0666263190522924,-0.010160316971247849,-0.1872575940538109,0.0848296959130106,0.03094889000844414,0.0942639881339851,0.0
0.5277362427102585,0.6050075517626063,0.3950596832993882,1.2498481844892997,0.8222418728774855,-0.33391793809834674,-0.7984310492013375,-0.16967565125466993,-0.0706338556088572,1.0374633716445367,-0.04939582335831466,-0.2590877414354531,0.07896058233393394,0.190780431266368,0.06465986257077543,0.0
0.5441624005750596,0.6446758776989456,0.5080605164729006,1.237725712595349,0.8141504628861027,-0.3280263847757665,-0.8891888952687534,-0.17022096747252266,-0.1727809224854722,1.0490858544082584,-0.1298501066523744,-0.35337584553916856,0.0015227332279684203,0.1389290602550594,0.09445884274588534,0.0
0.5834800762724444,0.5884082685289211,0.4568056024747144,1.1728403846230748,0.9795552006732121,-0.2870314306498297,-0.8848824355376145,-0.11667541714865486,-0.1601998044699041,1.027100599334531,-0.08555082534860177,-0.23831921474713785,0.08222554920842676,0.16787335770257603,-0.013497918215424093,0.0
0.5885956622421734,0.6633748123209335,0.41396346186267113,1.2820163693553417,0.817251943705429,-0.3778840011169196,-0.8635742070275558,-0.2440549978192761,-0.1400549526377321,0.914973719634178,-0.0884494347717694,-0.07869890953972314,0.13468205227085933,0.29609940509721744,-0.13106821220790468,0.0
0.4991772322275707,0.6048710227289339,0.5288548067421344,1.3384492243074293,0.8042742825963625,-0.3445915297340242,-0.8371838545049919,-0.1762639909858904,-0.19735649098713015,0.9039710934838471,-0.023864240274554277,-0.18946880187664483,0.10713168950415183,0.3090251444207722,0.09074157385961937,0.0
0.6453056911977657,0.6291246021165362,0.43033513084663444,1.3174091719659813,0.9223956419308736,-0.22497061647711164,-0.8788771175253953,-0.1785930156910907,-0.20921418914502055,0.9965138311923896,0.10863834433917169,-0.03376664092104609,-0.019834487869647893,0.11603531656947172,0.17413487605581518,0.0
0.571884718890406,0.6505964833663593,0.3561948295987373,1.260556429996561,0.8209919410702254,-0.2831183654800053,-0.8869480982850005,-0.31626629255078487,-0.25566253333009314,1.049322904743306,0.10452456005537951,0.005542412410175397,0.12415185245763836,0.15370003063721965,0.16884713777742125,0.0
0.5767221234848192,0.7215825021800248,0.3973306182279846,1.2725949017614588,0.8710899168155116,-0.3001613569827416,-0.8496205314905942,-0.28584395012535424,-0.22131133687568036,0.9557667042667699,0.17754929890870086,0.16062911501309898,0.0800067940644463,0.1219885118447104,0.36228528647791886,0.0
0.6422271505673188,0.7254626953691737,0.37958926610467597,1.2626551058892845,0.8146533537992486,-0.260643169684174,-0.8516159277049462,-0.34867067675788393,-0.3201654841198441,0.9633339096864112,0.27296923448074795,0.142483217621448,0.061737318887656205,0.05204416026824044,0.39618003578491207,0.0
0.5550048044028205,0.7096610662913779,0.43316946596514244,1.2629257607889623,0.9175365042884871,-0.2638323710614611,-0.8640831195865383,-0.19059031899009243,-0.3400862478085298,1.011318097948119,0.09196735547512508,0.12674868071369383,-0.0580356832510989,0.07609119838224489,0.35260735581057795,0.0
0.5532857718907908,0.698448946708893,0.3317634871943116,1.2007355593475766,0.8904503788684114,-0.3362632518055519,-0.8821504321436922,-0.27861214467794787,-0.26605775090912087,0.913744180544415,-0.0011831725301090085,0.03751338396835251,0.03267999346396964,0.11576950697489576,0.13958236446118,0.0
0.5507089877350935,0.6160965692137189,0.43441250345281784,1.294905148115727,0.8369568988141328,-0.21296509493337948,-0.950935826925857,-0.3072177358038429,-0.4023509341606537,0.96290296733051,-0.06656649061427185,-0.028248311060690583,-0.025328615266776346,0.16049914782682967,0.1046744618318591,0.0
0.5434498369631701,0.5949723844486855,0.39155362539858274,1.2704624825202844,0.8501323793679283,-0.2378361401097631,-0.8532889761650531,-0.33209811639107817,-0.3171118770476536,0.8927196743731705,-0.17556132167908625,-0.026836170480443365,-0.17565515560775577,-0.007956928062663293,0.07881333857828861,0.0
0.554454610739224,0.6979050653208253,0.44480012006291625,1.3129973767350198,0.8501152449166198,-0.18825861688534168,-1.0008290403388727,-0.3502344326635407,-0.347718645947582,0.8726557937161276,-0.1075252096113423,0.09337638858644359,-0.12267010799883443,0.00683919941157674,0.13819958949686634,0.0
0.5158191235188025,0.5599575975056117,0.4833565485326623,1.2765679802195526,0.9131258697562739,-0.22509831441154934,-0.9052603546590308,-0.29874629128400076,-0.23940728390790159,0.9558720552102216,-0.4226733550738689,0.07403694956716095,-0.12494230124160552,-0.043623284156735026,0.01647851523460782,0.0
0.6212565258231184,0.6276892562847333,0.40051728806447273,1.2828730494220828,0.9666795767687477,-0.3108786564912233,-0.9837334725194116,-0.38427298494428364,-0.34247077591855357,0.9319348905413222,-0.20941036242117972,0.19421516506206796,-0.014283967854441276,-0.043578242454555154,0.008544248293123065,0.0
0.6235594332107145,0.6715094179267246,0.38699764807440296,1.2383760099373378,0.9099774776884576,-0.1896431250951125,-0.9397312297041801,-0.3468135165744629,-0.3547502468091598,0.9594930311488249,-0.25721235305734635,0.20638776856421268,0.05884561062165492,0.172672145976002,-0.06781941941359335,0.0
0.5929960005556283,0.5791521089126266,0.39432400186249394,1.267672103539572,0.8610911698579959,-0.22240076458632,-0.966470614378991,-0.4512565578149037,-0.28368472894377034,0.8989449193508886,-0.2707213624192862,0.15093607920950974,0.011342088254743948,0.0856652550918071,-0.07985487556274576,0.0
0.654375777782955,0.7000618178233992,0.4450748681819289,1.3301282217830412,0.8248692567000602,-0.15282713936319264,-0.8650951299993318,-0.3697235480058116,-0.41761940825226374,0.8985540977975441,-0.17801465995215893,-0.0717002619211875,-0.13564045635316999,0.16644684784186886,-0.09387533353718813,0.0
0.5523353325091416,0.7094396692479406,0.5118053195043414,1.286492899074327,0.9875832449907055,-0.19519373099896561,-0.9597622905926176,-0.4113342993064202,-0.4597988648042239,0.9278627631100537,-0.027889299639898973,0.030335105454420315,-0.11682966931144828,0.27019169369813845,-0.04394210312784243,0.0
0.6054833222674891,0.6749198809326502,0.4709003649351121,1.2779361445386346,0.8312810863719718,-0.22340392093600547,-0.9639782730588489,-0.5440917997401046,-0.375452728112797,0.8184658145794286,0.018314007689890135,0.0009080955837376462,0.0171164265055994,0.10979682898730644,-0.006915235832098143,0.0
0.5972011415012295,0.7171464291709186,0.4461699250067878,1.2491755081960785,0.7695307059356826,-0.10034560456263304,-0.9337857617636962,-0.47975025146347045,-0.26105509938630733,0.8420955618991461,0.009862240015481399,-0.0063699491786161945,0.04779062838491778,-0.019448518601085985,-0.058551327498481576,0.0
0.5793183582342532,0.6420812272206111,0.40598007699622135,1.2860637595106776,0.7985498044557542,-0.20225384078908726,-0.9735129022933546,-0.47973285239031405,-0.4211411320896643,0.8775061128477105,-0.0574386814135045,0.08339854623521947,-0.011047705790680002,-0.13456339645683324,0.03603362372981939,0.0
0.5405410658813646,0.6504808775119751,0.5393148608043071,1.301995221244219,0.8377887368620974,-0.09664679724274451,-0.9563037251964968,-0.4689767108669343,-0.3860991372497491,0.8960376465728138,0.0076913214355748966,0.05335514557358766,-0.02824239540934815,-0.12127166310207134,0.058567988022385845,0.0
0.536562495843119,0.6515237617692996,0.39241507469218473,1.2937055043679808,0.8878756709691278,-0.12421765822220478,-0.9525752116433753,-0.428905353014781,-0.3590281376253232,0.82470109437906,0.19851354786002065,-0.08783927698523522,0.01859355952415412,-0.08464182576652465,0.15468704164890124,0.0
0.5668290408510241,0.6747909423150301,0.41258420625408865,1.266794409297411,0.8447687636664163,-0.0285611411560482,-1.0122366621370482,-0.5586913939915399,-0.45232768485180574,0.9208984373772195,0.2706467666154805,0.01376718278504202,0.017189255759487338,-0.06438391142523686,0.22014878971993107,0.0
0.6099144108983473,0.5904964143539397,0.37155263596085153,1.3129762299767507,0.892659884292601,-0.09299738743057602,-0.8395715035764386,-0.43472488083205846,-0.4781334194597755,0.8268572590533747,0.16949953316161753,0.012766418302492108,-0.1707841275749866,-0.27857364800490836,0.26307810929651276,0.0
0.6132447580320902,0.721857402605547,0.5212195339815593,1.258784247718288,0.876562482794564,-0.038894821466786196,-0.8913647500005362,-0.5194037562675363,-0.4809312284539126,0.8548063918491661,-0.02947524631561388,-0.010073845937587228,-0.1582983835768777,-0.18656099885619615,0.3570563493852526,0.0
0.5099310864484081,0.7473194127254801,0.5456077077529592,1.2842351401179877,0.937165203921727,-0.06805961953977711,-0.9869341279667951,-0.517730139445074,-0.3878913769239766,0.8720962097673804,0.14485207709560852,-0.12643021369774754,0.039635459931165976,-0.25311594001590443,0.4423892189837149,0.0
0.4719404316151886,0.6733436952451589,0.42131645094561676,1.2712033971706895,0.948758379884599,-0.1167881123747237,-1.0311007434348407,-0.49944255544791727,-0.425902390778735,0.8129239816109259,0.22756232104167828,-0.13644057282724203,-0.014037827258055083,-0.24767563026785702,0.34361184595233385,0.0
0.5517112153432309,0.6143614075569667,0.43797319711031824,1.1909634566539773,0.8246212204898676,-0.0009258475608840203,-0.9975813878697585,-0.648732576685715,-0.41510646993747724,0.7885571205945253,0.2995899627113354,-0.1177920473281207,-0.10314613806514407,-0.12424802840148241,0.2955183679732862,0.0
0.5259322150943402,0.6322176692176115,0.49256148485459106,1.3327722044144001,0.7653371413746937,0.018700883971675887,-1.0753332239540314,-0.5513989620119196,-0.4768324566416228,0.8179953706962464,0.12994768081098163,0.017500884305037767,-0.08587299333148894,-0.14975070396037782,0.32433731561426815,0.0
0.5794029031505268,0.6773240644332904,0.5037225497100891,1.259223116057553,0.8144685101419131,-0.0882447337415608,-0.9453354595029984,-0.5952808510840505,-0.5282829787726803,0.7490029863602016,-0.0474960925310403,-0.0005995555739392432,-0.036533790185264384,0.02676620470427346,0.24172699616961624,0.0
0.5756240764243202,0.7723242224265462,0.36814230247177426,1.3447459290044652,0.8557797563018861,-0.06715040186456428,-0.944282713530251,-0.6603428973794293,-0.45154924679663916,0.7543967502126072,0.19423512981519347,0.05655495263446865,0.16065883264289083,-0.13273884264760538,0.1430072108766157,0.0
0.6713064361339225,0.6674309337226624,0.5234537665235969,1.3631976058578315,0.8258165979028967,-0.06693058944768608,-0.9606692070420683,-0.5567431455102112,-0.5482358970083645,0.7379354882251471,0.12574610319492635,0.10509067991408155,0.0943367737791817,-0.16880007407540698,0.11372866690230937,0.0
0.5719238760035071,0.6796308634156567,0.44815605140202625,1.2752237691698973,0.8516068409966109,0.04406900890379577,-0.9809424225173305,-0.6150809458055566,-0.526637877726968,0.7934764905269933,0.10710064489297849,0.18144358908943664,0.07404001832318302,-0.044615748022976034,0.028253161621056275,0.0
0.5843228170153336,0.6824868675665537,0.46069400740555877,1.3171282948308738,0.9364703379474538,-0.0015290030795998828,-1.0543690045618597,-0.6493787627596386,-0.5219409869507604,0.7498751126689904,-0.001114958928869439,0.1307592571904466,-0.08573565332476824,0.04887753768562363,0.01854882195977148,0.0
0.5879690498650009,0.6893753326531241,0.42340074204996125,1.3305213957526307,0.9752307021392027,0.029151340460515193,-1.0563124691763912,-0.6611133402243456,-0.48660764977259435,0.7123949528948965,-0.054732202661302694,0.2160971817810055,-0.16966444482206175,0.04794204448786776,0.07385525559591968,0.0
0.6325477808405029,0.7239335183253999,0.4260960794202987,1.3540386564803988,0.8747640946446327,0.01717759102037876,-1.0585770584915917,-0.6212445599333436,-0.569991854477713,0.7101630709779823,-0.08615122462896824,0.16498044416288812,-0.33538666147046237,0.034580898703540155,0.08353912679365927,0.0
0.6730184006650999,0.6566119051513002,0.45711895446400436,1.3441690527772507,0.8223333223202623,0.030368090636467764,-1.0030148632283609,-0.6198489144988081,-0.5513099425397514,0.6848069878859103,0.05311289761223448,-0.04692536183257347,-0.15815786144359517,0.24342443891582974,-0.14502195942153462,0.0
0.6491472406157017,0.6895657756910448,0.4158363202010519,1.3764042590004941,0.9223147903633369,0.06456546245286864,-0.9483103837401564,-0.6782862856840924,-0.5074310134165467,0.7007694164540093,0.2286650314241051,0.17788733218170888,-0.08422515708906422,0.30730407327130715,-0.13202551151116954,0.0
0.5629619008855435,0.6487520371612222,0.4871310961117417,1.3270843446683789,0.9235967505763613,0.08949365089587008,-1.0350979908129108,-0.6530932689822013,-0.5371504884728516,0.6596706151438239,0.24845818291629612,0.015174892986500904,-0.1201508361471225,0.19739584200059174,-0.38056100416467026,0.0
0.5380490700453345,0.6623640200375075,0.5617668633375565,1.2035767606311296,0.9296011504779316,0.10234645282066734,-1.0128433963933274,-0.7558239858678457,-0.5216330157738011,0.7737980895651254,0.27755927026357397,0.040386139524097364,-0.021723506615728173,0.1613145618138646,-0.22394764163293646,0.0
0.5708113895222716,0.6852925793388367,0.40977074539728753,1.334545138005641,0.8588464838824417,0.10256645998987232,-0.9881342576193831,-0.6573966516327692,-0.6102896101324424,0.6987488547232183,0.26674617188502237,0.062164185727306066,0.030830091530583338,0.11851347493185632,-0.21735236152117554,0.0
0.5954335968138422,0.7946730977397523,0.5430262579536321,1.2595815292124963,0.8717612059277675,0.06808197638706491,-1.0234140304687618,-0.6514297565488951,-0.5886810287492086,0.654290927721315,0.45589502160792206,0.0060744999057369825,0.1149484838045091,0.1701470182455726,-0.36637826048679417,0.0
0.5342870445191251,0.7966933127635369,0.528297236904817,1.3408433888911333,0.8875929479403494,0.055012240231460105,-0.9462589780106515,-0.6887309171360474,-0.6339421189605956,0.6957264907342636,0.4372549510967376,0.0422952913960589,0.005620077308580329,-0.06184862674392966,-0.29487693632848266,0.0
0.5085872097557053,0.6729877557721506,0.45988791604884227,1.400138846537885,0.9100796836765443,0.09990708762175399,-0.983584124385085,-0.7526278889673588,-0.6175221689608614,0.6812247861088625,0.2923290721872356,-0.13916520096210636,0.0826695212930662,-0.07114020415694643,-0.2761970082350364,0.0
0.6532579114915104,0.6965749600543166,0.48337552426717695,1.3234486278182394,0.9793250502210251,0.06258238497330523,-0.97542598160651,-0.6968624381177029,-0.6184379466797875,0.6324875824964071,0.12105817692899931,-0.18505485241527983,0.03856499432097769,0.15480631052806978,-0.23442380554487913,0.0
0.6198958497484097,0.6688426570492557,0.5562008211586954,1.339140299509681,0.958853659814965,0.06020367752130523,-1.023170030564673,-0.8091320792195998,-0.49682726334961924,0.6359754409704003,0.2225284645773459,-0.14393757907469681,-0.22119343591512414,0.07335275721186733,-0.23619979418196205,0.0
0.5743369327627097,0.6587060727011688,0.5513499233214677,1.257166081069827,0.9719875162027058,0.04084642590929925,-0.9817874156813131,-0.7031833607638543,-0.5826176194152238,0.5955873838693686,0.20641549750737626,0.04287470444647161,-0.34229911215443365,0.11634493380538966,-0.16192932190610543,0.0
0.578470312253069,0.6994284968066488,0.5090889112246978,1.372148172273652,0.924023661348855,0.11043585092918,-0.9676429288721096,-0.8076795822007968,-0.6003185850835626,0.624883677107993,0.2721990099062155,-0.0667793243555651,-0.09950413216650653,0.1748239699612697,-0.11160755156041445,0.0
0.5948494170830158,0.7258751858116943,0.6074908493132452,1.3418930809988825,0.954362076897005,0.165089776244926,-1.0174036372069404,-0.7496099230470801,-0.6561214071284202,0.4898201058668369,0.28656427001399,-0.16592062551765402,-0.03556008590762289,0.10507132258291207,-0.10478029002487016,0.0
0.5820894673902632,0.7220648035586154,0.44057295200636515,1.336399744244097,0.9734030690506092,0.2158632815443154,-0.9785623189889695,-0.7797356021399864,-0.6424712876464959,0.5155801220657348,0.19968117714923303,-0.09550261582268596,-0.0023011823659964334,0.12100046187439943,-0.1289457470916175,0.0
0.6135104000100209,0.6854922922110882,0.5259477553064307,1.3134260320713769,0.8720211310479528,0.23643320558219022,-0.9163091517864285,-0.8313328546565462,-0.6547864216885563,0.5461269074587296,0.16803428594184827,0.07333021867797306,0.08329443590288746,-0.011832679329376539,-0.17133325505190483,0.0
0.6440320525930072,0.7701231687737494,0.612384024805502,1.357117443544842,0.8657881421110429,0.1482878881627718,-0.9915973994082043,-0.8054628610996406,-0.6926910589116452,0.4582231680854398,0.3096188324659166,0.12281063626294558,0.10149074898639028,0.04883082901345732,-0.21254523036392098,0.0
0.535325654833752,0.8023860393891434,0.4535787059661798,1.3214246870130288,0.8556465734952793,0.2237962954920058,-1.0340858875872319,-0.8514367975226641,-0.6641994592634023,0.4914410845012611,0.20379886789763738,0.07012394722438975,-0.02954625612975595,-0.047895832568411914,-0.20080808260367017,0.0
0.6245265883070878,0.6580343473708636,0.4876400835110026,1.289400683229424,0.9976120169503266,0.1924787209926089,-1.046256666853811,-0.7844915233108885,-0.5995291764450685,0.4670074475876888,0.25179948980043204,0.28133954963191515,0.06790311549210977,-0.06175441654766582,-0.08956962178334518,0.0
0.6397653277583963,0.6904196049456054,0.4365835658730075,1.3308938572450093,0.9269000062675204,0.2952351295011571,-1.04167683306589,-0.8840354892971829,-0.7188983083230448,0.48284961161143714,0.14634414707463955,0.1396064786672698,0.04165280873355868,0.09044845292718601,0.06526810774513617,0.0
0.6750880214681004,0.6447660989510557,0.4354324728364105,1.32064621673582,0.9108438368182901,0.26739507897563763,-0.9962839467128124,-0.8275773946271741,-0.6504406550370682,0.5548817587856115,0.19452171574098076,0.16126633183618705,-0.13727420364689535,0.22895121555188683,0.07613047082559388,0.0
0.6051057186045519,0.6582680428730875,0.5668811213769852,1.3637964902521387,0.8607743153440895,0.2695385566852397,-0.9297870837375094,-0.7880388945322245,-0.7532281370656608,0.46680955651110767,0.22476695748578707,0.1420903942893689,-0.1731739496872917,0.159062432218297,0.1581329597018843,0.0
0.6237860243942476,0.6704697469197709,0.46171243049957633,1.4059544999259592,0.9723857451318935,0.2576043987134231,-0.94994508209066,-0.7555648531212301,-0.6934138142601021,0.47189069068749306,0.06534626067907712,0.20901212742694886,-0.26157864206814063,0.11656804504656121,0.2673076793383,0.0
0.6254752100784857,0.7860144153093432,0.5414029574368928,1.3405294108533357,0.887020613547012,0.3097705963115869,-0.9776301802857473,-0.8370279352389389,-0.7139480927267267,0.35036351570566776,0.036687555742743,0.2034043863311111,-0.18084629004935537,0.2247457290044468,0.19338219240076562,0.0
0.6822319070671394,0.7045213710452161,0.52615521482159,1.3269838095647655,0.9130931002884454,0.2963092407139928,-0.9118850786098862,-0.8570353258564416,-0.7687333242917375,0.35106834553691607,-0.1750645441268583,0.22730840536678987,-0.2909092888883096,0.263087080502421,0.27585346998336646,0.0
0.6509226006543476,0.7770244996974522,0.5254342065434511,1.3490133461453704,0.9952924620500552,0.30653751982169813,-0.96043798183082,-0.8378548821648177,-0.7282039956605507,0.45282546278916935,-0.03067498604474163,0.12148514174696487,-0.2250825241828047,0.0014089423783638089,0.10112106993493589,0.0
0.5505261903082542,0.7585561880723586,0.5738335173675339,1.3318969221073507,1.0356939662598597,0.24846130966595426,-0.9326238219837695,-0.9987848923760562,-0.769819932361344,0.45057480906833913,0.04740737558243942,0.09934353758217529,-0.14042486423842196,-0.04520560174347817,-0.0222829332112532,0.0
0.6252579706942377,0.7320632855416443,0.5262286414484042,1.4641511795171063,0.9932966658223136,0.2568187364053431,-0.8411010484123741,-0.8357403125798197,-0.8138107806474958,0.312919048884604,0.16991174916405852,0.1568539920631481,0.056214660813323936,0.14189312535388618,-0.11211729390545849,0.0
0.6668339197017431,0.7578921399599068,0.5485184224423478,1.423631445507875,0.8847141875604281,0.287765899542219,-0.8689171085286802,-0.8705926543995299,-0.8111275885774454,0.34837356577506534,0.3278609799787301,-0.03135123913429726,-0.1293640614400269,0.10564759210970244,-0.0959502158354694,0.0
0.6181460895025288,0.8363930744067645,0.5626649561769957,1.3586915578445273,0.9339946140865626,0.3278740914533796,-0.9953277060035426,-0.8471150369413964,-0.7325156962763671,0.4184697612453438,0.0921904671787186,-0.09181043130303215,-0.0350712612681168,0.03973843386477476,-0.29373229894349845,0.0
0.74385807995431,0.7286909288540568,0.5318949057629092,1.442205637941391,0.9757794705162796,0.27265137149834534,-0.8807592472170063,-0.9123394951324638,-0.7320599529887498,0.29375370668288114,0.1100558775117966,-0.0321478967752631,0.005311410847184193,0.12444150903753409,-0.13317423047792104,0.0
0.5891701667750153,0.7921500662917867,0.5791222726780982,1.3656772829432053,1.0125747421344133,0.2508479880791225,-0.8482323597960857,-0.9354435795929353,-0.7162992356489257,0.33640073792390784,0.028285868564377835,-0.03978622065479847,-0.0008085742721897875,0.12303078757570257,-0.19451315354034843,0.0
0.6033594823373777,0.6695038309508226,0.4541276837612352,1.4167269689000308,0.9956640886602082,0.219334232830604,-0.9505121720605513,-0.8827151385331249,-0.6968684668058798,0.25352467085310376,-0.09329384525666123,-0.08763174194524788,0.09506084162954836,0.01028494037660077,-0.17554396375635112,0.0
0.5972509054288013,0.7433516158379292,0.5494713210944515,1.3662366920112332,0.9426075404477697,0.28838486350514014,-0.9564563314739484,-0.9559263194736212,-0.7723123899363503,0.3247302593859437,-0.32324000803815645,-0.02377461833827319,0.2663051241852095,-0.09813402071748453,-0.13406809319349444,0.0
0.647918452366546,0.7672513164795711,0.5389870559547938,1.3786270912226324,0.9973133458126519,0.30619365996843007,-0.9224277325660605,-0.998569697710214,-0.7964319499219683,0.27928243213067283,-0.2456276263827194,-0.062908645606509,0.08730286962164566,-0.005266164808326743,-0.1663916227690577,0.0
0.6201431422167119,0.7370153156261189,0.5692151529675563,1.3208900274265623,0.9742269315650965,0.31985310922380944,-0.8570660843563455,-0.9151743968836167,-0.7577288689748298,0.3407391030608279,-0.1368630773509693,-0.1467736846042733,0.19441637265573267,-0.02825029883024765,-0.07904552171688314,0.0
0.6183052262181119,0.7489221809939015,0.4723570696727696,1.4232943274255243,0.8934306774634454,0.3739502893563967,-0.8062091734521308,-0.9665799008131306,-0.8057161934758628,0.2827515478907453,-0.11713336833612574,-0.14177560505214354,0.048832428220278015,0.11288572269926307,-0.01454508177970152,0.0
0.6363757239039306,0.8222789567607729,0.4347113331738175,1.3486540198379047,0.9096762530809447,0.41153883687633624,-0.9687728182613287,-0.8561583703728426,-0.8353891825143848,0.23213756731880722,-0.07187525008527498,-0.15787902296825224,-0.06435804647654395,0.047442287094210264,-0.105804465739175,0.0
0.6981182519652529,0.8163676034302164,0.4637419822253528,1.399271009092735,0.9000429368284074,0.3667936325675605,-0.8632542488245968,-0.9549694484623964,-0.7516260464792528,0.26166622529644223,0.0038185818733703983,-0.013649441417274935,0.011391923317928349,-0.03497968714629036,-0.04880912244920729,0.0
0.6214787161076084,0.7162191059895823,0.5598920811641642,1.3508076036784173,0.8824816354794166,0.4134932065705203,-0.8733534457446828,-0.8736152519862571,-0.8557824231184618,0.07495044291161346,-0.13323361739517448,0.036985116932196464,0.04884836718311812,-0.09347448466098161,0.09422224622297924,0.0
0.5988349372393522,0.7355260145080127,0.4721902837807223,1.409087260294842,1.0123176786736958,0.420451949146847,-0.9073130031414349,-0.9483958746913269,-0.8709050449876107,0.09702135186846257,-0.1965718052755588,-0.0340278569874365,-0.0775641701662273,-0.059726321607751154,-0.021231849446717202,0.0
0.6051490638835444,0.7352970826496839,0.5643934330680607,1.4595563351731358,0.986727612792798,0.41144729167818256,-0.7989689204386979,-1.0068759108988574,-0.8629709144483347,0.1878671756866948,-0.19470026183592423,-0.0007268147076868528,-0.11694453538049017,0.09637045476218264,0.08588963422966814,0.0
0.5862114953829151,0.8397895791743907,0.532942568052177,1.3396735649514058,1.0714475372332073,0.433469774036543,-0.7810148914104975,-1.0046653818427733,-0.8393206150359583,0.20836680912186975,-0.20750845387283023,0.10944744221181152,0.054690143539636304,-0.07667461091807411,0.15375513614544836,0.0
0.6654378595698021,0.7516833587944844,0.5584880077554063,1.5067447256196211,1.009907114121329,0.470242272611957,-0.7740370173129435,-0.9245287983262217,-0.7797892282335833,0.10487568192395881,-0.05027610673263262,0.10671985616787937,0.18036845523632444,-0.21932335023432953,-0.020780333496534964,0.0
0.6212073173411495,0.749560551590537,0.5502841210447599,1.4513372715064243,0.9585616132070046,0.4447591909801653,-0.8724576772661911,-0.9855390304180832,-0.8507041204616752,0.09069444768827825,-0.008898625928958716,0.02124524139801804,-0.0855624351565776,-0.1970378373951269,-0.13187274953175993,0.0
0.6229736790723965,0.875674450746807,0.6232377544538208,1.3577170936261256,0.9623528952055951,0.3741681778865041,-0.8670259768657466,-0.9315793661368824,-0.7810161762272086,0.07745074591375384,-0.030956619556264997,0.12295171998075771,-0.03394731646324425,-0.327760590981376,-0.15757210849302986,0.0
0.597890150899907,0.7055412808576177,0.622086847619842,1.3749168719066198,0.965555462289759,0.4450117979688299,-0.8361741794631647,-1.0300804660542728,-0.9115677944255716,0.01692853092797056,0.13522107984871387,0.06021481889986938,0.2700515655583472,-0.2791293835109626,-0.21095098757943717,0.0
0.6540732501031101,0.7674138484493761,0.4429274595707451,1.446458170453252,0.9424282640370333,0.5142821692259233,-0.8510452635589006,-0.8282199525780509,-0.9121307317558117,0.11630582692730808,0.28294508060137563,0.04410658875301315,0.21639010379533236,-0.15956945559951619,-0.1775386786117965,0.0
0.6495247720688531,0.7017199064334178,0.5422273468882453,1.4702285602941492,0.9678138554707939,0.4956350649480448,-0.6821747882658112,-0.9976554088805631,-0.9177861838696155,0.09939691413296231,0.2685092128884535,0.01468094488360825,0.15901006927246703,-0.15925932094492237,-0.31091911805673955,0.0
0.6553357863005785,0.8064293673675311,0.6836138277556139,1.3507928953167887,0.9075992352499336,0.42407221498118236,-0.7720998641589653,-0.9972152780985198,-0.9261311910048461,-0.07095213113082094,0.04676802381990372,-0.007114038939623334,-0.015841195558775417,-0.25416738542355194,-0.2753468696031375,0.0
0.4806988463652174,0.7536752463668114,0.5883607850865742,1.4386861301027505,0.9381661666958309,0.5686134985171615,-0.7815095673659573,-1.0315542426083113,-0.8912118515438775,-0.061205525454020644,0.2038264212540704,-0.05547858262399677,0.023959200295608246,-0.3661509523706186,-0.283065235725495,0.0
0.6262981300015336,0.7993422339994172,0.4916367671224158,1.400546834241198,0.9751936485900716,0.5438319290848924,-0.8252194192407872,-0.9765483747813181,-0.8380859899776913,0.0051217210729369855,0.06005495032807562,-0.024902307051634306,0.08258087433391137,-0.25316889334191695,-0.2831707210395865,0.0
0.7201564459414463,0.7260302067639215,0.4783413580006378,1.4145774323555091,0.9915818393981336,0.47985828687984333,-0.7771953693690705,-0.9543577261722234,-0.9360906281332801,0.025670769475997647,0.06039050294619151,-0.09799346377093425,0.06724172341582502,-0.1969331350727372,-0.18642402399678792,0.0
0.6589121560908915,0.770393407413681,0.5724460123017714,1.5199542303520583,1.0259758617087356,0.4795617690199444,-0.6180126676534601,-0.9099464274551194,-0.8961710284783941,-0.010336676670649629,0.08550077925463839,0.07662581259541754,0.21238312729565337,-0.3110516544362795,-0.018016527600187543,0.0
0.5805718075273255,0.8473371141620227,0.508063438459252,1.3965891526785879,1.0860887663514538,0.5056243238344781,-0.6653536710817067,-1.0023868799784383,-0.9203227447341235,-0.06337599716208103,-0.022994648271295312,0.042731821428387176,0.2083494866681306,-0.4292136882820695,-0.06024897903437963,0.0
0.617648200630399,0.8288911662498388,0.6576438518548702,1.3808282808776078,0.9370509875064039,0.5993031690074333,-0.7621125382488543,-1.0213924667552559,-0.889271804973095,-0.020231522014686296,-0.00645166257841533,-0.03419452954787251,0.15554148169158297,-0.2923691357937782,0.14934764880691018,0.0
0.6640131308710203,0.9073296399447103,0.5573429656598512,1.3544753995154983,0.9725547781298052,0.4843090026366439,-0.6893017041612604,-0.9834423532419271,-0.985638915964044,-0.11039170878017192,0.02603770776066397,-0.15944009114440105,-0.04443956289900665,-0.3411437864152113,0.31368358548296293,0.0
0.6818852789717685,0.7639469681637054,0.6095271792282936,1.5201153613391218,1.015751394786037,0.5340736432473974,-0.6573545201259483,-0.9618335133232937,-0.8551605601059323,-0.15985259517642725,0.02803211788426206,-0.08083641954764119,-0.13229044634967974,-0.1589830017810589,0.2833773925632288,0.0
0.622144940844974,0.8229055271692807,0.6045303107960539,1.4780629741861704,1.0288878372398371,0.597718645541855,-0.7088657979117122,-0.9524889303279868,-0.9224033638996316,-0.22736233515252496,0.007739660440620903,-0.13795681248708014,-0.02666866946369019,0.03767835509953335,0.15522066971676882,0.0
0.7615555108671146,0.7701206607124915,0.6063098115915744,1.4666561345559175,0.9913898015197594,0.5463349825146573,-0.5869396668916576,-0.9940626218796783,-0.8876717406021162,-0.12465075531369346,-0.0345874689659614,-0.09801495168969712,-0.060443497285889713,0.16333712373680315,0.16419817580155555,0.0
0.7106571331872253,0.7323599855599032,0.5800928440101825,1.4684080847001209,1.0898249995201668,0.6053761581034869,-0.6514369180316866,-0.9227955735706493,-0.8417486316259757,-0.16432267905677597,-0.17362761634078025,0.008259838298023361,0.02014436992574708,0.0570740645993745,0.05193029275931102,0.0
0.6732729988660706,0.8033557765865166,0.5277660281396523,1.466563823651333,0.9291826057559013,0.6451529060978035,-0.6155792701424783,-1.1037540358276852,-0.8840206363180998,-0.19616931575170926,-0.0014999078479454309,0.0855152213947808,0.0971957210429191,0.02067633522872414,0.11764263208973408,0.0
0.7150890276083534,0.7736479746555485,0.639788042584293,1.429837128265779,0.9746266146233783,0.5727545147118975,-0.6660241612333835,-1.048143450530328,-0.9177310246405666,-0.20648470929261345,0.08525966806670014,0.04255998292356179,0.15555707673862013,0.03484737046995511,0.03194241071064423,0.0
0.7266980344703655,0.8426955007489996,0.47917048112423066,1.5235599511371896,0.9748571951949901,0.5339194379435009,-0.6355175420388316,-0.9942343629179653,-0.964491692176231,-0.17886158920600434,0.005846980230940942,-0.12424027600633408,0.16031612404355283,0.024912730823294447,-0.08090220099699397,0.0
0.8213107637878424,0.7998834773820883,0.5987444513924918,1.5236537838422588,1.0223323667359425,0.677488426025466,-0.6047391977069967,-1.0703021291541273,-0.9423945043455262,-0.19052115334379163,0.04412881972153407,0.030402405654325143,0.14032393001125637,0.031067524522095158,0.09669299004414254,0.0
0.6783981769591401,0.6651263208996161,0.523896855072103,1.4902625807188916,0.9612268279677225,0.7489922061172528,-0.5383861556455853,-1.0480735199811413,-0.9374066081166083,-0.15474398900021813,-0.23569077181813206,0.05835738119751854,0.05353777325561733,0.009032195449082226,0.09775094012811728,0.0
0.6853320719438527,0.868961504976122,0.5610959548257212,1.4528261498519068,0.9946333889956857,0.6430035721120335,-0.5493391420900091,-0.8983058157603276,-0.9369373070929189,-0.2995939777222471,-0.30618559219949804,0.0025670454545664717,0.07122679894376413,0.12557522640850546,0.27422581570908544,0.0
0.568537198234802,0.8472364105434366,0.587993711505119,1.4339607659804823,0.9602493448291286,0.6070864642896202,-0.4930221038016485,-0.9366514144224218,-0.947642049230186,-0.2841796497179588,-0.1294026475529983,0.2138424906325689,-0.05751860831896452,0.17202301270094159,0.28807077931770814,0.0
0.6223950272017492,0.7873380447666151,0.51878374717066,1.4382347350482234,0.9437467588183701,0.6526855332342854,-0.5998053999875391,-0.9766443757789522,-0.962993300079498,-0.29741153627379574,-0.12659395219620606,0.06698321303809514,-0.07388109879556218,0.16722116084047078,0.23234308150267613,0.0
0.6908975485947823,0.7583507205303218,0.6326586823348201,1.4242791170938753,1.008501190831572,0.6535075498339559,-0.5318637849943929,-0.9702117376025493,-1.0384787375257725,-0.25419584397763273,-0.16172241346543814,0.09512494958150064,-0.0460801991833867,0.22034537994521178,0.18855998380767788,0.0
0.6583175246173218,0.822977096142139,0.5593786945901686,1.447216048669068,1.0322238630201621,0.5356961032355637,-0.5697175228361961,-0.9400397877970269,-0.9182331823261078,-0.38635540604644636,-0.2721429657449564,0.10371410015873501,0.008370804254040892,0.1506012600802798,0.18416224922556246,0.0
0.6341663221735221,0.8160511056870915,0.6108236436789235,1.4083671598321217,1.0218459125647954,0.682107095798719,-0.4855372941729843,-1.0355089740988626,-1.0289801214135135,-0.3627601959103358,-0.08089450706160087,0.10429458773131066,0.16468090289043516,-0.11523524489064293,0.017925241294895283,0.0
0.6731044994931933,0.7887525579464126,0.5945943367456338,1.502438527951277,1.0404532456033861,0.7016647123282646,-0.4483116635063415,-1.0292928548268732,-0.9060926444798068,-0.34845140978246714,-0.13991987509479345,0.05072042011455409,-0.09275839148478135,-0.0984966020172165,0.011311011899438178,0.0
0.7322191018555546,0.8423044128810079,0.6512998337523805,1.535737423700036,1.0216530818721472,0.6328793012532452,-0.5701460180162028,-1.0203553446041873,-0.9338392910058627,-0.29082046665907113,0.06120301661252214,0.0061237465252614275,0.12255873222422503,-0.09589469318916914,0.04525434637119853,0.0
0.6818835385347506,0.7919644071605139,0.5493585779868426,1.4569283590583504,1.009004240078824,0.6493967122715817,-0.4332085219333814,-0.9546895334355322,-0.9950459771596346,-0.3425189896966417,-0.00862927500170843,-0.10833297009954865,-0.0008962772656794099,-0.2678181281967275,0.06908419119741824,0.0
0.5563964706483343,0.8533941826886516,0.5702002272346589,1.5037827607181644,1.022613530422514,0.7714392252463573,-0.44018768382659246,-1.0234993505682712,-1.001674665077726,-0.35466766836878194,0.04856553276168983,-0.11265934201682477,0.06849716384900227,-0.4400485962718541,0.06417611259797197,0.0
0.7741909112659385,0.8940807108746598,0.695765546923858,1.481597295863571,0.933066937823113,0.7061839063277489,-0.49351434664701815,-0.9629856588607908,-0.8981276594960543,-0.4004408447392183,0.046145806765031355,0.04115870805793467,0.11506139528498395,-0.38098487717977336,0.0928253968542164,0.0
0.7046231944309403,0.8019981867031536,0.48338127020879557,1.471969888264248,1.004581163910741,0.8211837830630465,-0.48391216087764705,-1.0311573221917738,-0.8657274613226931,-0.43929122078945415,0.07536346641010264,-0.046778314397394494,-0.02495881844113422,-0.3312634286055571,0.13677868117679332,0.0
0.6849427602250483,0.8688981780717027,0.5714669292151532,1.4845009422521684,0.9378869640089798,0.634912163700647,-0.3806845279282886,-1.012512344218813,-0.956031330329012,-0.4404628642164497,-0.021275114588445894,-0.08034279836852633,-0.07545813512754908,-0.4662746691151485,0.09724883852517979,0.0
0.7335863848069972,0.7823562190457863,0.5742362816205903,1.5120453964514065,0.9372154843838754,0.7565631752720541,-0.4325517952394181,-0.8534211413120264,-0.9777088451211029,-0.4683431908399329,-0.00749414231986339,-0.15296125748762637,-0.17231653862510715,-0.3942588975459797,0.046314151834576954,0.0
0.6942349407565476,0.8558594270172373,0.6671207129044986,1.4929085426788362,0.9410749283598115,0.7345127974771617,-0.4887404653982619,-1.0120281223183112,-0.9742226009845615,-0.42234948247865817,0.05077928544353172,-0.01638225838371056,-0.10331941491431734,-0.3840538278802505,0.07444740604294668,0.0
0.6571257224934042,0.7760958753133346,0.5348942039377426,1.4470994296739526,1.0516555671365992,0.7694341954577976,-0.31153742463794265,-1.0075798927056698,-0.9507725878812675,-0.44644726418695274,0.002916550214805483,-0.05360335276793732,-0.102577694643655,-0.25787893791684335,0.06152174540208515,0.0
0.6543349506594325,0.8184124272668925,0.6025048695128841,1.4306608920991684,1.0431274117177332,0.7390301031275379,-0.416022869999087,-0.9988249596135419,-0.9948466172300627,-0.41838862596234416,-0.038756468856409175,-0.10267044955805098,-0.05478319159114224,-0.3255996031012739,0.37568773050586624,0.0
0.7104878200381909,0.8839730622829586,0.5961997733386901,1.4905972671841181,1.0942816336922896,0.7331456177640605,-0.4360539452617678,-0.8239293419479874,-0.9703897753286131,-0.41945673211067946,0.016060927158734518,-0.16700850299304715,-0.14241035663995297,-0.401361616477955,0.3303702564829365,0.0
0.7016475473384618,0.8159666060798697,0.6924779068159325,1.5814467986131875,1.041842320185368,0.7545834158128903,-0.36296408153691423,-0.8948901329568254,-0.9003507147432476,-0.5084588602134488,0.14388136963303885,0.06457216352586702,-0.11787052861544471,-0.2714324754956604,0.28016342587098064,0.0
0.5716037296660553,0.9226273002697796,0.6521273479004157,1.5308580643788308,0.9716148302644463,0.7774630263017429,-0.3572896271263736,-0.9426815782381938,-1.0325628822299826,-0.5008891322874184,0.040426842671102,0.06119030175033908,-0.031674723985552024,-0.2382919042302176,0.33480810849026754,0.0
0.645753954846417,0.8859081978552314,0.6414536292357407,1.5099709579036034,0.9982374063025533,0.8203648137175948,-0.32459451107488335,-1.1076009553793464,-0.8857804873076756,-0.5379549992978055,-0.17241346544442074,0.16043090482006048,0.12160083559117438,-0.2236062163688346,0.428901350552378,0.0
0.7359104699915779,0.764005949017462,0.5988053076379243,1.5036913835928922,0.9691334251995487,0.7823847841455541,-0.30578010381697496,-0.935351723354842,-1.0288352172925046,-0.5770822403304813,-0.07196641475633003,-0.016991202293604166,-0.05543578658985185,-0.26615911427893224,0.508353973799184,0.0
0.6993831634295211,0.9446887353138073,0.6690786047133168,1.4361184466239156,1.096882480636394,0.8027980698273957,-0.3017999073426446,-0.9763750262094044,-0.9568293331463399,-0.6257161702268866,-0.05392143109344497,-0.05251600723681196,-0.04477006555670199,-0.29673590900915164,0.24771610691266058,0.0
0.7022807662254745,0.9063318207734656,0.5908230722621018,1.5921613486203254,1.0260872007137984,0.8286195012894402,-0.2682270961085283,-0.978624863916181,-1.0099707331370693,-0.5955748240710236,-0.03632119794538891,0.14865072076099392,-0.03684806073807263,-0.31784723170943857,-0.04474110842804899,0.0
0.7333786353120514,0.8517743974634541,0.6349838068009872,1.498412354027336,0.9079955190322642,0.7599964921966482,-0.21529316513116134,-0.8369888337218339,-0.8984793712423442,-0.6129682816468076,-0.043872979391759784,0.04242776968911266,-0.14031705199892183,-0.45283375449221286,-0.10691900437864793,0.0
0.7134028383170619,0.835208490263505,0.6162034333217291,1.567515068738962,0.9302717986970628,0.7336462907148437,-0.2865082963890681,-0.9522254007314941,-1.0363857979650526,-0.5722674822594453,-0.1770622053962879,-0.08518672683151679,-0.01635876714749787,-0.42854155589233983,-0.14745737907011822,0.0
0.7344255281808951,0.8436998125704049,0.5589454146338504,1.54469222873042,1.0335624104184569,0.7691014534496323,-0.24323478307996052,-0.8517508248457348,-0.8670832207181347,-0.6224387378056838,-0.376084527369974,-0.16537791742144575,-0.03952767812531613,-0.3778839197343952,-0.08847591851089699,0.0
0.8007685027123885,0.7672387718823616,0.6338203110053605,1.6209109734173588,1.0376524544064987,0.769022605468043,-0.16085303236345574,-0.8673870997080266,-0.9806166529406249,-0.5928245990370676,-0.2200050822570504,-0.10432768526151869,0.13785729331653032,-0.4050945240007791,-0.18905867535644227,0.0
0.6814230125614621,0.9501132160929698,0.568849453362791,1.4896740934491213,1.0301906136017633,0.8209219089035702,-0.15847428239513475,-0.9197203779998666,-1.0369387404774488,-0.6451417369678865,-0.09073545214874842,-0.057000444656585394,0.2071276966920063,-0.4474626692112553,-0.0586919514230467,0.0
0.6294466121224767,0.8552089085169122,0.6779200127563885,1.4806524621390265,1.0737542312086776,0.9025187706464171,-0.2662265293969438,-0.9590091582097054,-0.9498904884931992,-0.6514190583803071,-0.08548651918726674,-0.08891702920146992,0.011385542689839073,-0.46343473747149944,-0.21400131393222246,0.0
0.7342429987302771,0.8773600531927599,0.6488761601349666,1.5599220573680563,1.0409339686641548,0.8652831477595191,-0.09810175319977738,-0.8993254216515026,-0.9777711940928769,-0.6392048716625125,0.0601937913712219,-0.006953280020671387,-0.0456681370639892,-0.31971374677009384,-0.2857819242606596,0.0
0.6325819760315746,0.8231780873834975,0.5509406906866925,1.5572541561204698,1.0540131438633105,0.8016909262312045,-0.13980729354048896,-0.885094518611364,-1.0060947965886518,-0.770777533372794,-0.0030122869813883,-0.05194963846050686,0.0329442718850419,-0.16155896776573478,-0.10914846016978091,0.0
0.7650575950451585,0.8436611159925703,0.5927691262410835,1.5578540873822664,1.037218558555149,0.9274509274318313,-0.09513218988897752,-0.8051089292957707,-1.0247173909031217,-0.6717816885929405,0.030235377515904136,-0.03401844321611825,0.07678724002201871,-0.24967055406832867,-0.1315196728990327,0.0
0.709852169692817,0.7809509923795862,0.6548268560079569,1.5083347592173462,1.0889297621312797,0.8784549569553649,-0.2148139839107901,-0.8548863875557535,-1.0077346095334698,-0.810905731743239,-0.09399370806031361,-0.1518448001507495,0.07811099847636299,-0.12201694985773909,-0.15857929326410677,0.0
0.6730966162428308,0.8888704111738229,0.6067599665532337,1.6146992727837437,1.1276116173529407,0.8057807052374214,-0.07133538559937755,-0.8073547455819327,-1.0597288384032169,-0.7829419926709311,-0.18045541255817196,-0.07873200527440799,0.06462430727817768,0.14224165118412985,-0.27906769313317903,0.0
0.6467001193498838,0.9165146522572399,0.6313501041608216,1.4822652885631802,1.0378022358511931,0.8293051780482086,-0.09650430415746179,-0.8078403140181334,-0.9586111190196722,-0.8109055511686112,-0.1335807110566074,-0.03177373267160099,0.03447836513919158,0.11560071436535513,-0.27439450529234655,0.0
0.6552281985638023,0.8915438309027534,0.5946223243484591,1.5079051364921783,1.0956732803398632,0.8300134885421743,-0.0042083450057483415,-0.8518469617579596,-0.9918937682303651,-0.7456853992884116,-0.13429304437887696,-0.013463710758527692,0.13029696591766018,0.07495454328797012,-0.25260852869143546,0.0
0.6506141972666681,0.8685246611656452,0.6644860895721865,1.5475975833171152,1.100463658611432,0.9296621157675746,-0.052213164062261376,-0.8545290718835101,-0.9979285145860303,-0.7102783246164175,-0.08676902287483589,-0.1478363368788839,0.20381018770202958,0.08636644360175068,-0.03311348893623897,0.0
0.7599227715591076,0.9237663285080091,0.6661699110452696,1.5892146539604761,1.0023861008546227,0.8109461481515958,-0.033577835875293165,-0.8807507666865979,-0.9883149574979404,-0.7845215303793887,-0.03298734257759044,-0.20602244447176327,0.13468911740357187,0.050659032301828305,-0.006195524237191389,0.0
0.6829358493266096,0.9395153419986016,0.6341279040955858,1.5909030025826603,1.0946404858314445,0.9167926087652402,-0.03848334399572935,-0.8356688679675905,-0.9378578549214309,-0.816090509091444,0.05672943019955706,-0.15195716188448957,0.07214238588822366,0.14917221427386296,-0.02332904313019321,0.0
0.7298214985473275,0.8368502127465881,0.6401746807113031,1.575221094291141,1.1001487050872567,0.8630376936898714,0.024315985094610363,-0.7510620680404394,-1.0121653195514833,-0.687246949043782,-0.009800209988006736,0.07580159545026659,0.001735854116529642,0.1926581743165462,0.020934617958344538,0.0
0.685854869207817,0.9088466253779809,0.6307506298111867,1.5478529974550335,1.096073791479569,0.8996027786909415,-0.08209355873453617,-0.839273766440412,-0.9663161365533833,-0.8309982862078448,-0.13551113635422496,0.2521003807757496,0.023824031037221877,-0.024773684812862323,0.1356934871569918,0.0
0.7657095849428676,0.8860291555891976,0.6621630729464355,1.5976821259570289,1.04860328071841,0.8310542431565139,0.07434384374632738,-0.7477914322678969,-1.0029960337966783,-0.8718356186800602,-0.17201722457369228,0.24455049021730532,0.013334586201839875,-0.03567255248796848,0.06945473941341755,0.0
0.735822906737836,0.8214051390447334,0.5901846776773014,1.5667912374953068,0.9832529402362673,0.7883815308434237,0.09307059886900626,-0.6523533407316069,-0.9561974033839002,-0.7369182072389638,-0.17302558484053063,0.04325235415050302,-0.05004829331749391,-0.19224873077869148,0.19608589151867623,0.0
0.6852423015887102,0.827601276723945,0.6483726353628496,1.6227819784858304,1.0134935620636147,0.9988249908300906,0.13670591567567053,-0.7360885711941793,-1.0082670566898597,-0.8165677806201399,-0.022523448170775576,0.3302084522599511,-0.06812155336871156,-0.2517940791037869,0.4101859265011952,0.0
0.7405326467664858,0.9390979442398975,0.6403970203590781,1.6281317968446947,1.0522865317616379,0.9203326753251457,0.040601214618474754,-0.6246636685104139,-1.0386386599542767,-0.8623901746006223,-0.1074821505645061,0.2384095458214776,0.03770631292661615,-0.13393855154566597,0.27396333527876127,0.0
0.7152770369253599,0.8903057501249678,0.6933883195947803,1.5956607358347021,1.1026031809691321,0.8862436972357398,0.12158536242388233,-0.7156176314881494,-0.8756007278409076,-0.9121742000586933,-0.18912174723436953,0.2334608001656087,0.006938205281195403,-0.26090419563842904,0.27190355973961844,0.0
0.716787288968367,0.7893798011886236,0.6132919368343239,1.610759750183827,1.0605377192761518,0.8535393155238225,0.11032009148564653,-0.7437323690084728,-0.9797783732564566,-0.854408338528459,-0.13067510869426835,0.30786265448539774,-0.052929275447911976,-0.17071187390388903,0.12069894197526493,0.0
0.7544894687292454,0.8500664102368657,0.6524861499559375,1.634712009265504,1.066164784802156,0.8260752206149291,0.13975343322422953,-0.6689722315883552,-0.9951482045116967,-0.9206687387486913,-0.13868469108088083,0.10249362997016676,0.1571110623102403,-0.3474777689238416,0.18064472322945158,0.0
0.6525032950189655,1.035006162425924,0.6416738042728231,1.5721111774333376,1.018688742785473,0.9328643493039596,0.21208791371061422,-0.6785564245822567,-0.9471003671998651,-0.8904248550409047,-0.019395522707803356,0.10612627542209668,0.2894470476648523,-0.347567312742512,0.29020988714076645,0.0
0.6951133949402631,0.8937333742781663,0.68084916383296,1.563582703087074,1.1660217523820176,0.9096590771599506,0.14736579919517226,-0.622056885033039,-1.0331835971231518,-0.8027805005500159,0.027096854354165117,0.04387906973492937,0.2762307466002747,-0.35544047811723223,0.14067040345648205,0.0
0.6613598843270269,0.9045414028776356,0.7075875259702764,1.5142687816890117,1.150624473923037,0.9389104773155639,0.1596194858469504,-0.6315267301615723,-0.9534925676158014,-0.8905196060183477,-0.06517503914837673,0.05269418162520255,0.056675880202511256,-0.09913631806754947,-0.009215274240979524,0.0
0.7889179421042489,0.8993192922490405,0.6216670700932891,1.5930138070536517,1.032530126269956,0.9597295224833355,0.2578226493222608,-0.6802747682906571,-1.0504963949563797,-0.8767421781743006,-0.02894164737018868,-0.02601131010099396,0.09255771410813415,-0.047303264111384094,-0.16751081200416035,0.0
0.740251386859036,0.8487260455510028,0.5645461305058213,1.5435415864537259,1.0898637185679836,1.0206997542026564,0.1857202287658033,-0.6764932381920405,-0.9747708168882359,-0.9148771346743101,-0.14825825886113606,-0.16319115110051755,0.11402733633668838,0.015929995649876856,-0.07730922779952015,0.0
0.6934763104985713,0.9850842515645505,0.7458778047445581,1.716483450602624,1.0270967399480995,0.9456936193009792,0.25510027527821433,-0.5482442246796793,-1.011997399484149,-0.9650747542383311,-0.10034660115673033,-0.21975424406261856,0.016702222317501084,0.00018907890118313904,0.08864731600559941,0.0
0.7516046722059789,0.8607399852177127,0.6880607767956747,1.5305632227390982,1.0477283887202828,0.9795145694760993,0.2790937449432543,-0.587743136254942,-0.9585258808910117,-0.9244001449301332,0.017125880878949798,-0.050311440363126375,0.01239038490047961,0.07669607556452436,0.23746882033163935,0.0
0.6440403432262993,0.9286614918063434,0.6782760531874228,1.5903865085947626,1.1115548674552618,0.9805592020172845,0.3116629373772346,-0.5515824073180253,-0.8378189651023166,-0.9270389385713633,0.004871241076972189,-0.019287193990499545,0.032155791247787995,0.14360651116407672,0.040406750053187085,0.0
0.6546340499596985,0.9653501476130425,0.6583237031127642,1.516839874387655,1.0256251296682795,0.9360369261576431,0.20735682559638569,-0.6130622295040495,-0.9247192638743078,-0.8466547888146819,0.1213001930300913,-0.2850560198223369,0.04533969222237616,0.04679445713116956,-0.134905245435399,0.0
0.7636929761802882,0.8374468859098864,0.6722646003792242,1.5751487392345338,1.071945781469794,1.0174085599154714,0.2198962161034424,-0.629248910850487,-0.9341152508478434,-0.9019387936412925,0.03370313000371068,-0.16561045725664864,-0.09299869240079155,0.004080062466050673,-0.16464104838547036,0.0
0.7765375142949974,0.935241031248707,0.6550896766889716,1.5951303460026074,1.0148301319998978,0.9850859958584961,0.1953564585852035,-0.5792120299607842,-0.9085448678230353,-0.8283820657145214,0.028589183471723824,0.029992647625063,0.00876102833340301,0.20333270597772488,-0.12328784819124855,0.0
0.682155807518234,0.9061694931007254,0.6117558686221273,1.5661997409005035,1.1581386266075717,0.8858203215780116,0.35958088129714294,-0.6290668658606409,-0.9351355141303727,-0.9469807286409836,0.19800959304257068,0.00875454972579446,-0.07159610578701057,0.3491290396193361,-0.2977879875460441,0.0
0.7448039144931753,0.9424123200063803,0.6163260279703435,1.6573768616830966,1.0616782320458455,1.0038855766141284,0.35545286175559254,-0.5593682965360645,-0.8920310441194185,-0.936244874094907,0.10711156776318848,0.004627506170094161,0.02780485145455395,0.39341357654375597,-0.29867916464773775,0.0
0.7156145596478064,0.8346738828340821,0.6506486422642387,1.5659313208340895,1.0207988131336991,0.9992489200223441,0.3336595404011478,-0.5399770145495758,-0.9935203886231048,-0.9158261975306342,0.07997684560216733,-0.05625657342846608,-0.0810680210863305,0.3794871789417298,-0.12030351478916643,0.0
0.7353827123132799,0.9331666270084357,0.5097332610683825,1.6921559810950517,1.0631911689111704,0.9602218508978767,0.32576843308570347,-0.5465247109597119,-0.9137195099359172,-0.9417408474810771,0.18413597165068235,0.08272605655027837,-0.10044151572090179,0.5152150682495249,-0.10264575820671594,0.0
0.7473288339648231,0.8985871210511527,0.6425936674043833,1.7232372092717656,1.1199326175378228,0.9749788313287394,0.30969567186306785,-0.5091977909786017,-0.9069775094773261,-0.9063895941586437,0.09044140759400396,0.11305494474475228,-0.02138073593943532,0.533874319809377,-0.16479128270379062,0.0
0.7839847254583489,0.98981621655954,0.6120174436396201,1.6484074688121544,1.09657833717824,0.9683182292192476,0.4520262001430558,-0.536819339066535,-0.9655588528688513,-1.064887125717187,0.031594377144753376,0.18497557923434432,0.055862882503864064,0.44148568510093533,0.006969226256664268,0.0
0.7473664837492011,0.917014526215706,0.665551724686432,1.6828859934631881,1.0552262410891147,0.9216672917896311,0.2978208878878834,-0.5278045923968692,-1.0007745313546392,-1.022340767589995,-0.005313084329502289,0.08293912810007903,-0.056663905814750955,0.3183953288679221,0.08221779767492735,0.0
0.8359949470942609,0.9328171534668313,0.7370794887199047,1.5525947799743627,1.0961670868944826,1.012791189271422,0.47328168945053095,-0.46292920911514185,-0.9690283885740639,-0.9881978903608295,-0.03106112821393153,0.08943118237667129,0.00020555107418361585,0.14889757796232758,-0.14835120907949795,0.0
0.8763717814653138,0.9215403524888744,0.5917300255989386,1.635736000076145,1.062023608866177,1.0057843346168471,0.35023935959987285,-0.45712226705891273,-0.8708880892242225,-1.0161068879830728,-0.06535299217060284,0.03443366103571485,-0.10993005178206267,0.08416003105348298,-0.21106810094168432,0.0
0.7283294784995848,0.9961158743490227,0.6752648279966597,1.655188233584517,1.014008548747624,0.9771623323954671,0.3930508666697369,-0.4305590482608311,-0.9052211722642094,-0.963317949050656,0.035437554586469355,-0.13536208345195944,0.10853113460361195,0.16513902563390218,-0.35809358146915926,0.0
0.7511199337323637,0.9385183202289159,0.7169094976929817,1.7162107993110138,1.0816723810708404,0.9650799877491758,0.4638516325681406,-0.45515039948982533,-0.8741530166500365,-1.0171597629488043,-0.15249329875166423,-0.05646116537293911,-0.07270383034239182,0.36047747812372183,-0.3448066205125362,0.0
0.6968976417313097,0.8740066123624795,0.6402559017097247,1.6543167127623266,1.1105715807667347,0.96648731068945,0.43199377945840783,-0.4569511185251135,-0.9859226146243643,-1.0004944510437142,-0.2991060757433831,-0.049465057565085645,0.04086341526720152,0.42563050744602665,-0.2059004566704647,0.0
0.8305954025697023,0.9269619470377229,0.6885045430144273,1.6733390584658494,1.0913645688614322,1.0427224679476634,0.5251897150302605,-0.3336944220534536,-0.9430142065245248,-1.0917356767738533,-0.04840906585765986,-1.11009688595759e-05,0.07483005015250224,0.37041397147231864,-0.19001297432985997,0.0
0.7958595769726954,0.9437282189187023,0.6971687038716673,1.5602384241048028,1.1951477937288109,0.9337044811212957,0.5282147710273681,-0.3439270829806485,-0.8975883987723035,-1.0171873026259184,0.0370092271825744,0.06528592265207124,-0.0003192550748025713,0.33596495880174854,-0.049596150829132435,0.0
0.8035279025501985,0.8998334290367472,0.6981034415431564,1.6169992043933603,1.1460897903372804,1.0243334784019864,0.455779028957288,-0.33452280209492286,-0.850193415451584,-1.0952367782291694,0.043068217484943536,0.02110337408709308,-0.020037272134966626,0.27619624098498946,0.1166196159762487,0.0
0.7997968831116532,0.9797934609750766,0.7875033490199969,1.6845402770472164,1.1131235652298068,0.9467146714277324,0.4174062337301988,-0.34935398515184307,-0.8769106629862969,-0.9430609392580561,-0.017001827876353057,-0.09976670404697376,-0.14595571417258746,0.19747502808832423,0.034216354597683185,0.0
0.8172699824945258,0.9426242526546401,0.6619031661017676,1.6276086026299883,1.0935205800462928,1.0012949403796008,0.5449684530518586,-0.3478346402913137,-0.9348322101898041,-0.9849988097213744,-0.03423422982070032,0.046431212470532085,-0.17723014894912686,0.29561169829644685,0.1021438148060625,0.0
0.7767764572546273,0.9259560657118131,0.6565411501495361,1.6377225511672258,1.10063336132178,1.0793399752485804,0.41083950254801205,-0.36987530133950386,-0.9731050348589052,-1.0381851234563146,-0.07220396382311238,0.0011070594865532843,-0.09553274679331215,0.23695988785237945,-0.09540016106188272,0.0
0.7402639569900689,0.9065212074458308,0.7551146566323833,1.6735290789951711,1.102390056008547,1.0387284100652774,0.5063796998752382,-0.42257309811397,-0.955241707168346,-1.0510762491319463,-0.16254598276783017,-0.020015911488268423,0.04763927881885236,0.20571923776936718,-0.21163748248545478,0.0
0.7300609041217122,0.9887126904891703,0.6083968322980513,1.6369587305595945,1.0377518736303335,0.9784588180266893,0.5078985007172842,-0.31637920723188645,-0.8279560356590072,-1.0076372888455618,-0.028092788605443036,0.0033798209402121308,-0.08815047804691371,0.295374788742664,-0.23376545428525197,0.0
0.8314724764994043,0.9609040655228016,0.6926134617842038,1.6996553818940112,1.21266536362962,0.9936603106711217,0.6144420049490932,-0.3355147373344772,-0.860591105083904,-0.9487435973331065,0.04069802886028889,-0.008938428089803694,-0.018073871078897484,0.22806831781836684,-0.10443582785611144,0.0
0.7136731185522367,0.9369483916471301,0.7524382847247227,1.727183897092391,1.1406961626448404,0.93346322429374,0.5795296332176672,-0.32536973490595067,-0.9132629190998273,-1.0134179707492712,0.13195427835480641,0.08185938008347991,-0.24369247241736175,0.3498985683729883,-0.101164252742692,0.0
0.7830260402699,0.8873756311870737,0.7283820091912953,1.6623679662284665,1.1137858099090032,0.9839196375078082,0.5547462925379336,-0.34326605997717996,-0.9478123517376532,-0.952440511832695,0.1736287329393324,0.045931416779736195,-0.13819456194746563,0.3356748023200433,-0.18777677262585257,0.0
0.7129691067452472,1.0068326639749126,0.7023700079967815,1.6657891081431662,1.1506796291648618,0.9858914951099098,0.6236968597885295,-0.286792818030627,-0.8897413467162316,-0.9679547036589109,0.18881716247627592,-0.01205974573410945,-0.2677391026257646,0.269238816677701,-0.2705002569555234,0.0
0.8053048180276922,0.9490596073061398,0.6966778493007287,1.5897325477530362,1.041739652772317,1.0542827881513297,0.599232222649234,-0.1741492380457042,-0.8097600987741591,-0.9692935317855849,0.13764694099377248,-0.11122376708178604,-0.47077769031213945,0.18365958368831595,-0.24082543810172513,0.0
0.8466587299201065,1.0011374277887366,0.7636360214085427,1.666049025613816,1.1827470932655864,1.006498943656017,0.6260187984253814,-0.29275422287471553,-0.9144819551403292,-0.9854455940899652,-0.012079208936380051,-0.15312138207666165,-0.20252944251839294,0.15368569584166586,-0.11547146054828121,0.0
0.7590034112043863,0.9116677637364567,0.7009707514840747,1.699148541818385,1.093021744057398,1.040445986826097,0.6226767222005004,-0.24483356233725254,-0.84091588121803,-0.9765970383768079,-0.01891151573778627,-0.17281316641771516,-0.12385437919204959,0.07649018826502335,-0.325324327238882,0.0
0.7420749028188677,0.9284129889237904,0.7318475125590331,1.7063194263517385,1.1409182112786866,1.001131249092247,0.6106890060322562,-0.29126899828402253,-0.8096248424678832,-0.9557765952414806,0.08847347000484508,-0.13859487822097216,-0.04604986946292057,0.08202280953425314,-0.2767696833068035,0.0
0.860066957408294,1.0992454736920345,0.7278180866606748,1.6685824167661139,1.1337128296979568,0.960844699495593,0.6480935486843111,-0.20589376521012753,-0.8766321376121861,-0.9216643660917236,-0.12479567907786476,-0.08150999712154337,0.06367930205537731,0.2156407490419583,-0.22655652618828082,0.0
0.6990736903160194,0.8898961503924757,0.7319618254401625,1.6807412196266247,1.201286862331833,1.0251297912459385,0.6518897310784836,-0.2599981543811985,-0.7569072739434806,-0.9997795903762975,-0.060110868075716785,0.07250411257215089,-0.0616883266529699,0.15792527273932877,-0.20945787523911935,0.0
0.8241648829875053,1.0009836866265678,0.6376240769446421,1.7296289558066025,1.178432506013079,1.0449378496903976,0.6265941091181269,-0.0655042363803006,-0.8863866097198588,-1.0166434733385126,0.06899634499352121,0.09817601293820133,-0.11724782569745934,0.09236658276993569,-0.1202233182409351,0.0
0.7907910030461744,0.9476802890201843,0.6272080123485562,1.7663104100265385,1.0830241767565356,0.963882473264975,0.7017115827932355,-0.11410650889585477,-0.8961233842160505,-0.9200391226204081,0.03457972189589954,0.08780633819827476,-0.22819669620355618,0.22073308877221287,-0.16793657427576017,0.0
0.7152326147265055,0.9321997419432875,0.8018392187178651,1.703563247903879,1.084586508646359,1.0751936805347542,0.8348454935837188,-0.17514938606990635,-0.7917241070933135,-1.0000326412140066,0.21455756241949644,0.02088321394831763,-0.18009071306257113,0.08850136538086724,-0.07080386651473895,0.0
0.7474024834846129,0.9645960483806185,0.7617214758400229,1.6726283647388238,1.171988477909972,0.998859759668295,0.7059879905417391,-0.15343726563655574,-0.7712891252040811,-0.9930402058286462,0.0753866466039661,0.02851468577493166,-0.154888542741069,0.007009359642510926,-0.06620169130682432,0.0
0.7646074502419131,0.9514918271897291,0.6559473556661577,1.7877241583753518,1.1826479109733825,1.0360221002295946,0.7165002861330332,-0.14000579852133632,-0.8430795816262462,-0.9245496308352009,0.15829775529676648,0.10688423981553248,0.00954630771991355,0.03583658196713628,-0.22036669928084263,0.0
0.7951749122282411,0.9630183319214042,0.7129297909669613,1.6863924873631717,1.1799524595938322,0.9715381376397243,0.7750928240930293,-0.038467666160683665,-0.8078785693594895,-0.9715557772076336,0.06182185303377842,0.10987571736911875,-0.011274207922022075,-0.11634345396815471,-0.23748923364963292,0.0
0.7605996109543433,1.026797703385495,0.7631769616167722,1.6851925798520044,1.0802183035996924,1.0089402822805378,0.6694977463860426,-0.02478297308366175,-0.7606817355510485,-0.9752824361488898,-0.08665862767673602,0.012935226856018375,-0.11370665262459273,-0.0608721487944353,-0.12611837001457374,0.0
0.8401504280316319,0.9084871707213845,0.6765486682924238,1.7803638192465019,1.0785989445766475,0.9968106964439815,0.7192839006177196,-0.08847168608326587,-0.7547403058807403,-0.8602611036029012,-0.17025115582524633,-0.05401193160443898,-0.1835973635138554,0.075455607831458,-0.13336504231268204,0.0
0.7750778267752029,0.8918281978376928,0.7813148500157886,1.6183746912604688,1.2068556786598816,0.9838934693240309,0.8376106491311769,-0.054012170047956026,-0.8174321720071281,-0.9925923813193374,0.2074738587343844,-0.085278388982782,0.1922187146161579,-0.07266692059853844,-0.32151125977955447,0.0
0.7874581548976591,1.0118954533913864,0.7160519752446693,1.7459186640365376,1.2194785589803476,1.0536216630867363,0.7035902238706258,0.002499978071469674,-0.7811672861541494,-0.9913332304836532,0.13771620266293544,-0.1084063236074401,0.18241929060150894,-0.1491111199224185,-0.2997270345881234,0.0
0.7931114100077602,0.9743452352111523,0.7102014491886364,1.6912815322549246,1.1178713652134125,1.0619322407142318,0.7696912324512954,-0.03166082400873371,-0.8228317110502513,-0.9053146172909267,0.20147222970756534,-0.0842889627484507,0.06356078360111442,-0.30343409548740524,-0.1717910152583767,0.0
0.7490505048651772,0.9010890292346859,0.6634474094940702,1.7561524354464855,1.0822672320459226,0.9905920575000566,0.8130273155940545,0.03941952654010347,-0.7960051198426019,-0.9929543707363447,0.19031923462799086,0.06759384143027637,0.10160514962959682,-0.1731525350420544,-0.31536580675733566,0.0
0.7960184399709275,0.9954106436642012,0.7448948072996244,1.6959057682096865,1.123851882681553,0.952035710099497,0.8258205704353505,0.0246158784264202,-0.8529926681951058,-0.9778217780807602,0.23910525472214267,-0.05361761093313826,-0.11939163366605124,-0.24246736876600436,-0.281947639109942,0.0
0.7707251487835196,0.978377966816326,0.6834450374146016,1.6347318011123357,1.1907404772842316,0.8310826116132728,0.826682902622011,0.07003418627293188,-0.7353519986602208,-0.9151223165973963,0.2698990426359945,-0.02421542448759175,-0.07652368473995437,-0.17648526231029382,-0.2698540574332921,0.0
0.7702437491852706,1.0590402778524826,0.7286300865658458,1.7130908775599878,1.1233583232526891,0.9925641480538738,0.8609232295497752,0.07465616090795502,-0.7782068100587567,-0.9526874352571656,0.04663599292662862,0.11599329202590342,-0.05675853005131676,0.0014120223742682958,-0.26074290436969594,0.0
0.7517498116552055,0.9631541788545916,0.786525176493103,1.735685932754365,1.1905236974208455,1.0143819910568355,0.9032865328328862,0.06656574123577058,-0.7290100732559825,-0.9020585202055016,-0.06651683552139372,0.13922608138963127,-0.02267653050526608,0.012362546837619039,-0.41974871784980783,0.0
0.7791430804207031,0.927884153230159,0.764607111322742,1.7585207741944384,1.1849169189304505,1.0974996945894007,0.7574898898753888,0.12220377011887777,-0.7886059198328228,-0.9420109998888664,0.17052624042763032,0.17549260789644358,-0.12170716912546378,0.11143487199100857,-0.323863470382488,0.0
0.8481558278109484,1.0076771364752417,0.6351341919831479,1.806228206838775,1.2573539925110617,0.9102553337834973,0.9660094273199825,0.037182810517709185,-0.7796295757042861,-0.8967875680937324,0.2805289072741373,0.24171952987518908,-0.16567402817822025,-0.016141381159164747,-0.2709310001118955,0.0
0.8079699630756546,1.0399760534773528,0.8117062179584706,1.7475232845200797,1.1212424636861102,1.0105973214431039,0.9241001124299635,0.01373954835626831,-0.6486014707375815,-0.9227194511452166,0.24582877929059588,0.17603709737474407,-0.14050543341768884,0.061512121891723726,-0.1352477715311435,0.0
0.7882096445285551,0.9667623231298608,0.6679136470612231,1.696735318133892,1.2037364153416346,0.9888068813694149,0.8041428282452314,0.20029244817174693,-0.7314290042096144,-0.8952323350377641,0.18411843899373878,0.12792690806258883,-0.0895060387568331,0.12953580323192854,-0.06031288433163317,0.0
0.8161941172552819,0.9767129927486191,0.7349914188112028,1.786874369371166,1.1529456291006415,0.9471892699676395,0.8986632860849777,0.1766719573877289,-0.7835702775851129,-0.9032225831869705,0.1050774479246008,-0.06171680134289137,-0.0018809414130028998,0.1606655792566372,-0.04897985745309195,0.0
0.7994962422882848,1.0540144460691627,0.741185939660848,1.7702117043241088,1.1805983295808564,0.9742262687248908,0.9056561665641134,0.21558748436404487,-0.6871140379496864,-0.8514476751782714,0.21871470118330968,-0.1979021577382564,0.12925346744043748,0.08796736886566627,-0.12035567529211763,0.0
0.8027066048662372,0.9423656388507645,0.7941927375209041,1.7036221617265497,1.1753372523361567,0.9850415906429717,0.9454586693490079,0.14940466840514494,-0.7191052421201278,-0.9029871201574478,0.2793336273092619,-0.41686087820570017,0.016123570827313666,-0.03825100371176124,-0.0441503086308969,0.0
0.7934210844515776,0.9595005578089153,0.7121442437180505,1.7269681602484632,1.127388794621133,0.9822892008632649,0.8581147794206045,0.10729546775801461,-0.7258739056708197,-1.025722565443732,0.22711604868124788,-0.3512066201913137,-0.0920953447446156,0.0012864257258813627,0.05407803388832882,0.0
0.7927050480498342,1.0955840275858235,0.744436246752232,1.7415635983646471,1.2157413611396828,0.969003109604501,0.9955163655655874,0.1372375727793776,-0.6156338362534138,-0.9079976342292444,0.12908816021676212,-0.2677316986012573,-0.0056578125978872795,0.023692304677547002,0.019260552154760826,0.0
0.8485727196033745,1.064448398553032,0.6308880081316345,1.829713704328298,1.2874556694710748,0.9709241623873636,0.8676410846280501,0.16999014907454918,-0.6879077701732831,-0.8034318603578925,0.20626129897196305,-0.08501253343004529,0.04913854806337233,-0.15073756091228102,0.13859292466231782,0.0
0.7962616318380095,0.8893048582459229,0.7057856157211253,1.8173403297490995,1.1496171464182545,1.0111974702001212,0.9557615914433023,0.26990903323558985,-0.6642346695345904,-0.8754170439388498,-0.034983710232975196,-0.12485247268181182,-0.08794465924240875,0.031965209187222315,0.1231872107482348,0.0
0.8394622593772934,1.073266805112776,0.6790266718778816,1.7346057704063507,1.2744844153540178,1.0515640894077234,1.0155729600782584,0.24940826017735798,-0.5918715974235533,-0.7618284741493697,0.08776564903444306,-0.04917837693581583,-0.13727448335408032,-0.1103040087616096,0.08895151622424174,0.0
0.7656304342869953,1.0860192698384714,0.6668192510567835,1.743905486407802,1.1698241301954915,0.9751318176838764,0.9519272672913272,0.3203516433593366,-0.6911484759000243,-0.7886829006928371,0.04153208217698044,0.035079538582986625,-0.1883024903542581,-0.1497738163516123,0.05460665882205726,0.0
0.8773741503207529,0.9749801073539872,0.7260387503804503,1.7467440519809379,1.231950361132005,0.8841340958757354,0.8071971540770195,0.2967752921139188,-0.5915214039304525,-0.8370472404694554,-0.0727575813953209,-0.02504909590232652,-0.1781432552683972,-0.032239320709840966,0.11120845889345476,0.0
0.8229166518862024,1.0068019333223375,0.8567187278851365,1.7367901989263401,1.1906621802311983,0.9591825165644966,0.9157079320438407,0.22602867355478573,-0.6869317465301482,-0.8698403818989268,0.0886317446457807,0.010606051456949376,0.007122554120994634,-0.006723574629849811,-0.10671109912787126,0.0
0.9134461046016974,0.9865720146004316,0.8325490266463373,1.73949298656947,1.1207740454230444,0.9346574115402606,0.9487865399668982,0.2607062693981148,-0.6858946894142854,-0.7930466504295228,0.07683041043989307,0.06484368847823516,0.052807216845832304,0.1578382384978064,0.008813327288889408,0.0
0.7183230592659046,1.015063921551387,0.6935099495392203,1.7589647135377846,1.1837723712056631,0.9649996537338843,0.914254410119246,0.3449046194560833,-0.6159963112150064,-0.7571583610742747,0.025607001231609826,0.11763496684880995,0.08294350152072268,0.1938309209248127,0.018608992439002683,0.0
0.9070621810354179,1.0132921717585435,0.766262529053742,1.7057236741648714,1.154191297481356,0.9451033425603325,0.8815577832588657,0.3256430078073414,-0.6158154158079377,-0.7584238797991532,0.24788930682690274,0.037394326745360605,-0.08515857108396063,0.059431494114167205,-0.09518209486681395,0.0
0.896903319384402,1.0316780505529461,0.8017830463659041,1.721501034432844,1.3261595314780152,0.9527947128968965,0.8903416205308466,0.347467330474732,-0.5779911508616823,-0.8682356253238456,0.13033953740286605,0.17830371328931965,-0.06067860758397336,0.043425972788590964,0.07244026951029627,0.0
0.7531197579117256,1.0747128900492544,0.7505074507078898,1.7922700532547566,1.2206387900468274,0.8725219049539,0.9935537459518504,0.31500131129282083,-0.7139196008729063,-0.7279321429282622,-0.0403719935625516,0.08525173738088007,0.009393768419923856,0.05951114818652546,0.17236471366953673,0.0
0.8095778514208799,0.9944765696514042,0.8113442289620749,1.8187893807858335,1.2417095605761288,0.9643084782992168,0.9069961641098016,0.3782219562754184,-0.4803849594101933,-0.7161413690971059,0.1560206498727992,-0.02004853641786592,0.04757494479945648,0.007784398636968302,0.2699504977760362,0.0
0.8778013644902055,1.036037383297928,0.7914637484862995,1.7730462969289347,1.2482413929752258,0.9227665348682382,0.9701120222121986,0.43867749669935635,-0.5586145546519343,-0.7341169773648999,0.13632448560997867,0.027461426359815473,0.3946121412213592,-0.007106004304348094,0.1534258602545503,0.0
0.8158208916735518,1.008576747199256,0.7334014300084318,1.7373793715166248,1.1984777521557648,0.9774448926997441,1.0775739178039512,0.37276602861984975,-0.4614091745584832,-0.679580654270065,0.1759988994413762,0.0898576600700147,0.014375792720111247,0.11694290743294415,0.20125665691573508,0.0
0.8849308805346684,0.9992951510682513,0.801150466554544,1.8228700472038057,1.2531876670367115,0.9901680287560747,0.959399522036166,0.3138273148030222,-0.5640210486927938,-0.6694292430251931,-0.10124930540217322,0.2522382348706339,0.028724267752753427,0.06431698294314224,0.10465320788135873,0.0
0.7462562660207223,0.9996152525440378,0.7797950083155428,1.7354067639362798,1.1816982281155084,0.8294251424197808,0.9538263838224234,0.5288429554343164,-0.50252923984324,-0.7604942223969648,-0.2649761882685344,0.09993176114031034,0.1540825189079141,-0.16060094164191638,0.17154263293408872,0.0
0.8625772517208854,1.0657624520734643,0.868614472019146,1.7382400568509702,1.2228148819842688,1.002315248967885,0.9950909020487012,0.39635080270602996,-0.3788595723277457,-0.659087169361245,-0.09366641618556024,0.12704653928585624,0.1427407946122993,-0.14932929780016985,0.2365309907764898,0.0
0.7652465054041112,1.0629551761270115,0.7456845776238836,1.7162497731109772,1.2157540383242258,0.8552279316772182,1.0228454753483802,0.43688510384210627,-0.49650017704730565,-0.6762534988026813,-0.2409277438336626,0.27277659542859817,0.35201345375168475,-0.2811181824555245,0.18854064331281412,0.0
0.844951791281596,1.0302153846477413,0.8259597065766836,1.8082992210882827,1.2223145326453015,0.8306193798117933,0.846039029162513,0.5038159814261002,-0.5148344853498005,-0.7872732279834824,-0.23643145826772627,0.16539299123163148,0.08831848780009219,-0.17072181215074983,0.019401127543888202,0.0
0.7805433724342318,1.0218458367953414,0.8102405884147104,1.8070415968988476,1.2769634840283848,0.9642404519101704,0.9786142827323143,0.5093901175397438,-0.5252145908696759,-0.6561680230167354,-0.03966367723261893,-0.02951086255621721,0.11966222821343675,-0.17754905660537004,-0.009640067401897514,0.0
0.7959510187866802,0.9638230304917617,0.7138971460076673,1.8853468983470858,1.2648813362389315,0.9190981994086316,0.984942994485241,0.4698898514855581,-0.5452802660816256,-0.5754492307690989,-0.04644947081222005,0.043017577312780955,-0.030210531357678025,-0.07978300205208672,0.03319068074921197,0.0
0.8205902443140705,1.106870667853702,0.7907842996547391,1.825164993883342,1.2099359059564774,0.9063198060097996,1.0293724828496158,0.5559920478239493,-0.43904042693488377,-0.7166820755698728,-0.09631973855506798,0.015874663325033442,-0.09804692680095776,0.0429084196339503,-0.0009580393390930669,0.0
0.818559705929104,1.044638363925975,0.6946218694225849,1.843393965089417,1.1646815801977597,0.8952984992445763,1.02455764891941,0.4532621099936351,-0.5077112337970642,-0.5983379780354415,-0.1197233560582715,-0.04594074784866391,-0.0353996475568336,0.06710345739607795,0.01726428784553566,0.0
0.920916001557445,1.1004235880054332,0.7827210633003239,1.9087398525697887,1.1910665975912835,0.8923566453171441,0.8947002661360148,0.3530681974728196,-0.48507497612051603,-0.6415244177562605,-0.19728345481463874,-0.14988836088856242,0.19755304304520907,0.19278050522247914,-0.06692378553502662,0.0
0.8730670880396418,1.1369410699875233,0.8260587239357684,1.9066978023049865,1.2157443206864302,0.8934112684913607,1.0016713704601827,0.514163885229826,-0.3748370509993677,-0.6739297877217167,-0.17824934926817107,0.07440465916318686,0.09311908936633478,0.08987184105697725,0.00876202395224536,0.0
0.8896203504120398,1.0705195409260773,0.745258142613982,1.8066752051169055,1.191823713026043,0.7947700365003305,1.0475264553530297,0.5657987229346307,-0.41087772943793505,-0.570674618468543,-0.10733817694897077,0.17859438685441065,0.08891639003033117,0.012585146442896086,0.1426440432375731,0.0
0.7927780142329051,1.1098409330478642,0.7418218403949003,1.9406595459993972,1.2136176910940206,0.8926314246712919,0.9959803861485199,0.589615369163146,-0.4576524761548445,-0.6520785578952455,-0.17731611906158368,0.16808876178913718,0.14437961445851644,0.14430768345295278,0.1173103271789209,0.0
0.80906831439647,0.9471327984495153,0.709387871907194,1.8787516660204355,1.2403020233031747,0.9094719788515397,0.9873889945853366,0.4813838202480009,-0.3700897906897789,-0.6231505578212577,0.00037758686806052544,0.031650419556225315,0.05879287712754386,0.28474181339217297,0.034629705424185836,0.0
0.8691626206458517,1.006199049975026,0.9073426590601942,1.8078754520633733,1.2996643257661677,0.8650545729494603,1.0199284746527788,0.5357370897132889,-0.4790603714853233,-0.5962802267562562,0.15232308977731426,0.11919242418530168,0.009636373635539989,0.13695105955666223,0.09785421082020157,0.0
0.822029169354949,1.1209626855584052,0.8035966945505276,1.8795954072512464,1.2368399969100636,0.8859133860608365,0.9924864313002848,0.6343466371041284,-0.39818103784217923,-0.5409881347563706,0.09788579715354202,0.2635434022773006,0.20633891786684694,-0.016697076458611265,0.2019606197711053,0.0
0.7508449126636184,1.0667852371365472,0.7990613257219025,1.9084755226464385,1.2778160785920494,0.8522395809969673,1.0679927737396417,0.5721995247261373,-0.4268589570188318,-0.5406990146273434,-0.041801494480725274,0.054896518205484246,0.08368191290750845,0.07151253329828089,0.19840518797275372,0.0
0.8929265677054159,1.0848142963458451,0.6725344160396223,1.8903002237464173,1.236987237629542,0.8601952048846743,0.9813409015923691,0.6020107511750048,-0.23546207632493776,-0.5000936161193519,-0.029739299171031963,0.13202331854811805,0.051315916510384765,-0.03003885114277502,0.11449563402826132,0.0
0.9254611955455521,0.9324073146199748,0.800893420234216,1.898653599806798,1.3452279808504752,0.8061070689764241,0.9304601617982492,0.611877380048557,-0.4297248701914507,-0.4865688976831409,0.06903155612120859,-0.08011201747649628,-0.051179986244025366,-0.059352063768618325,0.2658685439291403,0.0
0.8105409769756897,1.1328254281961825,0.723946293831549,1.885625098540554,1.2746851258194194,0.8465457717025022,1.0673024081111495,0.6709837737915444,-0.3103427360966974,-0.40720672600737845,-0.00425494246046982,0.01945619133925789,-0.09230345437348714,-0.0979719502006165,0.19669387866598365,0.0
0.8859071438755216,1.0381280941066933,0.8643345689479764,1.7719633724529287,1.2092793911816202,0.9085067855609259,0.9426627466658917,0.6096756666091737,-0.3843000670931427,-0.4453879744923979,0.053078254023456915,0.09546091585724054,-0.19336159870827954,-0.04251043547307323,-0.038652609191530934,0.0
0.9573960651384323,1.0686725278986704,0.838749304009102,1.902162357004226,1.2392369508443934,0.8068033460369394,1.055242108136124,0.6896366351056032,-0.46309381738285016,-0.3936740400248499,0.0797706073120929,0.10052929547208554,-0.059238485035667934,-0.009679039007646977,-0.016821792791068338,0.0
0.782627877835739,1.0694673801596513,0.8872681695770694,1.9398169401019543,1.2413071020946085,0.7868725872349347,0.8647536829385365,0.6674778443942245,-0.2595082613632904,-0.4332755442819854,0.09301415497857835,0.20749694218654086,-0.08358922296041935,0.027650354874934138,0.12003018082442965,0.0
0.9849991529872586,1.1249694549674767,0.8463598405576975,1.8240078363059304,1.2636689229328883,0.8790957508500966,1.0209466935671856,0.6844156181952353,-0.3529450946560308,-0.3555641526913671,0.04615556101728272,0.11226840473411581,0.033799894598524456,-0.02289742406439802,0.1595442107071181,0.0
0.871456381881463,1.1086098176774635,0.7712969980826546,1.8398852518702626,1.2900380726759182,0.8477081113062866,1.074020002470954,0.6137411873016692,-0.34821704847174734,-0.4030029311161096,0.21748751178141507,0.061232336554072245,-0.003458724946603056,-0.013285339862022256,0.02765931703969135,0.0
0.9120048317399843,1.0244968005458446,0.7853950956977123,1.9077225058579872,1.310222825565415,0.8331290876819608,1.0599602943658009,0.6341489362323166,-0.3627118727616365,-0.38283763167959567,0.19243194822111942,0.01907530206262271,-0.10667086991990833,-0.014266226995214348,-0.012619714281305781,0.0
0.7801115042159453,1.0897627705859623,0.8807485324422848,1.7656710141537475,1.253999243343197,0.6884604539098249,0.9988076742201624,0.7264409623541358,-0.3521107057597079,-0.41601385232033916,0.21376056437734842,-0.07330938681979916,-0.20496300749629826,0.1954436025932806,-0.015545525092012399,0.0
0.8800965747358827,1.1470327627489159,0.8166756584398471,1.7704324017168669,1.315338493425916,0.7404715581498633,1.0039634022872141,0.6869088830389836,-0.36678107006881394,-0.3484542037815372,0.16471427627416316,-0.05477856639434375,-0.19814515565638552,0.06697049388080853,0.04610724719844542,0.0
0.888690179365062,1.1528168167656037,0.7922193820811183,1.8974020069833384,1.19876472308262,0.8271744759443289,0.9239459705030368,0.7551530479363805,-0.21860274105465832,-0.3173603449328303,0.251422935423855,0.0781127437524799,-0.24055372401890854,-0.029766331288652928,0.16733389872045507,0.0
0.8420395622039979,1.066191054654109,0.8549024101311253,1.90515759369386,1.2147744066387647,0.7072473833076685,0.9654978990618788,0.7753362275088379,-0.34793824487542796,-0.25668094559300886,0.24918816890869847,-0.027220370185408328,-0.10273214455462636,0.03154510338745807,0.29495468679861114,0.0
0.7752645291392443,1.0707497483194521,0.815177951312907,1.9347210018279144,1.233930851421068,0.7188332248777554,0.9536269417371432,0.8421374227201699,-0.20713916921950176,-0.4212714462425101,0.15573821833686766,0.053300786306446406,-0.08288083029362604,0.07676391857170095,0.18613446363635144,0.0
0.7947995893874394,1.0773882734511429,0.8147087964372415,1.8958147944731274,1.250958094994529,0.7699899986581985,0.9730654897715462,0.7022413640674499,-0.1660698725172159,-0.26234244451745997,0.1328317777545199,0.09618693494585503,-0.0697025792133964,-0.0457492117343372,0.2330419742852617,0.0
0.8508330053047056,1.07960756099991,0.7417498588211786,1.9064399851162028,1.2245097760483952,0.686023475295465,0.9366173707517936,0.7377808817216035,-0.23549372541562552,-0.25051658292273826,0.1908549658802982,-0.03329609846597517,0.08069835238317842,-0.04174576077410983,0.0504206881560757,0.0
0.9022936363161433,1.0506812330287272,0.9123621079023452,1.8887101843692875,1.1642170289532041,0.6903597264363546,0.9771781268277416,0.6796505378649509,-0.1689972296107249,-0.25129334397215985,-0.009414974879121185,0.061712689470123205,0.05043681095322698,-0.1458482044784868,0.1326891591490699,0.0
0.8714669007957248,1.0549367685752566,0.8733173800320603,1.8315181657735822,1.2348830910963156,0.7955101525259489,0.9856952828611838,0.7724390817626366,-0.21044956126729672,-0.22172511094965053,-0.13021184240278819,0.09737952102210654,0.11883580110191756,-0.033288050885698375,0.17774425066870153,0.0
0.7665051114184742,1.1054820456006815,0.8024860032688884,1.930994456080719,1.27298478413535,0.7341057306010648,0.9189325200746051,0.8002135644325843,-0.18808972518821382,-0.2817674438731993,-0.07652501054004991,0.021682529198024054,0.13252865467595284,-0.19477654439817538,-0.027705010200601787,0.0
0.9741201540058332,1.0721514201482945,0.7659844054584147,1.8480841075811665,1.2642891987432274,0.7156282631544765,0.9887172087529433,0.8420050895817143,-0.306849548136223,-0.19695270829434786,0.11848095872967189,-0.06164749772877849,0.1616406639930465,-0.09009259178530679,0.016489822690673714,0.0
0.8488721707319044,1.0853863408655586,0.8619803618494911,1.8759831231209858,1.2674700297459167,0.7246118663545112,0.9598391009807208,0.7863464894166612,-0.23115644813260178,-0.24703637718826937,0.15086970444793724,0.047962712640146545,0.04669423480771889,-0.003212682314201132,0.02048748299447565,0.0
0.9129598692723419,1.1079025880465543,0.8324042286865135,1.9444528234135396,1.2893139932049722,0.7831554433021618,0.9679692409739439,0.8505246457941332,-0.14505135643924918,-0.20002770634757022,0.13785997639114833,-0.0016147981146587415,0.07465314187401197,0.024359233328247142,-0.06075758826571369,0.0
0.9693983806387693,1.122970748125052,0.8043606744463621,1.964082263748783,1.3186171516109495,0.7132145086137579,0.904118659145293,0.7738071826003711,-0.2527083741690631,-0.21488806149721423,0.02099419164961966,-0.10002162207999302,0.11421119625351786,-0.09398204045911224,-0.06254721710157342,0.0
0.8445502605568586,1.1082836129756226,0.7494603889375243,1.8900266199808893,1.309258319494499,0.614228323741913,0.8968565459984235,0.9228734842113907,-0.24853244481113562,-0.19503360139385678,0.12437248504906738,-0.15638249496998385,-0.07210715099230317,-0.2845289191639797,0.024774220049508397,0.0
0.9378121269195467,1.0928593524232257,0.858592740351199,1.8806217736982394,1.2849779043867728,0.7127754905815001,1.0050628718346724,0.8907334062018999,-0.1594159841660938,-0.20763168503340612,0.09215998424286716,-0.12929039498952472,-0.23445013615470425,-0.21066362333143004,0.04151210359802255,0.0
0.8313566714590241,1.0562165028180683,0.8330906979075138,1.917249488279888,1.2330586079345787,0.7574227773958973,0.875830510892403,0.8037208741919989,-0.1472475715425642,-0.10913665936550972,0.06912100224456177,-0.13038153602902344,0.010847504132208446,-0.19097237843184287,0.05556152761550234,0.0
0.9755498395102001,1.1233202401951552,0.8684957000844654,1.9044875134740546,1.2688181587101375,0.634585822184847,0.9436249317392771,0.9016182677108041,-0.13806045948666695,-0.09295359030407309,-0.030019186841214428,-0.13754619726794903,0.1446094213939328,-0.2318222213289159,-0.16893993179752367,0.0
0.9379086479953469,1.099395966533761,0.7400837964877915,1.8929677814055932,1.236057233947387,0.7259903302602555,0.8617501113510754,0.9746381233723886,-0.17343069057570482,-0.08634583300995652,-0.15043709824279655,-0.13833553316189665,0.298484707185663,0.028289969583038477,-0.10371003743368984,0.0
0.93259239241211,1.0593699124529494,0.8496163119029821,1.8835717752117664,1.2343904090407238,0.7317513972947327,0.8769063034933273,0.8531292551204319,-0.12100537902067515,-0.04844487257688734,-0.09512318627013581,-0.20239025408856273,0.1218243254996559,-0.058441179613724095,0.12651340996144156,0.0
0.8389049803195363,1.1582392072198948,0.8217263828105539,1.9061948313776913,1.373002060416892,0.6408649006246562,0.837150218838332,0.8047615799225122,-0.1234625300611034,-0.1479239336969353,-0.009545238725856664,-0.12826524534851838,0.06182607027537722,0.12675607918022608,0.2528643035618652,0.0
0.8295941095550967,1.199177919036076,0.848217952323772,1.8672974350512606,1.2831809327963333,0.6573522714432446,0.874979669567104,0.8840089842616023,-0.10813136798562743,-0.03547600895056129,0.05211874219936585,-0.012908161209326946,-0.10211366402613242,0.02690068278477574,0.15341352676278716,0.0
0.8296919628016801,1.0955076120053155,0.8365506582984421,1.9252937707930677,1.2211308479746699,0.6364997596791292,0.8771734797430265,0.8813501866915509,-0.043178017878029266,0.03025397975922765,-0.0529783953964519,0.10607667286472233,-0.16769272570511828,-0.007674291360886584,0.13884698591818478,0.0
0.9131207990141642,1.1246917257688074,0.8386519578664989,1.9350229184019831,1.274623650889876,0.556289317251075,0.8832942840926749,0.8192454921719565,-0.057372686411271565,-0.031513379283646684,0.05789363110734179,0.10805927828992203,-0.17330146352168357,0.006123266288311661,0.27411552225301133,0.0
0.9032814874797606,1.1150982236134994,0.8473412909723956,1.920170396395399,1.340485706003116,0.6164336553393998,0.9055678326731187,0.7920709962826686,-0.1357624453619572,0.01690615793783217,0.05786025119817362,0.08906746371466884,-0.09177867327043593,0.056814454994647066,0.41705282688719414,0.0
0.8002584225324898,1.075063991095005,0.8843528830959839,1.8887108677656474,1.2356464023344704,0.5943215218712854,0.8399411930775856,0.8501281634908822,-0.09331734674747935,0.05656234599077328,0.20347410374587918,0.04476131824117538,-0.06954069140035692,-0.06108135062328619,0.42136195656183417,0.0
0.9283643595596828,1.150221612600629,0.794413045702644,1.9883716874220725,1.3435810596990616,0.6509620335497092,0.8185924936411227,0.9004598462359746,-0.0417877462849542,0.05832705112533375,0.12719052101119688,0.06260617103182789,-0.07217596887646363,0.13728666469257989,0.4577704798779251,0.0
0.9254500900894316,1.2224346661351664,0.8949659564722299,1.932958541739218,1.3711398548000562,0.568206061738922,0.826350591642535,0.914595123011749,-0.09198754705316833,0.10349328235918341,0.06808363900106451,0.1244067637638768,0.03579203824142763,0.23339478077820217,0.3560156011774548,0.0
0.8484909326131377,1.1629339747304703,0.8482298067087094,1.9759696561204743,1.2977316164520099,0.5403204122134282,0.7078781574136692,0.8692027712307553,-0.14296689283268135,0.09210111005259111,-0.03359957123730839,0.17122328456202143,-0.03499547279109666,0.010256769306896563,0.26576103854683464,0.0
0.9612499305747371,1.0479685389688547,0.8575493697311839,1.913587527589472,1.3101442188220909,0.5700038504869442,0.7884351157956649,0.8990795240910315,0.02130872398683765,0.10339692989780117,-0.033567556249054456,0.03256941200870475,0.04044286130562838,0.19290704796324784,0.18879862056964944,0.0
0.8714333554418784,1.0196061941196648,0.8768067024642133,1.9054735408601275,1.3103614912985468,0.666478983657053,0.8210984254823694,0.9148692258358344,-0.03527870658322903,0.12138136994245484,-0.0289208327661965,0.16287918599949597,0.07370998892443928,0.12683256434667253,0.18094200924451115,0.0
0.8631134052515246,1.0868551779881472,0.8871306717468814,1.9468648290430295,1.2815908914182144,0.5261801657057332,0.7663672818942676,0.9561547458278932,-0.012240144444870912,0.10820295781098282,-0.045607529968905464,0.19123054425688402,-0.10796783691188053,0.3130167669400603,0.05154608437085237,0.0
0.8424673237245989,1.1937624526676938,0.9100721636255524,1.9385337205725544,1.2568993568127769,0.5329996025764059,0.7968973971433587,0.9358942918063766,0.02237606277034696,0.1759555497273963,-0.019952411787754355,0.23397505125998175,-0.14231454620186776,0.10991392501924596,-0.024619376729623083,0.0
0.8307863705298715,1.1121557548450938,0.8094215917421637,2.050837632468878,1.352305196306281,0.5598109875070524,0.7423386822182634,0.9177849358185691,-0.08940757691846554,0.10541781719608137,-0.09537000699915998,0.04734885539829585,-0.04991119815635783,0.06597866516445837,-0.11299169439308514,0.0
0.9056740686479549,1.2526063156402005,0.8644867839081936,1.9358218312152642,1.1887641270093938,0.5046709798546964,0.6694421185175693,0.8029862878874805,0.0454359659820978,0.14789131574967537,0.10483956376995182,0.10605172521224404,0.04541595877297545,-0.015081852267467555,-0.08190830607815755,0.0
0.8553209121971651,1.1500630822544449,0.8998783863400586,1.8643663307769256,1.2644570274892992,0.5262093694646184,0.731909822486818,0.9884599763968931,0.07448051238595504,0.150101738242402,-0.006674225967249439,-0.05065100993153725,-0.002609250194126174,-0.002065792939092769,-0.23254180574457683,0.0
0.9205468173614789,1.1332862414815488,0.8229533871063892,1.956682467702983,1.3124569766892817,0.5268049423933011,0.7644502338501407,1.0045188826694607,0.03771346969240343,0.2555327480696276,0.05825168254000383,-0.01953073139517487,-0.02708915993043431,0.08644640914941441,-0.16499891258252974,0.0
0.9383520033820123,1.094006588490801,0.9012725695456234,1.919673570783893,1.3804072282099644,0.5839246029623273,0.6754329650470515,0.944715617139707,0.05347394511743851,0.12401305537444396,-0.09851597568684556,0.18146928665907391,0.0469800594310721,0.006269853072930404,-0.17352553310661054,0.0
0.9725718760176415,1.2004703224027033,0.8786835233873486,1.933426544587239,1.337589567441141,0.5255724578156085,0.6675786096537637,0.9912917655436976,0.1428397343789044,0.2636636032921941,-0.09721242582838899,0.06919161057819957,-0.09428686047457031,0.060811154164454935,-0.14421459128780406,0.0
0.8982335181454782,1.1168741652688055,0.7792976563866703,2.038943876672009,1.382307024813152,0.41999624217685844,0.8482949052075984,0.8105196317284192,0.18983298437655602,0.28886767023144916,0.009986501461533223,0.015740006395852983,-0.10046564753664713,-0.034549572500726884,0.05618066024792075,0.0
0.908942779475238,1.2027112326714586,0.8573299066129579,1.9070122321197864,1.4150943719858735,0.6310958715871762,0.7077405742689803,0.9259116366351113,0.018570547867503187,0.21703258422403965,0.05609299538916779,0.021756644570890306,-0.17478369616252107,0.04744327203307906,0.08741967338074384,0.0
0.9454574285968315,1.2271188096497319,0.820372233496961,1.9937341531991,1.3872941972450943,0.4661943132032171,0.6665178117552379,0.9317923998215872,0.06374572088477823,0.25398572082197446,0.07473385084180222,0.03513357244712616,-0.2633928782413638,0.217313428191183,-0.00851074567046127,0.0
0.9334191094852429,1.1580658623612465,0.8658946106587143,1.928793853888826,1.2929590704685732,0.43328556660167883,0.6763232420453356,1.0020278222691386,0.08661892763538116,0.28093493263465036,0.15666898587169317,0.2580135026556382,-0.1295767663478096,0.3820446047923647,-0.027833131503893306,0.0
0.8973537163488089,1.0669141873552797,0.855185298720625,1.920481064013311,1.401754118459247,0.4492412894133815,0.6218193965433054,1.0012589808386005,0.09670672317596676,0.23781273717376744,-0.05295213727954422,0.27364337129567734,-0.1859974315865525,0.392296356742844,0.3133810671318751,0.0
0.912453751776546,1.184424433113015,0.9072112069737704,1.9921514345942872,1.3386415920491062,0.4965339961081315,0.5207790839026231,0.8947103209865367,0.10891555804544031,0.35502160684378603,0.07188540294450285,0.042658327652645045,-0.052081162209324905,0.36381832213887844,0.1512766590885133,0.0
0.8770045790522981,1.1326482997928329,0.8967333271985033,1.9936899207075047,1.35460962183221,0.49436786616139916,0.7132029913926939,1.0190984788369797,0.17308019407121025,0.24470720354425296,-0.10467302353191943,-0.12593512470251803,-0.23027754395114694,0.40188711717736814,0.22182019907633704,0.0
0.9471459727025783,1.1497562508036443,0.7949370421406923,1.993634669615091,1.3986917841224498,0.4802910030388573,0.5891681825259497,0.9279806879901177,0.2269145947003503,0.30525075350285846,-0.045120229509932615,-0.07732175527972884,0.07984313197448312,0.35297816437624774,0.1927952898291829,0.0
0.94675371249181,1.1845927216305925,0.9206480890886362,2.0175227808284584,1.333360259612531,0.4254392848382292,0.6170265278049725,0.9387860371774261,0.15374120842587746,0.35358388496370413,-0.15171701814892416,0.06029727452718022,-0.11790257909886853,0.17798070207193847,0.020673526779223433,0.0
0.911187498892043,1.1836787025046047,0.900371767417591,1.884802148579403,1.3834850797716205,0.3840606460156104,0.6160890994627576,1.0346094885059287,0.19006816728137255,0.3918841995447398,-0.12917131705585758,-0.10199500051602581,-0.31156334738311464,0.1818850834307108,0.10376316198304676,0.0
0.9993703015311128,1.1818809503436178,0.8555188545339695,1.997553632090347,1.3584511841871312,0.503301096709645,0.6073698668546755,0.9924906245446815,0.03280017876953917,0.3421822796565597,-0.12409440323229795,0.0645058771850065,-0.19931330169320088,0.11988255130882017,-0.1096202642468895,0.0
0.8854397184878318,1.1683019506527612,0.9067074531996263,1.9902468341455457,1.3430014181373016,0.39287889941125287,0.5062201516421339,1.0043205667469346,0.2772006212994317,0.47573781671629783,-0.028885388406797066,0.0319553245569317,-0.06419858043654787,0.11879651043117645,-0.004621418199756339,0.0
0.8488175159029903,1.1431190129046191,0.8843793889535039,2.032722227369477,1.3143910781321833,0.3537315609072527,0.5619787694615476,0.973220157539482,0.17475098445460524,0.44209022416516264,0.006268403814528433,-0.034222091519867714,-0.26028208724019375,-0.08801935237154163,-0.16884108415248547,0.0
0.9121888936966664,1.2877445427064422,0.9371130991002814,1.9296194830167097,1.2648378957498851,0.38911642608308933,0.577862063388087,0.9691775784925901,0.24494022127984233,0.4599216520304266,0.1265948667426431,-0.00406318646134746,-0.24292340139769084,-0.08908259592739665,-0.09208742645678719,0.0
0.9481803260746249,1.1689676672511027,0.8864462218450485,1.9860701705577843,1.2972164241181579,0.41220408540254555,0.5449394694743692,1.0126225454792772,0.18701392696871214,0.48294863660076415,0.17498846073554303,0.05212747019882297,-0.11648406351699497,-0.1208930181360735,0.1639886000495016,0.0
0.8983343878336809,1.2624471121654905,0.8585432481113466,1.9607541311467163,1.3548159384356038,0.32604517614857476,0.40722737394836256,0.9743819094644758,0.17799571286137414,0.5139169329808413,0.1100912937985339,0.11744076947573186,0.10398449907977562,-0.2154101232897434,0.11742731957391019,0.0
1.0053875929425442,1.210738588975999,0.8892460721365001,1.9892257489733034,1.3086159740441685,0.4304855888720669,0.5585090788592176,0.9763309282068505,0.24129198863331996,0.5010418339930729,-0.11721168597350844,0.13492935185453953,0.07401474875211153,-0.06932506319171598,-0.10683422200755331,0.0
0.8438689011491695,1.1804288096656963,0.9218945078475946,2.0244462755973465,1.3541776394245582,0.37874954883590967,0.5697576575365126,0.9466509766338158,0.26820647414125137,0.5609723198460981,0.05079420337052036,0.08708908686782732,-0.12024502963330232,-0.11946855519239657,-0.08299010751278321,0.0
0.959702518926671,1.2345611587340222,0.83598695346649,1.9739597886727682,1.2854971193559321,0.2549773831969999,0.5095622826779106,0.928058706767222,0.11151004589587932,0.5283186932123864,0.0872677313920312,0.07983669812888528,-0.03739636439461918,-0.29741417825141736,-0.16591652024687298,0.0
0.9563245558353037,1.2638060573655205,0.9078671310163394,1.9520165972205983,1.327918382944553,0.39438259416160476,0.5290794713551621,0.9226080134781791,0.20283725496526017,0.5498373766214931,-0.13832972644160846,-0.051632683916149766,-0.005902036884339417,-0.058334780224263916,-0.1469917452261266,0.0
0.892388674016517,1.244914754788752,0.9756747880948413,2.0684366461746553,1.369144919566985,0.29354403504564136,0.4185471562920077,0.8976319936430383,0.3429807118203149,0.5305882038139889,0.05305371662798257,0.06283854887749636,0.08721832174831383,-0.09226569237166027,-0.25229450507814877,0.0
0.9236577259655857,1.2026800407465594,0.9028358586815826,1.9880016734268526,1.3958308819724323,0.34570575792940683,0.5075435887392841,1.0451748301698922,0.3641926471647229,0.5647513903794897,0.12349327572080374,0.05820067041665547,0.055087827761724315,-0.03963786000480089,-0.06146121621957218,0.0
0.9947201588803711,1.212715063318589,1.005979712288886,1.9850692814959947,1.4039629785416257,0.33226844314374904,0.45631443215549866,0.9817620278022556,0.27564506667606986,0.5456579364778105,0.02090108809085453,0.05684535268972423,0.08499704286778083,-0.16947662359761154,0.024276883418709053,0.0
0.9320504471325488,1.31241184688148,0.9181465443022527,1.971910883910913,1.3747812289558985,0.31868655220138564,0.5087174852440155,1.0166578078012374,0.3475920296471797,0.6272921029373809,0.13943080786546855,0.10185164539392658,0.2378220133068459,-0.2705774713343119,-0.08296446978610408,0.0
1.0114935609738007,1.1661383896913422,0.8958707913043453,2.0283977713662504,1.3288142774537328,0.3309216030864932,0.46633857379810206,1.0326428818157223,0.24755910086116462,0.585128231908573,0.10967246972425997,0.2315081078916314,0.25068574963712886,-0.34647920409179217,-0.0883356949357186,0.0
0.8985862051687388,1.2298717216210997,1.0065651662803052,2.0705881216071442,1.297491994538806,0.22505998531514884,0.38008587677793537,1.0108640768082922,0.38374357023587974,0.6358612500251396,0.03818551962699295,0.17412113046181088,0.20602287161318436,-0.2461390941420109,-0.07471817939287037,0.0
0.9434701129623699,1.2462950268328274,0.9018277375807732,2.0251605388942666,1.2858290000449055,0.25649674722673116,0.4044152467048966,1.0072224902513611,0.2701211880030264,0.5810535988725987,0.05641587170418947,0.07293974254033916,-0.012753914462575622,-0.21239348639587727,-0.21767143912145637,0.0
0.9648119401483445,1.2243171226077751,0.9170979256079487,2.112460623007075,1.4190553584473182,0.22807401222555476,0.4544652162628692,1.0081325497409013,0.3345963771963191,0.6886781784446119,-0.11275390545885419,0.12103998042360822,-0.16287363773691307,-0.13050274920631907,-0.1712571037972525,0.0
0.983906362346591,1.1899174533896237,0.9550089363857008,2.1043156571516404,1.4331155681543681,0.230077533226997,0.2609999132985899,0.953745222863358,0.3839182692709133,0.6858867905483754,-0.12728370454225785,0.016991603447884474,-0.061884095006073184,-0.270063913359142,-0.10042361935029478,0.0
0.978350577006525,1.2833335494869746,0.8411364147842986,2.0911479425927473,1.3802548487137325,0.16357256966840483,0.3311974284034617,1.0218125386285375,0.3955874406395275,0.6812657573592193,-0.09542491449718822,0.041727502877079034,-0.047521715064721505,-0.1920995592166913,-0.13974246852701627,0.0
0.9774753411906182,1.3132742867429097,0.9117793055776945,2.002670555167679,1.3475770523172579,0.22280232594680607,0.36710482302461456,0.9312351012960907,0.41120314032304145,0.589670321118172,-0.08718895564849159,0.061496139190739346,-0.16960327815400675,-0.21736406607759867,-0.013493746482461391,0.0
0.9114156179293976,1.2615996863958705,1.0126925549617525,2.0691754793893744,1.3770984842063798,0.24920158662410297,0.43495843283434865,0.8802185720265904,0.373963951787953,0.6516816903648508,0.131179834224446,-0.01380825414798572,-0.08762395432261236,-0.2771485375167376,0.014530352878146519,0.0
0.9713988754549024,1.2275018965081472,0.8424744472327552,2.0955707955483995,1.360452041691934,0.2196567682242737,0.22844957210522876,0.9991646524721354,0.3895977057065852,0.7106810416407167,0.07303078272428006,0.03841755415145191,-0.03279359591619014,-0.30285677219435936,-0.087132027826849,0.0
1.0073954051951626,1.2298312039931587,0.9822238412929761,2.1314660907523675,1.4125632979888596,0.1629899453871685,0.3016317917511856,1.0230892436301091,0.36231471235532614,0.6858797971915114,0.20374618315898207,0.08829729951450498,-0.20980676000792037,0.06966728405344225,-0.1584057771594896,0.0
0.9089372099187581,1.2751687269167558,0.9600961671195493,2.006307128931577,1.4950499033695228,0.04906132956181916,-0.1223766431672821,0.0398241389649136,0.013355039163084859,-0.06706392408401791,-0.5477289484977583,-0.4467097375928798,-0.09379667165233609,-0.062835834309276,-0.16482461464200457,1.0
0.9207101474735696,1.2797663052969004,0.9347934542934394,2.0241909680724146,1.4609570077398089,0.17202195738429193,0.22387265178491,0.2552447532693864,0.19934968747847645,0.16394889989730935,-0.5494242686238986,-0.1590481891214761,0.20336852916979162,0.5164836308589518,0.13369444783605025,1.0
0.9429339393079359,1.2938861046311714,0.9009219651746792,2.0397286247147477,1.3273479380402702,0.4444691728678706,0.4065601928345427,0.3334567519138995,0.3831643157224404,0.42149023450862744,0.08862465043579325,-0.16050040944522978,0.5061304008070335,0.16769248174394552,0.27120211991891563,1.0
0.9163199946532228,1.284592008334025,0.8839235831143935,2.0396840494713713,1.378529062810677,0.5136628770287667,0.5670614137929643,0.6909367157600351,0.5239319091251802,0.5038023870628984,-0.12249777290790953,-0.32072037816120746,-0.189049308278017,0.2980929111432013,-0.14871802829495676,1.0
0.951907215672453,1.233955260430181,0.9399033607167658,2.0544194962158606,1.4346001565120365,0.7423259974364673,0.7179153521596535,0.6421920396646795,0.659961205337785,0.8161003193599228,0.08406459837947516,-0.0945976988438346,-0.0953072832284304,-0.26175822316682296,-0.07579805342465319,1.0
0.9283502002242591,1.2835079993649143,0.9152117770911073,2.0223326680960296,1.4899616398461586,0.8193640062875481,0.8327841389875058,0.7906347344697136,0.9123499486076534,0.8455986766988135,0.02855158807155198,0.21203635092826903,-0.10733875678240672,0.3199248926978542,-0.1301439703750748,1.0
0.9485571755194208,1.264972163464006,0.974659702960149,2.037328411467008,1.446611299190678,1.007174310627585,0.9908879151964868,0.9496366717317472,0.9054222812577498,0.933398938579361,0.008947679835113792,-0.08980737493892049,0.37894740134994326,-0.3341729937361457,-0.21598259739320716,1.0
0.9504526693068023,1.2848525939285975,0.9492906751892881,2.038157555017748,1.4478086493537883,1.087629613744677,1.0563880922333007,0.9959123032268762,0.9365455189161006,0.9576021628263143,0.5134093347249081,0.2625835410811701,-0.004775685628869767,0.13203318768400976,-0.04190989114720781,1.0
0.9380450159594199,1.2130311610924767,0.9784101074524997,2.051900590604169,1.3757242798245028,1.0159262522540495,1.021823882977459,1.1158431816274645,1.0407347352958236,0.9628345700174787,0.25686318554964077,0.2870847595863494,0.2853744582489087,-0.21555534914830263,-0.16330360041935418,1.0
0.8723111475908645,1.269470409888864,0.968998451438257,2.032265807378557,1.455232398090356,0.9618576031886762,1.1284275709385096,0.9858433785674907,1.0123626117187408,0.9871949980552146,0.49103334967794393,0.0521422510654278,-0.14976868770564103,-0.27374363268148416,0.3417476542382409,1.0
0.9443630434955471,1.234490997890869,0.9198438805024873,2.0477029922642367,1.4447545052783657,0.8633570094788848,0.9469904799255593,0.9458243106019698,0.9718029846528593,0.9271749979976367,-0.24210471145357224,-0.0587762387505365,0.09524707617356702,-0.24264348070850086,-0.08759971555522435,1.0
0.9472339609736058,1.2840882691634885,0.9770503244834132,2.03768998957762,1.481497568114913,0.7338284883281047,0.8197160769199763,0.8625929403383482,0.9075297646977964,0.8784267020021777,0.23065268366560351,-0.12527706940359792,-0.05539630022412224,-0.22741862940599805,-0.01345976290957783,1.0
0.9513794206132896,1.220339395705443,0.9838846270044436,2.050778421188189,1.4652464411566022,0.7705857602902891,0.7056523141147466,0.6126823273970662,0.7087725105480446,0.7085630180489619,-0.16026257948165623,0.024288436078349795,0.36521076606720304,-0.35550991370589263,-0.26992577464034767,1.0
0.9241495892229566,1.2452336814035525,0.9759964921345465,2.044226386097688,1.4236039797253561,0.5154777940710481,0.5768703796263349,0.5042093812727323,0.5699415613999387,0.5438429729674671,0.2889578926586724,-0.08291881911283731,0.21983946151302305,0.4057756714582211,-0.020390182006557747,1.0
0.9519035673762363,1.2977676892708856,0.9130124145415317,2.049553815615972,1.4349982108392632,0.2977801201336062,0.36826577330604443,0.37216187721252075,0.3791439238662459,0.27226828428957517,0.3550727672781382,0.13861211031250983,0.09731476792503686,-0.09164264411934597,-0.10998735254259215,1.0
0.9331214082182453,1.2825105294899677,0.9961135835519894,2.037293586631951,1.480515782082095,0.11218246014716894,0.13144144168270777,0.21155966744055435,0.13171748596650418,0.0856075496703026,0.5816652528506047,0.27480907520533326,0.04067197172727941,0.0924589853592594,0.3932085029015754,1.0
0.9329438229481795,1.2832649454526235,0.948139808113201,2.026510714794051,1.4657571287609825,-0.04198202801051262,-0.10730961211458057,-0.05791749958562917,-0.11364483268765589,-0.14833846802337597,-0.1527575838311023,0.11085564215945569,-0.1806864211367662,-0.0790066038275116,0.4839685415770178,1.0
0.9301391863554757,1.2668342653340336,0.9535661749252811,2.0185616072551613,1.4604364943275887,-0.2265240815163158,-0.2933449994377876,-0.25654578674271744,-0.26577722420296024,-0.37442138931139224,0.2938312245014971,-0.11456256722326362,-0.4898747412377872,-0.07603972290839876,0.008873719090137636,1.0
0.952390000285777,1.313503718307589,0.9649460134152573,2.052752663074194,1.4614233928212406,-0.457996346342922,-0.5087239378288873,-0.4757497646075588,-0.42150879134138786,-0.41058648791814983,-0.3653126737269462,-0.23956894799295916,-0.04090819442693008,-0.02433272520353175,0.31228517003417283,1.0
0.9509846128910823,1.24959550321724,0.9583852208288912,2.0496682606562513,1.3947127600861138,-0.5711141875371933,-0.6983422579111166,-0.6550474653516161,-0.6020246824509415,-0.6414620477401891,0.07441682153371154,-0.41660128197202445,-0.180755980424516,0.09329286028669015,-0.08313704888528904,1.0
0.9199781068254952,1.2281781455066298,0.9819354978130345,2.0354302192126625,1.4375495228493107,-0.7982076199148925,-0.7069576395924834,-0.7674313731702025,-0.8250646141076211,-0.7492515557088494,0.1897631349011995,-0.5204957290598302,-0.10266351256718473,0.12846445248078484,-0.18607783320344118,1.0
0.945630728099428,1.2877109343492061,0.9817452065530462,2.0375494978648483,1.4733959558014476,-0.8971884947206201,-0.8538692021621874,-0.9230936764734687,-0.864309565946864,-0.7730764482279504,-0.2773032590927165,0.517601285786667,0.0592264565990513,0.06272344852695243,0.06985947294925746,1.0
0.934616141180207,1.22419995194842,0.974646629860391,2.041499685186019,1.494072200710206,-0.921190037690025,-0.882414915924744,-0.8497579772481014,-0.9589150078274143,-0.975244259215231,-0.07827599874817913,0.052809453305802695,0.16412317963379744,-0.2736282660832347,-0.19216720835298123,1.0
0.9380428724061619,1.2089817786839907,0.9497778203791551,2.049636508808248,1.4274655257623576,-0.9469397808599337,-1.0918664106456282,-1.0355946486322072,-1.04030063395863,-1.0681195354349382,-0.08865318836401531,-0.1979973843846045,0.26929963100746,0.18837669423262354,-0.34931206423983246,1.0
0.9576053538379402,1.2617677224533954,0.9568844143969654,2.0481751673854265,1.4748231058665668,-0.9757563206893578,-0.9827276404984648,-0.893206830801333,-0.9651988313234865,-0.9577488001293353,0.31645339214356744,0.3166119224344353,-0.35557744994070456,-0.2178911703691208,0.045061972793241374,1.0
0.8973508709156433,1.3557620044033554,0.9366925540322273,2.0890750658327555,1.4023059314806885,-0.0818194433504508,-0.126665821608065,0.8051526266933855,0.6432904897555018,0.9788507991264308,-0.22097524991381678,-0.0795013240560519,-0.0019377119054375634,0.003921365450225006,-0.053780280420933815,0.0
1.037006626003546,1.2731330793215025,0.9555215342797542,2.161726481863862,1.3671140070623464,-0.10547434121167432,-0.13788150627270532,0.7998034296898775,0.6526905186516225,0.8911990364726508,-0.3063215472674212,0.047352256545995335,-0.0573453576117833,0.03393273910710487,-0.2911328799252309,0.0
0.9597229933048833,1.2119323870467003,0.9669700071438883,2.0553157425069855,1.4891211225592011,-0.002515597444148629,0.00505019748008001,0.7360638632139689,0.7003549205897929,0.9300905590631419,-0.2377024760247873,-0.024948182566210363,-0.15990106445637198,0.08910925726726311,-0.20414062462752955,0.0
0.9917760625938222,1.322139176387971,0.9931624914635312,2.12524035809143,1.4996939347929605,-0.0193492069576547,-0.11505569272543954,0.7757459482568055,0.7102253273661233,0.9117239889877661,-0.20495345519196376,0.09648735318390168,-0.2843552571241024,0.0845406925318019,-0.11511639151133478,0.0
1.0089842332890415,1.3368024948215032,0.9286275244410818,2.207661310480107,1.4340232480521777,-0.05185445840938326,-0.25246867417981544,0.7486239285401369,0.6825338309188325,0.8555057628535451,-0.22189541876274294,0.06685091882451068,-0.17644233268836743,-0.011742368681909601,-0.09694794879956989,0.0
1.027050321021248,1.300011264513626,1.035954442738463,2.1048207962993506,1.3851072396650064,-0.05351869497898963,-0.23855732949045366,0.8470054808418048,0.5696129542289241,1.053818740231201,-0.14012535437223428,-0.06526481745777962,-0.25003696824831895,-0.12139646806360735,0.06529063325232211,0.0
1.0318921176592573,1.36691199156426,0.9126260691300863,2.1395959323375995,1.4466755878629967,-0.15515403454511886,-0.2054403504181232,0.7478425078932294,0.6610887669068972,1.0200229361788968,0.004052983185383899,-0.0338648744183875,-0.21442445871128063,-0.09096314814275241,0.18691666921130898,0.0
1.0068511878790651,1.378491774550751,1.0834120835676981,2.161575103700727,1.4440026038785838,-0.21691509448335256,-0.17160380216534554,0.6639584346657533,0.6902965420858429,0.8319893147388954,0.15806753817375424,-0.013541274996927873,-0.3576282369667,-0.1214370518652286,0.15581925342521188,0.0
1.033369683293118,1.270784141396029,0.9939731404897536,2.1733843830639152,1.5212033971322814,-0.08987626671560583,-0.2716756247133807,0.7965377875551272,0.7106906688167055,1.015669192563578,0.2311987029763942,0.059203301500010116,-0.2752337015319922,-0.032499920658871376,0.21126341387964612,0.0
1.0064388566043418,1.389049620825203,1.0035301298279455,2.1370548947382035,1.5049494211614178,-0.13410247428251335,-0.1079721024280133,0.6498384436319913,0.7190696992177008,0.9425736501899089,0.09034292359602407,0.10484279874511618,-0.21720354403452344,-0.06624619865933853,0.14089029729338257,0.0
1.0208895478696152,1.3315244027867663,0.8732779457665856,2.195081717330597,1.4938494996993241,-0.20005161197977375,-0.29907397093872634,0.7078772478048455,0.6557398435834078,1.0123566879440817,0.33475177440134773,0.06103207516865586,-0.1176425454196958,-0.012610307669403888,0.14897641945809145,0.0
1.0755548946767068,1.3182900780896405,0.9946204502055245,2.2379747046426197,1.5083180416798707,-0.13072340510961675,-0.2656257426024444,0.6582609598428705,0.7028389883190749,0.9577722952144085,0.18674669031882607,0.010325622325991893,0.01170929048760952,-0.12376495862856916,-0.037533903822131565,0.0
0.9927342015240109,1.3077612552271602,0.938318323515333,2.2068059716269137,1.451159056133783,-0.14349200947710383,-0.37120566009628225,0.6539376530136833,0.7330241108816707,0.9897977022645158,0.14001315558505978,-0.023186619118601228,-0.0032188654229446155,-0.3757134586487123,-0.07088916857281542,0.0
1.0163927939630601,1.3088983328816388,0.9625663352402392,2.1496107183611843,1.5115818447091065,-0.18563659011905215,-0.30501435118194864,0.6542109013717863,0.8018594446503211,0.9696017553313023,0.029269623413456097,0.10962396075914142,0.0987321996782954,-0.43225318225515386,0.05723989878944815,0.0
0.9210747109478186,1.342286027907699,0.9742027085505855,2.179148269112653,1.4659617559443885,-0.18416031099915503,-0.280936450682108,0.6429769279861242,0.7894857429185841,0.9353362042912681,0.1285172406312361,0.2622070984834105,-0.08343537723425094,-0.5313929666628936,0.09983511202072519,0.0
0.9730954210875807,1.2457604087746117,1.0665101476907355,2.2117496629116724,1.5281362199955253,-0.2540791985942677,-0.3611104453421895,0.7192448379598817,0.7477415286035782,1.017576130482044,-0.020263131408216756,0.16089238651259358,-0.01091347873870653,-0.5176293698686325,0.11647787902826942,0.0
1.0625289012075763,1.4203632226504443,0.973631448374478,2.2090216544633696,1.4740074574778455,-0.23731548970271185,-0.2860009906837984,0.6455274568186213,0.702165193934222,0.9382172141279911,-0.015858078607472556,0.1863733127422596,0.0861612883432369,-0.3040138026910263,-0.07419421886704562,0.0
1.0613099147440597,1.3298923992441178,0.9091503026798854,2.249612737340667,1.4681805391669374,-0.31215277706909106,-0.3777323082546599,0.6947229619815295,0.6780100265565436,0.9494053911332018,-0.1350407179902015,0.2234190057119167,0.2293281097471454,-0.17643633370295403,-0.03959386189299022,0.0
1.0433230302470256,1.2914056211318095,1.0347261661706575,2.150469224335449,1.4000933982398467,-0.20703245818465216,-0.3937884082287161,0.6672064400378674,0.7092201219414143,1.0313981111656938,-0.09412209855494175,0.20538425346536412,0.0234656272206957,-0.18750447637617612,-0.31932882614583497,0.0
1.0781578526247753,1.322403930331413,1.0183832560219055,2.272332792290874,1.4912680751207126,-0.2644250673231557,-0.4751473742933351,0.5080821820798558,0.8216930790430377,1.0572706473036422,-0.12167605399760512,0.05330880607843974,0.03448379654994815,-0.23899798827694296,-0.3000781989769499,0.0
1.0161603500397216,1.3467088955742013,1.005131366689011,2.245959521934143,1.5168049149827487,-0.2925300154608368,-0.4491003758281435,0.6297436608110323,0.7986709422987568,1.0536639447028529,-0.04751970303776569,0.12055543404344753,0.09707645170293566,-0.23478275234853452,-0.15321836426696733,0.0
0.9798745307580572,1.399689628755218,1.1039554398384208,2.238154718829253,1.5163816370471561,-0.26865418286510745,-0.48514612237301463,0.619209958065948,0.7299101349282934,0.9272387534164472,-0.018772227823386077,0.17527650844261894,0.20291818319763116,0.007472346459852508,-0.06837864201584826,0.0
1.0018077460907049,1.3500380518357147,1.06381360222683,2.1867130975749554,1.4773156818999105,-0.2920781582625921,-0.4759748250611339,0.5869057114809906,0.9174534784690896,1.002878508942022,-0.016882838804056704,0.14386025013936954,0.058911391783440445,-0.015174309070637135,-0.10837611802973865,0.0
1.0830080247530303,1.3141899289083518,0.9901286841486105,2.275379817752074,1.3716104996788514,-0.2501793622705019,-0.5099692929331883,0.5397266195445108,0.7645346596984588,1.0120496709959435,-0.10964264922513098,0.08016113487147006,-0.05970564327761385,0.028786383277850956,-0.24687443883268062,0.0
1.0809529764885322,1.3377825628026045,1.106107126146012,2.2781279420085143,1.4740658166551144,-0.3122121378245457,-0.4884084863949018,0.47606285183749925,0.7556546431109125,0.9985647355457383,-0.13681958689828527,-0.019359372239563924,-0.07068808658217374,0.008020838303637048,-0.31110784571336336,0.0
0.9597107421731186,1.3508198974000718,1.0419558629516692,2.210496552280222,1.4244149136525792,-0.32833570551112995,-0.5206936102191844,0.5361135159561569,0.8219272841893855,1.019132383610125,-0.09105746149232281,0.0651882827796543,0.1278944256607053,0.10968607596159466,-0.45511915267833697,0.0
1.0132748318242208,1.352696713975756,1.0388673340431414,2.1590930015631464,1.5565868992824363,-0.3538946939933092,-0.46749303651034163,0.627829139844049,0.8006725969426748,1.0049240509120065,-0.09716386529453863,0.01412828544049774,0.04721909966965337,0.04913436959225617,-0.4173395746337515,0.0
1.0150416793619217,1.2207427463292917,0.9828521603751791,2.2346887055114673,1.4993686869395164,-0.31217649133382486,-0.5464280325741073,0.49464482563383566,0.8143142735732787,1.0923393365888525,0.032778245589019844,0.008772618566960964,-0.0475716411009932,0.06219126539570537,-0.3115160938903092,0.0
1.0786778585285004,1.3681094681906272,1.0458057048360763,2.2202716776256666,1.5138268324018616,-0.3269293057609916,-0.4705169978090378,0.4362977276491336,0.8264010371907171,0.9480723187615555,-0.09427942899448927,0.1010869663884109,0.018123212086053594,0.014693592592952366,-0.307097922673115,0.0
0.9768303417254197,1.423084545034926,1.0021276056392416,2.2091046800908742,1.5185251352061209,-0.3960285348449855,-0.49616195258577167,0.4968325493846199,0.8841547701522277,1.0482459531707864,-0.0364619443106669,0.04883846601944594,0.23810340508337496,-0.02345944099523825,-0.2688827828803165,0.0
1.0132729077959284,1.3436915051060716,1.0060335426752995,2.25467565509259,1.4844417010625583,-0.34477354498044205,-0.5129960625322535,0.48787484113803103,0.7754067210822319,1.0171487131937105,-0.09196375007340897,0.09008220692211408,0.08331820579821454,0.14970646121711254,-0.19967994353621532,0.0
1.0224797638108303,1.3816093983944944,0.9808806992512724,2.1966266574662323,1.4952268376381117,-0.39264351985587376,-0.6204301509153338,0.3582381666142107,0.8142157693160659,1.0046166154502623,-0.1267506913502363,0.02708225960153325,0.029699075659515357,0.04267453321155018,-0.17789983396223014,0.0
0.9918293867094838,1.4254425312288752,1.0454527174568986,2.1833544671291185,1.6035713874635777,-0.44387119747330067,-0.6560471423913945,0.4136141186296282,0.8201544350760042,0.9582013917687939,-0.27798969872102725,0.06338500893610255,-0.050322978243072566,-0.03619855177063653,-0.1958588956604778,0.0
1.0104180168719141,1.4193287255399485,0.95230581661281,2.1746328480745936,1.5377388892850021,-0.2742021211688491,-0.5483301318091198,0.40667539685932985,0.8694553646010221,0.946254084836217,-0.10559726791377923,0.03724199075420266,-0.14457183947315522,0.06292412733045982,-0.08005935849632416,0.0
1.0349930399819012,1.3001699445605852,1.0306623344821466,2.2401656516076467,1.3616800193575611,-0.3925366217371757,-0.6419603848724078,0.4426361471199527,0.8437251682076748,0.8970556457326815,-0.21992927670971377,0.018502513778403208,-0.009565848597826068,0.20378750003213833,0.028408877808012115,0.0
0.9585415404641694,1.3914848795552939,0.9743942339398076,2.2710075963281797,1.4740669048710278,-0.3629897174775799,-0.5872348708342301,0.3393333517783768,0.8308949617599849,0.9225301634409361,-0.09054586812394456,0.07631501616801782,0.10160620800389114,0.1428597910916078,0.11321208646973291,0.0
1.0917164793985354,1.3996206417070636,1.0314152149956022,2.2432027888356916,1.5457276071407051,-0.4832999585310648,-0.610740851691895,0.33903562941971277,0.803531641826847,1.0548307616540578,0.10526687219057877,0.06256004790749903,-0.05611680867310423,0.2563464855339239,0.24078715759241237,0.0
1.0792089757070795,1.3039869831256374,0.9852904928186349,2.3394002875046285,1.5098625236416148,-0.3822502621645899,-0.629602078326796,0.4470435670364592,0.8890886416881709,0.9660529747541964,0.1255037437488277,0.01693831850665508,-0.02849356613942537,0.16937172860510685,0.3310813628908191,0.0
1.0708643403693447,1.3503298982367364,0.9900268730319066,2.2380412893641406,1.6057205000842518,-0.43879846440191406,-0.6393064643785917,0.38106081491407084,0.832109603973446,0.9450251214519702,-0.020275722481796543,0.0698408106500293,0.03461095107544608,0.20750739877858534,0.43430346459749203,0.0
1.0068785605791037,1.3252538220881043,1.0729197462725784,2.2299462993384203,1.5564447317472603,-0.4119127561443995,-0.6908768048812908,0.3428213997354502,0.8081224986786482,1.0418305853106147,-0.2224995094756198,0.20199634811117093,-0.23614347193947635,0.10558639158328745,0.3644271902938596,0.0
0.9895472793157871,1.3989770648994826,1.0142146647732466,2.2919389441110503,1.48759659570731,-0.3457784690543462,-0.6787706117492497,0.26530192082255655,0.8334236587661096,0.8865791874861202,-0.18783474510695072,0.210732893334714,-0.14216892500065179,0.12615351405845898,0.24582331088406345,0.0
0.9909553457044349,1.4466539417732673,1.0545743238902,2.2218073870241835,1.4678920927804486,-0.4032614805558593,-0.6498344531793703,0.2832194021711113,0.8708509452047325,0.882298251712808,-0.11169238812706354,0.10857418082980738,-0.09138906176784409,-0.07955380982044037,0.006254286735627335,0.0
1.0553197071010718,1.3618798327169581,1.0523043718397536,2.1480348753989316,1.6192757769825703,-0.4300423044048695,-0.6460505898164629,0.28303630929680956,0.9101680108295671,0.9843940758394393,-0.05956373674059198,0.023122906906271855,0.01763439484723827,0.1589799731922077,0.00897518616941952,0.0
1.0291870757020019,1.4880058898568993,1.0548415723291056,2.2731881093463118,1.538986165148073,-0.4325021488060778,-0.7454580131285733,0.27211867896926073,0.9573305757032186,1.0304627319389952,-0.15457840286678562,0.336253569932238,-0.11648757490415242,0.2767407538487162,0.042605673174391595,0.0
1.1216700798384587,1.2982145968311678,1.1300417649304022,2.3128980616449586,1.5454731048634214,-0.4703702041104481,-0.7586742039196365,0.26363875139084547,0.9175982425639848,0.9409670031344256,-0.012642486675766049,0.06629425877206768,0.03691278392729118,0.3176259196907875,0.03843447847276576,0.0
0.9694341364277593,1.4090415839620054,1.1161294450616035,2.325585542084798,1.463837781965208,-0.5371436358402959,-0.7489926472408043,0.30810509711368805,0.9878152372952407,0.9300750568051549,-0.05151431081211441,-0.055818582154429176,0.008267045514374334,0.1087855584024181,0.1290511321333438,0.0
1.1898024669375429,1.4151018612011372,1.0385240068617345,2.2021147307168203,1.5149999076762506,-0.4452225906464318,-0.6819671058279108,0.25338557121603184,1.0206460902255996,0.8695160558929573,0.00019491185681151657,-0.10008773781755198,-0.10216312185103062,0.20187544233066473,0.05503467278060899,0.0
1.1175260577454795,1.3486218560073595,1.0460878004745626,2.215586717268799,1.4979757069398916,-0.635608599242638,-0.7657390405706751,0.30802184706287894,0.9371553711067243,0.9379220688158171,0.015353706634438807,-0.03212796987270815,-0.12366990675876094,0.10000948412034079,0.1397989549556653,0.0
1.0210745455143106,1.4445617496030632,1.0091916188713421,2.3362394603345495,1.523358686177573,-0.5409553049706051,-0.7700919565347552,0.2337590819424877,0.8520507413108886,0.9917385553604814,-0.0849649355201866,0.03940216599987788,-0.21226450296083244,0.24720231664280484,-0.07896201179775537,0.0
1.0834768035961013,1.3297750353838032,1.04355384362069,2.3014338758625414,1.579344152424917,-0.5192470252768173,-0.7959762688610054,0.2869628446444431,0.9067902235485455,0.840024571951014,-0.11275099211268583,0.04427707896986728,-0.07184698473005079,0.2649773544123312,-0.09977979073666984,0.0
1.0855789071321946,1.4171045111250635,1.082255438943707,2.3144902335277693,1.4703966928782084,-0.47534502819470403,-0.8683794407692438,0.17046632487980107,0.8880869687973618,0.9684255768789694,-0.14499772032488678,0.16778171139498751,-0.11660048264216767,0.2360218740647704,0.0003967271708723852,0.0
1.018063774242144,1.3556843357659523,0.9647090546151518,2.335890955594217,1.5339952885079278,-0.6593947800222326,-0.7513410518377494,0.22106198552230427,0.9731592329547735,0.9531193883397331,-0.19482956677697008,0.03371095684496275,-0.0466372359035893,0.17545861531403453,-0.09702744882656127,0.0
1.0570533962089226,1.4216698273466633,0.987358941949241,2.2952049102979815,1.5019167526194097,-0.6449991923081837,-0.8716765304530625,0.05830294960617757,0.8095705017035574,0.8418895104613163,-0.2132625014351149,0.09977853966487937,0.08368204943338974,0.09833206858173937,-0.06593745743765926,0.0
1.064900656042249,1.4055627032798992,1.010524520745347,2.2678846942640325,1.4780971492045547,-0.5822252967556245,-0.8270526521286234,0.12404955741071633,0.990654972973563,0.8650834545991584,-0.11039722808900318,-0.08209714393893654,-0.10211104746968774,0.11293497406608381,-0.03414899487087217,0.0
1.0833181553974842,1.422136309294467,1.024407607154016,2.2504679269410808,1.5507554635942133,-0.5662859811546263,-0.7780996493522377,0.10912999424843045,0.9159747126526233,0.8351516813263725,-0.07034452706475496,-0.03348416978708143,-0.1533710542124318,0.0962675268898633,0.06467719256285995,0.0
1.0615068068276696,1.3438968821965196,1.171941917491188,2.271905965744656,1.545992651270316,-0.6518682268944691,-0.7774548719330683,0.039897347260367685,0.9560578388972758,0.8640717720577727,0.017833241472363558,0.10001393718038275,0.03647071348333564,0.05872010795419165,-0.020061365750208095,0.0
1.099768839530206,1.413042324809408,0.9948900002556763,2.279741677049633,1.491471005392018,-0.6273304632991019,-0.7856468417991064,0.09566816846123412,0.9380899680689303,0.8299736769992779,-0.13684410035678518,0.013309661638653367,-0.16966217787486215,0.02213958163357961,-0.1973645134835987,0.0
1.0919101468285553,1.4641704206590236,1.1128545839396735,2.4222920137876307,1.566126479756815,-0.6502019429561515,-0.8354473729145994,0.04483879282297085,0.9784815800874994,0.9145093342237691,-0.03321268336837031,0.10396978931991357,-0.007286527600490561,-0.09524930124356781,-0.11109923669680985,0.0
1.0978313988662822,1.5028304665252912,1.0901101460828764,2.377413801524121,1.5160957404352613,-0.6195383371883204,-0.8557905890503403,0.048979080139757714,0.9693026875339364,0.8530132861275482,-0.0010059410417944496,0.15298071309916056,-0.08510874851825752,-0.09211474469581121,-0.045522032782979206,0.0
1.1429535963065884,1.552465038754341,1.0145726551745606,2.3349904721504697,1.5598318244438076,-0.6276100727972538,-0.8742671015288895,-0.05105695078975718,1.0400602848420786,0.8265294145751446,0.01660573150769675,0.1787768507915433,0.10110083146711796,-0.2683016891369951,-0.10779935615134076,0.0
1.066673122938518,1.4833557603679934,1.1516314679184645,2.272124444374719,1.572363711395605,-0.6184117330887938,-0.8976777048803848,0.014059170299480832,1.0004928312162777,0.8493440598129443,-0.05434048267736684,0.06660198372310293,0.08971398011751108,-0.12835604675046164,-0.2669433277583283,0.0
1.044391766115903,1.4102794734063362,1.1410504870072105,2.2926310012785995,1.4966170252940207,-0.6500427502488902,-0.7953471926173684,0.03037884602178046,1.001129166756427,0.8604202379072546,-0.16495083051567835,0.12097605233858344,0.16118817607356511,0.019142359173744655,-0.06001043109274218,0.0
1.0846459024658788,1.431905860749697,1.1139342949716349,2.3116995301731245,1.4992236885943546,-0.680098211102804,-0.8250051780443839,-0.020699762038230308,1.0515359792767118,0.8144547051997041,-0.022501444720340755,0.0665556630117559,-0.1445990788727231,-0.0019860348387421498,0.04062080747213375,0.0
1.0519510896445838,1.4464487222719942,1.061645213431436,2.3234307300782473,1.5141514007617252,-0.6144543578371807,-0.8589781999481662,-0.1059826828244889,0.9426112341313669,0.7623812680013657,-0.01708924262602837,-0.03484343053727205,-0.07580366861871468,0.0755223799533947,-0.006095681886978704,0.0
1.1541629598774672,1.4476259756758398,1.1147658185655427,2.2808142296565994,1.6264698526214605,-0.5817898902784902,-0.7574997141051867,-0.059760830575109045,1.0099821260069122,0.8302598678637539,-0.015363489813481734,-0.1666462508287211,0.05429526739962598,0.129147669959426,-0.09669235205246916,0.0
1.1159907206522857,1.4897820698700375,1.0892759828861613,2.2672063244609117,1.5642660275688127,-0.640287486234256,-0.8577920140477259,-0.018476794641667467,0.9958998963856843,0.8124453358592398,-0.12010684341908301,-0.07050244334137745,-0.13852492088344265,0.008740383125594206,-0.051982074217697516,0.0
1.1943315887419135,1.4236269031103297,1.1158666832829942,2.248963362693095,1.6018642929137912,-0.6562589791727321,-0.8883640704541573,-0.07095175768345062,1.0048599617269878,0.7387895071902352,0.015033927154623247,-0.19324474333561312,0.05511253638734295,0.0064274180888305695,0.030190259234092916,0.0
1.1511900586372938,1.4537494991929125,1.0831682177278017,2.432542959606774,1.5460829342695999,-0.6700777344556194,-0.8158765292930972,-0.04756802202211863,0.9180122655374762,0.7545080374097137,0.06904172631847919,-0.11650649987608531,-0.04888171201922925,0.07125291002361267,0.023880093826631192,0.0
1.0817729202006225,1.4310917376306465,1.1511801864676199,2.288323852769874,1.6012920520119416,-0.7045182016707341,-0.9653711376119187,-0.07834250166670337,0.9280088386059511,0.7857088885159776,0.09529087361625577,0.00688861321455804,0.09934379787750963,0.016363251323881084,0.15360228323791933,0.0
1.1005592976119296,1.4650769284841947,1.1064365277595498,2.430736967399305,1.4973811616499602,-0.63426610360797,-0.9749667048177304,-0.08165833685730069,0.9474251186699082,0.8142923209338614,0.13334640102106976,-0.10941227397872413,0.11459040646800006,0.1006099290044968,0.13327355935338672,0.0
1.0236676440008525,1.5089903569161396,1.1661611375290193,2.3178714359168517,1.5942913462408574,-0.6872022653983272,-0.9518187370397233,-0.19650790846237254,0.9057538140468151,0.6748549310637448,0.32440972978875926,0.0007647183249956807,-0.017559725970923798,0.15080058818426556,0.17573933085698012,0.0
1.1872020296130368,1.5305993421091797,1.040996640140029,2.33293577534862,1.6376442087415684,-0.7861558749606348,-0.9542798030991658,-0.06299405554743331,0.9660142346949769,0.7154010662886248,0.2097111922550216,-0.004420491187350132,-0.052308797212672266,0.0555289411508752,0.2778535593463729,0.0
1.1460842804699047,1.527790025826848,1.034045203657672,2.4010985549557624,1.6271885852180357,-0.7222760041340177,-0.999413512585851,-0.08434229869562834,1.0274632885916601,0.7458228362258512,0.1854059680549004,-0.18176024512236894,-0.05087401645511423,-0.03689432180428889,0.1784737492136714,0.0
1.1331454249124155,1.4366103117513005,1.1137618362135409,2.3148212972906617,1.587182216983012,-0.7608828721092338,-0.992806430332208,-0.2294114007349623,0.9380790600321292,0.6950400288560832,0.19251415090920188,-0.1286153837189483,-0.22303735278009595,-0.1450533615725954,0.08723257277788492,0.0
1.0569111085469884,1.5053218715376193,1.109669906212693,2.3645994454812524,1.504058065165957,-0.7353177931328181,-0.8828025831605858,-0.11823800839319507,0.938410696612635,0.7083032010044791,0.10294320643765195,0.027412944191878924,-0.30545561814586286,-0.03440057705709644,0.1504911601870847,0.0
1.062549032266797,1.472972421694292,1.1249237261199778,2.4300738186581983,1.4747148258182152,-0.7636927517925566,-0.9845130806943284,-0.16742539711126986,1.0829545434282435,0.6857496033140573,-0.006690969982880435,-0.027078782692505486,-0.3184716442671418,-0.08207345814400653,0.08758714463547176,0.0
1.0438729224449574,1.4952628964089878,1.1300240933755976,2.3229827707429735,1.6124727199015945,-0.69029266693592,-0.9535858066089767,-0.09582894178023389,0.9634629554564096,0.7186057114755782,0.025608310190547944,-0.07005840102560895,-0.2076750698507923,-0.017833145380821952,0.13284077031958882,0.0
1.056168577094611,1.4599377028257516,1.0308946602348823,2.35296819321064,1.5439193145171888,-0.7852548908534613,-0.9887567499094281,-0.21635373555117865,0.9573221366394327,0.5784810839928147,0.08726506801051175,0.1124972628063252,-0.10210899279012847,0.04648063696352442,0.05883763360309345,0.0
1.0803996594418488,1.4744999461306458,1.1568689199096327,2.4452820935337485,1.5720878328203223,-0.7961272858052274,-0.95903963818172,-0.21520205407866458,0.905520177020096,0.6280526473649829,0.24292261869726045,0.11023055523483441,-0.027970281680553308,0.004915579782290874,0.09263043436184748,0.0
0.9697181088158772,1.4443299263339482,1.1788668970717433,2.3896657928622504,1.5789150534102456,-0.6471373088177798,-0.9261922553824603,-0.18177820281823237,0.9698744401199907,0.6284725364237679,0.11381323327588184,0.0428986813736825,-0.04867174697165669,0.03403412323818643,0.12665694479055029,0.0
1.1477547918254658,1.4291332279562319,1.11556619346108,2.4219913149791843,1.5860028531492243,-0.7343976502021342,-0.9875549440760436,-0.1760511518409209,0.9994925211835395,0.5183754111725151,0.28657304422587565,0.016567346000963656,-0.12071222249186242,-0.1568586386888539,0.03896614969797085,0.0
1.108551823933565,1.4178622111660528,1.1033983364214217,2.4332711841191568,1.531608827604674,-0.7912032047489497,-0.9896572128187789,-0.22699632466455505,0.8914620744940707,0.564181358001713,0.0712075241456265,-0.09675972271368634,-0.033107998042421365,-0.20299811579797336,0.06923193551683016,0.0
1.197141979386875,1.5384854109008095,1.0537291129421187,2.4187207908455237,1.5833152408085696,-0.7728467535812268,-0.9133365600409179,-0.24453062569198908,1.010699699602311,0.5367532140208953,-0.07572416768638676,0.0037440918019886887,-0.11203382358759789,-0.2667997392895315,-0.042798171411650765,0.0
1.1099348827584874,1.4962557059738564,1.1756627835426794,2.374329332896132,1.5963443047407335,-0.862305683396473,-0.9819263994070005,-0.19186120764731202,0.9822646114298405,0.5442331992146887,0.12951099747006115,0.01891830709278168,-0.13794849333252385,-0.39029418468417987,-0.11925953787829158,0.0
1.1064058135163104,1.5328260624661785,1.14993839218526,2.3956843966333,1.59160384331295,-0.900519819700359,-1.0081972502282102,-0.22635894641584747,1.058771664681105,0.5515766578829981,0.27217339969051807,0.049702492957815564,0.05785387048267569,-0.43180841652548063,-0.0018345310646223634,0.0
1.080783869917408,1.5022444725913355,1.129170787737545,2.4328587917249385,1.5984154106924562,-0.8101774741518997,-0.9697539699457222,-0.256754685614073,0.9612248138687738,0.5051492521583609,-0.004248031672352659,0.02952688059487685,-0.06788833606792397,-0.4893627714405893,-0.10863895897798287,0.0
1.206664771436314,1.487561126390647,1.1642652265661855,2.441075712444705,1.5647501602391816,-0.9050586378422661,-0.9760879380852215,-0.4041382002708206,1.001709600639082,0.4414254709566439,0.019798941334906606,0.24494347088049684,-0.08800786287364859,-0.42624987831469774,-0.03128466946644386,0.0
1.127058558895201,1.509334041424288,1.019308666946061,2.3447719769321833,1.6076898336370349,-0.7387003302573449,-1.0638205181099314,-0.36350517412781486,1.0503889280914795,0.5360849342212505,-0.00540246886022094,0.2608014547977199,-0.24859836052702233,-0.4199934534737,-0.14435155143584683,0.0
1.0726285579590165,1.5334243734041886,0.9817433204188089,2.447557051322566,1.5672700590062854,-0.8205239000778148,-1.0298846686816483,-0.31475797103894293,1.0128959901129904,0.5786497566308604,-0.24398565463173266,0.29839104203039785,-0.2171108707208282,-0.3370844451762559,-0.1441642876387826,0.0
1.159822443230739,1.5272858687409139,1.1340061833562578,2.376098170922498,1.6780752308490414,-0.8470114025889541,-0.9985531032174488,-0.413200304201374,0.8907845029092057,0.47849186841297586,-0.06504760243823862,0.19079788125593766,-0.23903868124355454,-0.3325958856990013,-0.08640599503647722,0.0
1.1890068218200458,1.473524597601921,1.2180263107011888,2.369306467264905,1.633328589148679,-0.7579049777888263,-1.0049840133746508,-0.3218207012727628,1.0983880969955053,0.5153628716369305,-0.1441347444844502,0.22921398399914705,-0.11432210504508006,-0.28365996727576337,-0.1406271776388288,0.0
1.17017608641243,1.4540539189043122,1.0799703029881536,2.399981976134686,1.6071253230651992,-0.8281708417249023,-1.0381006151170284,-0.3784104068907148,1.059873652673338,0.47215782910253984,-0.22217261606393313,-0.11086973208086076,-0.06393342787432883,-0.5090269588300135,-0.06601465568829908,0.0
1.1278367401903329,1.5118179588588379,1.139987579490031,2.4705100022624618,1.6008636987828138,-0.852714307347052,-1.0100022626509357,-0.4056942662590377,0.9108986457463475,0.4818145485684632,-0.18531507789160925,-0.1915299512695669,0.06474246133869281,-0.52738238023376,-0.1123606462018035,0.0
1.1710876297180373,1.6038487860120985,1.08234083845956,2.422475423180962,1.5117481176330534,-0.8315555310816265,-1.0552456346309689,-0.38325273942212024,1.0028058110702809,0.3495408220810958,-0.10949274143999746,-0.15653849959246333,0.1483896089135487,-0.4837042592035567,0.12294910185378367,0.0
1.133334998148918,1.5423283732206847,1.0987849037804005,2.4465427828551123,1.5426339525716966,-0.8053865934498201,-0.990561181960238,-0.40263012322347735,1.0359528709836745,0.3607922535930174,0.24385319075288409,-0.1461384339933385,0.06713607660313309,-0.49551929148228596,0.07899810950453882,0.0
1.144539452264516,1.5715804148427617,1.1610653518869727,2.382145693738597,1.6381152673730441,-0.9181664625292292,-0.9838626111294819,-0.41594890104415083,0.974424424049416,0.4172781426575548,0.09005322492758186,-0.10627641811631838,0.004804709983993183,-0.30747152667886557,0.1319703612811509,0.0
1.1449463428543485,1.5201159552242745,1.1377936607483863,2.372078988757257,1.7152580988055905,-0.8362982245941768,-0.9209026923924613,-0.563555567973446,0.9257252678482448,0.3186672154844704,-0.060717581478498095,-0.167493482318137,-0.06481426663707554,-0.39368955911332004,-0.02065043118243967,0.0
1.1552006879846424,1.4533502951201556,1.0716158294519802,2.4028389663831704,1.6944712363777477,-0.8865810017611208,-1.0270283082932345,-0.5737483732361643,0.90281368690979,0.38759854956630396,-0.1480476217596079,-0.013421212123405066,-0.17960797640890946,-0.4169308096537693,-0.07557898060848885,0.0
1.1439188032313308,1.431528381904788,1.2234516612631463,2.413760741324637,1.5562280429888635,-0.961772108319539,-1.0447760077621673,-0.5396620960496095,0.9921540258323535,0.28882654246909856,-0.16065532411243788,0.03543531366643753,-0.11226708581144562,-0.40403870726383645,0.10011274616873615,0.0
1.2374834805602455,1.3992601932000823,1.0547727077699418,2.463797347596851,1.7190532460642356,-0.8798084893330672,-0.9812452827884465,-0.6084994418547907,0.932203978527288,0.3750749047587159,0.018780011162633573,0.03233779023672015,-0.04458706642065408,-0.37431140835230514,0.05240946348063575,0.0
1.1685876713088135,1.5425526911212224,1.101190454049023,2.509140122075485,1.584094361885265,-0.9064256263904248,-1.067225734985392,-0.5625448785412664,1.003014414306775,0.33547064200201837,0.25604386500267423,0.06769917447950065,0.05022733867920103,-0.3280175793634567,-0.024951747630946368,0.0
1.0614179082449442,1.4940143262165404,1.1654846691011205,2.276422337538628,1.6110472452617364,-0.8033679840360715,-0.9268080457756878,-0.44472499267318266,0.9969164871167951,0.3747552704390281,0.02694884023061936,0.05716344400444223,0.09737676623056156,-0.5866790781583979,-0.13638421311898843,0.0
1.1030638020188333,1.5442494482943179,1.0868113034825138,2.450655957039654,1.6445382290564607,-0.9708531948503574,-1.0123912514412587,-0.5599443421951128,0.934434096388915,0.269603714339567,0.010114811665238468,0.1807501810366558,0.16389789817527747,-0.43622355714894834,-0.030756095212358073,0.0
1.1800150345474345,1.4740191658559496,1.2213151245521054,2.4697553809004686,1.5800821106491374,-0.9656926391274979,-1.1215762111378622,-0.5095245150428861,0.9619780813071936,0.3729983154537792,0.013125361746782378,0.24542183799306072,0.12980920177395655,-0.43955021175782205,-0.02615777044804877,0.0
1.0933482488610955,1.5005153067429053,1.1159624221519366,2.4700533954928723,1.695035425617987,-0.9537171641409589,-1.0123420100411795,-0.643532966716627,0.9901269200026167,0.17403504074902254,0.08143558319395644,0.33616851250265456,0.16834279486586243,-0.4288656632280497,-0.030960430752514118,0.0
1.230652558651845,1.4908522989402522,1.1399417242964567,2.4352192815585654,1.6776877456176889,-0.8677009994324223,-0.9861191829667891,-0.5904651546737552,0.9532086997489424,0.27312322899738195,-0.0330865690034222,0.08727345074616502,-0.006823303022876107,-0.300072726851783,-0.024672387733666715,0.0
1.137218985533444,1.513203202148675,1.049696076829612,2.395577940455085,1.614978441759807,-0.855276598283433,-0.9617963909171765,-0.5829314077707743,1.0162984867022973,0.22051361437298403,-0.15902581931758897,-0.06451566367308736,0.12826945689723934,-0.3262588494070573,-0.1303924580462395,0.0
1.1743724447956574,1.5296608449744418,1.2054496281479452,2.499856320627838,1.680286667379442,-0.8765184384382347,-1.0034939519286774,-0.5981493592113022,0.9412633406555513,0.2253223122424842,-0.4034108462513942,-0.06953380890505143,0.13891820968227853,-0.25396152124513066,-0.13732130877389975,0.0
1.074962633091167,1.5950556873941784,1.1587902072846301,2.5027179761869887,1.6581573257090596,-0.9184501684774554,-0.9480051994683062,-0.6124046279527657,0.9808710414480625,0.23620496862990556,-0.27145696594896895,-0.18558089478092446,0.03752891429423822,-0.16260264846844769,-0.07682784998561848,0.0
1.138184423543761,1.5241012612229352,1.1638951869212724,2.4873138750073496,1.7200191121881419,-0.9396215035720967,-0.958124886639372,-0.6408448817900376,0.9441708405621492,0.22808524781740136,-0.20149051069977475,-0.37613609111125323,-0.07907847053183148,-0.10907533857399046,-0.11354048150372864,0.0
1.07893403263633,1.5952662050822384,1.1468270886867913,2.4061707309979257,1.614478301876757,-0.919197954256198,-1.0067585576104652,-0.6087990513107844,0.9884207843820975,0.18872871385273288,-0.1085565443796451,-0.22602007844856714,-0.02602422758806915,-0.1546597303415583,-0.28906643343383753,0.0
1.205684539241874,1.530457051778537,1.2413093546610003,2.5072185260272706,1.678455437060049,-0.8922541937249493,-0.9626130582832525,-0.6800294834546182,0.9790585579062424,0.15414598714700023,-0.12440258365131843,-0.14581263959173704,-0.022852311593013184,-0.056117405272038984,-0.3942513072904155,0.0
1.041071867407238,1.4840234388488938,1.1220420298271465,2.4835651006196393,1.7010647524623017,-0.9322876123019147,-1.0331722451016008,-0.6848400716650895,0.9677290321800223,0.15492324343372738,0.021460121802888296,0.10034664728062072,0.08760175614604276,-0.2708391766043196,-0.12700160398089327,0.0
1.1271068430186586,1.5635819518113405,1.2158406037991707,2.4703217843268717,1.6286503608649971,-0.9455935466384958,-0.9640772570363623,-0.6045407723605971,1.0031586235712453,0.08888355226583095,0.2855390442442544,0.17761456939413672,-0.021287144485163625,-0.19165268340539368,-0.34514299282307837,0.0
1.1896805406434787,1.5561186415015857,1.1229558720581059,2.512127845272159,1.6113532629172336,-0.9240809379116559,-0.9541002102463046,-0.6407975550905327,1.0182153451323162,0.1608219894460805,0.32054266848173874,0.20974270553344948,0.22357009250458634,0.012509792027824262,-0.44622248155356503,0.0
1.2192547511230922,1.624663530488606,1.142708879051013,2.4641620066156222,1.7843545340921785,-1.000012789376329,-1.032361182954199,-0.5799958564007087,1.0321249268775072,0.09692028425650137,0.34812376969116815,0.22630091011306447,0.10047806259300493,0.0019564516711389063,-0.3627233108314818,0.0
1.2047180246122637,1.518976313870498,1.1865218550211432,2.4667027627428744,1.659259806189216,-0.9758795339923405,-0.9788758628933999,-0.6953712479231006,1.013100981827003,0.04726209533461875,0.37898982295079975,0.25384755009140203,0.09446877096466111,-0.051512532606081844,-0.37429279709144075,0.0
1.166097870849196,1.516865394469848,1.2132016886923391,2.4416296856746325,1.6851141490149777,-0.953806998403423,-0.9155594405404885,-0.7497708794884159,0.9490641893490926,0.025339852119245096,0.0738760589287476,0.37794737626726393,0.023895079144717973,0.21079182040717,-0.3755696675894165,0.0
1.1519720571609515,1.5715797623152121,1.2254497289371515,2.4811273171426356,1.6252491781197274,-0.8936679323652534,-0.9392421007641653,-0.6921634027958738,0.9814638505749839,0.039038340380269126,0.18819994042671254,0.20193001875039515,0.06434546606333771,0.19332953164386377,-0.30669761530172507,0.0
1.1281190669209595,1.5317182616975302,1.1937863381574048,2.427093656050496,1.670161327026524,-0.9853021534155852,-0.8237359334184363,-0.6608108955316461,0.954076698629449,-0.015040486940220393,0.177584063396466,0.013529630441660667,0.0841195307748196,0.07274025629987768,-0.24997281319730447,0.0
1.1709778589215631,1.5401860477064897,1.2083274487173972,2.4422193319267524,1.6764182679446122,-1.0157189902565091,-0.8606550942834665,-0.7125488873188077,0.9774706949584352,0.03170944974921815,0.15805711655664895,-0.1046443951166179,0.10203650609544296,0.21098761258276952,-0.2200506869988457,0.0
1.156408184180634,1.6024470360163232,1.1938138595621501,2.4443283467388306,1.6529664932283517,-0.9765519058564779,-1.0065947960256716,-0.7908142402095023,0.942048758306258,-0.014449497253250097,0.23820271184090652,-0.000572052333938991,0.10251832628676524,0.2179888341657735,-0.19253031446164268,0.0
1.1872726443086812,1.5543152708621146,1.284441490729181,2.558214264499496,1.7079633853345155,-0.9572140855106661,-0.95556446693136,-0.7490033888371153,0.9872593933271108,-0.02565077372468148,0.1866695539192969,-0.12415005397539446,0.08678928979940355,0.1355970211611944,-0.037395802128198485,0.0
1.1991609432164174,1.5821116368983283,1.1216936260736983,2.481271983755454,1.6124724123009537,-0.9993564253158068,-0.9309477677780654,-0.7421598052259798,0.8956566428161565,-0.017679562592008837,0.20955839449619376,-0.25005075629005463,-0.003594676981202298,0.14807756361223684,-0.04426389325557131,0.0
1.22393477919683,1.535905892189017,1.2349748376008018,2.5213565562437656,1.7151079799745659,-0.9791715651533174,-0.8972116174974785,-0.7178804778798401,0.9782335641061564,-0.024557931850692376,0.05821283886516948,-0.024948408756744395,-0.0660579436099888,0.19926148292703366,0.15026781197516673,0.0
1.1169374850220553,1.5138456193611847,1.1522456442295503,2.507165837107095,1.7761211350138022,-0.9666961833860656,-0.9670834833844024,-0.6957631203221999,0.8417710221363407,-0.10956883370025264,-0.02502073138673061,0.015993035910680107,-0.2657101528906162,0.17443207196073454,0.27967341224382414,0.0
1.2167121099908578,1.5329973758891557,1.1448983618062165,2.520756377749395,1.7271336115279485,-0.9189327085950393,-0.7995041720779097,-0.7285546603372689,0.905639315905937,-0.1776859450115839,-0.06563377104371916,-0.043573815719541095,-0.17906397864586213,0.1733636541380826,0.203022235994137,0.0
1.2252440817416228,1.6059182124830103,1.2318492803878303,2.5006457030145284,1.692332301251776,-0.9510618763139578,-0.9269035368242504,-0.8482050336789423,0.8212193135884505,-0.16827124923157655,0.016405580726612162,-0.08384798721171446,-0.16081284516423278,0.34501004500557386,0.31691886795380436,0.0
1.1238194244961386,1.5527819626233057,1.2456770722953052,2.5683295452468324,1.7110162447273427,-0.9889870418822556,-0.8846257795343478,-0.8555302422198118,0.9223383222166093,0.0025696485011720283,0.05774337305430339,0.06124939657271005,-0.12726371994239738,0.44642227875180296,0.1508929416538115,0.0
1.1286238612155244,1.5791812251573425,1.109229223863053,2.5335835105540547,1.760007140944197,-1.004444558547011,-0.8283042189472929,-0.7808907167138008,0.8711285590244982,-0.13240654819651526,0.11108665624832001,0.05658468920187247,-0.1537834078823488,0.33854742737492205,0.1514341247917251,0.0
1.0884815851266687,1.6514308792275711,1.157884975197082,2.575142598100953,1.6562609952277711,-0.9420645665972164,-0.8453922155692896,-0.7705003936347191,0.8416720260787454,-0.11660246144904013,-0.006926833331961521,-0.1256193624400046,-0.22484966256418945,0.4070536400996388,-0.07218526222980798,0.0
1.1576984688636582,1.5729313912011236,1.1712638665949997,2.537397349723273,1.6285846124820165,-1.0231639901933103,-0.8043668070424811,-0.8285535641740486,0.9020203159943505,-0.193466223254403,-0.028321477528547048,-0.2650917334580764,-0.2607101962769633,0.30511513893178976,-0.18903932503002308,0.0
1.2213011263489448,1.6104550262819242,1.1842328800233737,2.5062362466362305,1.6900195605574302,-0.9487334824945668,-0.8722207091486435,-0.885314340297257,0.9242787161576987,-0.19087551656897345,0.014973180047363716,-0.20498282780958504,-0.2621699932837069,0.3064227067554897,-0.09535892001288467,0.0
1.229867597314822,1.631519552815528,1.2663795287242858,2.505822283019655,1.7835149458247206,-0.9784048622049916,-0.8619626333319534,-0.7901223962134748,0.9322504672390314,-0.1766552655894436,-0.17210282623131665,-0.21542543178500773,-0.16503245260847393,0.03740500703490124,-0.1113968942976028,0.0
1.283126167367688,1.6218606513021099,1.15657594026229,2.507426608732946,1.6601089199834098,-0.9658476944079747,-0.8233959563818688,-0.7184280142843589,0.8859221240002738,-0.13122177015305167,-0.08477595556790699,-0.3220040247815488,-0.08360489088906992,0.07708131047863738,-0.2144505092301065,0.0
1.2267145405009585,1.5248214693164885,1.2312481285357446,2.5415983951320267,1.6948432136997038,-1.0334463868569108,-0.8582800248715038,-0.7961172261997299,0.8779406899882994,-0.21902783854560834,-0.06585116302321088,-0.2013645628873193,0.03009717329082931,0.02263580126200139,-0.1554782569437962,0.0
1.1641721801300384,1.50103442807997,1.2137171545484833,2.547137211417567,1.7203115676194871,-0.9568563841527177,-0.7084719572762948,-0.859097741026187,0.8374558105793328,-0.1520830705958962,-0.28591499790975594,-0.2816228961031002,-0.019745671523247323,-0.14876300602577167,-0.238545648110636,0.0
1.237506158214065,1.5360178581897252,1.161692439574325,2.5492380052941455,1.7307207817211183,-0.9978542278284664,-0.7365085029081122,-0.796308823670868,0.9681498067611756,-0.24766828139097963,-0.26516211899561065,-0.35074093466230294,-0.08074960452729786,-0.22346343967954102,-0.16072541167068918,0.0
1.1970769589950636,1.6591919857687802,1.244581538922902,2.6663426637419234,1.716095288570337,-0.9121705171262862,-0.7945308248468094,-0.8461995107865751,0.8770016529991544,-0.2978101954690576,-0.10846390618235097,-0.26807629605908834,-0.3401481979809646,-0.03854150038180676,-0.08590244515396958,0.0
1.2504788877623916,1.6318829207787142,1.250719648571802,2.466960507652312,1.7532681788369382,-0.9595284407874863,-0.7395074748401254,-1.0282715881270206,0.8382259532994587,-0.3612713586409,-0.28167703122034043,-0.24927975159765145,-0.24455314070812606,0.11827599530440508,0.0626350050848875,0.0
1.2174902218583012,1.6595507865850039,1.2206989209359804,2.6161272890741607,1.6917728654769646,-0.9951022714185368,-0.798509625589303,-0.845521777621686,0.8278701760567819,-0.30696164369621987,-0.2232932709087972,-0.26428814263945843,-0.1878111432265533,0.16372932322000988,0.20946996568049384,0.0
1.2736450842162785,1.665521058452676,1.2834761111046495,2.513169322440979,1.8012947807378041,-0.9818037309950494,-0.8098963774224633,-0.8869721332237144,0.8237141437825387,-0.2709008408912192,-0.19100585719258023,-0.1624412694564784,-0.0678689564940718,0.031797173210085156,0.16618312448051367,0.0
1.2568799856393105,1.6204152410964119,1.13674668526409,2.5647927670568755,1.7608369736833749,-0.9314357156949014,-0.7168462449754665,-0.8674634668035677,0.909863886637877,-0.3805155320589382,-0.24292913690626816,-0.2081435580640179,-0.009390051324050665,-0.19964881032171386,0.18972277022303646,0.0
1.225283595266359,1.6333870849897487,1.2551890706760143,2.609663968748611,1.7726193360398097,-1.0577158943916838,-0.6845293251970583,-0.9167568753756318,0.7669297488165085,-0.2969494599709448,-0.29395548002889726,-0.14765839656513127,-0.04061860159420373,-0.22870486244094262,0.14750278980781062,0.0
1.2715996765932434,1.5825484841027317,1.3122419641915835,2.6204114839299466,1.6285905957423548,-0.9591365996684484,-0.8235895331158914,-0.9694495649026363,0.7471446245027558,-0.4142880797821442,-0.14292896390631865,-0.22306865301048318,0.06246314223743964,-0.05909891986280663,0.14291943873398757,0.0
1.238344478076916,1.6099659120307008,1.2716516700223104,2.5683320553288786,1.7173334021535602,-1.018427152380573,-0.6449017849691817,-0.901964961759434,0.8613595022923902,-0.42938123729150973,-0.10645186857881733,-0.14992760978382022,0.11791105533227757,-0.12682295726608397,0.147262427152433,0.0
