Channel_0,Channel_1,Channel_2,Channel_3,Channel_4,Channel_5,Channel_6,Channel_7,Channel_8,Channel_9,Channel_10,Channel_11,Channel_12,Channel_13,Channel_14
0.03128221230375106,-0.03700151314996288,-0.055940373080128114,0.02041962278210674,-0.028703072928069808,1.0530979395684554,-0.9024951627851415,-1.0628106809049978,-0.9812303169722806,-0.6152447840151345,0.0,0.0,0.0,0.0,0.0
0.0001277919419420949,-0.03149039008595398,-0.07571130197088195,0.02398462438725342,0.02995324448107125,0.999424367927377,-0.9453259896900208,-1.0428211316151612,-0.9954301455045219,-0.691671895539953,0.061337811425448044,0.1345616072613707,-0.039571405356543035,-0.02755339397963614,0.10442849162836165
-0.10251515669789031,-0.012089424374600753,0.023255060171954535,-0.0583166789373561,-0.003104737327609588,0.9942969184945302,-0.9075206978869821,-1.0389839038689728,-0.9327028140203116,-0.6338591646807161,-0.004813550905897808,0.18232413950193233,-0.16531486131932524,-0.0209465562005006,0.12731337701391218
-0.02356276624177361,-0.00553143689793627,-0.004439043187938883,-0.023491894888610393,-0.03580938698834668,0.9155273478665991,-0.9210270362656632,-1.0713034111429254,-0.9013348850836662,-0.5271816877155974,0.02621049805572085,0.1261896480525056,-0.14478353220615886,0.2074549482491868,0.08598442933113061
0.04974939149321491,0.06188462958499295,-0.019254567041141597,-0.044706439293743586,-0.022933428248832852,1.0242594172793251,-0.9473281012334079,-0.9667737489886319,-1.019685860756044,-0.6141345477687032,-0.25959813033301427,0.3164295509777603,-0.10881752606820767,0.06494755697479014,-0.009405031483425079
0.04276008909862912,0.06430838166898771,-0.01856577766602956,-0.13052865160948557,0.10579524680800725,1.0731005856566935,-0.9919871424219053,-0.9721082138449568,-1.0228082915971317,-0.5574806305647494,-0.12775803633508803,0.24035548655826683,0.06082593073590273,0.2133506745501732,0.0938580970059271
0.03646439335171502,-0.029811913005450455,-0.03888410227924019,-0.03465790611956317,0.0036057356125225983,0.9286109204527556,-0.8662779201788836,-0.9777434055975252,-0.9964091946461755,-0.47763605482308163,-0.031873950142942815,0.3048138765360966,-0.0913636476169011,0.3094042510849535,0.02475774773709273
-0.01816608152089641,-0.027333082350492234,-0.022127874401932538,0.022680989761504195,0.10381791765269613,0.9291576357920368,-0.9204473219788852,-0.9971681634269585,-1.014203999259538,-0.6169851902411554,-0.09436810175536123,0.19050226002120096,-0.19299883311036886,0.33335471186997856,0.08066107932981023
-0.08247522559943869,-0.016909258630940355,0.0771318291995792,-0.0028299863328395923,-0.009340071871175316,0.9533872386790562,-0.9166945140280848,-0.9334078957333691,-0.9732316756438887,-0.6109544721614625,-0.20800604283715063,0.1938125931605006,0.05906666942349237,0.256060506707936,-0.07167005125222511
0.03688455559323353,0.08521381072461993,0.009322487398610883,0.03575627139501075,-0.02137565440494744,1.0118067982420633,-0.8177083899236463,-1.0436408793145375,-0.9437005802658457,-0.5493326298006127,-0.19919458848293348,0.08753750607378365,8.684545560232876e-05,0.2852615467492917,-0.09003474074216383
-0.0816950031063553,0.029687697892906605,0.0004037059526993299,0.030221097807334316,0.0520071194574809,0.8696446344200733,-0.9897779803626554,-1.001557925877666,-1.0290273522868172,-0.566841850863275,-0.0802527908852096,0.19946197860460835,0.0231266384151912,0.15532043194155587,-0.06217047277256079
7.860057438651043e-05,-0.011151671220056697,0.014423210789863184,-0.058717565328156356,-0.01116301306997834,1.0515699713799678,-0.9150302630697077,-0.9829069248485329,-0.9398187240722069,-0.40374430305738207,-0.18478638499102268,0.27023393036238236,0.10140731163750735,0.1254220293151857,0.03908964421481557
0.028686972243600107,0.048448730853639925,0.048595835087063534,0.031424048951705176,-0.006361677600835185,1.062609489155446,-0.9186779395810463,-0.8932095974669403,-0.9601876354516845,-0.500386473842262,-0.04839024573284782,-0.04612612229643481,0.08450137640430695,0.11599016827469688,-0.04762053837786196
-0.009207501571545667,0.007246453260105913,-0.12342496840785604,-0.016286182369854185,-0.04300589207558537,0.9668600711769902,-0.8110831335562343,-1.0577905208178595,-0.8586895158900613,-0.4383393816450539,-0.08545588901352241,-0.05604645617020654,0.09977822512837677,0.0676805044520891,-0.006323751444658871
0.0021888633298044607,-0.06742390062066017,-0.07194054280556894,-0.05513695201881524,0.019878536986049147,0.9353201488257049,-0.8290254864523378,-0.937730397338414,-0.8952102742654273,-0.4693949431653948,-0.04713304753660231,-0.006494427061499844,0.1611125786305195,0.2520274549912286,-0.06344355116923978
0.08958874673183932,-0.015415542142017276,0.0107462499716128,-0.07557063050618266,0.03904849932321522,0.9992886244535921,-0.8737355629008715,-0.9427519139604966,-1.0898110359513715,-0.5476268569589682,-0.23383964541586674,-0.03600313944217554,0.2097623944863255,0.2137811692185233,-0.021277058651357008
-0.03239470934188279,0.032302639789224895,-0.0036334093565858813,-0.03258961622143948,-0.011883149576745038,0.9048800591666957,-0.8293992321647089,-0.9410423705036031,-0.9940105004992841,-0.37599535586781374,-0.1425055355925272,0.03261469275066847,0.3489889992947318,0.13878065356121055,-0.040247280391456586
-0.017348470882288396,-0.005192037502143636,0.05268587046217205,-0.02133151412731194,-0.05859039595661024,1.03128190871319,-0.8138071061405165,-0.8757152514651405,-0.914584083519225,-0.4873169478347837,0.03491214596332086,0.1290324451388099,0.3903737419824451,-0.039305123595707064,0.05113912779649793
-0.015380621435089004,-0.03964984542582428,-0.03552645637605356,-0.020921819488296002,0.008482074892108544,0.8903900920813685,-0.7878209905466677,-0.8616876253473947,-0.8770614265171097,-0.4256433875435622,-0.04941520380817379,0.2523574294764839,0.3982538790644145,0.2062653718380536,0.04373297683230742
-0.10206669475519488,0.060467761240608944,-0.049426268455914954,0.03466946172493501,0.03463982927948448,0.9598789283898,-0.7692739986569755,-0.9333404118301701,-0.8976085212633519,-0.31132463316265446,0.05487301180998021,0.2346555215330014,0.44542844116804853,0.29636224477037987,-0.051437114842214346
-0.010864697547975142,-0.03324628779740957,-0.015588337761107355,-0.0641609976285934,0.02302912854921412,0.9920049754830267,-0.8907069571567252,-0.9249026039560261,-0.9103926260232381,-0.4591628352243812,0.10756020995160653,0.2858529244280678,0.3594151433719732,0.032978841151470956,-0.10657420930005747
-0.011984364076585598,-0.06721185628685226,-0.051513935272646846,-0.03891040116353183,-0.01681277789762773,0.9501082135319013,-0.7837744391900322,-0.8387501570173055,-0.9347098503192597,-0.34331695429403936,0.14392378827014857,0.10188076383527611,0.2747616622999362,-0.10413670317073423,-0.15130057372786893
0.006774947474405872,0.06537322112455561,-0.20608259251579067,0.005482021180199106,0.023218860289394638,0.9902516948103074,-0.7944994718124875,-0.9402660897902967,-0.905907702041472,-0.2812657130083137,0.1383234620239615,-0.014721373065310212,0.37934840585575946,0.00034779663045809983,-0.3696419906841104
0.009760028892157949,0.10820796468457324,0.0013177893780998862,-0.032459244780835055,0.03769821030849918,0.9785789041840414,-0.7307179490736146,-0.782577167057869,-0.9444910880826218,-0.2921705792626526,0.12224949916458641,-0.09321824534636354,0.23498381570203664,-0.03505895499645427,-0.2514859361397699
-0.0754598177261986,0.03022806665651452,0.05900520889018221,0.12659303193507782,-0.019107415115559814,0.8388071843098311,-0.7940593238398926,-0.8508381849354273,-0.9160065776947737,-0.38931037428405185,0.10560818722680523,-0.010907147408004136,0.32519393880440667,-0.06930450771054018,0.17805811472407193
-0.03778569239771881,-0.014809801542696982,0.00033883351319779,0.03768785692274507,-0.09396671051888275,0.9633831662752617,-0.7289444618721502,-0.8235883146717606,-0.8965246089333446,-0.2367582166440321,0.1287739732008761,0.04036871088856147,0.38268125027429745,-0.15092113517527606,0.1248116795508572
-0.04925627741785682,-0.016568527416714694,-0.027787044897311455,0.05312612184897556,-0.03055118916725404,0.9849472089579926,-0.6857329662066816,-0.9121763580188609,-0.9346184520367161,-0.24380407264511675,0.013011088073411656,0.05823418817385666,0.29545068913084893,-0.0762301160781136,0.19684368909179062
0.055883623232420396,3.967253576449845e-05,0.022260007421343722,-0.09079093946755278,-0.0482131526057419,0.9690419946491744,-0.7506160285394385,-0.7361803014319173,-0.9758786785332345,-0.16517221430873194,0.018150176322525288,0.036045447655023315,0.24375243751074568,-0.026308020587735403,0.2514154108009324
-0.11580231698112595,-0.016998034420266452,0.007283403896738129,-0.13379948203900865,0.04063662549031155,0.9670893808702166,-0.6386094728264352,-0.8656338526873745,-0.7899083467850627,-0.23388670671165226,0.10014047681227499,0.1155863130687312,0.1571711864264481,0.05106995012441628,-0.025868770934795615
-0.017109837234179925,0.07645622009874423,0.020348681835876258,-0.0006904718427727923,0.007743178854642315,0.8948610882394539,-0.6286999938195721,-0.8426530926566481,-0.8593804390784257,-0.24130110632357588,0.15187842890720885,0.09723115042084711,0.17302697573743347,-0.054863495990330524,0.03934980558713159
-0.11040113870805446,-0.04112434210822051,0.033636942569005256,0.029019732397774327,-0.07310586656685679,1.0291556653930543,-0.6905773176650286,-0.9294654731323988,-0.9107067932595884,-0.184079859417372,-0.06110742804678898,-0.023336095177301383,0.17846446926551598,0.07041667341252694,0.04976210381104612
0.09691064843364804,0.014761308929961418,-0.006174541282088598,-0.017325007377588436,-0.02444357678947969,0.9437746159542667,-0.7196368595812791,-0.7977662804002484,-0.8576596360636993,-0.1669771350524868,0.12345206604013811,0.006129935668615374,0.30498779046214786,0.01681500635901358,0.048176772775927856
-0.031053285742009357,0.023668266690544497,-0.0031394562456066484,0.03598340305556928,0.02097478165354347,0.9146252960303887,-0.6463008755789335,-0.7741668382978526,-0.8569254027096791,-0.21612376498986408,0.06286695700164348,0.11802649869905218,0.2883915608913358,0.08567331974313137,0.16678435900639516
-0.0618096966990083,0.023503695756016366,0.010260684589751304,-0.012824466419544463,-0.052005487347098575,0.9158281169792495,-0.6452248621811832,-0.8196446502311732,-0.9123561947668801,-0.25935506035366457,0.046280888515266246,0.03744849718824962,0.06017432820216301,0.17020150718310859,0.1346261909651573
-0.014242896105679715,-0.010170833127190677,0.06238354252769337,-0.02262637096426874,0.06765354264588608,0.9395744272173913,-0.5458539819349567,-0.7752694342251872,-0.835810830826965,-0.14700120115380574,0.015220813809068735,0.07075390884724608,0.22993173500334893,0.1487196767513539,-0.03725293987474039
-0.07889276577432741,0.02914233796283619,0.04074068175957217,0.005101279283099881,0.04473796283493984,0.9532978869861062,-0.5776683634971109,-0.8124123068659744,-0.8430916350919112,-0.19552441891917072,-0.14666810782518064,0.17196528140944295,0.18355394737731592,0.30252139683290746,-0.11335084235829038
-0.05686889943758768,0.06407445341433465,0.04010739396707,-0.014845264584812123,-0.0006823589092313327,0.9452096612785551,-0.5711359697759106,-0.7600145777688933,-0.8673693079473074,-0.2035096810116899,-0.1052369726536991,0.21835698784175256,0.042332435246881406,0.1730041586276656,-0.02470800305325562
0.050816544246469295,0.01875444341912063,0.07915401091665682,-0.053888982021870015,0.0056178815028623185,0.8501210956625342,-0.595690317989226,-0.8024497897139704,-0.8461396579547136,-0.02186310634344546,-0.12062327989854792,0.060710889338544835,0.14404566643171207,0.0030536475456759693,0.006560140720146088
-0.018567148660569535,0.020172621085135706,0.019424607798929468,-0.022244485803034505,0.04000296489598133,0.8946524431466752,-0.6150044067263377,-0.739306948152187,-0.7651658238167277,-0.1416787808240981,-0.02145567598457212,-0.11282988512495389,0.12132710440993434,0.00619856968341289,0.05749776300342226
0.033959637297619784,-0.007394199224195978,-0.0279713028063286,0.03706314113313339,-0.08541216650463125,0.9589950955925751,-0.5841414060525112,-0.7287959617133861,-0.8463668352138728,-0.07085506029205836,0.04690635619714546,-0.055959217652672956,0.23989199367938016,-0.07524150083729046,-0.02082869117079772
-0.009098962963961853,0.05340746903063455,0.026371989499301866,0.08108736207435906,-0.019703643483784988,0.940912896874918,-0.5757343562208792,-0.6834726717997394,-0.7621261191116281,-0.19762035736962222,0.015333329073008642,-0.052854526177867865,0.32037301154917763,-0.00046477320669219974,0.09087593091073762
-0.0208684591159263,0.028750056476896782,-0.023205979433284615,-0.1398785675228138,0.07941256933107366,0.8753316787862777,-0.5917543365046056,-0.6660143192140786,-0.7676403923934049,0.05162528168439158,0.09215939874519882,0.005156479073235708,0.47688906520368407,0.05444161197223249,0.09228204538658118
0.016781325109947134,-0.05846746315430483,0.018077235672725123,-0.11059405121111603,-0.017269588509477407,0.9559280673688252,-0.5620779011578821,-0.7193178144930736,-0.8003272533782612,-0.040006522387857825,-0.10780095265787326,0.029833767843212577,0.32078584945819566,0.01507672848967154,-0.054863162957615216
0.014496092796646938,-0.04024994005630377,-0.06415788602070586,0.016887853285339705,0.054346034021958235,0.9281626547315704,-0.6281395285342741,-0.6066888453435941,-0.8296779377084639,0.0302798341414564,-0.11735635144299275,-0.013638139782103913,0.14180817178226288,0.06948780875187996,-0.08589175040407859
-0.024951094262284767,-0.0052257946256901305,0.05169471238918773,-0.04271546775422639,0.014327132365443248,0.9116571240391433,-0.49247173354515916,-0.7273877435979075,-0.7866505447516043,0.05433803332558386,-0.14265938573357098,0.023427089249631702,0.0312770885918424,0.023461600788082213,0.13173090253279107
-0.04240025652935606,-0.015557841236244013,-0.07352494864266856,-0.015050500447565349,-0.010943019003971977,1.0025035990189957,-0.4803620481700742,-0.6219554094418273,-0.7640011958838564,0.026922104760538662,-0.11617794834837081,0.08321028186025442,0.014235537024580526,-0.0692048579937717,-0.04562668860883054
-0.0007169454246542042,-0.09398530525612482,0.04127219311575685,0.04608212924857205,-0.04740831192464274,0.8914701090107774,-0.4590779114492553,-0.5488533891877373,-0.7620659219844009,-0.008889863270848085,0.19923392796677555,0.2082300849474497,-0.13401682073150895,-0.03995121896564394,-0.13222160756693607
0.01924110042885379,0.07769473972416781,0.10145328355849356,-0.10799065354775525,0.044085045853335586,0.9146974690218795,-0.38903125768494307,-0.6673136754065856,-0.7319195700788669,0.0011861787143274821,0.07731579430824832,0.19212498758303387,-0.05807029260454599,-0.06434634335718932,-0.08726533972622089
-0.0439107069985592,-0.043561140401940625,0.05325402297175193,-0.015395465947883992,0.01359653266009352,0.8784816591501443,-0.4701959537046464,-0.5310355171656695,-0.6166734320837226,0.06588929818720082,-0.012856711075909022,0.21599918887298772,-0.07661587415558514,-0.10008958140127869,0.0056307295494834805
-0.038217876219246785,0.030522105147951367,-0.04583918635982083,-0.03161030314510237,-0.028066146209386824,0.8515544149404219,-0.5348320255417742,-0.6102178623579435,-0.6324283915361857,0.10772193380553442,-0.07259872612896077,0.010628239047379445,-0.18431024509535343,-0.029283244582606477,-0.11050707156862641
-0.061508438926607914,-0.01862017744672919,0.01938698379609702,-0.06193678403780188,-0.06990273938740724,0.8740100429313684,-0.47372792550058596,-0.5417007828800154,-0.7533605514062612,0.12498947366946245,0.015345655930199348,0.06087288328205175,-0.2778535717411017,0.08429281588190583,-0.1291762359925043
0.01915031136549791,0.01792411268481904,0.07794621879682553,-0.02868707233550271,-0.03616497718056374,0.9251703275130523,-0.46583583840785964,-0.5463306343259865,-0.6666846535358417,0.157614745848592,-0.16880345807353592,0.2298174575498757,-0.30871970355887535,0.11085812244377102,-0.09096970787443981
0.007233914900039794,0.022943999319837413,-0.03875278539370478,-0.0035913743682112996,0.07393071868962281,0.9341848870997621,-0.45653806021707966,-0.5579340033579576,-0.7098659985977408,0.16962523499726423,-0.10704981606183167,0.07229209460132248,-0.21284263829116382,0.11178214297974388,-0.13897964803757246
-0.04915506140959072,0.0016011286452415692,0.002783951207648693,0.030646563282630716,0.09458730113930856,0.8266075406522038,-0.3471473129153865,-0.5404061423769323,-0.6565323302698637,0.20453934923030986,-0.05984801120675708,0.16545016138185184,-0.1022899354221403,-0.024047712435882843,-0.1734126814392643
-0.1221139712818155,-0.027197360589993336,0.017752745844150264,-0.046602702961880384,0.009332844569155337,0.794570522557407,-0.43840889870817634,-0.4813122853761921,-0.6495010049934349,0.1977411296032299,-0.20072508835052252,0.1220671377294419,-0.08252603048182765,-0.27717329781236477,-0.07785239048567413
0.0169416260277428,0.03811195911561926,-0.04762983869818907,0.03165772064135378,0.015581070340179927,0.7691533678373589,-0.3774279836217125,-0.38852574893309466,-0.6017244880497531,0.20820784309274992,-0.04416432469794561,0.10385671184256441,0.016508838728644837,-0.1482189374187168,-0.016635263982911624
-0.12241097212710307,0.1059809193804852,0.034397200131766136,-0.06343719250983779,-0.03656152044181515,0.8503836401061383,-0.3005082234691978,-0.5317960121768827,-0.5743411655395994,0.20166970859164224,0.08112642847354985,0.2053993630537417,-0.03451249756735633,-0.3004804226448108,0.025598649956856845
-0.11772204728172475,-0.03714285074967569,0.11617972875530258,-0.027544933873500935,0.00430662478322674,0.8691795116272868,-0.38144885318599897,-0.521314347560982,-0.49183490457274337,0.18538259622686257,0.1240585834693052,0.12233249138475549,-0.12142772218981401,-0.1820022109755526,0.0509051935118557
0.03931978072115528,0.04195626722115183,0.02985627279408834,-0.012262099837782795,0.057110787506592764,0.8917730863930413,-0.2646114218653198,-0.5338545682428907,-0.5757372021106947,0.24232692820172527,0.014239606572505038,0.05324466347682765,-0.12169211677898059,0.1120905872144259,0.17271036871220227
0.03109982711119225,-0.005566624435279938,0.010662337342367711,0.0014303084734499476,-0.0037225620163143214,0.8255906046880068,-0.3310406647542732,-0.39123275065404994,-0.5893953872308141,0.22691508176548297,-0.08929572044792833,0.04512671624072917,-0.04979675701981533,0.11843283571124429,-0.04424454945541187
-0.03650186935020493,0.04018118045721298,0.10302519018578835,-0.02110758297812526,-0.018882003564396954,0.8246287963486071,-0.2673137881402935,-0.4734684821536991,-0.594690764386531,0.20471836456359568,-0.02836216272584237,-0.0921877709210552,-0.20003006947216206,0.11971223786190893,0.04168915229287837
-0.006225415853778785,0.03118974686986273,0.09459009321400443,0.022723012867105177,-0.0033510479228826807,0.8532419482085981,-0.21352705009945996,-0.3778973930215647,-0.5468871703110565,0.37400903170486954,-0.09621991004936126,-0.14692791795401178,-0.15981379927542028,0.23011248105831988,-0.07469444216091502
-0.059212963765223,-0.013916012208826292,-0.05642273022196864,-0.08424915214371835,-0.06516372031573134,0.8800558050881092,-0.21433990973418846,-0.3851513792176542,-0.48656558653215215,0.29646577473667723,-0.04545136321254679,-0.07416140764727562,-0.18592038623988136,0.11741721376436758,-0.03310433729652955
0.0009472785747066982,-0.0794015900175187,0.07879115504823614,-0.0424374133820288,0.03635004118955806,0.826147382231552,-0.22348664274347324,-0.4028714292724652,-0.5202150254163846,0.279333717399054,-0.02757588509524698,-0.01700844572781459,-0.04565631200214276,0.12076224197012558,-0.01574463134857716
-0.026605248338681095,-0.04868999370319375,0.06835839358500828,-0.10732449683398596,0.0483799492357407,0.804303360651438,-0.14467206375354394,-0.37324131551053275,-0.5051615691392051,0.3310542955801359,0.10286038793927299,-0.06944921177749691,0.06400824580270179,-0.02029058743061732,-0.06455099756889432
-0.03834431276469909,0.027195824383530864,0.0913127155322007,-0.02991540524947212,-0.022093816860621264,0.7795070026399318,-0.1711598163072747,-0.2864538454053375,-0.5671504697424953,0.3731063001723008,0.15900990308852503,0.07509453718291016,0.288174870137082,0.11066988851108298,-0.000767076024563336
-0.06638288789364614,-0.03285918623968884,-0.0551816623757555,0.055343965324881214,-0.029455664650109965,0.8196021102053485,-0.10272115146175961,-0.27609423290365287,-0.46121171525014143,0.3256968109418653,0.07164104681454883,0.11395466048857572,0.2824497203440931,0.06545713151903577,0.174371377146253
-0.08301039795216641,0.07074841488292155,0.058894815326159665,0.012934332786283469,0.01693036171036129,0.8115607581294725,-0.1890906861953824,-0.2865932976079293,-0.3950037822197452,0.3652146154206557,-0.007057253312543019,0.035513115030651715,0.19689107259591823,0.17038773474490357,-0.03500974767886171
-0.10832790780149298,0.03682477054290806,0.019217832275179637,-0.02345502481648527,-0.1034029878305987,0.717276329132503,-0.11995075730143444,-0.32504344625488074,-0.3530767521377805,0.39608812882321465,0.0819800089831987,-0.19421693335647142,0.11710406461475617,0.15582645430651218,-0.1545533543695517
-0.005221588086161095,0.011042150211317147,0.01287747291168554,0.030661460878239323,-0.017723637576638474,0.8510154384721241,-0.06532837275589204,-0.3282640688684576,-0.4325324018933169,0.4213487908257578,-0.05455064603120144,0.09682045302544917,0.0332899178742871,0.1387838307360127,-0.09126234766184302
-0.0071074919369893096,-0.006371492699146343,0.028877828904745887,-0.03327060314679405,0.04779505093046241,0.8173050996166271,-0.040076238190458406,-0.2618018305869779,-0.4232395310178651,0.48010902712057996,-0.047522602061066996,0.1835063258321277,0.18416963002709433,0.05979303585025476,-0.021027505481740823
-0.0842949331575053,0.03224748627516585,0.11879669754859257,-0.041358363896716384,0.004783490592135286,0.8689268546048011,0.03277263568038595,-0.09641431883860388,-0.4123435556720358,0.4900438692412487,-0.05616582441590788,0.10816454566810468,0.142847560976678,0.08689000146253137,0.06405031731474095
-0.06000813083076566,0.009239280951993487,-0.021862627056461054,-0.09412758851798954,-0.08462606907737277,0.734247455315264,-0.09898202971044907,-0.2781907525856021,-0.36298267794684724,0.3922101078129887,-0.10378443905334403,-0.009935643888791368,0.03629480336105334,-0.07137523966022458,0.030112650217493913
0.07424470537358249,0.028830250992651657,0.048242834660743,-0.09379022601760223,-0.022530568578687155,0.7839485188716211,-0.03809607529440685,-0.2593380310166565,-0.34699636909273424,0.5355327657475447,-0.1800543348102383,-0.04473707146153788,-0.036775076141486736,-0.009260404071781789,0.13387043206971225
-0.08665296455833854,-0.09934408853677609,0.04586268841560704,-0.08236346779905657,0.023226800951111348,0.7554707684660127,0.03524555734219962,-0.21836825200708843,-0.3847412902943604,0.4738698185568365,-0.006625176270965816,-0.169022899118941,-0.008646578831308867,-0.025437837060751475,0.26623596043044057
-0.03236445244012863,-0.005498627649258134,0.027128203787870474,-0.08201516312418844,-0.047276435698956135,0.8000398067331497,0.09899495468012995,-0.19221221867835528,-0.3555532794762635,0.5866902117844971,0.03574169667222189,0.07703406283945799,0.06687026236242408,-0.15950408108249964,0.10925926046215968
-0.0431114956429387,-0.06185584696316549,0.018043958311491876,0.0013277899275125488,-0.06653794323034175,0.6779630781441789,-0.01972712994197563,-0.11754517810891549,-0.28184632885081007,0.5044731493934858,0.050749200661932,0.042448655024935875,0.2088648499126864,-0.06612114416117748,0.21600515190909958
-0.00874636264470411,0.02024141244683514,-0.01479855350115998,-0.05823271346857218,0.05861590648430255,0.7106216400970087,0.007810079254279553,-0.14054429133728955,-0.3472100370179986,0.5081157640298926,0.060307024510699775,0.06104591097652767,0.06372751649533498,0.08160398650745151,0.3085063270712186
-0.045545863561197865,0.034848434218483194,-0.06446623781202782,0.05320329838584308,0.06349058618085136,0.7681757825661868,0.03592548394299658,-0.11811769197343397,-0.33205272011589504,0.5036981274432492,-0.03868796649355298,0.1554563584954907,0.01752489353661961,0.02701019063682127,0.12101887740988984
0.03676693098967881,0.09280228259008115,0.024530046162052878,0.0034887473542905972,0.021641802416350938,0.7020250844584335,0.04092746711455445,-0.15912131394188825,-0.33561033947693675,0.5117130425677957,-0.04423235629734105,0.23385762687143966,-0.02492924451555035,0.007427486206187061,0.04353168176760323
-0.068764695066202,0.013292334956598772,0.05728353328998348,-0.001565982022849438,-0.09528177154078463,0.6968548867203828,0.12182362822456441,-0.13915676646759895,-0.33307685656726166,0.5551301533202183,-0.22163492956211564,0.2141890525662248,-0.11690082631949016,-0.002724307503135596,-0.039730846905594294
0.048655740654930495,-0.03722035624883667,0.053680895679625126,0.033063400805160494,0.061961100355248724,0.7693766984982555,0.035937536798708807,-0.13315968322375174,-0.21151671043497125,0.5912582768942999,-0.0994105386566082,0.1156513953845503,-0.09774350396823056,-0.035784325192362895,0.005510252275383164
-0.0372100431819201,0.06318284512488326,-0.03774648718028288,-0.1557498510647608,0.007134812579376214,0.7604542205444842,-0.026903383602311967,-0.0958907956444334,-0.2717607408785751,0.5235250285330085,-0.08406956403936276,0.0705602550139773,-0.06830704304621613,-0.014719964541388084,0.07041974135235927
-0.05430630912198023,-0.07361880581113533,0.018498647550043226,-0.009029239445617825,0.06941610622896885,0.6907227606008457,0.1957891261303028,-0.021980050979724473,-0.17221860709332434,0.5359425198085899,-0.17904117040529982,0.13992545140074408,-0.08377767914487269,-0.108917869070048,-0.01976658332884427
-0.0895043877348344,-0.04065403865765985,0.11902072284898751,0.024112062831126192,0.013827290982691512,0.7182389241784897,0.12764013968919444,-0.028122411321540555,-0.19160527998062168,0.5453121095911009,-0.24412092027583712,0.25539267723265646,-0.07827778645651853,0.0017035641837502835,-0.012388970807604224
-0.01776793784074481,0.00887426822317459,0.05124578194009928,-0.13934384085938326,0.006181941299533896,0.7512398939438869,0.13012617804208704,-0.026679105590407946,-0.20383303735354563,0.6669265359042353,-0.13368452215136387,0.07796684143241853,0.04281957072365186,-0.08820206391525065,-0.002518092350003623
-0.01990461657377951,0.059644805388790564,0.03077417078559508,-0.047437645046485684,0.08903560241474347,0.787006326928637,0.16313156810809223,0.0664197976396093,-0.1520960702556226,0.7336028856514443,0.10408220697127958,0.08556703407663468,0.10089133805788869,-0.11543183021557624,0.010031089154967693
-0.12035856856751821,0.0542856334626898,-0.08012874637719683,-0.06041600678077161,-0.0163519882787974,0.7249966863416006,0.12620096382121906,0.013419481332349947,-0.2063323114580701,0.5847198255836805,0.11428497065351886,0.05981709171306581,0.03884854463634599,-0.26344291478541826,0.05870247070404907
-0.02494794123618933,-0.007985971158694163,0.050455601433971,-0.08809423792176732,-0.019428319298556793,0.6985192468467369,0.11434613178429001,0.12511792991654574,-0.13921305005806017,0.6319475232502157,0.07277610743821768,-0.1134106068111529,0.056169463128011604,-0.2417040393793382,-0.01271185505507777
-0.034970386355446095,-0.06448652619886118,-0.048596454064844447,-0.060896294882086616,-0.02452040999340612,0.6777374186817208,0.2627831723491854,0.16869515230317977,-0.03384950388833813,0.7226344882568967,0.16074857840368462,-0.18586782922587505,0.0033704076529787255,-0.026783364684368483,0.19525383098138552
0.014173856900446945,-0.049401810527316244,-0.030906007035130217,0.05077765605476877,0.004107818015280148,0.6541516277255731,0.21332334907588693,-0.0354075276588636,-0.07237839655022757,0.6758503947282686,0.26444127100441767,-0.23384404094476002,0.07437748473703969,0.1813772383944961,0.08848900902000094
-0.015980022269309117,-0.031586488731359476,0.049843345254254864,-0.06770361303042477,-0.024020263507349773,0.6545774878889488,0.27893752502951097,0.07561507401990838,-0.10617274613488818,0.7193645192573497,0.27838436489585894,-0.18151232371334314,0.07343382531773042,0.1677181702858793,-0.13552793728302273
-0.15209276405178662,0.03943266985746764,0.011484892611179784,-0.0727664044514962,-0.012186983539829343,0.8013729243816411,0.18966143329341315,0.02230054798890506,-0.08503491027953054,0.6573894777094952,0.1569478097531253,-0.034544625274061685,0.129369177860032,0.09464323853220295,-0.19424328174888733
-0.0936667786350369,0.07603923482787657,0.10421199848296105,-0.08374851241136633,-0.09167860862840847,0.7052251775964717,0.2618727745562092,0.13408840294228364,-0.1325080537267883,0.7540146303349786,-0.0118695957063394,-0.23576895675144446,0.2037130215848052,0.07428930464296057,-0.25473264475375623
-0.10153561530625027,-0.00042309831203439334,0.0023147893686293886,-0.024634428325472687,0.05184502378063817,0.6707107395718689,0.32109161137226866,0.1665993259278546,0.02145540937896659,0.7062516434775197,0.031668294583740264,-0.07607225358107372,0.10162230459140892,-0.05607506845115353,-0.25013986711653613
-0.005642982369392233,-0.015477244303991389,0.007213632671642413,-0.09030829935456283,-0.052101440226997184,0.6427421872995785,0.28375279902986095,0.0987593511035171,0.05122333514084487,0.7692313749943992,-0.02434359843571394,-0.03035909571107958,0.038675772589736715,0.019109520607573996,-0.12494371126137584
0.005429192360121418,-0.01744053654360708,0.06740367172357611,-0.0403732526018492,0.05739981766049132,0.6627406890333485,0.3754027325446416,0.1952272603476796,-0.01739767216182435,0.7390196048566013,-0.0192872526291099,0.04436864563614883,-0.08822971338850372,0.17338955114852947,-0.1495992290312934
-0.03980345249820214,0.01305279921974445,0.06780151246928125,0.015654515308567922,-0.06969382733874006,0.5711804062594315,0.34138966002386256,0.10606837037373375,0.03873011126779663,0.8053416492691097,-0.022010022744241436,-0.12844162880866763,0.01489417338482274,0.09101788945755682,-0.08784411197740469
-0.07497815885677421,-0.016221281368003687,0.10488028348629998,-0.07793584577502646,-0.0007512420307738759,0.5988610250466171,0.3806296303996281,0.302063104756443,0.014167563745446107,0.7986935982315512,-0.18024562993617613,-0.08496051085814528,0.1258827053296829,0.08894522162729057,0.052122887709551535
-0.05109162937212943,0.03048583436080625,-0.0018130669892410384,0.004021602434664817,-0.06382979555236873,0.6490272414530159,0.3827489789913236,0.1862189797294128,0.10345160523716473,0.8061336653701924,-0.26314718360287936,-0.14887324850279982,0.09793247182085621,0.20986184640459343,0.02328526434046857
-0.0515420507130074,-0.029467421546225236,-0.03687664864572473,-0.015558962831001787,-0.02716560561609329,0.549697797384687,0.35442168853588485,0.24315001714524048,0.04611332150713113,0.7958111557110229,-0.19059351236101535,-0.20878972642368365,-0.07451488764434663,0.019418293490466143,-0.0826937867274268
0.014880978106064882,0.07034888779327446,0.04096579472175712,-0.10432825724829892,-0.030122375887407106,0.6088381394554144,0.3963298560452797,0.3367060763047584,0.0669817058311424,0.6961864827466384,-0.10311279489243716,-0.1538420783681355,-0.06890482964529518,0.016279069774597178,0.004102616985403637
-0.007731921630162033,-0.005116398582870368,-0.01895798328723499,-0.00401673649023631,0.023398235579588842,0.6233356782059424,0.36708852104174094,0.2827118922464967,0.13660164234976022,0.9003214241757627,0.17972441547623086,-0.19539530566077706,-0.06043474548850515,0.09479759648594077,-0.07245165966814951
0.037746234035959045,0.004053602364685738,0.04564010823414686,-0.09523407366695467,0.019022448711821047,0.5895573875411003,0.49238362291981264,0.34621888608629564,0.0717500212677355,0.8178179351715443,0.14836837973714198,-0.18540824071011486,0.10906474791741383,0.25086537901163936,-0.05936670090159592
0.02708778707453792,-0.010085221479482858,0.1011214088535814,-0.018081671162201222,0.05674893830015866,0.5733310660495965,0.3855064283975075,0.4134011687521301,0.03287741875012902,0.8921173409206009,-0.001742865718476233,-0.1945604359795594,0.09604700309518326,0.2599488953141745,-0.14880138870206336
-0.03352139619221997,-0.0020965067147965047,0.14374133161606434,-0.06916007148834902,-0.07261776115146017,0.6699207492772481,0.5091606045029564,0.3362106965856777,0.14655935293601827,0.7803335722418634,-0.17858369979926,-0.03372126462346539,0.08941876078917718,0.10318290916475957,-0.08147444933263308
0.07518830516530527,0.00852963146366632,0.0708501771525696,-0.10228133932917388,-0.029235134381096345,0.6095791015932952,0.45864326528563987,0.3418578914869918,0.18970900293901038,0.8757509374658238,-0.15391475313822578,-0.09006494049490057,0.16363212521701695,0.18804064661338638,-0.07086147007956028
-0.016470499362326953,0.02130010859472392,-0.0007422263003199411,-0.02914268296109932,-0.0034666391526599486,0.6186856991602363,0.47133434975778815,0.37021427227430165,0.2276080533881813,0.7824114640165196,-0.07664543530396405,-0.18357639792651842,0.25217029619334175,0.21584091930829047,-0.05053425284705105
-0.004128630160473795,-0.0012260846584719858,-0.056056921413601093,-0.04088853224185231,-0.008564784153282034,0.48764252252032614,0.5794667154478046,0.3620115863901282,0.23371233635582728,0.8844806072926347,-0.2483415631160244,-0.14985429740423192,0.2792046789609956,0.2342420554999683,0.06650509793565845
-0.029610902094540308,0.0941200020162011,0.08090812591859561,-0.007946472267611568,-0.020117802410519577,0.5294236388271829,0.45905488105212755,0.4168384147124405,0.15765391501187798,0.8059449872199147,-0.20534044654579225,0.012933494837876924,0.1957747972699443,0.142004022848694,0.26754231640594106
-0.04100149473027472,0.16083002089848797,0.1248239203307559,-0.09631282599993685,-0.05094600317201173,0.5500485773908721,0.6207364700336644,0.42130302833684796,0.2801227846044382,0.9311169842507929,-0.06826773368256711,-0.026989803006494312,0.2066224400969499,0.10082833869643039,-0.05595213603596266
0.017731723980330266,-0.06764202480016844,-0.01660261009258985,-0.1211349321683103,-0.01873361919296833,0.49399029100847835,0.5522001927781852,0.4047383614568151,0.12797050763852708,0.850099661048099,-0.13807639838953673,-0.005883104137926559,0.14241742704782234,0.15349257276636985,0.032055784300912694
-0.06588806601865609,-0.04357321285208443,0.08173312498012578,-0.004357644506310598,0.014035302067580543,0.43622126406684025,0.5544533695575304,0.4403489136601262,0.2542989551953045,0.9654036002133045,-0.14794510121206378,0.06970985182447897,0.015533745241115782,0.23516098618873826,-0.06481203750702584
-0.00017430415370513902,-0.027348841060867945,-0.06545250175436164,-0.0319077091628719,-0.04206646150760318,0.5757531702668592,0.4730256364634038,0.4877376818933361,0.2594878442097173,0.9099858461657527,0.07488036177974351,0.006073111919419331,0.08315435639552611,0.3354953005303504,-0.07872393642107137
0.01376450077120308,0.027316382227126138,2.11018301200655e-05,-0.03483584575519789,0.06002398814761746,0.5337409486197376,0.6859981426635732,0.5521530956112536,0.2642211492715467,0.9630214697360592,0.120410520036724,0.016154168604266876,0.040539922799404784,0.10848921797748658,-0.0535494059494489
-0.07296984008019261,-0.0884844634813442,0.06621354072105777,-0.06278128719774448,-0.013094696251683881,0.488155280770516,0.57421979120471,0.4771975287218668,0.2402641504833836,0.879069161608882,0.13672318216827106,-0.032769805768065714,-0.01100774609570937,0.12013767197122491,-0.14279522205327816
0.06823661491145125,0.05690884342313916,0.07080273789383837,0.09364185067748795,0.07028033843304915,0.603732341811789,0.5614871812722464,0.5069209450777921,0.412554158540717,0.9285522510788838,-0.055804664946621244,0.04592299980071972,0.10959770355336036,0.11386808025225777,-0.18390307275787737
-0.004949828622717041,-0.03492105488862418,0.047180395553147424,-0.058970568644265024,0.044811840854976116,0.45747824262572845,0.5617403894286627,0.4998323956157602,0.23449915189897466,0.8481815727858956,-0.02471753435419386,0.19662818409759392,0.10464325628326748,-0.05037882840354818,-0.005795034341687225
-0.01851950246258099,0.029331260862308,0.01705876430777873,-0.05745073137438986,0.01823417218696801,0.44507164360012014,0.6688866375288828,0.43038610219940865,0.28888372076767727,0.9608092435222524,0.04398767416805863,0.23828803364779771,0.0031080478178041326,0.0015610123845586285,-0.0664433094604812
0.0017434907619859816,0.0027156537031060666,0.12564553847399682,-0.06562937497829487,0.15122164317441678,0.4916125816723208,0.6361668210913585,0.6051293234121294,0.3315424434849101,0.9486950424394189,0.1483777171839058,0.12778802843321146,-0.05526447657662792,-0.06775642668642075,-0.15015632126709727
-0.09983809811910013,-0.011462667828495081,0.016599561998627402,-0.02240064771644199,0.021700902053867897,0.5039208028783062,0.6059029839042145,0.6005225119367045,0.30412648873788506,0.9957684050237939,0.22865743028768845,-0.15696607769938414,0.08775729803279403,0.00898296544311386,0.08560697296219245
-0.09931144261039972,-0.029123681798498773,0.023814170361113243,-0.029761884440720435,-0.11484844729029846,0.4840221267388076,0.71209872707153,0.62596152205152,0.31146506396104306,0.9368769484134327,0.2415409018940902,-0.2749354346468599,0.17500073049135423,-0.06183084900963528,0.1934317481491335
-0.0811265626984665,-0.033291491423236716,0.021101878279765486,-0.03763474992023152,0.06400588271878496,0.5189247549309874,0.6449644174521467,0.6683530502602928,0.35081116717710586,0.9430332938246055,0.04067272722830133,-0.12094824999231321,0.20373788508233745,-0.025857186307579154,0.31520638381023236
0.030016302758652857,0.07372889282764794,0.13930444880041482,-0.07167366002201121,0.09331030868308106,0.47268763243183365,0.7023961236603791,0.6440917506470076,0.4429524066401975,0.9935481993490076,-0.02217905473198477,-0.1392205915640365,0.09371967962905758,-0.010289767286367851,0.0770387957833358
0.0032528996785053665,0.05815318649195193,0.11464060169511431,-0.09736168866055098,0.0345679863685521,0.5215916304080706,0.6645311516624276,0.7518173549408204,0.49745761048783443,0.9693045036851595,-0.20976672685386455,0.038533061247323114,-0.07434356818564251,-0.0035591474226480055,0.18535821999988608
-0.03298187161300364,-0.026249113659753086,-0.027622979582215768,0.010949051403701365,4.080394672203048e-05,0.47224617710943306,0.7811922722416829,0.7211566432832497,0.40530578422814567,0.945389285670108,-0.2872408007931784,-0.046245734910922244,-0.10925598614555435,-0.044560356119826255,0.0648477940832581
-0.0727933691570994,-0.008292967913387114,0.05683564073353264,-0.0425624075178892,0.09510578548205564,0.47923228680487684,0.7598846385281435,0.6501295575007286,0.3975959436587,0.9794545614295919,-0.13145347207772867,0.09676583221027765,-0.06208324821072247,-0.11704594587728742,-0.19370172083302867
-0.013252601304139078,0.06833254310285622,0.07933405369229483,-0.023398036097369068,0.11756902417268487,0.4021802421341375,0.8252183648014062,0.7334311627511054,0.4647603326958591,0.9649631781146224,-0.05204598123973504,0.034446369213410113,0.17854798392582297,-0.0828396396920883,-0.07202762599587392
-0.09347760256354617,0.05724487865905602,0.014153754426338726,-0.0969771282010979,0.01949727591115532,0.44435867904775234,0.7327976404701968,0.689493829656829,0.4973142749938921,0.9956644236309141,-0.28928223690842286,0.08145690472406723,0.2954840384865228,-0.07614713457292063,-0.12947512759518548
0.01194623984639305,0.045088051872162374,0.07575301321142631,-0.008791309118242545,-0.057949232593372355,0.5181841193171843,0.7779606186776279,0.766148265809619,0.5609450749153824,1.00973691163767,-0.1705947883949084,0.04439465672437341,0.3258265044652965,-0.0940543277997852,-0.12320587862305177
-0.06116449533211639,0.08983977576267832,0.04080698845922637,0.050875787025488936,-0.04941926390832521,0.3924831444480121,0.8116967595921042,0.6731853925509879,0.45926094094641595,1.0382948032639003,0.1152009515521089,0.017736350243016487,0.20875580424514345,-0.009062644506466308,-0.08217946071731848
-0.03982124942670528,0.010871908699593646,0.04654204737696404,-0.04827761891516344,-0.052100537953116005,0.41981685930044044,0.8353997846037301,0.7710022366898888,0.45897403830832206,0.9844839512827275,0.031817852386004285,-0.00593865060653786,0.23504714199055934,0.03797796406366162,-0.18301493502216903
-0.060693604325092756,0.08794515526016275,0.09576394398162871,-0.028706409638247603,-0.05754833662779704,0.3368487119334176,0.8125710820926427,0.7068132167736847,0.5193663772503873,0.9708342586779997,0.0034086620253260293,-0.0421223858927741,0.36006263855582454,0.1395179366622979,-0.11038179736470544
-0.07956048254700046,0.016656645901575753,0.04970337023969166,-0.06225653966049387,0.01580579011011684,0.45375774550070397,0.8666288480427677,0.7711127553324175,0.6045308109580846,0.948403956338453,0.0260919423074617,0.012687080618982619,0.20721822652807048,0.0941324887467781,-0.0644729939272672
-0.02404412790277981,-0.07547074091603911,0.09975701620094982,-0.04347595539858317,0.0188768738766464,0.4041459129615945,0.7731555217443754,0.6858077169481128,0.602622021143905,0.9828129961493459,-0.08579078618403328,0.14945291159097876,0.09127670198393248,0.2863848519820529,0.052090588345733456
0.0510017281538358,0.011235420536579287,0.1395956052987168,-0.024672069955198276,-0.013051382998029323,0.3961062522258222,0.7577107090173553,0.7923782187486349,0.5321436552841038,0.8770817360438538,-0.009437430025457327,0.19534968622728138,-0.0036523460627575777,0.27834016872823564,0.10800728729369884
-0.09500985006936759,0.0500423655786535,0.04126981927261235,-0.07555837441880085,0.009962874054376616,0.3805098959348204,0.8451497518736106,0.7404594484032739,0.5410008233613355,1.0451255845877834,0.19775221989248043,0.30299509748030906,0.05521515512861875,0.07682831344488097,-0.018397598742326424
-0.06550537193221423,0.0027624481170086014,-0.045235026087777526,-0.08516801013519917,-0.03791717275096114,0.3821532057566177,0.8585967762096107,0.789029667978887,0.6426315941804411,0.9242451189777432,0.09486838711706046,0.47154422500951954,0.09691791263903006,0.09265164375384341,-0.022783648920285882
0.028842759280724578,0.03835708265078996,0.09209962957627194,-0.028547978181813545,-0.058152582649285425,0.3723560771902228,0.8883400975675534,0.7238882458023627,0.6159933988206818,1.0190806417422642,-0.06051591988018343,0.24662089436827897,0.050706442505653225,0.1462599547615355,0.07621481386500269
-0.0952445456387162,0.022419046264532286,0.08285028913986978,-0.040869816287382815,0.09043134955885593,0.3663185447131594,0.907685157333223,0.7757489729451361,0.6589852986136824,1.0782107879177598,-0.13457715881157653,0.15750375863592458,-0.12013548776022898,-0.02757095393262743,-0.053783162964103876
-0.024203142942166272,0.023858016132837216,0.10509683231001055,-0.08992555060877078,-0.05382926535535801,0.336516302359198,0.8840498573625597,0.8420358060077419,0.5743708124987067,1.0728598694558005,0.054234381766192455,0.3446482598073294,-0.1393953542744886,0.05303679881667353,-0.13305574177712295
-0.07041145156642935,0.06043418076716429,0.0351803804421159,-0.05708034797858486,0.0443528645273477,0.31716105939740014,0.870899477706105,0.7673786022077974,0.6526821696355924,0.9422837770812116,-0.058220577521434856,0.3078285267891285,0.028108632651099974,0.09136154604360364,-0.0751381139303219
-0.02670738949242997,-0.09206151633666332,0.08326863142845524,-0.10616887425519335,0.025430280509189922,0.3533830212253981,0.7392358831550216,0.7594044560874585,0.715811602713624,0.9294149159101442,-0.08138138965866962,0.19998204017991367,0.058772160457223374,0.10243170193306642,-0.0010415008266119186
-0.059748438343183434,-0.03476700749242104,0.09393183671941369,-0.035680753550184005,-0.0031401458708037473,0.30805764365508964,0.880422564401182,0.8333022831199246,0.7263088416589456,1.1186254669869646,-0.12059776212918812,0.13513914790039733,-0.06341984510382401,0.07741817333266399,0.09745035876916278
-0.08963755745711068,-0.02816634353955783,0.007937039467970051,-0.07910272378054878,-0.03383491410182844,0.39017558667561353,0.94895141309204,0.8406710969033047,0.6028613548454127,1.1014008752099986,-0.0019167044363937596,-0.005709975786914678,-0.08114475742791402,0.14205014357575452,0.02497707166895676
0.010649321674083702,0.04517579623597017,0.05921759323077067,-0.06236691587282096,0.07793182198279855,0.35262986336649843,0.9098708601535679,0.8594797192552642,0.723984992581382,0.9194072575996374,0.0064970245995796885,0.172459734844399,-0.0928769687768397,0.08907773832108401,0.049509341175129465
-0.090748001222921,-0.0073203782980158436,0.06208174874256506,-0.07203662469191004,-0.02059539569059734,0.2859458853327972,0.9273592385615684,0.8449877251504186,0.8121480118490073,1.0353882329313793,0.06231518451914115,0.006857684741242515,-0.07805690733270661,-0.008316124601659189,-0.019122530914005745
-0.07540900530422695,0.04880662212555756,0.04781772662872115,-0.007057152239267159,-0.011465411281161863,0.33744806090150287,0.853572862344924,0.7788510571317947,0.6541380265577484,1.0266595656052793,0.14246592975974748,0.21067591572089936,-0.020061574826161797,-0.1833995659917228,0.013782058510232176
-0.0008966682838542073,0.03324720685086188,0.07215710721858908,0.010782323594450999,0.019624634158940134,0.21446587724128996,0.9066414292226599,0.8436064813718039,0.6514780315057989,0.9995326540646695,0.24938353722313483,0.28718516094924296,-0.18560531704200753,-0.1076707032706865,-0.12347244109861819
-0.045971278371650055,0.04090613034306083,0.05092654318083463,-0.001171076638070881,0.028045655338618553,0.3866673781756274,1.03245614431647,0.8376147699693777,0.7723512271290738,1.0338855487555754,0.06309455217278573,0.15172144982667593,-0.11992920740260249,-0.1681520454882377,-0.21705350054980382
-0.11716921638452842,0.0015656911224046707,-0.029051765917022812,-0.0975675376432914,-0.04833044032396993,0.309669328638306,1.0198825180496747,0.9664315245144645,0.7964622899124638,0.9681131687474438,0.034641220638397315,0.1643070501004107,-0.1411060039675922,-0.2447989030362026,-0.2677185346103364
0.0042033611239562785,0.07857009270847803,0.06711927337506512,0.018626208167615635,-0.005576879315405023,0.20039498592938068,0.9801432722111243,1.0144475250163827,0.7712988817008148,0.9834808979909083,-0.04969464755734462,0.06238220005891684,-0.1299146120405821,-0.05743160006160945,-0.41036375394337177
-0.08217125722805267,0.09634176672030383,0.04874812156446087,-0.09466664608676018,-0.04600650479573507,0.2340426330273411,0.9467427703289523,0.8734373936678056,0.8010675869170356,0.9071586974497426,-0.12804630576201048,0.157855035893837,-0.17904263173806095,-0.09985360123335542,-0.3947095257084919
0.027064137493840464,0.014648292499447437,0.056402278768672875,-0.02371714769329089,0.0938297431149296,0.29150819090773894,0.8770751856624454,0.9068691252851283,0.750578708088717,1.0138316474304185,0.014734327868973843,-0.10843014666370512,0.011125463570920119,-0.08595827737361243,-0.28668368758979335
0.013497841322734946,0.05396872148559575,0.01831851802777404,-0.156525114527475,0.021736364764875366,0.25315723956582753,0.9720140159053925,0.9913399021760035,0.8320743836126112,0.919520127360162,0.0035884606082154423,-0.12801692542823764,0.0453457692040948,-0.0757751007082063,-0.16503709667647784
-0.10302030546734992,0.03319120314305436,0.03096861322899666,0.00580118925660509,-0.048544916883740706,0.18107692758776553,0.9459241277461459,0.9150056577132207,0.8477214412547024,0.9519535122403435,0.14239226703128022,-0.26159256581231666,0.04349006599206457,-0.16385021396492255,-0.12540990281170833
-0.08928819401965646,-0.001494128191975752,0.09744794518819522,-0.031199830562951246,0.05689440276980306,0.2837455662794588,0.9339568493607017,0.9131230042712182,0.7201929641017798,0.9791048315075536,-0.012298234534988281,-0.09739220556329972,-0.04650642745588364,-0.08803024739519714,-0.05560829615478348
0.022567185689306407,0.0881684911513646,0.09219731073114736,-0.11224567152711679,0.02469084807830648,0.24557772349549217,0.9582408967311113,0.9718839198218651,0.8059884482456625,1.0092137014868612,-0.09986960809108712,-0.15401270091249486,-0.05019237421540221,-0.1797261356217102,-0.004309603926895639
-0.07946349534167942,0.027628288068723274,0.09493803416499572,-0.03743324199259891,0.032099884392193016,0.1540365272117187,1.0059752685906538,1.022854215509963,0.6919053269302078,0.88128659182816,-0.030171430224575437,-0.003232013001664341,-0.09705737036108233,-0.11396861973697378,-0.01975437097612176
-0.040430873499291836,0.03353824338432507,0.09241957066736199,-0.016238227820549636,-0.030858322696498314,0.17084989967216088,0.880359381522132,0.9848462994343731,0.8249660966433188,0.9135201797555575,0.05348256758084402,0.010291781450848188,-0.11659720873827394,0.04822522067610015,-0.011739112462200359
-0.06881626623320691,-0.050233301397640324,0.06086271587645224,-0.11969999979879747,0.021904715045968876,0.2845787861856788,0.9629300828235382,0.9937448331298478,0.9105870088330493,0.9742458406650977,0.13996039800262972,0.039689355801700174,-0.3372033305879626,0.07315399897851821,0.17625629028605125
-0.13144489760767802,0.11604674462512238,0.03714482226474185,-0.12251379554309048,0.007703824615761454,0.21843078201778432,0.9145961824979076,1.0081641732628572,0.8622844378380532,0.929036448020156,0.1952373963862461,0.07997226082982989,-0.1876278941876196,-0.011940667657232167,0.0766461226630431
-0.09442506157332677,-0.04444422837501056,0.08913289579434168,-0.11399655697797782,-0.0312735543858801,0.15762307740319065,0.9318711969280603,0.945021257352662,0.8629749674296086,0.9697177236837216,0.02761772626090117,0.004139652842078408,-0.18885419598474906,-0.10846486737396642,-0.01194242413762494
-0.006638851912469407,0.014267911666889437,0.07357346607486155,-0.09068962989012772,-0.0296944221445504,0.13093156674178513,0.9404636849231174,0.8449771367315594,0.8919434422198127,0.882120810507468,-0.027511874098000894,-0.1356118240143069,-0.17354435776894866,-0.2133449576920703,-0.004701936580007489
-0.091976298182323,0.008627217108531007,0.009439958586586555,-0.12948100841447072,-0.011430467131784066,0.15767025275001445,0.9965067262435053,0.885298496662456,0.8929382505483365,0.968772141450701,-0.02078950346851691,-0.13243397490991543,-0.14780135813764664,-0.19937830659420064,0.015430945756635178
0.024244099641530903,0.06445043014564024,0.051771561782706525,0.03224674109854229,0.03724039393360119,0.23530102157347255,1.0453849465433667,1.1065815966074821,0.88146208216425,1.01569589439311,0.12846266075255203,-0.04714890294623016,-0.07294208071426189,-0.2516558125392442,0.037538557450460294
0.022347064371374938,0.04334162311675552,0.07486643100992625,-0.043018641212737165,0.03852867690068935,0.19506011069503199,0.9782718759994454,0.9590023165903976,0.9528072068759794,0.8513563671158609,0.3303894642781871,-0.15716835074361837,-0.060479794672605065,0.039848572421436884,-0.0502678086454265
-0.07083185418177743,0.06826859041690228,0.07916408276243898,-0.07257544389903853,0.001117511354882382,0.17936444451825886,0.9832397655038373,0.963108178530822,0.7779763321653044,0.8308456307920742,0.13167599463136587,-0.13507306655397264,0.00639630299543012,0.04256641929992273,0.08299148981225823
-0.02401938283897353,-0.0489438686925668,0.09050567952732369,-0.014654157703087888,0.03928164557973406,0.09978765000480247,1.016416797255424,0.9820974964212698,0.8850092107118827,0.9642489964214822,0.28643152345987943,-0.14853194717288504,-0.10683337461135382,-0.025692784003546448,-0.0007420380653423847
-0.044014789238563494,0.03678904443510296,0.13972061809666803,-0.1550752754855032,-0.021701606206343052,0.11795247313025649,1.0098385514451513,1.0433755566678298,0.9088938873200529,0.88265094950939,0.03308990607828641,-0.11333971954258941,-0.19827881014443005,-0.03378544506490383,0.04096195905754628
0.006812446177511075,0.010892077599279886,0.13076174865535678,-0.1034990634908815,-0.002848458624902423,0.07437766580629115,0.9072063285475482,1.0209570562441452,0.9430304193411511,0.8739442658720088,0.009186497232244744,-0.09255387529260403,-0.12367412795809155,-0.07676623199082291,0.05810205435262537
-0.006823115767762754,-0.048704842785115166,0.14038649938493805,-0.009695163898474038,0.09485345413513575,0.07203955716472354,1.021640589086732,1.0428981861812625,0.8972506299297001,0.7593995076991336,0.08395119143060388,-0.17785579177809868,-0.19843344508799043,0.009787792100912573,-0.01207345807464514
-0.0983376697565248,0.13310240562920894,0.11445423647705516,-0.08440502831352302,-0.007630856506913454,0.06116569133054695,0.9910021073898387,1.0386298488185952,0.9943898876927406,0.8252354018966913,0.06409704071284257,-0.15816751164203974,0.022751024857374652,-0.15489344700754584,-0.05654762597625047
-0.07371871217110965,-0.09366028907468982,0.08369697545805291,-0.08514592332080632,0.07636732568902593,0.14159874416821586,1.0260436241387945,1.0099720050917025,0.9796412733592754,0.8069298413323422,0.02989368341992521,-0.1583235051130732,-0.032969500149908994,-0.0505837029409211,-0.002501163048754293
-0.10551119438535744,-0.07927314498041299,0.012901078070599703,-0.077184823176517,-0.02089386594589916,0.09367056014810195,0.9975466915340192,0.9628994435211236,1.005534319811526,0.8428359462984925,-0.1712625165964234,-0.046909674335759044,-0.084286187299199,-0.22365572849598342,0.0667697834224119
-0.07757129745722441,0.03049077432127317,0.12545102214778175,-0.007128191518280043,0.03463580108057383,0.06030021461700312,1.0334446822965824,0.9977928374325644,0.9492626150750221,0.7659277049119272,0.008618249303311093,-0.051270399729008403,-0.06395009060656885,0.023674760756041274,0.15747613916640255
0.022801506334297283,0.0632791872221555,0.03474583776732336,-0.06877585444222695,0.03381415851585,0.08094638374586073,0.9522754125542066,0.9880052721967258,0.9475057664913683,0.7823444721321304,0.02268488989162639,-0.07294754091511323,-0.08372883352821212,-0.08532111097974387,0.1165056247049926
0.022686101025572697,-0.060733942002283006,0.0947084884321159,-0.10443063692024893,-0.021805018586493672,0.006516917358307936,1.0089380539925863,0.9731020575531284,0.9360727609584238,0.731852937459397,0.022402649368533624,0.02868888032505016,-0.19036998794821802,-0.045304592528265554,0.20750966105301832
-0.09203615234782772,0.04468992939080913,-0.01364314654602855,-0.11096683635289889,-0.0048928609954814704,0.022567352618051734,0.9912257079927274,0.9599223612924683,0.909246803751713,0.7802969796994158,-0.16686051344407368,0.08393731198392135,-0.031868632162334876,-0.03545719226106368,0.23897751074397627
-0.06082432667061916,0.013716772724000192,0.10426799110496082,0.014486167340849398,-0.0013091061847635317,0.11889043189042717,0.9156009153495539,0.9881982798612753,1.04504267302359,0.7496658409554613,-0.14010161267231883,0.12302272615325806,0.10187468305815525,0.05701580378818094,0.15643035343622816
-0.11638705992274624,0.040489878690683,0.07002743154818122,-0.017805523699054845,-0.0034078567415619272,-0.00849089765383286,0.9432445711634803,1.0044268670007719,0.9354703946400003,0.8062205925116404,0.0114076434219538,0.12357537440859347,0.014454323153755486,0.13181700157009496,0.221833174220081
-0.03454157021118191,0.03585964452666572,-0.023588058590941638,-0.06577263029557733,0.0523760627492599,0.10098956533364695,0.9507333911509253,1.0051209734220643,0.9620361979316215,0.7420137385080853,-0.05047881718116908,-0.04292887160186849,0.04986914239494325,0.12982513064548784,0.14667556522093916
-0.07853799377014811,0.06709605475299166,-0.003152655373282187,-0.07752576308751187,0.019560001495306054,0.09605781646324836,0.9963699626549962,0.9219953931345217,0.9178163005803706,0.7469507797276298,-0.07476968016222592,-0.09079644430722869,0.11563941923055397,0.08716164772167537,0.1566472590599325
-0.08164879922760224,0.040038178805029176,-0.039635461386323706,-0.11050783177478152,-0.024785388315101138,-0.006468084057153947,0.9218558112188658,1.002106606247539,0.9745599670362229,0.7401560090905205,-0.011442382210400372,0.046682692337424406,-0.037649141475556896,0.1002355235463159,0.02534464865676188
-0.02413129908363732,0.006625551541804255,0.1863614518319378,0.018541529836869658,-0.0170336974834416,-0.027344325990165303,0.9981848602148881,1.016808894901797,0.9322268150802702,0.6725959119493493,0.025923391762269904,0.044768528464450175,-0.0036945961431087623,0.12886553692481995,-0.17495070913303187
0.027001014393541932,0.015863755035659104,0.08013208649958801,-0.11653819507653225,-0.03220300441062411,-0.006484927760667108,0.9287938384510989,0.9910445440729743,1.0197599204810555,0.6808519574692496,0.14441211891633007,-0.09331832225977492,-0.04410502422690728,0.05883361748633195,-0.08276945936263622
-0.05430560335776048,-0.03919937421243172,0.1029868357682745,-0.0733381436133395,-0.016257469059821776,0.01921235447366547,0.9595711168086389,1.0275114613977325,1.053542443178306,0.6231498017187399,0.07131000263959777,-0.014526526634743832,-0.04113074734518241,-0.059075276609203795,-0.11349654692728568
-0.008796464175742688,0.05883061986689424,0.14247699608475847,-0.08861296683930542,0.05332360953783786,0.06613064832224211,0.9500851430020316,1.0121340851660023,1.012551003299894,0.6949146095132889,-0.025649049537846684,-0.11956706465571482,-0.03548257095598326,-0.058879711412498786,-0.06240089158440278
-0.0629711130480662,0.012050986941203268,0.10912759424800804,-0.06516671152296769,0.065733598787051,-0.053582909985038875,0.934229055427943,0.9388505547699005,1.0691088808309304,0.7604611181693618,0.0023141337011397794,-0.0894439347932903,-0.07992021667071854,-0.19606943656599352,-0.259243366598866
-0.12919846144890043,0.02056370468978775,0.10833254692220755,-0.013228021183774002,0.02644535066223347,-0.024098909641209955,0.9797145705472868,1.024389637440644,0.9722220029264202,0.6513878426150022,-0.08813666412283279,-0.057892535822058624,-0.021689055528938586,-0.16215543799417942,-0.23811716975248798
-0.09118292617853646,0.022943057348506324,0.1364338577726763,-0.015374898794364766,-0.04785330742083596,-0.07167660157198984,0.8707720475305881,1.0185840808914717,1.0085655324266936,0.697533007153955,-0.1389208799657468,-0.03299870010690981,0.19533033449755527,-0.11655462011480477,-0.1571904938516604
-0.0576063276335172,0.00282321709535565,0.11361077647690704,-0.03833998938991464,0.005148845586205779,-0.06463757096975034,0.9844040365938648,0.9801803093563477,0.9031940212542056,0.6906378892493916,-0.0039573020009010945,0.08197799618330108,0.14699441839854585,-0.12226253288000036,0.05528274085128328
-0.034130463056717644,0.07720588440363788,0.02927946034801461,-0.11282410054766173,0.032788408638392816,-0.08254114043092861,0.8984661576781776,1.0255476379115864,0.9783508840533612,0.6318514378670687,-0.07603955522201647,0.18282722654753816,-0.021576455038885195,-0.3244408342904482,0.05830917271450551
-0.13514907359336797,0.13900409028125588,0.09336454859323638,-0.07506520366906405,0.04976714564256921,0.012859572472665753,0.9809919035380733,0.946760380305142,1.0421815602128188,0.6937786262888683,-0.132063445646369,0.1580153289374303,0.06028724298882887,-0.18926016613402064,0.10577453727422073
0.011323801142953956,-0.05546533924328724,0.09063455164755829,-0.16981630707450449,0.030082486221044983,-0.12526926040747316,0.9623852024591397,0.9107547952044973,0.9782069914103465,0.5165521731964837,0.014845698781881009,0.19471013947212906,-0.018920306876543225,-0.3243578933853432,0.1832987083055041
-0.07985559554849353,0.08549495379870756,0.05488968592414469,-0.06959850377533786,0.07085880555572933,-0.08921305622793967,0.8437820830435978,0.9199549943318097,1.0485238185665424,0.502829193436577,0.1052795179860067,0.184886406341603,-0.13661979530842983,-0.21730027373921024,0.20748030210283694
-0.09290302293793888,-0.003659656821784686,0.026587375231811997,-0.06646491247826948,0.12305398041305833,-0.15136608607588065,0.880790041261086,0.9037568148818612,1.0509680543618771,0.5900870241069464,0.038917037919524625,0.13505361687591325,0.134039631801673,-0.10977854706479045,0.1514052733042966
-0.10994718033802062,-0.01140604080798345,0.09469322912886843,-0.15098476188698257,-0.007770875344569161,-0.08288512677479856,0.9315157044727911,0.9240594347704937,1.039619423483178,0.5699516569837989,0.11367883976730833,0.12165896575594386,0.12691563077150175,-0.09421825238782011,0.05817667672735412
-0.13499298234672627,0.00043145777242033223,0.12329105603471825,-0.022081493027260396,-0.05298273016167361,-0.09923000693148168,0.9072700954109194,0.9544264883089296,1.0550549141231216,0.5697436987128585,0.08949443382207295,0.1478785562213207,0.07995631977143185,0.1955722887961662,0.11817739462850316
-0.10940937394958271,0.09641090031161792,0.10490057868841199,-0.12145507946396894,0.047392550472890205,-0.1334437274897105,0.9306501225119198,0.8622022574398871,1.030114034030316,0.5818962951990274,0.13384629274802967,0.07323274100139938,0.2002704724999892,0.31680682438473473,-0.04525600426323585
-0.08349308573474579,0.054040843303826525,0.019903984158455276,-0.12296219067684466,0.0678697799702349,-0.20030020045177777,0.9022860371206031,1.0641909177348172,1.048013661594233,0.6160146724563326,0.05760536397625257,0.04343566628042739,0.06273602246430726,0.18404946095384705,0.03875315939799294
-0.07453122194899495,0.05293223208561621,0.0936135643731796,-0.09010775767014913,-0.01969408262807364,-0.11478906279471485,0.9022899306862999,0.9319322411444083,0.9453223347427975,0.5114278829023566,0.07303642148047837,-0.04449895962597942,0.1499472957193052,-0.003202784973797071,-0.15557333614981
-0.002829210571824836,0.050162273869216824,0.01872394831782126,-0.08696360010235017,0.05094395597565776,-0.1936401015499072,0.8685653038505303,0.9053886450358662,1.0275265731690206,0.46346531646363065,-0.006896101080585235,0.05343286157037522,0.0569527645328136,0.12617106831233404,-0.04643219121762907
0.006897189195338133,0.06406385462908232,0.03306735847103236,-0.07347886856595102,0.01141445338069216,-0.15513966197853224,0.8686973486997657,0.9333551386801551,1.0770867301215963,0.5408222296036939,0.031194146191074704,0.02391279961493085,0.10018151615635658,0.22985160002579635,-0.11130145414486026
-0.1153993901750299,0.04087663727260716,0.1480009985874856,-0.0644914896962321,0.041398922859740256,-0.11795570112972537,0.8401278429134066,0.8914993918247381,1.0083290803700424,0.38396488380524446,0.11561123760778377,0.0005258863816336203,0.05730038216758636,0.2268448721811438,0.04281402225052383
-0.03785525801757281,-0.0007616434321018467,0.10790096959322105,-0.1268191575681939,-0.04040706537760659,-0.18507357851165213,0.8301000482228575,0.787452676928988,0.9679292072349575,0.4246529420309143,0.04254219530357092,-0.01663427857213052,-0.007967410876467754,0.21691250076133028,0.0191969701493099
-0.06331858694000718,0.10942310000268013,0.0176680226912527,-0.1857495662955496,-0.06167436876817527,-0.19312307194503267,0.8933520524882642,0.7998569054078509,0.9498456321893318,0.37710428113194105,-0.027680099879811397,-0.03597804508764505,-0.060722331002568325,0.23503269150287487,-0.004985940097924227
-0.10109528547102323,0.0898625076463104,0.11828071635583504,-0.1046225294812037,-0.1045837231494661,-0.09962666302231804,0.8843627740033476,0.7752812341042297,0.9581870447626781,0.32559021074731226,0.13550709607382136,-0.05346357994488149,-0.0871330034316351,0.17929673389267772,-0.044286751336917285
-0.11763670197287006,0.05562551005205493,0.08410668747129982,-0.04196890819436528,0.04433146811331057,-0.21788677409147786,0.7187563678340982,0.823283058305571,0.9567130048498346,0.35474957406364477,0.08115118423447994,0.02656102207151128,-0.21275602353334844,-0.09473515847001218,-0.05328031965667457
-0.04122762431323255,0.038673871840890994,0.0817416560232388,-0.052373382649740466,-0.01376315912665339,-0.2507983766859535,0.8008041820885355,0.739722025635667,0.9810584391196396,0.40716063434486893,-0.0682241061457871,0.2062002566351477,-0.15569955168811148,-0.20666010425758316,0.00190658855889516
-0.06774084565867042,0.05644434346520044,0.09971055919041863,-0.07567469244879672,0.11234323835140568,-0.28553395543256566,0.7079434875163907,0.8769908483157793,0.8699474606126453,0.4438812733613021,-0.04212810613190885,0.2732470779848031,-0.11277180391418429,-0.25057722872350807,0.0933264415877852
-0.11982213095046912,0.06432646503497194,0.1443628120216911,-0.17390347210511198,0.020814601213536944,-0.2573659835665157,0.7466830691070316,0.8855763486679212,0.9751122962175818,0.3954040157125501,0.11857205375519278,0.22979547377064066,-0.15367381111299067,-0.09672289744047464,0.07444821064881094
-0.052546361219891854,0.016327682639724284,0.1490019862784846,-0.04703367200686853,0.03907861361887516,-0.28115478219261897,0.7572684951458885,0.8323249658870941,1.010475327763777,0.35125971668726375,-0.0042627358357095885,0.23633929497234674,-0.16048708345718649,-0.21019658024626142,0.08193952059186216
-0.10855572406733255,0.047391425328930356,0.11972190628480969,-0.19214076864739116,0.0751393401542476,-0.2379213634385765,0.8141651034460824,0.7390022521063976,0.9354575778903956,0.42033979420160683,0.015350982286324722,0.02645741877771421,-0.21232367361766452,-0.15997720842277302,-0.04491533002223873
-0.0037535817300423657,-0.04672020064599475,0.08579628948862551,-0.024965765185537586,0.03735575931322726,-0.22328719470579395,0.8233367047366906,0.7031884304702792,0.8977536823976204,0.2707426407355332,0.06386623841333372,0.017619321585497495,-0.038973459944695366,-0.03741388937375373,-0.04818069123849253
-0.05366496502753569,0.09405542295222463,0.0481604491330834,-0.09209959195862409,0.013830755091374634,-0.13771658364471207,0.6369902125765656,0.6495635891018965,0.9329887118237372,0.24467926720958594,0.17721849940878062,-0.026854215190453827,0.2565839562965712,0.10040627375657,-0.14860389553543243
-0.003833166910683264,0.05728328276130899,0.11605587506701129,-0.11168504165425805,0.06394572933372047,-0.08743990882245622,0.7498559686671884,0.7846499017300933,0.9697945447731516,0.2962346903513259,0.06623734580061105,-0.11442091194419118,0.2582879164418223,0.13881725817790147,-0.12833262941502804
-0.07177940603246027,0.052413600071321786,0.11153892084011423,-0.027453954431963003,0.08523634578279204,-0.28060883133227166,0.6396358326926012,0.6960723845835111,1.0386623466349254,0.22521590186463536,0.10604519374238464,-0.08441170552885466,0.3467664029600761,-0.15941642011572393,0.012329171687078186
-0.1591203372304507,-0.025557521813048004,0.119620538706028,-0.06353163818380546,0.032933379882265815,-0.230676162626856,0.7881554087981868,0.7145839838497438,0.9037302939769334,0.22593373863328547,-0.029971413595509047,0.0853962039851163,0.3889333111175508,0.10703275049900988,0.00012103239792885835
-0.01844238954714604,-0.011560331353490737,0.23073678046959337,-0.008132024051501686,-0.01673832308738611,-0.20615737723316443,0.765311902282634,0.84279455471821,0.9303554920743892,0.09402422168591301,-0.04076466121716138,-0.021584743575846402,0.3064244833124004,0.050632697631506435,-0.16447852433419521
-0.09055720691200467,0.0648461640249235,0.08537220119120159,-0.046252330039499315,0.11280045500126563,-0.22518027088697243,0.6538164145430051,0.7103032111650139,0.9048013024144639,0.21835468675467262,-0.11809327052645659,-0.04823295071935191,0.265915206624426,0.011250614816428372,-0.09895473767002999
-0.01406567685855676,0.012005473616059019,0.10334553413752154,-0.02481979938516557,-0.03833650633351074,-0.26462122399624266,0.721353706609186,0.5858174541194315,0.9211788684110478,0.1679585810457193,0.07829628536348601,0.014897732626786321,0.24583287720531316,0.015571997283587324,-0.22153180119753693
-0.03568380468197109,-0.0222516562448693,0.10930563150092669,-0.06588304612248462,0.05239131216355454,-0.2589605089834529,0.6495707801480805,0.686285518679932,0.9255649059896811,0.1657722280507029,0.09109463257513473,-0.08693275022770407,0.4447403936995005,-0.04834673733966175,-0.044723116177054184
-0.10947708448996754,0.08096158785739352,0.12098203113650154,-0.05196893488490591,-0.06269694657522344,-0.3862172291713292,0.6432358899587922,0.6126531053143649,0.7898876477929214,0.1746693117263012,0.18065640908623856,-0.1838618907706944,0.4093820501053239,-0.18509645633586191,-0.15267575709431155
0.029161800281116534,0.06466037423847878,0.1397589375059919,-0.061653856265046214,0.0635107665722478,-0.3049457174844068,0.6221439878088291,0.5866399380113199,0.8947261158089884,0.2256236066973602,0.2546595574424696,-0.19765346863781785,0.2741101972182698,-0.2681011064563649,-0.015022737675227327
0.0349086662922577,0.002578382645897423,0.18675258233641842,-0.08591535722163363,0.029265892559661354,-0.3425879919326772,0.6310464602544361,0.5336636481785022,0.8474531790869454,0.07034701629041856,0.15991632956587745,-0.1586526491895391,0.13037135823165796,0.03900736757480969,-0.08843384215883936
-0.038849278781193486,0.06237765068587582,0.12983362320518946,-0.08672884920679551,-0.09621754429252974,-0.3658931308310696,0.43444773954692634,0.5801150034761923,0.9324658233277293,0.18185610204428188,0.25721647784182766,-0.18461693404546847,0.2415090559206289,-0.08439060423604854,-0.16043301654692876
-0.038093200905285604,-0.0677173069532218,0.1488576412625563,-0.13741811719405522,-0.025208965592838976,-0.32241867914643435,0.6759639340438643,0.6002359871850806,0.9461641152806959,0.10488953801844876,0.14034639341264363,-0.2024660963748463,0.11318733339264858,-0.12341997453309467,0.03023132935049097
-0.08845211004221384,-0.0035479973310773363,0.13324225507992873,-0.09886804736313709,0.13346750111304617,-0.32371463843666126,0.6329145961647611,0.614080612362082,0.8188847183157162,0.08364694352808846,0.14110185490873722,-0.26817561473397844,0.16091338239114023,0.0889396610584428,-0.14794276116156946
-0.04203736341953937,-0.003327450422602525,0.1982480369017866,-0.009067164965938512,0.03080411872087916,-0.47575140791460685,0.594364838057458,0.48160227046932513,0.8637456504376565,0.08100131577534819,0.08049402748265655,-0.12255549094280921,0.19650997979411788,-0.06182328104008984,0.017398830718935637
-0.04620814974152751,0.07580904127093879,0.0740581754993679,-0.08642745452535858,0.12242425894460976,-0.31020538245891416,0.5226288695985795,0.6113723269351683,0.7873934487094745,0.13774165180959883,0.1543988334427571,-0.09875799052989517,0.038625512325497574,0.0250369293954087,-0.04966335730993413
-0.016885638030437973,0.011804038556054372,0.0548435742382045,-0.14208820416145612,-0.04989681671285677,-0.34249800199072367,0.5090425554900019,0.6460121389743476,0.8577135856933631,0.06811110362891631,0.09350983154593875,-0.27684725930883186,-0.06287204636332194,-0.07207982742705006,0.018769512544198487
-0.020862502740229452,0.05958339427517581,0.1600125384226104,-0.08512117832358299,0.012072829585618523,-0.3816550093229667,0.4530267039894218,0.479246148817174,0.7930681831740535,-0.039265712641676796,-0.013456875920984969,-0.23217881565811552,0.02562474619820411,0.05999330111721134,-0.15005244256157638
-0.07679003624584166,0.0723863358467737,0.16575749554287472,-0.12483486776770197,0.03025577254014915,-0.28881736559725546,0.6033832883726122,0.4965084407730923,0.8639872758872188,-0.04900442300044639,0.0118001017137048,-0.15100057570410044,-0.03773577447384814,-0.07784615185220664,-0.18561873574910026
-0.05594936930070183,0.04576359459037633,0.20070282170857717,-0.047854753681999464,0.09331474532373718,-0.3541622140187128,0.4653753525362201,0.44689412384415883,0.8318494589207368,0.0035470540048610022,0.14684871082671141,-0.22757699089452632,0.04772776355283679,-0.03631847178213031,-0.17488141898425483
-0.1226096304963252,-0.007762709906595805,0.21235672089680102,-0.06589376520397464,0.11309384846102585,-0.46767274330645364,0.470432758510728,0.4572171562729342,0.798529777034638,-0.08041577916106635,0.3064900733774931,-0.27451924892428703,0.10192164150606886,-0.1521562665758477,-0.13051411547513098
-0.09636787714216061,0.04663476563200884,0.06772310482472624,-0.04050364623589939,0.017627227505250764,-0.4535025682004802,0.47737534741476473,0.40513724998852746,0.827960120706279,-0.06164302668493404,0.11102426901813972,-0.25330304383681135,0.15542706940595932,-0.13889601051294212,-0.032465444634669396
0.004515356799352846,-0.01996877778496381,0.06910150931319203,-0.06026732562548917,0.04754188940561787,-0.39648516081351964,0.43871796041415256,0.4197325430721142,0.8505202861207488,-0.040690514472951876,0.059470679799396575,-0.27237481753369824,0.24073461123699785,-0.06556193288112858,0.021749620144848675
-0.04743329741393363,0.12899177386708552,0.04888402404826793,-0.08515461664248733,0.06698527520404249,-0.5263695985259556,0.39635365951265267,0.4228359924220807,0.7510646720962523,-0.027221004104562047,-0.042862954078406845,-0.1132624255429937,0.2550051105460777,-0.03913195855711149,0.08477871708957094
-0.0753962160972124,0.08473065736426383,0.14187488405351953,-0.09895031164365141,0.0756940686394624,-0.47087502249507596,0.4511959058653696,0.38133037784685736,0.7825306598965369,-0.07524013223801512,-0.13984736011543875,-0.12587804888600984,0.09717074787907995,0.15784051051779943,-0.13817327717015274
0.00215168361375373,-0.038838440029673266,0.13256732276905098,-0.09351677612717117,0.07493276429021703,-0.47023313337132233,0.32444866789403615,0.340080509687767,0.7720377462657797,-0.13257509157268862,-0.012632283286895626,-0.02158700430510982,0.11675966512428457,0.06682399016520052,-0.06197247250642032
-0.03911515208441162,0.12556323395911118,0.17674329006194248,-0.03864355492619392,-0.00887434605075376,-0.49256648429060446,0.5280614055302892,0.41869892561869604,0.7270728662971889,-0.027836252431124045,0.15371225639395,-0.24558501215089618,0.2530469033505992,0.057834906957167545,-0.14907561039194853
-0.0015603467217203612,0.0594075376949442,0.06715173135018584,-0.005791459625001036,-0.011895300178773272,-0.4415031533407353,0.37932248910360905,0.3108004005448173,0.7512293300149052,-0.1466796498122503,-0.147607848899043,-0.30776881472194706,0.38066395545318266,0.019435836121221968,-0.047307937045545485
-0.05630890675760091,0.0850947424744233,0.16475895520806175,-0.0830454772303855,0.10974884047652012,-0.43364634478722885,0.3829084397070514,0.3336458029405138,0.681679333870201,-0.11526715282070432,-0.006934799947375364,-0.23135209367864956,0.161519318857742,0.06167546313713212,0.01144162296238695
-0.013401243648201014,0.0731580162488942,0.03910564350793322,0.06915363677118282,0.03162240393077814,-0.5574386645705018,0.33693652626310155,0.4132378927082742,0.684795809609618,-0.09780146492563674,-0.05993160961385421,-0.004759857340423973,0.28390636586813056,-0.05561447171174532,-0.0025100874448756427
-0.01731567905858058,0.09377146180687859,0.11162230246087028,-0.05673181939515225,0.17511455931695585,-0.38314798630818253,0.3631207356183562,0.322007101985835,0.6900749487316884,-0.15632530543248685,0.0008784501230467423,-0.02271098031884316,0.2847252145531314,0.1412791306903998,-0.2087575645864575
-0.09802660982248773,-0.02156520202042843,0.11660154971124914,-0.11899290010951924,-0.012104827971170525,-0.5837903109847694,0.3052160895699958,0.23343015311450527,0.6883205076920068,-0.15365272787609288,0.13609824844295065,0.12689368915671287,0.4344002938735082,0.34286008642978894,-0.1804191245760618
-0.12497640292440311,0.04985418280759401,0.0961729359676696,-0.0701264599709761,0.04992686425060895,-0.5222249995007345,0.31907546795327996,0.2656171794167479,0.7421816731328307,-0.14668724036601966,0.1350879430296477,0.13339550458552854,0.37271306085751527,0.3038758966271501,-0.10404420283098625
-0.04242341101856881,0.05545148946362012,0.0799365307397695,-0.1355061686341797,0.10496169099738671,-0.4860905999193174,0.3324551782779087,0.2877430064623555,0.6715725382527226,-0.3126701177455482,0.0907893421711152,0.14162618571591018,0.16398241741165223,0.09245240106511773,0.10847060242150529
-0.003918619488082441,-0.020625587402725944,0.14831505382946947,-0.13336693493692664,0.038062027368925964,-0.45302863207623584,0.219177635384025,0.2708703019062345,0.6537586836905716,-0.1775194681647571,0.08494402892711413,0.14958527952306638,-0.0747573053069798,0.14770832648885523,0.1941137362806788
-0.13771787567701196,0.037197941650748745,0.23954823750107035,-0.06294867875432947,-0.024956518114530306,-0.5162805385731858,0.21740494922041875,0.20768212488153442,0.7013063566800938,-0.3044278380096026,0.0012087503649155992,-0.010820485314650422,0.006806530981346343,0.058231554075157635,0.06292938921464761
-0.02835913680376593,-0.005365049853695895,0.097724636373019,-0.011709404735676734,0.08299233944583986,-0.5708792283916121,0.3169705761044309,0.20989676267943536,0.5801434466505709,-0.3096462535487485,0.19622026129676992,0.053781282637631614,0.13426778507984713,0.13795357597539276,0.08080408880120529
-0.07049557853526785,0.07604133348963733,0.01334838157466084,0.017111659271525415,0.009862981864098966,-0.5019551748967644,0.1674120118291325,0.21433855198550236,0.5964651738420885,-0.30695453303525255,0.19900963277055633,0.10190659732367553,-0.04343530867630731,0.11357400757401649,0.11746836050139464
-0.04209238064936681,0.05124838845311621,0.11596325453735264,-0.02125196062057097,-0.0011387614533279258,-0.6175955778352864,0.24169414678068038,0.0895720745611589,0.5898773073500305,-0.39655584251369,0.19885462440294396,0.0829897599654832,0.016709287315217106,0.16567739982689375,0.031943390572749586
-0.0402293886982141,0.09303327763691276,0.14973048846820608,-0.06828190758683864,0.051570081512445194,-0.4667454908601838,0.14890131674077783,0.23159401069381208,0.47321965128010224,-0.3630172586413427,0.08647737901769333,0.10431261290929525,0.039070524420422255,-0.029168438466061597,-0.020721470033021678
-0.05177289569689661,0.020206391420319873,0.07872770226555315,-0.05252406260934947,-0.03434922917203215,-0.5811716177118538,0.10794497799416387,0.11291068060429893,0.658921639253784,-0.3745970027792434,0.20748986266580927,0.09060383237854443,0.007817637783253888,0.08775257322522492,-0.13090909609048848
-0.11983431882214383,0.08739992902927635,0.10276845484278177,-0.06210460860197053,0.03994418592147052,-0.5356831567424087,0.26909987510233513,0.14573453299340267,0.5837760435627649,-0.3216748755110224,0.3578239764254395,0.09683761534649016,0.24147699934497094,-0.00276256050734585,0.021522444959178252
-0.008351358397525627,-0.0003277264836387961,0.09257854999323323,-0.09057981100754564,-0.013386024381555298,-0.5736640722021913,0.1580094230687596,0.05820707044761496,0.5756335157085001,-0.3327854905602801,0.42290559203596145,0.10869596262616407,0.22524259447492,0.26826606848326784,0.08652617101626987
-0.012850097443352956,-0.09765024883627096,-0.014104664954305568,-0.1137094774154282,0.03814194555046343,-0.47922800373561647,0.17208397085736094,0.1253071281776155,0.6065829124449098,-0.44884770412375347,0.0874760145172199,0.17141479445749136,0.09507359628088848,0.2240759317746819,0.07768158582684448
0.031148733195242292,0.09041258278942896,0.1416356590003223,-0.0034971668401037465,0.024199778503576345,-0.5117293697131633,0.1372960310932448,0.16926742422351782,0.6192755269209272,-0.40338525788089274,0.16407146334949402,0.10337846701594117,0.13218094704396582,0.2790724037519192,0.048735258904339766
-0.09784058394139578,0.1036549176707782,0.11883006712939567,-0.0685344896932042,0.058796264698451846,-0.5660802800426697,0.14389859191230783,0.051455303008923106,0.4868062081502921,-0.46349815966705715,-0.01391171814228237,-0.009311931827812203,0.021089041735791667,0.13180376683156303,0.15109033005372297
-0.10458605305990747,-0.001978919232977293,0.1529924583898607,-0.05456797725975187,0.04885783211952234,-0.6386717492367425,0.04015375711264926,0.013414849559754537,0.4863766146600044,-0.44186948615963545,0.06007142354481178,-0.08037263049303146,-0.0986322760850359,0.12320110142397041,0.262325919966926
-0.026003900296070928,0.11385229676123484,0.17025468666495264,-0.14635653499402468,0.10261061342575124,-0.6393321982592091,0.08879394844212804,0.009376065770013717,0.5523428664562995,-0.4446149998084783,-0.07701591488883217,-0.15657207565785858,0.04492185840373544,-0.008826333510862247,0.12631317818063476
0.012022088690808688,-0.05740063494392975,0.18791047101955213,-0.14321412055956462,0.10813394092819298,-0.4821521003217956,-0.023111154866602236,-0.09413641108590251,0.5089406728358794,-0.5066247047611092,-0.012530046834064945,-0.06401669318334409,0.1906608784101206,-0.01615724679795099,0.2592014849626011
-0.07969952884667875,0.03973863341796451,0.13934036087946877,-0.014917336190974309,0.0590139260895325,-0.6925541477970445,0.08947506035012828,-0.05487492426908828,0.3887648960386589,-0.398054058436706,0.02233342050346702,0.06012539668535481,0.02450903317968417,0.016152644125515495,0.2316580837406687
-0.02104551278555907,0.10677833632669054,0.11878448102831657,-0.10992556652282676,0.10451035340951276,-0.6785423999893899,0.014944995376459349,-0.05704743454763503,0.4118525509107148,-0.5405968430275244,-0.03440946166965708,0.2627258693385092,-0.15406256014366815,-0.05234808487869009,0.16371299365029646
-0.03300370196506379,0.14011372281639145,0.24315675319928648,0.02877785113089644,0.10304085082636918,-0.7239384291212304,0.06089519615723823,-0.12208141271610913,0.46246714346494516,-0.5061422650781633,0.010493788294949964,0.16849502097216687,-0.28905000267951797,0.18887070216018162,0.12772995686923147
-0.08998650991694654,0.09299496664915602,0.014362234688072406,-0.020420934123155467,0.04306055498800649,-0.6060182721980021,0.028211356694838537,-0.07922452479754549,0.37051314381201544,-0.5098997846583349,-0.11892187174314024,0.10886745379332906,-0.20431755597183124,0.11259019733782553,0.054701367152568535
-0.06759920471674484,-0.00047467648863729756,0.09831853431290669,-0.07015259906858169,0.006050052398763474,-0.6381941370958083,-0.046711537919056384,-0.03889866848257281,0.3861431235310216,-0.5917664087802426,-0.03851493407438428,0.032694516564541004,-0.07141710426007822,0.09339132501038544,0.18493996582269695
-0.10517879927197465,0.09209605518719316,0.13097901633338693,-0.10127017407563471,0.17639183356761212,-0.6102962533778579,-0.010602799495354268,-0.064666082880996,0.41729522443190503,-0.557966595632881,0.1812757433978695,-0.031861678445083245,-0.06331213002496365,0.07276833186067468,0.08814795125358948
0.09935259496807629,-0.014775802239747976,0.1667377312867254,-0.12159106097533999,-0.014916357454226856,-0.6904738302350873,-0.16742599358734156,0.023400236975777033,0.4256125160053208,-0.639268596235699,0.20815298751052902,-0.0071893243157154715,0.02553644887754121,-0.014686340070701881,0.11914768244433593
-0.10828206239816657,0.03465827505972771,0.1499722579660655,-0.07084799447814276,0.06330526133188075,-0.5916577082860132,-0.08700536421365247,-0.14508070292650124,0.3876625248661227,-0.4892447138177439,0.012719113099054075,-0.0307906258111297,0.0871683113235617,0.05104064940711604,0.15791061456559574
-0.00898777422813947,0.13325509165113558,0.1555113790222019,-0.14651994034734447,0.07820577763695928,-0.6676126315647019,-0.1029426657987754,-0.1884134932856959,0.29723781354297474,-0.5915889923757327,0.012736044570716781,-0.1787704471970213,0.07620806356886527,0.021133482879725433,0.19726691107650496
-0.0438386408010813,0.10597585183374925,0.032042051802263036,-0.11388393195646163,0.0315294397743534,-0.7087157756529243,-0.08637269190109205,-0.1966592574003149,0.24663365906496143,-0.6531895659448927,0.2059477056415223,-0.15390958413701394,0.04689251714040431,0.0016170612008671228,0.10266161288835735
7.094225699447176e-05,0.1579099342341707,0.09290668778620209,-0.07004526496901371,0.0873932286185185,-0.6568009734088737,-0.18452023780090668,-0.13117187858516316,0.32209480943662044,-0.6037340094598043,0.07473049303114737,-0.23259067196008026,-0.08054797130392563,0.04121012341515032,-0.09185642616645341
-0.11187723018655579,0.09987057405387376,0.1552407038503071,-0.10996290946210716,-0.005148410243834334,-0.7068035773114145,-0.1680328381073274,-0.20733101423389969,0.2494295389292834,-0.695380397807797,0.10873696974941635,-0.12501041755983255,-0.08791522076077357,-0.18255786950305763,-0.08151595262525985
-0.0857451490518667,0.1735452105175112,0.13129710456535285,0.015806278472000765,0.03677410080200598,-0.6383959674265671,-0.247880019989047,-0.19096984768571107,0.2592390279356733,-0.5955339536712805,0.21276334523137055,-0.19663074907740985,-0.21259125042134364,-0.1356765665974676,0.03810804660691746
-0.017994484715040775,0.0882793549790199,0.1509506403361796,-0.09813534187720836,0.07845297149109606,-0.6397082109363192,-0.16104274596268459,-0.2862556451408549,0.31184875407791957,-0.6337706604770239,0.32772112026851685,0.0002835577188894933,-0.20550046374900277,0.1506517549687514,0.08698606247191083
-0.031614027337690365,0.04091415288429645,0.1353968956341868,-0.10377796230912134,-0.010281521228533583,-0.6918921013130135,-0.15167571929630552,-0.21496294365929916,0.19044671672580127,-0.7182161082149053,0.30354589005148197,0.0785640368144712,-0.2239885000057381,0.14580932722404782,0.06760455244498323
-0.02375536788469473,0.16233147488317962,0.2123764467425872,-0.09717839997621648,0.012849680218238492,-0.7192355491193417,-0.21310604956671755,-0.26338954439716905,0.09713061282145455,-0.702387287014462,0.17245178724144847,-0.07414999609538438,-0.1372229759680075,-0.060120767914996265,-0.23342391270768692
-0.03574884564209144,0.10994467090690407,0.2275637937796019,0.0066653109875785405,-0.00039356033259032447,-0.6458864798071454,-0.1871055229241379,-0.30147540020110875,0.19933270220817367,-0.7545460068371488,0.1638904676510698,-0.08336967387041569,-0.06859241080524098,-0.04599994076511981,-0.22036593986497652
-0.008311773916073906,-0.01896307876593087,0.21674208824889196,-0.01349244678884605,0.022904489260237422,-0.6709752894241983,-0.3748601807767431,-0.2751053587151628,0.14007150358366321,-0.6499096851411801,-0.025786362547716893,-0.10641375036222353,-0.07580185209648072,-0.06797265384225332,-0.267328997011257
-0.0677594796326985,0.057390512110105055,0.09082999094089982,-0.12518778660508412,0.06874944134181273,-0.7552346456858339,-0.22647366417566137,-0.2911401809890233,0.2003599234891811,-0.6497707530255613,-0.055007149356905816,0.1261641863356796,-0.1299200249486147,-0.052807702753828685,-0.21142292624810402
-0.0034986614885788928,0.12873029455868107,0.2262411326541307,-0.052736159762447346,0.00858241727979834,-0.7807708923161529,-0.2753489508532376,-0.2853027164287993,0.21883588698941248,-0.637322632856741,0.06277043833989282,0.17237486257921694,0.038829123514788996,-0.021337112650690642,-0.25140004278493516
0.044227971964863694,0.045697022242800034,0.12155026205881331,-0.0875726914554118,0.1034990894843788,-0.6087877012951541,-0.2907530893385599,-0.3677528839012415,0.11748928549251464,-0.7917384915514861,-0.026548982259518593,0.11522247030581337,0.03712737614901847,-0.0660725574906547,-0.2764918361576865
0.009518437878584154,0.14628565877198899,0.08578416969026385,-0.03684293362059637,0.05837375905299356,-0.7255971131891045,-0.3004784299362658,-0.3341549606780737,0.0813611438790646,-0.8086113259060996,0.012898918077354729,0.13844866520414356,-0.06837929623550631,0.04246483417481477,-0.15757948857071968
0.0018140421779223523,0.061177874344619555,0.15234490244446425,-0.15142403935588683,0.05267615224465985,-0.7387464830943873,-0.31365454311815755,-0.3306018358434938,0.17134116955860137,-0.8374982167808094,0.11739071568161723,0.2008537392227952,-0.27082201433731923,0.08789034957396892,-0.16552610024917624
-0.07126851640608875,0.12043760141780728,0.20739562519267393,0.02055919900958901,0.054867789467983485,-0.650794679330335,-0.30031304438838896,-0.39244313293246,0.09602891691062836,-0.6912118306935251,0.12303329853175966,0.10510973796954862,-0.1941623555959481,0.05858490836737526,-0.20974140092310695
-0.016393714750624656,0.17196307823351006,0.0662531692384486,-0.004527265802173122,0.11823112163284638,-0.6862597299817821,-0.29620219607379994,-0.4431086842247261,0.06752699346175406,-0.877835181695408,0.15920512595945785,0.0019100360348730944,-0.03383405638951209,0.026555144226275654,0.10936636753984708
-0.08221644320811394,0.09759762729898216,0.13881493003210923,-0.0869400609820693,0.07742246890691927,-0.6274005993341374,-0.37533696953979495,-0.3754052130837666,0.08380417532020432,-0.8238511024241117,0.0719361505386094,0.004394295720771475,-0.08691818228655927,0.2550378014043455,-0.01242835270110311
-0.007164595722170382,0.029284658931490626,0.10450379078302041,-0.11700426472813184,0.018564143064745416,-0.848691050067811,-0.38306396954527744,-0.3740550663549058,-0.001324888788116839,-0.7774452280570422,0.2473228138873181,-0.13473427660931372,0.16978157975808425,0.19409682083347432,0.05062419664362815
-0.07740708187605796,0.0032256293822376797,0.21672481395550228,-0.10129945764162626,0.012230863082356179,-0.7607065648643085,-0.4428122239048691,-0.4885079428990762,0.003995935568288589,-0.8531781446622303,0.11001290313198464,-0.29415331147217744,0.13728261100894396,0.1286755303113423,0.09604667642918788
-0.0700887571472491,0.1643516229959337,0.12470481886068613,-0.03830996260650428,0.07725011380067445,-0.7711748533017484,-0.41639999283371865,-0.468549609852187,0.09020645012531145,-0.8407839883500553,-0.0059463513879268876,-0.16993438521849236,0.14464036719580803,0.05025949004581333,0.006706320842775879
-0.06165235998724401,-0.03549696932482875,0.09263825665891977,-0.16576614364033326,0.1437434477305552,-0.8027619808454582,-0.418616671093871,-0.5423733404623241,-0.025190041671088327,-0.9215275783289673,0.02643501097343047,-0.32864188019851115,0.3114822004699497,-0.007793547211860069,-0.1320508881618481
0.06491464027640458,0.06188603886117656,0.19243910885933097,-0.05365813453120944,0.09012108042726857,-0.7319884788188971,-0.4247174622767549,-0.5437676680576669,0.030458476843342734,-0.8549106417262048,-0.04898032932664023,-0.14559901965719727,0.3962674806960418,0.1325408977960134,-0.10982831694573374
-0.061945001568191854,0.03495152474002271,0.10439933995021725,-0.10995344150424523,-0.032512579915651554,-0.7939592235567834,-0.4101779674413991,-0.5704553116495653,0.09139574452981702,-0.8080712535162314,-0.0057093298609664535,-0.10268846158762482,0.5115337097097541,0.1350099985839592,0.06395806839178832
-0.03347099353315769,0.13846343689435803,0.09041757174381669,-0.06552039712327354,0.052628200948871176,-0.7154188226913953,-0.4242263551648189,-0.599573708105934,-0.12087122937376246,-0.9247463296194138,0.07120498908793196,-0.34842331486469136,0.3821230653733968,0.25785381096189486,0.09776411077851245
-0.05022083843627293,0.055921119318534857,0.15125060752982578,-0.03342737639849036,0.03148675315905902,-0.76964431714221,-0.45974690834803267,-0.5423124047864651,-0.042609218725393944,-0.8734838466308005,0.06935619110436567,-0.11909545887838219,0.24391096976412782,0.033931006985956275,0.06434488219669789
-0.1400052603888831,0.1286309975662051,0.22551550535157283,-0.10219340025577642,-0.04899663535309981,-0.7943992259708974,-0.5606151348565311,-0.6321401512159479,-0.03574611593909916,-0.9057005258071895,0.08536458367387334,-0.05918132642262497,0.2556185324801251,0.16069659836279543,0.007156143693332263
-0.1012133459659146,0.12560583130301153,0.1256084907375555,-0.08162999525143874,0.06793950877871603,-0.8133792411736781,-0.625617076862319,-0.7001620651443319,-0.054538115802179196,-0.8544909482678951,-0.03004462349738872,0.11870145488542502,0.10301771106362065,0.18195097690487225,0.15398512057842575
-0.028512339141259124,-0.022332936625473435,0.10715860916887765,0.00558695023874585,0.08903254042084435,-0.7481530807356989,-0.5642340145735887,-0.6296917302846591,-0.14896092812298284,-0.8930490028559259,-0.06185520185689035,0.11050222130987684,0.06774791333603239,0.18655625549317267,0.12767401705183062
0.006542901944121847,-0.00816935192001017,0.1789500775610129,-0.13340134141284693,0.11519884580109954,-0.8708627853210562,-0.5936583764387614,-0.6928760223775996,-0.2356755945282437,-0.8656924321429316,-0.06687158167850643,0.14944647908154454,0.12197819910369373,0.009749245494951528,0.15813217480578368
-0.05790526419758176,0.008238835866171648,0.10023227775636305,-0.05958343777311731,0.13723292076138877,-0.7704801503754387,-0.45762557497028844,-0.6155197732995825,-0.14839208861201275,-0.9059485439348138,0.14483316525306067,-0.06646435746054233,0.02165615886714846,-0.009825332748610038,0.13324743600832922
-0.1393344265705455,0.12353932499586509,0.13980618776116407,-0.14107658867497253,0.11237299182162921,-0.8557140683548652,-0.6495124384930768,-0.6016233462147,-0.0953035750246291,-0.8637526536500015,0.004871645164682928,-0.05933476441856206,-0.009763739105079577,0.04551746678779336,-0.14610701387417882
-0.0030764857155506226,0.15711170526128576,0.23472258876595925,-0.030820341875076276,0.16959882913895705,-0.8199607085384799,-0.6049206027278826,-0.603312111696272,-0.12072830947434973,-0.8916650872468681,0.04608996531569219,0.09593021341822595,0.029394963425830256,-0.24210642560678,-0.0217416370789595
-0.06533063422172761,0.09706629727517177,0.1568109224430076,-0.07657485332793634,0.0957869778118126,-0.8147686048659372,-0.661901519955905,-0.7369062181240652,-0.27355710326869054,-0.9692949697751967,0.01224548378279669,0.16856406231579155,0.06697698996828616,-0.2050107771102718,-0.15822149951695524
-0.08777961224444406,0.043517930774200554,0.1405714187716424,-0.00040815270979946416,0.0914595514711614,-0.8788103852618717,-0.6185926915127756,-0.7353595853241373,-0.20369434814917844,-1.0101418116697647,-0.01869888434064956,0.11191428424891064,-0.03002487677672295,-0.02475456731682285,-0.06708326820297805
-0.008243980787301278,-0.004977478786796122,0.213706990516347,-0.04163278785895094,0.06457798228913798,-0.8432913625978972,-0.6160918622986671,-0.6993299990327029,-0.28826111978230184,-0.9386314274277546,-0.0759562734503983,0.20912511772309944,-0.08090618431794236,0.07367822784153043,-0.033674492174105904
-0.021509486992394314,-0.005151662017911229,0.06720660422164047,-0.14892998511727795,0.0749396164335369,-0.8647187999770314,-0.7002404872828453,-0.6171164079337192,-0.2734293937827299,-0.9470732359731779,-0.016987565566913086,0.1458000420007418,-0.13753168090191317,0.03117638741854397,0.10216711649196293
-0.05325424731416453,0.039286577027593736,0.2133329182406912,-0.10803833392878531,0.1431768846640546,-0.8897363755010069,-0.703255717378765,-0.6481733156738244,-0.25744843584672106,-0.9606980950707281,-0.042768360599899455,0.038373056220801616,-0.011701899136707147,0.2465587651623611,0.16659289104777086
-0.08362309877529417,0.07214122822694825,0.1845643369878566,-0.11100897002239205,0.07967150006975841,-0.8808968879836452,-0.628345785499087,-0.74587598078083,-0.2804352092984411,-0.9888294121983398,0.034857953976083864,-0.09842944154687785,0.017599311566258893,0.2921028298100906,0.14241304944558675
-0.0836551167339234,0.0627751580665415,0.21732043439052304,-0.10190895248446663,0.07020493962599644,-0.7813693195848392,-0.7298274883352354,-0.6671968749474184,-0.2847608687594122,-0.9165731108102373,0.02705732306908484,-0.11234531629344693,0.035835188158282114,0.3221805084618542,0.03386916973944441
-0.11821656437597725,0.037858977602534885,0.16169211418473559,-0.025479452543734467,0.12074982225401837,-0.8203310084099339,-0.7225632888118548,-0.711398717610779,-0.3304248297941841,-0.9137403790542724,0.04998045130583684,-0.13574760166467664,-0.0459616441549002,0.23014773080824746,0.03598016546288987
-0.006209115299359899,0.10571525974089728,0.16071514165008763,-0.13310673364370065,0.0783624203428686,-0.9325509824782773,-0.718739897448246,-0.7914227717947835,-0.403099665059879,-0.8676246041581391,0.047515258648087005,-0.2877654322215364,-0.17949329813987697,0.15450883253323233,0.112549923887108
-0.03561874859654885,0.12112590300849248,0.21559896130462303,-0.05504608172807499,0.11645885036661915,-0.922781495994852,-0.6638278997713561,-0.8247702488552666,-0.36465015988725474,-0.9555332421211886,0.038584480033212486,-0.17086343893576617,-0.10359505608538784,0.04021156010454659,-0.0158260512355875
-0.05334683260373242,0.09350942518781424,0.09804546374348032,-0.036112294810908656,0.12111336995626451,-0.8251667818126872,-0.7550554427861471,-0.7657813665619773,-0.2796793087807378,-0.9063572756354001,-0.05441285281862199,-0.08497873831555311,-0.028636769481862168,0.17465604292012762,-0.08790158379839333
-0.015809545353946033,0.08255917569890676,0.23433687944191056,-0.04058059280451553,0.10134791584833835,-0.9091381316351388,-0.6943594264914013,-0.7547111507371407,-0.3217244403905518,-0.9274471904986018,0.13646635031375742,-0.024952790223081105,0.08827926548730568,0.08384745431715968,-0.0525142077103057
-0.07047737367529358,0.06253189369433566,0.18894462517015634,-0.10808967117641118,0.06063567281341148,-0.8823212220088081,-0.7751970237371535,-0.8006081165149335,-0.33979200376350477,-0.8917377914369513,0.01707790120966808,0.08731793926158131,0.15649275625154313,0.08004111436332936,-0.015752926343636647
-0.026955245134029124,0.10634164936606572,0.22415261977068024,-0.1047719582259744,0.13266835470596094,-0.8116171673586635,-0.6927758266651458,-0.7690111543957326,-0.36058967723895996,-1.0004952389654982,-0.016694670197230276,0.10809767181925087,0.19849357488517427,0.1572531793471688,-0.09868872566431278
-0.10034383359091613,0.08515462174491725,0.20276311677457087,-0.06481284648210339,-0.0009546193810764658,-0.9327287440340302,-0.7849968857323352,-0.8002766930309748,-0.41900546206519634,-0.9291912980693313,0.038992590482589684,0.20899384935482965,0.3198396385825588,-0.07946800266716332,-0.0728199225912093
-0.038369030019773355,0.07174030113131732,0.16460737914676268,-0.02951639404795002,0.04355266007937681,-0.8112425754432653,-0.7723379030388544,-0.7637340027935473,-0.4722586438889089,-0.8859313560466529,-0.09698890470922639,0.17953312763251147,0.3290107757128838,0.02657032081413021,0.03987673012931114
-0.0860617282757547,0.13631416726422144,0.24976033992903918,-0.10061820856401732,0.09441141834948967,-0.7497821246069922,-0.7781263912683934,-0.8694037287353489,-0.44889943971152285,-1.0358174789736765,-0.25110538817351624,0.2162407201920777,0.13998940578126026,0.14287723158475568,-0.019980593369440088
-0.0220561188046699,0.09124690924250017,0.19805255177939785,-0.008356458718787,0.03149189345160587,-0.8842285595321934,-0.7294649345887868,-0.8670403794014829,-0.4579908680138969,-1.0341838188325834,-0.003924171821018424,0.21850775659693636,0.2591908921767502,0.17131379804908453,0.15216201379487837
-0.036209525627212934,0.09056913019353113,0.13418132438251784,-0.0792180762149322,0.15978953210889763,-0.9516221726693026,-0.8074410788157023,-0.8492431217031271,-0.5334834389159946,-1.0723743976460787,-0.07437749316052868,0.36311611961403256,0.19454055437592915,0.18173792482319753,-0.04504100421763141
-0.10154836379449125,-0.014876299179543598,0.15779061639796768,-0.03430448318906827,0.06467858346129945,-0.822274759176634,-0.8340916482250791,-0.8214945486814624,-0.43399674886721673,-0.9654603497663466,0.0011652503708077938,0.4835826159136407,0.29268958580961985,0.09133208862831704,-0.22257022787784728
-0.10060935038999133,0.10833563709085349,0.17486224976207396,-0.11062870180262681,0.05426466219765199,-0.9181004818338925,-0.7913465288764275,-0.988998532386591,-0.5599276992257017,-0.9927131294115236,-0.14503801983369716,0.42792866107754923,0.2199251631382318,0.31039291085339193,-0.08325865960488839
-0.13400605494609114,0.05519429952751448,0.12537530873064986,-0.05398011596098286,0.033168690485873224,-0.9482038191149995,-0.8100467860276125,-0.9894920453578864,-0.4440129270163342,-0.9434448681458584,-0.033925691831714025,0.4766790734721379,0.366589464870361,0.3005164190762614,-0.052313252319173525
0.013055275412432989,0.17409283627405372,0.13868872632509902,-0.12967658468311488,0.07365780598827647,-0.9675987217391647,-0.950230455453533,-0.8972175272085383,-0.46907381956158534,-0.9711050187734039,0.20033057186474035,0.32190573420027524,0.31198494732397875,0.07938613519885437,-0.10053212449437916
-0.05917315559671268,0.02828550744239597,0.15640794197829316,-0.09154505705615718,0.1109012446065785,-0.965499576278532,-0.8848743054897099,-0.8801702871342039,-0.6158959844602385,-1.067098247724262,-0.06873482770811355,0.13556511264784057,0.4255997132085112,0.07882534648302914,-0.16364753590962877
0.022834929122637612,0.12200271091161222,0.15854985095643317,-0.014793415742356347,0.03849100357920085,-0.9019329826011675,-0.7950661446848182,-0.8148642199835596,-0.5050506332884982,-0.9808045877594426,0.01176276272130835,0.0009649783864390388,0.24771961346867616,0.16696896480530016,-0.15214881268813596
-0.09546789968759438,0.04098239966135228,0.14701376123505416,-0.17190307679892902,0.06901037816007946,-0.9394142266606369,-0.8448315869677467,-0.9513837117996411,-0.6228381591540079,-0.9053970627357715,0.02127430429053479,0.19618980587443016,0.21908380807494152,0.1488822660552319,-0.14230151057220083
0.02935272207141737,0.12379880011326487,0.17023567013965346,-0.049988865848975404,0.15738098614371554,-0.8769350056054823,-0.9153629009437392,-0.8988788475695071,-0.5953838854811508,-1.0360915227862477,-0.0691018772302236,0.2675619767571531,0.273998019008768,0.10159431199776868,-0.0448989890848993
-0.10679298087752423,0.002769190328301349,0.2855990180418029,-0.05778932266945891,-0.017284494631489233,-0.9231045383121762,-0.8399736699179894,-0.9208375577477178,-0.5584969185696926,-0.9172760323631133,-0.012580507182094646,0.3559689170120381,0.2542753277774993,0.18870168996527836,0.019766004379028642
-0.059666780769853614,0.1801284846861413,0.20279411819197696,-0.07151096443561189,0.10429833780727549,-0.94036596192698,-0.8625754077482327,-0.9151348165395686,-0.7310090688977224,-1.0616689186252866,-0.05815275814144919,0.3422111531098239,0.16198306713642982,-0.10875277626862441,-0.03671581976283017
-0.13267804569154365,0.0700177020628219,0.2452481330898334,-0.11709537193912611,0.1414423033181108,-0.8896837388124041,-0.9006608994608949,-0.904519899057029,-0.6500697030420929,-0.9876454983256735,-0.03209368466077307,0.22274174347057174,0.004260849520514309,-0.09941307344045465,0.06765370832843899
-0.0878682772591218,0.10660374886316966,0.17023889902145445,-0.05461129288600728,0.05807653295222745,-0.8857721046471978,-0.8965846207023522,-1.0117654294370664,-0.5918772896787373,-1.0737641946621135,0.11717357499156,0.329337026802775,-0.009430688562296832,-0.03413914307246317,-0.010905671264224648
-0.08533311730777565,0.025884144202913545,0.14256399091543573,-0.15452830391109496,0.11295944381916573,-0.9509108495556429,-0.850845085211593,-1.0873646775832035,-0.6011695217485293,-1.0530163376381685,0.17353318712456592,0.1594082307309837,-0.019785893476716304,0.019303067329202228,-0.05020217220299308
-0.020775051615198607,-0.04545322133804408,0.2564362336768052,-0.06907237738598924,-0.007851566562282322,-0.9247429086322055,-0.9564897349886037,-0.8891946060219771,-0.7153059656099519,-0.9654752908869982,0.09064266188256671,0.14517075773967844,-0.084600712904557,-0.06373498991281863,-0.03823363980929012
-0.022777575096474045,0.052330028164238464,0.16284025702367289,-0.03308912020525428,0.08223132299769668,-0.9163720708196136,-0.9530095998126716,-0.964281628019475,-0.6840014697488062,-1.019681364031732,-0.0509240000876223,0.13977311691358393,0.033820277737911936,0.02640388833434465,0.04573817695077269
-0.01633023831791515,0.11373741336377219,0.2879997660324119,-0.08894951565627218,0.0554765753850651,-0.9347521477082709,-0.8605368403060069,-0.9034236993135265,-0.6723113160610501,-1.0665878670586006,-0.08003100297978842,0.1114585526168878,0.053915955521094835,-0.09768550794324345,-0.14256679244905718
-0.07124592647531416,0.06619189594141438,0.2035205744356189,-0.03596703690897089,0.0519935641371557,-0.9805728620858398,-0.9934995597861618,-0.9374685936573228,-0.6880704042510616,-1.0587499177880244,-0.1349723008288596,0.03510201117259598,0.10256098367135569,0.020701453741789666,-0.03303234632550649
-0.0977197203987964,0.1913908907609455,0.172772024165948,-0.026561695661967956,0.12134372058521245,-0.9432448461773338,-0.9873015726419163,-0.9163483282776534,-0.6879466103629842,-0.9858751981534033,-0.2349981257588022,0.05189194326899288,0.04657345766350127,0.05964299876987606,0.1030525041774909
0.04026018950276458,0.0285968537852702,0.25595655601306483,-0.0628564267030151,0.16707993797033605,-0.8878923525078689,-0.9939031447516178,-0.8900554721840821,-0.7257924584085174,-1.018031168653331,-0.23664003730514033,0.13252532236565706,-0.02578822316111066,0.002035862582301512,-0.14412041304656625
0.04759273874183788,0.04655074864960936,0.1945861644411617,-0.026322968886914627,0.03839971234232504,-0.8996287382413721,-1.033273959696609,-0.9811677228453493,-0.8032587828774309,-0.9650160126564188,-0.18947300053679159,0.0838863949522084,0.033554764144450626,0.07865947143035149,-0.0727264196708642
-0.1215771967478877,0.07764010826985895,0.14420112856039383,-0.13524462295783207,0.026135493993118902,-0.9459616286680125,-0.9342497073698911,-1.017216893904,-0.6868909448007929,-0.9171314224814611,-0.2972721909659361,-0.06733204471108627,0.06107676517124347,0.11525923298745058,0.016604058310147864
-0.035379933309647844,0.09729804095619682,0.23508711123538933,-0.1076846683535761,0.08954608929043868,-1.0141008676105008,-0.9980160040394646,-0.9493815155200035,-0.8019429054457823,-0.8915794121889487,-0.18233142024797067,-0.05636493174635804,0.13362027389522302,-0.03180802286595767,0.13896046899374695
-0.030597008401539706,0.08894587093774019,0.1912790276099533,-0.0381760759714371,0.11186106760490147,-1.0517335312933604,-0.9646761647408898,-1.0524000473989235,-0.7357143697308711,-0.9693112005600933,-0.18271895798108234,-0.10188225960815893,0.17136102223414718,-0.04911673356480907,0.1207570286301995
0.04664390356535229,0.1354621273943742,0.09961400951227263,-0.02988220286005737,0.1676935545594614,-0.9894182351047098,-0.9791307350242786,-0.8966618254938211,-0.7295372201142007,-0.951562487554628,-0.015688563430536206,0.09831767981618446,0.2633816127663982,-0.04107527182842739,0.18114250044971136
0.008702548397207854,0.12059083401601102,0.23452930998531282,0.030303768663510866,0.13650854936533724,-1.0055620435612518,-0.9299202447867685,-1.0523942457129742,-0.748164040696595,-1.0307780495933616,0.044790716495724754,-0.029394573596050105,0.29746718997727095,-0.031532293324897244,0.054780590135591445
-0.1114983251692818,0.1646639328284319,0.27471484603423596,-0.14686631853813206,0.1112556106943959,-1.0197454304977884,-0.9554119610288689,-0.9881565086830474,-0.7593583900387992,-1.004025852043824,0.2052377390555033,-0.00030513669375519317,0.1522168694378268,-0.024904334865926775,-0.06172429576941614
-0.0602724327831118,0.12005783632458615,0.20914083807974154,-0.12044450187433636,0.01070616545585873,-1.0039401353598478,-0.9873622680742521,-0.9214819549339444,-0.8171441382480625,-0.907750936100889,0.20948085828939256,-0.13931038120017697,0.26663810507774854,0.046548742901817944,-0.054103808211843483
-0.10294024029712942,0.12929921888733628,0.21373432476885473,-0.14848619511730543,0.22295230644759628,-0.9754823730281958,-1.0188995656621744,-0.9076945162852283,-0.8693221802354577,-0.9407741469929903,0.01696037559046379,0.08178702384663751,0.2742531249561306,0.08575792789391298,-0.11939285661672164
-0.08446343506592882,0.11220808098820084,0.14095948410983072,-0.08122296671219958,0.05509235431117006,-0.9320967527668262,-1.0051375753304364,-0.9390157897910372,-0.7259578559442497,-0.8840860386182231,-0.1157813087439826,0.02933307910876269,0.14101172861743308,0.21325195529306107,-0.03965308431923162
-0.006471523457571252,0.13913851893080698,0.21289585024079527,-0.1177517889659746,0.09401053145111016,-0.9992909360158421,-0.8897963348251507,-1.084172115766718,-0.8738381452337327,-0.9713808165330426,-0.0689807266587581,-0.07023805133569037,-0.002364573448911278,0.13673176687818606,0.020182375240438227
-0.014190119263739712,0.14844168783614897,0.1451615045099655,-0.05138443372682652,0.1473853556712243,-0.9728154151702177,-1.0162317076370044,-0.9878921328135988,-0.7545025275408308,-0.8489302065258237,-0.06556657048881835,0.044791248086856326,0.10060448023194207,0.1112179926632897,-0.13379223220596165
-0.00042467412618949624,0.1811073487016368,0.18528245211456118,-0.04144857661508379,0.16245986914878296,-1.0263794754365931,-1.0514507361766814,-0.9558149182810293,-0.8283112042130262,-0.8653956849768338,-0.1907169886232944,0.0007873767629616515,-0.051229482416445454,0.23698591229071841,-0.14017434022282957
-0.007454303814646998,0.07802177205437241,0.11684159330177236,-0.043430036078310474,0.08241393100315496,-0.9151406614684573,-1.015232370432326,-1.0145577409689814,-0.7994658110052186,-0.8890206958794636,-0.10165858316525474,0.06844863680276217,-0.012129822078493072,0.06605851447986592,-0.2464958686679805
-0.11816962845438822,0.04861957656734538,0.24996923441040347,-0.15466940023433573,0.17737259397190197,-0.9574840871971235,-1.0203814852821627,-0.9378052704640135,-0.7634736085815994,-0.8853291924301641,0.1707356400315057,0.15839794941014204,-0.10166475440187159,-0.10138831629144993,-0.24942367721333755
-0.06509478619380393,0.11200386341250548,0.1763317400325919,-0.04589137703952795,-0.011368373593875755,-0.9128679535841127,-1.0173733100539395,-0.976200801041407,-0.8292746399721617,-0.9488015531092012,0.10938776698088622,0.2417881032814432,-0.16312907701357018,-0.12022731769276179,-0.31419376688655126
-0.009492231976527751,0.12065823563847945,0.1671316306730203,-0.03211795912977174,0.07158501746144441,-0.9840406013638787,-1.0279636636439833,-0.9749536518068816,-0.8966015801206266,-0.9212470975913754,0.15743969038142508,0.0767312700371888,-0.016494220096343493,-0.10189211268110324,-0.15732757194914382
-0.09804190063917088,0.09179738040999255,0.16880893437289163,-0.09425690907212056,0.08344138072738785,-0.965152164635936,-0.9254103867087057,-0.9503526597003321,-0.8877634834452306,-0.8341391776705419,0.26141293737444,-0.05580956193784731,-0.12124695791311393,-0.1100763364086341,-0.11140398484726528
-0.02989927457207657,0.08385090384755237,0.1591249096904156,-0.11639333260162629,0.1318625207314714,-0.9785857891307032,-0.9569120578144031,-1.019488442726226,-0.8887316729032028,-0.8664834219479026,0.05932793229693058,0.018821856171023568,-0.16698482977997017,-0.038331899216167684,0.060763303798268636
-0.03059822199247892,0.08806413893160626,0.19504371099314102,-0.019091183005089635,0.11615158354115232,-1.0048770318209739,-0.8978722456537911,-0.9949534462833626,-0.8581991366740056,-0.8601895846493124,0.024941797228972842,0.038663412403365516,0.11616695505050825,0.005712180253276994,-0.21732441168457128
-0.012907936428788389,0.17461565051652336,0.2555864605662656,-0.10097608596782459,0.0871438386157252,-1.0343498251824812,-0.9233998959037231,-0.9581393121926643,-0.9140508539530756,-0.7655664037086642,-0.04748170641930784,-0.039591310038127374,0.1477498362635362,0.06305881546503168,-0.10633366947559694
-0.02361074409024003,0.19036701089505045,0.21311794037335796,0.00859703996381897,0.17082173545767565,-1.0925833919517856,-0.9311030671336955,-0.9977262022488399,-0.8713596384735289,-0.8668887878992388,-0.0019197606053425707,-0.08227301122961467,0.2729160985568515,0.05068045410137663,0.004604047793975469
-0.03204459923180865,0.07838741882819628,0.25286677030240134,-0.10873010193674643,0.14053725912180762,-0.9334638842137957,-0.9298397843588926,-0.9742855196620989,-0.8386415448000514,-0.8878718213202528,-0.19102190151931805,-0.19705681460704388,0.2572778535579438,0.2057920082213695,-0.0465274801481395
0.0558387015490347,0.09999242319124285,0.2577437949225896,0.017434996968259925,0.0620376347854269,-1.045723262963361,-0.9795349219916233,-0.9673599578454534,-0.8671049086962667,-0.8514577713362207,-0.08346601722719571,-0.0935794013290189,0.27431724939635577,0.12495799641775775,-0.23083052014488642
0.044874862151594155,0.14442931810211765,0.23920696709537495,-0.05506272647206,0.08576255002156652,-0.9813593964390593,-0.9624811225750799,-1.0286423551717772,-0.8706880271160282,-0.8163009519348705,-0.055159519445018804,-0.22847779081417868,0.3046016617808218,0.17752334287138344,-0.29914442218704557
-0.04472545100233153,0.08623613106139924,0.2724010078692698,-0.060977642696250625,0.16200560845044387,-1.0226574768938939,-0.9490119304266649,-0.9729017756818062,-0.960613021676851,-0.8411099518317655,-0.031078517680361014,-0.2450476171658223,0.37707190586905437,0.1601692458006006,-0.17064127987012265
-0.08137220534077638,0.02282308394407452,0.24176160916290435,-0.11633535598515637,0.1707805589338202,-0.9539715196320904,-0.9176976958129918,-0.9497463917151668,-0.9883684445647836,-0.7405135119186903,0.024623719268871132,-0.34869499590788255,0.3732985604552878,0.056187490197938374,-0.21716031480425718
0.07059077597966415,0.1447989157363732,0.20254158930665028,-0.05193855039033146,0.14010242855929952,-1.1075469026678724,-1.030918455909841,-0.9193662256092209,-0.9210961833129672,-0.8705429440199007,0.14272930422290062,-0.31859119093170873,0.39060385173257434,0.12430497460466622,-0.14477214743543995
0.0023953155073916446,0.15051911688189742,0.23841862570273786,-0.07936517050167566,0.1923594401902488,-0.9086555819758273,-0.9542019402583105,-0.9925000079551931,-0.9711597470503494,-0.7254751929436927,0.3001282010635395,-0.21720051607732618,0.3351325733133196,0.033983346810932236,-0.008645338015838458
-0.0012039037306870795,0.10308396211658453,0.11079574639949569,-0.003865664726671214,0.00500726931190254,-0.9585745265935881,-1.0030832531813563,-1.0057958838095085,-0.9070286092741309,-0.7123637787365504,0.058032222695029,-0.10583920856549145,0.3856554212191167,-0.001964041738192982,-0.006545343936002109
-0.011170706090717727,0.1008696544338752,0.175231826632201,-0.015040372277796997,0.14793691222602107,-0.980010746312498,-0.9471156127749766,-0.9246613353416667,-0.9741755706314504,-0.7961980964101316,0.09991130338006313,-0.1472240231397997,0.26996169687795424,0.02069094871248232,0.08582409766128903
-0.008285661399455555,0.06483107749838242,0.21004241940962978,-0.07522664487084652,0.10328599247249566,-0.9905620497538292,-1.018634523811735,-0.8995111392908923,-0.9689040542216814,-0.6951596711590171,-0.09079904932274968,-0.08580471436526285,0.25768279023558455,-0.06966581188557712,0.14762683459803014
-0.08702287287126458,0.008193497997622451,0.2150669289064878,-0.08522420185247515,0.11607354274833621,-1.0628277107887267,-1.0019582325498821,-0.983918888810135,-0.9477720252089018,-0.7050195478281214,-0.005133448015470478,-0.18749370672420396,0.27245196000490124,-0.27517606677135226,0.25246512619867056
0.09952239065180024,0.12562099350470315,0.2376244367633671,-0.0710674598127993,0.17498188812288964,-0.969892149092541,-1.0257835353949842,-0.8475424734783656,-0.889275398345053,-0.7214477858048701,0.03864018719213038,0.014127327548864976,0.30828823134403255,-0.15294063991417345,0.1429390082635009
0.10593529579697303,0.07878652277057345,0.17277634025990912,-0.029623063327758162,0.11286498740027802,-0.9584774383168756,-1.0423374921685358,-0.8647835274334784,-0.8824537821260127,-0.6642892433056027,0.18949524258722633,0.12050693123627873,0.24285486599388878,-0.18922584153247723,0.16740097680020632
-0.028289004759309143,0.1656863202395768,0.1565439206260354,-0.07938612296543793,0.10935752533736257,-1.0265006191142885,-0.9606797618094419,-0.807321411669042,-0.9470063453930168,-0.6745073275003816,0.09904313504922621,0.1710876188899064,0.2256098940802819,-0.14184050343838495,0.12747672837804758
0.05698626571409958,0.18905046375720025,0.14390267831104867,-0.05920436843096022,0.09139741139666417,-0.9727500387772133,-0.8779562982081859,-0.9484540956842861,-0.9500706308150139,-0.7019752339835817,-0.08745527506178273,-0.013003439978032716,0.22991861725686774,-0.22696719346235283,0.045127834037284285
-0.02504345706123653,0.09690360218043143,0.22313241197054318,-0.057834496494597126,0.12511538316177662,-1.1296911262376306,-0.9155506776696126,-0.850209960435018,-0.9097360010996031,-0.6033193626006333,-0.23230199565636395,0.1073837181050307,0.2812653241119233,-0.07781744368818427,-0.1103606622772189
-0.04347855363176078,0.10401532865876592,0.15469712207225053,0.0036379774732414605,0.19562019198817038,-0.9999684358620284,-0.9549960266987936,-0.9317185371301593,-0.9323841975181135,-0.6036892784589651,-0.13592125328496737,0.1642286237145777,0.06998704316980364,-0.10857595287681554,-0.05884153614168548
-0.03605650427731378,0.1971714155555538,0.19605065181379436,-0.060481987862382916,0.10921890845166865,-1.0152529808787896,-0.9203884843047826,-0.8550547760231774,-0.9987315611786592,-0.619006065225059,-0.19201979713416378,0.1322070714743507,0.14529840831820556,-0.11774401242061697,-0.028052613811435544
-0.0556568942934956,0.202595601812505,0.19309249068952275,-0.0634852384976569,0.024919382378547017,-0.99388656200069,-0.963214585749907,-0.8050031333905191,-0.9820057135162598,-0.6531074248015889,-0.020288137587295516,0.10197190377384147,0.050067649034765696,-0.11804670070429209,-0.025735628294035532
-0.057151089113613704,0.12241814894048932,0.20599615793336534,-0.006960490012098995,0.1789175863500219,-0.918578876926279,-0.897230757177647,-0.8022269902284357,-1.0229235133554548,-0.6323150423974279,-0.03934802367928933,-0.007635340165526167,0.07355046415199305,-0.07495563479384262,-0.07725922236824963
-0.11867222193597485,0.10478437973117824,0.2144608522949198,-0.08509565461837884,0.23912484104908827,-0.9836572887847982,-0.8263971933286878,-0.7857963880078774,-1.0376899902495467,-0.6458486039199418,-0.12635802074112132,0.06013142612055443,0.06703359341721406,-0.42642612212687114,-0.17202407733158143
-0.07894541447526907,0.06900539018861468,0.16632955988634976,-0.093444137210024,0.07661839412579238,-0.9533978934527687,-0.8846257045729937,-0.8488558660192258,-0.9893946969851637,-0.5937791325772009,-0.09079287992496761,0.14314946150217736,0.01141219217700188,-0.2457285741726263,-0.10696544751035528
-0.09920748097105248,0.11464122018065431,0.24536318388128087,-0.06661170973397446,0.1475589480304428,-1.0219350591252228,-0.8567190136210104,-0.7766246911496495,-0.9813208272830171,-0.5844452500334364,0.05668451291447579,-0.04096221246965853,-0.09507773703349347,-0.18059937513438565,0.012747715585128355
0.01776959642975786,0.1254788710358222,0.15164856714577205,-0.033567148656857976,0.12428924817789337,-1.0280593691340236,-0.8148739095917463,-0.8186097762776893,-1.0036863243449479,-0.6440756198642417,-0.016408433238283976,-0.09583268024635969,-0.2035040947259088,-0.2265915651853134,-0.09630711706846437
-0.050158649894791296,0.12709572387402263,0.2839106532908789,-0.09225772553701153,0.15466885283135384,-0.9897525934254587,-0.8202809811261936,-0.8400562283948682,-1.0695435277670078,-0.5370615367274362,-0.16003723989397178,-0.22300529060252833,-0.22167790396828002,-0.25549049087380943,-0.11691591184230901
-0.02650711198434889,0.06875456818875342,0.22545615334003463,-0.01502371649464146,0.17965554477619258,-1.0039776357266628,-0.8844265828093217,-0.7974415293151714,-0.9174874089309976,-0.50987397803636,-0.2643310801480039,-0.2768074466688558,-0.11113774893997494,-0.10451129381159409,-0.08115026158329426
0.036413747153782774,0.009641739545108816,0.22803417417197294,-0.13452037763255834,0.08922183804456682,-0.951966237260767,-0.9729678293882109,-0.8038643944732831,-1.0835239721295384,-0.4438118611310357,-0.2208124812043964,-0.2924601431271179,-0.3608079255887493,-0.18809303200732247,-0.08467944088854917
-0.06799923831964638,0.08018339280623166,0.2508576385817919,-0.11731363754403053,0.16641087735371585,-1.0365744888142796,-0.8465410970908223,-0.7707954062882755,-1.0351582400483281,-0.4683769753561674,-0.15503548305237896,-0.21661847352073782,-0.0957725033118324,-0.07465724635856366,-0.18691052925315516
-0.13133420722216882,0.045212144957084754,0.21515351688446177,-0.04079530858277734,0.08856816879863802,-1.1039131574040129,-0.862624691700916,-0.7696492823716271,-1.0283195921809225,-0.5452327144053163,-0.08371930862440895,-0.15020713115334328,-0.0941920145353866,-0.012827431778059978,-0.11278834277632183
0.03563591167383014,0.0911995194704722,0.2018138040162284,0.0010646152508844223,0.10483030378473944,-1.0350200894548038,-0.8668114258971846,-0.699695548650549,-0.9428455135513296,-0.5311491715388893,0.1347548507708722,-0.2200141341564591,-0.1226437662872577,-0.14920471965081733,-0.18004072744042515
-0.05065137427940701,0.10149902842208033,0.24705091237417626,0.04381923762262668,0.06062835343812757,-1.093391724306249,-0.8183824422233685,-0.7086087713870632,-0.9978040963014768,-0.4217566893182148,0.0065912648491311815,-0.22153467057818732,-0.022390476329306172,-0.11441432978040378,-0.12091422232590729
-0.03453260379270244,0.16048072207356132,0.3208013297207726,-0.033075791912222985,0.12773833917377836,-1.0370292864588317,-0.7320116649821677,-0.7763258800069572,-0.942741509645647,-0.46924417381409683,0.008046652707140186,-0.23446087874692542,-0.00018887819806277448,0.13107340538907608,0.050544957571264926
-0.09153958363893427,0.009231961387684715,0.21568860544090812,-0.10618394494640424,0.16303768763411466,-0.9616072906766827,-0.9087205363503619,-0.6779817843050447,-0.9814576554588968,-0.5254889641268093,0.06949961633495447,-0.22525325816440353,-0.04389772527818641,-0.004461680988905828,0.2097058017544728
-0.027465842643135324,0.14487197574601843,0.2239500856574615,-0.044595554792916284,0.1621126809133168,-0.9891695604753132,-0.8385744572174217,-0.6714900192266842,-0.9926183705070662,-0.40540273141525573,-0.008555368889207333,-0.08327063502674942,-0.09253195768051575,-0.12499680073782923,0.11319575189201327
-0.0639963680138472,0.06291128957637752,0.1927261864996887,0.07870485549781792,0.08580205757335596,-1.0069793160511542,-0.827965170527676,-0.6652780246618826,-0.9469645577240867,-0.36889791097466057,-0.018446648990720894,0.08268360069246658,-0.14335969459476114,-0.046424897549016124,0.10938888298251315
-0.03799035061522394,0.010100300700147433,0.16286090327027217,-0.0008738332770216461,0.13655174697613762,-0.9430733433952493,-0.8236198640069518,-0.6331872583830009,-1.0770784478596285,-0.4228919775070463,0.1278335887163141,0.18649199187546242,-0.027512988131091237,0.009037810909337501,0.1238200052216189
-0.013187069572995619,0.2229074766575339,0.249140917227386,-0.041150206988734,0.2479195540337803,-1.0427324155261704,-0.8925925817729745,-0.6076937678603079,-0.9628184033260153,-0.33738194050889914,0.19116697251628356,0.17221027320798526,-0.05739460806307094,-0.11244868219389609,0.0019833369064169715
0.06657053139812574,0.10203209289006157,0.3112862523463569,-0.02333293388289908,0.12893266901711767,-0.9425796592568213,-0.748332068336017,-0.6293550820101634,-0.9497504842819048,-0.35005239255802356,0.12301180543796139,0.08582715597206242,-0.15275782846460434,-0.1478757205670551,-0.01833385774904382
-0.08297937557435187,0.04757324571914935,0.23775967131049527,-0.0781515528227612,0.02285458404400946,-0.9035793478031582,-0.769112952750387,-0.6294259261810774,-1.0175308125955282,-0.2359242856424239,0.01616788968604533,0.013827312223684579,-0.1961270870568488,-0.06956103974246247,-0.022884526074261856
-0.04847202524587198,0.08915890997483022,0.2564738724137146,-0.053592790403709116,0.17356438873528926,-0.9926433170269566,-0.745979800111531,-0.6008613117451732,-1.0353249697989086,-0.2825174457869302,0.022402976129977464,-0.15402844626403103,-0.19937429963857928,-0.037904928798162776,-0.00022824370543846582
0.01662227981174856,0.1319999140397258,0.28278821671172416,-0.002353701709692957,0.14320034714749194,-1.0224496170101798,-0.7936558047311377,-0.6560497150077929,-0.963947694366495,-0.3105436595711592,0.08804908780170101,-0.17043810635760306,-0.4024717561395258,-0.10250849141646885,0.11373112148463323
-0.11184520370607229,0.16903901747987848,0.25303834974839495,0.02635199613501822,0.15084625954180444,-0.8886032827578719,-0.7194185099520722,-0.6035473565127008,-0.9927942288194221,-0.3282281326895561,-0.022549896840692994,-0.18812169662180306,-0.25630545042765696,0.019946097063528484,-0.10234519313469222
-0.05303749950738368,0.10866189318242345,0.17943310168557922,-0.06480646616615413,0.12763432483002865,-0.9546074641158989,-0.678311073410459,-0.5438534962176681,-0.9803897888728079,-0.3025016121967455,-0.20576958047199836,-0.3380782611167621,0.023446683665643092,0.022487060806926668,-0.2989339525566401
-0.04393496783681406,0.12932806845550118,0.23545134800346254,-0.05629822275002482,0.048059310103401226,-1.0372045570372737,-0.7709276828626662,-0.5064930773073021,-0.9067566639058507,-0.2325519496787773,-0.06333760077536421,-0.27002544217809826,0.0011750474273389683,-0.11101055289788204,-0.22528718454560273
0.04347874656275698,0.1272082627885871,0.24056074026334331,-0.11586620788505854,0.10981836155343236,-1.0375207805619044,-0.7551387758882517,-0.5378368613951494,-0.9355831742371694,-0.22800751810131176,-0.012755491039529106,-0.04544985602264773,0.023800753340530483,-0.17284760171751304,-0.11989261035582821
-0.011471108095134866,0.11249935574829592,0.2323924062384518,-0.01880358410579637,0.17131800530332517,-0.9989591791944943,-0.6939813239680586,-0.5753635903772042,-1.0492724462994614,-0.22762314007034976,-0.08305350151300957,-0.10365848077866388,0.1772606480350179,-0.04319755956888234,-0.07522133287123728
0.06984349194192219,0.12642348306343926,0.25003849969200276,-0.08661174376932948,0.07064750234099422,-1.0174863092493658,-0.7227762043507161,-0.4892777137724946,-0.9176291980407894,-0.2522026891148091,0.15201188571492164,-0.2698676891622379,0.20120861949289495,-0.03362922464669307,-0.08465522966651912
0.052300808302882515,0.19007126782237782,0.17294853212526312,-0.007194216161769504,0.17502664227237238,-0.9945867328660074,-0.6338729103859313,-0.6204168008435837,-0.857690072651717,-0.2299989022905929,0.11196462494504641,-0.18208568953972404,0.12111596312155526,0.09601873302624633,-0.0916758519495931
-0.03486986446669096,0.05821224785268467,0.15982918698499343,-0.03586804751075366,0.1651248421295829,-1.060167989336102,-0.7497071657934391,-0.5397867339950194,-0.8475793915628044,-0.17946633934918307,0.09139779738156378,-0.29818258985067925,-0.019748159124271206,-0.08254214752317525,-0.053324945848352026
-0.051432341345043965,0.16833613379841936,0.20134588954912724,-0.10911374191034867,0.1909249079371026,-0.9961305113902826,-0.6522360614184092,-0.5209584358850607,-0.9766608496149726,-0.11266251167634148,0.0800537915624388,-0.13628263402882057,-0.05935657875954202,0.03210601138747266,0.08100894687375293
0.053871361045401106,0.11054687753017747,0.28515974454805126,-0.009582100211056245,0.18816360110785146,-0.9259857969893824,-0.6786094105257805,-0.46677041268538433,-0.9684600993160523,-0.24863590298557858,0.28352596521898576,-0.15117241572287932,-0.10907199554860261,-0.009397442590828559,-0.059024064594693254
-0.06306003714073272,0.1821930457850326,0.29853312895710177,0.016499623955721465,0.13569367161118961,-0.9039109981482841,-0.4839664989982734,-0.43822454190038257,-0.9269127687540292,-0.22262221861851056,0.42069663621707687,-0.05857113373793778,-0.13041505587857558,-0.01095993736671768,-0.16191362702902473
0.051975948011716885,0.1251696731082673,0.18091121666692034,-0.005004712235089102,0.217587504090427,-0.921345382956159,-0.5133137832303859,-0.4745835481917312,-0.8565696047195399,-0.14265786121322327,0.20233196221306043,-0.01117642298272873,-0.20226961603960347,-0.04468952613775206,-0.22372859355034086
-0.019528851428352166,0.1133433552867627,0.2851673288505694,-0.07839880841203944,0.17202638277650564,-0.838987297185156,-0.704177324798749,-0.4116242578637784,-0.9657925182238832,-0.15320308474271357,0.1121127804367345,-0.037089338628282204,-0.3689715778243895,0.05808582321032789,-0.30414915466637316
-0.008842524298021098,0.11455624089643422,0.23304971386902285,-0.0890593504531261,0.17272379819402622,-0.9056126718344647,-0.6352079252322639,-0.4006800259484295,-1.0085650653566864,-0.1382922475675541,-0.1328435893558514,-0.01583460321539475,-0.2315354625421825,0.13074384937312022,-0.034399071121505614
0.011917782554529459,0.090638441779223,0.300341118513178,-0.013142645563456685,0.061751006866084174,-0.9321136916546456,-0.6475043142000023,-0.36949513492973934,-0.8241831412355316,-0.029674132360931735,-0.019499264181970247,0.07199475043453651,-0.22354722039943892,0.14812317130200825,-0.07896263210240757
-0.030749840082310048,0.07391129428107869,0.20396875619624075,-0.04587335781834219,0.1416303184710208,-0.9512988222988837,-0.5299262910267204,-0.390253853942734,-0.9231800885699993,-0.04974680127056965,-0.027170692876185763,-0.05385255955149939,-0.33481682874065,0.21799674829393356,-0.07815785101184768
0.05102041703678918,0.16091866982217254,0.2716248425508572,-0.07211273703667997,0.16125125031380905,-0.9013953046395178,-0.6233195030663552,-0.3256491051690109,-0.845200630432659,0.004493127971613213,-0.002476992351641725,-0.2707588281433624,-0.31274873514129686,0.054375471257867763,-0.12117692361120616
-0.021498478599004278,0.19171157018985419,0.361219023961941,-0.06812918050695654,0.0901877449082345,-0.9420214575850931,-0.480777901698872,-0.3566526240882036,-0.8247843200409086,0.03971706142761461,0.0016378138504999362,-0.2837593816840502,-0.28996900330182096,0.08972394797704117,-0.1600517376447865
0.01550198834984886,0.08107775046107782,0.2680808361429085,0.04352350689969177,0.21826764416125838,-0.9605235506519262,-0.5072132623567993,-0.3312110214365426,-0.8752356071864917,-0.013505048267006365,0.012333017288344983,-0.2465992789554736,-0.2403491263819885,0.05520017530113697,0.0007646831860534525
-0.06647832135889044,0.17067658184272289,0.2569709041557571,-0.04779182581360319,0.1719919500713564,-0.9769839334303952,-0.4315254655084954,-0.26124075949407277,-0.893065693686629,-0.04129862771783123,0.013152848142497935,-0.19934112116568997,-0.2535427919552064,0.17783620401458833,0.17741641010199818
-0.04684968383249345,0.11457328597964193,0.17202543593325395,-0.03228080800977573,0.19140982721793887,-0.8305976618277899,-0.47458626563185113,-0.3020257831972377,-0.9490708995839326,-0.0006648941495749107,-0.08295825073499505,-0.05301415436703216,-0.25396566210373483,0.2873767508803633,0.0314109638256391
0.010897192746427191,0.2553840542486598,0.24349024220988857,-0.0790668552830846,0.09741640557558327,-0.889118959702307,-0.41244565564339875,-0.2447287602225209,-0.930908422050412,0.09193917880806916,-0.14916121757075276,-0.07830711664067963,-0.38850022822383434,0.3149043233656754,-0.027103008262670075
-0.01758832122807817,0.19867213123701136,0.22905257167358406,-0.0056208237679429285,0.16577924178791392,-0.8956077898556368,-0.4729345300476058,-0.22143579391961007,-0.923061486035336,0.1108937572685734,-0.09410716878493756,-0.18616859779334105,-0.4082035015204449,0.018313772071239576,0.09555282043636164
-0.015598796741391327,0.018313541164928754,0.2317514555825492,-0.09650882738924794,0.183647354279686,-1.0202585138364493,-0.4347612196442897,-0.08775225194017924,-0.9119840062866664,0.13574130622407155,0.060649914212339014,-0.26038914433682436,-0.33385430971219066,-0.052461299822511444,-0.1022851412068256
-0.04211865567067555,0.17233978905847067,0.2913654583429614,-0.08865652463390651,0.18584451048974324,-0.937255163313793,-0.4589868927551731,-0.23223416930726876,-0.7965591198157964,-0.006214320267183257,0.1809991176582627,-0.3766955940436255,-0.14233326433822252,0.07706608430526085,-0.27493552558538364
0.037607997520020364,0.07252964509152351,0.2970116317367009,-0.07396402213420447,0.20495890459228586,-0.9345088757424809,-0.4513485846354528,-0.23389903063891013,-0.7371063848991943,-0.009602300278543932,0.0729227041045762,-0.4119029700458995,-0.3374117874181716,0.13376290955786108,-0.1856073521624128
-0.004275179883418752,0.08934007268449304,0.23959066658200873,-0.05264922678018718,0.11048816381762616,-0.8785705984980885,-0.3474701448503807,-0.10836381531271955,-0.8757485898304324,0.2026532301203844,0.003958383086499019,-0.4132391783278302,-0.42942685930299657,-0.0525405720679199,-0.03648151754038652
0.007282019323319094,0.12453440663526023,0.23872257627910234,0.05518755406211648,0.22158043848982742,-0.8779603030989769,-0.3422354050593559,-0.195962652552736,-0.8103405870995968,0.08838593392806907,0.06429114870106098,-0.3809655511822605,-0.2378067374475489,0.12622528295677987,0.10346977136135466
-0.029069470113346575,0.22118244599713444,0.33560670958643235,-0.055918690938853384,0.14974498713707401,-0.8701844800307645,-0.4055385596728402,-0.11341631868246067,-0.784316083810819,0.06956245218371665,0.09210740545228842,-0.16437743820040102,-0.2592818942420396,0.2887500674364152,0.14087247967846342
-0.02812692504067895,0.1284961230686159,0.1836829852715265,-0.010276356172128763,0.13222102384217707,-0.9887436155484021,-0.2901023434203068,-0.1515106069736214,-0.7448627072177886,0.2589241851702672,0.17801520231824045,-0.030348467998233014,-0.2760609790610794,0.0026029798286877903,0.04760749944065819
-0.06049410708215391,0.13335202223052833,0.2463809436279457,-0.09796570339265495,0.23048410803524044,-0.8298750142285908,-0.3067503121285542,-0.15418112086403937,-0.7893600798537989,0.12445613453950682,0.07807468958637959,-0.0874494123431886,-0.38444891929334774,-0.06709258636571742,0.0018799819932950254
-0.07653266789672687,0.0644761352495148,0.27422374319086995,-0.09944714118117193,0.09733924695916175,-0.8169479741174472,-0.2749858173771522,-0.12713548317489573,-0.6991538339302423,0.19830450133500713,0.008574336316463538,-0.041577581329563615,-0.2569025666844271,0.10019317734331103,0.018911179461110903
-0.0784735425205707,0.09152478637279035,0.3537756647288938,-0.041249831142888556,0.13254095850919728,-0.8414966469023969,-0.40578027012781864,-0.05999715573036123,-0.7470150253125727,0.1566438980877952,0.06412167622733643,0.04681895609614767,-0.3650068695800503,-0.06589642359364978,0.0034475230834762494
-0.018572509126776836,0.07319109744029928,0.14566774428701001,-0.04840335492314737,0.1576105155204692,-0.903217956173584,-0.22517806714099123,0.05624572314554613,-0.7181717548465394,0.20645786285272216,0.07361630985934958,0.06354433604094112,-0.34172197511404717,-0.08096142805829895,-0.044976284567350394
0.0675845711698747,0.18719394276600954,0.21381837358189426,-0.03060267660587352,0.13687259896809048,-0.8475511103228963,-0.25867930814359247,-0.01754503718145356,-0.7589665157903721,0.2522256828104346,0.06256048457546463,0.17509260675488392,-0.3207053370101486,0.019098271987168867,-0.11984376088322728
-0.026244856577901723,0.2580031323381818,0.20665535734931315,0.00808843091832856,0.21013224250414286,-0.8380579884070348,-0.28744947457493614,-0.002779785182865495,-0.6533726388399339,0.2511766846829353,0.1031769801712202,0.34691205910948264,-0.3236777937396147,0.1133739995629647,-0.22776667990270438
-0.07900770762672767,0.15504254435845216,0.36223724869519647,-0.13007458363310068,0.20137348504554697,-0.849585919911985,-0.24877156831525407,0.0730266971825818,-0.8311836382667905,0.310953503521494,0.03858189126393406,0.18277553434689733,-0.3473565285975285,0.16358734397373334,-0.11560309681188234
0.03921158668318517,0.2835626359265982,0.3657693252337161,-0.05879302099601484,0.17004647202834705,-0.8522882255363198,-0.21846711418941686,0.02591070681031897,-0.6075453556980434,0.22125480234979025,0.017714519037360748,0.04607452209424601,-0.1860107850818269,0.29650149372220647,-0.10922651556930293
-0.04420712781690007,0.20046177335708987,0.2776033641969635,-0.019412729654001034,0.2400899209670211,-0.8031264216945845,-0.16230844954252258,-0.008930964493521848,-0.6701320567364899,0.4719185667577727,-0.025046443501410467,0.02032060538364689,-0.20035528568075203,0.24618685656489533,-0.23135639142596098
0.031653049895686534,0.1750563137980944,0.32500675993610234,-0.02760094653244482,0.24705500057730356,-0.8492004806116169,-0.20356438333275179,0.07863265216140797,-0.628846791251728,0.4140414624731683,-0.022397995795617964,0.028770383070975437,-0.20501133755610515,0.12832215773278394,0.053600502259967014
-0.07727343535567764,0.20118933834553698,0.21581917729469105,-0.11848048412691722,0.19091153214911524,-0.8369446175068946,-0.0752876145963838,0.16547924705019493,-0.7130670103248617,0.4313085261514518,0.09274714962867157,-0.14561614176794646,-0.3009736137083664,0.07731135440612288,0.1205538756959395
0.13200814112134168,0.11216841734707343,0.3020343955353832,-0.034605105844129416,0.13180772514595726,-0.8717201498876898,-0.17937875166328954,0.10669820593886169,-0.6570871237920632,0.4231131963083568,0.17327435963323845,0.0922603487038652,-0.25129772958246066,0.18435741121205243,-0.03643253815749606
-0.019805305770093533,0.16309143444138596,0.27242710491214045,-0.07251048550490302,0.17451512785578616,-0.829160904706439,-0.08699818024098303,0.09897986522063291,-0.5913859989430683,0.36482613300608524,0.18213470830976858,-0.041381483142216416,-0.30580767105144213,0.020877352582175726,-0.1930751409660466
-0.025469344724237376,0.15024830295872466,0.28432848459198196,0.05892511390435787,0.20153365796149453,-0.794846821956419,-0.10886123835023619,0.09891890832241701,-0.7014396444053167,0.44534109539851985,0.12630766162231413,-0.16898651420746452,-0.2241657993839378,-0.1649516291310126,-0.256123994735069
-0.07685456823972732,0.09038302049383769,0.2947818938556653,-0.0499599348342601,0.2271715648771045,-0.8112340465862142,-0.06871538232746692,0.1799124006549928,-0.5629507688879282,0.4370591532160383,0.05068137605395605,-0.01938872964844439,-0.09467349944047296,-0.16570980096299182,-0.13920269904391103
-0.07056621030661892,0.17078329731208505,0.25707812356013715,-0.053156128399856145,0.09442300147847112,-0.862274364721195,0.025076377452449256,0.18321999600515015,-0.6254257778754881,0.39855824732928113,0.08639018345275536,0.035596171683799666,-0.1840933634655928,-0.025295868293245816,-0.19143441052110155
0.0039693482847472025,0.20073121603279676,0.29197727034947696,-0.08540464250127394,0.19153719872195282,-0.8486993242342106,-0.0227283397017281,0.1559717546194593,-0.5957646793971407,0.45973475563501487,0.10732145334033436,0.10335255191467096,-0.22123375627443548,0.021969158724831645,-0.19577761321183784
0.08284812923409739,0.2070520395715305,0.2741500333428771,-0.11672733685063047,0.20791031281368563,-0.8500284066882288,-0.08218460444467386,0.19700792677644313,-0.542723619069422,0.45692155999426065,0.03684600156090222,0.021516248183196002,-0.19105410184163907,-0.09205048788900091,0.010973116693935026
0.023381427080939196,0.20345305697220803,0.28982302551681843,-0.01563217940115765,0.17981966957239856,-0.8033216809468651,-0.08431507556208835,0.2420593426372139,-0.5940709937355841,0.48473551435903695,-0.038487808066508714,-0.02006539953722012,-0.2294571238380283,-0.02899087826962727,-0.035474993325624135
0.02741798568510053,0.14325699033188755,0.25567256362761115,-0.003889030530097509,0.18300599811886978,-0.8181112391883378,-0.050797226706519705,0.23313610168815996,-0.5240595144774558,0.3981297211405984,0.24604319172416422,-0.0517943423354687,-0.2246404972736622,-0.0035406005392441004,-0.04328048109402326
-0.02233498113009253,0.3117378551485472,0.40112963080789266,0.009361940583318067,0.2349222865498818,-0.8259643515017557,0.05411238178095923,0.2636762368430587,-0.5804704200496447,0.4905036979287435,0.14276628966195498,-0.07743158404649303,-0.23356589824167004,0.051949737569877065,0.13352525088790626
0.04654379876120885,0.17879437649659013,0.31834731846114517,0.020443843855483042,0.16609602529679637,-0.7844268929001591,0.016646378221830013,0.2366257001868427,-0.5773780562912331,0.5458135453250562,0.04920704912695074,-0.1936626169836089,-0.20755063593089576,-0.06439854264782816,0.37852716545496057
0.0006273023650878069,0.15143597014152407,0.3069100998987177,0.020322248515262265,0.15299750293539782,-0.7789383920078534,0.007700806664521026,0.2823363083853651,-0.4516934095094199,0.5275767549155966,0.03683733071146042,-0.07397784059538022,-0.2563104650557851,-0.10202151455728452,0.3094441059175098
0.015148537612322321,0.20083954325978792,0.2617794315314196,-0.03703389980375989,0.1735083434771988,-0.7421289856225141,0.11380916086390606,0.3377046842311861,-0.468780851785215,0.5431798525049977,0.029254748128566967,-0.10844596962491504,-0.1075428129223503,-0.10202997807304065,0.06550253384823279
0.044282179414014695,0.12463376582229832,0.36195947081408336,-0.07166498291118722,0.1328134505471201,-0.8220522764839688,0.041445798018242386,0.3256105269438948,-0.36541492909718354,0.616364212510681,-0.06305270398642972,-0.09035220544401984,-0.19183169205760708,0.054989699347566284,0.008243055050773163
-0.05358558535697981,0.10591775717824678,0.2718735384777219,-0.03807010040606726,0.22742342481410774,-0.7796218632763606,0.04728343685969557,0.3183756851711845,-0.5136249048393278,0.57931758720287,-0.0606550745002525,0.03876303605072333,-0.03672485226084532,0.21767555392460997,0.07705544371266247
0.09608295312944595,0.26099860552001874,0.31301513624071275,-0.03671423371523913,0.18973332837729817,-0.7838804122023612,0.07424416575192752,0.3434399721290064,-0.42208952706620756,0.5087829807948815,0.08224238503691517,0.050532683846314666,0.0036230368493761697,0.34081392938767135,0.012199126068651811
-0.09274850818505066,0.08339991027791409,0.3211002974367229,0.02470398181858894,0.13911272812529402,-0.8605226446911822,0.19177467122361974,0.3781075188572339,-0.5081448622589269,0.5550117037896253,0.036013439939542216,0.09316800987244249,-0.03833180719904241,0.2546236289116286,-0.23130487089398977
0.0030920398616659343,0.18955767017114497,0.2814854152465827,-0.14458884063443916,0.0769750973614831,-0.743014498745047,0.1815986463001439,0.4032773793440074,-0.41883426657149464,0.6282994716174571,-0.10157008418335042,-0.05145258520175787,-0.07562854883018971,0.21573470307931072,-0.135841246280016
-0.007980992464276509,0.13322027021192526,0.37425848826896263,-0.08690720944638329,0.15281369431438155,-0.6735465546248974,0.20561390421848247,0.3412793022039837,-0.37654675400917575,0.5725143300909288,0.04251730248019815,-0.02414768638249037,-0.16115129880976087,0.3227403725233309,-0.05697638691275243
0.01636735922743127,0.2472514090288078,0.2933228887888882,-0.05897384427732961,0.18048939489434587,-0.7386818265796875,0.2218084330421787,0.49206721676149734,-0.3969953909141664,0.6079792592614958,0.029052948926343948,-0.07473487502183249,-0.1555370505614166,0.27803238666349595,-0.03938316314739275
0.0485804850220861,0.17822848784787954,0.2761333262889523,-0.011286589368395376,0.20370734312307265,-0.8336103857078209,0.14428233981805552,0.3688929766549196,-0.36237241228312894,0.5681371664626205,0.031305744876679184,-0.11200110653532755,-0.04478704879673358,0.2669016889246445,-0.008714257542903666
0.05535852384185552,0.16966582117357448,0.3457803110782512,-0.025773172331859683,0.10736048741688224,-0.6753717926902394,0.20847015552497877,0.500537510936299,-0.37783995300608186,0.6825250004330443,-0.12242062200127524,-0.13696831189774256,0.07449963639979536,0.17017570941392027,0.07068269961877553
0.01927545499195424,0.10974747470960905,0.2214144830895967,-0.009671044018234601,0.23166889280157008,-0.7927513771355139,0.18000546525603364,0.45910576183192475,-0.39808090335458846,0.6190159685360048,0.015012804277257583,-0.31700458789430175,0.02954658034495706,0.1040481073856022,-0.046959359782038475
0.025656520662336164,0.19465775585464898,0.3584393174531135,-0.043779396839806785,0.08912225617256453,-0.8182990754383501,0.2453740741263524,0.6115567388080674,-0.35800526077178063,0.6907123920183924,-0.011132793795246402,-0.3198255737527872,-0.09405581142766511,0.14431794481191357,-0.2198207243434134
-0.015995068277171277,0.1188826056461667,0.2486337229486402,-0.04528600587908453,0.2530295549990105,-0.8034017685199303,0.2953470526564182,0.4652755224852106,-0.3387649780334243,0.6358671835520098,0.256417020491198,-0.15212794690120224,0.08017367578466773,-0.04704100080832499,-0.2114815013980561
0.12573303661278296,0.22843661439432536,0.3019825004293339,-0.025640218950636378,0.24891982053850756,-0.665359653746323,0.26567154585525543,0.6060267756323225,-0.27464768386373245,0.6707423894128022,0.2262267360113624,0.008840089550775865,0.16885708422823115,-0.12422891383380819,-0.13984807510622427
-0.08673890433049614,0.16252619026703724,0.346429778110425,-0.09832303452143325,0.23032070192353787,-0.6801316569264053,0.2557710862950048,0.6369785291720589,-0.3594588638497615,0.6265136785059863,0.2303355008998903,-0.2153315811795544,0.36489862840031395,0.09954553044147123,-0.08092302467199955
0.09058886030802127,0.22964495908521013,0.3145895157842976,-0.0006316723286269935,0.21373407809558131,-0.6915276778898667,0.2960495530548969,0.49926248635348575,-0.2467416774314061,0.8650093908082814,0.13379489706456182,-0.02044359002454052,0.4231023032762008,0.17504241095923256,0.13196952211675161
0.05144235635456821,0.1956665026406385,0.34833297597899565,-0.06761189863621184,0.2418210991658858,-0.6399036528905201,0.3648583847564992,0.5213516835966582,-0.30317567479815877,0.704736186513708,0.03421977800578196,0.0855312516657411,0.33787315583788197,0.03992029486652665,-0.004061485310075941
-0.03901130221430259,0.2113757212449343,0.24575231986352714,-0.014644206550423719,0.22119746171329197,-0.7148076475412307,0.3349356735468179,0.6319045974087417,-0.14122872162512534,0.8123166128185553,0.017431186719106904,0.01946105263190981,0.32289607167657663,0.03379190230316402,-0.023545895592466656
0.019508063724649586,0.23688169923353233,0.3539579764264616,0.06338913445610556,0.21820898477749306,-0.6636283762775584,0.4110963335260619,0.543963314422246,-0.14752674250289427,0.6911026769071255,0.09170216531350102,0.020168424362149925,0.29800699400569386,-0.003864479835946927,0.09255509447793835
0.03264252881766553,0.18706457013302716,0.4335930043298096,-0.05576125242495369,0.1845063350388534,-0.6509115905930078,0.2878154170622913,0.615141175660945,-0.19651517766161072,0.7618735940884814,0.05444777863406575,0.10784208221596339,0.3022973093515308,-0.11107213657607955,-0.07115806174394299
0.03960246662697507,0.19422120645579485,0.2926346866720311,-0.056206613772505826,0.21300592608075022,-0.6922225970920737,0.31217732576585633,0.6773183922482924,-0.20356938544894107,0.7185414799850691,0.12655945313622213,0.21757541797167312,0.12687907425487752,-0.05129088298171277,-0.030752724083503304
0.01199985989902893,0.09076051398494718,0.2938915246737913,-0.06649976498080601,0.1577585642049722,-0.6753001674090672,0.37633756907787175,0.6249524295545883,-0.1577635544125518,0.7597778118165815,-0.06158207979391232,0.2737529601986598,0.27938275691931425,0.07480044435843305,0.01928483514303669
-0.08614416707153702,0.14793886209646745,0.2836041199312555,0.07421487760930154,0.15969623874594174,-0.6153254598716515,0.38587218669858386,0.5849848902097058,-0.13141367028479628,0.7961864993325312,-0.013442560811461144,0.1393572469752393,0.394556341675155,-0.10476972380715575,-0.056319709183014946
0.058509565087785674,0.15396676045850644,0.3672196198211163,-0.04062172514973103,0.1921717169037374,-0.7487558050986703,0.4241592681833496,0.5726768262200665,-0.2069191697719201,0.7790265861769141,0.032661059452965394,-0.12026590770646475,0.41899933932987177,-0.28053755664067637,-0.05551907295078
-0.04059971612445079,0.07875085319337874,0.3882525765533525,0.0697254516314562,0.1999216539286416,-0.6118901945325633,0.4678734887195601,0.6508067578547634,-0.13154464363208343,0.8981669502986361,0.09176025358306006,-0.303832592100234,0.4421358187781857,-0.07849308125726896,-0.04951634767044685
0.02820807135420697,0.14736643449262718,0.3725097755650269,0.008279611339911164,0.2211853722307602,-0.6913782174919009,0.4704529392149584,0.6484434226570489,-0.05932925911790828,0.7880876878883002,0.25940386382744135,-0.2344594152142075,0.4432318522183449,-0.18651351819796255,-0.1489711463544644
-0.034129528390974245,0.14800206493606255,0.38858618996446537,-0.07391538891656456,0.2396335433593893,-0.6223762340361236,0.4505200415120299,0.7771004617561358,-0.06544541332020806,0.8520671282585085,0.18315958226230844,-0.1711812572755709,0.403928799130041,-0.10477022391173368,-0.09175617673796958
0.07344508656877509,0.20565424260132187,0.3420912024324766,0.04718655363181133,0.21343090507683188,-0.6475354079400126,0.47860249142244926,0.6899000982797759,-0.04515469569585924,0.7876321899095299,0.11264895187788734,-0.17609706497674743,0.20315039801721038,-0.05889514074827916,0.04932837100412757
-0.033870041082524144,0.050377575775705535,0.39874331644955185,0.026592582304880007,0.23921662740687838,-0.7014022404130642,0.6091378635087256,0.7318850298814765,-0.06772442009275498,0.7771866191558361,0.18624814870464662,-0.3714085580662899,0.19522839436907424,-0.237422398823913,-0.03374654288016048
0.049434879257419295,0.0849443905140879,0.31617266611879125,-0.013678584800069709,0.2341922521698052,-0.6302595181046899,0.5756807927625622,0.6832754803861314,-0.15809474953524916,0.8974749137390619,0.16832115728132993,-0.346114525229163,0.02104756237506286,-0.3609841949357736,-0.04694804577404532
0.06011265386447256,0.21038073835639737,0.30691586033748786,-0.05424842998463702,0.1851041148555991,-0.6001400330134457,0.5275357251304982,0.7170688811371846,0.008080571908509512,0.8591109609467863,0.25779000553671116,-0.15316516732774169,-0.05663506422816898,-0.33624904478332773,0.04185677987175285
0.06889522360737141,0.19308525482262864,0.23433285224064493,0.03230269673022959,0.16551607818516897,-0.6896604964392834,0.5137992152614157,0.7475083780816331,-0.04873232224285885,0.8381173778966151,0.09847055688684114,0.0692566440781617,-0.18264527860365332,-0.20718250061920138,0.10006213217281441
0.029141271009608474,0.18842805792517842,0.3575893058948923,-0.03082114172407323,0.17851469099892114,-0.5416861789124707,0.5796821977560035,0.7664502523225742,0.028711340843839098,0.9089977429405567,0.05448465405929741,0.1599815176592109,-0.08756679527611155,-0.0962459157709552,0.30086086518804933
0.011988505686625846,0.27674957549648416,0.35047945564832683,0.022743266951840792,0.1944294246057443,-0.6257993788353058,0.6431089017893572,0.7700281363548298,0.03848070530654232,0.9355278278135809,0.14914869349400467,0.26083985739615967,-0.029471182308145466,-0.0245778141719684,0.34733991095691397
0.03609808917655248,0.21320196962691865,0.366397335395199,-0.026955574881344,0.20835392494874813,-0.5547611780561261,0.5812487857472758,0.7576836108956979,0.15006091311408415,0.9258462565767611,0.1900605701562848,0.2665047749033775,-0.0033878297649145087,-0.15772549987926868,0.17110860438913453
-0.01911906482596264,0.25297977604107713,0.32564402047086205,-0.03235986647688402,0.25265033983071256,-0.6086972421751515,0.5712073943338942,0.8203378473031705,0.05620118172543886,0.9179185011902199,0.30634876960717483,0.39944395642798847,0.01525125325361295,0.04833192598620871,0.22790055536003778
-0.020587432296475895,0.11306960988319632,0.33049457583348174,-0.0740692158367096,0.17131683039541395,-0.5087810176591495,0.5871895255883823,0.7670271305299939,0.10358293210415365,1.0326502302817082,0.1720259724193584,0.22971989548059024,0.04504419710110069,0.06112853695986628,0.11223275272159602
-0.05149780087949827,0.21627709965637532,0.33680905689222046,-0.06744018449742976,0.21658177267237466,-0.5786532385125182,0.6048614818719326,0.6979055235867624,0.08378907626997614,0.8867219892260717,0.17328733948339037,0.265150002867817,0.04865247965126737,-0.18758688686750216,0.1992770802612911
0.0064217886214216115,0.08717826343508309,0.3012884015223771,0.002687893561996231,0.2394771024676558,-0.48875153343503724,0.6070642494948885,0.7978893658527949,0.032507508464793444,0.9222037259884269,0.1755482608006881,0.31755653482298746,0.1711667674049767,-0.039271075610168085,0.22766479036470977
0.028179277065802127,0.20710632081746505,0.36823549281640916,-0.04671498309343719,0.16260722213382825,-0.6023254436579633,0.5753675915058137,0.7989784264850789,0.13321096463532847,0.9454460487455887,0.06090341869764883,0.33562403157244086,0.20535057392449127,-0.048038595921684156,0.1327556434875616
-0.04755617392217056,0.1697614115359644,0.25495974473288247,-0.041770688858288926,0.2316692881451181,-0.6380463997563878,0.6728224769993891,0.922317335865272,0.15660937294457583,0.9962564723170798,-0.08458458358044467,0.29772737036088626,0.2168757695245898,0.1333455523758617,0.08838053620355274
-0.08830653402450964,0.11447214133525707,0.35548592674632884,0.010483132940236617,0.17234319446556667,-0.6053547965444259,0.763570963879431,0.8475738294862364,0.09028607848519657,0.931182178155981,-0.0849804731157554,0.11441626340614497,0.13540857115798055,0.08409014366347994,0.008409450543363388
0.027041521075212988,0.17791014282294995,0.2971729169024452,-0.036711816602016306,0.2618879938033559,-0.5063441683513152,0.5998578874077151,0.8032851688125455,0.1938281698793205,0.9341068082623724,0.13759227048444142,0.1671291847005546,0.07408506836558584,0.03630547184829577,0.09471698818716885
0.06395253442934462,0.16103444077059856,0.2976794480929787,-0.049865890141585434,0.30177801520528874,-0.5491481817591128,0.7602215347992168,0.9535113047645853,0.1720685256891413,1.00475216210135,0.022656967697688213,0.3289310072960294,-0.015155753881436307,0.09661487592100326,-0.01646251381095551
0.012416750200402112,0.1573987216395019,0.3906740861675295,-0.023042872129828966,0.31824386019527034,-0.6574221079755994,0.7021413026385067,0.844146739829175,0.14481704244439958,1.0015582188440606,0.08846347054764651,0.2582127580590212,0.15207420685054834,-0.0014985781115919306,0.0957513121120163
-0.015627428888778345,0.20665107125956292,0.30185796141772053,0.003981396408020111,0.18814630932808318,-0.5708218914339633,0.7537079442692027,0.9330482457994803,0.25702440872977994,0.9602209784884769,0.10244623440795056,0.23185894546173078,0.1682402975388633,0.10471875915835263,0.07820777424308936
0.046560468028225756,0.20652712468341236,0.3450019312238933,0.08482188942816865,0.2445165596256981,-0.5542178555934805,0.631231534522663,0.8525012274113085,0.14222209021962656,0.8630117935676271,0.03096825478092087,0.2833816986315902,0.13128194391880202,-0.05858228037433366,0.0968365059919701
0.04592792415845695,0.16297812742578544,0.41821186008775935,-0.10240462000901313,0.2789754138388676,-0.5301055375836885,0.7360907737981922,0.9093278780681073,0.2663632458179043,0.9104324338883899,0.09710879241703009,0.20317218435987527,0.0497499880116046,-0.0670726972971187,0.19984652038932404
0.06626879078959252,0.20233828503194565,0.3172750846295927,-0.03249859518778089,0.19125439869865585,-0.513942032667336,0.8110223800294148,0.8527196866033504,0.3386533808627989,1.0053345813347205,0.039050159139675675,0.14869174332256974,0.06262603949362887,-0.19600234428690277,0.191101833099934
-0.018789312033854748,0.20423088658445776,0.333225875298335,0.0373614175988125,0.24421946627081054,-0.4764100721446156,0.7830007379691718,0.9891284452817526,0.30062757336732154,1.0367874351527726,-0.02379085681968417,0.10554444995125015,0.1748242005642286,0.08112860760289883,0.14578863899802716
0.0015722017205415662,0.26537974134138065,0.4717018757051429,-0.04951534175473765,0.1986140489268658,-0.47755967535343435,0.7366571964843895,0.8680511988861065,0.2720940124389349,0.901962908671468,-0.1295431846876026,-0.05506823858885214,0.12137064690256592,0.02710960306108805,0.2694945244701832
0.0284557313491067,0.0465265281201816,0.3841472081279242,0.004726612980208798,0.2465200813193114,-0.4971136685110753,0.771778129297408,0.925626202089957,0.32330182412123837,1.0761934277591223,0.0625160912665741,0.1164608034756925,0.0884233470957236,-0.08742913778609843,0.17271616318924835
0.0505470553464532,0.26275248515537364,0.3077462212489086,-0.008350940355169515,0.21416925492648312,-0.48121057510278875,0.8013468010952901,0.8771915719197658,0.29455775564839864,0.9769094993915572,0.18704173846747224,0.19776376559069708,0.23379549023889726,0.011404105241029402,0.09504582705339663
0.059445788974620696,0.18403387573948862,0.37728100227821304,0.08172469015862044,0.262971835173116,-0.4423412737976826,0.8661812968942493,1.0419534830283128,0.24850506110966847,0.970540474103912,0.06254642628942944,0.16603162838163343,0.17314243501869156,-0.16536154567999137,0.1263951177888738
-0.0077453306549416755,0.18783972940297533,0.2736003150769959,-0.06102413027110557,0.2306840934730363,-0.4571782589984068,0.8063058739160183,0.9840028755185661,0.372630967090816,0.9938352418985965,-0.017068904486255143,0.06654326321338147,0.17157856804405802,-0.21050469035691033,-0.002350856695110509
0.0731153829033993,0.3300441121844747,0.3482874706484088,0.0635002247845231,0.2266535688000601,-0.46018320444469496,0.8075979073415981,0.8412231575075872,0.45906340308401933,1.0142058126486073,0.1525050631484946,-0.08553997026778713,0.2737057265202156,-0.07963099590334541,-0.017126232834065783
-0.027655332975182217,0.11726442612816809,0.4265739520066925,0.025814570568058352,0.15600860538786016,-0.3658126957430475,0.8848059905846487,0.9506733267466255,0.3659156267547771,1.0698343395978183,0.13446626479349297,-0.11849235289477766,0.24504582768384078,0.017307499429560204,-0.04320551422898042
-0.022674949492045043,0.19353289555930855,0.3598303635563455,-0.04994628631271104,0.1901607938667429,-0.49121088291039744,0.753886941532342,0.8697430169245357,0.3582716924678156,1.0048867643237491,-0.10401700950660663,-0.07118631768609038,0.3885069666045017,-0.05474871210408999,0.12931507009778317
-0.013900101600056794,0.2558328406329314,0.37236807295223534,-0.053095548510308295,0.22586168523420938,-0.41552205311227575,0.7941526663179519,0.9536466160623143,0.3253122242219692,1.0418224108558793,-0.05282808705613626,-0.1803874649603881,0.1954607958541536,-0.020361421433606967,0.032628291440097254
-0.014240358072707952,0.24624258014203826,0.27538038713024815,-0.028067044180848304,0.2941583427418926,-0.38747645766374367,0.9133031480950344,0.9707999155041329,0.4361197242269441,1.0215188740701147,-0.043512968167459705,-0.02771398575083102,0.07364481488997268,-0.15467715788053657,0.07633250799723247
0.10701443212546022,0.16800621300046975,0.3289717707518475,-0.0393018749110526,0.2757306999044983,-0.3913961028430672,0.9005867046381533,0.9585306163299895,0.39906943820230434,1.0268139260421538,-0.13228105593103356,-0.04899555348824511,0.15442087460553286,-0.0709137326545041,0.09695937109332467
0.008249501976059316,0.21629282905963554,0.3126150089322224,-0.008803114558482856,0.25764511677618174,-0.41269598779611044,0.8514760687511153,0.9615160702299597,0.4093323632265729,0.8916471789643317,-0.3161619314099542,0.09115799870198996,0.08985122661331132,-0.10531281332119846,0.1121463869284261
0.007074720226958039,0.28276084218940684,0.44522764047129915,0.12669807426058552,0.30265941689059994,-0.4142847836699124,0.8392055912854489,0.9909624646850616,0.5260906727334577,0.977687513317676,0.106354189567234,0.1941125182315528,0.1085026397999838,-0.10374653269266162,0.04307939842092298
0.012622207070047109,0.2881415019839088,0.3718249567632828,-0.04677334515192481,0.261235902972007,-0.3569212885020228,0.9071090088981631,0.9662652183492617,0.4582095836721777,1.0189433956594414,0.07932940872217761,0.3756616027496937,0.06256999807556418,-0.18682570336730292,-0.059980351324544004
-0.02581386191113985,0.22341080394060045,0.3210234655358353,0.012942784446604528,0.2523279644881276,-0.3623143919898057,0.8209766222319365,0.938536788248861,0.5727806337361946,0.9003452432383412,0.12053652482016858,0.20891911543641384,0.04282226786486246,-0.14351837242595566,0.08639222090591114
0.056183802635130065,0.1062440042222522,0.3884684742714795,-0.03703880130691859,0.2163822004283037,-0.4836294408276606,0.8887761805800684,0.9067318639830109,0.5102060154307009,0.9909253320978587,0.06774226820704204,0.24690714402804076,-0.13507635831296083,-0.1629778440109355,0.1853490830684736
0.0449302449108703,0.1868260727885977,0.3682466690175074,0.02975221160131274,0.14802954309858252,-0.3883812656230335,0.9150093099769099,0.9498883898034844,0.5992243183428718,0.9975791888508725,-0.042778647708406746,0.27785596587866584,-0.1442061587240726,-0.14498778419255987,-0.021566452536610783
0.09402088290750255,0.23707387143168157,0.3736032278048779,0.014550211934670779,0.3426788086071705,-0.36757207685953763,0.8198062068121628,0.9375986305581855,0.5702586914542268,0.9964628666375451,-0.08404418840570699,0.2676656962990226,-0.15285274598976972,-0.1024740599641289,0.014017546048109411
-0.0049685074827116385,0.08839352710954743,0.3260946122217752,-0.0745485490754931,0.18999594031614805,-0.386496088485723,0.8692745485802166,1.0047823063364274,0.5761299991750631,0.9755302538809151,0.023539889010101928,0.300905766885025,-0.29425019492625454,-0.12034924456334833,0.11805082457386785
0.0064145061115075674,0.25845309968699814,0.38926075010651895,-0.07586024568947929,0.2873860776908272,-0.3056437590877776,0.867863183441743,0.9946113026568365,0.5345770150836929,1.0549180074421138,-0.07113397415807415,0.2570751441998184,-0.08171098547834502,-0.17040116459748242,0.15576356127081942
-0.019291579960172583,0.2399345685385429,0.3244698208105964,-0.06144632991012926,0.3339844193027414,-0.3402175815208398,0.99050979189437,0.9979614305203154,0.514169374176559,1.0623772013816881,0.15101248897985933,-0.01342003394770519,0.059249963680209086,-0.06444280183341244,0.20019369654564223
0.0530578572686916,0.1405420419031963,0.3928581567409223,-0.03074386319625296,0.23505495243963775,-0.2880414994623132,0.902567547364689,1.0107617464596297,0.6224384508772586,1.0041973251699965,0.049110796414163854,0.09239914198965635,0.07395041043128309,-0.07755585105109233,0.16363356808740695
0.015374413682220776,0.2007036305056806,0.3824328654525212,-0.021614620524302373,0.31892164286870106,-0.3262805964547646,0.9963226708312765,1.0382751725688821,0.5459539232402728,0.9907813858509036,0.11703704700240838,0.022120525655035674,0.09294643002850318,-0.15673834319158514,0.30813714078421617
0.0866920440268786,0.21736969802992703,0.32233266448027403,-0.11168328937859927,0.21650714931080106,-0.22057589864458016,0.947759559885263,0.9094606956851611,0.5973771456392704,1.0357796699722661,0.025559575725544362,0.020986827295915878,0.11681969412247767,-0.17146242993433547,0.16004935385090957
-0.048963192614691176,0.21750903452696935,0.3378602855424511,-0.0463071316123194,0.232851620509263,-0.3049312296921578,0.9691661949044171,0.9964981415696542,0.6749557588023187,0.9521469285169839,-0.062233673987965955,-0.004087216840782563,0.2166229512006352,-0.046308746985726096,0.13530810823468295
0.0020081933112698624,0.3042351496234251,0.36008279971730983,-0.07786639686437521,0.25305911112150836,-0.38728955946651594,0.9919045100925772,0.9806233706870994,0.7550988727859484,0.9687875997964751,0.005374594250363331,0.1729101194600934,0.1971179710428442,0.00847661072607793,-0.03226391293965951
0.058012135124662474,0.2284366877529662,0.46686024899365314,0.022106712382194124,0.3342024987561396,-0.2990626204181855,0.9489308613388042,0.893189415655648,0.6856035802398981,0.9385527722814639,0.009043856484532188,0.22455683034582158,0.22202761212027053,-0.11620171004681455,-0.13275125469952628
0.02412052151477169,0.13142900089993348,0.42085568729541317,0.05198154285291315,0.23501675473772388,-0.2481680765976179,0.9795141653986734,1.039855543398711,0.6414958853882565,0.990115856939001,-0.1435798923664916,0.22043013584326726,0.09444792187330464,-0.09415978153251967,-0.1011369828361793
-0.015220603063855295,0.2998528631545122,0.3944347779940246,-0.00847531282096761,0.24925124218724334,-0.19096108068855505,0.9820424153227222,0.9552411775190912,0.8503397641792827,1.0194275260802872,-0.031042118873029073,0.25210673728340255,0.07111737693249401,-0.15028316671667746,-0.08961548175078574
-0.020155832424370877,0.2630312671367735,0.33333673283531673,0.058656259916564125,0.24469449067261778,-0.30301937055921646,0.9075738959857381,1.051305252292686,0.6897252955855496,0.9662535350786055,-0.06534939525464845,0.17037833145011508,-0.07889184134007027,-0.002960069482195349,-0.03875203435284805
0.017549536581271993,0.18452128384627645,0.3097983097238336,-0.0009158433228944815,0.2799774183927975,-0.29063209523321565,1.062996958647805,0.9586033066178168,0.6978204426008827,0.9590749083343724,-0.1861404816723334,0.24219362534197914,-0.08278992196507798,-0.167226523555821,0.044087816062592905
0.10820699936360854,0.20262684329229502,0.46946682750606783,-0.0017038818620548866,0.31574639593963977,-0.21458295270459676,1.0136970180192022,1.0270361229720033,0.7340111447093602,0.903521798163295,-0.14078431550287393,0.262884717381523,-0.12978685293963366,-0.0969242828976948,0.021757404328717166
0.029540797172727284,0.19746612669901503,0.3946475612288493,0.01754399784295848,0.29566941599590524,-0.24567838355596733,1.0440958263320343,0.9335283908378551,0.7949508229851507,0.8866279611905469,0.003215822883605085,0.1810980890182981,-0.2185492112161444,-0.05989736690976464,-0.11852291324799821
0.04689143384738596,0.21971491673342602,0.4216602796012727,0.0976650681041105,0.21936775868719063,-0.23042785472990185,0.9675974366338632,1.0300653171186656,0.7642515548669017,0.9383069689529301,-0.16607842549608973,0.31424145537485093,0.014180789499784824,-0.1259908941838216,-0.16753797366949133
0.048937804171836,0.22006756101275027,0.3641258389650043,-0.014288804572898064,0.235062497236755,-0.2421775863635593,0.9998483870160451,0.9410523851055217,0.6902505277651987,0.9259970911401193,-0.17841788436797817,0.35635371939045235,0.09477474213281435,-0.12716292018306488,-0.024183190758515175
0.016433085140194294,0.31728335321439577,0.35173907330862436,0.01081144630268714,0.2987318052538859,-0.1986458443406363,1.004164780773558,0.9872866423129711,0.7061723887515788,0.9454340568352326,-0.03665366182240498,0.24557328995451444,0.11740963641714924,-0.08956049801575988,0.052831765048551346
0.030585179983097944,0.1763404441821655,0.48408132013522936,0.052473719338732294,0.22870278664250376,-0.268649168386188,0.9343848284157417,0.9406270255121034,0.6428376181833244,0.8421473708218039,0.0925064085306676,0.22853549239683912,0.03850833685825554,-0.13851849345148887,-0.03560860842087539
0.0847699914080154,0.18917782711815434,0.33822105764590754,-0.027108817107189265,0.24835325503154684,-0.2194102515637079,1.0993910792165806,0.8815059695351789,0.8020073082469656,0.8994806666818841,-0.011356972901375086,0.16981585673253383,0.06677206830414695,-0.05977104437152255,0.08856833339155554
-0.008983945710516333,0.20737380914573986,0.325329396514603,-0.011978400984999516,0.2612010936130426,-0.20761606063193158,1.0577205509516059,0.9635673152667769,0.7854301040744518,0.8966677767252107,0.19793099170248843,0.1601731216007456,0.038248437297198436,0.10685167311829455,-0.014643467488216301
0.02059403591913642,0.2938944994792022,0.36832796494201037,0.04412866698146918,0.2778376165574734,-0.2297557599323678,1.0445817195138032,0.9069082787004896,0.7482665278888563,0.9496841636285135,0.202695056330445,0.19743204666194256,0.213011277487082,0.1643096238118823,0.08546368499377968
0.013564091260892142,0.29922123609932694,0.4366331018046421,-0.09434779468828498,0.29097372517847525,-0.21981342472989465,1.070766248081792,0.9058829590502112,0.8435065738415122,0.874776925597869,0.19509346852851994,0.01899100789237887,0.0071534300061182055,0.10755235756682165,-0.030125492430109063
0.12222789119167202,0.2278411280212467,0.3666029012248371,-0.009705118934057472,0.3213908936942204,-0.19540917786847103,1.0122343027451908,0.9972457832498529,0.8496072324620556,0.8816532422267476,0.05982955906670928,0.05881303914230971,-0.08489706617531126,0.15701804429343913,-0.03234586165722449
-0.020771706663461093,0.2288128231178751,0.5071349294787657,0.024855552979293465,0.24111822658081253,-0.22257389001239308,0.9600974405547841,0.9470028461750564,0.8998896065000909,0.9336978453068027,0.0975254746061435,0.07840858262096219,-0.04644145466614985,0.15134528396706354,0.019388455332934068
0.002485572015859791,0.24202118401357392,0.4474341626920641,0.0577732220749067,0.29337552222054547,-0.2303726667002986,0.9895536069096194,0.9365713542492253,0.8696934219884818,0.9068147605814344,-0.1631642472448945,0.09128314537511727,-0.04291467154454902,0.11790114673124732,-0.017313443813064808
0.03535835870869657,0.3041859576220173,0.404820681081934,-0.0950645039853449,0.24891960605733257,-0.08964059008278183,1.094655592488574,0.9594869477491037,0.8462436840181924,0.8170482265715051,-0.19083849985526896,-0.0509727817378542,-0.09211051308645053,0.14365484582946808,0.14815776984544127
-0.023414176913300402,0.20762015647109924,0.38419252580832947,0.04595948553777386,0.2875089046115607,-0.0898009645444087,0.9850672757198171,0.8500641047058406,0.8347797176273,0.8738497846844435,-0.1394600891540388,0.06822412137075504,-0.22458151555341205,0.12183683109664818,-0.024100163109075548
-0.014433986631088337,0.2108614643934934,0.368095828241345,0.05332106974261653,0.3048634145488375,-0.18444058123981732,0.9693158196684375,1.0150784942925055,0.8200436119269922,0.8031171157619716,-0.10353382200748122,0.10131008153236037,-0.1374224830508718,0.17055896449208094,-0.07137551639761729
0.06388488435251742,0.23248696872645214,0.41672280805853923,0.030158790004477576,0.29155432833647554,-0.051846771538488406,1.0053026775179055,0.8894003076374716,0.9041231798635229,0.8555669532022081,-0.009721499550749566,0.30975489343839635,-0.16303608418847643,0.14753973764808626,0.0920274288264834
0.08573228214499787,0.28899729035178945,0.4063931414853908,0.015156724358265594,0.2865996129897713,-0.09865700096840281,0.9109044145980739,0.8689567871729288,0.9003952510742452,0.8819743066675185,-0.017895837835378667,0.35930212471776446,-0.38142496297292,0.02510650905098985,0.23292886534621682
0.0541995800914514,0.22731751502087488,0.35179383502420764,-0.022751006869421497,0.309937688796861,-0.06354804315439246,0.9873252569498595,0.8179580075858885,0.9776618194723752,0.8326534031239193,-0.008675860251689697,0.29580378652779427,-0.2604321301800975,-0.0052261600751261975,0.003287255010768486
-0.05857380094719031,0.2590505130899006,0.37671915889595475,-0.04822772000743786,0.25999119427942163,-0.0923736392809151,0.9666058968279386,0.9445922257845281,0.8339035475478488,0.7467355350586714,-0.020866686159031443,0.31582989726576827,-0.2536388217627229,-0.037023527387611034,0.04358641245904238
0.010558666916257224,0.16974775103844847,0.434357588770032,-0.01604532504112821,0.27931171723255327,-0.12116383702131164,0.9079919230261517,0.8106133864359161,0.9649082701815187,0.8139696282412999,-0.1198302853153794,0.39522374347168476,-0.2772248192791622,-0.08448942597149584,0.10399276524299861
0.0924304765609292,0.27775908523201376,0.40134502377575476,-0.005178057774903377,0.27677288594876975,-0.12232250426725202,0.9628252786174059,0.8683901663374926,0.9428169032381004,0.8254790530209948,-0.1448576247325271,0.3708708478324302,-0.13221400683044826,-0.04475037793415444,0.15183499290192629
0.0033896688860059823,0.20402905164862825,0.2812644797999492,0.032838872852358106,0.295531691686481,-0.10875184102213101,0.9768357416256236,0.8356624966967942,0.8993045934005797,0.8214352339815514,-0.015091664018110712,0.4233565577519565,-0.05160254570836831,0.18839941924067877,0.05884541550092916
0.06816195402732672,0.26968688591194695,0.48220326810165504,-0.09887821628809455,0.2706599139725063,-0.10349314663824033,0.9760143887091434,0.9192403072189829,0.815762693439076,0.7259123800350488,0.18911867616334,0.19931051120378188,0.0414987968728206,-0.0319204320139235,0.09816238273620029
0.08658444608577037,0.29730428006453713,0.44889265144151197,-0.009837030111255439,0.3194395836015958,-0.0725347719876009,0.9716154537105189,0.8778810885712923,0.8225101459209783,0.6894615169072984,0.11496442367995059,0.3061992533628952,-0.14201967918723832,-0.0482035348857814,0.24148543139432266
-0.0021298863303756757,0.27772375572835173,0.34062639470815415,-0.013585739873162687,0.33006023739129636,-0.0585853017334165,0.9852646949037818,0.8038222910722287,0.9648957000930888,0.7722142349122982,0.11554798313776735,0.30466836379270174,-0.023801268108918847,-0.09969551273527578,0.2288317952407563
0.09192593614637667,0.2322411901753042,0.37180575361767787,-0.04958189173243312,0.2875439993267687,-0.15060461487190793,1.0183850137189754,0.8447916367816689,0.95489165680368,0.670735372898216,-0.028273928236181453,0.24625571612151212,0.16586095594342898,0.0772725946564838,0.10184096133214718
0.0223070773596505,0.21475735298787524,0.449430153208521,0.043619568307947526,0.2924193448551845,-0.06273681935094912,1.0442393981169706,0.7796619569939235,0.9037689202092025,0.637497712742958,-0.06427663674337358,0.13573120618264545,0.13810444231197486,0.15808875837500852,-0.006641041637368103
0.11882136423408457,0.306855449725225,0.550393835003634,0.048715944955912485,0.20728847741406142,-0.0816626022482225,1.023776917030895,0.7183119413783691,0.9710121244535024,0.6909687020438389,-0.1045983493852895,0.21797334101498328,-0.009694532146551166,0.1449522141459485,-0.03224424722790147
0.0719053523955479,0.26866359112634053,0.3940642590859321,-0.008230158567742868,0.2509343564966071,-0.022442058699489797,0.9380594450825566,0.7032038227674378,0.9169166999044118,0.7744040715543286,-0.05848233040281992,0.31174509434344855,0.05421439650269675,0.16064242163642245,0.2613373756761773
0.05598975689440325,0.2559881533171798,0.4273454493180747,0.05216543818428291,0.26677464933671546,-0.009888082908384565,0.9390698010732274,0.76598180998561,1.0285619233025676,0.682807930290878,-0.1890405258418849,0.25836462123339654,-0.02607339301051243,0.11467812482191422,0.1918713906101097
0.05599314260127656,0.23180295327729675,0.3884617149073418,0.07487217691391286,0.34741081997093204,0.06646233465819978,0.9747210806205361,0.8340658597132306,1.026214453482467,0.6911919220114214,-0.07180330677322073,0.20141326225265885,-0.1667878891669956,0.1427828042426414,0.12178166344291538
0.017267941061069693,0.2835897104436985,0.46813604235456396,0.06540188971909014,0.21725243108482878,-0.03928867345007239,0.9429080498692466,0.7488324479374776,1.015122094894224,0.59803310565706,-0.036474307145340744,0.13460134304687876,-0.05640792659176097,0.19826773212331922,0.1365889650995916
0.07715868441576165,0.2862811585807155,0.3559839507076023,0.09332000372876316,0.22277931322516908,0.039303841857574566,0.9517256973411817,0.7527738511082973,1.046415921680769,0.6026299033585943,0.05171096563218884,0.0691846695785503,0.08130880469097335,0.038454620240157444,0.13512884253201318
0.05430171079831368,0.29955045336433356,0.4319138249266842,0.056948604904353606,0.30469429748928484,0.08548285641502594,0.8763635696337503,0.7094141377825824,1.0023412891322867,0.5452250090377699,0.250484946195343,0.025334668640738807,0.23913666399689548,-0.03945232068745101,-0.0783413411260357
0.037923299851741775,0.23048664214292397,0.48171850265914506,-0.009493689766561793,0.27062726725280434,0.1538089624471974,0.9037640462441308,0.709567505297632,1.0100387760092107,0.599174978198192,0.19848216199064264,0.11134093799679176,0.2711369965708137,-0.0397792829032132,-0.07958355697707076
-0.026368164525913895,0.20658229249747773,0.3019926004037034,0.06091211415125913,0.2243508869422131,-0.0060544560861833935,0.9390074613768248,0.6504453338150428,0.9392260802431416,0.6722105648871163,0.2669241596181312,-0.08500341992127636,0.1652530350195865,-0.17279003238742144,0.09658622128302086
0.007330824522046676,0.2044352603639007,0.4864748875293642,0.016908658496590373,0.27807184077865527,0.07424523605629481,0.8779948089832325,0.641069872570517,1.0006137065897527,0.5422487465588122,0.12692737943297294,0.006973451170828038,0.1766897722766546,-0.28329860543034235,-0.005452099459288248
0.10864812803896326,0.23441173967188808,0.4048157965345863,0.06018058900789964,0.35565982230398613,0.10583126229854851,0.9382545578366556,0.675650810024752,0.9576390747163671,0.6846115611057269,0.1970102585973566,-0.18295284331017067,0.30368756428042765,-0.08895610872284734,-0.016774127632864556
0.01757570273311764,0.27657566081935947,0.35994941879639014,0.07743994178392624,0.3473059956074612,-0.00955945444182748,0.8797921388237052,0.6279715908010245,0.9659325322174881,0.4447238610318296,0.19713285643102374,-0.1136091761607442,0.1693924029500005,-0.31612487364751646,-0.14403556272852733
0.12230699175404895,0.24742023254075812,0.49917448418319055,0.023509401907904223,0.2707814757087852,0.009366589662094499,0.9601504433331413,0.6976943692439697,1.0893989563133721,0.581873298876769,0.010032255364576387,-0.12239345895941789,0.0985499726262743,-0.2735315775303485,-0.05681518583348064
0.016402531349998868,0.3387594746964815,0.47870013912810433,0.06796278505452258,0.4002069348296164,0.054845343245347136,0.8243492969061792,0.6214174224775134,1.0119647993742082,0.5283356425098104,0.0018937402104376218,-0.18145116969816577,0.03626784958130394,-0.2985257784186046,-0.07084527364520322
0.00969778587574855,0.2770149054012339,0.4401928810032356,0.03733240988060635,0.2597023945388475,0.0980209308898905,0.8783485858510661,0.5609100831589192,1.0673445410037676,0.4735586787607715,0.13140825049440452,-0.18481163452087931,0.052269129106808504,-0.39511485709700617,-0.01664308789966178
0.05080682267622831,0.27232491938146003,0.4670996810043347,0.08595994795955421,0.24841462018146054,0.10338194652744465,0.8631105195411943,0.6323231433781749,1.045401939118447,0.46843680110043145,-0.028380894205283835,-0.09682061472074759,0.0785521309179323,-0.31847033813739467,-0.01976984482687314
0.05641090393796279,0.25423176674510956,0.435510715275584,-0.028919954061964084,0.29249048255933924,0.12672120891525807,0.8259690820400535,0.640224821203508,1.0293711414238562,0.5514659315765247,-0.1489921510805618,0.08934148849233388,0.16320800890297438,-0.16246264520672615,-0.07098687058606028
0.14512172416041655,0.2694670207479336,0.4277735821708103,0.025921408471644113,0.35150244059998387,0.12496146195579769,0.8517238370030941,0.6139190961160186,0.9523721874011662,0.42849393909546607,-0.14803535250820504,0.10115419578034275,0.07975133901165979,-0.13588794143044822,0.07777374671120971
0.053132196510989466,0.3034496576829409,0.5615112300174073,0.03797862357153158,0.3732186610199777,0.12290948408751858,0.808612852781494,0.5977570419772779,1.0030008044360914,0.45211401546577906,-0.15599043190986922,-0.13889114354901647,0.15753417958102522,-0.06633563315570193,-0.16283632968022085
0.014437891293472775,0.2517615661978032,0.4254687570371217,0.0047878708381001375,0.4072397108244417,0.1475516730933282,0.7504769267898875,0.4614963382353279,0.9245594829141499,0.46295010804851955,-0.17623454750311754,0.033449715388438606,0.10871332060185596,0.003843396407694953,-0.19200983797154889
0.09271142650429329,0.2771198259860355,0.38874230968437884,0.06250073527992758,0.4092852281485203,0.14218587734227026,0.9149698663265594,0.48416921466032403,1.0509973020796144,0.47180374897676597,-0.18742163259982916,-0.05566407809530889,0.11025717681945656,0.042175635932692246,-0.02283040174683551
0.10748116468808065,0.2682678053018988,0.4400345198490566,0.04420096455482772,0.2302792428885703,0.13425275735487693,0.8735751349867427,0.5436637780200526,1.0201756439880512,0.4620591728858552,-0.021146376978738723,-0.05558474474834586,0.2181456707659428,-0.02675421342325262,0.08120674622562186
0.03985548324914562,0.3009824923838478,0.4461968340048344,-0.028396630837603257,0.3598177162974893,0.11362371355786541,0.7763229657543994,0.6036409350018213,0.9919740249636838,0.44740646551060387,0.036212192057948775,0.03192074736828105,0.25131775912781457,0.17224867247455267,0.010790045504693667
0.01945163288734486,0.32722284525365,0.42481668242784365,-0.003128897741079821,0.2986483861419331,0.16326631585635581,0.7694685958485498,0.5335088545144157,0.9424768324261257,0.4401526334521977,0.11948928056210642,0.14898203757643283,0.2247258832855891,0.09431998755961848,0.024636953683742878
-0.03950979915139641,0.23041115595477146,0.3939866503727582,0.02728184722180548,0.3435741362733553,0.17239890345582407,0.9287870988184127,0.4926764235953455,0.9769185794741687,0.4288130768585951,0.0868492392692453,0.10308451667804094,0.1351676746586123,0.0561055626317358,-0.09800163137294944
0.05021711944187213,0.31992129909292116,0.4609153249987135,0.09056242686613464,0.3178896922323948,0.18277092254327312,0.7946532224194542,0.5085238155480767,1.0148950742127543,0.3699156621437472,0.021233520829046892,0.23709979741080467,-0.013566194004588986,0.14790729956790613,-0.06548068362810873
0.10530544156757496,0.3233483606465463,0.3195884484163579,0.048785459276446896,0.3453746858604865,0.18015664585155303,0.6684105729107095,0.46165419099996335,1.0102924622814267,0.3600761611105249,-0.11038134731309329,0.3680447232473474,-0.02874444622317987,-0.08795046034351273,-0.2088236434255854
0.03195178156310153,0.33329793271314345,0.4399019606624772,-0.02255321163518069,0.356584815672956,0.25116865501458246,0.7869398901993966,0.374137376118439,0.9232047122841429,0.3020054432042474,-0.48171693072910077,0.3954089653614705,0.15964774247712926,0.1465421801827039,-0.2634458559109967
0.10183925502412494,0.31609342655013795,0.4532346535714075,-0.13090408395390388,0.2805653186384684,0.10897405757131454,0.6376014095034566,0.38566227643872075,1.0410275685927792,0.36111029104669057,-0.20507543674643583,0.4721268822779089,0.16821047943878223,0.246160073129158,-0.10134063076404967
0.08442880007712505,0.1617832026822289,0.5577401865904823,0.08343834978089833,0.3242383916514204,0.18518676361023179,0.8355674383816256,0.2993962716135937,0.973443271719812,0.354989236444481,-0.0966258037037244,0.2845282531838256,0.18845393947025074,0.12728501351701121,0.06489859257993323
0.11616561988114421,0.30113370015704066,0.4113998856800237,0.03131065625863124,0.36042973254621113,0.13222807065268083,0.6800806801777773,0.3948915111053051,1.026449241539491,0.37121665875910526,-0.03939909011926429,0.05292771902250715,0.06837091167534691,0.20801404159791226,0.015748182989626467
0.06733863146564513,0.24982738321276235,0.3445091368239662,0.04514771829200284,0.28259699023574647,0.18170073760565056,0.6854900964417608,0.38190108000785566,0.9653324030654219,0.3042171980482756,-0.03133058081106672,-0.06170527643449897,0.04987997861488605,0.016168438310756275,-0.020617467342084826
0.08011290153671842,0.17892517922740073,0.45637134436545856,-0.0336695831891442,0.26909724563248244,0.20114521280190828,0.6479916967249159,0.341629524799657,0.9422761131304439,0.3411587356110626,0.05514063467111886,0.1698281680419891,-0.03651076366267227,0.018971010261230062,-0.01572823973024428
0.12991068820468984,0.2332815585752963,0.43365190681815724,0.04463473803898284,0.3042811957546273,0.2085360885047958,0.6597582133785398,0.39987148285523993,0.9132694837483792,0.20928503346156316,0.08209081766107532,0.08654879383056077,-0.24635422588204328,-0.08352634499762644,0.10762326302947518
0.04540973773199321,0.40111649009347056,0.38458882670572114,0.09207153951330671,0.3891434093356962,0.2024858483971687,0.7294485178722334,0.24448163105488613,0.9734850590275508,0.2805376420168496,0.025351318269441068,0.10371172824357158,-0.22287988902819933,-0.0459917145513212,0.08287817435044614
0.10574573833027992,0.24746881525164388,0.46482081000631015,0.07519706974912349,0.3255767873317994,0.2529365102356863,0.6439640091367683,0.28434985012118297,0.9655425519655415,0.2820491980017174,0.1044134469992816,0.01063090560495969,-0.04071998851016831,0.010916890505787737,0.21285936691875607
0.10559854103977087,0.32733732893531964,0.49446290979605245,0.04298547095123553,0.41129128285189237,0.23982370987270632,0.6255415902686482,0.202048051217794,1.0502576530288932,0.10348233057149024,-0.038018291076742344,-0.18322863176721343,-0.20447247431474208,0.13928155833976205,0.28015301179727403
0.11683149632553039,0.3228848922113412,0.4562649534076544,0.029114884415937667,0.3525669096578523,0.26710222101687386,0.7235439163507134,0.2762834044522801,1.051748818419954,0.2110531073010966,0.011777337907593596,-0.1827918064559278,-0.1639742177412566,-0.08889146492901237,0.20701941555155012
0.08186757163810428,0.26827667807487604,0.45487073319852805,0.13018166360266314,0.28502216270579467,0.22284588551809117,0.5589166662486065,0.196472666668361,0.9292983859312728,0.13401033288408656,-0.10836375942014131,-0.30138480306010795,-0.2187983677121372,-0.002102430255579775,0.13201163130531354
0.11933237550095864,0.2473238247561401,0.45218892316142334,0.12697098498891657,0.2797093771260181,0.23552989269767843,0.6368696029006116,0.22444137680694384,0.9168773368295664,0.1922739123110646,0.11669303021693568,-0.2736760100711059,-0.3900745290970556,0.00507059767781548,0.1765358452350075
-0.025846344888731915,0.24803612761234758,0.49751083375608046,0.03659723285458589,0.4011200704136849,0.34178162618171826,0.5482524930808462,0.2575495820216026,0.9266492952219193,0.1424642287497584,0.03819299776989677,-0.17012611380251533,-0.2523025689303428,-0.03544572280697006,-0.016222363758109967
0.034487053975321647,0.2989905933871728,0.44786382630128607,0.030032968261563635,0.2745425311938795,0.3094301423010267,0.5753211114331221,0.11377517059325344,0.9622078529130056,0.15422421520294655,0.02302698690029691,-0.10246786882757325,-0.2554566309709972,0.1290894486659057,0.04496419645124703
0.08162593952076616,0.2984534214651168,0.4249725220304169,0.001953333786478481,0.3768840668289479,0.22972753889684872,0.5033688678936626,0.13982765383217416,1.0177468703463868,0.21105469151109527,0.016736738874070105,-0.1640074268430175,-0.3320027380803506,-0.056709793931293564,0.00664796253404195
0.11150880849482708,0.26102573245837757,0.4108426602396988,0.01711036436414136,0.36840689408981353,0.36006314521265903,0.5739313814792544,0.06989163576135218,0.9230466975274029,0.06860356967735866,0.020645126761105283,-0.16615123479634597,-0.41584505521972603,0.02030361023244611,0.08319040988066317
0.13164211701756817,0.37035964235122554,0.4444965271744963,0.0027122971636361418,0.31387875660322323,0.24254033170662204,0.5700373612988343,0.21941908093863782,0.9123295264176234,0.03698505000038557,-0.012644952654093725,-0.2727559973297894,-0.3572276739172172,-0.056230060812052916,0.13370385393538675
0.048195359603928914,0.25469256545985314,0.51300494565793,0.042268336925151535,0.3978625189469043,0.30406979660782396,0.5169987444959674,0.056308656579880316,0.9054396784596586,0.12710656008090673,0.21401584694104203,-0.16431492405552678,-0.4359007670928852,0.11842763485421018,0.24620489816330626
0.06458477113872124,0.3368413233214719,0.44346807525100734,0.021508213456082767,0.3690570291563367,0.29671295241437395,0.4718962765591388,0.23167288066806743,0.836046528588153,-0.03131817213654853,0.02286776397741043,-0.11767539369175979,-0.480778483245497,0.002018854125329858,0.18614359451009352
0.028519604934028962,0.1972037859314651,0.5094901559507244,0.0148386261791831,0.3812808294246171,0.4445124333820425,0.4674187413605421,0.0998918679393068,0.8707128239481114,0.0789680368870115,0.08017675907351418,-0.18737369509575913,-0.48415876301604754,0.028830958242265,0.23596055653183437
0.09947178688344602,0.22261750527203691,0.4565211812184982,0.12726373511009453,0.3235478256845495,0.3656397039826562,0.558427984087533,0.10450900334113944,0.8521046897591694,-0.007810441610023991,0.014644820613861208,-0.11765510163607515,-0.39626101462200597,0.09203124084715403,0.08851370768308318
0.10895240981047452,0.3003085130236416,0.4862965488645151,0.08275976377759053,0.345496796217644,0.3806589304739286,0.41462805545747583,0.11129458166165332,0.9972337974299764,-0.11582662605148185,-0.0364264075057812,-0.0544178117424777,-0.3161704205359113,0.09809750199971037,-0.0894160438497818
0.15547303601497736,0.2523027949029121,0.5463773645390138,0.04022969680138978,0.37641540525526623,0.4989411465544913,0.39917146403092185,0.06881699084601013,0.8917613599257123,-0.02973393791563353,0.10746046680886572,-0.03432391411623261,-0.2486006263781382,-0.04968758466353876,-0.14232836601399873
0.09843417999239684,0.23833927633184693,0.43629440848113105,-0.0029874260999037464,0.29104510307014114,0.37311298711526847,0.47039575003687406,0.02821254241635392,0.8820964015189897,-0.10328500516570407,0.08692408969290505,0.02130671320901347,-0.23725596238789737,-0.004146901535949047,-0.05911293794037022
0.08211914892011458,0.22780976082634943,0.40170898425107127,0.06593609052581946,0.4491310094488269,0.4076076673507575,0.5095201059173481,-0.04032222596204227,0.9305604985794506,-0.1336240094530496,-0.01720873109632627,-0.13483819465167415,-0.22412863752247206,0.03786036485577013,-0.13217369150010788
0.1648060803585989,0.31254037795061096,0.4758212203562509,0.07808482187437539,0.22141834798771062,0.4193848310707126,0.40694938694142824,-0.06237739381538254,0.8436440443241233,-0.09613853759308229,-0.11446809563992863,-0.06580650579693807,-0.09624132347234075,0.029227968186943676,0.09999299569325888
0.04695083875946968,0.3391553476907016,0.41836927538473295,0.0870360089009704,0.3874673052128952,0.39994752973317244,0.41755688820924436,-0.02582129649104094,0.8035729795716982,-0.056018684512857235,-0.1818094101528223,-0.026395580459272504,-0.07693292529217238,-0.09901576579301563,-0.0169967167240396
0.06074302037162514,0.19091962330337242,0.48692120653988025,0.1528814203705035,0.35523025715391177,0.3921837847027546,0.38286919615293935,-0.13076020894760118,0.786793579937944,-0.10382464063970787,-0.06846262881717455,0.046478363532454894,-0.015243385013790606,-0.1558916191465466,-0.11505988429783807
0.12962943620502632,0.2523491742334283,0.491859469917013,0.03634263863580488,0.37228873259114453,0.30087618510325487,0.33537798652389783,-0.1687215671362165,0.8794444122979687,-0.13050392805334524,0.157844170363155,0.03133367610317213,0.0030896847485055064,-0.06571103802197742,-0.08547951688214564
0.09732157523524468,0.3090048324226925,0.42107178960195196,0.1408018318304924,0.4576438860927736,0.3537301092442954,0.3050538014320562,-0.09495580692174174,0.8377919970972465,-0.1702889585774029,-0.09906797243254001,0.19501911859469673,0.1299807420963036,-0.04212276838706896,0.010312536307420246
0.12111053510158903,0.3487127862298608,0.40011087209181934,0.06741049505041179,0.44404719840710294,0.4084905335324657,0.2707155365893592,-0.11887679647738505,0.857955933353612,-0.16511772893378482,-0.2895020040545687,0.12074866887396954,0.08132775398103576,-0.029978550818152313,0.05915539463594563
0.1947820972658506,0.32520376481919555,0.4453053789955006,0.01682634363189011,0.4844319140460367,0.47067495129643366,0.30060846559955834,-0.023290468477914397,0.9109027575692784,-0.14455684214775888,-0.050067302028407035,0.06307954098122598,0.12582905034798048,0.1165899488763344,0.08994408540295479
0.05607212780252508,0.2229559750133,0.4124971034081166,0.02700624855704179,0.4080498362277958,0.43049313882796364,0.34175640730111134,-0.1851518097741706,0.7774549852018736,-0.17382097627463255,-0.17876941842948288,0.15623472410212835,-0.03248513429335706,-0.0695485561570231,0.08491951874752694
0.12877568897243918,0.3727897153587526,0.481123584969877,0.07045649096998992,0.38753502353439284,0.5419177175998846,0.2785026324434423,-0.22279390184476286,0.824449552940385,-0.22788849646104192,-0.1747756547431939,0.05055183767754763,-0.0003966847092105978,-0.32218200813858877,0.08107044303834388
0.14296613462657867,0.35622732196480994,0.5243617318889425,0.05503915482548001,0.362394338665438,0.4785216465812012,0.19162437839172686,-0.2046061845486967,0.7691975394867673,-0.26072744190350927,-0.3312038198484575,-0.0435103142442124,-0.032844968474923145,-0.2768549310820743,-0.1403668762159606
0.010334240377603943,0.2861758698972315,0.4791162499499572,0.09079204755086132,0.30883540711338414,0.3934746537995548,0.16452390961390323,-0.14217008491348018,0.8920111149238752,-0.2504767273806041,-0.015262440483939071,-0.08785620717253673,-0.14119859850586025,0.057396308076617,-0.22203669194727188
0.13036816232486922,0.27368618496445,0.4951738027922915,0.056521276211556594,0.47981904836342865,0.5395067635199667,0.2404377292569575,-0.21476621113184666,0.7880118887387071,-0.24905848382010218,-0.04894552541697067,-0.21880416498891117,-0.027153800253849003,0.11820145385537023,0.003522123462203569
0.06689454757088581,0.2665991219728116,0.44299477811263993,0.04834118715332293,0.24528385586661341,0.4512870278377986,0.2221469377107149,-0.23591242783632974,0.7740581845331835,-0.3246334626844022,0.01639160161711491,-0.23845236194329952,-0.0517610007740651,0.00391988015925307,-0.012064449521581979
0.12471099566215803,0.2716784176593125,0.4090702188491512,0.04161209182474948,0.403340512839149,0.43006472406415547,0.14244045743289324,-0.24132631814216698,0.68492943581092,-0.30720069586495935,0.014199291555362398,-0.4782862960950629,0.05603661129070815,-0.2567698469198793,-0.15799411445298941
0.051681941360256695,0.20797219456534677,0.4526684082804959,0.05253283160594282,0.36299130537882507,0.4300955270741741,0.2681450577296446,-0.2586898654149069,0.7409919510018822,-0.318777965694772,0.10037056441007952,-0.4614001597513975,-0.0006650346352624001,-0.14889408595019366,-0.09196511477500335
0.062470396553243,0.35046757464277944,0.5290401447873363,0.09843674779284618,0.26988441584250233,0.3971190519028437,0.1758386716420825,-0.1956548532764727,0.7479717276485662,-0.2932140934766758,0.06669138004738434,-0.31245785823261585,-0.11530333885667905,0.017101126626030985,-0.17700546369915585
0.03519976063010541,0.2830797237973585,0.4667290074471654,0.06786023077557105,0.40222823210201014,0.44311006032023964,0.17126626622978192,-0.3075517229310401,0.7491254453942912,-0.3106354018007027,0.09049949706768794,-0.1338383347670497,0.028944226996592853,-0.10065775647364254,-0.10723990564013908
0.09551346656873962,0.38532867607075927,0.43840702619192723,0.12913458464825367,0.40221674646449534,0.42097581193289246,0.129924769669408,-0.2405393366616651,0.7609743886607592,-0.36995400528400574,0.08118465735660775,-0.341281615569122,0.006125435701097758,-0.23093220340726395,-0.15522838740981432
0.08299143176178642,0.2615995836616172,0.6048884505273762,0.0947282815215951,0.4812498330476521,0.5331621366142844,0.14959924047706427,-0.41332133012235384,0.6412800661554877,-0.3167869843646674,-0.14877227292695044,-0.21307897015901733,-0.0030268289655362313,-0.0475315080088341,-0.04299077328408631
0.14707615288696188,0.24733296414484793,0.5669711191506459,0.029214574725100834,0.3780260493311868,0.5259627386997495,0.0805139695951213,-0.3896699550033039,0.7099737567678367,-0.38166277027689843,-0.08603400571635754,-0.23040561285155162,0.010105188836246153,0.021761001708116914,0.1896532319284037
0.11273683469063225,0.31735879246952886,0.5206352906151928,0.05008758389868249,0.36393931140382413,0.5275921369863928,0.1298010125759297,-0.3687982937580727,0.6980783271765163,-0.32318642741551423,0.00034963083408119655,-0.2712535833023984,-0.04875399470344693,0.05481097165539753,0.2815541993612246
0.13782636914461957,0.34127355539726784,0.5327181304879386,0.03866211790246172,0.29820243421871145,0.5281003074214379,0.03531485915712701,-0.412622562670185,0.6939056856627738,-0.4521592142269098,-0.1054619885963719,-0.24989480316066093,-0.08537145155044742,0.009433143373298987,0.06906708474566534
0.17009725237610185,0.3826525204655515,0.46950825770130455,0.06928383083312604,0.38021839297759624,0.5244937693763191,0.1451042296647692,-0.372095843894391,0.6625554344303438,-0.4323228019515818,0.03610056336913996,-0.29603538247419026,-0.049264271727454685,0.10469727087130203,0.0250363021594674
0.08220108086415988,0.2911605380498944,0.4630818817255615,-0.038583342703298495,0.3948821606804914,0.5218288875677691,-0.0028170986345446014,-0.42556094981122455,0.619172987974147,-0.4613146108707222,0.17078862900952108,-0.20446706159499442,0.08369611940761071,0.03289988992591241,0.028539671005278405
0.04742820640988227,0.37969090498053715,0.44378786881138477,0.05401933922744574,0.3795103980649724,0.6111288148312114,0.05340680014743862,-0.426986167120443,0.6069411081793897,-0.5106165459230109,0.264357936132393,-0.21958571504735308,0.15296631409221995,-0.1470499226870223,-0.0184940202021686
0.08142442664678008,0.343370962810894,0.5216942604879675,0.09539538690094186,0.4149765017195915,0.5130461557000512,0.0205990369938705,-0.3705057085586312,0.649330861073245,-0.5158986670948753,0.26105559776857845,-0.2492890043747149,0.02013754481456012,0.012256498820611444,-0.01217714836705846
0.03845872816198026,0.338436948583144,0.4745155704716395,0.046681057389537706,0.3215894321402667,0.5645953753215196,-0.08831105992423675,-0.5053442323044706,0.5934586224440094,-0.5237766531980206,0.23840031759405905,-0.16392038939227868,-0.09706385178512852,-0.0915773640186811,-0.006567169982504855
0.128495110399724,0.26498628262370993,0.49907168516317907,0.10655738800007238,0.42304936258164805,0.6283315119970914,0.013732682104015709,-0.5533712886524977,0.4991821806960669,-0.5366354939468886,0.12328718398533187,-0.146938828359752,-0.01559992458256819,0.03652823994872207,0.032065729880531295
0.15001730830027007,0.34834058795687367,0.44027580134779537,-0.016570784461776067,0.45481126299197044,0.6551764823051353,0.007095857712095678,-0.4209799859396771,0.5751573776756798,-0.5707795881054399,-0.006692016527516317,0.04599892621707628,-0.07873180213481303,-0.03336770177771098,0.15001967481608766
0.09562145418872452,0.32494946914800527,0.5339044277221489,0.1686379721535445,0.4695862015992709,0.6495653554123422,-0.04407600311913929,-0.5423487114174902,0.5871722077687084,-0.5161228881170585,-0.07555228743227746,0.11798179085774266,-0.062396152241207335,-0.10239061035182509,-0.12211970671137579
0.08504745028772424,0.3244987225768811,0.5175129117360967,-0.039856239538355834,0.4138581479129742,0.6003639462775003,-0.021297768178206077,-0.5307828232064735,0.5220374266666792,-0.5436968129122352,-0.17903525173155083,0.04058022261618277,-0.07133938517445329,0.025171772762500225,-0.10606675142759628
0.1767094868648149,0.321600702646029,0.5561800964668161,0.04249517175261942,0.45519951656875246,0.5902485945152701,-0.10839761755479237,-0.5519790660096969,0.5969053976679358,-0.5920764130174465,-0.20330496103610718,-0.03878613368746724,-0.10220000918402872,-0.050553891996023795,-0.015604122993163834
0.06526340636980585,0.3807055868956808,0.5715774360923832,0.03837644929338989,0.44352469507493153,0.6076833776146497,-0.07299114519169503,-0.5520556568515,0.6118049560956829,-0.5335176889556985,-0.2306239963347002,0.017643986150366282,-0.08390432031394751,-0.12945309266563043,0.06622810050617017
0.07027258357873357,0.36592511742953365,0.4595726471160212,0.1362966891052775,0.34489551076886543,0.6181306890749171,-0.14739036277180598,-0.6131388526400365,0.5057405140480602,-0.616609600413888,-0.0628712394767792,0.10639265714584716,0.04598073595771256,-0.01361116121806169,-0.09100580380461837
0.1611663484956724,0.3128036499051836,0.47510504349203203,0.06592983843753604,0.40585667031193223,0.6081469671752533,-0.27930128536937626,-0.6531754900331486,0.43173926374027655,-0.5053970926400249,0.03846314859348993,0.1602278802976415,0.08599982310451348,-0.05105616386928534,-0.05001968991768904
0.18433385805602373,0.34738659266749755,0.5040137855242988,0.042263544328818126,0.4569318234159809,0.5945579907194584,-0.19761142197991102,-0.5355732326631608,0.4310731272230115,-0.5717035704793764,0.19971792656849285,0.3687555797116896,-0.07570944704711499,0.0435073740793441,-0.09880103978835544
0.0962606577517621,0.3370604768673477,0.4478982830216632,-0.039258744176709576,0.38868546284711764,0.6451074898095724,-0.16529127094899518,-0.6114809919775446,0.588251840362923,-0.5806634220132232,0.07615295231281008,0.39673321930817207,-0.13721018768727936,-0.046195380915212594,-0.23427268513283506
0.16738710627182962,0.2878700298328404,0.5298297391428943,0.10055219012898348,0.4121252666705071,0.6405105183936571,-0.25200578089056386,-0.6054798893811505,0.5482827430967957,-0.6891001746133266,0.055709749394985235,0.3306704846172208,0.06162065917830385,-0.06805046310486407,-0.15345005489375202
0.10339870498871875,0.36589919934053544,0.4526768742412947,-0.02414564727014737,0.4088007979529556,0.6418967907778333,-0.27911774915528753,-0.7037380642545781,0.37934244549167545,-0.6020686168654054,0.12751148993887051,0.19752923112146084,0.08691749459724214,0.03811789108936787,-0.1918494324172534
0.0743603808988646,0.32089841132958824,0.5594539749832338,0.1190913607173574,0.42830599894832,0.695543980316365,-0.19708387399173102,-0.6757683489645192,0.37187892585826204,-0.6032872682481004,0.2556846334236173,0.046436761644112146,-0.007188084348099491,-0.01495873033474577,-0.05103175138928431
0.14817911940769082,0.3228315330445673,0.5260147143214396,0.09812152471861753,0.3598424997762061,0.7072515322632804,-0.25991673981318414,-0.6832790218329136,0.33192159562131096,-0.6824850873438267,0.19211367912566857,0.1743479524247824,-0.14042961750677796,-0.07476066212097476,0.08475479000817074
0.17980690906128505,0.3696172626601026,0.4434314440726931,0.17951955036020084,0.43680531386067,0.7252288754160034,-0.3495928335974071,-0.7354181032748894,0.34384360128064284,-0.6432402934857065,0.13347377823593817,0.10220435387763553,-0.409036770101597,-0.09260117143411759,0.11900706859041413
0.11411986606093164,0.3227749799108277,0.5622083244940795,0.10717071377145224,0.45277182859777865,0.6478030965083627,-0.2637068895581323,-0.642782351028127,0.23543199663779965,-0.7038854795849109,0.10424980289302588,0.14597534426975986,-0.3727848732996792,0.05195133812522077,0.10244482386847942
0.14538496041812085,0.28906490845680816,0.5892579905500597,0.13328700380829903,0.42401359948905304,0.6890244129099188,-0.3235083713223969,-0.6709233192970527,0.3936520156430992,-0.6777128314369303,0.21763664226677443,0.059846129579766115,-0.3844799837936188,0.04344520441627217,0.025608501463984516
0.08363541941391617,0.3998024004871483,0.5130657717187256,0.061069547065538014,0.3619459606206997,0.6955826892712084,-0.25992699251822204,-0.6964736067676605,0.37707028708036366,-0.7200627141714064,0.1270669163005835,0.004632011249131533,-0.3899599191268281,0.14587814010832822,0.013582549898530229
0.18869239917932962,0.3865055722371677,0.519090180662182,0.09395071168209389,0.44854758253748417,0.5914532946666176,-0.3169951657638236,-0.6591090214329175,0.3211497694365769,-0.7185708544449154,-0.0009157144774366854,-0.012747262334157773,-0.4452204910833121,0.14188983589520526,0.07078065961931584
0.17423187147103095,0.28340965426241743,0.5809476125533967,0.11586086368535209,0.46925922552137855,0.5990126505024561,-0.3303380200027955,-0.8162929956452081,0.3177696626949287,-0.7236765451538519,0.04702291220311819,0.0648749767228742,-0.2714240916809164,0.25535804128715855,0.08377746850306275
0.16055848563949207,0.289153148780463,0.4753869880826984,0.10675986255949714,0.5119766105467587,0.5869613016148709,-0.3162459327838162,-0.7253506163588207,0.3681585194449526,-0.8575383056152319,0.06510334253855732,0.12655860786122392,-0.40996998895414594,0.21391199465336674,-0.017059979482401115
0.1030590759219546,0.38964207661643757,0.507453089383961,0.08455675915554531,0.36473288837503537,0.6756281150165595,-0.3883642490483722,-0.8032203549287245,0.18665253534930787,-0.8376224924340203,0.08160099658913074,0.1380864487120888,-0.37592160309105277,0.1690998230955066,-0.041631528007111236
0.09181682326398777,0.36840946905583727,0.5059252495463197,0.04846493539097701,0.4738716835941905,0.6747985952393101,-0.41799427750924545,-0.7610731699267486,0.21429890810360558,-0.8114253475196903,-0.14054173680128437,0.14640156580145705,-0.15514447005521537,0.22004926462328586,0.08881343001211747
0.08429066963968165,0.3197656559417833,0.6488121406344319,0.08011093322425783,0.4864905594349684,0.6706211037060743,-0.46884325202537674,-0.7695211913857462,0.3041604656454599,-0.8302860729416945,-0.22594668324192696,0.04770329988964102,-0.07274446560930747,0.2375128266848902,0.04012843878376037
0.06883274333497372,0.41336594831765827,0.584114749225821,0.0749757840466045,0.47312327150421873,0.696563900930124,-0.4668963096284444,-0.792140921940258,0.23342649418300288,-0.7787052621697959,-0.14938799723122664,0.0867258621060814,-0.14900340699456577,0.1946962498573231,0.03079415469302308
0.18583131748228102,0.3273297743758816,0.49664330660292944,0.09437181040191107,0.49776611494352446,0.7526988596804975,-0.36178642441088693,-0.71090597256964,0.2806920474407103,-0.7778454556583663,-0.22761118718496368,0.07867219593099632,-0.09652687375699488,0.29505533003791984,0.11943153567509619
0.1795852338959217,0.3495596009691952,0.5726273783804013,0.17805851689399044,0.36825055218121217,0.800484289669339,-0.46509986469284725,-0.8435268956533183,0.27723256250669015,-0.8937724720955978,-0.11468989362980178,0.09544856120765452,-0.043294574653753505,0.007792214304569278,0.012453671386926685
0.14168058557200156,0.4726236102147179,0.48757727789314254,0.09182158472017479,0.4552655331811103,0.7405543973956555,-0.5622380344096075,-0.9131504873726219,0.09784172804987273,-0.8140590402985265,-0.08621246464253662,0.006458842109765411,0.18516574762182328,0.19925918447591856,-0.18152538076023617
0.10252777825519527,0.3497556262594719,0.5381894394829869,0.14305796174914545,0.33608978178740456,0.696623602621377,-0.4741578131194579,-0.9364755501025739,0.1738075136865524,-0.7866003940529657,-0.21552735125408967,0.06874842069238604,0.21386468837079883,0.12340322923976794,-0.10310708639500914
0.1083354925533121,0.2747949596102228,0.57655186137028,0.04566114475440328,0.4805650352176918,0.8320818209845005,-0.5260858189307611,-0.8165274041578073,0.13301197009278215,-0.8690912563039329,-0.18341890820123127,0.20518667195061993,0.015813281686515884,0.12057983118153329,-0.19354720875702114
0.08722558688361956,0.3744545211362965,0.6149462631173439,-0.0039766734619898075,0.39402261662033433,0.8080430542011431,-0.4555723696171217,-0.8589382589426238,0.1443651152138708,-0.7541229160660318,-0.07664186503042136,0.2046256651041465,-0.08065975789103196,0.05568641381322291,-0.06802419632247422
0.1363827524156466,0.26185366379204816,0.5340107526112696,0.17936517631574886,0.47476005189922954,0.8028720492237036,-0.5168923559144237,-0.782841343612752,0.11186246335263553,-0.949052343560453,0.03197774208435884,0.22885660662117957,-0.18669899689371772,0.030179891641941778,0.013437053005864792
0.11307631000280906,0.30339403723701697,0.510935113198078,0.11000388563567684,0.43111552295330174,0.736244899122875,-0.5150033713775146,-0.8608590983159368,0.11129001062096587,-0.8333463672795373,0.03412150981229754,0.10119853353099983,-0.21547850340749178,-0.010381938555120238,0.097663985903608
0.11883839270797922,0.3975456662057634,0.5841304915971067,0.09883453462330469,0.4347320143359404,0.7342525254981956,-0.5192170875581692,-0.8919104640966078,0.10323616485719689,-0.8882169256147144,0.009373387869834937,-0.010462987936153023,-0.24498669677026044,-0.013634674920617446,0.08894751991711637
0.1739682717736737,0.3511757147804013,0.5628712943939995,0.15663387007628,0.5109945425252236,0.7554259114294556,-0.5439415923502205,-0.8599136508903317,0.10390926989713499,-0.7857619063494306,-0.0002166161276240747,-0.010857992795081433,-0.24724382069048226,-0.052030673042383714,0.23498470832063695
0.0806572870987736,0.34316178050752877,0.4835537363632927,0.14628687074612867,0.45658739812432636,0.7816015742627462,-0.5303183480732379,-0.8396582448255269,0.04317906386016962,-0.9005989231338312,0.08556406695533603,-0.0010417381798494534,-0.25199726496872066,-0.1097578866649247,0.3173705646475299
0.10498430436191249,0.3278028781470538,0.53610930557077,0.12007657884944747,0.44897527767714124,0.6734687826790249,-0.608682755676442,-0.8612790329663995,0.051663641570203804,-0.8957912264214742,-0.08625680739952189,0.07306706239125706,-0.31617764059525577,-0.15542026104642634,0.19495664459756123
0.13730057607870977,0.4520962505710293,0.5696544627763714,0.06403763587010576,0.45561408998188313,0.7838911592369318,-0.6752120675359011,-0.9804804894702227,0.063590994456206,-1.007739818599466,-0.04333825895670464,0.10426733985174336,-0.12821201335870006,-0.20357744735492472,-0.035361977973951214
0.15936859068082437,0.4067713966240737,0.48618252078091273,0.1183814721268807,0.43552450908239027,0.8309009851253922,-0.6166725789000255,-0.9405927972624525,0.07952625479269704,-0.9677060195712501,0.06360650768431472,0.17016169980846835,-0.006417991348319815,-0.048605195418219824,-0.13107519326475764
0.14217952214454335,0.30024484930124623,0.5144188568071332,0.02894973499032967,0.444790732183677,0.8057855800596556,-0.6210249233237238,-0.880797314544312,-0.023579808050540177,-0.9943326519177661,-0.05514131218105484,-0.0970125937182007,0.0014522311792129032,-0.0570032036746777,-0.13019587836510432
0.09570877178138076,0.3217316498098251,0.5351518673578153,0.11999985093292358,0.4653185673850162,0.7764777897641273,-0.6851196950080154,-1.0118333946475064,0.06665957909120912,-0.8693002261125101,0.04995077003412403,0.02916964499866323,-0.024845487922128838,0.18982165326833927,-0.06837105941509483
0.04878814386314308,0.35142858446447234,0.5467348034414703,0.076691681003554,0.379935397140568,0.7974530366789344,-0.7282106363799205,-0.9675736578611331,-0.029415981170782472,-0.9577971365424793,-0.09334444491002555,0.08621856530715023,0.049687679513341465,0.199551210514606,0.017598726697777775
0.055965921267886104,0.3610992771086622,0.5885811465567398,0.12859242687506595,0.5418307305175273,0.9082857846699863,-0.5602728315656453,-0.9934798390212836,-0.03719851560656904,-0.7993971281708795,-0.009355903966150714,0.13791096310208603,0.09221271113976008,0.23914287197144896,-0.1761760060160629
0.07839282147492044,0.3493280812965418,0.4742090526164191,0.07798431228784794,0.5339194489361794,0.7581459882797061,-0.7057865880018953,-0.9140732543432781,-0.031868400454637964,-0.9388410954723112,0.13561895995811027,0.0960057211485848,0.05291663759819312,0.07564016321098964,-0.17783730989167879
0.07270972993103053,0.3011010424747361,0.6178097131092362,0.15183073069703157,0.48006386457673234,0.7991488167758163,-0.575338655192207,-1.0038403161209428,-0.1272509781676477,-0.8860173583056321,0.11705760289851781,0.03282253158156448,0.004259455880514615,0.007465589826887831,-0.06691041613054122
0.10986082227268235,0.43246675621192143,0.5684084823087048,0.16809486117798145,0.4128982227544261,0.7953005748116254,-0.6967087078214933,-1.0365356989273282,-0.09853137792376132,-0.8620878355728786,-0.004914994499665315,0.033278426427233915,0.0608318132527004,-0.03403985934545956,-0.007903635747526734
0.17174227868490732,0.2646001973458797,0.5234305071645048,0.18423247574486384,0.40331812354472363,0.8523546897601655,-0.7410844174353527,-0.9175031098276436,-0.12279680728541269,-1.0057708369667633,0.10702136552800122,0.1570823883156245,-0.0654189426417873,-0.0015969379987522785,-0.10017632657024958
0.19250608527687824,0.40610956628197686,0.48241266069815786,0.15524699139142104,0.45878771458661055,0.9717028963890445,-0.6052044447893445,-0.9185699962503459,-0.07233391396155356,-0.8714990391963428,-0.04768419899399505,0.06836274464482303,-0.043847712470655546,-0.06401376075300343,-0.01041104828986334
0.137166263445779,0.4178764397678895,0.5225438378694144,0.15767914490773016,0.5324376774497419,0.8392475065245139,-0.7191323066848145,-1.0183798198460527,-0.1510112388563112,-0.9438503517655462,-0.12831043151436644,-0.034611870421585623,0.027086723544989283,-0.07393861105108393,-0.04261072815054363
0.0944789720763233,0.35571599425970196,0.5793828772947451,0.1422782901864444,0.5030233386608571,0.7617143357388527,-0.7228177502876757,-1.0169913932310908,-0.0873373581112018,-0.8722037113809902,-0.0465844349705087,-0.2505443972389056,0.07101962801542025,0.012270955084809416,-0.07385385972482868
0.0853302393169214,0.34089761245675626,0.5438448802818624,0.14053794461324673,0.38414960321362385,0.8065155644843952,-0.6809650612578976,-0.9703806375161917,-0.13249971697002413,-0.9924426573899395,-0.16994881253676253,-0.3236200668162415,0.1679126754422962,0.01237648198981722,-0.05546406911395737
0.1035601859692257,0.3575800180083931,0.5935915566997487,0.059343201938999085,0.44302759774387496,0.8646220339956047,-0.673896779612205,-0.969105802649255,-0.15117058397510055,-1.0177041987649473,-0.15794287834247678,-0.12799230529396635,0.26980546032698244,0.175392257257099,-0.11262376298630425
0.11220428630559556,0.29280449381533236,0.5468801181797366,0.10182851286008618,0.4701521237159647,0.848621153306105,-0.7925197486600642,-0.9367870174748131,-0.13319573596158243,-0.9247778213645701,-0.020432286825578544,-0.053713246507054856,0.27675887577826147,-0.051638007293767316,-0.22769031143200708
0.1494350505386566,0.3541276841066694,0.5646413946998259,0.06016224513459452,0.5595698167639742,0.9001513685530206,-0.7114863725196116,-1.0208765173737886,-0.24889921851646118,-0.9657112524632184,-0.11059971685485907,0.14997562590931435,0.405810991991999,-0.11345077690362157,-0.22598553166670482
0.25107421777917294,0.2841770126293344,0.4842653802743243,0.15344923769151808,0.5095313825079192,0.800282401394028,-0.8046849517646023,-0.8890287305281787,-0.13267218264337102,-0.9926472310616814,0.01427406938407541,-0.07831410602196541,0.43833000699367924,-0.25140288607644506,-0.1455382711553484
0.06085958014392831,0.26790961833948845,0.5671037723270915,0.06568456212742416,0.4533555268845284,0.8905632207973903,-0.8532278683156329,-1.004905522095827,-0.21685120347481443,-1.0121664691281584,-0.08082093742488931,-0.07233186064680075,0.38133868940161464,-0.06674125646222843,-0.06944299333604721
0.022454507926130796,0.4593803090130333,0.5129615766216026,0.19978109382171216,0.4913566650956267,0.9597587088145436,-0.7587493358398388,-0.9960615119344348,-0.1729192691550135,-1.001523069018895,-0.0271258339497209,-0.06877137912560691,0.2639263361593332,-0.22979725031060447,0.03544593120369945
0.13843341639440498,0.322307878219712,0.5626300885739559,0.17786159728503081,0.4043699798646292,0.8624620018006519,-0.8437442108581676,-0.8973793044787769,-0.2793637037542124,-0.9183748999104603,-0.04727191789576335,0.08911648525409116,0.2836441699619183,-0.06818786651120813,-0.013223420917148218
0.17676952596814768,0.3185553438869537,0.554165193162142,0.15736455323693735,0.40666698775173676,0.9258451327713229,-0.8796849084306072,-1.0081146690152922,-0.26569246575313665,-0.9662682764620989,-0.04714330885738766,0.2258334093602028,0.4187385840849677,0.07881194407565974,0.07254008527369603
0.19686865381129973,0.2947975401720784,0.5821040153333129,0.06120643778482672,0.5418144120700714,0.8581259202121664,-0.8618206092939741,-0.9928370058689487,-0.3501775853951284,-1.0763288962137276,-0.09452308671148497,0.4064935875873331,0.2834980639824455,0.0775992857052688,-0.11585535460653124
0.18699116001758878,0.2916805993816147,0.5040334959882191,0.12525688182099765,0.4749789000282757,0.8444849741117714,-0.857710071832784,-1.0106717679964132,-0.2927073068166623,-0.989580935440092,0.05151012050107058,0.20335838667029218,0.13579553761464197,-0.08773567450367753,-0.07472742083015849
0.1476139085839721,0.31092962340077684,0.5543156439034552,0.15021033900495462,0.5093535410871284,0.8602093311060051,-0.9203363205076905,-0.9238019592674125,-0.2836022938724107,-1.0974190060305595,0.07558429343472506,0.22019637564526595,0.12788952640570259,0.01914160362420598,-0.050730448714333506
0.1084296231522352,0.33374403051913715,0.5934262039675384,0.15873016814609028,0.5010466431536198,0.940535633622691,-0.8762180654126015,-1.0275602606764958,-0.30937555179358006,-1.0033672551076998,-0.045131090270726267,0.22997945654382432,-0.007828986245084588,-0.03770575412608824,0.034361588013418945
0.2263638891390129,0.3393537058919791,0.5799412251115298,0.11227230596603464,0.44338403900261414,0.9192016629156026,-0.9305467329317253,-1.0538634490867538,-0.387301666496262,-1.0256963749504069,-0.13047211279143156,0.2847401803787741,-0.05434307957454732,0.040340103730033355,0.15772541538782536
0.15147584812877485,0.3574625135505525,0.645009613631667,0.1353421950863865,0.5332822552192792,0.9738596036368254,-0.9624017997097224,-1.0183983043830325,-0.27613065053429764,-0.9650270646243426,-0.12310028021507553,0.2300909739386148,0.05734580117317327,0.16374242306517311,-0.004159242737584834
0.1470198610003822,0.38241153793050114,0.4739232900284149,0.08254456188656553,0.6126034304687609,0.9693682930064473,-0.9341017343598041,-0.9522880012829826,-0.33534078897549413,-1.0557762199496155,-0.16007650511231505,0.08031062616674206,0.12864368687951683,0.1629506263269372,0.1167639310780744
0.17255477625717114,0.35550770594316905,0.5309128059657164,0.1350966832883376,0.5016264768533935,1.0445436765180367,-0.983838306623795,-0.9645088760968643,-0.40756824270248254,-1.0324731294991816,-0.04069918784884399,-0.17112644472399474,0.11096048406834635,0.18514625974522517,0.012912381713177809
0.2166248686658982,0.3393811072859871,0.6230534808292645,0.07856202186595987,0.4500931220850226,0.9273527771662178,-1.0028478037569206,-0.9791237959422542,-0.3956818608111332,-0.8925286193191856,0.01709532608374896,-0.11473169398168544,0.37808487364228416,0.16329632938184843,0.043894143291211045
0.14471615428015697,0.37712129796853927,0.5003848218756953,0.1715619889915223,0.4609342711505606,0.8945823764550882,-0.8657930212365841,-0.9921852017264684,-0.44249892638505345,-0.9719048350336603,0.039596264510091385,0.041367720113400855,0.3166594040741315,0.2607131015982074,-0.11830016195678503
0.14032233936240673,0.35735433959571206,0.5072404984909993,0.18599602885418032,0.45996729616284765,0.9551779769628836,-0.9536496313795183,-1.0144115609963789,-0.5140383186690747,-1.0099683514128048,-0.1411033672206412,-0.021683721339103124,0.4354729966869716,0.26414423301311996,0.048727983282361706
0.22511542538460372,0.3324178533594393,0.5797510972564662,0.1318093573910553,0.5923548827548337,1.0158160077490745,-0.9111581280638228,-0.9955228693364004,-0.5095266866693886,-1.0717989939224515,-0.23823883990000397,0.07030348974132702,0.3697347629294335,0.1239426715233351,-0.10223773443879902
0.1584922881615742,0.36405593495551264,0.5449510125973963,0.16614479989020808,0.4906862516627288,0.9718241585520089,-0.9611497364159052,-0.932535510756276,-0.42862906157563985,-1.0218411397266336,-0.009277759531682278,0.13173364178478275,0.4223720117321123,0.07664182617688342,-0.15176821209428548
0.08429496308817529,0.3126779987337483,0.5896395996469622,0.16343088335488515,0.5544932490880751,0.886567966694336,-0.9293557403333689,-0.950947425546865,-0.46883590612804493,-1.0559247046131826,-0.09256575659960382,0.1896480770244795,0.33873139551723086,0.0840056611659081,-0.24321769885731404
0.1331319965560168,0.4397318035258081,0.5891252541391001,0.08619550975428003,0.5663916649042535,0.8400914891519864,-0.970763736688092,-0.949154209782433,-0.4749157141292673,-1.009234446627993,-0.10436277583206804,0.0520206643008551,0.2833379524254906,0.08414788873345636,-0.10235228622109017
0.17519242402735272,0.4205178148789558,0.5690704041987675,0.13467651464063823,0.5176123093734225,0.8472464292811507,-0.9223062070775686,-1.015240911866288,-0.4966206988758647,-1.0598218905451886,-0.07937280121791011,-0.051088061838548804,0.47068739203020404,0.1310990055415543,-0.10809932728089544
0.2425890621346389,0.4844884129154583,0.6125663558399267,0.15534191127248032,0.5444888111058155,0.9506257382312859,-0.967674596841703,-0.947331373405549,-0.5738131890583351,-0.9516607628676315,0.07273588777712565,-0.10733668953155047,0.4806318302271955,0.19382519671088752,-0.020850041564549622
0.1838042176195395,0.4132733808168802,0.5190927192559155,0.19543470683640987,0.5308756622922757,0.9001321064841623,-1.0089397384280256,-0.9580955005431842,-0.5678970447885643,-0.9771121982172619,-0.02279599774550918,-0.10555633324846486,0.3297970345149855,-0.01877823640853768,0.1020696818989651
0.17922685480741335,0.46637744498143446,0.5835148676817405,0.16091309540198573,0.4626152826740008,0.9356970209804935,-1.0255267057884239,-0.9242684338684872,-0.5685941016766887,-0.9320079274646116,-0.12358537489413264,-0.03657871477931638,0.24233179993330728,0.025272708085987472,0.04547343877630497
0.23330515251542325,0.40203378899904074,0.6053412818402253,0.05868667706966803,0.5776127790112024,0.96253405721962,-0.8771508916967106,-0.9599075881283307,-0.48132674657124325,-0.9407192887491082,-0.1730328670118526,-0.0855898738516021,0.18120730072913613,-0.10979695407396635,-0.13944072744127123
0.15884315356777545,0.42073404427705313,0.5997550137885501,0.16763913879043507,0.5739328810332182,0.9395748423853231,-0.9692099546488541,-0.950591818677296,-0.605389328289269,-0.9536420918988293,-0.21227054184402833,-0.09252051406445026,0.15417541757998526,0.07264658520389834,-0.15191888944836907
0.20690089672351492,0.41819379684483926,0.6563075201787533,0.14901983668360402,0.4605519917914101,0.9056713914786735,-0.9526585887123793,-0.9346632354007027,-0.5918467795474166,-0.899949999984001,-0.16591583634722454,-0.23873446446193203,0.2031854169549946,-0.00726043870972283,-0.0027271958739095437
0.23470459899335835,0.5108625081889285,0.5859447120520134,0.1983967548772321,0.49507232272396695,1.0277687553934782,-0.9572315654930027,-0.8708920958893089,-0.5921261459861004,-0.9394351121060998,-0.20169326861008768,-0.1282307645256912,0.04769901268710608,0.14619861769902337,-0.05526314259885498
0.17179593475430915,0.3311109699699213,0.642872303533999,0.16753691202912702,0.512196288284335,0.9372896067429204,-0.9847054279506519,-0.954665585121732,-0.6169964166404226,-0.9847221313145547,-0.10213155294068826,-0.15273151479421215,0.1109540428002353,0.11253586548207617,-0.052108927754396656
0.141962677798958,0.36585169920991867,0.5660433756214995,0.2179075960575797,0.6293743300143481,0.9046851798225904,-1.067697175113513,-1.0204593633155232,-0.5368411120230625,-0.9668705559107401,-0.22086865667757785,-0.22712227583660008,0.20256247930910976,0.1444573228993773,-0.017524378891049727
0.11739406824247989,0.3998688662571751,0.6408716180577978,0.10358602279913084,0.552699627710395,0.8682065705870192,-1.0087787308707972,-0.9223189919624608,-0.6332904503474295,-0.9560854811545636,-0.141964701786378,-0.17875442193326216,0.1544598130090563,0.189459443771477,0.260487981291665
0.22190034716265863,0.40434566579758313,0.6253801329791834,0.165635710379038,0.4546105863182329,0.9430246064044592,-0.9889756113828017,-0.9435406565478682,-0.7031473502183775,-1.0311212388526014,0.017582549643880382,-0.20548493034822835,0.24979833973182275,-0.03133882448414069,0.312946386120308
0.1897420780442751,0.39808725379948934,0.6950486222825316,0.14495818023027143,0.5107174102665439,0.9508147320552534,-0.9725009683481493,-0.9037182269284775,-0.6861924170811159,-0.9422354132747259,-0.049000428621522915,-0.15683958576317053,0.354254695074929,-0.0029452516008237374,0.1665511907353932
0.18424779869968605,0.3107515205177025,0.6391332760486621,0.11019733262406486,0.5076350752178546,0.9989058291746689,-0.9666388857953715,-0.7847822864805816,-0.600372643131436,-0.8610284611242447,-0.09233356119160939,-0.1742191944631098,0.2876402806032712,-0.1431234573997983,0.12648180191548222
0.20577824239000703,0.35616818935663763,0.657190895716147,0.183821733489372,0.6010172552992114,0.9317433579653562,-1.063660470051516,-0.8693427222795913,-0.7484867835426794,-0.8892022522373317,0.06991447313215873,-0.16251536603148617,0.172511868900937,0.05191487374101911,0.17250571229706452
0.15447794794808,0.42846656446381803,0.6494755692096699,0.1007578074275938,0.5589001960248045,0.9455905736783763,-0.9888126019510609,-0.933786813895624,-0.7499887328188137,-0.882032721199456,-0.025874739093674215,-0.08907481811523099,-0.005514290663085258,0.07185734984688896,0.19529356990172567
0.20098500648554607,0.4403725936361319,0.5945831380021384,0.1020583432745145,0.523504149739628,0.9371375691326029,-1.0539956203180432,-0.869167622574123,-0.8469594623090985,-0.8535598261992101,0.02245580153105648,-0.12816856351408604,-0.0700938583307713,0.10343593579963063,0.08717809477583431
0.2580565891542535,0.39968512298754283,0.5456036124124253,0.16887050531593617,0.4516548549974687,0.9609879407291402,-1.0939833519608817,-0.9118773901916939,-0.7398216412136752,-0.9226920476957059,-0.11280217907598172,-0.15366788197556808,0.0470132235321665,-0.08781379660697476,0.03184860250701304
0.21133283407462222,0.4612594609951651,0.7177332741159986,0.16891773747492264,0.5854826162744184,0.9141668214366487,-1.0126275587393978,-0.9562329994157825,-0.6661616544539833,-0.938718853518601,-0.19456991098642737,-0.11144843163801432,0.10536691098524457,-0.0011815403674976244,0.006002098748711791
0.2862983173910509,0.4463902620728155,0.6272904728589773,0.12914931779958125,0.4660546283110233,1.0072737309669382,-0.9677318055597638,-0.8325291299164583,-0.6939353676719828,-0.9310603185886082,-0.015604293618397005,0.07759632248089447,0.11852463592412463,0.005577365787585071,-0.20346418310090342
0.1020023181165673,0.45962438713406073,0.6213754887268338,0.140929488556675,0.47155432565390387,1.0270178767938698,-1.0807901769320827,-0.8098423101705259,-0.7292381688263321,-0.8784989101230399,0.002601383488245842,0.02508597387937389,0.2745406887812549,0.007131738577108679,-0.20581477310795515
0.23529571660133716,0.38761274207998975,0.5871557095552069,0.1600726335493657,0.5532348870748474,0.9989891723378251,-1.0080942564459763,-0.8176804717161748,-0.739781291261222,-0.8479089532072942,0.14701859895585712,0.117408787532639,0.11692359179554164,0.02075814057584386,-0.08825104566976297
0.1489258878510478,0.41590514452800137,0.5903460421871057,0.28169443861116206,0.5103339024115653,1.032784070613008,-1.0663394772752812,-0.7820258118748014,-0.7626654100866074,-0.816435894385124,0.15365917876607912,0.19122060784435535,0.03423741926166686,0.23745763677383008,-0.09575486651150915
0.2824893274741636,0.27085201725583147,0.5996493003862292,0.12192438420156632,0.6062983295430997,1.0051197026742953,-0.9724298295168687,-0.7635791923455223,-0.8969398309217673,-0.7541275748810345,0.24038091881853618,0.029584506598321125,-0.15659968785906467,0.13465375221155768,-0.08445673077952164
0.23347394863228982,0.3792654297796716,0.5989236835782683,0.19107117647765703,0.514473295541289,1.0266550345846206,-1.077436590857777,-0.8154575461451158,-0.8320475849962775,-0.8722998014595522,0.3025560214982045,0.19841068302616632,-0.17824739152148772,-0.028479214512159137,-0.12465299275120842
0.22251620812803705,0.4091002591924397,0.6166074899944355,0.1352172879714944,0.5816901814100793,0.966186050266912,-1.040918452666222,-0.7803844674820075,-0.7481748739605734,-0.8125553369528107,0.24264847701586426,0.1423985104400824,-0.24992601800899622,0.0426549953873337,0.04484113627956307
0.24386102824858685,0.3921439084309881,0.7031377743557463,0.18085843741718183,0.5580687355057818,0.919934946471226,-0.9876447960590147,-0.7251028450560423,-0.8116582176102581,-0.7198726271773959,0.1977666260522913,0.15935367323133576,-0.2124805003304701,-0.185151382389293,-0.04291422655262886
0.17298837455718,0.37274841515653107,0.6915792983853001,0.2479811897731153,0.5805903424242327,1.0580702633594867,-1.0730022263466588,-0.7567918826521315,-0.868327362388506,-0.7814368893167447,0.12489572761985517,0.17496566625129503,-0.17268346958064587,-0.08288768462571415,-0.006568207076838153
0.2676869953247971,0.34220231440838345,0.6528058426543275,0.2555989898550935,0.5369485655849751,0.9511252084526498,-0.9810075193070791,-0.7501233583135017,-0.9017673112147842,-0.8652894352838658,0.004886115809245861,-0.0020693392045300074,-0.16523088353095863,0.10102795422142186,0.09218232314948173
0.21777405564869964,0.32219869801494266,0.6597374108651195,0.23893452186516567,0.547016369675871,1.0206269004510866,-0.9961579121386995,-0.7971259883041687,-0.7926866938206458,-0.7950827037225607,-0.09263895468831888,-0.14708589707773803,-0.11106544495271317,0.021940476249139973,0.022547179825534218
0.20771919068343178,0.44125430267871074,0.7487041952690501,0.21119966119419287,0.5452999696306906,1.0097856338364932,-0.9385260528857527,-0.7544314715852449,-0.9258696306376089,-0.7904025952071775,-0.19147760288188234,-0.06310762203812359,-0.07712801225257573,0.05593819428496407,-0.20942588815890714
0.2803933681951794,0.39716533914331326,0.6977858991547793,0.1635542200982209,0.5205616744934902,0.9868234134213025,-0.9345789711072658,-0.6802693576666752,-0.8710316694053368,-0.806138656471615,-0.054895895561734666,0.050970005225740404,-0.05282370774182294,0.16453496427350472,-0.11839447256145738
0.2570519032011207,0.5257653586450367,0.5703439039895402,0.057392705844220765,0.5365913773694305,1.128776163622558,-1.0318173704404996,-0.6742397530870567,-0.845594926544271,-0.7033056375018761,-0.015359917654635395,-0.03430549408468065,-0.17090437939488604,0.06258082621125619,-0.050227691687308576
0.1724989663865817,0.48707486414182466,0.5047625449023261,0.20163235273229355,0.5233847878024956,0.9769571438321385,-0.9991415484456271,-0.7330250162688852,-0.9568342894990718,-0.748138550814233,-0.07235588770244936,-0.1636356019726726,-0.3119097424282272,-0.026349649842316122,0.0667243744187177
0.26034526928800883,0.42858096770934545,0.6336200390526247,0.22274216016388879,0.49299737265920857,0.890900240074065,-0.9123227565883392,-0.5783209395644442,-0.9748170302592867,-0.7102222465355554,-0.13284285605362692,0.07997184320582532,-0.2553642026229804,0.029083174645932092,0.025865301031914104
0.2142486682602995,0.45793731849667446,0.588775982286137,0.17620172521858796,0.5945697471277318,1.007387293105258,-0.9827776478281347,-0.638825239976666,-0.9196010330973987,-0.6946981209284745,0.050881502132269094,-0.04368008737399515,-0.1574512990241802,0.06922222720469946,0.07064966414022596
0.19379523613925329,0.41062964348465397,0.6141354441197943,0.11512528191419151,0.5562223465221215,0.946792224946538,-0.9901770062223152,-0.543803490895395,-0.8942949528061905,-0.7437629128053537,-0.03267674457375169,-0.06781842876771552,-0.1887149165975052,0.07454201196051964,0.03241014711842481
0.19059091357687544,0.548168960332279,0.6976084528568643,0.201350934224372,0.5520009962746328,1.0083888864212565,-0.9856150240070145,-0.6634721899441905,-0.9351001844760388,-0.6658676450646902,0.11480182077419603,-0.16459778234743733,-0.29922051218432855,0.06385490022024076,0.13959572196444817
0.26748758102098136,0.4264960005383276,0.6583889359740203,0.204302772235893,0.5094538543875607,1.014730063825959,-0.9099234037665616,-0.5688601022617319,-0.8952439506397181,-0.7369274659244655,-0.11778203553069963,-0.3516335627490843,-0.15853230530791113,0.11317789635146516,0.07509690028427374
0.1787406060392956,0.4339711318775974,0.5936920100541663,0.12192585827557625,0.6249958291765371,1.0128511206155466,-0.8857802463582956,-0.6426809253083847,-0.9087375104168561,-0.6959992112068052,-0.06340739392854634,-0.21375711847027065,-0.2375218900620794,-0.08740404519814231,-0.016847949930763814
0.16604099868857236,0.4105055597444347,0.6136265972663557,0.18868917689408898,0.5878395080496706,1.0008771377656691,-0.9503676202403304,-0.5473327614350239,-0.9509750687981161,-0.6406297106597273,-0.057139060556367464,0.05626790561743844,-0.2874776405329464,-0.09993182416639801,-0.07969825926956765
0.17662433150882575,0.3863002478775163,0.7712094971610896,0.2134041454727884,0.6832264209415437,1.014083279090277,-0.9148565658670464,-0.528402121694408,-0.8443960723966532,-0.6181617360666138,-0.09741847466929476,0.21413078358562979,-0.21461912587735082,-0.038950422922670605,-0.018900391859108516
0.26645891084860485,0.480247360813457,0.6476405247820843,0.2747458060288757,0.6149789218391905,1.0222110123121229,-0.9170920481379347,-0.5167407911586444,-0.97727041354106,-0.5785720631854003,0.03963315679800046,0.28714230697666265,-0.1633493494724284,0.12444268141527613,-0.0475387841636077
0.26266750218076135,0.5427993513240381,0.6683283073983256,0.22743414253386668,0.5785962468232783,1.0435608099482896,-0.9007567214404335,-0.5310043501989805,-0.9246134730641815,-0.6226705127163953,-0.022746222727375143,0.11966764378706857,-0.0834189444235578,0.07262943673558456,-0.14784808737992927
0.2553534838263657,0.5137683025854263,0.7137783885989143,0.148542148851346,0.5914894553079537,1.0043808884637047,-1.013257964713469,-0.45303458297605037,-0.9315951237180061,-0.5758242431149434,-0.04367788303948319,0.028229987295070355,-0.07638194638202894,0.0321292829477883,-0.322338420749934
0.21995286576474934,0.4754064759147139,0.7097202554599832,0.30710972245829593,0.611516314852502,1.02486808885446,-0.8809762567587449,-0.5945272380088752,-1.0023353667750359,-0.669355931551769,-0.01518300232830972,0.13399143995553703,-0.12824733703272773,-0.13290193669216596,-0.24113405629070964
0.18639994036794244,0.3603443568252328,0.7058010194686342,0.14110796989092692,0.5810033039352178,1.0366968325913155,-0.9687524877284387,-0.5246930208467631,-0.96087523574,-0.6550730970900878,0.15479927273531252,0.0518314479132512,-0.13870806881225545,0.02804650075004282,-0.12020534700781096
0.18879146130405,0.5111342153817238,0.6202944621019727,0.22974386415085957,0.5320012182086266,0.9378562713734936,-0.8937870818016114,-0.4704866759427355,-0.9061106050496183,-0.5627291006155352,0.006515122784307478,-0.01367977347240732,-0.11444224392823167,-0.2828111747887435,-0.11043231428898509
0.2180962079457785,0.4489935061696178,0.6321532862586768,0.1732171601870281,0.5968834419936463,0.967981404367136,-0.9278412120443013,-0.46191366659500593,-1.0007443124810727,-0.5616694789207255,-0.12195569184286001,0.13673392223002578,-0.09210109927630149,-0.18978874561211934,-0.1476006852839467
0.1672233505283936,0.4910529769519933,0.6609461599028026,0.23699373026331325,0.5585781341240417,0.982338909102744,-0.9051700550282838,-0.41713608604142816,-0.9370812332121564,-0.5538293471908571,0.17308484786360445,0.05663276843173232,-0.23252583713118719,0.06298442814144668,-0.17139434841794388
0.29038734921064724,0.4515761355048272,0.6214544150232192,0.25333161697649076,0.6136436423346207,0.9943634473923243,-0.7776564324233729,-0.4181094737511438,-0.8871672181511402,-0.4685111642311877,0.10407676546122882,0.19328230690539971,-0.31597336157571976,-0.002577537098921605,-0.013433925870741922
0.2436182815986008,0.5060860202247399,0.7669683561670135,0.15109573717763602,0.5176060024347544,1.1137389345300839,-0.7542783182862804,-0.47668812776992425,-0.8920503140434045,-0.47195469837437337,0.12129578279257597,0.3116793487912043,-0.29385833756294544,0.020378110557273506,0.12853412284148097
0.17548560820489395,0.46200284866929126,0.6302815912563078,0.2241268800569821,0.6141321577410305,0.9357051467866959,-0.7831080961929999,-0.3755170734283297,-0.9971040918264862,-0.5345562675584002,0.01781691520246767,0.17584025046036145,-0.45679695641859663,-0.06564073635298791,-0.002794892406242616
0.23695451484060395,0.48626390019265586,0.5890570886009445,0.187759581993216,0.6224990990908164,0.9430814773994356,-0.7880016509567102,-0.4098830244995278,-0.9769372860380681,-0.578289937555583,-0.11972321446173331,0.38395101324085534,-0.5939125943623768,-0.10726647216514426,-0.19704142671913907
0.2646259903630751,0.3395799575253321,0.7007323607516939,0.15264115689655172,0.6095776217543124,0.9613233096068846,-0.910732180371742,-0.44391260201329746,-0.9331449318791601,-0.46674960930866216,0.046318760316812105,0.1763667658428164,-0.5625010700625269,0.052978721570119264,-0.13620377070084191
0.20928913648903147,0.47450307760140464,0.7210855906223794,0.14850488957381996,0.5750918620243256,0.9594685301748133,-0.7834543953572202,-0.31879054892231695,-0.9876258368368657,-0.4841320897605707,0.0015261580230275067,0.16854683518328345,-0.582134861744014,-0.00886331271729214,-0.19339555571003386
0.29473229452676064,0.366629155710101,0.649759519253695,0.19997052885488314,0.6841637073759163,0.9916054611814602,-0.8091343828181577,-0.3668626230700658,-0.994256096378539,-0.5035000066791482,0.11419563548947045,0.1156321553163728,-0.44113657940246825,-0.16530494909892418,-0.2164624135947811
0.2566611319280264,0.4347446616881957,0.7132807678210917,0.10039188187099538,0.5916128234293931,1.065397094362064,-0.877939866135546,-0.2538655304463316,-1.0202155656893286,-0.43898725891295143,-0.012952694521388239,0.3828390013352653,-0.45973731334617074,-0.17463359367175696,-0.07818050726209523
0.2301517268524416,0.39188050496201865,0.6969913965408295,0.2368276175259138,0.630878204482828,0.9903555038180374,-0.7709378050541437,-0.31369396095046,-1.0302320371401077,-0.4957993774973626,0.060483247766809425,0.3893891734060899,-0.39344401653289807,-0.19341595577606285,-0.33941149252558966
0.2405086707083173,0.47281051862201146,0.7687206024385702,0.19246408047875807,0.5684308953440674,1.0431444096638347,-0.792038338262145,-0.2939940878867628,-0.9709013268453962,-0.3714141812801039,0.1378852060567901,0.25480194325572314,-0.5595343683325957,-0.20386416017320613,-0.2920630101459903
0.30506263637638453,0.44677675055832794,0.7345392800713889,0.2119016749849157,0.5980760620609825,0.9804905752853305,-0.8066594040737811,-0.24090856273963415,-0.9875845481381884,-0.4112539503944123,0.10828587933282853,0.37095613614315914,-0.5637465711600841,-0.0013828077714358733,-0.2018961779541379
0.23268322207239597,0.4142298604055924,0.7365563748110029,0.11916236459052115,0.5411320439129356,1.017183758289534,-0.7956241286787168,-0.250490710565953,-0.950463089737972,-0.44702996834295694,-0.025424708656081582,0.2334551029335017,-0.5098307240612886,0.03551519882452453,-0.0749592949390285
0.2225394248818189,0.4273595506508553,0.7101085844348433,0.34318695704974683,0.6044922529088496,1.048760687073527,-0.7977067139616053,-0.264176940426723,-1.0244837309937116,-0.3902682652786871,-0.044322778614927116,0.3502188660886716,-0.36761272604014517,0.21443552695385037,0.01687766340508034
0.2098181634057512,0.58517481957352,0.6271995338889396,0.20983982997580905,0.5430843125589534,0.9696030795248339,-0.6783230154770632,-0.22995591196685122,-1.0325183521653911,-0.3739165970438341,0.00785329371300894,0.22838652095671724,-0.29669157394495843,0.21518474102764146,-0.02367185658038358
0.21513747861773053,0.4297315948334826,0.6734701662609769,0.23021690849595985,0.5586884251644577,1.0080928484418874,-0.7396255020292467,-0.17273936656512853,-0.9389407532989708,-0.2725326785786773,0.015981971725642568,0.07916969635740642,-0.07027844694115112,-0.06486456389029632,0.11025831785148536
0.2920403074127434,0.46897622254181903,0.7721904230452129,0.20615960847958287,0.6448339417810083,0.9888038911882393,-0.6989698545483537,-0.2076407251991677,-1.045674957498784,-0.36510318404672343,-0.038971508814731715,0.13420290593199985,-0.048215335946135265,-0.02483166103968035,0.07253931530088055
0.27118596966802183,0.33524087946779896,0.6618312144996038,0.20513720131816462,0.5820109816991289,1.0701033327629887,-0.7235389103416582,-0.16621958226962688,-0.9692941349680387,-0.2610112852777414,-0.0009965163349040136,0.24813699010168164,0.03279260442812698,-0.04971088215081938,0.012865454201311202
0.21529604414757147,0.461966894850647,0.6496271162322267,0.22220195737668785,0.6342954749543467,1.0656236218003745,-0.6892454441024105,-0.24144004867466043,-0.9877357854971678,-0.2024682935816416,0.051391422867940295,0.004587090555595974,-0.0013791974072033149,-0.012009055759623188,0.12320276273127233
0.24908674484409266,0.43570548816172533,0.7142145184383168,0.23369648002522023,0.7168671676080063,0.9450417121065887,-0.5625552388249306,-0.0691761968073158,-1.0510713519135941,-0.36602401160563347,-0.13744242465623824,0.031128229788401695,-0.06349090141083688,-0.06810726481879775,-0.08272436179530326
0.2384342283254923,0.43778971019550117,0.7212027859614817,0.19783046329110124,0.6746030735572571,0.9235556547014736,-0.6359708924945203,-0.060872866403663045,-1.019671976612147,-0.235916310830451,-0.09176597666342391,-0.13881083223280488,-0.14569503865606953,-0.04212782423225368,0.12812399667145566
0.24564908998881554,0.4922174361498546,0.714002199162993,0.26080600581277436,0.670342082813439,0.9540518820098532,-0.7071011320734368,-0.16333296073286646,-1.0877620983152143,-0.175454958403418,-0.2071716287683081,-0.1283847050724147,-0.20898248346694984,0.027368843995177007,0.17592109413251722
0.2790116882345362,0.5249133449896369,0.605654235137622,0.19052326127948258,0.5993813153320084,0.9998399996869166,-0.5808132095250462,-0.1113397541109891,-0.9389718563601782,-0.17898443670873776,-0.10200580401665577,-0.08018599113725819,-0.06051543202082438,-0.061605472430159874,0.10276231472076344
0.2524098143877827,0.4057713350511112,0.7062171956865997,0.29613487934569455,0.6843053973815947,0.9973914852375735,-0.5323046002913818,-0.07545965343006084,-1.0366417506183274,-0.13700476875183792,-0.11948537263991274,-0.07009124981678386,0.024727889694187224,-0.14357458580004942,0.13470766894345954
0.23074534091783183,0.4390562372773105,0.6287322383086431,0.23990981363978744,0.6430004484992844,1.0210708257591752,-0.6076169640388412,-0.06633244392835909,-0.9411485961934603,-0.2930771343578403,-0.05733508130391206,-0.09130155478405487,0.06626743948494733,-0.10869591827190973,-0.009729176958428953
0.3118096840627776,0.41976114167081013,0.7276911608887445,0.31182026649062083,0.5885746251625732,1.0567444419622916,-0.5446990514318653,-0.06640227067934669,-0.9991405374238761,-0.14585942987424438,0.01827388742565631,-0.03944916729451974,0.08777617059983023,-0.02089952308923363,-0.06439297124851562
0.28368272627018637,0.41656514248231447,0.6723121528712996,0.203715788690036,0.6123248751612699,0.9883153621010501,-0.5797473866219968,0.05562354511419852,-0.9221545091018248,-0.16193656488107452,0.07046367131015732,0.11578828954742526,0.2174253386004435,0.07265945199455302,0.02589153402778952
0.26423277581025895,0.4980507786558659,0.6689187168209922,0.19379497709379176,0.5309307378091093,0.9172668644489922,-0.6455611494830952,0.0354846231782786,-1.0438018675598415,-0.18802400010379555,-0.05512765087364985,0.05760206025602836,0.030798097526957502,0.06472801272559299,-0.040765075740829104
0.3053569917470916,0.5100712471343029,0.668073021999582,0.2127803860278048,0.5617658797478046,0.932487767245498,-0.530377813606945,0.02683099424391173,-0.9689698162395182,-0.15113100043886057,-0.1947000579502353,0.02210273414280104,0.06782215259272534,0.01124647828602026,0.07119126558885572
0.25262581213075325,0.556863052160106,0.5757063764782633,0.19213715332383022,0.5698156578284839,0.9571025814026509,-0.5870833125240705,-0.0028077891160205246,-1.0277640474761183,-0.10054819721787367,-0.022591765467342692,-0.04296015257541305,-0.12822982318783382,0.12397553862945626,-0.13961341426515866
0.24144633245687241,0.4988494900609757,0.7162642567185984,0.18135356184520454,0.6578384895949339,0.9673167767349856,-0.5259446802929675,-0.03256160908540976,-1.022741498992991,-0.11844974699930769,0.035751132425063364,0.009323587774548607,-0.01435418611050257,0.19897039953774198,-0.1474201929542194
0.2894466769698043,0.4789980784184655,0.5576187810114912,0.23110746709488134,0.6367304880716192,0.9002260397094344,-0.6162747344508893,0.030961635780874602,-0.936871888044841,-0.07816936106848756,-0.1365147591079094,0.06938769367044054,0.002018832864454362,0.22177832005776732,0.10473488284578665
0.31013634666913853,0.5307216780297705,0.6241426991159625,0.26895269569176394,0.659635550733118,1.0469105305717747,-0.5688537400235834,0.08713518485033632,-1.0298680555483237,-0.027802622401695114,-0.1692238219210755,0.014200135244269475,-0.12566716220327642,0.2385186029959766,0.14771477072470235
0.30240288382450975,0.41045425223871096,0.6902497477119792,0.25011982997327065,0.6702441600773932,0.9531549736213014,-0.5695964606523077,0.18224170747064306,-0.9573855561463095,0.003065156788993266,0.04842916173288435,-0.06170978760270417,-0.0978865512992609,0.1400706619508779,0.18818177391083712
0.32061504696873977,0.4937694677324317,0.8104819593012035,0.2769883161243973,0.6525799935709853,1.0073776165777015,-0.5104368190498965,0.2071448238952166,-0.9834138679413489,-0.052021703585632406,0.05627091269150706,-0.139837737907625,-0.13087925477650733,0.10361764160728117,0.04359496426626337
0.18617764528776942,0.4491459210078505,0.7678649243038987,0.26349777027173993,0.5502580063315103,1.0416759498290826,-0.44522566871822006,0.12493230623878057,-0.9203295708506262,-0.054243964665337964,0.2027027655008009,-0.19505280996603586,-0.2630742607288719,-0.025331997800162098,-0.08847342721075377
0.2141428458783084,0.5271994051040432,0.7236008651405077,0.22087145745345654,0.6155261482282051,0.9182143502869743,-0.43356130535414433,0.19890830379097177,-1.010684288346411,-0.07681092593127352,-0.04873550968390314,-0.14524351625010665,-0.12758314712769286,0.008579266477528064,-0.1692369981799478
0.18230336489871948,0.46990635856687574,0.5822333361590686,0.21311764725275784,0.5958314521810025,1.0475124292383353,-0.39805185559236816,0.22023360421243984,-0.9437366273386139,0.02755873213042572,-0.11015311760874748,-0.06388051983209594,-0.14657978785864906,-0.07553892853691385,-0.10482639491846264
0.19417916394649076,0.4600071456864925,0.7016263507195961,0.1934274402431515,0.6685544373165084,0.9502510736569962,-0.3751498783081706,0.22791798574049077,-0.937081557042058,-0.0038403814397797373,-0.11540064872080974,0.02188178293048769,-0.21913577530364603,-0.022306073473968405,-0.10430240432858542
0.21645115590523695,0.423693107677974,0.6889696839975754,0.1430221011301067,0.6329069475010506,0.9768756700979675,-0.4065327002025079,0.18517487327172386,-0.8972002008459191,0.07128266337079882,0.030370794872248766,0.0018141550068222836,-0.17305297229980596,0.2128575168438064,0.0659280784668273
0.25506892176661783,0.41474406219096005,0.6733267688933381,0.20790381207079967,0.6283826233799585,0.9940227132386783,-0.4690366457231668,0.21282164465051562,-0.9570206644018697,0.16072998897033583,-0.13855829516462892,0.047986073631414036,-0.16944166292196106,0.06056674803519277,0.06470493076926101
0.24416582321400782,0.44812216275101086,0.7283613578924923,0.2652397090677138,0.5855171361918745,0.9493275423207362,-0.4649794074159125,0.29037300885551787,-0.8940567486382185,0.12972344691687887,-0.1855359563154252,0.038592704268335894,-0.18758756652940045,0.09036897372305966,0.07581182003669938
0.2320937829570827,0.5178311015855604,0.6954054835125316,0.25764975813090596,0.6669187412254765,0.9630820444295988,-0.2331034753206445,0.25434988476130915,-0.8813231652747574,0.09459479642870867,-0.10907510257907367,0.2048544626689039,-0.10288047615348872,0.11906609347270208,0.2214591778628361
0.30883514327752104,0.4117869590084351,0.7266807984837034,0.2523412434921538,0.6913985611742797,0.968608965831982,-0.35714522651376074,0.3847230084284882,-0.9249780707390155,0.10426269889238947,-0.07996670139995939,0.09327629820394405,-0.07475437701329676,-0.059338386683673014,0.10272987149711249
0.18388970975171132,0.519414024073923,0.8808907301794836,0.16807973956601813,0.7341143820292622,0.8642686568151697,-0.32789312963503914,0.2934663009625077,-0.8983080814560946,0.1112213189177795,0.12493899301286562,0.08203198074157884,-0.27802331898282173,-0.06966787598308258,0.08738136636246324
0.2500604991305876,0.4466617295638372,0.7464519555339171,0.24332409163427457,0.7050806788868818,0.9252116609432726,-0.31597991550898796,0.3936645923093198,-0.8347516528325533,0.13982123656939313,0.06787920378812701,0.09431127477999673,-0.21817498009050867,0.04031667899905747,0.15575917986199578
0.18858467085297131,0.47851666355502953,0.7677773751083149,0.19694290791288244,0.6114395796713091,0.8992353717514194,-0.27650003256914435,0.3437110540464214,-0.9106764377495868,0.17132069036291808,-0.0643803035079887,0.10015775627712041,-0.21968455847768142,0.010250954048524316,0.03078760228217886
0.18943666382224786,0.5163824295309599,0.718322689138808,0.23514561274956905,0.6459442929123215,0.8591955662646493,-0.32990144500480645,0.3722145557316716,-0.8752882575032266,0.1475059786401316,-0.03081629261088588,0.014142507680349803,-0.10533939787314582,0.07371554156350121,-0.07705394855411897
0.2853734796718324,0.5176579496627063,0.8145139360526181,0.2546063495411857,0.7901817855743971,0.9477891273860628,-0.2544011550522953,0.3850606699484469,-0.9556959483280346,0.2464555667360137,0.01079796592053292,-0.20480045832531568,0.0270748839989762,-0.03637911240254365,-0.06674302520913877
0.3200367019652803,0.5237294156753215,0.7163945955033295,0.3188626483743514,0.7086296294741476,0.9667050992976465,-0.21336064318510073,0.3406805517781939,-0.8285457442803368,0.18108578384820082,-0.0018486230894283256,-0.07529808450718853,0.17447967017373578,-0.33457441663151577,0.02600915983890089
0.297126802783181,0.5334619112433548,0.7044564281734675,0.29209023161813286,0.6637412948452586,0.9438934989094178,-0.24607668833118132,0.3756472828718524,-0.8464920228339252,0.23903096944249963,-0.047008045055732806,0.20690928218150953,0.21658557240373047,-0.24339883088791986,0.23075848936200943
0.340796984380754,0.5136609963211948,0.7133552883281311,0.24721988201618278,0.7319274093105427,0.9367481774126023,-0.217988436366208,0.4950226329287685,-0.8792613654341179,0.26899123340280123,0.05272058811518456,0.13790695653612337,0.22792150421927573,-0.19800537817934052,0.0555947519169786
0.25770207944296475,0.523405463246798,0.8215758495682831,0.29184501004531244,0.6331515460151071,0.897760489280042,-0.09816535607219845,0.353636055381915,-0.7750983139907053,0.2617358968133349,0.1046092383331216,0.02967046687274777,0.2139310284048285,-0.11838938557410247,0.11502377098927867
0.19621836937894166,0.5141747977723847,0.8007286196249205,0.3282086258775751,0.7212191461800544,0.8457635284616402,-0.19870632580605407,0.46685791097582025,-0.9253962016432754,0.23710181188296597,0.13014811326225495,0.07766608749802867,0.28626111557728595,-0.012336058842066941,0.10567630851981528
0.34135300109799854,0.4639804047306116,0.7116610418424607,0.21553417502182504,0.6156305520515393,0.8862505859476544,-0.2718556442918157,0.48667787382709315,-0.7638049298889519,0.2711334345726559,0.19792695207614808,0.04645166840471387,0.35507834259769844,0.020925627867349004,0.12134741860342119
0.33912216945920637,0.5117169334027366,0.7488720844679276,0.11515770262457384,0.7128912286028297,0.851823024817339,-0.13625098395397542,0.5046182153929288,-0.7831976049770493,0.3256864284266856,0.10975398087738916,0.041196404524107166,0.2380889508995625,-0.0923461269609529,0.10307092592351474
0.3528111799211044,0.4390413370529563,0.8480198036929425,0.2880904559611613,0.6713407470727698,0.9517846898114827,-0.12984574532737372,0.5820136142961141,-0.8438189938308734,0.36447824898056463,-0.005685620138684927,0.050358955561373264,0.21502357670384004,-0.1213805787499126,0.04394572170734391
0.2969527210104119,0.5161924607064954,0.5946272518922254,0.2136991538964277,0.7679346712182094,0.8803842505584862,-0.15050316883344628,0.43987024670736347,-0.7688891299037662,0.34960057921530896,0.05894787066328058,0.0024688766222415587,0.14353095941181568,0.07324586821526227,0.1654852986377695
0.29046723365497035,0.539350629710006,0.6840714631435316,0.2362400823033774,0.6495085800558114,0.8374199694278209,-0.11273689484413545,0.4904672157790855,-0.8512212932540482,0.4017182821350646,0.03116558432089159,-0.0018538141828467825,-0.08445199815720655,0.08848705770179752,0.17235898901367333
0.3272248396425844,0.4885344802245734,0.7561068469223496,0.20538012619118326,0.6302944677171773,0.892528994677062,-0.10647673671008116,0.42931861979277863,-0.7867225498632846,0.5164782287702924,-0.022833223452800592,-0.09379557920319326,0.09871835682095399,-0.012312386704361925,0.16489604423623247
0.33814300819741994,0.43519350256929357,0.7422654219724802,0.3205335483463866,0.704004862635037,0.831903702540345,-0.001140556443677318,0.5856376913353007,-0.8497698186987932,0.49636868367302034,-0.02064983734053416,-0.18979051575535177,0.014223227686907702,0.03117968273726872,0.08554688014589887
0.2931193477959686,0.47120813166718684,0.7528320621966565,0.2650237605921,0.6596269154462449,0.8521776516512115,-0.13574223358761162,0.6111380743990954,-0.7325522772058413,0.42400754290108644,-0.013752075084350753,-0.28183984891947544,-0.06655101247404668,0.025716577809278995,0.15860515070785444
0.3056610363938235,0.5509556026824973,0.7356492611572921,0.23833780198366103,0.685132932745336,0.8750239958338114,-0.09915983447561533,0.611674248667028,-0.7640354358862641,0.39103115033187497,-0.1267158726532558,-0.32656795590016147,-0.13301789271718262,0.1200814489818125,0.11226665321979158
0.19521130274760684,0.48159267370557857,0.7536895344076229,0.3544852437249838,0.7512825430586803,0.7733278167775445,0.017234958658570887,0.5269365195431214,-0.658317222189858,0.4627749006671229,-0.05201017903514163,-0.3489754157738299,-0.1875768636536017,0.26036634119806923,0.0992262551488922
0.2775293068436195,0.5264319368138338,0.6767929170225548,0.23181384801651414,0.7296269679234676,0.7803006621921229,-0.0277731397008696,0.6573981632183717,-0.71621923193963,0.36134128935958687,-0.053183277046718706,-0.24757780641224575,-0.26646913541640743,0.10723926018224712,-0.05172303248241329
0.34816055889646635,0.5329754791243627,0.795705764718252,0.23552418377703163,0.6300767734489738,0.8425933018135704,0.04258842554539742,0.5852918857326326,-0.7569905967101683,0.4763285517829216,-0.17204889326349215,-0.23696326195032927,-0.2250327197303489,0.042820264864034605,-0.12631259709068446
0.24169773346845616,0.38839474585093914,0.7934476931225928,0.26513243230311256,0.7207836423120847,0.8005888583704153,0.05104318417212739,0.6715702337465406,-0.6734687174680564,0.489465115445152,-0.1421389954596119,-0.15140927963047413,-0.15506995310239724,0.07659964366258468,0.02398656205377464
0.3775228513014488,0.5250356023259047,0.7393164260161316,0.1762774653751959,0.6535793449839968,0.908237071247336,-0.002248069395778554,0.6394086921149412,-0.7215517814652918,0.4854692195774656,0.08985068750455508,-0.09365773838423225,-0.11357401771223877,0.14183745547635063,0.09187323653140732
0.20680703254720006,0.4924105991232692,0.6975135703605203,0.30493893096271923,0.7437735219753574,0.8622805423404007,0.04457775628575165,0.7013469859971405,-0.6909584051583343,0.4977128895225361,0.02508212051329406,0.10762887475101887,-0.10173890482068701,0.11898331062791688,0.06169920510874195
0.2562278283812593,0.5510059097698782,0.7937855205239757,0.16439203558418636,0.7847465789198277,0.9171738161697545,0.04622352773126557,0.6583751858671675,-0.6081262560529314,0.5612644646265421,-0.014035103559873297,0.0990917044776127,-0.09449603364993511,0.18241131540715066,0.1762838585777673
0.2523814412191712,0.4918869916612357,0.7715551900550266,0.1465657661101586,0.730538401771251,0.7182618913196052,0.10737434157364795,0.6241260970127717,-0.664533819106721,0.49163435515566767,-0.12596078566337346,0.09789834575695522,-0.11689920022021233,0.12668139158595806,0.0554662041434862
0.3289374826165791,0.37710410844576825,0.6922270132846897,0.24733300396898733,0.6834423658448322,0.874433667378916,0.0712918719077159,0.6292926899054879,-0.6882135619074883,0.49270597051512255,0.04968740664363927,-0.03576056808821439,-0.06715003814410994,0.10855448760338222,-0.012801275040110256
0.3214650113811617,0.5259786158220571,0.8786972164580604,0.28828005110872434,0.6985095692646985,0.8737764701241311,0.12100702228274006,0.7749254358498048,-0.5847446823582909,0.5909329069410355,-0.1404541845093863,0.030911717022657506,-0.028656491819054667,0.17471647077664682,0.03646258021615635
0.3279255775495009,0.546259729605197,0.7724575581932066,0.31165114612218064,0.6529496450323514,0.7774486639967559,0.15425567560834696,0.740484925408508,-0.6243525656641924,0.586430081131784,-0.12616941734604867,-0.058239322675330274,0.05759259433309186,0.09995055545020556,0.030032512959744465
0.2579247561191966,0.5266091517314666,0.7577625620215208,0.3364353465574808,0.6836912841835485,0.7527505631848354,0.12232471507776746,0.7232641415922765,-0.584507765309631,0.5695464772788339,-0.08365340917573065,0.10807034491322148,-0.02527773809784599,0.03858435125142484,0.04057840155640787
0.22027702464505428,0.4646533962687787,0.8627190214905642,0.2924589175542073,0.8117857816749853,0.7723016295467551,0.11803178784372689,0.7303473413987306,-0.5951030446937954,0.5604559303591686,-0.22211072305261687,-0.016912652764203118,0.0792042092449321,-0.06107741924734024,0.1818939448403249
0.30779552214693734,0.5669968811723678,0.8059750103723027,0.3365366006607057,0.7594707315716337,0.7347866418816474,0.18339985519207205,0.7789116939955387,-0.5916617539683836,0.7197934741654428,-0.13627456788503559,-0.0010411172363025134,0.19814436186470238,0.03848265398063453,-0.007171181895940515
0.36558656281743795,0.5588767551707275,0.8676209357944358,0.3339149931541769,0.7866467008769229,0.8054052518474507,0.18103566434255303,0.6657467087371965,-0.5356790605163881,0.5459105192192946,0.026039958566641083,-0.026263727154662145,0.326938808805719,-0.01882818330924169,-0.032808422589476395
0.302145689252002,0.5180260121310045,0.7986180785890538,0.17562812703911815,0.7244823760502328,0.7745363536556771,0.1566570708432167,0.815273407044418,-0.4544449107646958,0.6318458093578753,0.0014600903515420774,-0.08320774133513098,0.2046554041048643,-0.09378888748695938,0.2544739413491344
0.29657185140801157,0.4754632045517335,0.7898299088827816,0.3540883630498753,0.6277699511774059,0.7727152976173421,0.287352149589798,0.8925900950676273,-0.4535477908647197,0.6207954484126785,0.19043519869226555,-0.14973177373880892,0.060285804655349134,-0.2569048321133728,0.07535127291178456
0.3699570952342538,0.5362518101636995,0.7835383623679998,0.27007468091025816,0.7428370949272759,0.6881589726613182,0.3015162061217571,0.8596879999203036,-0.6227125002357172,0.6604659958873625,0.3369216510324925,-0.055008665657609326,0.15251794297230742,-0.06109220351472516,0.2757448447172909
0.2714533903050794,0.5802158863680908,0.7502613999178934,0.2021355489450356,0.777900429544496,0.7479966298076308,0.29666390913382396,0.7732015795247562,-0.5819910362973937,0.7721092796025733,0.15760711615982778,-0.2304410369017033,0.028226743889367953,-0.08917442396224318,0.21775926901793866
0.26720758326741084,0.6311383714180041,0.7214526479884779,0.265764954976494,0.7515786535674249,0.7852902319650694,0.2919258487160616,0.8182224569444898,-0.4378038125968521,0.752281638667629,0.07494835653143864,-0.46359020944622675,0.0626352183787939,-0.00611252843366606,0.148652256606708
0.31191317109894745,0.5292694028209223,0.8215029291756526,0.2746876336382461,0.6165434190900354,0.7016917682949428,0.2205022046137416,0.857275622938436,-0.43511512719547035,0.7327425669861416,-0.1455513167394777,-0.39164880251582096,0.09713743086733989,-0.14882579108844088,0.22016261065965864
0.3150041706370543,0.6695152513447504,0.7466946097055411,0.2724743187910064,0.7613064745958046,0.7550672579299821,0.3308893877148813,0.8795523055669169,-0.39594223849002874,0.6650236139418951,-0.08800872858782254,-0.33065612548691065,0.19862049091861567,-0.054155456715728606,0.008677722441920749
0.30589045071629184,0.6178632128476444,0.7692761631274205,0.292344750954367,0.6822840432108742,0.7195487503868468,0.33807524670030525,0.8679653238353296,-0.4067282654994825,0.7148705753277113,-0.27404961669774985,-0.32328964166271734,0.09830688472196919,-0.13337912330370288,0.15448329046352208
0.277630468976995,0.5626006634796931,0.8554644224008253,0.253617065594734,0.7364007740577515,0.7461631529198249,0.3858515695932415,0.874770885484595,-0.4312908426226442,0.6953616226356251,-0.08472071406627389,-0.25240314292256405,0.1738919770524196,0.13157538341099198,0.20817864022576435
0.36381893819813504,0.56615127410526,0.76644413770025,0.33284350194460766,0.8035452122160823,0.676878674534599,0.38981835391039,0.8764526163646111,-0.4874115774816236,0.7293244159373422,-0.11004782711913547,-0.06790162344035305,0.24108073514379308,0.1343028800181917,0.1460471138452483
0.27865172746212163,0.5241679235234393,0.7698280509746138,0.27423877516945994,0.7733775417873601,0.7550218768131605,0.4007379600420095,0.953875654031952,-0.4830693939155891,0.8304508899051438,-0.06714485392720268,-0.08959144709478323,0.07692415592127791,-0.020425109250503087,0.11194959169944392
0.2903432693728261,0.5441173140735535,0.8171756148983317,0.2728916489560936,0.6647089054003661,0.7630063837398606,0.3956749185387229,0.8503736708613159,-0.31928206275459803,0.7552266990672827,0.10064556481408107,-0.0844334696972203,0.10236307091591892,-0.17565740476937292,0.03531810517665359
0.30151406802949,0.5824480634580949,0.8393993721388858,0.34661246293183434,0.730344560951233,0.747814530028022,0.4392887917795737,0.9687822687360074,-0.4017485244826387,0.8143370582533319,0.01135762830501523,-0.04457303264361801,-0.10372318506305522,-0.10190576975601486,0.059091282539901424
0.33220254927511533,0.5753167175437826,0.7752453769620611,0.2403696865699174,0.6946008777796585,0.7862237742167512,0.49891345513460866,0.9163206301533172,-0.37001415414539046,0.7911473222491804,-0.0824308940435824,0.1156731550851858,-0.18581022970334832,0.013956163582898709,0.048878484636697035
0.3506523293706293,0.5288799107057708,0.7739179850946856,0.35378582748661536,0.7621523198544513,0.620683099912747,0.49116128750984067,0.928521857445089,-0.3462868670807173,0.8164605145925306,-0.2410242996585704,0.07982747031519304,-0.10718083246889035,-0.28395431692606676,0.12735643564213345
0.3874281221255879,0.6382307849802128,0.7018856990217323,0.32439513558188277,0.7753361468693118,0.6820552613405163,0.45022491374778,1.0261265046533623,-0.36630639928591413,0.8314404137815492,-0.13148884554628848,0.13177833698126679,0.09775350222662972,-0.061058552138633426,0.07027634367628056
0.3104377337900873,0.5687980474593978,0.8050458070719124,0.2858069225081865,0.7047927797769818,0.6790305281774521,0.3835923741501376,0.9417110167701536,-0.2435144973608826,0.8843027718547266,0.06923708623934377,0.28691708623186,-0.03760273773042058,-0.05332471640522105,0.1943073243913288
0.387343345148099,0.590945936583885,0.7901650167414563,0.3731813004128752,0.7113918184521514,0.6565315915974599,0.40607727206051364,0.929541128041862,-0.24350397353160055,0.8006592125173659,0.012138899238074867,0.33059475112804254,-0.04729782641384675,-0.1651287305169582,0.16020246940679622
0.3183297956262266,0.5691109539200127,0.794522424174736,0.291314464506218,0.7882674175029565,0.6401977818729329,0.5183205358559215,0.8975278497826604,-0.2598853491919699,0.9463298237998851,-0.01430664923164274,0.30719829372927676,-0.13981253085082607,-0.021843719029350034,0.02965523863255723
0.26634590415202075,0.49400885745029327,0.8988811776981078,0.32438020514594695,0.7661296502566421,0.6375770341674754,0.5767132144663181,1.0543283473438463,-0.23930870778364538,0.7897568223737252,0.138843603499218,0.12044778750387211,-0.1339426480828886,-0.05229203001688417,-0.017820934890881664
0.32551764315600845,0.5586155706469805,0.8248852287772677,0.35431677161128067,0.7270325384882913,0.7102568331497054,0.5521026919600525,0.9932894607106081,-0.24610551207560208,0.8759740245718017,-0.028326847732056362,0.09305304670342665,-0.1671593607229928,-0.17003319947867152,-0.07213889259073519
0.43887128347203697,0.5044028603235186,0.883777573671043,0.22714143367933023,0.7106140332335746,0.7123181452822683,0.611346247884385,0.9240993870526277,-0.08861788698094913,0.8852731906305511,-0.1343778701208087,-0.04518605156979692,-0.07576946543386966,-0.07079686461391346,0.11142126387920576
0.3335641881419766,0.5808677609732201,0.7652399559853424,0.30090710573262747,0.7719489217495206,0.654480145221489,0.528864195026499,0.9354257770538121,-0.24385431156845738,0.928668879651888,-0.09765135040261591,-0.12922673431242987,-0.050607353313666184,-0.08049804847822942,0.04231293130045384
0.2894907973128486,0.5722297811606495,0.7951501259309054,0.22581661615104529,0.7455350609659059,0.5963985428550274,0.5088696750398409,0.9609903559016925,-0.2571104605134147,0.8358518403213663,-0.01469206373360242,-0.18664636687354696,-0.04833233575547564,-0.0022859525948011605,0.05275939489948071
0.3135324817353118,0.5382698171028099,0.7531447778536666,0.24395250755551712,0.7421718088005614,0.602329036336775,0.5330698961485395,1.0235255490345838,-0.11636833533732763,0.8742572144540876,-0.06198873786212584,-0.20590741394780726,-0.021082575752933513,-0.13263508232547605,0.19657417701791055
0.3306398301178925,0.5141537495162147,0.828584627222951,0.3240853519967411,0.6753797010922304,0.660890128916631,0.6403602860145334,1.0689499329100494,-0.20346958393136233,0.9233346676271317,-0.013884038040975634,-0.18112938502449044,0.05682399681473574,-0.24952988503681817,0.10569181914637286
0.45506485983095846,0.5873360221088639,0.8075243353162297,0.2977269267864486,0.7547973518227611,0.6155781860255163,0.6686161100832312,1.0912628703555707,-0.16878527168855806,0.9039798425593573,0.04676006565554045,-0.028073803703728903,0.008392968826054559,0.04251865074776329,0.06519143500074472
0.4567029071157961,0.573008564882079,0.8030498913666103,0.35008512106863277,0.7695633133670241,0.6167893423165098,0.5829120054260214,1.0119755099423298,-0.18824072000800435,0.991196222354226,-0.03358908186763854,0.007261951236250168,0.05778906612014716,-0.019295218843561873,0.053968037616995534
0.34330737885654855,0.6213123141069512,0.7772106820920162,0.24178197837387588,0.8020855326014029,0.6321660640559666,0.589909480883707,0.9004682757538048,-0.09576581053998673,0.8833189807579748,-0.05312721303777962,0.10032809883086567,0.0459244795652999,-0.04432425686712786,-0.01459381108409779
0.36730926843644396,0.5681276585693423,0.8253902203923791,0.3007428472237322,0.7944420678889185,0.6730154277255493,0.6605756012777381,0.9481356571255173,-0.13161382717813114,0.9169773941566507,-0.0066684141400644645,0.0838980386803611,0.06541839430734223,-0.018407062173310198,-0.08692697490969863
0.4144228403581864,0.515741240396439,0.9049762634555286,0.28150962838781146,0.656069492957425,0.6676633609935994,0.6834404369377981,0.9361558147886739,-0.12142321842527706,0.9389233358031139,-0.08580229400782238,0.07268993433922505,0.1017548074403977,0.13284338725624706,-0.05819140956873666
0.33588773302486763,0.5254538545542385,0.6823569522708567,0.3155106156261409,0.735583150073113,0.6506228278448278,0.6165399838532803,0.9780455570177983,-0.0010945308539765386,1.002518361938907,0.04502577912175709,0.04504748676227191,0.3042936149512897,0.0765469670184496,-0.05203782733816072
0.35374042348959556,0.5279888195019085,0.8317681809010682,0.2896339002806491,0.8544871979649823,0.6068201490747936,0.6607590862330511,0.9758017258820606,-0.047825586764498336,0.9643336161226376,-0.1706208267220991,-0.1265008838386074,0.19829698279181968,0.18316706673817473,-0.06886716591105284
0.40920484845075134,0.5957739451206843,0.8365994825890333,0.404427963947032,0.7524377228270387,0.5859845622045888,0.8045417723563192,0.9823987798208472,-0.09356714521340743,1.0078880342827718,-0.059087008446541064,-0.11627167413654678,0.1664554236100719,0.09441906820218124,-0.2208104281604432
0.37426014677799035,0.5790074193886884,0.7958017852474768,0.3262538822340512,0.7669890349260007,0.5739555813616718,0.6874145043419118,1.053985817384133,-0.11367911928660157,0.9597823040224356,-0.14240482330989393,-0.13954256539586776,0.040027153605860774,0.15900791749736082,-0.15384952260349266
0.41372577576921377,0.6136539849022359,0.9113124375486767,0.29635492872299324,0.8359759137851834,0.4676958927911359,0.7687864315935995,1.0349500820397384,0.013848103468725214,0.9887972166870715,-0.2947272830282807,-0.47049280362398166,0.09721875358905366,0.030359255220548206,0.05605437727936795
0.22877172578730326,0.5943678911093786,0.8197082761306834,0.3423898357581662,0.7461963247064185,0.5246405970603648,0.6505263356840597,0.893799374281267,-0.020692397323102123,0.9339633036507741,-0.1415971395984519,-0.17415116676598355,0.09885800171549458,0.103890750480824,-0.001117421023091203
0.28902621932235745,0.5871281431128745,0.8995015542326178,0.3544435233761337,0.86856320497056,0.5445689958707666,0.7448409402222947,1.0431145420540338,0.08270814508478065,0.9217325324367063,-0.14249480338271536,-0.11601720801471146,0.11860877479617449,0.049610007518382904,0.07194481613709133
0.3941909953422108,0.5003225629613637,0.8327977581080948,0.3284622261569543,0.8072717817324848,0.5649669755379119,0.8067095278579668,1.052089624440976,0.0019364342493996475,0.9279243449666225,0.07803373298260838,-0.04738236671498647,0.06653439908681241,-0.01274437329000349,0.19227355254293518
0.4065792053214635,0.5302995269068257,0.7557364341828327,0.3138117956108385,0.8434485018776009,0.5528360770566839,0.6597296333647861,1.001959042089608,-0.04390764070318597,0.8405733878034123,-0.01775026801894214,0.09586339792362322,0.24361624649263552,0.007370448376589105,0.19223147198987048
0.3875611473164304,0.5914246882370824,0.7341003262267999,0.3799712720378557,0.6898289679254896,0.5690313477414395,0.728624902489232,1.0133165776363129,-0.05617775664234044,1.0533655444441468,0.08944649099134974,0.09140198747581821,0.17356795774750783,-0.06886646312898907,0.02624335795911839
0.319886957275892,0.565555352838825,0.8203304790832283,0.3584267161999561,0.7383269390875702,0.549524813875965,0.7793969265468609,0.9951726190297994,0.012690627673732677,1.0481894581092421,0.1729923517008528,0.14830040938694944,0.14118087818102176,-0.13213079020868054,-0.02733302637215153
0.24983944435549787,0.5450005737761328,0.8752110993532979,0.37709091105089676,0.8231103746764227,0.580095325928257,0.7417927092115755,1.030030152906041,0.15521347357578658,1.0200166463434561,0.07492238001066506,0.17859973004049395,0.22292806275501748,-0.2626365784425099,0.06112352543440993
0.3040685916591702,0.5922502763900002,0.8428792951144876,0.2998631865261763,0.8101868499143846,0.42760306153793864,0.799736120112953,1.002761449779756,0.013891595044972407,1.0225256316160554,0.026874351230968627,0.11452980625952316,0.14217392986911354,-0.19146657331861314,-0.083270031967666
0.3741346502453858,0.5993273500642115,0.9302571913487295,0.3963165694513306,0.7434709227841115,0.5411499658178647,0.7904086529816235,0.9919493229406025,0.06957060277134176,1.0401783646140093,0.03706785415445618,-0.07704450085601205,0.06903198951627101,-0.13759211923837517,-0.16025620062173518
0.4027221264224941,0.4714915498261938,0.8298829646917527,0.3366497777549501,0.8239856898686062,0.46792669117339386,0.9216781077452831,0.9742309846640022,0.15000660176850306,0.969660296176134,0.057975878131259935,-0.011035357295347499,-0.00820461030033083,-0.13031142084607844,-0.00888293896693193
0.3955028257676798,0.58495916511643,0.8648671253400761,0.28926624769904374,0.9045144347754113,0.4919470224478088,0.9289251689194078,1.0020099728300653,0.21938510267092554,1.0630496762558863,0.05786606724500594,-0.08662491814106754,0.07998106486801011,-0.0022838720406959806,0.13944277169528196
0.3658681499253824,0.5822625362070315,0.9130947053366243,0.3038247601997247,0.7743129565953231,0.46951848428567816,0.8289857647609016,0.9898145338820441,0.24458772996300657,1.001588838068813,0.1801095386682762,0.0026773340953067104,0.24536349767106314,-0.0683347026007622,0.16663308602538257
0.37731816024873593,0.5490018839939125,0.8483675463232316,0.27339494435852973,0.8840832487527809,0.47994629521705884,0.8375946990563586,0.9011019220794791,0.18773409701635302,0.981382185097417,-0.0037438501102228516,0.010399325813363875,0.39994273871759545,0.08347384255775933,-0.08769713332571458
0.4273928139130596,0.5551460875968688,0.8084320033178064,0.3603768938665848,0.8541941398330696,0.44553119192888435,0.8472460519534512,1.0128704046638022,0.24550834988831843,1.0343626088136355,0.021872270634989376,-0.030432240647305826,0.34874008903176296,0.06996470731013972,-0.17363625755417775
0.35053864054403605,0.5489646870453824,0.7417565375794958,0.34751148808042337,0.7871425481829444,0.4730015685170163,0.9024954906349576,0.9840258250083738,0.2618389527565663,0.9023240979102829,0.015316803706371966,-0.1623113954816188,0.38859752123036234,0.06090248440676851,-0.06547288877580537
0.37534206389152214,0.7079781335359341,0.8880324637877017,0.3056681622108526,0.8727127902258685,0.5372456122097391,0.8303787023924422,0.9833151691482077,0.2062110446173816,0.9599673351950087,0.33092248967958005,-0.19145903675059386,0.12350664846747925,-0.08754665523747657,0.023262441172375567
0.4197932239272656,0.5053209435300832,0.7720430961993837,0.3459805575252488,0.7616125211483821,0.44857380450009804,0.8732404166346474,0.9745153104027992,0.1544791598880001,0.9755171904263468,0.2548548915160354,-0.12524946794173972,-0.06824175702220021,-0.11662372009529454,-0.05691330865948382
0.40382619184875623,0.5598860338427185,0.7814424596093522,0.2914907880112885,0.7942871287659838,0.4208242328133313,0.8927068891709589,1.0785007672960538,0.3524217987598449,1.0219693009648831,0.15894932156008257,0.04625729354769638,-0.022104086244937267,-0.11295975012552203,0.13551113950327853
0.4550465374926346,0.6897331043490373,0.8266214281663717,0.27932438349361133,0.8403639640459662,0.38652574076749996,0.7922259734415549,0.9137631789312624,0.30085700707857055,0.9491841014723166,0.19886752943294198,-0.05126140290004715,0.09013556688495013,-0.08902680682217425,0.022433039499919177
0.37358296083930825,0.5272036491974763,0.8925548213177,0.35399259810694106,0.8355255743459755,0.443416504831857,0.893404834066093,0.975047677325383,0.3129485871821234,1.0748812043732392,0.29251724517597244,-0.014157442093197161,0.17498732875015716,-0.1481480406140046,-0.024015664038505198
0.383475543520106,0.5951468387427433,0.8785905434422825,0.4050920111970898,0.8020638117235224,0.47579049096310116,0.9340002829597096,0.9118763554251493,0.3655338077331768,0.9905459596367251,0.29599587159206475,0.08542309118145344,0.14394229240905085,-0.15504546284450113,-0.029468824630427812
0.39132636052770453,0.556280101139157,0.917054451755614,0.38719882007977746,0.7869815823420664,0.37459263789160363,0.96402100192206,0.9194870397162401,0.31059900375822797,1.1006881421400692,0.21953749662025704,0.05173107802359636,-0.015153051328657852,-0.22675335996328294,-0.048181168437837665
0.38673210625474397,0.5961720654976078,0.8254207100656434,0.3281210130280533,0.8408812782659519,0.4511150984641546,0.9113763239353153,0.9227654420986633,0.3767029307663361,0.8857187879588471,0.1819408525327827,0.17870245116815953,0.008168530778686936,-0.2614834268497823,-0.09578784815856403
0.42307778216096625,0.6280400452167496,0.916008097956212,0.4229910505534027,0.7704640209983883,0.36113482594596125,0.839757655037606,0.8507218078415997,0.3262709557078331,1.0937308711232814,0.11306729439641391,0.26861242000604807,0.08270854656540387,-0.33697982671490456,-0.10651396531537678
0.35697131255196246,0.6459729539668412,0.8926881072281523,0.40645259556200947,0.782051714554672,0.4035716182077975,0.9487018702878726,0.8711358764705723,0.30678991469150196,1.0507051762703763,0.12579976732152887,0.18657963936274588,0.0698901987551889,-0.27139723356139617,0.08119341588394934
0.3897674825015611,0.6187470725543858,0.8302298116394613,0.34859686928513717,0.7933817102711359,0.26471094386066163,0.892980387688349,0.9453647714269849,0.3576907145036091,0.9873706940404918,0.18629730592784305,0.09720024867379173,0.2546723080181921,-0.19011941739015903,0.15767949512969123
0.4071234667290589,0.6363910506230792,0.9327918476043203,0.3391315416950308,0.7893368148838716,0.4028055065449298,1.0102188250151154,0.800494061184615,0.42427100078258234,0.9363140267014737,0.043272386708100324,0.10370132756161099,0.2392399393181679,-0.11044812818707647,0.005361542019149859
0.32610432729297584,0.6385192827060023,0.9119719563930526,0.326740005389498,0.8080161029257936,0.48487897821738185,0.9808946502409522,0.9508916842611711,0.46361853332585345,0.9805252033599623,0.093028431346273,-0.1036003458842441,0.2558556702619801,-0.12273731195539526,0.0788100709025794
0.41415901770135577,0.6409145652255948,0.8835897773073373,0.43393670353001107,0.7957029318858121,0.30253616911622633,0.8804014792508863,0.9149511573615015,0.4289367483337294,0.9704412385961074,0.18391991658534942,-0.2678351333274201,0.2768251430419746,-0.13571178434576028,-0.10530002733229359
0.3559246103695288,0.6262519074632463,0.9702772662637611,0.3823348257301625,0.957685474954898,0.40522721103375314,0.8931391523368301,0.8127102464028182,0.3884936783023286,0.9540662827829994,0.2096239949796036,-0.09726847953366699,0.2782379657837346,-0.10694129053958867,-0.042078123261636624
0.31273882129840136,0.5383039447999814,0.8497086009739706,0.315478366353379,0.9144399324672662,0.3524686358987176,1.0259055232676935,0.8784992807233213,0.47456547618818273,1.017620293855258,0.11045735088517912,-0.2588360874649311,0.19713623724895352,0.012942763493967224,-0.0639199163265869
0.3966971008368708,0.663020352623418,0.8829423214702942,0.3472262033930554,0.7883940921288634,0.3526189991432216,0.9697177357462908,0.8089910962605332,0.4386582103802546,0.9419833202249798,0.09015918898086392,-0.23706458699376157,0.08992055271689706,0.08052182790707582,-0.0969631300536151
0.4066724833398076,0.4979301365113878,0.848750957617873,0.3088695889271724,0.95504492880138,0.441430370170643,1.0242984220518285,0.76373787733612,0.48767478161790556,1.043295679822497,0.04160574775421628,-0.2023213696100506,0.11343715391332787,0.009976323182136843,-0.16103928201157458
0.4762144708019306,0.5635295855510174,0.9360646691448602,0.3799747183193879,0.8631281587689684,0.31926184378037237,0.90457393549293,0.8854899813628309,0.4676865845934489,1.0604984146424656,-0.07427131499740476,-0.010552761583973558,0.06918792723713299,-0.12392062804441767,-0.3186736287417241
0.37567746713539346,0.5415254648017942,0.9178534246999359,0.30816844368296625,0.7522396308518986,0.3653096979742749,0.953191213941462,0.8115916919216829,0.5114982360298238,1.0049577646514554,-0.2504767538266394,-0.04381925959073138,0.027314230112604095,-0.16465944897714235,-0.36519994125087046
0.41893051894112443,0.6216135040800848,0.8996740377846455,0.39404569015471563,0.9121304316897054,0.29059634136321116,0.9895526212765314,0.8266429110403275,0.47149797029217344,0.8488577431064952,-0.11616615874673986,0.01052236194935334,0.14204086544709174,-0.18689999054121753,-0.16887258056105503
0.3838441316695256,0.62135274949526,0.8804714289470219,0.4340054212551944,0.8598353374074272,0.38199982313065795,0.9720136779733379,0.8704444033469728,0.5176245944103701,0.9806853220387166,-0.027052019641768926,-0.08674884134904794,-0.043274811867720364,-0.08817153215907217,-0.045148397995559364
0.40250608320468234,0.6581674459921008,0.9161018975222733,0.439639277311389,0.8238366643835099,0.3087361002424673,1.0710990812467567,0.7637377086773732,0.7239530625679577,0.9185240911855574,0.09073220788589138,-0.11300822546312424,-0.2462402816210474,-0.01967354675337782,0.17472036409319336
0.4133332027514563,0.6419287940157294,0.807664477038664,0.3136697359315993,0.8522111115029599,0.3734763027765131,0.9724505468001805,0.7699444038140284,0.58821427007778,0.9196607623902314,0.01613544498418852,-0.1784735439850189,-0.3690233614935848,-0.090818682288533,-0.09410419606124716
0.5078575977558643,0.6269871967765165,0.8833064146326561,0.3293727447360924,0.8039245197633864,0.22347926997833506,0.9690238501881566,0.8430345769476604,0.558289359052432,0.961224851042236,-0.012427576683748017,-0.12267635916057985,-0.4680871349277133,-0.19744098554861475,-0.042062464343068706
0.40942359636445574,0.7419421114439292,0.8696531313453157,0.3859194453793552,0.8980311052824822,0.27397901734699653,0.9368306860163306,0.8687156255148913,0.5434075618452543,0.9473769572471428,0.1341352095496892,-0.2393376080730122,-0.5191818462600986,-0.19090776950795113,-0.09800896815484589
0.4076919059941992,0.6128021585090997,0.9211955871605038,0.3991515849466458,0.7626605706632578,0.2748509767240465,0.9373436379196287,0.6881200268036357,0.6227722411465983,0.9609852625685548,0.04326510358343343,-0.08703615966704725,-0.5237977073142047,-0.026645733029954363,-0.04303214470819267
0.404803569521105,0.6321207343746779,0.8721824729044946,0.3568087562645226,0.7787527535169423,0.24411545249050046,0.9535195218377818,0.7770002248626932,0.6007343049938274,0.9248375376215572,-0.028734386134229885,-0.1627088348028121,-0.5848926551446352,-0.22484158920068428,0.12848137935454607
0.44321510869135855,0.7166968243871747,0.8644498087527781,0.4088973593285779,0.8480451020171291,0.27284019823852834,0.9757067840762468,0.7234252288764541,0.639348374630184,0.9017880682618765,0.05695843857378227,-0.07130114861368488,-0.6114405153632022,-0.10000225550756425,0.0847141626354962
0.35333054036567124,0.5862091102160523,0.9032026025432858,0.4277600362413335,0.8079216975141099,0.2459483656933487,1.0655942752446397,0.8063106299080525,0.6835953855708264,0.9088315188176043,-0.04364297575174334,-0.1596832727151643,-0.4529377322811645,-0.24081941442655436,0.20077763050188957
0.3556916087796375,0.6345078169416304,0.8764551236339678,0.33071014004703153,0.8252106901375162,0.20320590841772096,1.0755494468652438,0.7986611506950351,0.6855202084845864,0.8736829647304861,-0.20957041584363897,0.02895818581200091,-0.5136543341536756,-0.20091480032047027,0.01353253069259669
0.4092099568003084,0.5846590603905732,0.8633370755944677,0.4066803669430753,0.9008021638563568,0.21879912968061943,0.9485880696279451,0.7329055369259702,0.6818479514162267,0.8899888092579307,-0.016012675726912964,0.25263915301318934,-0.4260090195577208,-0.21111982037017446,0.032774450473261364
0.39416513819288523,0.6706037980206756,0.9703921933736573,0.30153664333106905,0.8472025343583416,0.21003451820384664,0.972723833550049,0.7779426831157337,0.6996958136089554,0.8317580915986743,0.19320310993346718,0.07931347487608703,-0.22467237215837427,-0.016059254640374027,0.04022382561636668
0.6021316981034701,0.5938994540398365,0.9160347929771874,0.39835380785882163,0.9223096216563352,0.24497114839470857,1.0677497541922507,0.6027414410269315,0.6526141697474649,0.8282552963010216,0.015247922663528354,0.2937102628317855,-0.4034029384002519,0.14602356327781033,0.004260954302433371
0.4745337225338167,0.55180585209191,0.9599800762057041,0.4540384527562961,0.95993475649555,0.22412594241346598,0.9680323250898165,0.6920086682704442,0.7459044139939308,0.8984654480226845,0.09085628860543493,0.22225906768369277,-0.13439927604882365,0.02115405869844164,0.025382564083530172
0.4490736233928472,0.5956193868000955,0.9188278910290071,0.46932031811724323,0.9404605841226916,0.1967282497852916,0.9740332624218846,0.641727996415212,0.6126990981638946,0.8776025140092047,0.17534024515792612,-0.0032616969325360012,-0.22014998195922664,-0.012558872711934328,-0.05568411040994635
0.32288707063504857,0.6731839235103805,0.8389941683962426,0.331408036350878,0.8456523514898012,0.19041561965937087,0.9044654000464805,0.6126177372402137,0.6976877827707421,0.8249579956781194,0.13370155516532078,-0.1095821212293745,-0.04912997680741282,-0.07410544318337238,0.015534133855696936
0.4418158546185867,0.6896880205326685,0.827916931456717,0.38067473141083963,0.8944555088364962,0.19254157651299603,0.8581834172889017,0.5499328012767919,0.7463324582094084,0.8482826115932495,0.1280194801099654,-0.03204995766057187,-0.11577854001911539,-0.052351405052034124,-0.15166898197831638
0.3579544033271168,0.6455939617161224,0.8333393557222268,0.42111654545541966,0.8975572574650718,0.17114345650936708,0.9947483703610458,0.6569284308688765,0.7267737891921779,0.8043941121270362,0.05545008000830161,-0.023799138874065928,-0.1517289994921345,-0.17689968416650267,0.067860764368123
0.3871684826088198,0.6047702193286151,0.880670759668255,0.4142683953377912,0.9398651523207108,0.1932251165170973,0.9461792310821299,0.5942752649511245,0.6859056078853344,0.7426353313772541,-0.0051524363925060865,-0.042930271522196584,-0.08696448900612803,-0.13554200904409497,0.08831321432120792
0.4117221553550088,0.6124228636316136,0.9526247077602156,0.4463829342925046,0.8761811968874978,0.1579178411799154,1.004334740468775,0.5826652681754088,0.7614097746777264,0.8302150804354316,-0.059592036790737136,-0.09842454510884774,-0.009425002295656043,-0.0040984293261812355,-0.11166388830318594
0.35817931202760306,0.6097897844527708,0.918273151546345,0.35524509493611833,0.8328664060470258,0.17721881163925687,0.9961521213578952,0.561482398726859,0.7723265083112587,0.9013008936281955,-0.0430326595322012,-0.07405036334017233,-0.038069734978387136,0.06160258423621044,0.01685342807662503
0.4816729578602909,0.6647790490296156,0.9531965362355437,0.39940926447331543,0.9489089730540575,0.21627442836710087,1.0088858242316374,0.5058783444659106,0.7698693042518513,0.7821718793231998,0.0476768016560908,-0.018193356921730346,-0.06119263842608716,0.025489130307824015,0.023475907366543695
0.39432990328632256,0.729910840874423,0.875599633548308,0.42300713889018815,0.8806155456477169,0.08376366656795076,1.0367940084876288,0.4859712591872093,0.7215522434455268,0.7324513731762602,-0.1796266183529199,-0.1634655156391541,-0.1311013138513708,0.01241674402511241,-0.035774619513953616
0.45779674831040684,0.6794327266966635,0.8797123273160257,0.4987616371027932,0.7768913972732882,0.09625294042548385,0.9095462153278915,0.5036429341703124,0.8337355425079795,0.7951258276564104,-0.06035279463556395,-0.11149724737325864,-0.2348425887246094,-0.117189526641714,0.06083548880713223
0.40508149818921557,0.5700266926791999,0.9072468040504577,0.42651159733103844,0.9219610124903993,0.13625974148908743,0.9607608158134258,0.47016288919712496,0.8473401673621538,0.7769990356808775,0.08243829364588467,-0.14516612745269297,-0.15303779091549322,-0.03663860455877645,0.04402177977936185
0.45214427730236095,0.6510095322253369,0.9353034832968118,0.36032482903997076,0.9688411321582636,0.15424237229231913,0.9807315778188381,0.483228369288539,0.7981174309272762,0.7202363362910674,0.059990477601879845,-0.16608578715344885,-0.10190624329226482,0.01002215356428009,0.16574483301679613
0.4470434506419868,0.7139069262145481,0.9613491711030234,0.3048087914230812,0.9005063783051135,0.0911715214552988,1.0098139775036041,0.41961419424988433,0.8894571041310061,0.7196118527499911,0.00016656522152045522,0.07646187765672646,-0.08063960033835164,-0.02781934176775349,0.16082656186655378
0.47546582033216983,0.5969518835897896,0.9339429156803487,0.38152992950517356,0.8592012490735548,0.05367221990849979,0.9917854796983643,0.4184824265685966,0.9094410684455567,0.7026545056589495,-0.14519677682296978,-0.1872392065441138,-0.12028969331221989,-0.04074680540299582,0.14673583016513986
0.4344564013023749,0.6824553383992628,1.0050663379190223,0.4130662940665388,0.9092386097211174,-5.3266323741377186e-05,0.92084718682241,0.4890409588210345,0.918653975595143,0.7204405148804807,-0.10662552642542468,-0.05952682116264753,-0.14555986078874616,0.1987535630173003,0.0832475023987764
0.3277718493299583,0.673026264652554,0.935473303123709,0.38421281221722803,0.9615047495252611,0.03874981389333597,1.02245528193462,0.3810090102213238,0.925822409801133,0.7786605827168803,-0.21583566385219255,-0.017667372413501914,0.09722581935574512,0.260256809499504,0.13772100651888744
0.5605358810911905,0.7436873206312764,0.8257037845848544,0.4289684471174098,1.0017404026243064,0.06108006188780868,0.8319017619038004,0.40500885415443155,0.8772941671819753,0.6152304233209949,-0.22467448325518158,0.10498423543434791,0.16611399819888537,0.11199953211829079,0.15679719575913953
0.495411421395052,0.5471697204288496,0.9801994687049599,0.48581183375524056,0.9342498525213906,0.06514782613441525,0.914418009081319,0.39617636250323424,0.8592563989895363,0.7175459515962193,-0.17960437768529736,0.2175501924686244,0.01820114855920496,0.19122403674582428,0.16024607412434635
0.44016953633838257,0.7392351333678856,0.9055218527385819,0.3721981327763187,1.0169173396227105,0.06111677175801738,0.9559909734581232,0.3847789024318496,0.8305806826145004,0.7322556910754392,-0.06373159841700934,-0.0024638318784205027,-0.16860951548631467,-0.14173653352611826,0.08600719458343543
0.5358499085417565,0.726207778686414,0.9361153019718715,0.36761983582774477,0.9991462487300272,0.058579736193848646,1.0089343669582949,0.38495495291139636,0.9170627500531622,0.6054373551596304,-0.03866439585580266,0.18225450551027764,-0.09738165899948346,-0.08433630354869194,0.06492208520324551
0.4336118334590273,0.6787671815168274,0.9761506316340123,0.38531007879672236,0.9808913694720539,0.11874312127319318,0.933010724049619,0.3572405543818997,0.8929563279901735,0.6195535731999238,-0.04736441142861403,0.10513874259192002,-0.19979925453848885,0.01298738290283264,0.32144015700972417
0.4150270014251907,0.6561383354606493,0.8713012080206332,0.3787345324454142,0.9210960019646589,0.05403641033126187,1.0025087393330732,0.3532286712986299,0.9022354013475937,0.7084384272573758,-0.1004593724188313,0.18691079780491993,-0.12795407699775269,0.034981750704934714,0.28791521850003665
0.47362035705580363,0.7806412479545508,0.8877690603204981,0.38892782380492064,0.8781673839091704,0.03289074411294695,0.8479966328108254,0.3470493250905338,0.8738196426103352,0.6050918579324313,-0.16443264785372777,0.16123083345235956,-0.17581560842372293,0.12328175869023672,0.18044009639579264
0.4530573405027696,0.5845740808012189,0.9116794621057169,0.5061542527644037,0.946413789417339,0.09108131359008939,0.932753778419319,0.41392240538159286,0.9600329090652381,0.6362208941617626,-0.03514448186970179,0.18815147068861016,-0.1923327884066954,0.04412875045260819,0.0455571177720569
0.46058736539780654,0.660674441770031,0.890336214241709,0.4532820034045816,0.9044486779802281,0.022023041488399408,0.7760078883574977,0.32112330179033943,0.8191427642300897,0.537191787097393,-0.16640538893603132,0.14279307023867918,-0.2679865109024435,0.028575530344006256,0.061694146966576074
0.5064526598972674,0.6878770688816965,0.965221757911043,0.4179317930661687,0.9339951938999304,0.017455211260001005,0.9006652059226684,0.13677259531892239,0.9460883577107174,0.584536807489491,-0.34424979578238923,0.08888615767436928,-0.37655246856708147,0.1672583358571209,-0.20680763142494582
0.44977640653794276,0.6931055272156799,0.9758683386560632,0.4463502974902061,0.929260214111294,-0.04915148166158618,0.9132649399687722,0.2404037067385318,0.8727455752587915,0.5517824575476736,-0.29588927805714105,0.1532418198826826,-0.41098397224082583,0.1476424413329961,-0.11535890862998446
0.5767643202481366,0.6516070358265197,0.9862908211050507,0.4536097026511167,0.8633130191317197,-0.027203855354381745,0.8059194988769873,0.2569351770730523,0.9539954817612142,0.5705985132030502,-0.18621437193203544,-0.047222215080225616,-0.41968202430518053,0.1394684147205464,-0.16845599228640354
0.49592269976793546,0.6763218977117729,1.0202407018033919,0.3712800432477401,0.9105017289047838,0.03695663759574701,0.8741923259061789,0.20308229413542206,0.9193497155845518,0.4384629740620439,-0.24319877694612868,0.020468926148293168,-0.3874063638117098,-0.01734581227711092,-0.23872014213120007
0.4527299869387642,0.6553173466329009,0.9141350941072098,0.4466282841040775,0.9443135740908136,0.003300409397635977,0.8445208386507518,0.23595332515393272,0.9537833361522525,0.48754028177659436,-0.07388141601843418,-0.11866996297428056,-0.21632752247623888,0.04280617875664922,-0.19787166126925748
0.40601611930552284,0.5942713961557687,0.9492590096179708,0.4174936720979449,1.007717719989858,0.013247412975298536,0.8033897259734769,0.20522423852206276,0.9278726157369415,0.5302409983470703,0.021723821364826174,-0.14241709273181133,-0.15501633234022968,0.03505306317866915,-0.20605876783525234
0.44131076246421874,0.6871694912600927,0.8658796373560014,0.3905470007495364,0.9170421767339731,-0.0014965324593339685,0.847775589387176,0.18188888234565798,0.9658763984489103,0.4766159992782443,0.07136322452668123,-0.038834520362940925,-0.13870324157545436,0.08837114009732905,-0.08822513207650579
0.5039332015323763,0.6533733101063661,1.0538109532115694,0.4055951404155131,0.9586804574330591,-0.04563694680446787,0.8435527533048508,0.14517214436475157,0.930393427851036,0.49287913413172074,-0.027606584334865458,0.13341552839549747,0.028753982454031296,0.0012427206825756376,-0.13791757271918603
0.41105625106749455,0.6456561580736128,0.9498222677718496,0.5154917784771111,0.9037582521220499,-0.13181822873943366,0.8056119863547244,0.13105632740271825,0.9994466061074992,0.41504702792584647,-0.1786875606521012,0.029733817810190216,-0.027538821305651284,-0.00818314786044267,-0.06751961431890202
0.5379820229525933,0.7322145422926405,1.0295627736517248,0.4274360086140776,0.9388571949292479,-0.021643902473213905,0.8606781643044987,0.21498257067502813,0.9578327247295821,0.4404626631608511,-0.0676354803724539,0.2634505215180193,0.055799579150155924,0.055196638958110264,0.022914719627934448
0.45349207698501737,0.7251473648850473,0.9987076006304629,0.4044849751268934,0.9787840071941242,-0.01613097774386188,0.8094511267893372,0.05454010565559457,0.9719765697026652,0.43149661572977194,0.04466730283326482,0.0693500611171059,0.026120664833268126,0.31549110243786194,-0.01878682413825608
0.3949643318807746,0.6960750768905543,1.075951735567366,0.40516783524249184,0.9296259604198235,-0.015996324293356096,0.7593281385605325,0.0029802746096565386,0.981863869776235,0.38160872946487295,0.08627010644937702,0.18953401752648943,-0.03336658868194693,0.012194012536254434,-0.03195576985703981
0.5562054593973456,0.7078806147339655,0.9466566749388229,0.46813078151570475,0.9177640011375002,-0.12554082895731905,0.7691541973443823,0.06432397550157355,1.0273112226986312,0.4267378215654595,0.031179329866538003,-0.03312010184751921,-0.08477909872288197,0.11129923471220161,-0.12147062410980314
0.42518133452926254,0.5952776270068421,0.9401923924427809,0.524537810803523,0.9760151123444522,-0.19381285591569844,0.7663431516587472,0.11117918247333855,0.990902121521119,0.34956939830682765,-0.014628555637905525,0.01168009430221819,-0.009078907342746662,0.1366249639974976,-0.05386923931341993
0.5573790886405072,0.7059590948627119,0.9441294194719817,0.3701128108147584,0.9815232254192482,-0.1555040562333262,0.7112858471729943,0.10608642182978863,1.0841536290162805,0.3882042012643915,-0.0009339801551757655,0.09752691195507218,0.03711983370547447,0.052281506864333444,0.19424188772004963
0.45067168769657057,0.6847213664187182,0.9307356604051861,0.3361887993116927,0.9990230334480292,-0.2459470842475229,0.7875222693150944,0.05228665725577744,0.9248366053913007,0.30014076552186175,0.0169376548154071,0.03712263363859282,-0.08025667266022643,0.054070502019036557,0.021558736288917232
0.540861177032218,0.7416403239338055,1.0491530801123932,0.3666602538068043,0.9009554982629232,-0.17384683632497838,0.7650372824960816,-0.0073227150224099,0.963061565735621,0.32749351326206166,0.06141124816077853,-0.013011538168800567,-0.19242911539536306,-0.0939169409601533,0.004896012216802725
0.4056359329662713,0.6439944095050112,0.9790212701823463,0.3254897694305155,1.0940108710449468,-0.1989408836052647,0.6641785026607206,0.09285308439372503,1.0922225752551662,0.32453848141764213,-0.054205864041832495,-0.07708960641191036,-0.23772097328153546,0.0833674797094156,-0.221400031759205
0.5268206482563033,0.6578441040258629,1.0188142134518885,0.4247997526724076,1.0025909284046677,-0.1533677086644681,0.8189774899944868,-0.04070698974606789,1.0011061635920735,0.29009808784051616,0.04229330128661557,0.03501334151443694,-0.32391452281858985,0.04503791311110503,-0.07625020509226363
0.6034644413209237,0.6566562121881381,0.928291148292993,0.525173790618594,0.9571986443642727,-0.18808338595605864,0.7308503993197368,-0.043224834623867184,1.0450236180942736,0.2743284552009087,0.06632989513853317,-0.047269986529339586,-0.1974489430433511,0.12800970298145792,-0.058415808166919485
0.5110653495416159,0.5634414425464294,1.0064604054233213,0.46179633533490294,1.0618603451964013,-0.1560188618010842,0.6272559173405464,-0.0805873361207258,0.9313732439972054,0.30063895588277345,-0.021440268715893218,0.022936424257384777,-0.18593653887063782,0.25942308862867536,-0.082017190628413
0.42027570488506094,0.6316144151533442,0.9716819868445629,0.4914129050519283,1.045608036899005,-0.19383497427380014,0.6433955701203421,-0.17632546459248616,1.0180298634651186,0.28317955341191603,-0.059579613415395645,0.22102002056073022,-0.192583398396036,0.162376695171715,0.038431720605270704
0.5224166433684849,0.7072581615091897,0.9912459829053015,0.4745114209821771,0.9343593547338656,-0.2088393586700764,0.6687177874099666,-0.0318822317343489,0.9615421856204821,0.21621196684151228,-0.07410763904819194,0.340567275242319,0.08122115391876655,0.05236171676419565,-0.03747786834137824
0.540967586793164,0.7693570400242193,1.021098039956545,0.3129306935253943,0.9400723470698734,-0.16550467042645012,0.6918091535422877,-0.1256309682340618,1.053041538228297,0.34740545198656275,-0.23570860926751408,0.24334833488591884,0.19103551637627916,0.12118053414721329,-0.17605671748990998
0.49704618667400585,0.659650862469116,0.968846200528089,0.5006512263619137,1.0192100440331184,-0.15842190592546687,0.6681946439565314,-0.16134027433402184,1.0071664633381052,0.26163833667959435,-0.03957355919778924,0.08842914076404494,0.059277212491860146,0.12117673333594028,-0.1880581587535023
0.48283985235992405,0.6590363110328831,1.0503861549194644,0.461830447755314,0.9791142583822218,-0.13318171015908525,0.621456835969558,-0.14652159296814782,0.9880187833875592,0.25170029566927127,-0.0976486346962026,0.1558326511550614,0.21848597796454755,0.1520187860484969,-0.15293775575203655
0.5340563612930151,0.7083669486688129,0.9268570615173748,0.44813014405129675,0.9338408788349444,-0.286656414719211,0.5691298519351828,-0.1623659646127145,1.0054943591280512,0.15351865069218745,0.10235157188162347,0.0250702867550624,0.07854237997439188,0.114195046347712,-0.16223774814234654
0.49235121157712375,0.7097067786727148,0.9661849714993637,0.498064129996182,0.9562748889761044,-0.1737248887865514,0.5803490909214977,-0.1949351174713167,1.0063949902987908,0.14680927848492098,0.019812824445170303,-0.006772784137350881,0.08440007316693379,0.128960708473789,0.011758706717680617
0.5080529201096026,0.6626297499255512,0.9956579765569711,0.3896182814679303,0.89446399560084,-0.16524408042511646,0.6129833354653422,-0.12520439738075576,1.0282584355307018,0.150165528893854,-0.170911660121966,0.1255607478035696,0.024186553099055402,0.12263101643785682,-0.12146378415683017
0.4756489200159463,0.596896729198893,0.9970718048830469,0.474663548964793,0.9474352162364414,-0.19698646012049426,0.5798891158571766,-0.23519677558612617,1.0237670163118449,0.11695211502853271,-0.20286194716941672,0.14552309067708458,0.08149142059485304,-0.031975283260536086,-0.18172687995777065
0.4571718104707377,0.6741597439064897,0.8317396505192289,0.45530541720484397,1.016355026196125,-0.23790921499354212,0.5751259657901838,-0.20740015248282798,0.9273239349585694,0.0707044030295825,-0.15925727523331307,0.11307594835523409,-0.021350307661396034,-0.056137275205099514,-0.10947531030913309
0.4997421195951571,0.6697773505011521,0.9935062806168884,0.496127581771819,1.1048021523158462,-0.2539361878589687,0.578292980181052,-0.33202910629550525,0.8994690540241028,0.10356664884010136,-0.02172825516173324,0.057696499416435475,-0.10792657873312585,0.0733862993059106,0.005342094760535349
0.4781136730151152,0.6270279195595436,0.9934862410667894,0.49750349495829704,0.9570300390912568,-0.1981192288044562,0.49547431221055827,-0.3004196562465971,0.9676562000843933,0.07349094411023875,-0.10140872362775702,0.18303153032252886,-0.11675431392248715,0.23547118992985036,0.17849288855253911
0.5038159662322044,0.7270776201392284,0.9424381090032001,0.5237827352614063,1.0467559536626234,-0.2979879844375907,0.5099140994795665,-0.2658011616167188,1.0163018899010776,0.07799879310224853,-0.07133084583500403,0.11810480152651137,-0.11094291950031264,0.08597152727603778,0.03691352746795412
0.46647213488305705,0.7185259570982282,1.019024291689639,0.36922672774371973,1.0033609722491483,-0.1958627191184174,0.5218906811135045,-0.24860073377683825,0.9098980982374112,0.010013231835867026,-0.05306768581967418,0.06369084124431496,-0.09354747509604687,0.0006753534271277117,-0.09387928065440782
0.553244275796458,0.6440837023538521,1.0171636414822798,0.47075559540416845,1.028255860812466,-0.20976543766470296,0.41105319916999206,-0.33686624591462455,0.9971779541965399,0.005744464035829053,-0.18680475791209716,0.38735662510569224,-0.13190654152795267,-0.04603040247111937,0.13042572619114
0.5214396428657521,0.6764891981169736,0.9911858675591626,0.4980557423466553,1.00551939972616,-0.3166345520092569,0.5176595965314102,-0.41231138768818576,1.0166570702918978,-0.020615428416710865,-0.015285139388978741,0.18122417908260316,-0.16435830677813695,-0.13714771622400732,-0.05846166155065442
0.37650518747529804,0.6462546358423016,1.004697582156053,0.4306700241394834,0.9674204525227853,-0.3047964093979974,0.49937088693086795,-0.34989468548946545,1.051769531779136,0.043900811376917606,0.04765602370109201,0.28987428505460616,-0.08256318526771164,0.04214112609382702,-0.06595330114643916
0.4853172112184747,0.759176132322617,0.9655352867507846,0.42498765517060116,0.9339723133327581,-0.28056786201184103,0.49511309721582597,-0.4289849055769038,1.0821039291000865,-0.06587707552874107,-0.022796757238603953,0.35876649487565593,-0.05455118105497911,-0.052224190276309014,-0.1008309906846515
0.5040260570065348,0.6733224894114935,0.9858092151471616,0.44940711731611566,0.9627428885124383,-0.26340460537421506,0.516060957281514,-0.49112340552470934,0.8795381342803537,-0.01811409131440958,-0.1573390912703221,0.38626049758544667,-0.14716949569077892,-0.2097918287133775,-0.22773506554562317
0.43788642259964594,0.7446880834737972,1.0264067928793736,0.479886649859155,1.023857817828791,-0.3757340258677036,0.3859779806365087,-0.35624535245307687,1.0133742748988255,0.03318048770740143,-0.028284037943353102,0.3042271314120585,-0.07352340026325208,-0.03000629619824849,-0.07076140418215683
0.49298409049244873,0.7626373185030498,1.0183780758671421,0.49017625285398564,1.0151054852160817,-0.30811704134938633,0.46155653385381035,-0.4929219769861101,1.0387870067010316,-0.11152422313699714,0.05441592468259258,0.30593453763149236,-0.00725055433473918,0.042013611549660934,-0.004599797607766
0.5280450921333778,0.7601415469889011,1.0285227516436277,0.38212078023093793,1.0624396037058905,-0.3598591324473153,0.4074765824791938,-0.4847807647921111,0.9445249366337992,-0.03734137679371931,-0.01020296227424259,0.1821833392929803,-0.030510537376606736,0.07991711325105355,0.017036016228810135
0.48995780972015973,0.6648589195009209,1.1246962331742825,0.46718058377777655,0.9867276333782259,-0.286599030167774,0.28312089857510947,-0.4356553618244085,0.9742566602914525,-0.04527625081357133,-0.12509578886075975,0.20932015054941797,-0.057983364362246555,0.04778018539005374,-0.054112412777527104
0.46763653596064475,0.7726618933139308,0.9963134681334623,0.48083270944829554,1.0878647970173008,-0.31464301347631984,0.36065327327750857,-0.5662289123357523,0.9978089795982552,-0.0716785462452673,-0.10028442653351255,0.29108081028433314,0.025339118958372285,-0.02659480200843549,0.006853014897295506
0.5106240116353084,0.7992793461487182,1.0591780649782878,0.48244960086876576,1.042134302936644,-0.4424012543239469,0.2868637603218406,-0.5319563692759024,0.9795358618323541,-0.1696510164116452,-0.09855153007773969,0.3235119423583055,0.16718597583263586,-0.013521590262602261,-0.19944015823053934
0.5344654634042922,0.7467375409986771,1.006393888670846,0.5233951362702457,1.0856994709909302,-0.27543422667577955,0.3670984583687723,-0.614198386453793,0.9241305388908617,-0.11170088556382186,0.03125555137664143,0.22991539023776,0.1830398152795626,0.0650999979734511,-0.21955028710211047
0.4620041220927817,0.7894457699376886,1.0431738294531923,0.43307837499788604,1.1096705572438204,-0.3790503230367133,0.3643697011663278,-0.45977827689077116,0.8841218305487556,-0.12553218125900883,0.009732011247369977,0.2567664335886708,0.29547777601712255,0.025873521094233503,0.002648634290755375
0.6369947668414798,0.6869700091187116,1.0547500975670663,0.5338451732733748,0.9850590951232161,-0.37963760583822237,0.22256221150191993,-0.5875822572140502,0.9334659817923331,-0.16469591710915849,-0.15796431934156,0.30151549971790925,0.3550795122260816,-0.037413594620674166,-0.1059282349261826
0.5181724173406473,0.7688725928390848,0.9504391488183461,0.4518609406250317,1.0522084987271483,-0.32888260353178855,0.32055109175388347,-0.5938778363080053,0.8900284363071835,-0.2371856437994347,-0.00198998908336899,0.30529150713634745,0.1698138781049201,0.043191464710629596,0.04618451149091489
0.5998335758603817,0.6462509623241061,1.038100014657605,0.49732697636509476,1.013672877585103,-0.3638152997592886,0.266044953742048,-0.6344753747045596,0.9541747433034219,-0.25602108220429765,0.060155771066574104,0.4215343332688079,0.07537887232018003,-0.08179923013355757,-0.07605613202759762
0.5467981120810271,0.6543727610413317,1.141050872794802,0.5813280808728103,1.0980818179532033,-0.46999287535803963,0.27211800773477807,-0.5211108238570441,0.9129154232967241,-0.25149772483181065,0.27747945674039987,0.34378434673250924,0.2049545014636441,-0.08711565997694817,-0.05213989615635162
0.49933022490375467,0.7005232179162444,1.0508704997603555,0.5428650922419735,1.1039589712675173,-0.3305322684793121,0.1611170397336134,-0.5847300645089585,0.8290567509712903,-0.20897103205151835,0.1384662137542599,0.29438347396425035,0.21256472315923808,0.16765481570015872,0.05987232820536415
0.5486773596282446,0.6831031417414579,1.0438686979493352,0.47704259747798405,1.0468938051583176,-0.5219869970831346,0.14631197300906273,-0.5405179226668995,0.9856974708528897,-0.28800587321544785,0.10723221477115386,0.4135628291884671,0.10694686546327353,0.13822025604993626,-0.02699275971700095
0.5090877122136118,0.7601540765342905,1.100215318568502,0.4484737779893187,1.0216026937540266,-0.4678908682401968,0.20758552585768578,-0.6018927100902914,0.801208693989893,-0.32153001691012695,0.019346553444918577,0.422287088221862,0.03131742197418423,0.01643926635576888,0.0008098818278863829
0.6021226616090632,0.8352185482658508,1.1100169824597819,0.46801795669161433,1.0717792685865781,-0.36656268310598733,0.14556773908850124,-0.6186345144047694,0.8702937730668853,-0.2654132369105358,0.08436687065489298,0.5245926696538892,0.21981316461500786,0.10980463598387649,-0.09166781531126218
0.6140165093980745,0.8245137974235848,1.0493463772346796,0.5965730471769786,1.096320764619403,-0.4971754061212672,0.2170801266621685,-0.6542718267050469,0.84735265634069,-0.3486811668136323,0.08384065920044559,0.19881851245995222,0.10245454948981875,0.07081639191055424,-0.06433710504434018
0.5164144018066567,0.7461284700936036,1.0100117916780826,0.4020816315019221,1.0873466129942646,-0.39887890918723845,0.20090096516438657,-0.7382780304214027,0.887756454353268,-0.18799103816728024,0.16155611741532006,0.08669710789689153,-0.0014426935615162173,-0.12246800157953064,0.025518653231435907
0.4079964051550462,0.874211283835962,1.0112671377527567,0.500841604798866,1.0620862632233654,-0.4455741446882807,0.081360268997697,-0.7024271365196862,0.8448160474915449,-0.393834428067546,-0.05168673118145965,0.32354204870220643,0.18212437006927867,-0.15334722341002577,0.0979664243754094
0.5636883767753202,0.7978948659351092,1.0733685352918285,0.6226307692474901,0.9581268191273871,-0.45388960070965184,0.1536921179411876,-0.6580151241108586,0.8666910128115277,-0.3185304725633735,-0.025444251630319527,0.4358727458216373,0.14320832945921202,-0.05707061606246926,0.007845369837481533
0.5124278767835708,0.7312786861749648,1.0880335152382055,0.6313615399829919,1.165223159337282,-0.4834541653554023,0.08900306839567408,-0.6981920943035588,0.8564440369293063,-0.36567569932549326,0.10013333855198953,0.2673080193294284,-0.029580743084980834,0.12865993194957165,-0.06372794513838989
0.49864066396005446,0.7136336310330174,1.0432930359839963,0.5298070938018333,0.9679552621853533,-0.5640088655000078,0.11824305262988272,-0.6892443028270299,0.84658641953822,-0.4126515207744817,0.15712693287580365,0.1809623430542557,-0.034941816773730976,0.12861626396435197,0.04343963974506674
0.5361185693468148,0.7932116256365832,1.057427218233704,0.5040946957431314,1.073417762964975,-0.5742798380318065,0.06715003440816458,-0.7115612260974482,0.7944333023636603,-0.35483197856903437,0.32161714614228476,0.06631075456358064,-0.11858315328463125,0.054331379107778854,0.005599121986035238
0.5854719256701328,0.7203421373554779,0.9658127013193998,0.5297848304345103,1.0251729239596852,-0.5692324627471947,0.06771811216824425,-0.7553232932412521,0.8627967472019722,-0.32822459337165205,0.3605565307593345,0.1902241094588335,-0.11769880603812412,-0.027409439987463473,0.19711484366580012
0.5838284841496262,0.8312950744275626,1.1002633416391476,0.5731456619528829,1.0700814168960173,-0.45244766271942505,-0.015563957391640203,-0.7150800847016968,0.868448172306155,-0.35308233769424374,0.2603271735073479,0.20296390574576467,0.08145243775122236,-0.09428035474137239,0.27447375709111177
0.5689723417388254,0.7220431437029019,1.1003274743077494,0.4958558638159537,1.0893425009673259,-0.4958201795647083,0.07775978569934297,-0.8666030058950069,0.7732495610726745,-0.43571356268016803,0.09972343389739968,0.06757863463141606,0.16780296438546,-0.20345338823541126,0.2914136373118315
0.5302426425620951,0.8317330748886805,1.0376302229078687,0.5683921352903991,1.086647225066368,-0.5584585841289379,-0.026983998955831985,-0.8403672991360897,0.8137094528927248,-0.42503437473669214,0.3236991829244885,0.10951035076771615,0.42160270990764503,-0.16045712222406278,0.1317771116790924
0.5478606092886991,0.7170766496774715,1.0587468169568734,0.5164595804566126,0.9496439983748739,-0.5167963232767957,-0.06986014571483157,-0.7217819235729522,0.7094914472074938,-0.5420805895862723,0.10300936963445821,0.08102601433196109,0.3889053469967005,-0.1146335753764857,0.06421532445165555
0.6254754554402786,0.7101459315403643,0.9267420887736452,0.5494278055493911,1.2382414511848603,-0.5474647244080733,-0.0037934134279832624,-0.8480287727278527,0.6993555193996356,-0.4652456826785081,0.009718292598139298,0.02245199220614815,0.47695959329362614,-0.16942992254825018,-0.07482954769592864
0.5829216671750225,0.7149596370354664,1.0543649345936925,0.5150026233240085,1.1022769942097825,-0.5105041690470228,-0.020439083888462117,-0.8056173142105213,0.7586264844133154,-0.4493782633480282,-0.10566590454148954,-0.024216007772832424,0.4005018421727941,-0.08517247782785897,-0.18427896605024838
0.47888453357622557,0.797890883507246,1.0875101386395047,0.45023270323282044,1.09080366359624,-0.5482489846461702,-0.06980378370740481,-0.7399861722547084,0.7671433672284736,-0.4732887283254251,-0.0005413930406240747,-0.015322613317813365,0.19943704867867282,-0.05644164786799704,0.030862497989009002
0.6556784757366397,0.7927575289575017,1.1140331988168133,0.5316125037973198,1.0664430701873517,-0.5324024020595901,-0.0903343291013078,-0.8927010138144367,0.7159578814921436,-0.4965733564434294,-0.049074846874077344,0.0787629899527921,0.012902641685152594,-0.15794511014828108,-0.02755518654921821
0.5133724995343241,0.7979775615874631,1.068849517240675,0.5826104895043183,1.1121286941926625,-0.5771058666141194,-0.10052887864430536,-0.8113586301407888,0.7492005455291669,-0.4789775823048542,0.03411262327610488,-0.007391679185275182,-0.029771436840868096,0.016901157168559083,-0.025509112726167387
0.5999160903164265,0.8305450237700271,1.0942344440261556,0.523992879096715,1.0937346233707337,-0.5587243959367819,-0.17210652505370255,-0.7745558881946569,0.7173474219264044,-0.5790053757138999,-0.007550803661603,0.01834529639084775,-0.12497370211087222,0.08861067136406818,-0.07661399399540203
0.6294833158316414,0.8370068363749579,1.1279189292708445,0.530078140020324,1.1131202854811033,-0.5565638541155642,-0.14901416905361947,-0.8703359728539967,0.7074773802532912,-0.6304091947124923,-0.018864967508318467,0.24972594888999966,-0.310855403126472,0.000630779614685259,0.029181414072286853
0.6066228126797266,0.7385445652042328,1.0400452950674886,0.5217090637942725,1.0160388455356677,-0.6859402110708651,-0.08771708818273612,-0.9474903882827239,0.6911162369072724,-0.5592209944373456,-0.10495612391505622,0.10840301763241453,-0.26545019020335137,0.0367129012590253,0.138642749344237
0.6152167287368707,0.6696851282572392,1.0901590501093232,0.5665090396105449,1.0904494647917047,-0.5488059906605247,-0.2010924350003377,-0.9096861019353515,0.5687035607568443,-0.6385949984506121,-0.23561738341464583,0.008320584027869449,-0.10783892932721728,-0.00015903175924037935,0.08871274566754221
0.5945786340923912,0.8234184359198107,1.066985029240848,0.5709604275505713,1.0872420138747239,-0.597270262999108,-0.17825290879224098,-0.9407822160670414,0.6516657828012925,-0.5469473085690635,-0.268573215653123,-0.1441798239152144,0.026420352917800163,-0.005901667084754536,0.13834651532810735
0.5526787822164806,0.7141316574155664,0.9612404874200607,0.6023416048963055,1.1262874143757777,-0.5898163842745157,-0.18271939340902651,-0.9040635745985167,0.6821551332371932,-0.5413693619210994,-0.1413860609206304,-0.1230393894808417,0.04985716290986579,-0.08638581191039597,0.03462318546123869
0.4981556631154694,0.734778667834322,1.115077899110612,0.5130797622373503,1.139947327921813,-0.6193503167790089,-0.26106489736544863,-0.8657879868698909,0.6041798697408272,-0.622143159978598,-0.1992341383411838,-0.22829240553981864,0.017566869147690185,-0.004451104143189118,0.0929773264032352
0.4753883029577803,0.826234273114615,1.0077913799143425,0.6092540508554324,1.079745055725343,-0.6689094960987763,-0.20573055528879097,-0.9519160555813609,0.5993651501583176,-0.6729871787141561,-0.18814741362526669,-0.09686434965076164,0.1583849906096462,0.025221814781216594,0.133562242623617
0.7083777096760437,0.7937917740061982,1.1292832466463274,0.5176966546559598,1.1247593572897105,-0.5618788863835126,-0.22496570224439774,-1.0241496946387598,0.6684134393637077,-0.6727222952039148,-0.1526026405275629,0.0471399748396496,0.181618490637916,0.1467726753636142,0.06849411310999262
0.6338675096364931,0.7548705537257954,1.0930515579472202,0.4840473878885553,1.0885282773450333,-0.5292324122951688,-0.23425045381337803,-0.9390958879635536,0.6177317645952908,-0.626810709410671,-0.19196691347608755,0.2063158846949949,0.20014357148900622,-0.05193858639861515,0.08634561268953364
0.6203376029977797,0.7091206102424683,1.0621168121828393,0.6171532517201096,0.9980646927814653,-0.6514604823488351,-0.27603552145789506,-0.9310275835069945,0.5474181628767981,-0.6277145682829715,-0.09159395898545135,0.236623174287325,0.13051274272248425,-0.07782445419386026,0.01673022484328438
0.6521305654205262,0.776744753230429,1.1734130916106484,0.5804529012289444,1.2424673246142277,-0.6677868885030442,-0.29197991620510294,-0.8715533430892821,0.5166859626071224,-0.7721680122855377,0.0758573815727217,0.38906372499551817,0.12197494053269865,-0.1787751317513145,0.013061960670072642
0.5909771903260337,0.7365772513648869,1.0938700916467592,0.47064329779558084,1.1166101239084882,-0.735465187604499,-0.32037796891496273,-0.9718089747238967,0.5751185658393473,-0.7386722235726785,0.07914439633223191,0.3113526093655866,-0.019042895827653186,-0.03117313855587922,-0.03167855024018482
0.5717323463362136,0.7461707378191635,1.0842065363158406,0.5570934304026514,1.1144113364233805,-0.714475474161587,-0.31308347650428503,-0.9654277953815481,0.5243475058560872,-0.6501136651639597,0.12847062824832722,0.06486131058237973,-0.14782279037742121,0.005661187714562532,0.05826089321126662
0.6104151820886418,0.8579230033620616,1.148844692372668,0.6403047626025442,1.1102114722715268,-0.4611813407302169,-0.4528321823507069,-0.9681830584579391,0.5216356683152452,-0.7292227680418826,0.07232903572353042,-0.13344240643840405,-0.10277298112883079,-0.1181068548407113,0.19048824268143066
0.5807186396155337,0.7916402634565362,1.0944357569143286,0.517698662935657,1.1675653056011137,-0.6815157360793878,-0.29802186967800604,-0.9547884793694681,0.5334747302731742,-0.7502600498083364,-0.01849930247417813,-0.2086301290233719,-0.10300472104053023,-0.19302823636725774,0.13454971712979655
0.5505505791031392,0.8229708727061226,1.115070062712808,0.5990222608404607,1.1722708768490402,-0.6543994341489209,-0.43806634855639975,-0.9854043887304151,0.4249541151101224,-0.7052900612548867,-0.007488613890755921,-0.10543411847976737,-0.19819626255218853,-0.03397818438240684,-0.007278838908051949
0.645323816044221,0.7827581958181722,1.1106679335636738,0.5232858270785719,1.2168488214172068,-0.6451941286416842,-0.3261776992513235,-0.950181455481825,0.48891961465314204,-0.704512594390254,-0.1084573933090551,-0.14682004109364535,-0.14368324253510262,0.06624980044033821,0.13126040948010592
0.6350956686222953,0.8509045104677786,1.1017286155275354,0.5240464243353501,1.1661233177758399,-0.6548042932574392,-0.33791290351251724,-0.9277037524377765,0.5019526845964762,-0.7400101963575548,-0.22543124946804766,-0.1021586433174849,-0.18500600561547106,0.2122459346831579,0.26023678424242525
0.5634908282402845,0.8370040692007784,1.1021225907723067,0.558719283479208,1.2123627045616294,-0.6010326503226433,-0.37846983310803317,-0.9419529018124377,0.39597949773007396,-0.7077987629869622,-0.09081671457753475,-0.042693580464515754,-0.15262471271125494,0.16755106453332913,0.17540552634685977
0.6137594193046706,0.839786070732488,1.1133867580175332,0.48805133487667635,1.0979184933991315,-0.6781104140303109,-0.40798087873551525,-1.0920711559375664,0.4463801521997982,-0.8385436621639362,-0.1378090237663251,-0.12330031013384635,-0.13812888912661922,0.20544753684258854,0.1727510417248818
0.5745972772530564,0.8200250303944869,1.1490679255238747,0.44862519694931813,1.1179655274942628,-0.7086569338811703,-0.41424321369371814,-1.0085376366755932,0.4404748335247838,-0.8063605995686666,-0.20746187709650626,-0.14705690717912628,-0.03817738926422912,0.008038673751733894,0.09782905644600542
0.6417215855924941,0.9000705743388641,1.115150029356843,0.6189536603241752,1.1293536275574536,-0.7183328218287791,-0.4466227629513155,-0.9270664007981484,0.41089105701295636,-0.7504302647561911,-0.11372741516129294,-0.22847142909421936,-0.07434517982333994,0.061245562822717474,0.016157842260263733
0.6200680788081837,0.751208446837091,1.147183409655483,0.5088496081099929,1.1386794653498737,-0.7699301041017201,-0.47054399512680944,-0.9623867649597061,0.45865905870347234,-0.7996809691629246,-0.21248317407519982,-0.379034189956984,-0.1531912001957415,-0.023262071814130224,-0.0509358654281582
0.5765901307365183,0.8053289889305534,1.0876090250595,0.6227995164178046,1.244168079974618,-0.7186538153210693,-0.4772380809933372,-0.883293075028098,0.31862398959632504,-0.8257354910112045,-0.11827895127441737,-0.2705407767047242,-0.12510961618110655,0.170551450613127,0.015038616623040062
0.6758615003761536,0.8583843529808319,1.1327676647769245,0.5291021999613118,1.1489199558229781,-0.7541768428040585,-0.48690729357802837,-1.0510496631099275,0.34447014462985304,-0.8855127910521308,0.05795907993487148,-0.2190630642923827,-0.117899460324893,-0.1306908383795699,-0.060094264978867454
0.5839057539035366,0.7848422053197863,1.1034012176351637,0.5404944404848911,1.161952952467846,-0.7932943773194951,-0.5825934477560972,-1.0369036052472527,0.35633495148214556,-0.9617082744056247,-0.09173499522031976,-0.13541109099035026,-0.24117486024447188,-0.007678044716094706,-0.03940452340508725
0.6640327449901233,0.8019005938221531,1.015896160674235,0.5096353657451179,1.1790175433217553,-0.7047442889896186,-0.5593068599900275,-0.9982997238786013,0.37166070242822974,-0.8809625294955189,0.05569071214423783,-0.293256208564565,-0.23614792595714557,0.07963354099370619,-0.14278983427710687
0.579965514706,0.8274634730824417,1.2003230233822262,0.6128258859418013,1.1660799219379905,-0.6942071302818057,-0.4601995794000377,-1.0595419994342228,0.25733921048049146,-0.9751652543631499,0.05800510545814472,-0.4583279959278645,-0.23008471982547532,0.0816608407599152,0.02713514013519157
0.5905967942546471,0.788010734584376,1.0890244014586334,0.5629073548601907,1.1379381021416268,-0.6313449930752776,-0.5542149957230124,-0.9642595747765399,0.3428794769012552,-0.9320123829257884,0.12843741679273968,-0.38315400062844274,-0.12689392984603617,0.024921070876141517,-0.015335527715597225
0.5557142755679055,0.7370353302921311,1.1425217920988606,0.5519291022165627,1.1453187525800028,-0.81208378703593,-0.5929627156853648,-0.9496209665045678,0.3102195568172147,-0.9477948392373932,-0.09902777673612234,-0.22273207758884184,-0.025037399608490857,-0.056650068423859494,0.010496560985515093
0.5979666411841092,0.84326950181257,1.064815044024777,0.5315825068263027,1.2270911117310617,-0.5939849450021812,-0.5491335274915565,-1.0326133573293974,0.3481563625513928,-0.9198811492269796,0.014261473088922672,-0.06465668542936637,0.04247047309052131,0.06175637337123627,0.04908732611710716
0.6621887079386399,0.844874720565951,1.0977455874828905,0.6687187421187567,1.1714524409702038,-0.7037908857478467,-0.5380308762176598,-0.9395891649411674,0.29159848519237724,-0.9401006475769902,-0.010165302939746237,0.05982568869106579,0.0155856668643218,0.14275406006276303,-0.08887103674811941
0.6305684589509376,0.8515126018750829,1.1216676005219852,0.5787166681452696,1.1584154036460375,-0.7771006456713478,-0.6389060769686405,-1.0326285850253731,0.2891334365152467,-0.8720355424760635,0.1314628863949299,-0.010659787474065333,-0.09199353396273093,0.31433846110550523,-0.19891684636097215
0.573062630860026,0.8310708565693182,1.058403094473431,0.5295750359847756,1.1131610845881112,-0.8291229180252846,-0.6600785865471483,-0.9620809133770137,0.2844402678526673,-0.8548287520788901,0.11177175518063256,-0.027043015743070005,-0.007623009488883267,0.3363876640148119,-0.19576354187904643
0.6253400326761255,0.7971180593507253,1.0935306577133854,0.5901802692215836,1.178855376522429,-0.7653421482323454,-0.6544285584140422,-0.955581546164412,0.19800683618866619,-0.8885604182394014,-0.007532061288388889,0.017256127747682946,0.03740010142444249,0.09664824695072152,-0.08612459499757438
0.5042484013557935,0.8513218742837203,1.0947192453153858,0.6276583075701743,1.1278204339389462,-0.7814443908000865,-0.6514903675834183,-1.0817530934868247,0.296366968323188,-0.8948505615516655,0.05543781142697548,0.04139174357655881,-0.1376544426463267,0.3160868664123826,-0.20575341343818013
0.5755616786704527,0.8539068213029328,1.0781219226910053,0.6560296549658157,1.264519737147295,-0.8145110373866735,-0.6920729199290051,-0.9623406514340019,0.13165124459998473,-0.9159135871641969,-0.12531272353893114,0.15534459152395316,-0.156363312732758,0.20741362388698856,-0.21510133572403
0.6026106462980282,0.8935260307402869,1.2238991957740297,0.6868327873502529,1.1166277406295155,-0.8231572141056415,-0.7169285109746205,-1.0867330457022377,0.2744596515351112,-0.9235336038093583,-0.23797386600134718,0.18668682644362872,-0.22014441307143778,0.21915010191605375,-0.1262210273964072
0.5983142993991373,0.6987435010625082,1.1371402305741807,0.5866553456094742,1.2252293208477139,-0.7432802737769152,-0.7285591672689689,-0.916089729410323,0.15924596671986457,-0.903706807631778,-0.002843692746351628,0.1307412676778072,-0.2008980872224789,0.12504348654463965,-0.234804665506469
0.6193257378539186,0.8898210591834476,1.153199383747186,0.6335573531950492,1.1235915630458981,-0.7663408395314838,-0.6909236573720572,-1.0342594800853064,0.05799567971090398,-0.9004526712773375,-0.17803601397413074,0.11162117405641764,-0.050767074790774275,0.3204172329644407,-0.09359643983129001
0.6536518645799818,0.8123945710215941,1.141690351402473,0.535385323498835,1.1868096303512226,-0.8573838768271139,-0.6789859515374022,-1.0835760787154718,0.1613829263098605,-0.9977875740639964,-0.11077863068569818,0.09656647231324136,0.0011087933429400898,0.1462492243936857,-0.11433642226351703
0.5414734781120426,0.7274987933076829,1.1060504738590764,0.586024442614983,1.188656274987602,-0.844507166507472,-0.7644488372250103,-1.0098620611668088,0.10253611059605144,-1.014104131462822,-0.11632514238939168,-0.03545374566970594,0.06059569390944683,0.15426810796992305,-0.1928498482260979
0.6289617138765705,0.8053047260515337,1.130921547562287,0.5684757946687192,1.2250886140690305,-0.7123707372662333,-0.8037414198994834,-0.9611864098492724,0.1403660202808971,-0.8855137880178876,-0.26216927384214606,0.14100340344636747,0.08449150930471339,0.1152885267878003,-0.14173786958600132
0.6084812961378098,0.9032142204584361,1.112534946950531,0.6353342497932009,1.1914308270674234,-0.7546090218366187,-0.6788334208521198,-0.8867991580734442,0.06502649041034304,-0.9534661168857476,-0.29313280788099105,0.10097907529214187,0.20266129888569076,0.1332732727703714,-0.19571193007185894
0.6755252605714025,0.8833355657325892,1.0904982552484526,0.6788699457856009,1.2929272203110074,-0.7084813511570036,-0.7563862142075176,-0.9670460414589018,0.11209695335518416,-0.992252035952547,-0.08513497278960759,0.04838407220296067,0.389341990629436,0.2129988112123573,-0.19118553747823588
0.6310305631011347,0.8067129890479309,1.15086578416348,0.694860970064167,1.1641044219945935,-0.8258949999603477,-0.7300385444267143,-0.9407602396905884,0.06145668183389518,-1.0490692477922332,-0.0011143737313719995,0.15970232832524964,0.3590837987432669,0.2874184979614376,-0.07771937118424568
0.6104444273053318,0.8655001459878788,1.1283501557652227,0.6178186006991231,1.174976728931983,-0.7411222896827343,-0.7955986190351128,-0.8806415962691716,-0.057353133681858307,-0.9957221454576768,0.008020553230842557,0.05102618125566506,0.17240901123767507,0.17211707218816635,-0.15040477679372138
0.5699925972270086,0.8261967104162137,1.2141859429498463,0.5433696630926196,1.1574022494997265,-0.8587260038563985,-0.7810579115193692,-0.9594061998907507,0.09770144738791761,-0.9694855527685807,-0.0822731513097142,0.05694356561710483,0.15578152786870228,0.037120350728976195,-0.31515972425550254
0.6214536984193968,0.7931604047090942,1.2266107203658159,0.5994329310607589,1.2777211850618506,-0.8807848830756856,-0.7923130726735402,-1.023732800018893,0.009501074565847202,-1.054385385719144,-0.1033161485088693,0.18276207931747843,0.2718200876210244,0.04812503004365692,-0.1797326676946487
0.6741329718168244,0.8497107864081213,1.2828457120090084,0.6791783771335376,1.2002009233570259,-0.7464544583234851,-0.7807937908355809,-0.979800209211376,0.010525672087713343,-0.9738264482068166,0.031217452688871244,0.21425215743278886,0.13630437240297955,0.052050990849926385,-0.19543161869966486
0.5643112272337242,0.8023904064244783,1.1125061283890785,0.5958526019514698,1.2188610245151943,-0.9039449071053044,-0.7948349128348692,-0.9397262481526353,-0.10284510530049801,-1.0080245203682565,0.09519593193335087,0.18881885317519237,0.15454406869595974,-0.04482220663254375,-0.07974883394405358
0.7380577128807517,0.8434882360935955,1.2387512183708769,0.6377591005253027,1.1676361864681597,-0.8853626666829433,-0.8562025002995391,-1.0104330976490026,-0.07563156763686688,-0.9700692051462353,-0.034715554285680926,0.12637936877233924,0.028341490044455728,0.04512058704410744,-0.07412909395774639
0.7295834199223679,0.8545578124196944,1.144355548021639,0.5615396193514767,1.2562113956071321,-0.8540937914714655,-0.8510321766596941,-0.9874555759833701,-0.05989383097835241,-0.9803720505356548,-0.01967487599133027,0.01307841004494413,0.03850287283920744,0.03407953857111753,-0.1646705059173791
0.663366253117855,0.7636453898652487,1.12249592423306,0.7291954981155917,1.2559428337938359,-0.8904944796391111,-0.8420719330054814,-0.8873027111182876,-0.09421120684094035,-1.0057502689212408,0.028097658981662874,-0.15910075404001517,0.11240775624213459,-0.04141869717412518,0.04031963828641323
0.6510056193855416,0.8284765164051041,1.0815607249187633,0.6292631537415458,1.2282769191830858,-0.7686472088050063,-0.8915470909700206,-0.8667832685529281,-0.05086065220158276,-0.9808553287298896,0.07971792844368458,-0.17386786877471028,0.039864512953062314,-0.06541788833782267,0.1242122410102821
0.6024593908448377,0.80913530054812,1.1906253392035198,0.6034575004283704,1.2722215589911792,-0.959008870221929,-0.866786317019404,-0.880794999352034,-0.06453754181651222,-1.0636754047758414,0.11879391593276173,-0.22834771681751062,0.16317383041305453,0.1882644253025877,0.164367387577755
0.5761869042244143,0.8645457737489501,1.1981511157929339,0.723611553892666,1.21057357608365,-0.817822141792307,-0.869775861706988,-0.8820048072681814,-0.10824183143291438,-1.0469878589333226,0.21149874413308486,-0.24509493197841417,0.16225225580862823,0.07861280841297182,0.0001849269930003783
0.6761978569363194,0.8545822175643352,1.2042991859302157,0.5532760579588631,1.16412889138282,-0.8302458000702548,-0.8014629971917202,-0.9201492365854218,-0.13103609017390147,-0.9311517177289902,-0.015804530117337734,-0.22818052874455186,0.11386755073265847,0.041777580117099256,-0.11591182729631792
0.6291290801309672,0.787788974943801,1.2218110211063244,0.6725502448415555,1.1165771464850434,-0.8826137943250666,-0.8829227928013907,-0.7716588441193944,-0.10657731296042225,-0.9780945401870353,-0.08025226983610788,-0.27883518163676013,0.16489375236691123,0.03786337035414256,-0.17557374782835006
0.6464537447695442,0.9606390630942936,1.1505777039329634,0.7180492538781956,1.2502460734033654,-0.9637137212345448,-0.9306694021275943,-0.9223805516231972,-0.11110260890496036,-1.0402479279385,-0.14181029275509155,-0.2720660926313052,0.049176380049007096,-0.04896475802469513,-0.1384212362813389
0.7332491924658334,0.8388391481535356,1.1971276425998179,0.6702414798753165,1.2623894198494017,-0.9341357868520419,-0.9185187161407972,-0.9138921995936838,-0.12351216943778695,-0.9144215438045957,-0.004621716256527311,-0.11456725020365176,0.1730725999697362,0.01060120448049328,-0.14546439603467076
0.7071319621721295,0.8288919468696317,1.187915772716938,0.7359004506012058,1.2049333429500917,-0.8605063715182814,-0.8563124720615973,-0.8091381671924017,-0.1841492599583887,-0.9818848728804226,-0.05102015510627551,-0.014737348386758803,0.18900657148231503,0.11043548315312383,-0.012504143242197022
0.6300930800697095,0.9258578028282934,1.046842471458258,0.6437871662958294,1.2659140826003383,-0.8062915842505676,-0.9315901969407283,-0.897057797173077,-0.223010271642645,-1.0171985300429747,-0.012694480324009095,-0.10667265740857147,0.10460169453164797,0.018963230833267508,-0.04984914357635312
0.6782145085634153,0.868279348929116,1.114257540333866,0.6823957946119218,1.1883347002194924,-0.8865437269715626,-0.8297223287615778,-0.8872899329116493,-0.22230524186128078,-1.047608530763055,0.028359516808710936,-0.11687133986058701,0.020044180162924197,-0.08663636387249886,0.011058308532172406
0.7080695456116883,0.868294954310129,1.169677711868015,0.7224981920871767,1.2302684509150847,-0.841572587329276,-0.9576854208627642,-0.8433983027751984,-0.20333740772380998,-0.9587520190158085,0.010359278022138495,0.027837938868494547,-0.01697195631701608,-0.05036435519767597,0.052667329945572175
0.5267640608529783,0.777300400520186,1.1125816239316833,0.6324773241517527,1.293389269322714,-0.9312117714161212,-0.9916990271123092,-0.8059814859535452,-0.30619106003601243,-0.9278494939961037,-0.007380312443030313,-0.03555475037977052,0.03092468496793009,0.008234755159442844,-0.03290850434135276
0.7176607856670244,0.9244768764995674,1.198177814228763,0.6716074226096609,1.3360759284270545,-0.9860050779254912,-0.9399305056295078,-0.8340895048428214,-0.29644157137367383,-0.8962103717358548,-0.05444819029879818,0.0216871048230013,-0.06522698254603033,0.18014800436627953,-0.020508656786130935
0.6432923980046192,0.9138961866933903,1.1705407853249736,0.6549325810099095,1.2953634672393641,-0.97704511862196,-0.8416339133660669,-0.7719406919202415,-0.3565540790368671,-1.0000180800934066,-0.0968584274052921,0.16128767400576305,0.03820764341306887,0.21264224111416632,-0.05593631191962855
0.7029860071828705,0.9791918260129919,1.226853652720513,0.7177142618263751,1.2383568864023844,-0.9716081167485261,-0.923317759510422,-0.8287630799540237,-0.34066043175357247,-0.9319285293974398,-0.23614850082912642,0.0805044901729953,0.057737270757269324,0.19345813250988542,-0.044879661051408795
0.7565351771785073,0.7991494160539866,1.1384090429331517,0.6374054633654358,1.199482362738447,-0.8937891962620071,-0.9707422364376456,-0.7501501607725851,-0.3855026880782776,-0.9403315699482693,-0.002121607661602437,-0.11898464149307188,0.054262840530611825,0.18470111516991822,-0.15404883755551302
0.6234887695186051,0.8516465649578492,1.2027360596277057,0.6346408272697543,1.288942929387333,-0.8915825469099812,-0.8828438147981125,-0.7456938089895278,-0.3007537049532054,-0.9909360846339321,0.024132385625948494,-0.1037433880004029,-0.03790209946993808,0.021041148450280822,-0.05523631537079565
0.7044407782316697,0.8798619458341335,1.2276275488741226,0.644286795382563,1.209517006077689,-0.8420199209124264,-0.9155181277271864,-0.7013704063292369,-0.3767394388978599,-1.0660710219132097,-0.008317392217060387,-0.10066867399075485,-0.007803720827506362,-0.07704260408205592,-0.07396032711058695
0.6289772564789032,0.8401384374909535,1.134044181609231,0.6419324486872722,1.3524862670019757,-0.9587103849063653,-0.9525644692224712,-0.7450160024582111,-0.49455796764977944,-1.0220743686211926,0.05311571531749882,0.006260300314504003,0.12745569418559236,0.11022976237660849,-0.027838776262610124
0.7975707139464201,0.8190100358811893,1.2143350993765216,0.6587958747701689,1.3346461352214016,-1.0519473962108148,-0.9975516495375871,-0.7358741328783066,-0.31742281799625216,-0.9205742691657429,-0.011488359506466803,0.03763380122461874,-0.042766052378603356,0.010317216421047187,-0.09467437385233089
0.7563051834038297,0.8844434262913066,1.2657004481445848,0.7252221262932858,1.2324372325232522,-1.0243842472907294,-0.935662389443245,-0.7052185104421828,-0.3439985440716442,-0.9188558604341726,-0.014234344577389375,-0.02074341999161226,-0.1054033207805548,-0.1909514974898454,0.07792403994684324
0.749700578441634,0.8924205293270155,1.2688428387448112,0.6494553367621928,1.3219182836163852,-0.9828089591428918,-0.9733176000819858,-0.7549192133692306,-0.4310277206409016,-1.0228290635866775,-0.05183458419913935,-0.014061675918438179,-0.18983834802999044,0.02331755231572427,0.00210942656834634
0.7486656953283338,0.867662150125458,1.3467005321759193,0.67044604231494,1.294598517408634,-0.9237319957935654,-1.03407354312093,-0.7361986093868222,-0.39922081342313404,-0.8207318186830823,-0.06488113391693834,-0.05247378506351896,-0.23733664888735964,0.0311899982023644,0.0709334521737363
0.7193200234695747,0.8532019942642798,1.2548181272837966,0.7126632391304499,1.2665391860912634,-0.9215167076422607,-0.9794318032848386,-0.7284605832444274,-0.45908849302720495,-0.9689161945754554,-0.07963485134739307,-0.11934826896879398,-0.24708462802335032,-0.0015467116253179009,-0.0358360176148896
0.7132346813089062,0.948616086683278,1.1776581996050548,0.6664459095096364,1.3209168205034076,-0.8686244649918755,-0.9396988621266761,-0.621600262727381,-0.4816679458996716,-0.9574176756067505,-0.03372114954896354,-0.13059080582469296,-0.28399865608929836,0.20417215209606238,0.17894510225518817
0.757640921743768,0.7860023775514411,1.1761992235487109,0.6451453076289183,1.2116780806353602,-0.9506997379992342,-1.1013791852972892,-0.6239058226442745,-0.3864464242438542,-0.9179320694694467,-0.2560469913358315,0.09906537175968493,-0.3157323009734218,0.3203460206640923,0.061338281111151985
0.6290544615189688,0.9224497239335363,1.2239237067958597,0.6588115712197882,1.268497763639054,-0.9707164076355588,-1.0122458884948424,-0.6668303043379885,-0.4888943427073127,-0.947569316329198,-0.2258895521326416,-0.0956954328724127,-0.43059065390833656,0.2641977401028589,0.023466287835810312
0.6749964485438504,0.9554956581427313,1.116965922550456,0.7135649193264987,1.308592547437658,-0.9938972659515193,-0.9683944430073697,-0.6212416317973178,-0.485703327002273,-0.8867391583872503,-0.1530074531144457,0.07423520759945511,-0.3364499816361812,0.15105107483666105,0.042981906090889185
0.7368679633512246,0.8748578291094459,1.2559485247956503,0.6526404950068867,1.304356086556222,-0.9745734273638924,-0.9785412840141366,-0.643268970513389,-0.500717373481253,-1.0237896823834556,-0.11028174481596863,0.2295697930529173,-0.26136051873508465,-0.003966818574460143,0.08157350966062629
0.7749757890755822,0.9122837651145876,1.2007199128491428,0.6537925679113168,1.2497677453512237,-0.9712080140427214,-1.0120762551784537,-0.6576107461940414,-0.5596649424258675,-1.0156279514572313,0.010648512061251697,-0.05356394818126198,-0.19682365191767084,0.1436885420817442,-0.11763879365468745
0.6836100373574153,0.8730189398018614,1.2351730151358105,0.6945200507410804,1.2887336426796336,-0.91007520908104,-0.9727740946442955,-0.5540913806315788,-0.5131017187544075,-0.923238531350501,-0.04938611350901466,0.032352489269945696,-0.14837348299877448,0.15569395635749558,0.177171598572797
0.6712401743533856,0.8620011832724205,1.2277854176342597,0.6861849181784133,1.3194675772708657,-0.9878425403948891,-0.9568367429414996,-0.6081674317300623,-0.49305742422965537,-0.8761990477037527,0.0644684307489122,0.03861702121684349,-0.22559142999538923,0.09130141042665503,0.21198319396432047
0.7089350055751,0.914552706489031,1.2294776989164216,0.6713073275810832,1.15947664076013,-1.1078414105049785,-0.9553457010037312,-0.48630329364080693,-0.5246566085315866,-0.8495537848064891,0.005907823120253293,0.23929326039296583,-0.23952624701062114,0.20836728797202808,-0.06190498362403285
0.7102856272074698,0.8412915093775889,1.2917439682413117,0.6902898310648199,1.3361073756177786,-0.9764852036494229,-1.0687571593546545,-0.5166038320293407,-0.7048181496648306,-0.9349426450330895,-0.10696726319668408,0.10349634441332496,-0.2712439596153708,-0.010047797007853465,-0.12339625484502267
0.7336908150670696,0.7747273249485267,1.1856872822761242,0.6787312502905497,1.3477981713506986,-1.0205319668830937,-1.0414361185102192,-0.5854577769199721,-0.5923600648366564,-0.852858935650374,0.11483105839995007,-0.04331800080530229,-0.23773697312449413,-0.046412172199929415,-0.125169729789443
0.5882827150657023,0.843511827787795,1.2063638058113282,0.7627752940931222,1.283086289022353,-0.9266747769426522,-0.9384175466394378,-0.6121603133948148,-0.5887694794701868,-0.8706386009396936,-0.07933632914387215,-0.19184572123370142,-0.08587528905465822,-0.052168519432252834,0.06141360343004415
0.7258589072897165,0.9347012876476005,1.205161032965391,0.6859424458652004,1.2988727646179752,-0.9367522377123975,-1.0201102634315422,-0.4986988273065105,-0.5974394579123569,-0.8774044064237952,0.08943728624207287,-0.290202048379658,-0.14985135686582335,-0.007265965265314547,0.02330480178671536
0.6755733467063884,0.8873103854804769,1.216032705707213,0.7127936545100164,1.3177330681600758,-0.9991902554077176,-0.9661941147120363,-0.43934039899349636,-0.6176902671900466,-0.8479808357858508,-0.008926508396418273,-0.2674998191609763,-0.10586622599543193,0.0021176636017864268,0.07548530471044076
0.7783241342402314,0.8820105709520647,1.237023589663429,0.6740644939526164,1.2986703574001992,-0.9855284806908077,-1.0061408146422508,-0.4920437755224938,-0.666124760394823,-0.8528640754061814,-0.05631419670333829,-0.1467429611261173,-0.23659182499374803,0.032958977597949975,-0.06994068873851521
0.7071449047122548,0.9126340667780644,1.2331331930069784,0.6395573014370467,1.2999986453950707,-0.9380383262232723,-0.9753220945200192,-0.5021589792342646,-0.656719532900226,-0.8149935419527763,-0.038222083822652395,-0.2566283501196486,-0.029730005391473913,0.057031049788342794,-0.02712330961183669
0.7426434620961332,0.946426901880524,1.1893084152964941,0.6559912605238511,1.3438233676765245,-1.0181669686913306,-0.9130464661834157,-0.37137650405413064,-0.7148142025029097,-0.9102014479650569,-0.10495658586352613,-0.33715296377186094,-0.11162821197599093,0.07217057544164901,-0.10997268820116059
0.6873493134387707,0.9675626505726719,1.282531817421063,0.7081064634941293,1.3475222558350306,-0.950943093174479,-0.9977385599878861,-0.4368304618176292,-0.7313877594611907,-0.8315641286762131,-0.01494333236683422,-0.34669200796206734,-0.14650775478063044,0.04455499466816903,-0.04722169440430993
0.6719926858653692,0.9920628906533794,1.1711346126760673,0.6919580811094097,1.401162795624226,-1.017364588668478,-0.9026931550115351,-0.40249509258758187,-0.6697444544629022,-0.8202621299888586,-0.10665953038737827,-0.21311097728531825,-0.14301218403465882,0.04774961121478952,-0.09154733025006061
0.7218381065968965,0.8151858994084448,1.221380502417997,0.7901628766192653,1.318664837398327,-1.0191986396784283,-0.9384570309908313,-0.3297856821068653,-0.766451330969246,-0.8531625339577668,-0.07035662089782017,-0.31728741331450394,-0.05394706240982204,-0.027669323706079052,-0.13661888442549736
0.6807227387001664,0.9260596879861243,1.2414043558551768,0.7352626073194096,1.4014720876560762,-0.9205075858413003,-1.0443283116387012,-0.4115907963205474,-0.7247031476321252,-0.8443589296229983,-0.0011104293148659211,-0.18901653418465836,-0.042134270145542344,-0.1024776461631674,-0.062049802172307655
0.6113210755901053,0.896209800171668,1.2246953547400343,0.7433360994267844,1.4859735033170298,-0.9384460877578895,-1.0001742248491774,-0.4004861298809311,-0.7153797477372104,-0.7866107470825453,-0.21127164377446353,0.055613027561786016,-0.08772056045315703,0.08937520057056397,0.06253451235988428
0.8192776970065835,0.8765082307641225,1.2414670176236426,0.7236184512314315,1.281867003237622,-1.036017973421799,-0.9697184961600146,-0.4129488073372703,-0.7337321906051573,-0.7217613649451279,-0.03847721740444904,0.12481021614157238,-0.15026555280877016,0.10762908957176132,0.07043515423386587
0.7392533538374292,0.869622364492339,1.262014125708402,0.622188180034837,1.3306752541303,-1.0187634234482397,-0.9351407777786452,-0.34312082823588735,-0.6695600447433209,-0.8067019381267885,-0.05287388461616138,0.03201865440167431,-0.08849584218869408,0.031912623499195186,-0.05279077607991735
0.657271058723895,0.8927143696310997,1.1245519881900912,0.6848719555686549,1.3768495301242756,-1.0133451806297953,-0.9758367535305926,-0.35135020874172895,-0.7775716453902736,-0.8546224295505921,-0.22880203004194505,-0.009015941771930804,-0.0245959655999793,-0.000403776693410407,0.015099960274754992
0.6341183690102015,0.9093631598008168,1.2226788733381904,0.723510918762243,1.3459947554874132,-0.9333248856671953,-0.9557825313376465,-0.2798755152433887,-0.7931699211213645,-0.7727267332472176,-0.028422672378681485,0.06481108113098069,-0.03722213467783069,-0.01884122450299766,-0.001187659013964346
0.7250426430699215,0.8929487967497536,1.1684753791739875,0.6682835233930461,1.3602273601656854,-1.0038654292781117,-0.9402229732565102,-0.25007635212649443,-0.819318907225424,-0.7936876246659914,-0.1873388377822238,-0.0039929229538846756,-0.02448219656956615,0.004054906586273145,0.1527231191925039
0.7421631171345656,0.9555803197499106,1.2804809784074322,0.7028055792838912,1.363777907172529,-0.9976136696759258,-0.8948944964194611,-0.2522037638285623,-0.7431084251674103,-0.6970061823985065,-0.16718504233717868,0.0228672473787625,-0.1005500016413689,0.10227044825629591,0.059330038131325244
0.750695256586983,0.9251450889773577,1.225779353175897,0.7127278326317812,1.362654754216908,-1.0218754207155045,-0.9731868873894267,-0.263084824077384,-0.7119721369656511,-0.6500149274601885,-0.158954253221224,0.04770202044687569,-0.07018669934118123,0.11852182304003464,0.1408684029220983
0.6888159689918983,0.9308808326936358,1.322197501448602,0.6757545889475344,1.3900045299921793,-1.0550560519484702,-1.008958175748597,-0.26420108716340096,-0.8692872678277548,-0.6886504208357694,-0.10822577534352094,0.03476438705650956,0.020429459487756298,0.086674290405777,0.22904930687239122
0.6930177089295129,0.7775999697582524,1.2526910080562557,0.7119431182773464,1.434225849090396,-1.003160584636534,-0.9672620273546411,-0.20828458571217082,-0.7973949030028925,-0.7632117189607273,-0.18875808243405712,0.11687592551412426,-0.08825096485271838,0.21548966698206626,0.2873081566837577
0.7959289378388129,0.9338177215212602,1.2501757811113465,0.7326221052787057,1.3626450893501671,-0.957779143195583,-0.9452139967115052,-0.18231833027941727,-0.7749793839792878,-0.6690997904137107,-0.2863541062121005,0.17420809461282477,0.006088291502358331,0.048646792651854176,0.18518781127693879
0.7927757828730019,0.9466313982570922,1.2843148221392298,0.7571284269275734,1.3200308475153044,-1.1448211257887786,-0.9190773554804781,-0.09604136217033765,-0.9338082288940502,-0.6758629066151651,-0.28915296581182115,0.16328010286241612,0.016179883819043134,0.05231267374760979,0.17796294532255166
0.6092894549837983,0.8619180730793676,1.2981125778231473,0.6177518189214761,1.3684760457137453,-1.069821330400077,-0.9348521247426125,-0.09449859033559727,-0.8814026812160237,-0.6344281960666103,-0.17584690725763732,0.19014777669445865,0.09569543266354522,0.10421051382228869,0.04428760645496334
0.7746826102179647,0.9457673159203754,1.3328097328603459,0.6882621026655066,1.3291216111420434,-1.0079729756596598,-0.9445263911157037,-0.127935060564093,-0.8857058035972464,-0.5318844988196259,-0.12833151628055467,0.35379778763609415,0.08068786663029437,0.08609417953698259,0.14434874135338432
0.703616908501993,0.9443897520665353,1.2300984712480132,0.7217610157508713,1.3397548664706067,-0.9914373520158853,-0.9543280877560398,-0.21974915778163012,-0.8349376976075936,-0.7282680526601852,-0.054943098481025715,0.16575065914089526,-0.02736199700495326,0.04417287975176078,0.09933068308487944
0.7655889488430839,0.826425783551678,1.3071215260505715,0.6977628068638146,1.433260934481688,-0.9470452770327066,-0.9138222301613477,-0.1459563891439507,-0.8650444857989513,-0.7125628253742364,0.05923303890328133,0.173414987799829,-0.013696244226492814,0.06546850002370538,0.11653322625084725
0.8109507872910422,0.9258710110592556,1.3141606936871855,0.7442055743549213,1.4424331534426478,-0.942779945980091,-0.8761491402461995,0.006645229998984092,-0.8417590997341449,-0.5612543786390988,0.09386367544972411,0.25415248476167873,-0.2193420697883132,-0.04001613224137082,0.07318104807432907
0.7382577491091484,0.9394815076226951,1.2241564242680585,0.7217653355185165,1.3798754201746446,-1.0320774609245946,-0.8015371975275508,-0.13474566388633835,-0.8397226665161842,-0.4500136482774564,0.08367977406536017,0.22625872992433604,-0.17207631959935504,0.16683864469294585,0.057665173097114227
0.7136326794989838,0.9139447527911183,1.1472829367889328,0.8166775731560512,1.5412506130977528,-0.9873358464421444,-0.9622653269540772,-0.011364175825281278,-0.8720029368835889,-0.6075458283495936,0.07254852901598505,0.34012203328933927,0.03316075396080517,0.24750895679907114,-0.011695482460040804
0.8047515722960767,1.04735846007819,1.323117173282329,0.7981753326023749,1.3933989792424457,-1.0227876122025157,-0.954304184305284,-0.10835930917863215,-0.8233908068181937,-0.5940921907178218,0.2419925814832877,0.2481064865466785,0.050352328042407336,0.07719960701186805,-0.014595072356633007
0.782986717697909,0.9667125407757062,1.3308005716977487,0.7082192104813686,1.3890882687689756,-1.0222621991890226,-0.8040300871357152,-0.10521811972572427,-0.9039484342389763,-0.5959265894430206,0.27222857884293794,0.2780011541734679,0.10946969439860721,0.13377606455815017,-0.12957231570764044
0.8329351778607406,0.9796403859420666,1.1942496020891396,0.6927074179430996,1.3550616993019589,-0.9967556714885282,-0.8177632301760412,-0.10481179330076158,-0.9889553642158528,-0.5776264902415689,0.10342883719691295,0.037585694135020165,0.01931147020160183,0.22441359899055346,-0.2372054213102077
0.7910509689850407,1.0041002733172968,1.35102192471149,0.7590719764381966,1.3679377555521846,-1.0332272103935811,-0.8305279444538264,-0.03137497633760931,-1.0225908603098546,-0.5515866389844487,0.139824589625334,0.2938226169464845,-0.08207070264029794,0.24928906379419707,-0.2936406010751319
0.7471485931918512,1.036682132646292,1.2249629158001816,0.7573304471610425,1.4334362019957017,-1.0066904704742952,-0.8090077205479491,0.11578798817879855,-0.8534917880993923,-0.5905318962996153,0.1940851930831935,0.3274765455620812,-0.12421713125802263,0.05206547889579928,-0.09005230796454232
0.8440813890776329,1.0122303781521893,1.2292969549169803,0.6665064581075789,1.4723611073112115,-0.9846836290137856,-0.8352779774120707,0.05282256933628054,-0.8906281122741836,-0.537333700021812,0.1415798266096065,0.30274238536384723,-0.06873566081381992,0.22692174661234474,-0.022556863856838923
0.7212306161313589,1.0303966673158906,1.250617614081779,0.6903480695932678,1.3826147003450655,-1.0758019887394294,-0.7223318046761349,0.029745045313712873,-0.9172310474288549,-0.5023059275256595,-0.05403193798191637,0.35147591615461404,-0.0732612165177932,0.033462086686040685,-0.04523253267820039
0.7784133237058141,0.9891173640052786,1.3341357891308148,0.8188794096230932,1.3208924149220107,-1.0466378072377545,-0.8527008890820018,0.09407280550858735,-0.9644550161996879,-0.5087842290451094,-0.04906071568550864,0.1598001433286851,-0.2290952838860428,0.1640545154223393,-0.015702994843189207
0.7663259201004679,0.9233115789325066,1.2621903647190502,0.7218895237497049,1.4112771470367182,-1.0256967520931042,-0.7859852712108708,0.17580525175931966,-0.8752641526130924,-0.44186084071193704,0.18753705690314393,0.19221859546453385,-0.22474077387868308,-0.1082977481925653,0.12392688568985086
0.8140252000904069,0.9653671920794393,1.2503133176993122,0.725476344981392,1.3302785524022673,-0.995855039993216,-0.8398646605124365,0.18917907368256032,-0.9389524718032523,-0.4694461047788443,0.14019043910790135,0.1174702480707405,-0.11618214235316493,-0.0034424248155064674,0.08008101643507047
0.8392762136961949,1.0371361130486978,1.262871660317608,0.6940554004841099,1.3787759014547034,-1.0974248731406449,-0.8348790243572569,0.2206296702393452,-1.0474776482500947,-0.41918546454488737,0.12819778843601773,0.05899177683533882,-0.19786696480597005,-0.002332805970634955,0.16184436556791637
0.791815915006976,0.9222966959674884,1.260672878217731,0.8180256948347424,1.3812071267233343,-0.8971569738244489,-0.7313924841117916,0.18035958658386672,-0.9876465989004075,-0.3779625095119693,0.11123295235258304,-0.0741177815269619,-0.27308263286573853,0.09894191814694607,0.11544753995630117
0.8006067746685195,0.9632708804917118,1.2385670659807695,0.7711237427806593,1.378111656950782,-0.8931760551112752,-0.7511087722205343,0.22079857687621787,-0.9530360630602381,-0.39786736793416816,0.21019005527899065,-0.10485239125327589,-0.2232219347947748,0.00908840289114693,0.06805180763554083
0.763764538525828,0.9712746321197011,1.2991397434757301,0.751924592277717,1.4642189634529799,-1.0184502547441634,-0.6896905942105257,0.16434013539743236,-1.0176010286717032,-0.41318328130758114,-0.00618519623947042,-0.18171870042432942,-0.1640870483740024,-0.13381312750127541,0.1466630709989311
0.7966479939926063,0.9492212520280259,1.3064100092791824,0.7357516944501893,1.4164480222689342,-1.0459344461525775,-0.6793546087182899,0.13597631332523794,-0.9710033994846631,-0.4119677725893895,0.049810945170240845,-0.1906514970587373,0.018288531709207717,-0.20784969511056592,0.09219140655637544
0.8068874434478106,1.0002013890999881,1.2620779118582328,0.7026965595685152,1.3656548638131898,-0.9353073774968349,-0.754372181918719,0.21157574191147255,-1.1620719392869123,-0.39703287742855115,0.06712490452789217,-0.01994481826351896,0.05410276861389675,-0.13590917629863106,0.03299094098181769
0.8267316050042841,0.9258076834403197,1.3457009813725236,0.7160863727680422,1.4919810194868826,-0.91166188949577,-0.8138805108800049,0.16584393553491023,-0.986924747945232,-0.3621528092207179,-0.12197797124713754,0.014586843894434192,0.1481751413217053,0.005109019559791289,-0.09292951271340896
0.743552428386458,0.9569296865082385,1.302158658208553,0.7440739947304933,1.384506566772181,-1.0338293813846882,-0.7001875429947999,0.2677669996128409,-1.0169062669391573,-0.39893839630128347,-0.07295240292252889,0.05812143066450477,0.1386243887889778,-0.07982787036977226,-0.1946020203515631
0.7182193210881542,0.9281923824934447,1.3672239292915587,0.7490546886731174,1.4353849145731241,-1.019569858897105,-0.7662485647582191,0.29696226752718324,-0.9886951283613711,-0.2936018808026627,0.16826461508490034,-0.24347193257013944,0.16809223835553178,-0.049751281529268956,-0.18395104460246092
0.846618889001521,0.9778202717485064,1.3267645319507548,0.7374350029095732,1.3732022348380606,-1.0434144620820707,-0.7295218369442598,0.29089717626876277,-0.9620028608584947,-0.2863154633252021,0.13931364944357572,-0.2498767529249622,0.08059599518077473,0.021128443098459293,-0.004082200792033169
0.8482144720146643,0.995318510396778,1.370654783148874,0.7650099876091292,1.4775293630276154,-1.0052903474071904,-0.622832060890643,0.23713508832099134,-1.071490119467363,-0.2594608752853793,0.16662299898455724,-0.3290857938281612,0.185493140056342,0.058317841039923504,-0.005069037932123159
0.7823024554822644,0.9866296513055706,1.3354316166619005,0.7574124355460096,1.3291794621337656,-1.0394345704433212,-0.7345905695592343,0.3234145000012978,-0.9104247968575638,-0.21107520912900396,0.06313375229803755,-0.3328744775704871,0.0968739965714446,0.21800473947458837,0.19516142232170378
0.8939048171255473,0.8545078930301835,1.2904053940715394,0.8579413204076015,1.541002136622064,-0.9794063261740795,-0.5972916749012235,0.32843768342967694,-1.0121275196895256,-0.20710608465174477,0.06032165911409268,-0.4820390042158327,0.045016566632841634,0.15701225190671728,0.2560910456225004
0.7636160133990854,0.8908235133910003,1.3760722323388366,0.6967296821577127,1.4674495203084994,-1.018830451505992,-0.5911768378128277,0.2910497305430109,-1.0718062888957551,-0.167738729158097,0.02221838970513116,-0.24703268416536905,0.16939721584423748,0.2711821307587902,0.12310921048775066
0.747099147879117,0.9857999444591022,1.3133794529639753,0.8049186504963322,1.41381489680836,-0.9920379911825388,-0.600496797262192,0.4390234429378011,-1.0083863262017336,-0.25262314782066364,0.026624464810422303,-0.24736902417663692,0.05770425792488243,-0.034194590454484475,0.2346499448577429
0.8524057255913747,1.031823850934205,1.3800807220713673,0.8003994097965657,1.4637028262970164,-0.9956866342829722,-0.5261350486307018,0.3873582433740426,-1.0314223151270672,-0.09294261852449973,0.010869746466795328,-0.26281482556591024,0.11032102666684174,-0.03885887781142064,0.09384903395401271
0.7868062386504091,0.9427720590912008,1.465112040200194,0.8346157969123883,1.445206845849354,-0.9257785534367962,-0.632775279606186,0.4352002193543109,-1.0157212623172405,-0.14029817425739483,0.27856778455818615,-0.26798884457740946,0.28993697719788103,0.15952358075696246,0.07106747685036992
0.8586052949630845,1.0215718411098895,1.331712908186171,0.736392899891066,1.457222532878524,-0.9092926153231387,-0.5076672219455113,0.4559112306717651,-1.0095861355538156,-0.11853076337989754,0.22041797783732833,-0.17583833170246638,0.2140760914517017,0.19448565604214213,0.1071850164845202
0.9171488575153051,1.001522290356504,1.4062349665220228,0.7825990588393087,1.5264968226589586,-0.9430739528472136,-0.5589640716500001,0.41373180416988914,-1.006306557202073,-0.1379152860225763,0.08918108582303962,-0.128688977530591,0.1468696675446626,0.08516108242182444,0.03923487040001047
0.8355740194924631,1.053232190695834,1.3064391446261907,0.7862884271912135,1.3547156054137934,-0.9802121188684881,-0.4152828740662307,0.4217922131901596,-1.015131108824067,-0.15251368843759652,0.12625254648685502,-0.05288005094910848,0.12008359304081315,-0.057721163736984174,0.0755435063070114
0.7840371612308215,1.0114255842255426,1.341609562019793,0.7446759144028836,1.416491446977138,-1.0046181997295152,-0.4997252860365867,0.3955938472886974,-1.045496318159748,-0.1977030780484726,-0.07840804289728004,-0.15503975534716613,0.01400930485059855,-0.16494157323574338,-0.1612798443825015
0.7413675011169161,0.9254561587422361,1.3706602367515117,0.8165475153648765,1.4915667614950499,-0.9508643429161118,-0.5300859595071604,0.4211165989433579,-1.0228668775173047,-0.10573511385842935,-0.00029284475466711396,-0.0697838994280542,0.10248620402612156,-0.02253799542497531,-0.04882939949935809
0.7790004162237247,1.0052725381154564,1.3151491373379751,0.7904247492574407,1.4467150657792645,-0.9373562589499334,-0.5255487773377481,0.4549357070900029,-1.0156016732541977,-0.10437836822859232,0.04374688777076585,-0.22162553541320906,0.07814419076960394,0.09599722713589284,-0.1601320987333309
0.7670240402186698,1.1134367826625517,1.3176309768358283,0.7527354470875907,1.4605162656144837,-0.9172069742663141,-0.5084783441020113,0.5403376553295567,-1.0754259439747846,-0.11756768403828412,-0.08449389749649501,-0.11571744574949681,-0.09711996725780865,0.07902722102530677,-0.014654164637505171
0.7963426547667273,1.0899729201260147,1.339368535448133,0.7896671193592669,1.4599975865397927,-0.9240426481037372,-0.43936046352477387,0.6201483739012035,-0.9944195454094934,-0.0252379070863938,-0.17215185163696536,-0.05174251196873729,-0.07428856582153527,-0.1142636005940734,-0.004322285844688549
0.8720822019719962,1.013584407761156,1.337769036767364,0.8161091807781755,1.5523385409721218,-0.921407468825157,-0.5225217866625252,0.527574633540331,-0.973686185426634,-0.0530479901087876,-0.1213999307458177,-0.13812679728063298,-0.06960495153060389,-0.09645349483758063,0.03837636467389076
0.8856577836070456,1.0442009712877842,1.3210487011012142,0.8491259797605577,1.4724067374468155,-1.0407473414221091,-0.5023777658728429,0.5697426243143326,-1.0046542785629404,0.012213831929647343,-0.028216663295399375,-0.04252863444601901,-0.24051927751299118,-0.13175028700560681,0.03443430806052461
0.8235616648373698,1.086441721188156,1.3147041575466043,0.7928254414939333,1.5304381564738785,-0.9440437787508256,-0.5281979728439458,0.6090161812845654,-0.9795862534308444,-0.012743583995345524,-0.06843396599847343,-0.018448030983581373,-0.1668689211883963,-0.11302989573681851,0.086587642726706
0.8074223097795695,0.9731865414189346,1.3216362744806638,0.8386758727396058,1.4824077095924235,-1.030247818079434,-0.44856609281501747,0.5589905733800113,-1.0245640861952905,-0.012427891356492821,0.021324822553056788,-0.021866898014039692,-0.023230757700613697,-0.018436732805427625,-0.010414603185257915
0.8186982234053274,1.0295278633031109,1.3814911713271008,0.8306905115888982,1.4898581549302368,-0.9498687975727678,-0.34375029659646733,0.6800127705455185,-0.9777973795243468,0.11599531776315028,-0.10195641962236048,-0.018778028415249826,-0.01735792689160672,-0.024856799314250274,-0.03775594549796222
0.8390609338226306,1.0028852261067798,1.4086703085422547,0.7500462676564374,1.369221436760851,-1.0829078886662344,-0.45062935498090717,0.5909505112884738,-1.0460136910252749,0.020467378302359757,-0.05226508968450499,-0.08486180764080664,0.13581258732780602,0.05312192847338407,-0.08060520790602431
0.8605768720482418,0.9853076833881166,1.3935293968836968,0.7833061454707889,1.5414361626540742,-0.9755719325636241,-0.40820385824627947,0.6813696065499282,-0.9646972194504921,-0.026197280662554515,-0.14942466152766615,0.042379562136696095,0.0952912202735344,0.1478964645432233,-0.14550748364976362
0.8614629135094254,1.0469399822312637,1.4268616292712681,0.8831024064219997,1.5417196755617124,-0.9249117462800943,-0.3009287261448677,0.6700116130678029,-0.9752131806505178,0.09328650954717158,-0.05177972592883291,0.02644917423645605,-0.07116186011099394,0.037965083448569234,0.08623186848107599
0.9241443828923471,1.1108695499703851,1.2449837214336665,0.8519047771187427,1.4788888702581195,-0.9355684498654783,-0.28710545706376644,0.6239744313534745,-0.8980848842489932,0.14952225967119334,-0.03346824737721424,0.06253418594688478,-0.12829134802689196,-0.0903907238946063,0.15680074044070702
0.8597338224576211,1.04776076967675,1.381128358233226,0.798182780099228,1.5648031469919557,-1.0020029110815434,-0.22494274368905798,0.6706543819063419,-1.029151555187844,0.24118507060846134,0.010313275916823923,-0.043220239211470404,-0.006338524332171955,-0.16650858563776078,0.001648475960117149
0.8347058534193119,1.0507378987378369,1.3571824742674434,0.7908142946829742,1.532626179298029,-0.9449764747750071,-0.2112467602041183,0.7153247267855932,-0.9727167513971191,0.14127807466260686,0.005533955910068593,-0.05780463086033225,0.09848807920358088,-0.13736161330889374,0.23021205887212026
0.856700153688487,0.9560068386317281,1.3830992829894448,0.8677989999725416,1.5009828251346364,-0.9366293611814258,-0.27145438460066695,0.6581609522137505,-0.9462491416843136,0.09608238723148776,0.09640648365670126,-0.2307852331462254,0.04611172372300251,-0.3300629612184351,0.1485450216620617
0.8293037625766906,1.0999809882044929,1.2808805685344873,0.8539196764357061,1.4711180987220944,-0.9132231414731911,-0.28344680950496903,0.663963790744967,-0.898820393525603,0.1755757322839153,-0.08710009168838245,-0.027822167721994,-0.020974892212912905,-0.25265841404889283,-0.10906986843282943
0.8007493635351401,0.9611797471764011,1.314885982190364,0.8501643052385048,1.526689334772447,-0.8671875335163115,-0.2522988048933714,0.789160852828557,-0.9612510330364263,0.21772992575244346,0.016138213580738366,0.03887351960376598,0.05881094216776854,-0.15933716476037577,-8.89319226607399e-06
0.8177134766191149,1.126364843632902,1.3797196410005832,0.7463681571276531,1.5488423172139152,-0.904750319444239,-0.23785933252017624,0.7746117346799121,-1.031194281222972,0.3105178300224222,0.061489746933943296,0.012668407674491362,-0.17139054799406078,-0.16211787896302118,-0.00516990325593995
0.7931254867669079,0.9561232824477217,1.3816411233740256,0.7387806639428951,1.529136574887832,-0.8816238211398238,-0.1276738089518371,0.7733743060125454,-0.9424329838111293,0.1831144745918006,-0.030326790643400076,0.04610780665670389,-0.11202626445487525,-0.06414570023144922,0.002417816857942004
0.8365340023308542,1.0249830917376734,1.3797562989243293,0.8308616570589052,1.5320121567189382,-0.8735246482521178,-0.18707319928390936,0.7189169404295422,-0.8426882760573068,0.21248017977487002,0.10403820077536508,0.10286977050181081,0.10349719001921016,0.0765035279614026,0.11615027263910828
0.8527246332534996,1.085054345601949,1.4852819596147144,0.806139458363977,1.5277937882970212,-0.9784650769131992,-0.2199795212068527,0.727955491816397,-0.9338550776377675,0.27851749748908505,0.04452149628928535,0.09434198670203789,0.1500988235170695,0.026790512860261167,0.061526684582337086
0.8569617219481233,1.1067296472168822,1.3391007671161137,0.8077426192190447,1.5384656327547863,-0.9352759887301265,-0.22198812835258064,0.783828160994413,-0.9187425903213551,0.24700625819533018,-0.002869934291189098,0.11459395184155105,0.05397259763284816,0.044222917256684285,-0.07125095066753126
0.8589044434441117,0.889584313959055,1.3740619599986823,0.773992730367076,1.4246010389022292,-0.9088123893680231,-0.13752150395367163,0.8076876971467131,-0.8432690156186682,0.3323436519266146,0.11143191922387254,0.07239151412445638,0.04717573204398647,0.04317424693475022,0.01595746216499281
0.908035410688775,1.0191521277177096,1.401769395922257,0.7869076361528452,1.4365864543290296,-0.9075937312124918,-0.07813637640749332,0.7794791469309702,-0.9058802281114243,0.24578972527015333,0.020582289328113963,-0.04470305604841771,0.02139420886257976,0.006373075611709522,0.28803555755729154
0.7685406186146178,0.9620622820109119,1.3045508218581754,0.8064959900472878,1.5036393390928284,-0.9028851030307414,-0.14646473746278826,0.7781340494030067,-0.8748333153983032,0.352174658668128,-0.017738122166461208,-0.11489522645810599,-0.006753363589340505,0.08375013508986263,0.07183042488583954
0.8634706887977712,0.9939143949000244,1.3189803737676802,0.8650075053065646,1.5524903233555778,-0.8544807126548364,-0.020474605590399042,0.859279742456228,-0.9704931771127167,0.33206766615280214,-0.017084315184167934,0.19409636784142356,-0.07427254438576482,0.1430773499592877,0.014304545834260003
0.8608094906327834,0.9604493222510084,1.3811556658489021,0.8088812565268766,1.4759000446690211,-0.8558777033682182,-0.12015076510546575,0.8170177964593388,-0.9539394218291911,0.38561148240231385,-0.17581677777516302,0.09457912302810428,-0.03605629401846747,-0.12145441918588586,0.1876090316679732
0.8253568087675636,1.0108346904679766,1.4505934892638326,0.7760328396333553,1.6056644636375872,-0.8849513741350092,-0.11309107483856506,0.8564962042588607,-0.8390717961222007,0.2885579346905167,-0.03550099009219582,0.2166705022839172,-0.11839159288116342,-0.13995741088785285,0.07728498599146919
0.8943335004406645,1.1317886072280796,1.4149758692270953,0.8547997460088252,1.596634279327794,-0.9507931997569004,0.07060755995275265,0.8525055649022278,-0.8287777647449687,0.3421925236007729,0.05709076483800095,0.23026997940921354,-0.06136038908915117,-0.139315375463257,0.20401354849312353
0.8494624235954583,0.9662733429272623,1.3383546730057825,0.9926253170737772,1.5687080360567027,-0.8453660593705733,-0.07472673633142868,0.8018644629612789,-0.9008171233730142,0.3892801489879461,0.08884813951404716,-0.008624547952008649,-0.177783753925691,0.013920229144709459,0.16061301969388703
0.8559626599483302,1.006647533852383,1.3908840332923431,0.8343383232661161,1.5204062106356901,-0.8627016677645591,-0.007978052110030179,0.8309967283561122,-0.8490556793079087,0.3768736477966012,0.1807419913718858,-0.01631564384378812,-0.101796613735369,-0.03745959352342281,0.0009469060907543736
0.8535826719955432,1.1644802143862354,1.3719788996452797,0.8808940476804245,1.5449823483846328,-0.8441752017636422,0.029953695220853442,0.8391509838502114,-0.9128593066695035,0.4339022598326347,0.11154048867778163,-0.2721676550642468,0.004434900181284632,0.005845958260914923,0.12349512152788002
0.7801647139376602,1.109819934632367,1.4530312050126428,0.782139993356569,1.5396088101597685,-0.8789562900188789,-0.02301440392625095,0.8912661871618608,-0.8059721963478788,0.43479368924183087,0.025625029739016217,-0.2792279800406991,0.007873042667499582,-0.06977085440347762,0.049127236896792596
0.9659870076508755,0.9637455830731394,1.3775055740055755,0.7513204314911771,1.5035672838272096,-0.8907494422977068,0.07961040516441358,0.8364681814704007,-0.8418647053557193,0.4253273219596861,0.025494382671717532,-0.3106476276993687,-0.02305231127420316,-0.08368455176149862,0.13373643586713904
0.8333217073839728,0.9288729171613129,1.4049823494382734,0.8149632011882371,1.5336757250650284,-0.9300172889296254,0.05867534380074492,0.8759407069367067,-0.8547000807089327,0.513468393606297,0.021292387480080072,-0.2514217010703972,-0.008836912402317484,-0.11131087587092665,0.035228025842908614
0.8501491612958805,1.0081791436281167,1.2912471130888252,0.8455867649240794,1.511213761661246,-0.8369040346510974,0.045256176766787275,0.9999013765619896,-0.9464939014608929,0.454090409828865,0.003024883079953397,-0.3189633191056582,-0.025250607243973537,0.17451209005245022,0.15526411372910515
0.863848055846002,1.0708353383796827,1.399335046740238,0.8434792551987302,1.5830742677286087,-0.7743405575870728,0.07655554924521422,0.8538554931390249,-0.7798637753625773,0.4664597698410508,-0.1158342575184585,-0.25045927711655075,0.05259755094640415,-0.026562857535170403,0.14330888891248303
0.9060485243377991,1.101655596038325,1.423814375452934,0.8569126893733541,1.5639185833858047,-0.8512581463955313,0.10545421044718907,0.9319172221052525,-0.8605378551325438,0.5685479696358837,-0.08043041034083198,-0.11040951600786372,0.028514232005869753,0.008596735867112196,0.053380969451692684
0.7919324474424634,1.135595465900744,1.3134272875766893,0.8763196416550957,1.5840599154996033,-0.821203762087759,0.11123181101059251,0.88752226386076,-0.7591409546750171,0.552424248888528,-0.026553388051451493,-0.24545795415068627,0.041659075209442974,0.0640744785335011,-0.1476619110660936
0.8133209798371316,1.0844103378216445,1.457037924352767,0.935846532139369,1.6015120326023615,-0.7901982016832285,0.07690916330799502,1.004839909349039,-0.7821941777398135,0.5769514595021022,0.041205216707758244,-0.07156334321016666,0.005895808324368958,-0.09391842710407487,0.15841323025696263
0.9014646022887207,1.019090969134243,1.4059177804180103,0.8989500133253268,1.4876660871475698,-0.928447515705373,0.10682462927442689,0.9491883098626932,-0.7297604123560834,0.5437627320274161,0.07768298378054017,-0.0495743370786544,-0.10275579156110136,-0.16843472805714796,0.25182128698598366
0.8821179022859337,1.0538094948379568,1.4208629715189824,0.8546868237023195,1.6577123813643895,-0.8201939884079772,0.10869512908377077,0.9624324225431093,-0.7718019274069068,0.5920180711327141,0.05989891029151788,0.03077031925368303,-0.29897361797277233,-0.17568605274552762,0.10584360832817641
0.8012822372145367,1.089028966168663,1.3979955239287258,0.7997358721984421,1.5887778984290348,-0.8014236764899113,0.236097996664764,1.0594610151037924,-0.8824955467495286,0.5936567757093071,0.0918952039372231,0.12484419422163182,-0.2265619985553685,-0.10220322884028127,0.0348087102353035
0.92307350420935,0.9913233392347527,1.5026439710979311,0.8687883460736925,1.600985211393382,-1.0002601295013043,0.21758331987462115,0.9705990176006454,-0.637476439140663,0.5617786568264165,0.2698013241215715,0.10408334058282737,-0.4092110572818086,-0.22585037269603336,0.16985337950305401
0.9234156018852002,1.1417243141071627,1.518627545075254,0.87998269280561,1.5846161543382156,-0.8633758549818334,0.16125448680756535,0.9140633631608597,-0.7518281650199631,0.5792872164241646,0.16727761481368728,0.07997182732390945,-0.508558986438144,-0.14851441960366393,0.26981620945739554
0.9458863194919941,1.0367890281012968,1.4102928200113,0.8295307284088758,1.631464084484815,-0.9058301001954477,0.21548469531176287,1.008846037204214,-0.7383820201439857,0.6575802635741622,0.08830322547454848,0.18691638033194882,-0.3688194537499717,-0.017762399491166717,0.10040705491760081
1.0046287395295617,1.0987790620472755,1.4991513362253355,0.8068311507844813,1.5906728039123104,-0.7876520201137285,0.1245802227585834,0.9945494346482107,-0.7278484929515807,0.63948813662851,0.06027816107222949,0.15277069499090148,-0.18570552735231882,-0.01694679377800244,-0.004963171458586865
0.9271563460584901,1.055604981393364,1.3845976983119321,0.8780748342794468,1.5690183664051176,-0.8820195836064488,0.32458210412726224,0.9914646817580481,-0.6934565581243647,0.5404692857647403,0.15098761742861705,0.22190538980786417,-0.23556115348657275,0.016453950158885896,-0.03945739968181433
0.8421417191976138,1.032580110967508,1.5209502406520756,0.8803893940682521,1.5339285875025632,-0.8666169577671535,0.24025500321833546,0.9886676685354402,-0.6583958344710179,0.6155504962753117,0.1305503510858,0.09250465392001687,-0.09851836335874613,-0.09185279772603878,-0.014894186941751795
0.8285259935826543,1.1151206388442647,1.4132426480032538,0.9460514037966984,1.5926486617084927,-0.7964671420961915,0.2266734381739076,0.9473570829481,-0.6359662132023857,0.661214222812083,0.20574034628309637,-0.17554640431080343,-0.09511697126128824,-0.12650716192784728,0.2796734568017281
0.9009167985638534,1.0628582472082089,1.425082852892495,0.8804777156475128,1.6240321863247322,-0.8177961968836275,0.2802524924193513,0.9633685323833138,-0.6611585467746973,0.6500317804808151,0.17612368190776306,-0.14143748743416198,-0.009177203778054283,0.01388691496918848,0.20899304489453557
0.902840906701695,1.1418881012853717,1.428601891691053,0.8422280486672122,1.5329343018077441,-0.7185521743010158,0.3021198836681239,1.0242964016767726,-0.5738449040610835,0.7345253050586145,0.14417680105638608,-0.13976721862993555,0.04587237777265561,-0.048508119432989376,0.15663893271566276
0.8698751723331721,1.0087454129777376,1.3581463850552982,0.8959993193330993,1.6955755597598723,-0.7410450850502552,0.3528139673457702,0.9938972872236433,-0.5913904103937572,0.7774524267963366,0.0431722349671199,-0.22532238444891173,-0.12963122907885052,-0.21935021229844137,0.027910130715600973
0.9111012431330134,1.118958320991069,1.3911405474896874,0.917495748673046,1.6235393774379072,-0.8039020701321412,0.3092147706851014,0.9914777087812585,-0.6745974793750867,0.7899727737349985,-0.24381320079634838,-0.3627902898796282,0.14139942160362096,-0.23851910756460135,0.1983291308578588
0.8734337886525619,1.1398383407837465,1.4392537716849312,0.8219648235395431,1.6346619667458948,-0.8082017889173738,0.30302333847549445,1.0437785553826244,-0.6080256625770345,0.6812826478661757,-0.2556941686757279,-0.2953851740406757,0.13103655197986072,-0.09604476249445301,0.08928160018671302
0.9896087259738191,1.0700513629730923,1.5396829970723072,0.8717372046557101,1.671006507291861,-0.7662755076761922,0.32174933883103096,0.999075266141078,-0.6833438707829798,0.6414680719372627,-0.22893119538719237,-0.27317847502133574,0.0811155995401191,0.12508725360802553,-0.01756361781360983
0.9474550985757005,1.0859895014407364,1.5036091949414947,0.8340870775816203,1.5924551712570962,-0.7758467643448547,0.38374070717188136,1.0257175429813523,-0.5915183020972853,0.7659605672858636,-0.19653697810878,-0.23025541501603958,0.21848455867090177,0.25039955820490417,0.06401036914770997
0.9137483426573446,1.0529221181780262,1.4560695611917858,0.9523815788991299,1.6528658264095728,-0.7004526562404135,0.4580111140119365,1.0031459135068796,-0.5296479671902568,0.7355480947557033,-0.19649732549653645,-0.17735305498635506,0.1682256430760381,0.1257923552254212,0.15413216094633875
0.9477164551232723,1.009273814228153,1.4148412058778566,0.8886001873164309,1.656085818485815,-0.7623023723565211,0.47108660977076666,1.0660236944454553,-0.5290174015241729,0.7764842216436603,-0.2792538696544937,-0.09267073552223995,0.30101229652499784,0.22664393485515127,0.19548809599053169
0.8912727650363235,1.1562764523048712,1.3418762833575968,0.9611273717776967,1.5876080597625772,-0.8283451011358063,0.48455644989603147,0.9546705182406485,-0.4736468965926366,0.7209831572898768,-0.2579851277845984,-0.0186079335872266,0.23020938098953525,0.13594384376875907,0.1300077337215114
0.9607869697733451,1.116219761443699,1.3952656115904416,0.9314601807709133,1.5740434423122047,-0.7187431413786896,0.4532410607000099,1.0175918789813965,-0.6422225097271951,0.7619445869290964,-0.20950859611853873,-0.08861381581384245,0.07161924368929043,0.17931851199595686,0.049032407207660354
0.9418732153284348,1.0181738035866559,1.430405962419524,0.9184054272901538,1.6745606604663803,-0.672034506967029,0.5076635873230523,1.0042224845963579,-0.5305487766662769,0.8261920680430906,-0.12916145819518834,-0.06715057331060223,0.19898414824294913,0.1276950508626503,0.13120332004308732
0.9690251344509332,0.9813289592567918,1.4412081483567938,0.9696041580157475,1.6594750705512544,-0.8174950727761452,0.47987488548834645,1.000964788125715,-0.45078872946657533,0.7722831895533189,0.09059511945016833,0.03188591080241402,0.13777083879497318,-0.046608329705965554,0.022961569283065406
0.9417055612813079,1.0467109306857254,1.4284699232256575,0.9155265331014475,1.6551321315478966,-0.6982131615253099,0.48918773933283244,1.0379008606804303,-0.5076585026997449,0.7744358019346461,-0.10445829324389175,0.046483566425022854,0.15237347533838583,0.01690059169842745,0.11294421897831618
0.9384632124000225,1.10531158548313,1.437897626335229,0.9199397460177257,1.6533262637885182,-0.7716006201536589,0.4716105540924787,0.9643119570155575,-0.5875654710962592,0.8778403062289283,-0.036779123729472625,0.2142302508490052,0.0954080298094548,0.2439411132268425,-0.2034882327023841
0.9697242704514365,1.1469077320784304,1.4828136295631102,0.8617855619956183,1.6809625926416973,-0.7170084884658764,0.5669929991707832,0.9645030367833534,-0.4741432922178709,0.8038433234408973,-0.0903646586150812,0.06979362795960908,0.011746672874299799,0.003954443806774344,-0.02842657712312624
0.9675736410291107,1.162192399109705,1.4512428030428466,0.9941803906543001,1.6888206487350865,-0.6553695578094125,0.46721716864254415,0.9357581963776643,-0.3680480061761312,0.8593478200471669,0.009740572974763599,0.2308371257009164,0.21844586755611642,0.01005958893031458,-0.16634841996023117
0.9149126499028651,1.1382407024702021,1.4865083699985295,0.946214891439183,1.6965571801278867,-0.7050211198483906,0.4931772889224049,1.0210656572863057,-0.4495477638255678,0.8401210780980595,-0.014755200687541875,0.11673996881150926,0.19189118256902654,-0.11775868764150788,-0.05795436784929937
1.002311636906225,1.0664308700214993,1.4850344323276958,0.9519651758635911,1.659756547880784,-0.7028718728568336,0.48419409478063496,0.989886311226741,-0.4021681772064093,0.8695958300994218,-0.12854102521457889,0.17722899555663363,-0.009881369932492723,0.02269172959729393,-0.2930507419750355
0.9824031386528557,1.0878166813236383,1.4719654775888673,0.9305017270047561,1.6238028733259415,-0.699294610432449,0.5228839385351665,1.0312665710292042,-0.38775322739534895,0.9172339510442894,0.03247028845105045,0.34098426288475603,-0.017752592047802065,-0.07764749574432414,-0.20375232466780202
0.9857136818983036,1.0630108949794244,1.598755202712793,0.9347784638542096,1.6651433645679183,-0.7181459051892319,0.5441493271990512,0.9758649494370994,-0.43064946633909257,0.7793267557248238,0.040874648878006015,0.28155130149902424,0.06157432318212876,0.21667660081503146,-0.16388077561182754
1.0128745511366368,1.0834603163619732,1.497352022778559,0.9965905062867522,1.6494896920012163,-0.6759495343493166,0.4977285439796819,0.9429553757678567,-0.428750474777109,1.0079521845731907,-0.037355062138695314,-0.01805074789007166,0.10087056208229653,0.25506807267517395,-0.22979802708328284
0.9270144741383474,1.0509415026141318,1.5161586398618043,0.8502747863716703,1.6352655924985458,-0.6149891920980806,0.6667259880601418,0.910296810464336,-0.292654836216185,0.8100621918318716,-0.2622623365593443,-0.1693241737762709,0.11194316519318062,0.1558934009260506,-0.1730896840318055
1.0894853286127741,1.1288647709359036,1.4824057761118423,0.8797193789407751,1.738164856599909,-0.708149070624529,0.7076349511894532,1.0291205954527847,-0.37444005069926767,0.8594598105228225,0.05380423122757108,-0.1354286940366413,-0.030176803399592014,0.06163038006972308,-0.1200958141891668
0.9222636882774475,1.0447443266603698,1.5070936047390344,0.9749977225446551,1.6318860040354395,-0.6513024430632774,0.6299863327685566,1.0096029301861753,-0.2594763838791071,0.9026924297271414,-0.03672634238457826,-0.13947381835100758,-0.10411175207046355,-0.04261800627379278,-0.19805887218420853
0.9645432184674543,1.2069996399564034,1.4575631697371942,0.8749313666331585,1.6414079015816463,-0.6580540666901552,0.6566299634776681,0.9814539218662114,-0.2996957384005288,0.9316939392321992,-0.16506209331377483,-0.07317612143689152,-0.1445037049721181,0.001668610435828912,0.0008730595268035823
0.928172002680007,1.1543697765212435,1.4831747796672583,0.8951236962044843,1.6754174073133303,-0.6485396011559027,0.6377160208648018,0.9394431644528587,-0.253184055548973,0.9209369043322534,-0.1849216562359835,0.057765239743433866,0.07083076456098011,0.0837825448336463,-0.10710902280624184
0.9264523837959346,1.1753306480811432,1.5002631881939827,0.9858769461629943,1.6568347327173079,-0.6125968090425536,0.7640926621372364,0.9808193315846444,-0.29839179597562343,0.9514049706106593,0.06662357188552359,0.0916723781060435,0.10220867629004116,-0.01113391052381623,-0.0549554906777972
0.9177608497129817,1.1801464369623003,1.5566810145481766,0.9358530778782884,1.58961401077334,-0.6751090083906052,0.6841948964548433,1.015194806718379,-0.3310262590165901,0.8624985111713293,0.07352860366617373,0.1495791853098046,-0.08020422750417017,0.053678929114381095,0.004286474274272527
0.9624734354705382,1.1389489383960978,1.5750494988461643,0.927009256567348,1.5690480799294346,-0.6211681865337041,0.6953013109491157,0.9695340405834947,-0.2141058382585871,1.0467460035888527,0.028611511875264103,0.21065755798674438,-0.00962143543086906,0.001317554609009404,-0.08907530580698189
0.9332343884330953,1.1766187879487349,1.4499024487982484,0.9136383419321058,1.6586311092123904,-0.6435445231347615,0.7036775963587835,0.8304908123088159,-0.20362777098504553,0.9200002176407459,0.08082426648142903,0.1228302376327616,-0.12094044088099723,-0.03921214143107981,-0.0431487355438752
0.9528934196319553,1.1505031844807256,1.4592055436909595,0.9625009897089406,1.6890659839416313,-0.6125096241942091,0.650147491163105,0.9374691181813463,-0.2497516776973839,0.9438688003665776,0.029273196470141493,0.03330058022437811,-0.006908341643768953,0.08431903419854875,-0.2346314613686127
0.9292346860530315,1.1394068536665236,1.5210173471467463,0.914934606076914,1.7496803299454544,-0.5614663496941229,0.6647542290106632,0.8671166771597095,-0.21031209831216405,1.0081657973004585,0.07468380658277822,0.0952092060684337,0.025474959442792985,0.09072971019570977,-0.016106369696181483
1.0456997499453513,1.1674645631524496,1.534213461560867,0.8810122641151643,1.7689606912259304,-0.5343199267804796,0.7517078711398553,0.9516781987049918,-0.19869946658932455,0.9221357883437167,0.0041314617962942765,-0.12493644876984399,0.0208371950965949,-0.012423418489336126,-0.02325064957002241
1.0553924577557179,1.1374189281077383,1.613512851258303,0.9295968566071937,1.6113834655536565,-0.5575513034292342,0.8387778533400825,0.8874273475208577,-0.19674320444931312,0.9241204200598538,-0.003557551473865832,-0.20799543776777307,-0.20028223486177948,-0.05142281873583464,0.04827947646697461
1.0945903963067147,1.1793053676083425,1.4419855258064271,1.0239791700876015,1.706517192376335,-0.6544910544071132,0.7100724800041566,0.8226632301549203,-0.23863022838580517,0.9133016444655476,0.005734547818946622,-0.11669463580924488,-0.10771720450221903,-0.04883450181657927,0.04390411696256729
0.9624260974797496,1.1071047600277357,1.5362807772565976,1.0307454479304825,1.66429209124208,-0.6158147219291943,0.8351783118520036,0.8518018110018053,-0.1496362472503401,0.9558748708761857,-0.06813209574660803,-0.23229964815636897,-0.24788044722944275,0.10447386893652558,0.15325495475362397
0.9031743639562326,1.0397010913091573,1.5546570287273656,0.9971496600626614,1.7057835446572818,-0.5729367879201387,0.7591152161387463,0.854647588993625,-0.06319326696072759,1.0116162714996215,0.0674847161709626,-0.1751940121772083,-0.2681422512965085,0.04803268548169783,0.04240169554999058
1.006565438596519,1.0937996303159072,1.5183959424622078,0.9198207794741401,1.695873726640614,-0.5781222845506241,0.76909575105971,0.8612380358549363,-0.12176842348146112,0.9697035048847232,0.17948588507833244,-0.05675575578352178,-0.22433838455843957,0.18534123469895095,-0.1520069322733635
1.0080561194996627,1.1513050786831653,1.5406289820920958,0.9773366750510181,1.7275837450355318,-0.5023208217274658,0.8369702135942205,0.8647329795785985,-0.11451755158566936,0.9883810535316877,0.06327131158648486,0.05973293052187102,-0.17937590333739473,0.009183011636583763,-0.12576571932571082
0.9903095611437761,1.1982144011925486,1.5375208768637996,0.8778292531462294,1.720655898225673,-0.5909815595218479,0.85394833523067,0.882078477507955,-0.06930721352579065,1.0722873262394312,-0.025959463174831457,0.06141836028017547,-0.08895792292864817,0.00793196483010907,-0.15475072155349548
1.0930757001669105,1.221058120084466,1.5782338529318507,1.0190726476008127,1.7859644917156454,-0.4935058465661458,0.8506081413583833,0.8181075831836916,-0.0023856818787515444,1.0333114056084614,0.0037469566200488136,0.05235174632393039,-0.026248985421904687,0.012387686542569512,-0.18030254219742423
0.9889581450291294,1.0984749999937102,1.6144168041298737,0.9185746440465642,1.7306736473524726,-0.6253781997017488,0.8558858357555488,0.8715029691019179,-0.05151856008578499,1.041407363696457,0.12345753456948191,-0.14934636047997643,0.22826062835152514,0.06001374751649369,-0.0727266983869335
0.9484499985924736,1.167971729682752,1.4869722808515533,0.8480107063299427,1.7294696640209548,-0.5524296053566623,0.8287297607114127,0.8631750006504856,-0.00910778342919907,0.9956158578106262,0.024172841807122328,-0.2757523034813731,0.11262510606250639,0.061499690358914186,-0.20696017643287734
1.0052419537396102,1.1344659179638783,1.4841553748988683,0.9382949701389492,1.711045491950956,-0.4765894754448721,0.8684507672246857,0.794715527319139,-0.07732645263264083,0.9324546379839107,-0.025841222340034345,-0.35709759551521764,0.20325541725634663,0.16958535220008153,-0.09344076182466929
1.0390945122965998,1.1971798124989819,1.5318634888592744,1.0420809126931563,1.654189480439962,-0.5421777763787557,0.9382753309242984,0.8024032951897163,0.02824563580741343,0.9908220046357482,0.08293403895682122,-0.5943120122312396,0.21807333454966027,0.13089882243415443,-0.050785086697423175
1.1303325545233642,1.2067832520127315,1.54077167449323,0.9791620805908985,1.7472719291235252,-0.507781305962991,0.9132500156973004,0.8665664600809918,0.030300704307734974,0.9614361955509863,-0.03707958261795169,-0.5545038716341979,0.09566197554222372,0.19652541809915697,-0.11073134192924128
1.0287637449594023,1.1680574658846858,1.5580923566322733,0.9476247321106225,1.6618189183274035,-0.5465938630285425,0.8904838302636531,0.7093064355159799,-0.03361907749512975,0.9862279460028667,-0.13178064219902216,-0.42473219963237,0.004400611566104717,0.07703383668115207,-0.17774103004406155
1.0079672765416887,1.128196599399919,1.5383213897963761,1.0464369567416278,1.7230602697777475,-0.42984211124758037,0.8624459988044124,0.8221455876197997,0.10583116325662542,0.9386462840497137,-0.20572535316664048,-0.32852879352399156,0.004357831239386178,0.08548665191115079,-0.09628100170640395
1.090171098892945,1.094469133242118,1.5760145188746963,1.0786192736707698,1.726180772186673,-0.557127446881555,0.9599183575028533,0.800513118233288,0.07180384773999227,0.9787644887791997,-0.1816100407981368,-0.33457926561437334,0.08030960226625175,-0.10023332581330563,0.01075069814835003
0.9690513209458996,1.1478331868129532,1.5854226948750718,0.9198293259112605,1.764818617217392,-0.48283000258612113,0.8772122937549243,0.7038140232366212,0.07948155889976855,0.9638335063520657,-0.14803831320232708,-0.3047912611716054,0.2639426379777922,-0.06426746919426028,0.07691930524019383
1.0086329692762177,1.2420137173656711,1.5049620172607274,0.9752787911899852,1.7453925637830903,-0.428308274936371,0.831551249818256,0.7062401313766004,0.19502067551446972,1.0053737532883422,-0.1303021537149393,-0.25314372434811133,0.37167446150703076,0.0756771878753223,0.012016478479359279
1.0030561687015693,1.1913009615140764,1.5277257342718453,0.9858570201437374,1.6912251054619116,-0.4945004718522068,0.9998629807481123,0.7017357982763631,0.1115219380942642,1.108181974401068,-0.11461330198755028,-0.26113288884883923,0.23977645035281037,0.036108111077121176,-0.044139299883396564
1.015795390603698,1.272100727605691,1.5045284755998185,0.9995711955967768,1.7278667467683353,-0.5377425055838254,0.9867190512051716,0.6531598170475165,0.050843038790051254,0.9789394395855757,-0.2406876284109604,-0.16410192615326513,0.09996541609682799,0.04703256988419134,-0.07811880659462031
1.030060416777633,1.2065072373929575,1.5872112228286694,1.0595365071755847,1.7369942746384577,-0.49535157074279557,0.9414717348586625,0.6940859244609469,0.03567853571160774,0.9455568131462865,-0.05524463305340897,-0.0237958596690728,0.2140719945044261,-0.0420781194855016,-0.14905689335669003
1.0805595288599081,1.076193754546987,1.575062528968306,1.035447104648379,1.775568592610867,-0.4089517418988436,0.8845498330091899,0.6919181101657481,0.20366543594702305,1.0352020530480286,0.09730508838255862,-0.0006386995968788965,0.10331139618298155,-0.0008057451517778369,-0.14072214889959728
0.9843786502270031,1.1959343460070568,1.5482120301760454,0.9387741548010962,1.7311900497194934,-0.3601066626939249,0.8909153108784266,0.5897707924812502,0.2022029465588542,0.9131586215565742,0.11866290634170644,-0.10913381756472666,-0.046347457550643956,0.11959064500177569,-0.27288770857434475
1.0604862126491499,1.126983991346862,1.599636886309933,0.989263880981484,1.7156135412411673,-0.5088885959772478,0.948059657643672,0.6758539846354809,0.19472132048771365,1.0140280739891083,0.11734330403281308,-0.0902677188972767,-0.1642327993452521,0.03630710556170686,-0.22199314159189
1.065878634888724,1.2045147489102124,1.5531104995042169,1.0161546893910867,1.7296066466592812,-0.43567390611916734,0.8628008971365007,0.6229813323973586,0.2869293416816255,1.0196925769551795,0.17655656378789458,0.17760635079817733,-0.05545193643547705,-0.006009606148570167,-0.07608947010686994
1.0042449090461698,1.1972815005043407,1.5035386621066131,0.9503097074532207,1.881200375593236,-0.41136869506246426,0.8819775882739546,0.709145491529083,0.14635114005314903,1.0129331934171946,0.0928625262275521,0.38147648770501275,-0.1335314711082328,0.16483539666828467,0.10548846602591633
1.1342032350197184,1.1185470580831782,1.4904536789651823,1.0170191611683703,1.714116991480694,-0.4155411416058,0.9769634659223994,0.6005688735095887,0.2898615322716303,0.998364856579526,-0.01505875635476471,0.3479250719346838,-0.016669827746110227,0.2652433370875583,0.2316079644212528
1.0590639084990199,1.1543227234374998,1.556456368823379,1.0243153916015688,1.7766319204129726,-0.37999817488596516,0.9970914121269033,0.5523030699808542,0.24191974302759298,1.0071902536758721,0.048945947512597315,0.3017065376202201,-0.11280197889123336,0.21520456222920897,0.11213930652035328
0.9351711660259169,1.1015445138834852,1.5364923925989966,1.020603902581074,1.7267749990628516,-0.32250975712465807,1.0033147789610524,0.6901159665824669,0.3276043062447618,0.9940540791162646,0.08441164267766674,0.4124776679564703,-0.2346786016545932,0.19771499713419471,-0.1503096483207512
1.059337495748244,1.2781020016348974,1.5002726210522201,1.015496369609779,1.7534129115849655,-0.4004569720168711,0.9192727736427758,0.5215382415028879,0.30134385811679615,0.9003907339168932,0.048560504373003355,0.46274203522733404,-0.24610824851103932,0.17196502731610366,-0.21325670608862246
1.0452128249408428,1.270310685321401,1.5411547137475254,1.0472221941854183,1.7117038788075813,-0.3897515644965533,0.9542013944050631,0.6035600676886429,0.3649630439552315,0.9614551014010557,0.028834536424016833,0.37146128019397545,-0.127701756837985,0.11136645189649522,-0.24658655493481535
0.9973107130438462,1.1690833287321776,1.5769438525252595,1.120082293355984,1.842432211483082,-0.4144137831739947,0.940588637956573,0.5358319652262932,0.2919909625761914,0.9669741586231109,0.11108035392710874,0.21235551832066496,-0.21493653165544946,0.1792246185139124,-0.2767340684649406
1.1367484961511882,1.170868909014386,1.4976783466632675,1.0208312641571233,1.7386110739095972,-0.3874250719487611,0.9479788843376453,0.5552399595987386,0.34324749899716805,0.9982888888894461,0.1751258306871984,0.04959219531292702,-0.02586709990530256,0.2914476815532673,-0.05198948261967701
1.0671713299620949,1.2158985774646156,1.5667110709232643,1.001731964507297,1.7813414143283344,-0.28524225650640933,0.9299479899130898,0.5144187699452829,0.25783735232847327,0.9495623802876351,0.1434126622116482,0.16259729807807521,-0.14951888766771174,0.3126421936561439,-0.08065493138968685
1.1472982608319033,1.2350210196501006,1.6491314750213746,1.1114648764940371,1.7750805224099764,-0.36265915650485797,0.9564311804804769,0.5422162527950815,0.34844007660849763,0.9232550081556568,0.06545218981375282,0.06092455226645292,-0.036649827555991055,0.12510960744476307,-0.02574126105246178
1.0723887589746757,1.254905769276538,1.7253351161819233,1.1079451985336182,1.7376814169629506,-0.41849095340674275,0.9012005343194359,0.46602031866479376,0.29997067167180513,0.989326884567123,0.17660530057547574,0.04152699372344739,-0.0410028546126757,0.09158735734555266,-0.09065396263933075
1.0706236231450645,1.1916217184498197,1.564003601479664,1.0520408609521084,1.7447052450244112,-0.2844951654452075,0.9145907955980335,0.4808753848311195,0.365992243557463,0.9179248275378421,0.043755229918821636,0.1685376927195086,0.11422749139062938,0.12589973252134506,0.14406532816205078
1.0457621975549645,1.2868466299840158,1.5354524417054496,1.110432392391439,1.7931716668553752,-0.277116889916934,0.9459903915218335,0.4783059162534146,0.2956452146927328,0.9592272815372479,0.06525501761656899,0.15641125703858091,0.04599552095030969,0.03224033408840637,0.21660682676187287
1.0242597660964003,1.2265131011493733,1.5985651924591175,1.0054008542859643,1.7705942300635773,-0.3160610186501847,0.9514049752237623,0.5045586450820707,0.3776832113700657,0.9796560595130911,0.020187178371604265,0.2596016301755688,0.04562980889994052,0.10331482026712135,0.14090324481930244
1.1292856285174713,1.2314061748721932,1.6739066497711113,1.0035018637129176,1.7907394631207434,-0.3913265524893576,0.9580684242888287,0.4247225405756984,0.3992351382688394,0.9056027755108631,0.001498765462925062,0.4312117844959555,0.278879156097801,0.007669815534642466,0.0038681189289634654
0.9751359464048671,1.249254756146936,1.5889851955451864,1.136678285562648,1.717978910097024,-0.2495683592437505,0.960169988309156,0.34377682442884033,0.3688063177798159,0.9419358962328019,-0.13603587048014823,0.2590877754198413,0.17780948061865365,-0.008362771575450213,0.039362302462368055
1.0645622347071748,1.296398638385859,1.6316775542048163,1.0462427479053298,1.809864650491418,-0.2851810771524852,1.080831611631464,0.44798006081835134,0.3646195964026703,0.9265339234713655,-0.020021226828366774,0.38111712693713823,0.17250806643875405,-0.026812562001531863,0.04908504056910856
1.049555708531341,1.2222471780681938,1.608742267998251,1.0860179006729567,1.777804534190135,-0.3237974483410789,0.9491355799223997,0.3482610705269965,0.41772633391537334,0.9198525530356113,-0.14765763932579284,0.21607960934562132,0.1300461927462243,0.031149187532467343,-0.062298994881718146
1.0388066917769312,1.213177339863305,1.6249867627367625,1.0058867276189813,1.7535123154058339,-0.33932530150148,0.9376057613027633,0.3925363755483028,0.5619014713603544,0.8687435775915487,-0.16794761089147758,0.23710389224534237,0.13323964745539785,-0.0467144791121105,-0.20674617506009463
1.066390320861739,1.2044018043691673,1.5987701661565117,1.0980938727789733,1.8980358661788972,-0.2698749427698745,0.9585618175044527,0.33977603955238345,0.4756711723979439,0.7651359868654727,0.021423489158406597,0.1961266231833756,0.10616401047570911,-0.1355268131827087,-0.03236844959883815
1.0602536087596903,1.2298272136733235,1.6544907573108136,1.0472463119884075,1.7933646198461264,-0.32610112852031475,1.0905029881349406,0.30613936326722,0.5446251806462672,0.8859759831190038,-0.040644121081331586,0.048370895049681326,0.07814361319493116,-0.22269890885153926,0.03833816325743329
1.0598413259835742,1.1972294352965396,1.6096095419968681,1.1616136750976622,1.801665874395767,-0.3246389897723835,1.02799785616587,0.26579240702255885,0.44779091560699663,0.7561552250153403,-0.16102008184552008,0.10494953946538389,0.20466116648257043,-0.14140016082992196,0.13110576060830137
1.1044607260567976,1.205292396334362,1.6237538614136713,1.0824928317061322,1.8202085673862307,-0.2505892909774197,1.0032182491372448,0.22213049738431523,0.5174336755684878,0.8472141857610098,-0.04376839222872993,0.17958975257123935,0.059835498283554236,-0.0637619253471469,0.21431860739641415
1.086154610061387,1.2158383595043492,1.6601503137071618,1.0769236317154833,1.718053559247587,-0.29590886385492465,1.0261026984299602,0.29492971077243024,0.7163370247015781,0.8926672110376255,-0.0016115316476355383,0.455807326211371,0.0611889570082019,-0.07362025111481979,0.24899550553047506
1.0381279860432802,1.2594346063035773,1.6432055153867715,1.0148979141665648,1.8631060398152806,-0.2602519476749075,0.9810800505652706,0.292489499356815,0.5249370926873629,0.8412967829403322,-0.2652173979160526,0.35544166181455855,0.10169970584357005,-0.10822368904234081,0.2566641436494977
0.9819620510495266,1.2221360689510543,1.566071794647802,1.0356366414371299,1.7854094949356183,-0.14641133771240095,0.9792748880242806,0.1959777202085814,0.6438154024456898,0.8573623736827932,-0.27051746246126046,0.4441479800495889,0.33229381377056233,0.10278615909997038,0.04156101480629418
1.135863865483102,1.332080059969539,1.632572718355261,1.0773459485424148,1.827349644156207,-0.23044845008879697,1.0263153708327932,0.24963246522406266,0.6550867681215902,0.7903505123777571,-0.2507337438064027,0.2487450102429963,0.3305155245302654,-0.009920452104633617,-0.13931216005341013
1.1536022217074635,1.223172165097165,1.6161080467709485,0.9812532781114474,1.934293906611636,-0.253553924112135,0.9781725068890018,0.10305786078326523,0.5913826350070419,0.8094260240868019,-0.2684821487697891,0.24950985769990408,0.23711085825834133,0.027965280093286683,-0.07634754865317407
1.1624683560170819,1.185210616581794,1.5736518801471597,1.0693736052641207,1.846827990988173,-0.2332098484147127,0.9099725625914534,0.1758014286133918,0.5747831598892218,0.8581110990837383,-0.2181577649763343,0.07171157325883634,0.05995738498378464,-0.16614334082983379,0.01106923733231692
1.0763119664361631,1.2118116787575612,1.5524811699491061,1.0346598776632543,1.861609115790345,-0.32810271565958027,0.9380168386569647,0.22604074634724042,0.6133372942835155,0.8137474535255608,-0.21798411463871636,0.013052849553842796,0.06242446308389454,-0.17996304035840427,0.050149304607226504
1.1459309435183436,1.1739057986981427,1.6060105507122617,1.13084635490274,1.9070457787696422,-0.2094769582747484,1.0121281899222923,0.17683630488390223,0.7268509854448459,0.8038793378224494,-0.14435915491538728,0.3575099234808713,-0.008955956736516633,-0.45780944387971645,-0.051515481178832125
1.0681290926432785,1.2735250371797322,1.5269126983499504,1.1221919882807163,1.8519828753645793,-0.15163529052152636,0.9297669012107894,0.1302339407509112,0.6123097745403744,0.7503900473672191,-0.19900453714353022,0.2403723908046721,-0.11433631379967366,-0.26186895980684693,-0.1269022521882216
1.1565056541767178,1.1955963399583989,1.6910796024833992,1.1202458534885413,1.8903219062347256,-0.24430418253016112,0.960503274855208,0.20288778409410835,0.7095128667494772,0.7916820474251013,-0.04864999998397375,0.186962878251407,-0.162210947034216,-0.2376268409961983,-0.2598541561657709
1.0300059191253292,1.2540266597331207,1.5824196322240924,1.1241815091658913,1.8645343434731787,-0.16680369004645682,0.9327198667468235,0.1777569005585447,0.7721261548628091,0.8734420584584012,-0.11792605835184836,0.3093879063628676,0.11284716919461041,-0.17642619849501456,-0.1000495007608247
1.0183325990620202,1.2708124677458776,1.7156665998512566,1.0728783537160673,1.8798696432534994,-0.1299353718342714,0.9195440844265546,0.11970032877035586,0.6353718894827044,0.7586156958558619,-0.011895210311874418,0.30889911211938964,0.25853113096887376,-0.31199878609466214,-0.045238083965365175
1.1234969559115953,1.3100974401478218,1.5921035595196764,1.0865140955734425,1.9170253195497238,-0.20499205473005003,0.9572277527093629,0.11304245971116182,0.7254940381951938,0.771042390115482,-0.1400461623108598,0.17688543913183008,0.30306374944945647,-0.11900935167842713,-0.07310852942662273
1.1378949356543553,1.2474646650400742,1.6075587600846655,1.0887961448704275,1.913221870969111,-0.175816533663699,0.8791143873450279,-0.034860876529636306,0.7110339118890485,0.6692114617806895,-0.22341183577703821,0.30389328717898306,0.4286018078878185,-0.08745022327162558,-0.002037478409133986
1.1011651791823143,1.2282911397240877,1.641779736243104,1.130788729302402,1.8186528950059322,-0.17075719745423243,0.9225249267872357,-0.006793600701034019,0.6982649242874479,0.7606186862776716,-0.15895004394518775,0.4011031136994177,0.5687162176857965,-0.037714610358582534,-0.012121008345892869
1.1144948804781931,1.276481128698388,1.6470636698362355,1.0661047435945463,1.8748197126872699,-0.026696821223070724,0.8731816019022284,0.004199064557493477,0.7738314223004655,0.7377871422842122,-0.045482393854342974,0.5073131038205306,0.566694237870834,0.09397205856128286,-0.21844724241819985
1.0690101608203335,1.2735650191816323,1.595261900952053,1.0448171453732888,1.8491151207771197,-0.025360975587196993,0.9571429237548044,0.010808120802336015,0.6424700687475341,0.6341605063114906,-0.1458006054405445,0.41233270702898395,0.5782389915337278,0.019845488775376632,-0.10342117564405817
1.1331617061464156,1.2621938045531627,1.6845832585843246,1.110265383533737,1.844435055802177,-0.12484429383824719,0.9365112734347633,-0.012355807810211103,0.8902830998606728,0.6867031424545854,-0.11105220108272397,0.4379893666801655,0.3629453639175849,0.0070859824170384994,-0.10502083721517785
1.1220131661815702,1.2716631091506518,1.614081714887014,1.065918982102817,1.830257627005086,-0.14821666323943458,0.9433754984740943,-0.06937822646050631,0.7187013853102839,0.7748132177515192,-0.18259030047659514,0.19820872769098208,0.2838000635681933,-0.08944261728101746,0.12093490733855233
1.057309601019713,1.3120765743974903,1.5923952480608037,1.0607032321528014,1.9037418398414767,-0.07228576521238629,0.9485823258677709,-0.04543477902978866,0.8700279534482713,0.7968722744488789,-0.04849663988620109,0.22498899279017462,0.39649359862958067,-0.11163745836859275,0.057668319462704606
1.1634417966511388,1.272791340105425,1.6943293302650984,1.0900437284893805,1.9291463884816311,-0.07340234396261218,0.9357724972095186,-0.059164483051160136,0.7694179577891627,0.6640288255681414,0.05266640012138711,0.20253475379230307,0.344966389860538,-0.05075245520896508,0.10877165346551923
1.081183373554394,1.2769198577107308,1.7129998593197304,1.044192654030123,1.905165662148446,-0.056499206608122035,0.9078371301316186,-0.1196487161801485,0.8321669902465021,0.5928446426070277,0.16513392305128208,0.01821718638170386,0.3662778174074333,0.08894226923909049,0.15866674675780323
1.1173713516827675,1.2512807961045327,1.7906512521156182,0.9610413945928359,1.840254163533118,-0.10966963926430591,0.9410320649993963,-0.1289453145953777,0.7737513395305596,0.6871239566954064,-0.20661734735031348,-0.10092315861239468,0.24816898212849625,-0.1121960509211084,0.13213427989299584
1.170793260651326,1.2836501326679488,1.5639220642759606,1.1438684291747518,1.9897358456918457,0.014189305577404207,0.8415378512972559,-0.10480589813031424,0.8890341142338868,0.578712896627495,-0.12709604989592577,-0.017589158859925666,-0.005607861809585446,-0.1408494300612253,0.06533215348542921
1.1191608746595603,1.2696995436320402,1.6586070954671739,1.1157868462604703,1.9141993959345789,-0.033792235653566746,0.9389852652815394,-0.13495795868236585,0.8374564818082842,0.6410430424657604,-0.15874403019762948,-0.24747270564646712,-0.09139401966104957,-0.19025119158192583,-0.11100710529168303
1.186683710029586,1.2284616664639854,1.6761204619833792,1.1479591210816427,1.9219496082443244,-0.06579960539931902,0.8760405480783061,-0.11518101205906076,0.8510972055955822,0.6757709141465935,0.007299073295234548,-0.30275280957822215,-0.08228134850339192,-0.0982006610690041,-0.12979326667841434
1.10147813311502,1.3237069631688554,1.6227353531526283,1.2838280012230687,1.8830201689685997,-0.0498532618272988,0.8574916901346684,-0.1692398569880161,0.8171707471559273,0.5512493331921318,0.05226947655484164,-0.18840020899539484,-0.05935636435712418,-0.08498597875845737,-0.12820774052979889
1.2099560058388443,1.2612819442268088,1.7319157960586613,1.1486068514754324,1.7734286531663466,-0.039574779350803835,0.8154619684089829,-0.2091865656450747,0.81352442592887,0.5750520480949278,0.024870891880214078,-0.22414860710767012,-0.19259234884204005,0.00022452468933866626,-0.06484350992280422
1.1708549075927168,1.3794939300182194,1.6472232583990338,1.1125037310903576,1.908034777877757,-0.06436535465917398,0.9205261950563544,-0.18188982440049833,0.833980335701503,0.5220623078654564,0.0017880341642469814,-0.1334474266137263,-0.14146521756054428,0.06662713906264109,-0.06912075250087135
1.190499062304496,1.2604155863286204,1.6768569107483955,1.1157658224995732,1.9714332758313617,-0.04406843427234372,0.01518309686872241,-0.018725342624527724,0.059600080449163734,0.05278249674513166,0.10791642409409165,-0.2630752692377587,-0.050427546237771,0.10452233656001719,-0.03432145487285994
1.1578102126610454,1.2549395452933476,1.6772691367124388,1.073338201484473,1.8778558528351998,0.3000208312337682,0.2907991581314644,0.13994158428201314,0.15290885009588495,0.1562880223917968,-0.0006873081140925425,-0.14972705308092418,0.08980774921568672,-0.12778552530484263,-0.24500233565275512
1.0968553470371631,1.226585930242987,1.6647270240390746,1.1025116636109051,1.9890893201909448,0.4059799029348366,0.3739004564384412,0.32015313057439543,0.3137075691997911,0.33201675993972446,0.05149914411311215,-0.20136204156466858,-0.06236524045059619,0.19678233323895658,-0.30396381041032755
1.1795156731007366,1.287424398005907,1.6922265060312567,1.1023650825544917,1.912700316314142,0.5311667605668973,0.5171743362574672,0.579535465349213,0.5820343768364482,0.6365305312442083,-0.2160178090225648,0.5796691609294868,-0.00677564872078444,-0.349494325581109,-0.2359269243673489
1.121054044144108,1.2934395701349313,1.6859150205572455,1.1370435019329952,1.942013632096331,0.7324368579029042,0.7270743233511061,0.6890411877410707,0.651942832113533,0.7287352781336187,0.13125832159273784,-0.2023094758348454,0.050299786291691725,-0.2992488610624267,0.09704926583204397
1.1639740274557377,1.2479960509705565,1.6814907931855305,1.1305776617509522,1.9440343051080846,0.9352357939401899,0.8351321273870389,0.8749915667325479,0.8110599277758855,0.790236092333675,0.16083861549871178,-0.002313728581231162,-0.29220925286552857,0.3846812486617444,-0.7713121644337096
1.1237260458846068,1.2527468960022505,1.675373545412814,1.1283055859390432,1.958324056740772,0.906005736760856,0.8992791841007277,0.9241091386825,0.8935154656993967,0.900673447298479,-0.3608450922633019,0.18836257105505785,0.260993269044414,0.07507948822108791,-0.19623170708813073
1.1897695864417661,1.2569767911404208,1.6527135268520923,1.1027636761591173,1.9336687924061036,1.0330560274503757,1.0450050573070184,1.0134420789885794,0.9612663161996187,0.9186150645351581,-0.029266122346981095,0.435369572565792,0.17860290873420678,-0.2680031338069645,-0.32153692471333284
1.1605205139050656,1.247721527202356,1.6813171941279426,1.1252418941743922,1.9745925135327482,1.0164409790626392,0.9583107929531316,1.0008669951913476,0.9846879481288137,0.9578406919539989,0.05107216732063714,0.018865115903970123,-0.05993169764236899,-0.23668651190448475,-0.15433779260574185
1.1886386691331614,1.3065725543383298,1.6775033363387883,1.1362199567725697,1.9959081979114541,0.9653752231759067,0.9637367275232177,0.9280091106723115,0.9188214419901728,1.0129742382968532,-0.408792532360108,0.6187149706553783,0.3775867584036052,0.004772142862560999,0.09330143833687653
1.2122600772809045,1.2629731431869518,1.6504602419231196,1.0934696908605208,1.9171749795815232,0.8911331538445957,0.9285956796536676,0.8868828087741063,0.8390841021352842,0.9904101308866837,-0.027526238900292304,-0.4985085074070077,-0.4188220291264382,-0.07279926031524195,-0.06752640440486066
1.2062203911346596,1.230230285641759,1.6802572259352444,1.1251571191991907,1.9016684216360946,0.8077149416318956,0.866179470098854,0.8033584645163191,0.8251575730659877,0.7509793973032399,0.1081333907512268,-0.14997864837423264,-0.0912476875362869,0.2077318069874431,0.07730344272702866
1.199021396353584,1.2847501876657585,1.6719770802069458,1.1378910435269023,1.9642761433797606,0.6291244649262138,0.5921653175316179,0.6138273266680286,0.6451379677039797,0.7722524367502843,0.20322222125831754,-0.015332312402608315,0.15789151095523182,-0.16736448663129705,-0.12033437376013668
1.1852414383629344,1.2809433323350283,1.6647069572145015,1.1382436337707507,1.962497159015357,0.4527487063581302,0.4797453419746303,0.4799844572081336,0.5712322183645283,0.5152726220591289,-0.24048161236201557,-0.09005677176266803,-0.2012770887856072,-0.4316325055247501,-0.25957760555809856
1.182131150431225,1.2952894394124472,1.701796372651788,1.1282710490252306,1.9768869543477765,0.307517680185036,0.38538802438943776,0.345026460820238,0.38590253565474064,0.2924442366606213,0.2244812764492785,-0.05938963601041621,-0.5308140506455956,-0.06530773358369442,0.29031173185384573
1.1674079308586471,1.242843378904371,1.67735805592825,1.1520271482734536,1.9621137212621018,0.044110282483831253,0.16572351613996375,0.14409604445458943,0.08837458543161802,0.14587575788974624,-0.08386373533813538,0.11644414407359067,0.16778533012064029,-0.1296323111357719,0.34339390649953555
1.1722434019713395,1.29891033196149,1.692982989003004,1.1255000813001124,1.957316298607719,-0.08532406703480097,-0.10696224980318021,-0.12072138077217273,-0.15595241268401064,-0.06286826279229589,-0.30800290237794764,0.15719949242072473,-0.1810998690582486,0.15967314254828718,0.3229657669396505
1.2016022333516823,1.2761837432084735,1.7060853204282462,1.1191056467927094,2.014163218972596,-0.2025499836885507,-0.25514864195069537,-0.34938765000774574,-0.1922922371239969,-0.23644041519550493,-0.19393561167036505,-0.09997341601296295,0.5298115533006145,0.09366866160914948,0.3349122181761514
1.1718517722460522,1.287611719407939,1.6895546242475281,1.1005489771653325,2.007597900926029,-0.4297057844375983,-0.42500112620680464,-0.4771270111669695,-0.5034747769354033,-0.5002500298958671,0.29359487477618706,0.17366665432606648,-0.37483407031553445,0.23717964317682177,0.14619343543957203
1.1957226569445838,1.3043554475235941,1.6393619279937401,1.1655882782077305,1.9711015187655385,-0.5274950161543487,-0.5831023243541382,-0.621905098635142,-0.6044750206835284,-0.6660369773766995,0.13305922343503168,0.017981159126591602,0.05752724476209903,0.013711954801151846,0.05103860262131748
1.1473947679761247,1.2896214898751204,1.686918131529062,1.098760469043265,1.9854527597372618,-0.7283183597354697,-0.7793663754121094,-0.7669687487758845,-0.740699844796803,-0.7949975704403889,0.07136438880902926,0.3547744349865839,0.005291007442334714,-0.3906364825230086,-0.06990564275608666
1.2139356437327276,1.2953222737200993,1.686904766200746,1.0915325553697959,1.9606197949870372,-0.8961502643172041,-0.859028830144631,-0.908932899426538,-0.9342320542318736,-0.9489756261120685,-0.20262781574052244,-0.03352163533937578,-0.03657829921135896,0.1706190316513513,0.18868190321610875
1.1834931354166942,1.2612684709448323,1.6934785951611626,1.1617421821985696,1.936452723905728,-0.9148215151751253,-0.9245209969637911,-1.0138169237758152,-0.9286213994243832,-0.9739621682661809,0.7272251188358878,-0.21659091254789434,-0.3746385167154239,0.1457249454485475,0.6014175628710782
1.2233880644574604,1.2923956670622587,1.7094264654267872,1.1572893616999569,1.9918168127098825,-0.9386185227032402,-0.9987084564558333,-1.0045469192034413,-1.0903701058508974,-0.9611844233504315,-0.25645969150462805,0.0401691500016174,-0.08708177111538017,-0.5119252654551976,0.19125953696810652
1.1816775754740634,1.2586097709978104,1.6820399016003156,1.1081606051999893,1.9721178395390462,-1.0051307318260103,-0.9429898797897911,-1.0195964410259752,-1.1009720480280982,-0.9980824625992178,0.3008715232042113,-0.2877283000893792,-0.05788459589723959,0.27411540770649134,-0.21935473274549436
1.1844051434524452,1.3409078925923044,1.7278052476872128,1.1259323552854252,2.0082878213927846,0.16233620727639952,0.6404614164391546,-0.6878936161194262,0.8831334462700882,0.12026249511408431,0.04560519176889356,0.08871132810097555,-0.21734208027860594,-0.15098912108259244,0.023326219221611107
1.2603493794519474,1.2141372774447912,1.8491498334299343,1.1596101111822543,2.023248294131361,0.1467265246218582,0.5053773959698822,-0.6300412225722418,1.0334035869136624,0.12185753075952191,0.04847424173414495,0.036991375604674324,-0.13988320121811942,-0.11771460062732568,-0.24631647527745135
1.2159602068849549,1.311119138735548,1.6714215652181386,1.207968503573401,2.0165413289224587,0.17015570221788745,0.5290368869599325,-0.7100081493361222,1.0143466306382247,0.06314661664093577,-0.1317164584163548,0.22572834363105007,0.013100858583210515,-0.19920702967763837,-0.3335954263303631
1.2602659290410207,1.3066667245184023,1.6170493532380092,1.236805606659601,1.8847060908752131,0.20311254001835385,0.5633272919559144,-0.734219365655203,1.069092503439648,0.15143851702288727,-0.03574158580857782,0.05715776228862729,-0.16627751654989809,0.034513276216221384,-0.2661913180206842
1.1293789694230238,1.3010511429847447,1.7431676378602665,1.2050519426780961,2.0243881075469057,0.20395864735508132,0.4790154860353776,-0.6129619749758841,0.9905126232801829,0.02550634073342535,-0.18833689594042496,0.12825311599864062,-0.06718292079086052,-0.058979361872462915,-0.25569655229555144
1.19190701419514,1.3797181556761662,1.723421142991733,1.139704859616758,1.9620869031688015,0.1460450870007065,0.4351989980023525,-0.7096544766517455,0.9569889605617259,0.1056380635163078,-0.10827031282826466,0.02990384971611275,-0.0554075026173537,-0.01907668924011485,0.00216212909660779
1.2647720762469121,1.439066194519739,1.6759842774220681,1.2802828038650498,2.0222227927604206,0.16820624889850874,0.47222995798099665,-0.7110860571153237,1.000654158753091,0.09200359659972585,0.06169710644314931,-0.0748521379597569,-0.17263323662287586,-0.07170079398746083,-0.041174333336287054
1.1894657263243047,1.3598445551768645,1.7614303772750086,1.2745884845507778,1.9765054333205188,0.22172133802307464,0.44325123615324813,-0.6907819645018539,1.088204197462668,0.04612724572774414,0.17312463300395367,0.007341556757062426,-0.24128125549353138,-0.1499766964543202,-0.09992603234555333
1.1069170109586632,1.3339096852151509,1.8169936529632682,1.1977117646665982,2.068616154763991,0.29964142068706595,0.4388587535695038,-0.7348000517471197,1.0119507650238768,0.08729326941564089,0.01762288610162123,-0.09529634272842574,-0.1268690621639922,-0.31665962726011004,-0.02437921553405658
1.1085558633524732,1.3176706180479363,1.7467154379720018,1.2414536011362731,2.0575540123840317,0.23531897227595525,0.46917392910398786,-0.7191746447426695,1.0339610068419578,-0.028675541430114658,0.018101215939473406,-0.03778238126675652,-0.03863436714443523,-0.020353953812680597,-0.23894867038381937
1.2339223849256613,1.3438913515974924,1.7487807321272044,1.2380414366537025,2.061991078111311,0.21075703193988302,0.4550410156843978,-0.7786545009688085,0.9308035648736213,0.0488201781773016,0.009501900236205119,-0.03911223176097317,0.029415963573854495,-0.11984059699006241,-0.12182369846349705
1.1633271474336917,1.2853078588334343,1.7438735699451253,1.1560698794656386,2.067079434344356,0.3889929692614564,0.3856380589529305,-0.8071819025551705,1.0330474698203138,0.0008049375552923801,-0.04811295749646042,-0.04868834868900834,0.03910989237675205,-0.06083565772530494,0.016456441550299503
1.23129105054527,1.440294083329997,1.7162445173845562,1.1628792405306445,1.9230426183772258,0.297514077461661,0.3573498813463427,-0.7439999879814773,0.9517902161445564,0.03031708187063161,-0.11264330634554205,-0.020063701739712034,0.17984898995237739,-0.013119503829948122,0.052279830076794376
1.176625920711973,1.3148024355834385,1.7451097826048005,1.267848879813354,2.1070092547980606,0.1750781895929953,0.31144813658637177,-0.7139235935446501,1.0115804733381006,0.006738890168628872,-0.07969872320434658,0.1367086943399222,-0.0010153920924441118,-0.0936051542859583,-0.017544837218036513
1.2802701502036986,1.3524852790567283,1.8012186262336725,1.1958083035260265,2.113111737233723,0.3791946101479863,0.36566730092359934,-0.8165817253709595,0.9997147561525302,-0.1024746863998193,0.10896927158460684,0.14146686916319434,0.1513191771911978,-0.046915894434420624,-0.0009583780199435687
1.112372867415923,1.3299791135825931,1.7412900704770973,1.1041910044408367,2.1247690915207413,0.3622910550085238,0.34145924713581716,-0.836438549184788,1.0027412834568494,-0.07946904391004231,-0.09807569313850982,0.22811712895351108,0.19886304279050643,0.012955149372366942,-0.14193298184982964
1.1983438719705863,1.3871947958179665,1.7898556691874925,1.1835196317088617,1.9705851830528351,0.3338427071903376,0.3048716037540107,-0.8756306873697421,1.0309960273655443,-0.03803440157223986,-0.14148252047268867,0.1484078985940472,-0.01086280778993251,-0.1764485427440639,-0.15958849973689204
1.1827811846367418,1.375112745531402,1.752163523739771,1.1364371296801394,2.001189164020108,0.2573363513118049,0.3458101394733833,-0.8228153323071274,1.0065482877744967,-0.21925235075104466,-0.024067112799976698,0.052217258410696965,0.009173713410278178,-0.13789687549876822,-0.22225311665903688
1.1612126563653993,1.2656949751852722,1.826907127130824,1.2126413310722264,2.0727809934037773,0.32193827565260535,0.34548205132174004,-0.7931230073557437,1.0385992068541159,-0.16174337251036996,-0.07507451505139039,0.18292016275679102,0.021735220210199628,-0.0591031341304153,-0.25451623667839135
1.2261002274785189,1.3647957585119912,1.7445894423590744,1.2053352089686826,2.033467314338598,0.36551163390077634,0.27493242308798793,-0.8933839422737666,1.0594836599121016,-0.21395428304890038,0.0842805646190424,0.16823281426865916,-0.010490077546610604,-0.0921834990704707,-0.09523875208766899
1.2459012080166838,1.2672884366913197,1.7279479735551038,1.2883292834137254,2.018805082089636,0.3403717907086782,0.16164936383360562,-0.8094797188299125,0.999896455781999,-0.16547645898648952,0.1778755529358332,0.2493215517846184,-0.08921484384077531,0.02523907875764069,-0.3569990383301156
1.185348063601113,1.3863728061081284,1.7612098019156663,1.239476676985842,2.0258915120332244,0.3583118008036891,0.17809506449640208,-0.8263944861118112,0.943897399366119,-0.20039187754620005,0.09344379768584979,0.19087187526643973,-0.11657619992928825,-0.08191611406594031,-0.2607950037213183
1.1515904054595565,1.3818354829521893,1.7767270951846368,1.2416362021122909,2.0382721573487044,0.46568783574150985,0.224195423129245,-0.8492812390789709,0.8925994576401056,-0.1975901136085472,0.12245269824197885,-0.03169257768758221,-0.22438154877771865,-0.13118787620099084,-0.0925417356193432
1.2902683373317172,1.4141482474705933,1.703329505814137,1.2299999291719463,2.1275208519244275,0.3987968688217371,0.2049085857055503,-0.8885564002975493,0.9805944592974409,-0.19131926018486686,0.16254951244667973,0.03128716264602065,-0.2750308570017779,-0.023202030996652453,-0.13851244082439518
1.2092742306386974,1.3311593712123446,1.862403209425854,1.2494319569782888,2.136860375396642,0.49148842629574224,0.19431096919983307,-0.8685976135264712,0.9640512805786038,-0.193715286920818,0.32904839985208345,0.030031468461350293,-0.05505918684164532,0.082892432560432,-0.10054082078869178
1.230348553194344,1.387564551143358,1.7069754172439975,1.1994697200132474,2.0670057057521762,0.42002367540578117,0.17298497651538994,-0.8668740145561812,0.9955305588584026,-0.25441676187633266,0.03449348531677324,-0.0555167518555409,-0.021219974595555406,0.10289547152913292,-0.024560596477905913
1.2513278095185527,1.4376288339793095,1.8249241933551903,1.2598235236154673,2.0375851295938303,0.38228144523895247,0.17473964459064206,-0.9389009428802482,0.8926746003033209,-0.19589240489969464,0.0815320399682316,-0.12484195412505544,-0.07165198970652241,-0.009317529034732597,-0.14700204355827703
1.235004340176813,1.3125474255534832,1.735943584717443,1.2477014590406044,2.1129376805186895,0.4301346317858584,0.2199405728905477,-0.9225356762186914,0.9484560993932314,-0.36913907214713115,-0.27990860238056464,0.014214557949475973,-0.006498355546555187,0.007280675813705422,-0.07153283400757675
1.2744302596552601,1.328901739036292,1.7058574463653255,1.2582599629711646,2.0508335530537845,0.3140705800248653,0.19254128188009767,-0.9129599168788715,1.0314486067951207,-0.3352302280372144,-0.06921294194413934,0.033221653147908106,0.030146449050186083,0.17909812540227665,-0.06517196917969613
1.2873903971621408,1.521915105482696,1.757003433567341,1.3034982291626618,1.9804364174951181,0.4174695651392531,0.11342679395249587,-1.0062145234211546,0.973490067490893,-0.3062658581477744,0.09821514683369456,-0.03478473188712681,-0.06454496099195114,-0.021101425080822522,-0.12815918110904478
1.2237860293931455,1.4607777450508548,1.7991105639755562,1.2475064361266015,1.9909516234321607,0.3686436995206915,0.10117706943473016,-0.927586838791853,0.9081921968785537,-0.4074688051520568,0.029323329671622864,-0.03210859698987951,-0.06088647057459872,-0.04356337555321131,-0.1358243653092466
1.2485175437235159,1.3508249439835,1.951724380850349,1.237653026562824,2.080965019712199,0.35287156340773623,0.15917099036803734,-1.0275241376651045,0.9485555831075361,-0.3562575441547176,0.13191392177201383,-0.025349984058710816,-0.08640934910666595,0.20761813635840767,-0.029034801245113748
1.2988135064539748,1.4139534184548224,1.9044807282902512,1.2855267988803947,2.069866128482563,0.414757612594724,0.11188798384391795,-0.9120074849329571,0.8952710778820916,-0.3568333590161763,0.05273482310045152,-0.0456643674311609,-0.11928308552666131,0.03871326026904674,-0.14660072246022288
1.2669475116045006,1.3368748739063163,1.8143154341299417,1.2822925140843273,2.1497605246049902,0.32692192264340625,0.06727091976738933,-0.9569280602194419,0.9007073185571092,-0.442427816033389,-0.09901884552941222,0.006496382453029255,-0.07189730925145371,-0.02298598245165382,-0.07221006898248329
1.2720807104489338,1.3899229596850151,1.871716590140718,1.231266901480671,2.0874138425614532,0.3904283748139208,-0.008003537040788617,-0.9973398574104313,0.8538285809562411,-0.3500685498349517,-0.0762269362593791,-0.02017465641422641,0.1397812555655103,0.03141411837839926,0.026569479430307547
1.160684927434076,1.3677842519759877,1.8150361915343036,1.2287618720219198,2.158712624012768,0.4930353103019621,0.06665682834041621,-1.0034291654338818,0.8831182454445353,-0.43104553681585556,0.09632633109947095,-0.04773442160917174,0.01679880200327369,-0.08417083537283723,-0.07249885322954087
1.2632453559160912,1.507021715287803,1.8420653424218807,1.195475921803351,2.0814349150775513,0.4690052429049811,-0.10003288835448862,-0.9015534738377656,0.9232747928870043,-0.4507725836182245,0.019326938357567658,0.13449542274492798,-0.014907666969487662,0.0653847245629684,-0.15538341933641872
1.2983816780264803,1.4540346319665003,1.829148026164223,1.2638496805492738,2.1042535074169284,0.38546574710003134,0.08850571511451319,-0.8928022486527917,0.865204477693402,-0.46670741796935045,0.057364781290785,0.23031171661798633,0.09381382576309344,0.03606227625251177,-0.06252896871107559
1.310220911319748,1.387119865878345,1.8410849718866151,1.1648894980028675,2.038390936869684,0.5280524784161718,0.006840969200706308,-1.0002827014152402,0.8794502837866096,-0.45979041229914047,0.1335961709085586,0.16137282960018082,0.28766903032286295,-0.2691294829705185,-0.13245108474760037
1.3071073190967462,1.313193706851099,1.8534864831444104,1.2475662334695163,2.122204956983436,0.570838263576076,-0.05550329748158589,-0.9409848724815252,0.8683934225003285,-0.4327449808612446,0.05331671931974946,0.12939384316969546,0.31787739729335907,-0.14535437163493234,0.04817384312123919
1.4003877560843832,1.4073978409003083,1.8465802541673808,1.2934003109994503,2.1206236748417866,0.5707781955011331,-0.09410532695677828,-0.8810944245884942,0.8773897849411612,-0.4756430374541149,-0.04970878300667051,0.10210093066845936,0.20901068429219272,-0.1346492858754477,0.06427669532449926
1.3190372075919037,1.3775969938220616,1.8872410381301838,1.1534153251391284,2.1341648728482157,0.47898704225746735,-0.07821951376982315,-1.0036085341008933,0.8498862988310486,-0.5707476990288665,-0.08547057262650289,0.016480213730704033,0.1373381365667314,-0.04193705663801652,0.2254257784128853
1.2502257745097531,1.3773352726803363,1.8137583353145743,1.257299582517113,2.103762212820994,0.45350901641700725,-0.06499773056391647,-0.92466221881689,0.9448381633678882,-0.4435737793307058,0.04435581643402587,0.0020456917755094315,0.23596361731841142,-0.05852208616864615,0.12137451102837621
1.4369196691309027,1.4326068748035727,1.9187949308621601,1.3029136350058896,2.1073316580609758,0.5930414809832342,-0.08409512193716662,-0.9795144856714609,0.8406011094708999,-0.6428432005670824,0.2473377512971833,-0.1697311754198865,0.1314638501002614,0.01900640185392677,0.042435173168635175
1.2474093350687818,1.4070437048078803,1.8040259695524872,1.2858855194231094,2.0826682340254963,0.4592312861497137,-0.17190102073526764,-1.014185374294035,0.8996684498394629,-0.4943555327613557,0.14835692253513696,-0.14398255048539937,0.05869724905625658,-7.054952510905654e-05,0.06842343009478172
1.2174072764070794,1.3862741657741051,1.8075372186613514,1.353285257404429,2.1504584855074267,0.5114933389941887,-0.15914090208507148,-1.0084607005910387,0.767792879283344,-0.6332132687759157,0.10861716321050362,-0.044612298006676696,0.1541478894747166,0.03545727948077567,0.08823518712608076
1.3979432296427114,1.530128860321075,1.8705308957840097,1.3172716744308368,2.0811498690724184,0.5726649938057186,-0.1744949368972848,-0.9756232166457056,0.7850008611470284,-0.5614527176791743,0.14981156087939237,0.01709370346386266,0.14128046599843827,0.1423192644218903,-0.07051615009062616
1.251986531941796,1.4332581870783752,1.7616145873582212,1.2378210336644246,2.233775924239795,0.4815406656780216,-0.16612122460951007,-1.0448756701897137,0.7990921536890461,-0.5763442365261255,0.2775993563263715,0.05715935969490493,0.06264377877183595,0.16153499270502236,0.04795217496142649
1.2721689832485885,1.4327673662920237,1.8295322905997877,1.3083780603868689,2.1285106598370134,0.6035434190637203,-0.2182425552869197,-0.9681057405799564,0.8539881297711072,-0.630084924771598,0.20936179065628255,0.1498016067366669,-0.0408223919705866,0.08075211588670062,-0.04634789197304633
1.2956913372142493,1.3657958696110697,1.731530134145026,1.294739411782052,2.1402924405878108,0.520886216696217,-0.2820697714222242,-0.9508658492687095,0.7881343261642948,-0.5643109624472649,0.11622075399798097,0.13583657142462746,0.09305066114273258,0.029661507499743785,0.014779168621518849
1.2752578098617857,1.39270658965791,1.824549795500755,1.3622372782948253,2.1394738379551446,0.6172498181314889,-0.24673159522373084,-1.078910958741848,0.6968449483150393,-0.67096546271485,0.10223242138123517,0.1095918243071092,-0.08288084668743427,-0.04574388621395155,-0.17360444276850773
1.3011118905150807,1.3843553987407091,1.8814620654064667,1.199516928858834,2.12982660071427,0.5828505832557511,-0.28011040811944554,-1.039889164602084,0.7393939162935149,-0.5627811422582898,-0.12447892952809075,0.11165790999725317,-0.11671017445634305,0.04399104145958895,-0.05524685739545503
1.3436654551293816,1.379426348114662,1.6867504966095195,1.1825604488918735,2.234398751723036,0.48598148094829363,-0.26690965994496857,-1.0229824639538838,0.7679808178068421,-0.6468835618432972,-0.05943222992971661,-0.0604375281172225,0.020045537782212464,-0.056675657524547104,-0.1259602032149105
1.238043955983634,1.4234845449030957,1.8941659347308326,1.3549452478724937,2.0907931694547384,0.6113787413855893,-0.24290854729145922,-1.020063345249769,0.6326832127367986,-0.7461064645485961,-0.1565268815543995,-0.0794203500204943,-0.10724682617627265,-0.06877296461749918,-0.02108438448184933
1.3235399040868523,1.5026800274302003,1.928389882377226,1.3585597450555773,2.1386010943409905,0.5701080417769032,-0.2866554893034791,-0.9110426370618259,0.7907762980104317,-0.6705814678275563,-0.049042315938754674,0.0451399073174133,-0.1173525919534143,-0.12459957828653337,-0.2593124151752494
1.332191190167704,1.440878577677182,1.7957488361197962,1.3233716700708609,2.095663540317153,0.6861099220729379,-0.373696028541111,-1.0926314628078424,0.6735038617907243,-0.6155925728218701,-0.08330851673268899,-0.004785259135509916,-0.06776773137498501,-0.059100509114945826,-0.3295376705205698
1.2036902358047306,1.3963712874478134,1.8682972343899515,1.3647773097473115,2.144260344031521,0.583527903189053,-0.2931610534237198,-1.0883066171806886,0.7096410458920881,-0.7025144079996362,-0.23135597072962225,0.14346400520813507,0.11417160614848712,-0.10328212674153583,-0.13411708896367686
1.280155283290631,1.4622403805219093,1.8385672356096359,1.3842848901605806,2.2144495030648157,0.6577953631776974,-0.3753954423511622,-0.97116057330497,0.8028130931834652,-0.7734080600562929,-0.15366404562484637,0.0841671556840729,0.1524386508474665,0.029635408410619277,0.0013028037792601893
1.356305383778287,1.4517530446797418,1.7297802272030296,1.2871842151058575,2.1735287189168737,0.5274090633931289,-0.39668981536404835,-1.0039767090358784,0.7236215238518634,-0.7048422501161472,-0.09406286581687251,0.06886468678406252,0.1456541090807265,-0.13921506214029294,-0.08803495342719397
1.3077106865854018,1.3204184446307112,1.8557382363469577,1.3947018742565345,2.2116472090256303,0.5966045089955517,-0.35297960314026455,-1.019388133090074,0.6499215641992181,-0.6796875372496838,0.014758916207603993,0.08013991147298186,0.09976450297498582,-0.05112926680201729,-0.07267574460372062
1.3396929569477452,1.470743192785401,1.9263869486975116,1.3033939654035336,2.1599756401725645,0.6341333344777905,-0.34109471907781175,-0.8484602270430777,0.6758364588395103,-0.8473014988279117,0.049203448913623965,0.1271805011270138,0.06616123429548129,0.266327091873226,-0.050795496842651985
1.313704462393333,1.4035057188230489,1.808253471587518,1.3430077938032152,2.0878511106110595,0.6117205858452711,-0.40749310678597606,-0.9266157472673034,0.6839990257988657,-0.8247142242839072,0.1310075646708045,0.10442279919337882,0.02861654671995978,0.27808889138081183,-0.05604278575797399
1.3849803073175713,1.5116987535651734,1.8421288864263183,1.323585226103768,2.1335053336095426,0.5984943041315742,-0.42719427217672334,-1.0330778119459585,0.6384009283657349,-0.7534427227682402,0.08903077187437482,0.1934611144382043,-0.04158131121945004,0.2307000635960125,-0.24236263870332483
1.3324760992685578,1.441775112983645,1.8856000595339917,1.196702103027389,2.078737325654455,0.5587269569801807,-0.4811341131590377,-1.088646296160032,0.57469310947306,-0.8017612134480958,0.10860748689905536,0.09186776355443138,-0.11374317978168577,0.260317098205034,-0.17568617821477603
1.3865845763347588,1.4469172952017166,1.8654090416577878,1.2341782243715518,2.259176037287987,0.6646874988497328,-0.4582215212285721,-0.9455232685937542,0.6382405298791225,-0.7596434634476281,0.2350844046292157,-0.004778642332277108,-0.12183187805056561,0.2480746339158631,-0.07366402328497376
1.2876343293775845,1.4253876831322365,1.791050478793517,1.305445072305754,2.1881805438449033,0.621914958818472,-0.49211125238905584,-0.9333682704264257,0.6070552012572551,-0.7796595235104519,0.0576113909656813,0.011655473698716896,-0.10977808224783354,0.3013160360596963,-0.061931128171896534
1.3250363060372956,1.4445046608707808,1.9240609092399954,1.2557612959589115,2.157920311548957,0.6875746605734878,-0.5678714418030356,-0.931938055003902,0.6246054064693255,-0.7449842139871494,0.1279094875070301,0.03216488555193739,-0.1392705091953373,0.21832164728351716,-0.029933450429452474
1.2891801173913897,1.3952262743434165,1.8699705710416046,1.285774020585025,2.104756883789887,0.5652644970585159,-0.4645644919417911,-0.9689889946287872,0.5458840200259322,-0.809171061002068,-0.05071632584773236,-0.022932093692453477,-0.2511167839934385,0.1567215090864923,0.09197235821530934
1.2988102300732036,1.4538830321297014,1.92099959810785,1.3399483140871804,2.1701839497180866,0.7453587909967188,-0.5850646135144131,-0.8804801973002919,0.5896618939459287,-0.8481561550308976,-0.01415328863133375,-0.0711473729909166,-0.2450706268244622,0.1714394666202368,0.03106299922599324
1.3639348792219743,1.542556524805794,1.8480724030843683,1.285613764286912,2.118544641270208,0.6132669084451327,-0.5002201875748193,-0.9582031577162243,0.6267092946824968,-0.7996833403845254,-0.0630563797973079,0.07182806461933146,-0.05771838352677153,0.2574473824865367,-0.029624732944630933
1.3547285424799624,1.3870931035006862,1.8844209050594716,1.292937078202671,2.110757080676068,0.6725773573305112,-0.5863023984251813,-0.9505540243723395,0.5406489422562385,-0.8966676760193745,-0.00998580061864138,-0.007600113837975389,0.003349830031158539,0.2117365825163785,-0.08485960519421701
1.3398929986203936,1.395533612757671,1.9320257374470147,1.3680102894349382,2.240277071704401,0.5746553512185041,-0.6211441900475826,-0.8560085993941233,0.5586605200365067,-0.8867469315959239,0.10903546435496478,0.017590210245350416,0.1621594898733642,-0.005145341915299445,0.07530920432137389
1.3474487579558228,1.530430460634119,1.900637140463008,1.360897719122386,2.2069781970504176,0.7334258243200679,-0.5464150673324272,-0.8344327767171404,0.4924988328003121,-0.8774641605067007,0.1593270236341916,0.17061252696933976,0.2657523094617828,0.00860575284113029,0.10541851458771934
1.2913674818125724,1.455788008182473,1.8786300647236058,1.314404188204607,2.2303534344189644,0.7311143591409535,-0.5864177480917483,-0.9021212912036587,0.6156998960043611,-0.8646597750152806,0.1831947111463823,0.21884588541377964,0.11013101199551506,-0.0024986428608958396,0.17133500804652446
1.3788732205108758,1.4841288718911356,1.8271443928895748,1.2526090306830182,2.220449269114893,0.7622761128409414,-0.5592264913170047,-0.840567276953075,0.47483294721831937,-0.8397907893355947,-0.026640797029180346,0.09576471694842617,0.1569585033930403,-0.02948288216163645,0.2106882275772165
1.4186943313244165,1.4562581580084997,1.932941909368982,1.43758262270033,2.229453859244708,0.6670573272339504,-0.6181791767524981,-0.8315577868866496,0.5062599804583984,-0.8779590253225714,-0.01213163036136235,0.10964631450350555,0.2658424039727931,-0.08936678308829571,0.17057591733555133
1.3528835535761345,1.4642732803680714,1.9348948348260833,1.4063178415290567,2.290390511015539,0.6193630261885308,-0.5650436566917949,-0.8673771505947837,0.4422681674492939,-0.8545185108223281,0.15396052610747987,0.027151251124606424,0.3517583988252785,-0.00708360819745061,0.10638145402166116
1.3381706982594328,1.5245338542943543,1.9031213287114084,1.3190873433895278,2.297282224690167,0.7202197471861306,-0.7478424118016331,-0.9172025650612066,0.4349952669149717,-0.8998108088934019,0.165363109771283,-0.11279715555684576,0.5164955029498552,0.07212833608650325,0.15589001646080558
1.3370565143504596,1.3731984962156938,1.8363218365649272,1.362252427367533,2.2703623039387093,0.6971377298430776,-0.6891201661315081,-0.9913395049107658,0.5094401040598721,-0.9010557362562598,0.07925749331515722,-0.14713244716075313,0.45471112970976546,0.003170880787553128,0.055852506125362446
1.3365243175515653,1.3854095267457627,1.9402619041959246,1.3710928718124213,2.250080790565519,0.7617127478225011,-0.7372109934189615,-0.9081018797792486,0.47280677895368795,-0.9652744616665413,-0.1389817417797245,-0.05828796874983867,0.485111354099014,0.03898073507265261,-0.0015112632642357848
1.3335176834805114,1.4904859711188998,1.926713975060743,1.4222536233595355,2.2498621080301566,0.7607694476572997,-0.6268613071232277,-0.8869020558570947,0.4118780658704442,-0.9191423371164679,-0.1031796567137911,-0.043554065911759136,0.35171950416822034,-0.015347821969532178,-0.11818110286614117
1.4159255409343248,1.4556576622628625,1.9895835311121912,1.4004886599276831,2.262273680182171,0.7346281478588208,-0.6786718065741247,-0.9294880308401452,0.4138066793316113,-0.9239986834069751,-0.15529536834337984,-0.06141524985924048,0.20503949151472162,-0.032765192438605054,-0.22779966711449343
1.4327461060005056,1.3774255422415367,1.9557434610174411,1.246725295157422,2.150849732377875,0.7736545664005936,-0.6996694858897352,-0.8671305686580969,0.35202720106786833,-1.009522825284524,-0.0038307602017273595,-0.06392561957585147,0.211863292312446,-0.0618879940534406,-0.11558379803529997
1.4406654284087437,1.3693396091890686,1.8632420751429926,1.3901582845204639,2.2061830565280256,0.7177538552577752,-0.6768494596418123,-0.8758265046285763,0.30088548249773467,-0.9915517130311824,-0.14958748238278474,0.034644505901044995,0.36736307252211886,-0.03785297587459348,-0.1306111847105561
1.3597509566572068,1.6024569997170672,1.8537671523715433,1.3523036808873077,2.209138206547645,0.7674698391270487,-0.6481914999686423,-0.7989666002223228,0.33368620594229687,-0.917893867831293,-0.1326007070859756,0.14530889984207288,0.3393599797253864,-0.05671939914472977,-0.21902662862519395
1.4054591414749176,1.5030180678323466,1.9741582049808901,1.4508835986400375,2.136924914908936,0.692640324868043,-0.734797614021273,-0.8798740553259548,0.31737084861955456,-0.8776633903560053,0.022074388123949282,0.01717659229233845,0.4858572903874058,-0.0037303480717469986,-0.20985227942995216
1.3472197707351468,1.441458710437794,1.8260081970789188,1.395712815965577,2.259501732559372,0.7544421487323693,-0.7230973172208605,-0.8786607944533598,0.2948651535954349,-0.9253264472706341,0.05404470579225546,0.07677886271315697,0.48840259894985777,0.08559602639643213,-0.24226241931172326
1.4486580632833208,1.57040703881756,1.9808652152624426,1.3532556078827505,2.262958692842646,0.7581040568972078,-0.7446055617516559,-0.7595619361418018,0.3134352727979857,-0.9536080530005793,-0.07234035896689572,0.2261951973311755,0.5164631132042187,-0.09485669936290372,-0.05226034894754408
1.414471493026586,1.4947250200793185,1.999694917430571,1.4045384920223152,2.2414553848870713,0.6647709772615096,-0.7506904310889686,-0.8267923175715293,0.3489729103006727,-0.9310816291862427,-0.08013242675285685,0.18887138571491238,0.5062852676072873,0.07864870666985663,-0.03879398533118139
1.3496798482417367,1.5178358561464957,1.939516173670469,1.416324525702846,2.2885133551286985,0.8446138577377624,-0.8183749623938346,-0.7209793769697119,0.24842322708102615,-0.9552150110920012,-0.13245063134929858,0.03914736351787722,0.514977204674042,0.0007056297088259902,-0.11847720294322883
1.3217547775980543,1.5141997157606433,1.8575813680041318,1.4455159965531508,2.2055162010978555,0.6793107771116037,-0.7050350636652997,-0.8308713734276032,0.2521249844091845,-0.9479426789836392,-0.1798336430195714,-0.2034811147012355,0.5364246141149945,0.07068530643933524,0.013024896245933587
1.356557405265134,1.5174622765136512,1.849744595313619,1.409061524109276,2.2034978460500807,0.8431707443887586,-0.8004792530896186,-0.7266799142721911,0.18736572046591674,-0.9426843488749073,-0.19084422439989537,-0.16885255235322608,0.4523939307337285,-0.02003504539808309,0.11748491957864565
1.374315626168584,1.4661271132110871,1.8921558154810458,1.3478708325630817,2.164566840925988,0.8561851279224193,-0.8182427762259499,-0.7627184333932306,0.2924157836258031,-1.0177408153190501,-0.20773908555117054,-0.18782450070427642,0.30279616769869844,-0.1862508463487035,0.032076132244324304
1.3927732757786448,1.5499356776015862,1.927173983729188,1.4350871860665462,2.228157223348242,0.7833422566086754,-0.7454214596225249,-0.7593945100134055,0.19308548981943194,-0.9258495437268153,-0.18689686609354317,-0.24586799647190122,0.258775504560699,-0.08115539609860316,0.11467785632953764
1.5242748335385419,1.5184520365595444,1.9217767576692069,1.4514470891236406,2.18684828770057,0.8755159163020059,-0.8044624642165741,-0.6731054006428727,0.2291109849487334,-0.9159064864327519,-0.1025342830426258,-0.1265032381825529,0.1924289701462062,0.03872574083217415,-0.01437765954912655
1.3641414163341863,1.4580475354553717,1.897719659618335,1.4395538641766112,2.2920811735292945,0.8024888955287347,-0.8113313770514076,-0.7362329695218279,0.13160095078377373,-0.9747995207921805,-0.042620187333732,-0.0996028801316803,0.3386321350690158,0.017558915236912817,-0.02095712493628695
1.3942777972235716,1.4860826403593894,1.9710672536094866,1.3304026253961965,2.2799492570425985,0.853626010520135,-0.8405558195967091,-0.6028266688075153,0.14136407058974607,-0.9348773702582004,0.07644949848230055,-0.18153474674023218,0.36704451207724437,-0.01926510377250743,0.03429638637854387
1.3783742467696634,1.5440140731635905,1.976231982655724,1.4571213398481482,2.1863902511812627,0.8018112591362384,-0.8608526422701747,-0.6707964038003772,0.18571706866961962,-1.0326296161138817,-0.01878410384972712,0.05529854725123454,0.3693455771677832,-0.0359290922627227,-0.07420660630397732
1.3969849720320682,1.5895984865450188,1.977559727759632,1.459460771718533,2.420190310491411,0.7651421238535351,-0.8209556241383655,-0.6378490004369575,0.14242823443842328,-1.0499724234212673,0.07354357354080764,0.1563619680587523,0.34119187678802415,-0.1275405994506827,0.007777519686557134
1.3353015188694317,1.4694042189938392,1.8772385917319332,1.4560826925070567,2.3027231398128394,0.8076738459063395,-0.9063452434485165,-0.6821405109539972,0.11472332327348886,-0.8875660207446165,-0.1574034366229209,0.15000106946599737,0.3270554300377765,0.009349383091009189,0.016885754565206478
1.4292377388990816,1.5606548699699228,1.798459666286955,1.4461357330694657,2.2728553296861076,0.8682708024969142,-0.8118360141844368,-0.593755774210702,0.07530188067343366,-0.9346242694950908,0.028463765203533276,0.026896577712236483,0.408276530747898,0.0011835822711498203,0.02706886317061325
1.4500580939635797,1.5170096692702852,1.9370616552820594,1.379442174704529,2.3119715206049616,0.8682725923796754,-0.903315372789606,-0.6282625325078587,0.0965154664918585,-0.9660659335728256,0.046220402380024506,0.005880050725571805,0.3355449157316412,0.08817670273606233,0.03973015110976224
1.5134392365598202,1.458623745599295,1.987112636528769,1.373890764919393,2.313386258795142,0.767474595571405,-0.9242605676517615,-0.6130557853986097,0.041112178612112055,-1.0142789185340007,-0.18943024182783647,-0.09840461362121788,0.47924982697017576,0.1376131449005515,-0.13566852558027293
1.4272331083285843,1.536055917605302,1.8878384727510569,1.4179616726640756,2.2357885772938317,0.8454390360865018,-0.953372424091239,-0.5542854956060845,0.0725469646385109,-0.9185889779219388,-0.08123675665711433,-0.06496306943576463,0.45585939975414924,0.3464764625886898,-0.030961199405355383
1.4167791027670227,1.590209775377279,2.0540539888160585,1.3998366879219355,2.3563446474742022,0.8751390347101355,-0.7870967294146102,-0.5876235305234478,0.014521861729687207,-1.0329898383423848,0.041205185362469636,0.01878252219256362,0.36972557041092197,0.3535340244059729,0.054419828151288346
1.4031327420300912,1.5956514942355795,1.937715013062655,1.4633887626730477,2.3187471338472796,0.9075687335008906,-0.9517710965339874,-0.5435412322122632,0.006223900117363309,-0.9648204260339714,0.04599603082569033,0.06694424191197096,0.38176091881574054,-0.07173502058325623,-0.08638447563824692
1.4478383131436354,1.5789046656216261,1.9144664163072087,1.3831950191242017,2.3493071170622093,0.864594297461895,-0.9866425725809288,-0.5901957974315631,0.0029770411403390023,-1.0755096127811228,-0.03698503085198955,-0.004293258541126867,0.2830488457739443,-0.10294107104864786,-0.0900218456054344
1.4270260145253553,1.5454922579713501,1.9075857937792067,1.385204011558871,2.307827831734269,0.7519689947362417,-0.8919834106431948,-0.5401650006146497,-0.12647318491411855,-1.0749215052287673,-0.13996373878708643,0.16846166134049786,0.2427813794400864,-0.08253037345898509,-0.015690175424359562
1.4709832987116525,1.434870956463198,1.9010415982175486,1.424906367908012,2.2743089617960144,0.7892123188901565,-0.8428973954881234,-0.5062839527605922,-0.037353143722539846,-0.9651008910310823,-0.08606888559424063,0.11074725822639185,0.2575070220795318,-0.19011434260664664,0.015545204279799963
1.4428166737637806,1.58609055025057,1.960060622941105,1.464764106416611,2.3126742324701564,0.925309048169329,-0.9737903927405671,-0.5439095849694451,-0.11553916446008315,-0.9747300309741067,0.0019718414791923475,0.02395949776875317,0.23554556992304976,-0.049437208846524,0.06761815600387058
1.378302210618713,1.5832723160484232,2.1126987649162676,1.4901919877781842,2.356853204806379,0.855880480855279,-0.9948762114039572,-0.595927472259051,-0.10632500795206004,-1.0138774721562758,-0.12076548127001205,-0.04855069144040468,0.10558893346358503,0.14012272623428726,0.16240276741802628
1.526062045521442,1.4982607523400973,1.9994038909110066,1.446556862555967,2.2931102899265388,0.9146277201619257,-0.9798594010033518,-0.5261658885721384,-0.19392999000056835,-1.041281670821926,0.04594096317149293,-0.01418158253040857,0.17129051847845772,0.16554288273302947,0.10422301654286342
1.513575382541421,1.5730878654152922,1.9931897068649733,1.4181072396145367,2.4253013383149735,0.8701768138281694,-0.9659791569427838,-0.42003645571293996,-0.13314777447755144,-0.9262615404009628,0.03340975533762758,-0.008572953877052057,0.17222685827497633,0.19411178751306246,0.05721159843829665
1.4895997977188995,1.5779888485058193,1.950631473380073,1.3398578444261466,2.30948810245486,0.8696025989327989,-0.9835941583564677,-0.45055461085407944,-0.1326789614611803,-0.9279807431369727,-0.020450178671792926,-0.15209670730069788,0.10959773088519706,0.14258961840107642,0.08807453998282189
1.3948580324754645,1.5738929779152113,2.085108491960808,1.461953436920701,2.3570833334532306,0.901873158636722,-0.9401964851305193,-0.44162692352050664,-0.09934114007250694,-1.0300924853888722,0.012159298168335855,-0.31397461834431495,0.025722865508596482,0.07179901326974217,0.1593125913233115
1.4982484349756515,1.519623829127305,2.0747153820048787,1.397119441663854,2.3445381396848632,0.9046097540119601,-0.9663020318078865,-0.2998907215667811,-0.11614639269088958,-1.0289796481026892,-0.01980556385734981,-0.37996885045101575,-0.16491784698049913,-0.09526516342058995,0.22045238867732186
1.4982347373306282,1.5536452571777963,2.004956601973248,1.467273749482842,2.3623309826080523,0.9091915595591834,-0.9582857665160753,-0.41019387180065786,-0.2682442950213741,-1.0820986130941868,-0.015146435154448688,-0.28117506012398996,0.015748759395755457,-0.08192765620008595,0.16474213778254881
1.4844661880366719,1.5492910748808606,1.9337630422211518,1.4213854461050113,2.3117441380574193,0.8166514873301985,-0.9744229886860103,-0.394789779279405,-0.0511646244363092,-0.8836023158260032,-0.01823011415982843,-0.283040537048311,0.15074582712846907,0.10331805365923835,0.09157355190574289
1.564648095166528,1.6714913154930386,2.003280325001606,1.4991253376526095,2.2599111481718412,0.930946723793274,-0.9644343059052547,-0.4207732395573907,-0.09088436195315595,-0.9480950517832158,-0.09425487748502073,-0.3363543076295573,0.2316055994852932,0.20210153665400496,-0.05199220311249706
1.4716082941851376,1.5829616002775138,1.9715798020784545,1.4513440272062883,2.390211356697976,0.8263148558365536,-0.9908806087425254,-0.34488844528207,-0.22390969255263127,-0.9315790150783463,0.19851607082724904,-0.3536125342413111,0.13211095882881219,0.09149785057490023,-0.22907823745702818
1.4876544429043057,1.5765252499598033,1.9297415413386085,1.5084268709366075,2.4779486389115686,0.9397763552091317,-1.0361006630706586,-0.29328138851452845,-0.21043685881247368,-1.0751084381898408,0.19676135988039972,-0.35239660001611983,0.17284080613174094,-0.04375135812825495,-0.1743353550197462
1.5236876516379068,1.4790220696036758,2.003539586596449,1.397335278034327,2.3429442604126782,0.8960672544364205,-1.0015199773322352,-0.24230146297457203,-0.2755104712516675,-0.9548912370296908,0.08534837598888678,-0.33694060312758506,0.12055491930481553,-0.11520314968775935,0.012332046497081722
1.4387723098215566,1.561013742575014,1.9329900503072,1.5083023417815093,2.394358873118877,1.0073528318047016,-1.0165208706330042,-0.32334435674976575,-0.11716378902542174,-0.9995591943862804,0.20072317888938945,-0.29805487731872354,-0.04559141619549052,-0.060751690439115505,0.1997222513046279
1.4242024998511522,1.635338911694223,2.091231516721016,1.5499010007986704,2.386330389357868,1.0095287548048681,-0.9232510383768908,-0.2703647881124877,-0.33682010519099415,-0.9698709944470413,0.07749926348942127,-0.3788666508397558,-0.048097400377221336,-0.11053765905584317,-0.0871502876681565
1.4463820100210967,1.5825036001120385,2.0258767303611958,1.5386977990033013,2.302344324129392,0.8688512318074619,-1.0035032043001415,-0.35438206266377964,-0.3324930794815048,-0.9698455952796287,-0.028658697523527094,-0.38889365616366944,-0.09977850965739217,-0.1078045214893367,-0.17138509823141018
1.3918369197333273,1.621541377611778,1.9622405244671899,1.4645410173305304,2.4004364528367357,0.904239104014864,-1.0022490038852627,-0.3184192131339061,-0.34172426146030954,-0.9432499635699565,-0.046567576552756396,-0.2534634568123,-0.0706047853940613,-0.06868483371015427,-0.3381271229692514
1.4666110482279209,1.6098023745001955,1.913171442788665,1.471033849896282,2.327734718921706,0.9053018320363128,-0.9755243779622892,-0.2857569079198561,-0.27732597522977215,-1.018846371434726,-0.053418101596156314,-0.24136360930258,-0.1965345835137276,-0.057071463887361985,-0.0906203432849148
1.441893506106935,1.5231685375588964,2.019163273164886,1.425006918723055,2.4485952283090078,1.0519309468066158,-1.0318611761575867,-0.21784673420267386,-0.25763144583308584,-0.8910196610682614,-0.05245531108740267,-0.08346249704606418,-0.13892708243211707,-0.12258253780805625,0.03006505080418006
1.4599214580570519,1.5848629463818196,2.0209865559082343,1.4194526629496291,2.4416311661701453,0.8786040945838638,-0.9930951137552643,-0.16550232779343543,-0.2478399392084172,-0.8863152541387106,-0.09856119769056523,-0.11218070550686453,-0.18805784279123244,-0.1002161126983862,0.007424141054666858
1.5524488504623246,1.6256669354638076,2.081853889285009,1.489090268183063,2.4281064267030836,0.9982285683584733,-0.9749415149969888,-0.22492315562143797,-0.4018503584160258,-0.9518028072805873,-0.03334357307996737,-0.05295761185516101,-0.24390099173510585,-0.08888166042441561,0.13170103810178171
1.495163499495263,1.541581540874856,2.049711460612976,1.4623922874062374,2.4200326858253365,1.0191639922509477,-1.0537804975993685,-0.19901014191583158,-0.3619570035087964,-0.9332919037380728,0.059991203946124574,-0.07853599132560696,-0.17960229892965007,-0.14293271504186572,0.13973658096498753
1.5299922677896267,1.543375324865835,2.0106666326588116,1.4709530393377632,2.4110422080386664,0.9074221571497695,-1.029937258095896,-0.15709724788443472,-0.33565471415144066,-0.9051200120416453,0.005111456002399435,-0.14216290814786567,-0.17932285394508876,-0.13511646673600525,0.27928098274305174
1.518468030537162,1.553126789479217,2.013766577435192,1.4974218834577318,2.3896053768731726,0.9778246927856228,-1.0396697365286054,-0.1342894967554743,-0.45449794266488064,-0.8843907912160354,0.09665051454350425,-0.23016469185110522,-0.04599851535760727,-0.20331326485180007,0.11467047433650521
1.5451820432531629,1.56507993771629,2.0811079225405407,1.4679506569102976,2.4287271900713843,0.9453576217311782,-0.9697186250795119,-0.09417882527369027,-0.42104332593829935,-0.9710235852488563,0.01797715706771378,-0.08679961293262467,-0.03290477895630277,-0.28159294992328554,0.061359429973681774
1.5531846926640118,1.6273409309498017,1.9677802006228529,1.3862445011787359,2.3980238072185127,0.9188773231336651,-0.8727196026306593,-0.08796830969959617,-0.41778411882857097,-0.8554530460183968,-0.03634539187568904,-0.15207527757983602,0.1891377863373259,-0.21752326150449425,-0.057473439308288396
1.3791731417398965,1.7005177544689842,2.0107060076061045,1.4698574682195873,2.3036805158851377,1.060015122558322,-0.9981517856548259,-0.07503264141861166,-0.515435339074793,-0.9327168607833712,0.015253923795246822,-0.26427465063202177,0.16434104457674534,-0.04810304623195091,0.03541472520353225
1.5352570930549059,1.6262510069019394,1.9935350945176902,1.4417465106019571,2.487587495268784,1.0393147089526218,-0.9279519058455791,-0.09835069622420416,-0.4723499816290076,-0.8187015453759392,-0.015266794308515378,-0.260584988156933,0.06066029038227459,-0.15118390178924437,-0.10500979169333335
1.567696814051992,1.598292042184253,1.9664469622645582,1.5115301095325366,2.2907689268921807,1.0673470792279756,-0.9208860334265411,-0.028928857364386915,-0.4397372938005748,-0.9788930820999608,0.013402492734808025,-0.2844798468171273,0.06161228464973027,-0.12683875128707522,0.040509939947866516
1.5670321537828225,1.5851729338916982,2.0319265717199775,1.5138789169365205,2.453501097905129,1.0717792726778181,-0.9635301369682407,-0.001916852865501091,-0.500128988955828,-0.8538117373494412,-0.016379536831027275,-0.3886269744266643,0.10468271115862404,-0.027109558873397097,-0.04301409316097693
1.4937719894039099,1.6762990000543918,2.0995965316861183,1.4656399046539177,2.3932690170623294,0.9727481811283537,-0.9612396360675272,-0.002765588070205627,-0.4198177584577024,-0.7846810235126039,0.011319573150880436,-0.33783077832922975,0.03008325686996849,0.05744520208367476,-0.01998715848686094
1.5190283271975806,1.6269577312753765,2.0442911094129275,1.4816111278574808,2.537879372585689,0.9536865952414072,-0.9763145460867302,-0.037373322070027616,-0.6152694261408032,-0.8508688440138117,0.03216709577384373,-0.5017484760173752,-0.0837754357434098,0.16138100196461605,0.1770680237649705
1.484293404648368,1.6541605992101933,2.0144856647452922,1.4848137434177067,2.4200666425843345,0.9552717020540831,-0.8896533240270549,0.025553033767385963,-0.5925401381617645,-0.8621756267019346,0.09377241427668871,-0.34022180631510085,-0.1262572478036879,0.10055263591741645,0.23894943862261958
1.506331551808994,1.6268283531759264,2.092262315379321,1.507625476950277,2.38392493540552,0.9256988987126119,-1.0607994143745445,0.0671007503248428,-0.407352341669899,-0.7975838603959954,0.17730492629896943,-0.4124292486830867,-0.24737739598929642,0.12344895295461146,0.15629891936967227
1.5014368650844092,1.6328082834413875,2.0990913412815155,1.5968513256652164,2.5038224230791783,1.0041043727185501,-1.0046964084906422,0.0635706841303218,-0.5438645435407932,-0.8165414496705531,0.27016249864054165,-0.18976362229528398,-0.30064662690849014,0.15562148403443388,0.10096307130280475
1.5173371899678751,1.6026700510205591,1.9333558596685858,1.5048895414748489,2.5279447542548676,1.0072991001053586,-1.039906599687919,0.11214105828026198,-0.6472098263698411,-0.7302616785837468,0.1470042294414804,-0.10972703497087008,-0.22523875379013036,0.04873162428277847,0.19693592684128658
1.5379974448462237,1.612006417054931,2.0779176961187504,1.5575471630721107,2.443695814983291,0.9348219098891234,-0.9482099004446374,0.07588515776787655,-0.5739439373240729,-0.767786161594238,0.09627432956377348,-0.06868740861313677,-0.1115710776787157,0.050422820800757995,0.07157845699429763
1.6054230738524378,1.598367128151707,2.0731465885265763,1.5536192925209191,2.4685793458744034,1.0011681579006046,-0.8674029586375295,0.13420711421403478,-0.6551208674293623,-0.7062089355644104,-0.1721328141368778,-0.18338953508439992,-0.047479603656700196,0.05049889438068551,0.03125673515802288
1.524652258395525,1.5913468294514987,2.0988341316074295,1.5285160024916649,2.4637179732850627,0.9797684714147004,-0.9882797345766725,0.1391001881950749,-0.6381179627685762,-0.7927136094492504,0.025475842909206625,-0.18526266496901686,-0.06559758266137707,-0.14927208161643182,-0.09445056143062425
1.464130740308581,1.602564996684122,2.10671649587668,1.6281204257571602,2.503157542192346,0.9808598654063084,-0.969752168154959,0.19996607337278108,-0.6677516870512914,-0.7471497986290228,-0.017886683085292652,-0.1376519004530035,-0.026715089554436335,-0.11971559362437248,-0.06264854782692504
1.4741670576630341,1.581778137631473,2.0903216052793434,1.5458491425090624,2.3549485641123367,0.9742649555659787,-0.9114456673756146,0.27964680743361486,-0.5835727682284689,-0.7056505984211464,-0.18900811213412883,-0.012056587443701874,-0.12118061191899379,-0.06525441897698245,-0.11293882997071648
1.5789375115679074,1.6508655208987744,1.911040103493402,1.528339691435308,2.4276582572141687,0.9654618241374129,-0.9363963642862547,0.24521628513035632,-0.6757601465594656,-0.8227305852569056,-0.16845133425873413,0.07486404958853485,-0.030979193580864206,0.06421920933962673,-0.0370308255885132
1.600062323688319,1.677028554905697,2.0417364203624464,1.6007786054801763,2.472331735999621,0.9027859384520576,-0.9159661760479145,0.17888805385941264,-0.6144094452453824,-0.786921723350749,-0.1522812284927315,-0.0727707730674111,-0.10714287994561784,0.029396942508259208,0.046947330275710505
1.4798147323639463,1.577757509837419,2.0474277344730054,1.5302325708986926,2.4850253292566853,0.9943097187472602,-0.8822162425831194,0.14268468177023375,-0.6530392210042781,-0.6934957372389142,0.056932788290498484,-0.09836398902284602,-0.09584559105784929,-0.062110722666262635,0.12501573046421724
1.5563657209204016,1.6790182735023198,2.0895324382452585,1.528418614502071,2.560952101430216,1.107440999660141,-0.9057369510868808,0.18374421665412383,-0.7369615687568738,-0.7037917111737396,0.05966185430206292,-0.01478601830751293,-0.12868084436284521,-0.16432089277890827,0.1956652635893667
1.6447222359442293,1.6698109040030378,2.079361236899235,1.4841179345066922,2.544267521522358,0.9815144380244459,-0.9490990059908838,0.3331837700598356,-0.7026331409498275,-0.6788290003958666,-0.0013029134451945715,-0.05601696668188561,-0.23611117832960843,-0.07989845933629611,0.16839505609331681
1.4821250484409236,1.6413086820323584,2.0421638225271916,1.5657129519527992,2.4461624975218923,0.9134371653907496,-0.9540720113743527,0.2416551768204923,-0.6242967237578558,-0.6563642576172561,-0.09742837306170599,-0.19036303586552333,-0.26865366152969683,-0.20452597463943986,0.17240141568799733
1.4810343367531653,1.6852335121843214,2.098013126083755,1.5275075625327195,2.5129559217346094,0.9573769232371965,-1.0226294757070162,0.16823181292428807,-0.710642848157673,-0.7032332831935773,0.033019411713019635,-0.15502919283525068,-0.3348916002445543,-0.15423646527795357,-0.159453311078039
1.51467264914557,1.5628246865851931,2.104704131366594,1.5214410695413827,2.4849591470938024,1.0337171333990276,-0.9169970199820447,0.2161297941293096,-0.7434778871164199,-0.7052081620386825,-0.09109427438,-0.08852629962454506,-0.28351482288268864,-0.19674453482201618,-0.04784147945736255
1.597437979490862,1.6339227503385318,2.069732490966543,1.5335614420598138,2.49703845824102,0.9397313305010009,-0.830731595222177,0.2660299486129789,-0.8094579119544084,-0.6400679251226487,-0.052727723494330275,-0.1000083092200006,-0.2783552537196476,-0.12044614856697267,-0.15161106886940676
1.5423851613242638,1.6508302158789194,2.050247161606945,1.5635362544857832,2.508970522578493,1.0225608187065678,-0.8427668344368577,0.31146709605234435,-0.6739160762825975,-0.594754156424083,-0.28238839925608256,-0.03139909818993694,-0.30011263523056964,0.10422529344375694,-0.156493197113019
1.5898752531796474,1.6276836800497556,2.1701833347096384,1.5454324828856956,2.530599112108555,0.9918184951052501,-0.8512382823943223,0.38036139764806576,-0.8462323334584616,-0.5812347550461419,-0.215735252865491,0.05216369298399028,-0.15365869714117944,0.11225877711220089,-0.24043442360915246
1.5438521864208876,1.6557363239435674,2.091946778893722,1.6006613829991783,2.516648370751503,1.0361939590139866,-0.9386668931879115,0.35369956107309475,-0.7690725684988188,-0.5578269574944958,-0.05402153903377355,0.017728366501629532,-0.2162436190438341,0.011397214687203297,-0.14834373843458462
1.596974142815178,1.7027440797394184,2.0151950642032026,1.492580583169695,2.581090737832948,1.0079289929715254,-0.8891661532646765,0.3685710755953922,-0.7997988329417568,-0.5626359421469064,0.1794548690505947,-0.020584684962674255,-0.33083129207857487,0.10260197898758755,-0.0814705592003785
1.639797417468182,1.6289251889150989,2.055340629827939,1.5080475064512535,2.473841075197414,1.003792873075334,-0.798060765602266,0.3919622025892153,-0.8408387549908625,-0.6413784070340998,0.35821804003015406,-0.02510511700736736,-0.21974893436274046,0.0911267870185955,-0.23260478816765556
1.5926994565816581,1.679011036032677,2.0555863896731736,1.5515329452194366,2.535464301564704,0.987841321529562,-0.8078197386908363,0.30668435669549254,-0.8311494819625493,-0.5524013985221401,0.3783168223105958,0.05471000769709515,-0.06842952591788695,0.07817721067481456,-0.17316897623423227
1.621680071253415,1.6677782996610173,2.189797929045943,1.5824736495311875,2.5372034007350064,0.9806562077692782,-0.9065116167745535,0.4238585800344593,-0.8062338867147064,-0.5010064754521907,0.2614263892936953,0.05582647134766514,-0.06999633123785551,0.10377251039802643,-0.15489975416534288
1.6102294455510073,1.631953870525872,2.112519994513839,1.5549556353763505,2.5828686943059935,0.9766792803619473,-0.7997899513131018,0.4644064782795234,-0.8305731090047456,-0.49970628804654194,-0.1678962564970915,-0.04716851002437336,-0.0618420483290429,0.06566442558026206,-0.09782058868877579
1.6003570558736906,1.6466508606911923,2.2105238892059034,1.6606774851454216,2.539344429006881,0.9519630999709983,-0.7954174484131584,0.5253548505448513,-0.8118702880153716,-0.5014348770455607,-0.09694707222470254,-0.04363829862485253,-0.03604373261715607,-0.013679535660206119,-0.1209998423474416
1.560603255149324,1.6174091546001743,2.1212300155829817,1.5769452689831898,2.638607810153614,0.9656438143329439,-0.7815598997178175,0.4897350963897531,-0.8584096209793145,-0.5690685700420323,-0.013101261588293674,-0.061669639169983276,-0.1464502200303934,0.174925110691507,0.06945091678894989
1.5498331057931816,1.7230124793764081,2.033377916196854,1.6070425398134223,2.565529837853959,0.9918671841403828,-0.7528471356148707,0.5140211408840897,-0.8720298419644178,-0.5123612398037724,0.0003356077411672126,-0.08950563052791077,-0.11112705650871241,-0.0054763554147024135,-0.09271938345690334
1.5951740647500936,1.6461458960454018,2.1008259562246345,1.6021443317880693,2.6237521472933767,1.077229900367318,-0.8242572477080945,0.4726814462579071,-0.7585694117819891,-0.5233653496846312,0.11985608708225491,-0.20586037557690648,-0.2290765766500032,-0.16736506315035982,0.03726993984361039
1.60504242549041,1.6762606955569632,2.118108476944646,1.6475892873549207,2.5233078225152163,1.0644756191058233,-0.8097508157765245,0.5498412388689683,-0.8197506322374745,-0.4836600627430549,0.06154612813781364,-0.33524482580470166,-0.2084060327399844,0.07101111917656146,-0.14837785123164535
1.656657764953164,1.6766674360440583,2.166648443230631,1.5414338949017266,2.529086590478623,0.9537597169440272,-0.8268158305881227,0.5458208786801458,-0.8652962137289658,-0.3892214152894444,-0.12598615648273626,-0.42127284971678947,-0.2564755927470193,0.27202212842152323,-0.14890140774296975
1.6108831070479028,1.5914426136743118,2.0795977130868546,1.5389644996709348,2.551895258546541,1.0195667892208504,-0.7957089867758392,0.43212452099400694,-0.9185807256907281,-0.43855001841865554,-0.01456581668431086,-0.14211068517493847,-0.2745540347499372,0.22099604391601896,-0.16401118692237643
1.6226740733643572,1.6421421273928134,2.176796695370365,1.558512976254076,2.548402505145309,1.024425324783636,-0.6706078381171992,0.5540505967077145,-0.8047424685289207,-0.4331246849842294,-0.048217830915450996,-0.16119935524029322,-0.262082385085719,0.20808885177898143,-0.12470797891512118
1.6644913065360512,1.5933052092714692,2.0861346041060727,1.5810927819249965,2.558882154942681,1.0639108198382752,-0.7150646983775814,0.604228069324475,-0.948310465790928,-0.42072155104844927,-0.011863162228282226,-0.16536581372989143,-0.06421820866899672,0.34724328678469096,-0.1878809516434432
1.5770128561915788,1.705150253905702,2.1600394450277567,1.69145863977534,2.4759790496873157,0.9870516453382222,-0.8043930353981177,0.5637300007318184,-0.9167545755931785,-0.36604410713845703,-0.0550949255422345,-0.16157167845919287,-0.03307307888071889,0.18142720266923057,0.032313950379001755
1.6888891465050877,1.782623807287625,2.0235406072376283,1.5971337155674483,2.5781280613558084,0.9812830143322194,-0.7741013440713781,0.6020862028456572,-0.8757997354973993,-0.3325987114045182,-0.24080032460458528,-0.2019554297771708,-0.15733399902245618,0.1219859053987116,0.11948188782869326
1.617821910283327,1.687329916013724,2.1322910841852694,1.5792558356160944,2.6292206018186635,1.041828563465871,-0.7145575861429889,0.6671962000893825,-0.8094281644017111,-0.38288557658413425,-0.22301753493898888,-0.03305888012922659,-0.08766085102199717,0.170276703661972,0.0862562643310094
1.5703617638881637,1.7278164882890723,2.078137026275023,1.6190837703759522,2.5304825594032745,1.0590642128408205,-0.7061867313812387,0.621301275778163,-0.9786435954553321,-0.40009934893663246,-0.12608510552200514,0.14167033964178416,-0.04890423529160817,0.2583581840454698,0.017465161675752836
1.6455724558357903,1.7507122222890859,2.1077189003149743,1.6958058078177085,2.6331924107891402,0.9661110748975117,-0.6791810082791576,0.6924279539052545,-0.908889541805464,-0.3710628941973741,-0.008150189265821395,0.12775612373367903,-0.04632766136006148,0.1585816849828196,0.018720378808952144
1.6551924223000023,1.6814136276657885,2.1014942950623694,1.7067738901626015,2.608393508254566,1.0064813126056764,-0.6863667070130678,0.6632833813024666,-0.9327294169785939,-0.3005942139443066,0.09984194549279315,0.06420469553770487,0.14430303478318765,0.3651976674031465,0.08282727852282315
1.6203771277100196,1.7391616870588695,2.180159689723157,1.67111066273359,2.5456943386394832,0.9164128886409001,-0.5954512810892283,0.6435320855216092,-0.9239705931253098,-0.3396044474884571,-0.026725565247579436,0.14055210867021353,0.031095390131335804,0.21290519974072522,0.08468427658653427
1.6114390294871686,1.6771684554518234,2.211448020403346,1.6190242547095248,2.5819512853466304,0.9917466106081148,-0.7267687224166142,0.7262969015433843,-0.9822263876276329,-0.32782884619981756,-0.03152099355544691,-0.05440239899966996,-0.08790116958871233,0.2196294953273565,0.080543725207338
1.6148553764559939,1.688278470893328,2.1793704648203147,1.6407909069440216,2.688759065710545,1.0519079711259518,-0.6319827880290779,0.7845640733665383,-0.880554469461249,-0.19796185149266793,0.01238538953351474,0.09699742234629896,-0.07417890351412097,0.14032775145798357,0.09347825510668765
1.6631710132240152,1.669830710271087,2.149853912861294,1.5732085310786033,2.6108633932523753,0.9794606292271609,-0.7226598479483689,0.6638555395701212,-0.9338856469652346,-0.2365481342378509,-0.1760198787636688,0.0399756494600935,-0.12738660562562568,0.4097957658230073,0.21088604778910122
1.68865968756428,1.7269564260118029,2.111014677123874,1.6244529407359998,2.551672769841205,0.945870627352643,-0.6033279534474018,0.6534943971633471,-0.9824682460605073,-0.2623116761517892,-0.14407842012463667,0.015323494036411731,-0.2472465305191675,0.4165320213472313,-0.0015085073519230385
1.6352879887029035,1.642146028983592,2.134751134908697,1.647801163426168,2.5765757130853726,1.018000233003343,-0.6525917308634704,0.7638778627361363,-0.9139903742175248,-0.3030519427646733,-0.06764236501875157,0.13299051994384412,-0.3572898713233466,0.172253291265703,0.04000514568839444
1.679091869408921,1.5955345159562508,2.111573565434842,1.6016429829997845,2.661434367058556,1.0343491009321553,-0.573656980460037,0.8518672876163909,-0.9765607666016295,-0.1685548073967214,0.06957529596479287,0.060725693638207345,-0.1919535215660843,0.18372982297335289,-0.06819587939690597
1.6061666634045049,1.690994823816324,2.134509051120201,1.684846714453819,2.62476432683593,0.9634260918744587,-0.6004353004558579,0.735251153431854,-0.9807630330422398,-0.22149495858041496,0.14354773190085293,0.18841255408404817,-0.029140337843331282,0.1294097052170278,-0.18531376766248447
1.6857576680021784,1.6155584829965453,2.205740878409358,1.5579438519790283,2.6307289595718713,1.01985676378802,-0.5763166625447649,0.7647264911401005,-1.072857323006517,-0.1367844590405084,0.31371795373476563,0.22433722575424903,0.027338909166636262,0.16912837789299176,-0.04269265515678898
1.751745702811318,1.6835067078746415,2.2088323914560575,1.6910550711971288,2.7339424093607487,0.9255382951425803,-0.5130576246223094,0.7821112107663647,-1.001785418205524,-0.1578191489394168,0.14938964904608704,0.1515705106419578,0.08270767891025135,0.0911541841480131,0.008860399098656942
1.607984261828131,1.7549517289316368,2.1829493782151315,1.6806576498812031,2.642567238979287,0.9104147874415592,-0.5432946577425621,0.8303771687828783,-1.0100463747297495,-0.15532781547495833,0.17985675910498528,0.12784477602389258,0.04866744450627353,-0.07828574627298945,-0.14880188763472046
1.7591388323206807,1.7701808135891184,2.1772809566587212,1.5870755327362664,2.560978241308489,1.058784284300298,-0.5089506845475398,0.8072180940707968,-0.9886517785660963,-0.12666607077656503,-0.015549125748221704,0.1282411359969863,-0.1093549906063175,0.03317892104839406,0.029484080645004657
1.6834855715600543,1.6668709421956145,2.2639405946276194,1.6915477525709912,2.593564924977402,1.0229258961390946,-0.4748142052721833,0.7810614587817328,-0.9838843644052575,-0.18648704877485564,-0.12972766394124996,0.04443735415428417,-0.07336216564022481,0.07170674981586767,-0.004848215869767053
1.6480215420793272,1.701477047154774,2.041963778835784,1.7353190445584656,2.5862420548310014,1.0015520393433204,-0.386032712350889,0.8049679661106531,-0.9898210610911166,-0.14874960865134573,-0.026680744339965104,-0.017725806387778008,0.047575545205247205,-0.07469984600823622,0.04110663977634119
1.710868322841564,1.698942299813984,2.1733649151919563,1.651116221415192,2.6688218469722353,1.0199848688614161,-0.4843788294678045,0.8392719890516376,-1.0751256144460337,-0.23334152504930544,0.017570677165633763,-0.11672110060821647,0.02310850594837663,-0.100460064073186,0.07024553171633866
1.683567729915674,1.7420920945682554,2.210214930758574,1.6260413331355776,2.696404533900599,0.9191537460767928,-0.38163469764232827,0.8438931155446572,-0.9850793332763281,-0.08781558008023518,0.022905061625910897,-0.24668354081622018,0.10992216420647524,0.01610682865950995,0.04655064174186134
1.7182321242189367,1.7146701525087096,2.1834213657823587,1.6575397960294607,2.683981094567877,0.9255687528507486,-0.4652534501251562,0.8698242830218075,-0.9677075766147312,0.04952951996035431,-0.03998691048543302,-0.14390450394834614,0.10033575168241722,-0.07800051174374027,0.20403299844485853
1.7521478581835197,1.6528557887454438,2.187795692446867,1.565072387654416,2.5987571302237766,1.0121759945182744,-0.47434251346232414,0.8275692154699456,-0.9435461723747809,-0.029648470088268868,0.05123476628051295,-0.14593032214667995,0.16614669600926685,0.07204294140214798,-0.020613588949885492
1.6487696585035136,1.74807826699673,2.200885146762788,1.7169337064276782,2.527084156095485,1.0847877571148132,-0.3867623707830059,0.7641409432620555,-1.0008648626173915,0.05729563816262832,-0.021325437710545042,-0.18485470304074247,0.2851169834585727,0.15729996379401065,0.0075472342188569845
1.655372213669862,1.8016980316459725,2.174870352625815,1.5701035117297035,2.6298966802984087,0.9491359015748231,-0.4437273099317648,0.8390506605718939,-0.8792881847483982,-0.0657125307134382,-0.1469072541016228,-0.16743635870385815,0.5074399274913743,0.25243380916448915,-0.0610100529879936
1.670902169880576,1.7218081744460387,2.1473963484466285,1.63740762645633,2.6000494486763692,0.9132396770524515,-0.381623137188683,0.8691146721347168,-1.1023447126272563,0.01613564144322034,-0.21563183878001932,-0.2172132126677329,0.2748633181146907,0.19645828279081878,-0.07490687506285389
1.6928850047697888,1.6746301051250172,2.135787727327516,1.730451320248072,2.655258742849107,0.9801932833986935,-0.4017106118579665,0.9337857667748403,-0.9361236030821898,0.11438716134757437,-0.04788224420753337,-0.13912329815222793,0.23034005404160188,0.023135348904853248,-0.13546598766841061
1.5605864396756006,1.6670322783590494,2.1074967197387133,1.7308311751271104,2.6924016976998932,0.9849059104738253,-0.3323783165487815,0.9227796700271963,-1.0810510032236302,0.07922935012983533,-0.02036076868926176,0.034161770984143525,0.12162936038256755,0.09269611241504712,-0.2539277906006004
1.6410898279920076,1.7264459097708322,2.1902111630759618,1.7673450020632313,2.602317685461265,0.9890034684885434,-0.3776600411553762,0.9175224232033465,-0.9832183103393517,0.05826105042789971,0.019213801289322627,-0.007313629579402722,0.09513264033651567,0.13965160522193404,-0.21284174795829622
1.681557340197678,1.7574699700177745,2.178052512532559,1.683051945539596,2.709008369927067,0.9998991635002132,-0.2574840226451071,0.8697789965002065,-1.0146038787551774,0.16783364170881004,-0.048265423123466655,-0.09536786488655973,0.08550485872253624,-0.02310207481964753,0.18200495118616694
1.6417622248538943,1.803394290887112,2.2483638111259836,1.6320159115555994,2.618306119740001,0.9331944554317421,-0.2951546586317886,0.9389418521363404,-0.9595655343212786,0.07885278722323259,0.07534618261830772,-0.16880786656363544,0.09622471688879959,-0.0011926965523597934,0.16075750513826512
1.718695473181003,1.7392219699610412,2.165007396071201,1.7316144146423003,2.725423901411741,0.9069791392469205,-0.2909366649149029,0.9093513549648439,-0.9038579280620107,0.15459310171177174,0.019527893177484094,-0.2468055548657776,-0.07695434650727172,0.08330367055941693,0.10389423868445721
1.7889347846373433,1.7187356949612025,2.1589395800297204,1.6691597047450897,2.6770014746655915,0.9479054241024258,-0.33776559373050474,0.9770010689654031,-1.01717771811717,0.12378314841741546,-0.025055261693214363,-0.3105318110051178,0.1193995847271843,0.1354658248484587,0.11406135054335023
1.71923202513957,1.7154740249689382,2.1768765343984433,1.7008874848035085,2.6949643300315276,0.9209028143318447,-0.24819013803856835,0.9894752273900234,-1.0238003090785814,0.20610634811655204,0.00956153589940524,-0.23849597872994627,0.07632028326983642,0.10640735889756525,0.10539570180936103
1.674430535535203,1.7033684174772212,2.202157322027123,1.5997759751281286,2.657737125641224,0.9098661971220993,-0.2767805865375809,1.0110050890154354,-1.0000648454882404,0.11126470721388658,0.04696447085120441,-0.2511738217484584,0.171365643424787,0.026753979289413483,0.13162472105507977
1.6990690731641993,1.7410107935573478,2.226557640856631,1.6590973300463177,2.7027339369517387,0.946776432304623,-0.1668686589784412,0.9587747864097728,-1.0781396765341622,0.25050455034115127,-0.033434209078096896,-0.14423463311537948,0.1705231976866448,-0.08363356579589201,0.04353469538610115
1.7559084559910063,1.763184604372244,2.1860758360793646,1.733321872732543,2.6267694832931032,0.9000634845630787,-0.2565387823935974,1.0412457073950072,-1.055511004431198,0.20870075753309505,0.12156745391888124,-0.029387142792637877,-0.02268385557335101,0.03431056651302883,0.3049974789928476
1.6641315926994762,1.7718666601142985,2.220309027912492,1.7348082060760777,2.745156755141888,0.8433185774819776,-0.21885834674607638,0.9398090963497694,-1.0180505223267426,0.3478256472396475,0.039906285587988664,0.0009641996999136225,-0.20678718116305161,0.055062905906610504,0.02327917672147986
1.7298229503412494,1.745068454182632,2.208958330799977,1.7030600483235447,2.725889286327973,0.965118658233856,-0.2831113825668644,1.0276478885198832,-1.0418671999976992,0.17970476718908981,-0.03221258313420264,-0.01358098502877939,-0.11729626747112977,0.045192722978664376,-0.04294741046684247
1.6526474102227737,1.6918355453670588,2.0927406475534465,1.6857407949590613,2.6816581894489473,0.947140877092277,-0.1282168890229674,1.0088704529429888,-1.0111217906922936,0.12297328621908224,-0.025986228810196438,-0.07533212032367027,-0.08379187591784605,0.06429444755897622,-0.0663077446470314
1.655021675641142,1.8730206207061508,2.2292037972259515,1.6934399847455928,2.8039782133834454,0.9475959614082428,-0.1532434914618776,0.8773172829727753,-0.994587854863347,0.23210028731618051,-0.15801411693988124,0.06197359265729673,0.006267689273425248,-0.0594180542196921,0.08605476338879127
1.7421512545564748,1.7327204378985102,2.217078272360393,1.72959970675619,2.7195057972914767,0.9332634326438182,-0.08330424586039378,1.0105286305521495,-0.9304109987571446,0.27432056446249853,-0.26849921473241756,0.04157819611922794,-0.1111344573582753,-0.0751438096085928,0.008681072064684485
1.6351467209851855,1.723426080761409,2.228216485085352,1.6194077545905396,2.7391593203401743,0.963228083383366,-0.0905620386637767,0.9667826511381594,-0.9436508814149862,0.32422929317328175,-0.22988499690924719,-0.15087576644769235,0.1033283905969945,0.06919085971467054,-0.06261765425805282
1.7604845317916762,1.8068430301801937,2.2109728986764194,1.7903997094764565,2.7721487505289777,0.914089596377522,-0.15041081313031768,1.0953953077864291,-0.9532527785652452,0.3227762408335576,-0.13555161997912588,-0.3237614602773997,0.07671216259368184,-0.029418209579153046,0.11009818465690006
1.699805967454307,1.8049792583896547,2.1922294667885964,1.7014046405172267,2.6614163644244115,0.8714972874872836,-0.10211179474082406,0.9696434604002735,-1.0493136012692008,0.2929904609618039,-0.03438077306873691,-0.35396530284238653,0.07630313862350396,-0.0201780411303379,0.2960441828211969
1.7985443571089141,1.8795831793475237,2.2507309243219433,1.5912009079936722,2.6459292633065825,0.8344088463859127,-0.07920534227475907,1.0204016968709466,-1.0028993877037837,0.33408566941270473,-0.04532382975409517,-0.5519301548010359,0.08489171477482657,-0.13712887044872324,0.15693126010345085
1.632499939124477,1.7301230269675547,2.2061464309620176,1.7801709763068898,2.7976535339107067,0.9290268640335226,-0.06058080125905161,0.8776719953201252,-0.824676716578933,0.40523294285127365,-0.1307934155097392,-0.47287957559278815,0.013129785701278207,0.004789012735326614,0.03580355058571519
1.73152483051629,1.7414598072232481,2.2995099099196357,1.7623954539352353,2.646594162951053,0.9225089703773236,-0.05044592405233422,1.041157538378713,-0.972639998692484,0.38387228490029407,-0.01174049781864396,-0.39022942501280106,-0.024592998868072175,-0.13682908092396523,0.1098371783537358
1.7439377108064682,1.7966616863764389,2.2337848945962495,1.7583917733353154,2.6869822912774066,0.8167412764789881,0.01642046528077942,1.0950086448101648,-1.0033861053175763,0.3429883345153931,-0.1270243593605923,-0.45288449185930774,-0.07992932835923436,-0.11153882008693278,0.10807366800814264
1.708910534017193,1.736539648825059,2.2130563240975696,1.8195520872074589,2.758371374285746,0.8371555010477356,0.07037834280611845,1.0449604055498882,-0.9597056738055854,0.46408252490414753,-0.16825690542553934,-0.5066966807333378,-0.10693691710379519,-0.061965972041981086,0.19163605465332784
1.7504571759757435,1.8138372724220333,2.149155255665203,1.7110396989872536,2.7602921975831305,0.8608841726311895,0.010976407202617377,1.1030464911199027,-0.8843105161909959,0.3903101034310375,0.01709218985021048,-0.512456958022562,-0.1081457399539968,-0.14830543001612037,0.2451489590538404
1.7288695944360224,1.8364041756950849,2.2831022597788806,1.79856519183151,2.740809151507166,0.8349488216713526,0.08674202455473688,1.0477098481191867,-0.954593739887419,0.4190625507946624,-0.15400257833841718,-0.3663076434700976,-0.1597744429043771,-0.06763809481385674,0.18127859780284664
